ID,Date,Primary Type,Description,Location Description,Arrest,District,Latitude,Longitude
FIR-INDIA-2025-00000,2025-07-26 03:32:00,THEFT,THEFT incident reported in Hyderabad Metro,Hyderabad Metro,False,Hyderabad Metro,17.379344305769635,78.4834378348575
FIR-INDIA-2023-00001,2023-08-02 07:13:00,THEFT,THEFT incident reported in Kolkata City,Kolkata City,True,Kolkata City,22.56919839188681,88.3797046419705
FIR-INDIA-2025-00002,2025-11-24 22:04:00,ASSAULT,ASSAULT incident reported in Mumbai Metro,Mumbai Metro,False,Mumbai Metro,19.056236033441667,72.87547504093249
FIR-INDIA-2025-00003,2025-06-09 19:55:00,THEFT,THEFT incident reported in Hyderabad Metro,Hyderabad Metro,False,Hyderabad Metro,17.39945015982454,78.49460367578963
FIR-INDIA-2024-00004,2024-05-30 15:48:00,THEFT,THEFT incident reported in Hyderabad Metro,Hyderabad Metro,True,Hyderabad Metro,17.361984143970624,78.49734854511335
FIR-INDIA-2026-00005,2026-06-03 16:10:00,ASSAULT,ASSAULT incident reported in Mumbai Metro,Mumbai Metro,False,Mumbai Metro,19.080472065685697,72.86749714400626
FIR-INDIA-2026-00006,2026-07-30 14:26:00,THEFT,THEFT incident reported in Bengaluru City,Bengaluru City,False,Bengaluru City,12.995173860632667,77.57823744167489
FIR-INDIA-2024-00007,2024-12-31 14:22:00,OTHER,OTHER incident reported in Bengaluru City,Bengaluru City,False,Bengaluru City,12.989408099083626,77.59718879106482
FIR-INDIA-2025-00008,2025-09-27 16:24:00,THEFT,THEFT incident reported in Delhi NCR,Delhi NCR,False,Delhi NCR,28.60677264090232,77.20940287727431
FIR-INDIA-2025-00009,2025-03-03 14:25:00,THEFT,THEFT incident reported in Delhi NCR,Delhi NCR,False,Delhi NCR,28.598630266393126,77.19371207713864
FIR-INDIA-2025-00010,2025-11-11 05:10:00,BURGLARY,BURGLARY incident reported in Kolkata City,Kolkata City,False,Kolkata City,22.580562310310174,88.33815308761125
FIR-INDIA-2024-00011,2024-01-13 13:38:00,ROBBERY,ROBBERY incident reported in Mumbai Metro,Mumbai Metro,False,Mumbai Metro,19.071673550483467,72.89099086754439
FIR-INDIA-2023-00012,2023-11-01 04:47:00,ROBBERY,ROBBERY incident reported in Kolkata City,Kolkata City,False,Kolkata City,22.55187174532082,88.38049726247002
FIR-INDIA-2024-00013,2024-05-30 16:06:00,THEFT,THEFT incident reported in Kolkata City,Kolkata City,True,Kolkata City,22.570561335798477,88.36031641029906
FIR-INDIA-2023-00014,2023-01-30 04:53:00,ASSAULT,ASSAULT incident reported in Delhi NCR,Delhi NCR,False,Delhi NCR,28.611207163218946,77.21726579791056
FIR-INDIA-2023-00015,2023-03-19 11:57:00,THEFT,THEFT incident reported in Hyderabad Metro,Hyderabad Metro,False,Hyderabad Metro,17.390861084106113,78.50359581447024
FIR-INDIA-2026-00016,2026-07-20 07:13:00,OTHER,OTHER incident reported in Delhi NCR,Delhi NCR,False,Delhi NCR,28.637727278880433,77.21119273232264
FIR-INDIA-2025-00017,2025-11-10 15:56:00,OTHER,OTHER incident reported in Mumbai Metro,Mumbai Metro,False,Mumbai Metro,19.101253343593225,72.88195067530228
FIR-INDIA-2024-00018,2024-04-24 12:13:00,ASSAULT,ASSAULT incident reported in Kolkata City,Kolkata City,False,Kolkata City,22.57045764324047,88.35853021265143
FIR-INDIA-2025-00019,2025-09-20 05:55:00,ASSAULT,ASSAULT incident reported in Chennai Metro,Chennai Metro,False,Chennai Metro,13.080426409157559,80.29455891414334
FIR-INDIA-2026-00020,2026-04-14 17:28:00,ASSAULT,ASSAULT incident reported in Chennai Metro,Chennai Metro,True,Chennai Metro,13.046371553854904,80.27110211081109
FIR-INDIA-2023-00021,2023-06-11 09:52:00,THEFT,THEFT incident reported in Kolkata City,Kolkata City,False,Kolkata City,22.562359454249936,88.39055023991646
FIR-INDIA-2025-00022,2025-02-09 15:49:00,THEFT,THEFT incident reported in Mumbai Metro,Mumbai Metro,False,Mumbai Metro,19.09580209925162,72.86489689243717
FIR-INDIA-2024-00023,2024-06-23 05:47:00,THEFT,THEFT incident reported in Kolkata City,Kolkata City,False,Kolkata City,22.58690925434554,88.35049598979602
FIR-INDIA-2024-00024,2024-08-16 08:39:00,THEFT,THEFT incident reported in Bengaluru City,Bengaluru City,False,Bengaluru City,12.965100078509089,77.6001145424816
FIR-INDIA-2024-00025,2024-07-13 23:45:00,ROBBERY,ROBBERY incident reported in Delhi NCR,Delhi NCR,False,Delhi NCR,28.619859465398292,77.20921844168426
FIR-INDIA-2026-00026,2026-07-15 15:36:00,ASSAULT,ASSAULT incident reported in Delhi NCR,Delhi NCR,True,Delhi NCR,28.615516811334885,77.22075674685541
FIR-INDIA-2023-00027,2023-10-11 02:13:00,CYBER,CYBER incident reported in Mumbai Metro,Mumbai Metro,True,Mumbai Metro,19.086627883990758,72.89776076869185
FIR-INDIA-2025-00028,2025-12-28 08:41:00,THEFT,THEFT incident reported in Mumbai Metro,Mumbai Metro,True,Mumbai Metro,19.07082859401147,72.88865654394586
FIR-INDIA-2026-00029,2026-02-02 21:38:00,ASSAULT,ASSAULT incident reported in Hyderabad Metro,Hyderabad Metro,True,Hyderabad Metro,17.397697193616974,78.46933561168068
FIR-INDIA-2023-00030,2023-10-16 22:44:00,ASSAULT,ASSAULT incident reported in Ahmedabad,Ahmedabad,False,Ahmedabad,23.01491098224616,72.57586668293611
FIR-INDIA-2023-00031,2023-03-26 13:22:00,ASSAULT,ASSAULT incident reported in Mumbai Metro,Mumbai Metro,True,Mumbai Metro,19.08507992700799,72.85583650604372
FIR-INDIA-2025-00032,2025-05-16 16:15:00,ASSAULT,ASSAULT incident reported in Bengaluru City,Bengaluru City,False,Bengaluru City,12.966092636064243,77.58614573794041
FIR-INDIA-2023-00033,2023-11-05 18:36:00,ASSAULT,ASSAULT incident reported in Hyderabad Metro,Hyderabad Metro,False,Hyderabad Metro,17.396055685142798,78.47287333594072
FIR-INDIA-2023-00034,2023-04-03 05:18:00,ROBBERY,ROBBERY incident reported in Ahmedabad,Ahmedabad,False,Ahmedabad,23.029949858962123,72.5590312707851
FIR-INDIA-2025-00035,2025-08-24 03:07:00,CYBER,CYBER incident reported in Bengaluru City,Bengaluru City,False,Bengaluru City,12.96526927685427,77.60027483504415
FIR-INDIA-2023-00036,2023-03-03 07:15:00,THEFT,THEFT incident reported in Ahmedabad,Ahmedabad,False,Ahmedabad,23.027340906430087,72.56222114770586
FIR-INDIA-2026-00037,2026-06-01 02:04:00,THEFT,THEFT incident reported in Chennai Metro,Chennai Metro,False,Chennai Metro,13.08470734781875,80.2911286762242
FIR-INDIA-2023-00038,2023-02-17 03:15:00,ROBBERY,ROBBERY incident reported in Bengaluru City,Bengaluru City,False,Bengaluru City,12.961532977792615,77.63107314930409
FIR-INDIA-2024-00039,2024-06-19 16:12:00,THEFT,THEFT incident reported in Bengaluru City,Bengaluru City,True,Bengaluru City,12.962195147649963,77.6058838518302
FIR-INDIA-2026-00040,2026-04-29 18:27:00,ASSAULT,ASSAULT incident reported in Pune,Pune,False,Pune,18.522101874021754,73.85063740676203
FIR-INDIA-2023-00041,2023-06-21 09:16:00,THEFT,THEFT incident reported in Hyderabad Metro,Hyderabad Metro,False,Hyderabad Metro,17.389976284744595,78.48297761573495
FIR-INDIA-2025-00042,2025-03-31 03:35:00,THEFT,THEFT incident reported in Mumbai Metro,Mumbai Metro,False,Mumbai Metro,19.069437588427874,72.86937559971722
FIR-INDIA-2024-00043,2024-02-23 23:29:00,THEFT,THEFT incident reported in Hyderabad Metro,Hyderabad Metro,False,Hyderabad Metro,17.372802803993643,78.49952554580034
FIR-INDIA-2023-00044,2023-10-09 03:13:00,THEFT,THEFT incident reported in Hyderabad Metro,Hyderabad Metro,False,Hyderabad Metro,17.389782810235673,78.45353594059854
FIR-INDIA-2023-00045,2023-06-30 19:29:00,ASSAULT,ASSAULT incident reported in Hyderabad Metro,Hyderabad Metro,False,Hyderabad Metro,17.41012665881571,78.49844163998507
FIR-INDIA-2023-00046,2023-10-18 04:53:00,THEFT,THEFT incident reported in Bengaluru City,Bengaluru City,False,Bengaluru City,12.973851169861437,77.5934500092203
FIR-INDIA-2024-00047,2024-01-10 12:32:00,BURGLARY,BURGLARY incident reported in Chennai Metro,Chennai Metro,True,Chennai Metro,13.045267997445633,80.28524622767782
FIR-INDIA-2023-00048,2023-12-27 02:47:00,THEFT,THEFT incident reported in Bengaluru City,Bengaluru City,False,Bengaluru City,12.984371916955723,77.59207355248344
FIR-INDIA-2026-00049,2026-05-14 14:50:00,THEFT,THEFT incident reported in Hyderabad Metro,Hyderabad Metro,False,Hyderabad Metro,17.376918676184843,78.49505389687084
FIR-INDIA-2023-00050,2023-11-02 15:43:00,BURGLARY,BURGLARY incident reported in Pune,Pune,False,Pune,18.50619795528386,73.85547098252906
FIR-INDIA-2025-00051,2025-07-07 02:16:00,ASSAULT,ASSAULT incident reported in Pune,Pune,False,Pune,18.523123014850178,73.830033917464
FIR-INDIA-2024-00052,2024-07-07 07:17:00,CYBER,CYBER incident reported in Chennai Metro,Chennai Metro,False,Chennai Metro,13.097911906788266,80.2722780452734
FIR-INDIA-2025-00053,2025-09-16 23:02:00,THEFT,THEFT incident reported in Chennai Metro,Chennai Metro,True,Chennai Metro,13.091633157244955,80.24660417454994
FIR-INDIA-2025-00054,2025-07-03 10:10:00,ASSAULT,ASSAULT incident reported in Delhi NCR,Delhi NCR,False,Delhi NCR,28.625794480480607,77.18607073875208
FIR-INDIA-2025-00055,2025-05-31 19:55:00,ASSAULT,ASSAULT incident reported in Kolkata City,Kolkata City,False,Kolkata City,22.599827222811612,88.36105431214517
FIR-INDIA-2023-00056,2023-12-20 15:14:00,THEFT,THEFT incident reported in Mumbai Metro,Mumbai Metro,False,Mumbai Metro,19.073905876269283,72.84002582415015
FIR-INDIA-2023-00057,2023-12-19 07:35:00,THEFT,THEFT incident reported in Bengaluru City,Bengaluru City,False,Bengaluru City,12.963110550263625,77.58502983375635
FIR-INDIA-2023-00058,2023-08-13 00:34:00,ASSAULT,ASSAULT incident reported in Mumbai Metro,Mumbai Metro,False,Mumbai Metro,19.096360110535993,72.86304629779636
FIR-INDIA-2026-00059,2026-07-17 05:42:00,THEFT,THEFT incident reported in Bengaluru City,Bengaluru City,False,Bengaluru City,12.98218300575456,77.60342471917112
FIR-INDIA-2023-00060,2023-03-23 16:52:00,CYBER,CYBER incident reported in Hyderabad Metro,Hyderabad Metro,True,Hyderabad Metro,17.357475419220535,78.48182519018287
FIR-INDIA-2025-00061,2025-10-07 12:24:00,ROBBERY,ROBBERY incident reported in Delhi NCR,Delhi NCR,False,Delhi NCR,28.633755674083336,77.20795221523764
FIR-INDIA-2023-00062,2023-02-02 08:00:00,CYBER,CYBER incident reported in Bengaluru City,Bengaluru City,False,Bengaluru City,12.982090707579163,77.59022472082867
FIR-INDIA-2023-00063,2023-05-25 14:21:00,CYBER,CYBER incident reported in Hyderabad Metro,Hyderabad Metro,False,Hyderabad Metro,17.403463644494572,78.48044219706377
FIR-INDIA-2026-00064,2026-07-07 13:12:00,ROBBERY,ROBBERY incident reported in Kolkata City,Kolkata City,True,Kolkata City,22.57425211754431,88.34661677517676
FIR-INDIA-2023-00065,2023-12-20 21:19:00,THEFT,THEFT incident reported in Delhi NCR,Delhi NCR,False,Delhi NCR,28.591069559134905,77.23434185000923
FIR-INDIA-2026-00066,2026-05-09 21:33:00,ROBBERY,ROBBERY incident reported in Hyderabad Metro,Hyderabad Metro,False,Hyderabad Metro,17.386167232686212,78.47554754196449
FIR-INDIA-2024-00067,2024-09-21 23:18:00,ROBBERY,ROBBERY incident reported in Hyderabad Metro,Hyderabad Metro,False,Hyderabad Metro,17.374532695532515,78.49520606789073
FIR-INDIA-2026-00068,2026-06-27 18:45:00,BURGLARY,BURGLARY incident reported in Bengaluru City,Bengaluru City,True,Bengaluru City,12.983477307514319,77.58834583117867
FIR-INDIA-2026-00069,2026-07-18 06:12:00,THEFT,THEFT incident reported in Kolkata City,Kolkata City,False,Kolkata City,22.575997682866962,88.35828673964808
FIR-INDIA-2025-00070,2025-05-25 04:11:00,THEFT,THEFT incident reported in Bengaluru City,Bengaluru City,False,Bengaluru City,12.949942583747212,77.59537597250556
FIR-INDIA-2025-00071,2025-05-16 01:41:00,CYBER,CYBER incident reported in Mumbai Metro,Mumbai Metro,False,Mumbai Metro,19.056441108620874,72.87230916737285
FIR-INDIA-2025-00072,2025-01-24 04:02:00,THEFT,THEFT incident reported in Hyderabad Metro,Hyderabad Metro,True,Hyderabad Metro,17.364043818948577,78.49624600575473
FIR-INDIA-2025-00073,2025-07-05 21:50:00,ASSAULT,ASSAULT incident reported in Ahmedabad,Ahmedabad,True,Ahmedabad,23.027687687927976,72.58130840941583
FIR-INDIA-2023-00074,2023-12-18 07:54:00,THEFT,THEFT incident reported in Kolkata City,Kolkata City,False,Kolkata City,22.5800359663467,88.38891449945994
FIR-INDIA-2024-00075,2024-01-21 10:18:00,THEFT,THEFT incident reported in Chennai Metro,Chennai Metro,True,Chennai Metro,13.086638773467342,80.30090113015025
FIR-INDIA-2023-00076,2023-10-11 12:48:00,BURGLARY,BURGLARY incident reported in Delhi NCR,Delhi NCR,False,Delhi NCR,28.605664482120673,77.2079010768253
FIR-INDIA-2025-00077,2025-08-05 00:32:00,ASSAULT,ASSAULT incident reported in Chennai Metro,Chennai Metro,True,Chennai Metro,13.090142667011333,80.29390327223803
FIR-INDIA-2024-00078,2024-07-08 12:26:00,ASSAULT,ASSAULT incident reported in Chennai Metro,Chennai Metro,False,Chennai Metro,13.074794857774716,80.28000446483
FIR-INDIA-2024-00079,2024-03-30 21:11:00,BURGLARY,BURGLARY incident reported in Delhi NCR,Delhi NCR,False,Delhi NCR,28.59982757015368,77.18870862533433
FIR-INDIA-2025-00080,2025-11-27 14:47:00,ASSAULT,ASSAULT incident reported in Hyderabad Metro,Hyderabad Metro,False,Hyderabad Metro,17.382747553547187,78.48649162155347
FIR-INDIA-2025-00081,2025-09-27 05:34:00,ROBBERY,ROBBERY incident reported in Hyderabad Metro,Hyderabad Metro,False,Hyderabad Metro,17.36715851334006,78.45777819288307
FIR-INDIA-2023-00082,2023-07-11 08:38:00,CYBER,CYBER incident reported in Chennai Metro,Chennai Metro,True,Chennai Metro,13.080212930093975,80.30258691950134
FIR-INDIA-2023-00083,2023-02-06 22:48:00,THEFT,THEFT incident reported in Mumbai Metro,Mumbai Metro,False,Mumbai Metro,19.081527462661978,72.8675517306334
FIR-INDIA-2025-00084,2025-10-17 18:25:00,ASSAULT,ASSAULT incident reported in Delhi NCR,Delhi NCR,False,Delhi NCR,28.59997861214424,77.1989887187055
FIR-INDIA-2025-00085,2025-03-11 00:08:00,CYBER,CYBER incident reported in Pune,Pune,False,Pune,18.520356070373474,73.83685525413979
FIR-INDIA-2026-00086,2026-08-21 04:00:00,ASSAULT,ASSAULT incident reported in Delhi NCR,Delhi NCR,True,Delhi NCR,28.611602068694967,77.2040732350162
FIR-INDIA-2023-00087,2023-01-01 05:59:00,THEFT,THEFT incident reported in Pune,Pune,False,Pune,18.506965601738987,73.83650113814996
FIR-INDIA-2024-00088,2024-05-27 12:16:00,THEFT,THEFT incident reported in Kolkata City,Kolkata City,False,Kolkata City,22.578046747962198,88.36991935294218
FIR-INDIA-2024-00089,2024-03-09 04:21:00,ASSAULT,ASSAULT incident reported in Bengaluru City,Bengaluru City,False,Bengaluru City,12.973142016104488,77.59549294033131
FIR-INDIA-2025-00090,2025-11-22 10:41:00,THEFT,THEFT incident reported in Pune,Pune,False,Pune,18.54606849318202,73.87458963966588
FIR-INDIA-2026-00091,2026-01-13 22:31:00,THEFT,THEFT incident reported in Delhi NCR,Delhi NCR,False,Delhi NCR,28.60466710861576,77.22002780859233
FIR-INDIA-2023-00092,2023-10-06 17:03:00,BURGLARY,BURGLARY incident reported in Ahmedabad,Ahmedabad,False,Ahmedabad,23.003298100198926,72.54358285349036
FIR-INDIA-2026-00093,2026-01-03 06:24:00,ROBBERY,ROBBERY incident reported in Pune,Pune,False,Pune,18.52035957251432,73.84917607956378
FIR-INDIA-2025-00094,2025-06-13 05:48:00,THEFT,THEFT incident reported in Bengaluru City,Bengaluru City,False,Bengaluru City,12.963265372400732,77.57951754849798
FIR-INDIA-2023-00095,2023-12-28 13:08:00,THEFT,THEFT incident reported in Chennai Metro,Chennai Metro,False,Chennai Metro,13.085883968991528,80.27931423644148
FIR-INDIA-2024-00096,2024-01-19 16:05:00,ASSAULT,ASSAULT incident reported in Mumbai Metro,Mumbai Metro,False,Mumbai Metro,19.088154219359225,72.88829140313896
FIR-INDIA-2024-00097,2024-08-09 18:08:00,THEFT,THEFT incident reported in Chennai Metro,Chennai Metro,False,Chennai Metro,13.07431586422255,80.30855998379995
FIR-INDIA-2023-00098,2023-08-03 00:53:00,OTHER,OTHER incident reported in Mumbai Metro,Mumbai Metro,False,Mumbai Metro,19.075468906320395,72.88977475831712
FIR-INDIA-2024-00099,2024-05-31 13:09:00,THEFT,THEFT incident reported in Chennai Metro,Chennai Metro,True,Chennai Metro,13.07340044980422,80.26785423165018
FIR-INDIA-2023-00100,2023-07-10 16:13:00,CYBER,CYBER incident reported in Bengaluru City,Bengaluru City,False,Bengaluru City,12.95458765992915,77.62389506499841
FIR-INDIA-2025-00101,2025-08-12 03:28:00,ASSAULT,ASSAULT incident reported in Ahmedabad,Ahmedabad,False,Ahmedabad,23.035730718582254,72.56879670655691
FIR-INDIA-2025-00102,2025-01-10 20:20:00,BURGLARY,BURGLARY incident reported in Chennai Metro,Chennai Metro,False,Chennai Metro,13.075146034816267,80.25221764132193
FIR-INDIA-2026-00103,2026-02-06 10:57:00,ASSAULT,ASSAULT incident reported in Kolkata City,Kolkata City,False,Kolkata City,22.588716894700244,88.37357442541852
FIR-INDIA-2026-00104,2026-05-29 05:20:00,THEFT,THEFT incident reported in Kolkata City,Kolkata City,True,Kolkata City,22.551167495580525,88.36585374917543
FIR-INDIA-2023-00105,2023-06-20 15:01:00,THEFT,THEFT incident reported in Ahmedabad,Ahmedabad,False,Ahmedabad,23.024401114231566,72.56924578505934
FIR-INDIA-2025-00106,2025-01-17 10:09:00,ROBBERY,ROBBERY incident reported in Bengaluru City,Bengaluru City,False,Bengaluru City,12.985803705995,77.5999828948056
FIR-INDIA-2023-00107,2023-09-16 21:32:00,THEFT,THEFT incident reported in Ahmedabad,Ahmedabad,False,Ahmedabad,23.016104466710598,72.54626331691465
FIR-INDIA-2025-00108,2025-11-25 22:13:00,THEFT,THEFT incident reported in Hyderabad Metro,Hyderabad Metro,True,Hyderabad Metro,17.3704264324743,78.47711043285862
FIR-INDIA-2025-00109,2025-07-11 12:19:00,OTHER,OTHER incident reported in Ahmedabad,Ahmedabad,False,Ahmedabad,23.001650129479124,72.57478476184762
FIR-INDIA-2023-00110,2023-07-08 07:11:00,CYBER,CYBER incident reported in Bengaluru City,Bengaluru City,False,Bengaluru City,12.96299984885936,77.59487898895108
FIR-INDIA-2025-00111,2025-03-24 20:13:00,THEFT,THEFT incident reported in Delhi NCR,Delhi NCR,False,Delhi NCR,28.62084997900056,77.20570412297184
FIR-INDIA-2023-00112,2023-12-19 15:34:00,THEFT,THEFT incident reported in Delhi NCR,Delhi NCR,False,Delhi NCR,28.578196269216345,77.18080490793315
FIR-INDIA-2023-00113,2023-05-12 05:13:00,THEFT,THEFT incident reported in Bengaluru City,Bengaluru City,False,Bengaluru City,12.992063428676154,77.61965888367698
FIR-INDIA-2026-00114,2026-02-08 19:49:00,OTHER,OTHER incident reported in Bengaluru City,Bengaluru City,False,Bengaluru City,12.984601754381824,77.58186359354166
FIR-INDIA-2025-00115,2025-10-14 05:25:00,ROBBERY,ROBBERY incident reported in Kolkata City,Kolkata City,False,Kolkata City,22.569456874243194,88.37079861373401
FIR-INDIA-2024-00116,2024-08-31 23:07:00,ASSAULT,ASSAULT incident reported in Chennai Metro,Chennai Metro,False,Chennai Metro,13.07802690466444,80.272576846939
FIR-INDIA-2023-00117,2023-03-02 22:04:00,THEFT,THEFT incident reported in Mumbai Metro,Mumbai Metro,False,Mumbai Metro,19.077549226223805,72.87215486901529
FIR-INDIA-2026-00118,2026-02-27 05:31:00,ROBBERY,ROBBERY incident reported in Mumbai Metro,Mumbai Metro,True,Mumbai Metro,19.07242118321157,72.89018977616863
FIR-INDIA-2024-00119,2024-06-27 19:27:00,OTHER,OTHER incident reported in Chennai Metro,Chennai Metro,False,Chennai Metro,13.095045353028105,80.28708639957304
FIR-INDIA-2026-00120,2026-05-14 05:41:00,ROBBERY,ROBBERY incident reported in Bengaluru City,Bengaluru City,True,Bengaluru City,13.008164176316598,77.59203461167994
FIR-INDIA-2023-00121,2023-02-22 12:56:00,BURGLARY,BURGLARY incident reported in Bengaluru City,Bengaluru City,False,Bengaluru City,12.977200107443652,77.61264581149854
FIR-INDIA-2026-00122,2026-03-10 02:13:00,THEFT,THEFT incident reported in Chennai Metro,Chennai Metro,True,Chennai Metro,13.052504689304278,80.26892115270422
FIR-INDIA-2025-00123,2025-11-25 08:21:00,ASSAULT,ASSAULT incident reported in Pune,Pune,False,Pune,18.53801215207476,73.85684895116339
FIR-INDIA-2024-00124,2024-10-20 20:25:00,THEFT,THEFT incident reported in Mumbai Metro,Mumbai Metro,False,Mumbai Metro,19.07924513316173,72.86723291078117
FIR-INDIA-2023-00125,2023-02-04 18:20:00,ROBBERY,ROBBERY incident reported in Mumbai Metro,Mumbai Metro,True,Mumbai Metro,19.045047275944793,72.90052281313365
FIR-INDIA-2024-00126,2024-12-14 11:36:00,THEFT,THEFT incident reported in Kolkata City,Kolkata City,False,Kolkata City,22.60096532540218,88.33410838255651
FIR-INDIA-2023-00127,2023-08-15 14:20:00,THEFT,THEFT incident reported in Bengaluru City,Bengaluru City,False,Bengaluru City,12.971216603494222,77.57923087552197
FIR-INDIA-2024-00128,2024-12-20 06:32:00,THEFT,THEFT incident reported in Mumbai Metro,Mumbai Metro,False,Mumbai Metro,19.0706987076034,72.83738803826414
FIR-INDIA-2023-00129,2023-11-09 11:38:00,THEFT,THEFT incident reported in Mumbai Metro,Mumbai Metro,True,Mumbai Metro,19.06289131378646,72.88894278925338
FIR-INDIA-2024-00130,2024-11-19 01:15:00,ASSAULT,ASSAULT incident reported in Pune,Pune,True,Pune,18.551035599330202,73.81895052402024
FIR-INDIA-2025-00131,2025-10-29 06:14:00,CYBER,CYBER incident reported in Chennai Metro,Chennai Metro,False,Chennai Metro,13.08195443034499,80.27438606060495
FIR-INDIA-2023-00132,2023-04-06 04:13:00,THEFT,THEFT incident reported in Pune,Pune,False,Pune,18.49877022999548,73.83516107136424
FIR-INDIA-2025-00133,2025-07-20 07:04:00,CYBER,CYBER incident reported in Kolkata City,Kolkata City,False,Kolkata City,22.571129248853524,88.35258388728602
FIR-INDIA-2024-00134,2024-03-27 13:26:00,ROBBERY,ROBBERY incident reported in Ahmedabad,Ahmedabad,False,Ahmedabad,23.007656331767556,72.5757090504496
FIR-INDIA-2024-00135,2024-03-02 21:31:00,THEFT,THEFT incident reported in Mumbai Metro,Mumbai Metro,False,Mumbai Metro,19.062526476011982,72.87012742128839
FIR-INDIA-2026-00136,2026-08-08 00:56:00,THEFT,THEFT incident reported in Mumbai Metro,Mumbai Metro,False,Mumbai Metro,19.05565271112561,72.8621762932632
FIR-INDIA-2025-00137,2025-11-19 08:45:00,THEFT,THEFT incident reported in Kolkata City,Kolkata City,False,Kolkata City,22.586334131065556,88.33967768489332
FIR-INDIA-2024-00138,2024-09-13 20:52:00,ASSAULT,ASSAULT incident reported in Ahmedabad,Ahmedabad,False,Ahmedabad,23.021646300206353,72.59047573247344
FIR-INDIA-2026-00139,2026-07-23 09:10:00,CYBER,CYBER incident reported in Chennai Metro,Chennai Metro,False,Chennai Metro,13.10526653633913,80.26976560904934
FIR-INDIA-2024-00140,2024-03-12 13:28:00,BURGLARY,BURGLARY incident reported in Delhi NCR,Delhi NCR,False,Delhi NCR,28.632212549458394,77.22851109779496
FIR-INDIA-2025-00141,2025-09-17 17:43:00,THEFT,THEFT incident reported in Kolkata City,Kolkata City,False,Kolkata City,22.57419425456175,88.37278913452705
FIR-INDIA-2023-00142,2023-05-06 03:57:00,CYBER,CYBER incident reported in Hyderabad Metro,Hyderabad Metro,False,Hyderabad Metro,17.400434673464037,78.48191790442839
FIR-INDIA-2024-00143,2024-03-23 20:23:00,ROBBERY,ROBBERY incident reported in Chennai Metro,Chennai Metro,False,Chennai Metro,13.059009251066236,80.29659910716887
FIR-INDIA-2025-00144,2025-09-22 18:28:00,ROBBERY,ROBBERY incident reported in Hyderabad Metro,Hyderabad Metro,True,Hyderabad Metro,17.35991273966042,78.52090526715097
FIR-INDIA-2025-00145,2025-06-15 19:23:00,ROBBERY,ROBBERY incident reported in Bengaluru City,Bengaluru City,False,Bengaluru City,12.965902114530156,77.60502053606905
FIR-INDIA-2024-00146,2024-05-24 04:49:00,THEFT,THEFT incident reported in Hyderabad Metro,Hyderabad Metro,True,Hyderabad Metro,17.413214421512595,78.4872734387695
FIR-INDIA-2025-00147,2025-10-17 06:21:00,ROBBERY,ROBBERY incident reported in Delhi NCR,Delhi NCR,False,Delhi NCR,28.613592164089166,77.23314652244028
FIR-INDIA-2023-00148,2023-09-25 19:02:00,THEFT,THEFT incident reported in Mumbai Metro,Mumbai Metro,True,Mumbai Metro,19.048491913086135,72.86590758636667
FIR-INDIA-2023-00149,2023-07-26 02:20:00,ROBBERY,ROBBERY incident reported in Chennai Metro,Chennai Metro,False,Chennai Metro,13.040204437280288,80.27899440655216
FIR-INDIA-2025-00150,2025-01-08 03:33:00,THEFT,THEFT incident reported in Bengaluru City,Bengaluru City,False,Bengaluru City,12.970998435456242,77.62054819922459
FIR-INDIA-2024-00151,2024-06-15 19:15:00,THEFT,THEFT incident reported in Delhi NCR,Delhi NCR,False,Delhi NCR,28.624195506706755,77.19992844885134
FIR-INDIA-2025-00152,2025-11-02 18:35:00,THEFT,THEFT incident reported in Hyderabad Metro,Hyderabad Metro,False,Hyderabad Metro,17.35812214197877,78.49311007395475
FIR-INDIA-2023-00153,2023-03-13 12:37:00,CYBER,CYBER incident reported in Bengaluru City,Bengaluru City,False,Bengaluru City,12.95667344566771,77.60240563354012
FIR-INDIA-2023-00154,2023-09-13 01:54:00,ASSAULT,ASSAULT incident reported in Chennai Metro,Chennai Metro,False,Chennai Metro,13.065176925444362,80.2674096282444
FIR-INDIA-2025-00155,2025-09-09 18:56:00,CYBER,CYBER incident reported in Kolkata City,Kolkata City,False,Kolkata City,22.55668579528824,88.36594816668168
FIR-INDIA-2024-00156,2024-12-14 17:14:00,THEFT,THEFT incident reported in Bengaluru City,Bengaluru City,True,Bengaluru City,12.948617218451904,77.5920302079464
FIR-INDIA-2024-00157,2024-03-08 14:21:00,THEFT,THEFT incident reported in Bengaluru City,Bengaluru City,False,Bengaluru City,12.980726451437686,77.59466181220832
FIR-INDIA-2025-00158,2025-07-08 17:51:00,THEFT,THEFT incident reported in Kolkata City,Kolkata City,False,Kolkata City,22.57874571932931,88.35107186052144
FIR-INDIA-2025-00159,2025-11-05 05:59:00,ASSAULT,ASSAULT incident reported in Pune,Pune,False,Pune,18.534555966142996,73.85683435418603
FIR-INDIA-2025-00160,2025-04-24 09:59:00,ASSAULT,ASSAULT incident reported in Ahmedabad,Ahmedabad,True,Ahmedabad,23.015667154851215,72.57259351846969
FIR-INDIA-2023-00161,2023-02-27 20:20:00,BURGLARY,BURGLARY incident reported in Kolkata City,Kolkata City,False,Kolkata City,22.58115163243438,88.35177879949025
FIR-INDIA-2023-00162,2023-01-28 20:33:00,BURGLARY,BURGLARY incident reported in Chennai Metro,Chennai Metro,False,Chennai Metro,13.124566180169309,80.27494135857991
FIR-INDIA-2024-00163,2024-12-08 22:28:00,OTHER,OTHER incident reported in Bengaluru City,Bengaluru City,True,Bengaluru City,12.977812282300013,77.58469206376898
FIR-INDIA-2026-00164,2026-05-02 05:03:00,ROBBERY,ROBBERY incident reported in Delhi NCR,Delhi NCR,False,Delhi NCR,28.61684593867691,77.21952620595435
FIR-INDIA-2026-00165,2026-04-24 04:49:00,THEFT,THEFT incident reported in Bengaluru City,Bengaluru City,True,Bengaluru City,12.979412586444107,77.5765304466626
FIR-INDIA-2024-00166,2024-05-17 23:09:00,ROBBERY,ROBBERY incident reported in Bengaluru City,Bengaluru City,True,Bengaluru City,12.965960652803949,77.57063484389643
FIR-INDIA-2023-00167,2023-12-02 09:31:00,OTHER,OTHER incident reported in Mumbai Metro,Mumbai Metro,False,Mumbai Metro,19.089504126703343,72.87692834710134
FIR-INDIA-2023-00168,2023-02-13 13:55:00,THEFT,THEFT incident reported in Mumbai Metro,Mumbai Metro,False,Mumbai Metro,19.08295393248676,72.8521470661632
FIR-INDIA-2024-00169,2024-03-31 01:37:00,BURGLARY,BURGLARY incident reported in Delhi NCR,Delhi NCR,False,Delhi NCR,28.614242298470685,77.19310095246374
FIR-INDIA-2026-00170,2026-01-02 15:42:00,CYBER,CYBER incident reported in Chennai Metro,Chennai Metro,False,Chennai Metro,13.06833880688613,80.27154702615569
FIR-INDIA-2023-00171,2023-11-17 08:22:00,ROBBERY,ROBBERY incident reported in Delhi NCR,Delhi NCR,False,Delhi NCR,28.596294924272872,77.21605517401579
FIR-INDIA-2025-00172,2025-01-12 04:17:00,ASSAULT,ASSAULT incident reported in Bengaluru City,Bengaluru City,False,Bengaluru City,12.972620522283771,77.60814629379769
FIR-INDIA-2023-00173,2023-02-02 03:23:00,BURGLARY,BURGLARY incident reported in Mumbai Metro,Mumbai Metro,True,Mumbai Metro,19.081902368921728,72.87852084588081
FIR-INDIA-2024-00174,2024-04-21 04:01:00,THEFT,THEFT incident reported in Mumbai Metro,Mumbai Metro,True,Mumbai Metro,19.085835694387804,72.87586520738495
FIR-INDIA-2025-00175,2025-11-28 09:25:00,THEFT,THEFT incident reported in Mumbai Metro,Mumbai Metro,False,Mumbai Metro,19.07394100170236,72.8860476545254
FIR-INDIA-2025-00176,2025-08-18 01:05:00,THEFT,THEFT incident reported in Delhi NCR,Delhi NCR,False,Delhi NCR,28.661705719657327,77.22499973587799
FIR-INDIA-2023-00177,2023-05-24 07:34:00,THEFT,THEFT incident reported in Bengaluru City,Bengaluru City,True,Bengaluru City,12.98503449567682,77.58097486575338
FIR-INDIA-2023-00178,2023-03-10 03:22:00,THEFT,THEFT incident reported in Bengaluru City,Bengaluru City,True,Bengaluru City,12.961382586274068,77.60694173665013
FIR-INDIA-2023-00179,2023-02-24 17:56:00,THEFT,THEFT incident reported in Mumbai Metro,Mumbai Metro,False,Mumbai Metro,19.06162329051345,72.85828831342937
FIR-INDIA-2025-00180,2025-03-16 03:20:00,OTHER,OTHER incident reported in Kolkata City,Kolkata City,False,Kolkata City,22.55180488186768,88.35137606238132
FIR-INDIA-2025-00181,2025-07-29 09:38:00,THEFT,THEFT incident reported in Mumbai Metro,Mumbai Metro,True,Mumbai Metro,19.04569840667591,72.89144711931517
FIR-INDIA-2024-00182,2024-11-13 21:24:00,ASSAULT,ASSAULT incident reported in Mumbai Metro,Mumbai Metro,False,Mumbai Metro,19.074868422419677,72.87198679192807
FIR-INDIA-2025-00183,2025-08-22 20:25:00,THEFT,THEFT incident reported in Kolkata City,Kolkata City,True,Kolkata City,22.552277440356306,88.36403270138607
FIR-INDIA-2026-00184,2026-03-17 15:36:00,THEFT,THEFT incident reported in Chennai Metro,Chennai Metro,False,Chennai Metro,13.100656112536809,80.25550838533576
FIR-INDIA-2025-00185,2025-09-13 10:05:00,THEFT,THEFT incident reported in Pune,Pune,False,Pune,18.505028589369665,73.86621781871615
FIR-INDIA-2025-00186,2025-03-04 09:07:00,CYBER,CYBER incident reported in Kolkata City,Kolkata City,False,Kolkata City,22.549901426953667,88.3541178045266
FIR-INDIA-2026-00187,2026-06-29 11:32:00,ASSAULT,ASSAULT incident reported in Delhi NCR,Delhi NCR,False,Delhi NCR,28.620123403642335,77.21318518263648
FIR-INDIA-2026-00188,2026-02-12 18:36:00,BURGLARY,BURGLARY incident reported in Bengaluru City,Bengaluru City,False,Bengaluru City,12.998851492350548,77.60949407023762
FIR-INDIA-2023-00189,2023-02-02 02:51:00,BURGLARY,BURGLARY incident reported in Ahmedabad,Ahmedabad,False,Ahmedabad,22.99767027118024,72.55630921589247
FIR-INDIA-2023-00190,2023-07-26 07:32:00,THEFT,THEFT incident reported in Ahmedabad,Ahmedabad,False,Ahmedabad,23.042587275749888,72.56207485329499
FIR-INDIA-2025-00191,2025-05-26 05:49:00,THEFT,THEFT incident reported in Kolkata City,Kolkata City,True,Kolkata City,22.569880509208968,88.38380020237237
FIR-INDIA-2023-00192,2023-12-01 22:54:00,ASSAULT,ASSAULT incident reported in Pune,Pune,False,Pune,18.500332097871468,73.87201800565286
FIR-INDIA-2026-00193,2026-02-03 07:32:00,THEFT,THEFT incident reported in Kolkata City,Kolkata City,False,Kolkata City,22.559371546929622,88.35626171224462
FIR-INDIA-2024-00194,2024-09-24 13:45:00,ROBBERY,ROBBERY incident reported in Bengaluru City,Bengaluru City,False,Bengaluru City,12.962279226518673,77.61201016311017
FIR-INDIA-2023-00195,2023-10-29 11:06:00,OTHER,OTHER incident reported in Mumbai Metro,Mumbai Metro,False,Mumbai Metro,19.069076377986867,72.89154180282273
FIR-INDIA-2023-00196,2023-10-13 09:45:00,BURGLARY,BURGLARY incident reported in Delhi NCR,Delhi NCR,False,Delhi NCR,28.61160879852719,77.20041560441301
FIR-INDIA-2024-00197,2024-04-16 16:52:00,CYBER,CYBER incident reported in Chennai Metro,Chennai Metro,False,Chennai Metro,13.061937899910903,80.27128890834403
FIR-INDIA-2026-00198,2026-01-22 00:27:00,BURGLARY,BURGLARY incident reported in Delhi NCR,Delhi NCR,False,Delhi NCR,28.600220929193455,77.22956504456153
FIR-INDIA-2025-00199,2025-08-27 14:20:00,THEFT,THEFT incident reported in Delhi NCR,Delhi NCR,False,Delhi NCR,28.648707309742782,77.18061903961011
FIR-INDIA-2026-00200,2026-03-05 12:37:00,THEFT,THEFT incident reported in Mumbai Metro,Mumbai Metro,False,Mumbai Metro,19.08376722982141,72.86347517265824
FIR-INDIA-2026-00201,2026-03-18 00:08:00,THEFT,THEFT incident reported in Delhi NCR,Delhi NCR,True,Delhi NCR,28.58044796069744,77.17773817508089
FIR-INDIA-2023-00202,2023-06-17 03:38:00,ASSAULT,ASSAULT incident reported in Mumbai Metro,Mumbai Metro,True,Mumbai Metro,19.08277720524916,72.86135438328547
FIR-INDIA-2025-00203,2025-10-21 21:53:00,ASSAULT,ASSAULT incident reported in Chennai Metro,Chennai Metro,True,Chennai Metro,13.077455129386474,80.27390122766604
FIR-INDIA-2024-00204,2024-04-17 10:53:00,ROBBERY,ROBBERY incident reported in Bengaluru City,Bengaluru City,False,Bengaluru City,12.959191726511918,77.58524185231248
FIR-INDIA-2025-00205,2025-12-20 22:37:00,THEFT,THEFT incident reported in Hyderabad Metro,Hyderabad Metro,False,Hyderabad Metro,17.374291219307622,78.46582201036381
FIR-INDIA-2026-00206,2026-02-21 11:22:00,ASSAULT,ASSAULT incident reported in Ahmedabad,Ahmedabad,True,Ahmedabad,22.99534945314494,72.57593850589694
FIR-INDIA-2026-00207,2026-07-27 18:00:00,OTHER,OTHER incident reported in Bengaluru City,Bengaluru City,False,Bengaluru City,12.977608620504194,77.5769729602172
FIR-INDIA-2026-00208,2026-04-26 22:20:00,CYBER,CYBER incident reported in Bengaluru City,Bengaluru City,False,Bengaluru City,12.977424551939366,77.58727342317717
FIR-INDIA-2025-00209,2025-07-22 09:51:00,BURGLARY,BURGLARY incident reported in Delhi NCR,Delhi NCR,False,Delhi NCR,28.613680882187374,77.16514283572754
FIR-INDIA-2023-00210,2023-11-29 03:46:00,CYBER,CYBER incident reported in Chennai Metro,Chennai Metro,False,Chennai Metro,13.048766395746974,80.26851477864695
FIR-INDIA-2025-00211,2025-05-19 16:48:00,THEFT,THEFT incident reported in Hyderabad Metro,Hyderabad Metro,False,Hyderabad Metro,17.37289640167751,78.46394956513507
FIR-INDIA-2026-00212,2026-06-11 18:22:00,THEFT,THEFT incident reported in Kolkata City,Kolkata City,False,Kolkata City,22.598078324489325,88.38389853957892
FIR-INDIA-2023-00213,2023-11-06 01:57:00,THEFT,THEFT incident reported in Mumbai Metro,Mumbai Metro,False,Mumbai Metro,19.082915087732026,72.89070112756076
FIR-INDIA-2025-00214,2025-06-09 01:05:00,CYBER,CYBER incident reported in Delhi NCR,Delhi NCR,True,Delhi NCR,28.609720881197642,77.18375522063583
FIR-INDIA-2023-00215,2023-08-16 04:33:00,ROBBERY,ROBBERY incident reported in Delhi NCR,Delhi NCR,False,Delhi NCR,28.59741766417036,77.19867178209451
FIR-INDIA-2025-00216,2025-11-15 10:09:00,ASSAULT,ASSAULT incident reported in Mumbai Metro,Mumbai Metro,False,Mumbai Metro,19.099342066440734,72.84745895553337
FIR-INDIA-2026-00217,2026-08-09 01:15:00,ASSAULT,ASSAULT incident reported in Hyderabad Metro,Hyderabad Metro,False,Hyderabad Metro,17.37696935411949,78.47504906646753
FIR-INDIA-2025-00218,2025-01-06 09:51:00,THEFT,THEFT incident reported in Delhi NCR,Delhi NCR,True,Delhi NCR,28.61855103467447,77.23042576309228
FIR-INDIA-2023-00219,2023-03-22 05:04:00,THEFT,THEFT incident reported in Chennai Metro,Chennai Metro,True,Chennai Metro,13.103195256513356,80.290902113694
FIR-INDIA-2024-00220,2024-11-03 10:31:00,THEFT,THEFT incident reported in Hyderabad Metro,Hyderabad Metro,False,Hyderabad Metro,17.374277427132515,78.48829822361824
FIR-INDIA-2024-00221,2024-04-05 19:16:00,ASSAULT,ASSAULT incident reported in Ahmedabad,Ahmedabad,False,Ahmedabad,23.03717828708984,72.56398282214856
FIR-INDIA-2023-00222,2023-01-17 04:03:00,THEFT,THEFT incident reported in Mumbai Metro,Mumbai Metro,True,Mumbai Metro,19.06731796455582,72.87193527169084
FIR-INDIA-2025-00223,2025-07-13 05:27:00,ASSAULT,ASSAULT incident reported in Hyderabad Metro,Hyderabad Metro,False,Hyderabad Metro,17.38951745369625,78.48464857307609
FIR-INDIA-2026-00224,2026-06-06 01:18:00,THEFT,THEFT incident reported in Delhi NCR,Delhi NCR,False,Delhi NCR,28.589575189429826,77.19577896250628
FIR-INDIA-2025-00225,2025-10-05 18:06:00,OTHER,OTHER incident reported in Delhi NCR,Delhi NCR,False,Delhi NCR,28.61628965476386,77.20955700120687
FIR-INDIA-2025-00226,2025-10-10 05:21:00,OTHER,OTHER incident reported in Bengaluru City,Bengaluru City,False,Bengaluru City,12.950166173027036,77.61017239296284
FIR-INDIA-2024-00227,2024-12-11 05:06:00,ASSAULT,ASSAULT incident reported in Bengaluru City,Bengaluru City,False,Bengaluru City,12.99998331447533,77.57799202361124
FIR-INDIA-2025-00228,2025-10-01 07:57:00,ASSAULT,ASSAULT incident reported in Hyderabad Metro,Hyderabad Metro,True,Hyderabad Metro,17.368007976323142,78.4930643824086
FIR-INDIA-2024-00229,2024-01-31 09:39:00,THEFT,THEFT incident reported in Kolkata City,Kolkata City,False,Kolkata City,22.57191709533305,88.37284735631603
FIR-INDIA-2026-00230,2026-04-23 15:53:00,THEFT,THEFT incident reported in Mumbai Metro,Mumbai Metro,True,Mumbai Metro,19.08868725661273,72.88345304204778
FIR-INDIA-2025-00231,2025-04-26 07:27:00,THEFT,THEFT incident reported in Ahmedabad,Ahmedabad,True,Ahmedabad,23.017203675022245,72.55113710857917
FIR-INDIA-2025-00232,2025-10-12 09:17:00,ROBBERY,ROBBERY incident reported in Kolkata City,Kolkata City,False,Kolkata City,22.587970765863705,88.39776056616479
FIR-INDIA-2024-00233,2024-03-20 17:40:00,THEFT,THEFT incident reported in Delhi NCR,Delhi NCR,False,Delhi NCR,28.61051068192783,77.1813523032391
FIR-INDIA-2023-00234,2023-03-22 15:07:00,BURGLARY,BURGLARY incident reported in Hyderabad Metro,Hyderabad Metro,True,Hyderabad Metro,17.398533239495162,78.49102874571822
FIR-INDIA-2026-00235,2026-05-31 21:45:00,THEFT,THEFT incident reported in Bengaluru City,Bengaluru City,False,Bengaluru City,12.977434321542546,77.61743120538947
FIR-INDIA-2023-00236,2023-10-31 20:22:00,BURGLARY,BURGLARY incident reported in Mumbai Metro,Mumbai Metro,False,Mumbai Metro,19.048041516468484,72.88640507120927
FIR-INDIA-2024-00237,2024-08-30 13:27:00,THEFT,THEFT incident reported in Ahmedabad,Ahmedabad,False,Ahmedabad,23.03954452469101,72.56633929567886
FIR-INDIA-2023-00238,2023-05-12 06:25:00,THEFT,THEFT incident reported in Pune,Pune,False,Pune,18.5338359153855,73.86209419581793
FIR-INDIA-2025-00239,2025-10-03 08:37:00,THEFT,THEFT incident reported in Delhi NCR,Delhi NCR,True,Delhi NCR,28.627570119094223,77.2068766765563
FIR-INDIA-2023-00240,2023-04-23 06:17:00,THEFT,THEFT incident reported in Chennai Metro,Chennai Metro,False,Chennai Metro,13.080247653122075,80.2817649193489
FIR-INDIA-2025-00241,2025-05-03 00:20:00,THEFT,THEFT incident reported in Chennai Metro,Chennai Metro,True,Chennai Metro,13.083620875778918,80.2711348169275
FIR-INDIA-2025-00242,2025-07-31 12:50:00,THEFT,THEFT incident reported in Delhi NCR,Delhi NCR,False,Delhi NCR,28.61644035539678,77.24173312364249
FIR-INDIA-2024-00243,2024-11-09 06:57:00,BURGLARY,BURGLARY incident reported in Delhi NCR,Delhi NCR,False,Delhi NCR,28.616773563198205,77.21042450917224
FIR-INDIA-2025-00244,2025-10-22 09:42:00,OTHER,OTHER incident reported in Kolkata City,Kolkata City,False,Kolkata City,22.597546090586043,88.37125062909429
FIR-INDIA-2026-00245,2026-02-13 03:33:00,THEFT,THEFT incident reported in Bengaluru City,Bengaluru City,False,Bengaluru City,13.011144526796976,77.59419684493882
FIR-INDIA-2026-00246,2026-06-16 10:33:00,ROBBERY,ROBBERY incident reported in Delhi NCR,Delhi NCR,False,Delhi NCR,28.621298644031476,77.18244053030352
FIR-INDIA-2023-00247,2023-03-27 12:08:00,ASSAULT,ASSAULT incident reported in Bengaluru City,Bengaluru City,False,Bengaluru City,12.965442984832606,77.58064773810614
FIR-INDIA-2024-00248,2024-12-23 07:34:00,ASSAULT,ASSAULT incident reported in Hyderabad Metro,Hyderabad Metro,False,Hyderabad Metro,17.377690763979295,78.50217136385217
FIR-INDIA-2024-00249,2024-01-25 05:59:00,THEFT,THEFT incident reported in Kolkata City,Kolkata City,False,Kolkata City,22.557362131893907,88.38419340590873
FIR-INDIA-2024-00250,2024-07-06 05:24:00,THEFT,THEFT incident reported in Bengaluru City,Bengaluru City,True,Bengaluru City,12.99731626366815,77.61208512592121
FIR-INDIA-2025-00251,2025-03-17 00:04:00,THEFT,THEFT incident reported in Chennai Metro,Chennai Metro,True,Chennai Metro,13.117921109779214,80.25645636902523
FIR-INDIA-2025-00252,2025-08-11 00:02:00,CYBER,CYBER incident reported in Chennai Metro,Chennai Metro,True,Chennai Metro,13.077063102288902,80.2628566471675
FIR-INDIA-2026-00253,2026-03-23 09:48:00,THEFT,THEFT incident reported in Mumbai Metro,Mumbai Metro,False,Mumbai Metro,19.08291746156153,72.88060283592405
FIR-INDIA-2023-00254,2023-10-06 12:15:00,ROBBERY,ROBBERY incident reported in Chennai Metro,Chennai Metro,False,Chennai Metro,13.074709858526314,80.27697544554195
FIR-INDIA-2024-00255,2024-12-25 08:44:00,THEFT,THEFT incident reported in Pune,Pune,False,Pune,18.53300641938489,73.86255889357382
FIR-INDIA-2023-00256,2023-11-11 14:38:00,THEFT,THEFT incident reported in Bengaluru City,Bengaluru City,False,Bengaluru City,12.944710245778055,77.58511022551089
FIR-INDIA-2025-00257,2025-09-12 02:00:00,BURGLARY,BURGLARY incident reported in Hyderabad Metro,Hyderabad Metro,True,Hyderabad Metro,17.389900614451182,78.47892540597819
FIR-INDIA-2025-00258,2025-07-04 07:22:00,CYBER,CYBER incident reported in Mumbai Metro,Mumbai Metro,False,Mumbai Metro,19.08556810912109,72.86236868500305
FIR-INDIA-2023-00259,2023-12-07 13:16:00,ASSAULT,ASSAULT incident reported in Kolkata City,Kolkata City,False,Kolkata City,22.58729000345574,88.35507561575956
FIR-INDIA-2024-00260,2024-07-22 10:52:00,ASSAULT,ASSAULT incident reported in Delhi NCR,Delhi NCR,False,Delhi NCR,28.59767393758704,77.21841215475777
FIR-INDIA-2023-00261,2023-05-28 18:06:00,THEFT,THEFT incident reported in Kolkata City,Kolkata City,True,Kolkata City,22.564669177591085,88.35719641545369
FIR-INDIA-2023-00262,2023-05-18 17:50:00,ROBBERY,ROBBERY incident reported in Chennai Metro,Chennai Metro,False,Chennai Metro,13.065591886179774,80.26509735180433
FIR-INDIA-2024-00263,2024-11-10 20:19:00,ASSAULT,ASSAULT incident reported in Bengaluru City,Bengaluru City,True,Bengaluru City,12.97613511796854,77.60387312546119
FIR-INDIA-2025-00264,2025-08-23 23:17:00,THEFT,THEFT incident reported in Kolkata City,Kolkata City,False,Kolkata City,22.554880904012872,88.36820450994153
FIR-INDIA-2025-00265,2025-05-07 02:22:00,THEFT,THEFT incident reported in Chennai Metro,Chennai Metro,False,Chennai Metro,13.08940839410444,80.28459789042014
FIR-INDIA-2024-00266,2024-10-08 03:58:00,ROBBERY,ROBBERY incident reported in Mumbai Metro,Mumbai Metro,True,Mumbai Metro,19.06993844644168,72.85419130969915
FIR-INDIA-2024-00267,2024-08-11 02:56:00,OTHER,OTHER incident reported in Chennai Metro,Chennai Metro,False,Chennai Metro,13.06043999038101,80.26724643136968
FIR-INDIA-2023-00268,2023-03-16 14:20:00,ROBBERY,ROBBERY incident reported in Mumbai Metro,Mumbai Metro,False,Mumbai Metro,19.060339416110352,72.88319340455215
FIR-INDIA-2025-00269,2025-08-11 05:19:00,ASSAULT,ASSAULT incident reported in Delhi NCR,Delhi NCR,False,Delhi NCR,28.578016795082196,77.21871001481965
FIR-INDIA-2023-00270,2023-11-23 06:31:00,ROBBERY,ROBBERY incident reported in Bengaluru City,Bengaluru City,False,Bengaluru City,12.97112449740429,77.58966249966599
FIR-INDIA-2026-00271,2026-08-07 07:34:00,THEFT,THEFT incident reported in Mumbai Metro,Mumbai Metro,True,Mumbai Metro,19.069210174551184,72.86029169082512
FIR-INDIA-2023-00272,2023-09-02 21:29:00,THEFT,THEFT incident reported in Mumbai Metro,Mumbai Metro,False,Mumbai Metro,19.058306637660714,72.86505062179145
FIR-INDIA-2024-00273,2024-05-08 23:46:00,ASSAULT,ASSAULT incident reported in Bengaluru City,Bengaluru City,False,Bengaluru City,12.979634111546046,77.60513836707032
FIR-INDIA-2025-00274,2025-07-24 17:43:00,THEFT,THEFT incident reported in Bengaluru City,Bengaluru City,False,Bengaluru City,12.980984205939109,77.59260691456984
FIR-INDIA-2026-00275,2026-02-10 01:33:00,ASSAULT,ASSAULT incident reported in Delhi NCR,Delhi NCR,False,Delhi NCR,28.587362612198568,77.24675548152588
FIR-INDIA-2025-00276,2025-02-12 12:59:00,BURGLARY,BURGLARY incident reported in Mumbai Metro,Mumbai Metro,False,Mumbai Metro,19.055713234399345,72.88081516254121
FIR-INDIA-2024-00277,2024-05-14 22:52:00,THEFT,THEFT incident reported in Bengaluru City,Bengaluru City,False,Bengaluru City,12.982102221737222,77.58510315910837
FIR-INDIA-2023-00278,2023-03-17 17:43:00,ROBBERY,ROBBERY incident reported in Delhi NCR,Delhi NCR,True,Delhi NCR,28.614957735090556,77.2219537798643
FIR-INDIA-2025-00279,2025-05-29 17:45:00,ASSAULT,ASSAULT incident reported in Hyderabad Metro,Hyderabad Metro,True,Hyderabad Metro,17.40398380858343,78.46971382832777
FIR-INDIA-2023-00280,2023-07-26 18:39:00,THEFT,THEFT incident reported in Delhi NCR,Delhi NCR,False,Delhi NCR,28.610767168147184,77.21142149024197
FIR-INDIA-2025-00281,2025-10-09 23:23:00,THEFT,THEFT incident reported in Bengaluru City,Bengaluru City,True,Bengaluru City,12.969290754921133,77.59397978282882
FIR-INDIA-2023-00282,2023-07-13 12:22:00,OTHER,OTHER incident reported in Mumbai Metro,Mumbai Metro,False,Mumbai Metro,19.067912748783122,72.90174877291645
FIR-INDIA-2025-00283,2025-04-17 14:12:00,THEFT,THEFT incident reported in Chennai Metro,Chennai Metro,True,Chennai Metro,13.08930882735624,80.27213670697118
FIR-INDIA-2026-00284,2026-06-10 16:00:00,THEFT,THEFT incident reported in Hyderabad Metro,Hyderabad Metro,False,Hyderabad Metro,17.375551225932362,78.53042846031799
FIR-INDIA-2023-00285,2023-06-19 17:24:00,ASSAULT,ASSAULT incident reported in Kolkata City,Kolkata City,False,Kolkata City,22.58523991360013,88.3631767156637
FIR-INDIA-2025-00286,2025-06-06 18:56:00,THEFT,THEFT incident reported in Bengaluru City,Bengaluru City,False,Bengaluru City,12.958493941856132,77.60060430685735
FIR-INDIA-2025-00287,2025-12-31 04:53:00,THEFT,THEFT incident reported in Chennai Metro,Chennai Metro,False,Chennai Metro,13.08168674786846,80.28164668129052
FIR-INDIA-2024-00288,2024-02-18 15:15:00,BURGLARY,BURGLARY incident reported in Bengaluru City,Bengaluru City,False,Bengaluru City,12.958487063147228,77.57913572194057
FIR-INDIA-2023-00289,2023-02-15 22:32:00,BURGLARY,BURGLARY incident reported in Pune,Pune,True,Pune,18.50267379359093,73.86962830010285
FIR-INDIA-2023-00290,2023-04-10 00:54:00,ASSAULT,ASSAULT incident reported in Chennai Metro,Chennai Metro,False,Chennai Metro,13.057279245701976,80.25877425808342
FIR-INDIA-2024-00291,2024-07-30 13:13:00,BURGLARY,BURGLARY incident reported in Pune,Pune,True,Pune,18.529052005626024,73.85343630064455
FIR-INDIA-2024-00292,2024-09-16 00:45:00,OTHER,OTHER incident reported in Hyderabad Metro,Hyderabad Metro,True,Hyderabad Metro,17.387161303714976,78.47353898673332
FIR-INDIA-2026-00293,2026-02-23 06:03:00,THEFT,THEFT incident reported in Chennai Metro,Chennai Metro,False,Chennai Metro,13.095230640328001,80.2807823548171
FIR-INDIA-2024-00294,2024-08-15 19:58:00,THEFT,THEFT incident reported in Hyderabad Metro,Hyderabad Metro,True,Hyderabad Metro,17.41592097699835,78.48568025599678
FIR-INDIA-2023-00295,2023-03-19 05:31:00,OTHER,OTHER incident reported in Hyderabad Metro,Hyderabad Metro,False,Hyderabad Metro,17.387633627667636,78.48978063138009
FIR-INDIA-2023-00296,2023-03-01 16:48:00,THEFT,THEFT incident reported in Delhi NCR,Delhi NCR,False,Delhi NCR,28.629120231630136,77.20988582173145
FIR-INDIA-2024-00297,2024-09-04 09:09:00,THEFT,THEFT incident reported in Mumbai Metro,Mumbai Metro,False,Mumbai Metro,19.064076013820852,72.9069087311274
FIR-INDIA-2026-00298,2026-01-07 17:02:00,ROBBERY,ROBBERY incident reported in Mumbai Metro,Mumbai Metro,False,Mumbai Metro,19.09087712381134,72.88725660076373
FIR-INDIA-2024-00299,2024-12-30 21:04:00,THEFT,THEFT incident reported in Chennai Metro,Chennai Metro,False,Chennai Metro,13.064811200716898,80.2977942891904
FIR-INDIA-2026-00300,2026-01-14 03:17:00,THEFT,THEFT incident reported in Pune,Pune,False,Pune,18.50747236222348,73.84491232568044
FIR-INDIA-2024-00301,2024-05-30 05:18:00,OTHER,OTHER incident reported in Hyderabad Metro,Hyderabad Metro,False,Hyderabad Metro,17.382721976381127,78.474926550548
FIR-INDIA-2024-00302,2024-11-29 14:54:00,THEFT,THEFT incident reported in Mumbai Metro,Mumbai Metro,False,Mumbai Metro,19.102696565129552,72.87140261246572
FIR-INDIA-2026-00303,2026-02-17 05:14:00,ASSAULT,ASSAULT incident reported in Pune,Pune,False,Pune,18.513491606321363,73.8287327326019
FIR-INDIA-2024-00304,2024-12-04 21:48:00,THEFT,THEFT incident reported in Mumbai Metro,Mumbai Metro,False,Mumbai Metro,19.07818821403743,72.87333600013747
FIR-INDIA-2024-00305,2024-10-02 11:47:00,THEFT,THEFT incident reported in Ahmedabad,Ahmedabad,True,Ahmedabad,23.032097225048137,72.58859384863824
FIR-INDIA-2023-00306,2023-01-27 20:47:00,THEFT,THEFT incident reported in Mumbai Metro,Mumbai Metro,False,Mumbai Metro,19.069465937360533,72.8797492796503
FIR-INDIA-2025-00307,2025-07-27 22:10:00,ROBBERY,ROBBERY incident reported in Hyderabad Metro,Hyderabad Metro,False,Hyderabad Metro,17.411757536344773,78.50793319566209
FIR-INDIA-2023-00308,2023-10-26 06:28:00,THEFT,THEFT incident reported in Delhi NCR,Delhi NCR,False,Delhi NCR,28.601725037235433,77.22726489710098
FIR-INDIA-2024-00309,2024-11-24 06:33:00,THEFT,THEFT incident reported in Delhi NCR,Delhi NCR,True,Delhi NCR,28.574612665769383,77.2147281675068
FIR-INDIA-2023-00310,2023-06-06 10:10:00,ASSAULT,ASSAULT incident reported in Bengaluru City,Bengaluru City,False,Bengaluru City,12.989901996590989,77.60267222477174
FIR-INDIA-2025-00311,2025-12-01 21:50:00,THEFT,THEFT incident reported in Pune,Pune,False,Pune,18.515941950541464,73.81859084541827
FIR-INDIA-2025-00312,2025-12-29 23:48:00,CYBER,CYBER incident reported in Bengaluru City,Bengaluru City,False,Bengaluru City,12.964849929548986,77.59010389940184
FIR-INDIA-2025-00313,2025-04-04 20:02:00,THEFT,THEFT incident reported in Kolkata City,Kolkata City,False,Kolkata City,22.58439623992514,88.33585682529191
FIR-INDIA-2023-00314,2023-09-27 09:01:00,THEFT,THEFT incident reported in Delhi NCR,Delhi NCR,False,Delhi NCR,28.654915117587027,77.21603609600162
FIR-INDIA-2023-00315,2023-04-10 05:37:00,OTHER,OTHER incident reported in Kolkata City,Kolkata City,False,Kolkata City,22.589284843122538,88.36758770283292
FIR-INDIA-2026-00316,2026-06-21 15:35:00,THEFT,THEFT incident reported in Kolkata City,Kolkata City,False,Kolkata City,22.569626256466172,88.3528340335506
FIR-INDIA-2025-00317,2025-07-09 07:13:00,ROBBERY,ROBBERY incident reported in Mumbai Metro,Mumbai Metro,False,Mumbai Metro,19.074878906721704,72.89222178784833
FIR-INDIA-2024-00318,2024-08-22 17:26:00,THEFT,THEFT incident reported in Delhi NCR,Delhi NCR,False,Delhi NCR,28.604739696616903,77.19940477188923
FIR-INDIA-2024-00319,2024-08-03 17:37:00,THEFT,THEFT incident reported in Bengaluru City,Bengaluru City,True,Bengaluru City,12.973027364049104,77.58996511627623
FIR-INDIA-2024-00320,2024-04-23 14:52:00,THEFT,THEFT incident reported in Mumbai Metro,Mumbai Metro,False,Mumbai Metro,19.090352492658212,72.85765890693511
FIR-INDIA-2023-00321,2023-11-07 18:47:00,ROBBERY,ROBBERY incident reported in Chennai Metro,Chennai Metro,False,Chennai Metro,13.078070579813588,80.2715073266874
FIR-INDIA-2023-00322,2023-12-04 13:29:00,THEFT,THEFT incident reported in Kolkata City,Kolkata City,False,Kolkata City,22.580498056557325,88.37180829748854
FIR-INDIA-2025-00323,2025-12-31 22:54:00,BURGLARY,BURGLARY incident reported in Hyderabad Metro,Hyderabad Metro,False,Hyderabad Metro,17.39095394668034,78.4960581468028
FIR-INDIA-2024-00324,2024-08-17 17:24:00,ROBBERY,ROBBERY incident reported in Mumbai Metro,Mumbai Metro,False,Mumbai Metro,19.07243572496803,72.86725974351792
FIR-INDIA-2024-00325,2024-10-06 14:38:00,ASSAULT,ASSAULT incident reported in Mumbai Metro,Mumbai Metro,False,Mumbai Metro,19.063150496651758,72.88874809667904
FIR-INDIA-2024-00326,2024-04-16 00:42:00,ASSAULT,ASSAULT incident reported in Kolkata City,Kolkata City,False,Kolkata City,22.58635692889192,88.341465268662
FIR-INDIA-2025-00327,2025-12-27 05:04:00,THEFT,THEFT incident reported in Hyderabad Metro,Hyderabad Metro,False,Hyderabad Metro,17.366583406372147,78.50979254631577
FIR-INDIA-2023-00328,2023-10-30 02:20:00,THEFT,THEFT incident reported in Ahmedabad,Ahmedabad,False,Ahmedabad,23.02639406048455,72.57927351850783
FIR-INDIA-2025-00329,2025-09-13 18:36:00,THEFT,THEFT incident reported in Kolkata City,Kolkata City,True,Kolkata City,22.57964628048621,88.38380221511258
FIR-INDIA-2026-00330,2026-06-24 09:48:00,THEFT,THEFT incident reported in Kolkata City,Kolkata City,True,Kolkata City,22.593834611896423,88.38627275610581
FIR-INDIA-2026-00331,2026-07-07 21:50:00,THEFT,THEFT incident reported in Bengaluru City,Bengaluru City,False,Bengaluru City,12.964471999092478,77.613262141651
FIR-INDIA-2025-00332,2025-01-25 05:31:00,ASSAULT,ASSAULT incident reported in Kolkata City,Kolkata City,False,Kolkata City,22.564612444319508,88.35727105122774
FIR-INDIA-2025-00333,2025-02-26 21:07:00,THEFT,THEFT incident reported in Hyderabad Metro,Hyderabad Metro,True,Hyderabad Metro,17.38273995429034,78.49918211647005
FIR-INDIA-2024-00334,2024-07-27 04:01:00,OTHER,OTHER incident reported in Hyderabad Metro,Hyderabad Metro,False,Hyderabad Metro,17.389653734872912,78.48057605265565
FIR-INDIA-2026-00335,2026-01-24 00:06:00,CYBER,CYBER incident reported in Mumbai Metro,Mumbai Metro,True,Mumbai Metro,19.102679605172547,72.89614624717856
FIR-INDIA-2024-00336,2024-01-18 10:21:00,ASSAULT,ASSAULT incident reported in Pune,Pune,False,Pune,18.523215330436564,73.85185697267083
FIR-INDIA-2025-00337,2025-10-22 03:58:00,BURGLARY,BURGLARY incident reported in Bengaluru City,Bengaluru City,True,Bengaluru City,12.965258538485616,77.60684277657225
FIR-INDIA-2025-00338,2025-01-28 16:43:00,ASSAULT,ASSAULT incident reported in Delhi NCR,Delhi NCR,False,Delhi NCR,28.63957620022427,77.18083258877022
FIR-INDIA-2024-00339,2024-10-28 20:51:00,THEFT,THEFT incident reported in Delhi NCR,Delhi NCR,False,Delhi NCR,28.62870251026292,77.18136229290513
FIR-INDIA-2025-00340,2025-11-23 05:23:00,BURGLARY,BURGLARY incident reported in Chennai Metro,Chennai Metro,False,Chennai Metro,13.083994306831565,80.26496074707164
FIR-INDIA-2023-00341,2023-02-08 09:00:00,OTHER,OTHER incident reported in Delhi NCR,Delhi NCR,False,Delhi NCR,28.588442864607973,77.17586939725483
FIR-INDIA-2025-00342,2025-04-25 11:14:00,THEFT,THEFT incident reported in Delhi NCR,Delhi NCR,True,Delhi NCR,28.624063819712752,77.19079579986459
FIR-INDIA-2024-00343,2024-10-31 00:42:00,THEFT,THEFT incident reported in Ahmedabad,Ahmedabad,False,Ahmedabad,23.018401105986047,72.5934562169109
FIR-INDIA-2024-00344,2024-06-22 08:29:00,THEFT,THEFT incident reported in Delhi NCR,Delhi NCR,False,Delhi NCR,28.60174151130773,77.18699103496483
FIR-INDIA-2026-00345,2026-03-05 18:33:00,THEFT,THEFT incident reported in Mumbai Metro,Mumbai Metro,False,Mumbai Metro,19.070551261620675,72.88148132774771
FIR-INDIA-2024-00346,2024-09-04 16:24:00,ROBBERY,ROBBERY incident reported in Bengaluru City,Bengaluru City,False,Bengaluru City,12.977460118050823,77.58117434024167
FIR-INDIA-2025-00347,2025-03-31 20:59:00,ASSAULT,ASSAULT incident reported in Delhi NCR,Delhi NCR,False,Delhi NCR,28.565926489337325,77.21908766347437
FIR-INDIA-2025-00348,2025-03-30 20:38:00,THEFT,THEFT incident reported in Chennai Metro,Chennai Metro,False,Chennai Metro,13.084740945812102,80.27971816320594
FIR-INDIA-2026-00349,2026-06-25 05:52:00,ASSAULT,ASSAULT incident reported in Chennai Metro,Chennai Metro,False,Chennai Metro,13.06941752488231,80.29656184771076
FIR-INDIA-2025-00350,2025-04-14 03:02:00,ASSAULT,ASSAULT incident reported in Bengaluru City,Bengaluru City,True,Bengaluru City,12.979624670462176,77.59987889280107
FIR-INDIA-2024-00351,2024-11-30 01:47:00,ASSAULT,ASSAULT incident reported in Pune,Pune,False,Pune,18.492110915192846,73.84512463268594
FIR-INDIA-2023-00352,2023-02-07 21:47:00,THEFT,THEFT incident reported in Delhi NCR,Delhi NCR,False,Delhi NCR,28.63984529469585,77.20908399643046
FIR-INDIA-2024-00353,2024-10-11 09:35:00,THEFT,THEFT incident reported in Chennai Metro,Chennai Metro,False,Chennai Metro,13.072101874319454,80.27163526724823
FIR-INDIA-2023-00354,2023-10-18 22:10:00,CYBER,CYBER incident reported in Mumbai Metro,Mumbai Metro,True,Mumbai Metro,19.044542161028307,72.86355379555869
FIR-INDIA-2023-00355,2023-02-27 02:28:00,ROBBERY,ROBBERY incident reported in Chennai Metro,Chennai Metro,False,Chennai Metro,13.116641888126072,80.24209175687176
FIR-INDIA-2026-00356,2026-02-24 21:14:00,THEFT,THEFT incident reported in Delhi NCR,Delhi NCR,False,Delhi NCR,28.60448317725445,77.22602232823162
FIR-INDIA-2024-00357,2024-11-28 10:15:00,OTHER,OTHER incident reported in Chennai Metro,Chennai Metro,False,Chennai Metro,13.054484270549708,80.25120903535937
FIR-INDIA-2024-00358,2024-07-07 19:01:00,ASSAULT,ASSAULT incident reported in Bengaluru City,Bengaluru City,True,Bengaluru City,12.983733914777176,77.5637725359984
FIR-INDIA-2023-00359,2023-05-16 20:04:00,ROBBERY,ROBBERY incident reported in Delhi NCR,Delhi NCR,False,Delhi NCR,28.61109173496829,77.20948759773692
FIR-INDIA-2026-00360,2026-01-22 14:07:00,THEFT,THEFT incident reported in Mumbai Metro,Mumbai Metro,False,Mumbai Metro,19.07882461888361,72.8659120037622
FIR-INDIA-2024-00361,2024-12-22 06:15:00,BURGLARY,BURGLARY incident reported in Bengaluru City,Bengaluru City,False,Bengaluru City,12.970776052361623,77.61367128988142
FIR-INDIA-2024-00362,2024-10-01 22:58:00,ASSAULT,ASSAULT incident reported in Bengaluru City,Bengaluru City,False,Bengaluru City,12.976405543452627,77.59654513202702
FIR-INDIA-2024-00363,2024-06-16 16:18:00,ROBBERY,ROBBERY incident reported in Pune,Pune,True,Pune,18.545554050306436,73.83380634310299
FIR-INDIA-2023-00364,2023-03-05 09:43:00,THEFT,THEFT incident reported in Bengaluru City,Bengaluru City,False,Bengaluru City,12.959024719433977,77.58772598383662
FIR-INDIA-2023-00365,2023-11-02 00:24:00,BURGLARY,BURGLARY incident reported in Chennai Metro,Chennai Metro,True,Chennai Metro,13.067125864603637,80.26463586620515
FIR-INDIA-2024-00366,2024-01-08 14:18:00,CYBER,CYBER incident reported in Kolkata City,Kolkata City,False,Kolkata City,22.57231198138728,88.34762022141727
FIR-INDIA-2025-00367,2025-09-07 09:17:00,ASSAULT,ASSAULT incident reported in Delhi NCR,Delhi NCR,False,Delhi NCR,28.631522464119385,77.18477236539867
FIR-INDIA-2024-00368,2024-12-02 17:24:00,ASSAULT,ASSAULT incident reported in Mumbai Metro,Mumbai Metro,False,Mumbai Metro,19.077764420785538,72.87425136815366
FIR-INDIA-2026-00369,2026-05-12 14:09:00,ASSAULT,ASSAULT incident reported in Chennai Metro,Chennai Metro,True,Chennai Metro,13.079613992676464,80.2726077560308
FIR-INDIA-2026-00370,2026-08-23 01:54:00,CYBER,CYBER incident reported in Pune,Pune,True,Pune,18.514186076536582,73.84566138537144
FIR-INDIA-2023-00371,2023-12-02 10:27:00,BURGLARY,BURGLARY incident reported in Delhi NCR,Delhi NCR,False,Delhi NCR,28.60144604352659,77.19990906752471
FIR-INDIA-2026-00372,2026-03-06 10:47:00,ASSAULT,ASSAULT incident reported in Bengaluru City,Bengaluru City,False,Bengaluru City,12.964179431574447,77.60010072160053
FIR-INDIA-2026-00373,2026-07-14 21:13:00,THEFT,THEFT incident reported in Mumbai Metro,Mumbai Metro,False,Mumbai Metro,19.04474956707857,72.8911088263005
FIR-INDIA-2023-00374,2023-04-28 11:02:00,THEFT,THEFT incident reported in Bengaluru City,Bengaluru City,True,Bengaluru City,12.95911270731737,77.59997471493415
FIR-INDIA-2026-00375,2026-05-17 17:06:00,THEFT,THEFT incident reported in Delhi NCR,Delhi NCR,False,Delhi NCR,28.61467910337022,77.19804755420724
FIR-INDIA-2025-00376,2025-04-27 11:34:00,CYBER,CYBER incident reported in Bengaluru City,Bengaluru City,False,Bengaluru City,12.961500721432298,77.57936680096714
FIR-INDIA-2024-00377,2024-07-28 17:21:00,ROBBERY,ROBBERY incident reported in Mumbai Metro,Mumbai Metro,False,Mumbai Metro,19.050604398312377,72.87237825337411
FIR-INDIA-2025-00378,2025-02-07 11:39:00,THEFT,THEFT incident reported in Hyderabad Metro,Hyderabad Metro,True,Hyderabad Metro,17.3699947309466,78.50165401404152
FIR-INDIA-2025-00379,2025-12-12 01:56:00,ASSAULT,ASSAULT incident reported in Mumbai Metro,Mumbai Metro,False,Mumbai Metro,19.101775667473653,72.87476814945225
FIR-INDIA-2026-00380,2026-01-12 06:06:00,THEFT,THEFT incident reported in Delhi NCR,Delhi NCR,True,Delhi NCR,28.619313840587203,77.20409389765278
FIR-INDIA-2024-00381,2024-04-28 14:02:00,THEFT,THEFT incident reported in Delhi NCR,Delhi NCR,False,Delhi NCR,28.622218722785945,77.21891260600277
FIR-INDIA-2024-00382,2024-04-10 19:00:00,THEFT,THEFT incident reported in Bengaluru City,Bengaluru City,False,Bengaluru City,12.954415249703507,77.5711699877119
FIR-INDIA-2024-00383,2024-11-14 05:20:00,THEFT,THEFT incident reported in Chennai Metro,Chennai Metro,False,Chennai Metro,13.069449611530345,80.24235266488066
FIR-INDIA-2023-00384,2023-04-25 20:55:00,THEFT,THEFT incident reported in Mumbai Metro,Mumbai Metro,True,Mumbai Metro,19.0658062966,72.85630146167358
FIR-INDIA-2025-00385,2025-01-03 03:06:00,THEFT,THEFT incident reported in Mumbai Metro,Mumbai Metro,False,Mumbai Metro,19.078082970220883,72.87850052486361
FIR-INDIA-2024-00386,2024-08-19 17:58:00,BURGLARY,BURGLARY incident reported in Mumbai Metro,Mumbai Metro,False,Mumbai Metro,19.079152471168356,72.87309121362574
FIR-INDIA-2025-00387,2025-01-23 05:59:00,THEFT,THEFT incident reported in Hyderabad Metro,Hyderabad Metro,False,Hyderabad Metro,17.39556041916451,78.49038697276484
FIR-INDIA-2026-00388,2026-03-02 20:09:00,ASSAULT,ASSAULT incident reported in Kolkata City,Kolkata City,False,Kolkata City,22.57615270106028,88.35781623165803
FIR-INDIA-2026-00389,2026-03-08 11:28:00,ROBBERY,ROBBERY incident reported in Kolkata City,Kolkata City,False,Kolkata City,22.561278176798336,88.35678035185074
FIR-INDIA-2023-00390,2023-03-24 07:26:00,THEFT,THEFT incident reported in Kolkata City,Kolkata City,True,Kolkata City,22.60082730265141,88.36516946414586
FIR-INDIA-2023-00391,2023-11-29 05:10:00,CYBER,CYBER incident reported in Chennai Metro,Chennai Metro,False,Chennai Metro,13.07807293831461,80.26247519284206
FIR-INDIA-2024-00392,2024-10-13 07:36:00,ROBBERY,ROBBERY incident reported in Hyderabad Metro,Hyderabad Metro,False,Hyderabad Metro,17.396523870679804,78.49857108364566
FIR-INDIA-2025-00393,2025-03-07 15:15:00,ROBBERY,ROBBERY incident reported in Kolkata City,Kolkata City,True,Kolkata City,22.57291952176182,88.35812182657806
FIR-INDIA-2025-00394,2025-04-11 07:35:00,OTHER,OTHER incident reported in Mumbai Metro,Mumbai Metro,False,Mumbai Metro,19.063416734230092,72.87603039733017
FIR-INDIA-2024-00395,2024-07-25 18:39:00,THEFT,THEFT incident reported in Pune,Pune,False,Pune,18.533246354828428,73.872569395237
FIR-INDIA-2024-00396,2024-01-08 08:59:00,THEFT,THEFT incident reported in Mumbai Metro,Mumbai Metro,True,Mumbai Metro,19.07334842383639,72.88377126953343
FIR-INDIA-2023-00397,2023-08-31 08:07:00,BURGLARY,BURGLARY incident reported in Mumbai Metro,Mumbai Metro,False,Mumbai Metro,19.070440005984647,72.85246428278255
FIR-INDIA-2026-00398,2026-07-06 14:48:00,CYBER,CYBER incident reported in Mumbai Metro,Mumbai Metro,False,Mumbai Metro,19.09744008310371,72.86512071840627
FIR-INDIA-2026-00399,2026-05-25 10:47:00,CYBER,CYBER incident reported in Delhi NCR,Delhi NCR,False,Delhi NCR,28.617594128020922,77.20400851095684
FIR-INDIA-2025-00400,2025-04-14 21:58:00,THEFT,THEFT incident reported in Hyderabad Metro,Hyderabad Metro,False,Hyderabad Metro,17.385902918099976,78.51938211446763
FIR-INDIA-2025-00401,2025-08-31 09:32:00,THEFT,THEFT incident reported in Delhi NCR,Delhi NCR,False,Delhi NCR,28.610941661037295,77.20764755438614
FIR-INDIA-2026-00402,2026-07-28 07:04:00,ASSAULT,ASSAULT incident reported in Chennai Metro,Chennai Metro,True,Chennai Metro,13.060740960864242,80.26391317934505
FIR-INDIA-2026-00403,2026-01-15 12:22:00,ASSAULT,ASSAULT incident reported in Bengaluru City,Bengaluru City,True,Bengaluru City,12.988825055458207,77.60353336672406
FIR-INDIA-2023-00404,2023-02-04 23:46:00,BURGLARY,BURGLARY incident reported in Chennai Metro,Chennai Metro,False,Chennai Metro,13.088345830241899,80.27441438336058
FIR-INDIA-2023-00405,2023-12-20 07:11:00,THEFT,THEFT incident reported in Mumbai Metro,Mumbai Metro,False,Mumbai Metro,19.062603195708746,72.85771994546874
FIR-INDIA-2024-00406,2024-10-23 04:35:00,CYBER,CYBER incident reported in Delhi NCR,Delhi NCR,False,Delhi NCR,28.63162103962401,77.2166967610827
FIR-INDIA-2023-00407,2023-03-16 09:06:00,ASSAULT,ASSAULT incident reported in Mumbai Metro,Mumbai Metro,False,Mumbai Metro,19.057761606351526,72.8661310296879
FIR-INDIA-2023-00408,2023-01-28 16:04:00,THEFT,THEFT incident reported in Ahmedabad,Ahmedabad,False,Ahmedabad,23.011909779073864,72.53237287734483
FIR-INDIA-2026-00409,2026-03-23 19:02:00,ASSAULT,ASSAULT incident reported in Bengaluru City,Bengaluru City,False,Bengaluru City,12.983563079941643,77.61133209529595
FIR-INDIA-2023-00410,2023-12-20 12:46:00,ASSAULT,ASSAULT incident reported in Chennai Metro,Chennai Metro,False,Chennai Metro,13.073819765885304,80.24647062419774
FIR-INDIA-2023-00411,2023-11-26 20:11:00,BURGLARY,BURGLARY incident reported in Kolkata City,Kolkata City,False,Kolkata City,22.568119666903335,88.37939324496088
FIR-INDIA-2024-00412,2024-10-31 10:09:00,THEFT,THEFT incident reported in Mumbai Metro,Mumbai Metro,False,Mumbai Metro,19.082249196962465,72.88542769949218
FIR-INDIA-2026-00413,2026-01-28 09:18:00,ASSAULT,ASSAULT incident reported in Bengaluru City,Bengaluru City,True,Bengaluru City,12.98506841056193,77.59741765365895
FIR-INDIA-2023-00414,2023-06-26 19:07:00,BURGLARY,BURGLARY incident reported in Chennai Metro,Chennai Metro,False,Chennai Metro,13.110665113718841,80.27056438309229
FIR-INDIA-2023-00415,2023-02-10 02:09:00,ASSAULT,ASSAULT incident reported in Bengaluru City,Bengaluru City,False,Bengaluru City,12.966600629465958,77.5986020215845
FIR-INDIA-2023-00416,2023-04-07 00:55:00,BURGLARY,BURGLARY incident reported in Kolkata City,Kolkata City,True,Kolkata City,22.569734399450347,88.36504647314212
FIR-INDIA-2023-00417,2023-12-17 23:33:00,THEFT,THEFT incident reported in Pune,Pune,False,Pune,18.527338824286176,73.83005198034873
FIR-INDIA-2023-00418,2023-09-27 06:36:00,THEFT,THEFT incident reported in Ahmedabad,Ahmedabad,False,Ahmedabad,23.038099590890408,72.57022999720327
FIR-INDIA-2024-00419,2024-04-04 15:33:00,THEFT,THEFT incident reported in Chennai Metro,Chennai Metro,True,Chennai Metro,13.127042365228375,80.26501002952558
FIR-INDIA-2025-00420,2025-02-25 17:59:00,CYBER,CYBER incident reported in Bengaluru City,Bengaluru City,False,Bengaluru City,12.962463684315624,77.59690909268208
FIR-INDIA-2026-00421,2026-03-10 20:07:00,ASSAULT,ASSAULT incident reported in Mumbai Metro,Mumbai Metro,True,Mumbai Metro,19.085092335085626,72.87879252461481
FIR-INDIA-2023-00422,2023-12-13 23:27:00,THEFT,THEFT incident reported in Chennai Metro,Chennai Metro,True,Chennai Metro,13.074826064384261,80.26231976087203
FIR-INDIA-2026-00423,2026-02-01 11:42:00,OTHER,OTHER incident reported in Mumbai Metro,Mumbai Metro,False,Mumbai Metro,19.06950184866101,72.87357969606227
FIR-INDIA-2024-00424,2024-02-07 20:57:00,ASSAULT,ASSAULT incident reported in Hyderabad Metro,Hyderabad Metro,False,Hyderabad Metro,17.402964070783163,78.4998363969074
FIR-INDIA-2023-00425,2023-11-10 17:56:00,BURGLARY,BURGLARY incident reported in Mumbai Metro,Mumbai Metro,False,Mumbai Metro,19.018132148523463,72.8445360433224
FIR-INDIA-2026-00426,2026-08-14 09:30:00,THEFT,THEFT incident reported in Bengaluru City,Bengaluru City,False,Bengaluru City,12.961079479924798,77.62185888633917
FIR-INDIA-2026-00427,2026-03-09 21:00:00,ASSAULT,ASSAULT incident reported in Mumbai Metro,Mumbai Metro,False,Mumbai Metro,19.069177008267125,72.8932980420583
FIR-INDIA-2025-00428,2025-12-24 04:54:00,THEFT,THEFT incident reported in Pune,Pune,False,Pune,18.529589112670887,73.86252132328889
FIR-INDIA-2023-00429,2023-03-03 11:26:00,ASSAULT,ASSAULT incident reported in Bengaluru City,Bengaluru City,False,Bengaluru City,12.957263476989853,77.59018801940749
FIR-INDIA-2026-00430,2026-02-03 02:46:00,THEFT,THEFT incident reported in Chennai Metro,Chennai Metro,False,Chennai Metro,13.080020349972813,80.2902045073519
FIR-INDIA-2025-00431,2025-08-17 09:40:00,THEFT,THEFT incident reported in Pune,Pune,False,Pune,18.51802078755292,73.85565973594163
FIR-INDIA-2026-00432,2026-03-02 06:57:00,THEFT,THEFT incident reported in Chennai Metro,Chennai Metro,False,Chennai Metro,13.090062578371125,80.23100207697487
FIR-INDIA-2026-00433,2026-04-13 15:37:00,ASSAULT,ASSAULT incident reported in Delhi NCR,Delhi NCR,False,Delhi NCR,28.603668872354564,77.2262497619105
FIR-INDIA-2023-00434,2023-08-02 20:43:00,ROBBERY,ROBBERY incident reported in Bengaluru City,Bengaluru City,True,Bengaluru City,12.980482188881362,77.59104634940805
FIR-INDIA-2025-00435,2025-01-04 13:31:00,CYBER,CYBER incident reported in Delhi NCR,Delhi NCR,False,Delhi NCR,28.626347691368142,77.20103296968364
FIR-INDIA-2023-00436,2023-06-25 15:39:00,ROBBERY,ROBBERY incident reported in Kolkata City,Kolkata City,False,Kolkata City,22.576274048787987,88.33321831923352
FIR-INDIA-2026-00437,2026-03-02 13:38:00,THEFT,THEFT incident reported in Pune,Pune,False,Pune,18.537927686608143,73.87028826375507
FIR-INDIA-2023-00438,2023-12-07 00:38:00,ASSAULT,ASSAULT incident reported in Hyderabad Metro,Hyderabad Metro,False,Hyderabad Metro,17.383703162925002,78.50348095074338
FIR-INDIA-2025-00439,2025-02-10 22:43:00,THEFT,THEFT incident reported in Delhi NCR,Delhi NCR,False,Delhi NCR,28.611244821706396,77.210281445721
FIR-INDIA-2023-00440,2023-07-01 10:46:00,THEFT,THEFT incident reported in Kolkata City,Kolkata City,False,Kolkata City,22.561861054739914,88.35648800912918
FIR-INDIA-2023-00441,2023-11-15 19:35:00,THEFT,THEFT incident reported in Bengaluru City,Bengaluru City,True,Bengaluru City,12.968305077100677,77.62897542178267
FIR-INDIA-2024-00442,2024-05-07 01:50:00,ROBBERY,ROBBERY incident reported in Mumbai Metro,Mumbai Metro,True,Mumbai Metro,19.042722401356762,72.88468438921015
FIR-INDIA-2024-00443,2024-01-12 07:49:00,THEFT,THEFT incident reported in Kolkata City,Kolkata City,False,Kolkata City,22.576088944135304,88.37203159990024
FIR-INDIA-2024-00444,2024-05-24 09:47:00,THEFT,THEFT incident reported in Hyderabad Metro,Hyderabad Metro,False,Hyderabad Metro,17.374527060896632,78.49565423010495
FIR-INDIA-2024-00445,2024-11-15 13:24:00,ASSAULT,ASSAULT incident reported in Bengaluru City,Bengaluru City,True,Bengaluru City,12.958269585712069,77.58754885517287
FIR-INDIA-2025-00446,2025-06-08 12:09:00,THEFT,THEFT incident reported in Ahmedabad,Ahmedabad,False,Ahmedabad,23.015159703654327,72.55301297935395
FIR-INDIA-2023-00447,2023-07-23 10:29:00,THEFT,THEFT incident reported in Chennai Metro,Chennai Metro,True,Chennai Metro,13.055866453752609,80.27024296522642
FIR-INDIA-2026-00448,2026-01-09 01:13:00,THEFT,THEFT incident reported in Kolkata City,Kolkata City,False,Kolkata City,22.581105508830078,88.3732905369586
FIR-INDIA-2025-00449,2025-07-09 00:56:00,CYBER,CYBER incident reported in Mumbai Metro,Mumbai Metro,False,Mumbai Metro,19.072709244865464,72.86048758515336
FIR-INDIA-2023-00450,2023-09-16 06:47:00,THEFT,THEFT incident reported in Mumbai Metro,Mumbai Metro,False,Mumbai Metro,19.082736305395322,72.89286001712554
FIR-INDIA-2024-00451,2024-06-13 22:35:00,THEFT,THEFT incident reported in Mumbai Metro,Mumbai Metro,False,Mumbai Metro,19.06577099863965,72.85784196514747
FIR-INDIA-2024-00452,2024-05-19 02:01:00,BURGLARY,BURGLARY incident reported in Bengaluru City,Bengaluru City,True,Bengaluru City,12.968162991981343,77.59769515452899
FIR-INDIA-2025-00453,2025-09-24 11:22:00,THEFT,THEFT incident reported in Mumbai Metro,Mumbai Metro,False,Mumbai Metro,19.107086373666046,72.89917008889186
FIR-INDIA-2026-00454,2026-01-20 15:01:00,ASSAULT,ASSAULT incident reported in Delhi NCR,Delhi NCR,False,Delhi NCR,28.602631833177238,77.22532863781451
FIR-INDIA-2024-00455,2024-06-10 18:58:00,THEFT,THEFT incident reported in Delhi NCR,Delhi NCR,False,Delhi NCR,28.63294619012438,77.2151225603711
FIR-INDIA-2024-00456,2024-07-27 02:05:00,ASSAULT,ASSAULT incident reported in Chennai Metro,Chennai Metro,False,Chennai Metro,13.076947974902241,80.28177985027537
FIR-INDIA-2025-00457,2025-03-20 15:49:00,ASSAULT,ASSAULT incident reported in Bengaluru City,Bengaluru City,False,Bengaluru City,12.979101437457013,77.60707700730495
FIR-INDIA-2023-00458,2023-09-24 22:37:00,ASSAULT,ASSAULT incident reported in Mumbai Metro,Mumbai Metro,False,Mumbai Metro,19.08983576888112,72.87562533635166
FIR-INDIA-2023-00459,2023-03-06 03:10:00,ASSAULT,ASSAULT incident reported in Mumbai Metro,Mumbai Metro,False,Mumbai Metro,19.09796451066993,72.88452953788561
FIR-INDIA-2024-00460,2024-10-04 22:41:00,CYBER,CYBER incident reported in Mumbai Metro,Mumbai Metro,False,Mumbai Metro,19.066649899785947,72.88337606851576
FIR-INDIA-2026-00461,2026-03-10 13:08:00,THEFT,THEFT incident reported in Kolkata City,Kolkata City,False,Kolkata City,22.58334627192629,88.35239920421209
FIR-INDIA-2025-00462,2025-12-26 10:09:00,OTHER,OTHER incident reported in Ahmedabad,Ahmedabad,False,Ahmedabad,23.028308002136807,72.58240487026566
FIR-INDIA-2026-00463,2026-07-20 09:34:00,CYBER,CYBER incident reported in Hyderabad Metro,Hyderabad Metro,True,Hyderabad Metro,17.39503060803186,78.48567314999211
FIR-INDIA-2023-00464,2023-12-09 15:26:00,CYBER,CYBER incident reported in Delhi NCR,Delhi NCR,False,Delhi NCR,28.61749715822083,77.20595518313279
FIR-INDIA-2026-00465,2026-07-07 01:33:00,THEFT,THEFT incident reported in Bengaluru City,Bengaluru City,False,Bengaluru City,12.963456280337374,77.57953174733025
FIR-INDIA-2023-00466,2023-02-06 00:21:00,THEFT,THEFT incident reported in Pune,Pune,False,Pune,18.505874127437075,73.86583917410545
FIR-INDIA-2023-00467,2023-09-18 00:51:00,ROBBERY,ROBBERY incident reported in Bengaluru City,Bengaluru City,False,Bengaluru City,12.980361362494182,77.6021681917869
FIR-INDIA-2024-00468,2024-11-04 17:00:00,ASSAULT,ASSAULT incident reported in Delhi NCR,Delhi NCR,False,Delhi NCR,28.586337163243513,77.20865607512752
FIR-INDIA-2023-00469,2023-06-21 09:12:00,THEFT,THEFT incident reported in Delhi NCR,Delhi NCR,False,Delhi NCR,28.60741315463017,77.2173663897647
FIR-INDIA-2024-00470,2024-06-30 18:30:00,OTHER,OTHER incident reported in Kolkata City,Kolkata City,False,Kolkata City,22.56696696488876,88.37684969651816
FIR-INDIA-2024-00471,2024-09-30 04:09:00,CYBER,CYBER incident reported in Mumbai Metro,Mumbai Metro,False,Mumbai Metro,19.098207691639583,72.85663164814518
FIR-INDIA-2026-00472,2026-05-08 02:21:00,THEFT,THEFT incident reported in Chennai Metro,Chennai Metro,True,Chennai Metro,13.06038476561225,80.27735241372432
FIR-INDIA-2025-00473,2025-01-05 05:50:00,ASSAULT,ASSAULT incident reported in Bengaluru City,Bengaluru City,False,Bengaluru City,12.962314080699091,77.58909000455222
FIR-INDIA-2024-00474,2024-01-24 12:57:00,BURGLARY,BURGLARY incident reported in Pune,Pune,True,Pune,18.5208919030844,73.8605042635676
FIR-INDIA-2024-00475,2024-06-24 12:26:00,THEFT,THEFT incident reported in Kolkata City,Kolkata City,True,Kolkata City,22.56966072895718,88.36962896873905
FIR-INDIA-2024-00476,2024-08-15 17:23:00,THEFT,THEFT incident reported in Hyderabad Metro,Hyderabad Metro,True,Hyderabad Metro,17.358538380034688,78.49522861673681
FIR-INDIA-2025-00477,2025-09-17 15:48:00,BURGLARY,BURGLARY incident reported in Delhi NCR,Delhi NCR,False,Delhi NCR,28.60332742658911,77.21329634613468
FIR-INDIA-2026-00478,2026-07-16 02:34:00,ROBBERY,ROBBERY incident reported in Kolkata City,Kolkata City,False,Kolkata City,22.552781536900703,88.35903192341982
FIR-INDIA-2025-00479,2025-06-28 07:42:00,ASSAULT,ASSAULT incident reported in Kolkata City,Kolkata City,True,Kolkata City,22.581019025388738,88.34466027592062
FIR-INDIA-2025-00480,2025-06-25 13:39:00,ASSAULT,ASSAULT incident reported in Bengaluru City,Bengaluru City,False,Bengaluru City,12.95427342858888,77.5887893037714
FIR-INDIA-2024-00481,2024-04-21 17:33:00,ASSAULT,ASSAULT incident reported in Mumbai Metro,Mumbai Metro,False,Mumbai Metro,19.06108655162659,72.85974024052054
FIR-INDIA-2026-00482,2026-07-13 09:04:00,ASSAULT,ASSAULT incident reported in Hyderabad Metro,Hyderabad Metro,True,Hyderabad Metro,17.41317507597961,78.49728614950152
FIR-INDIA-2025-00483,2025-01-30 02:44:00,CYBER,CYBER incident reported in Mumbai Metro,Mumbai Metro,False,Mumbai Metro,19.055844198505547,72.87345923125882
FIR-INDIA-2025-00484,2025-08-27 23:45:00,THEFT,THEFT incident reported in Delhi NCR,Delhi NCR,False,Delhi NCR,28.632990570858734,77.23739349263495
FIR-INDIA-2023-00485,2023-07-14 06:30:00,ASSAULT,ASSAULT incident reported in Mumbai Metro,Mumbai Metro,True,Mumbai Metro,19.07871855246924,72.88397408090891
FIR-INDIA-2025-00486,2025-04-14 03:00:00,THEFT,THEFT incident reported in Delhi NCR,Delhi NCR,False,Delhi NCR,28.6113531362443,77.21476195829705
FIR-INDIA-2023-00487,2023-06-02 18:37:00,THEFT,THEFT incident reported in Bengaluru City,Bengaluru City,True,Bengaluru City,12.984618608645377,77.58758138301407
FIR-INDIA-2025-00488,2025-10-10 18:05:00,THEFT,THEFT incident reported in Kolkata City,Kolkata City,False,Kolkata City,22.580976165753484,88.38288894965052
FIR-INDIA-2025-00489,2025-06-04 17:04:00,ASSAULT,ASSAULT incident reported in Delhi NCR,Delhi NCR,False,Delhi NCR,28.623016923188388,77.21430055728995
FIR-INDIA-2026-00490,2026-01-04 05:07:00,ASSAULT,ASSAULT incident reported in Pune,Pune,False,Pune,18.53990175434132,73.864391982102
FIR-INDIA-2025-00491,2025-08-26 11:47:00,THEFT,THEFT incident reported in Bengaluru City,Bengaluru City,False,Bengaluru City,13.000646748116589,77.62625124528293
FIR-INDIA-2023-00492,2023-07-17 18:06:00,ROBBERY,ROBBERY incident reported in Delhi NCR,Delhi NCR,False,Delhi NCR,28.61279484262911,77.20672426352324
FIR-INDIA-2024-00493,2024-12-14 02:08:00,CYBER,CYBER incident reported in Mumbai Metro,Mumbai Metro,True,Mumbai Metro,19.062799454326584,72.8755605830889
FIR-INDIA-2024-00494,2024-03-15 03:38:00,THEFT,THEFT incident reported in Mumbai Metro,Mumbai Metro,True,Mumbai Metro,19.093193190999635,72.88298150267126
FIR-INDIA-2024-00495,2024-08-03 04:39:00,BURGLARY,BURGLARY incident reported in Chennai Metro,Chennai Metro,False,Chennai Metro,13.066464344138764,80.26581279026989
FIR-INDIA-2023-00496,2023-01-19 18:32:00,THEFT,THEFT incident reported in Delhi NCR,Delhi NCR,True,Delhi NCR,28.647660131840585,77.19485782640693
FIR-INDIA-2024-00497,2024-01-12 03:51:00,THEFT,THEFT incident reported in Pune,Pune,False,Pune,18.520344954555785,73.86824645194977
FIR-INDIA-2026-00498,2026-02-21 06:13:00,BURGLARY,BURGLARY incident reported in Chennai Metro,Chennai Metro,False,Chennai Metro,13.059362783589934,80.28014114360433
FIR-INDIA-2023-00499,2023-08-12 01:16:00,THEFT,THEFT incident reported in Mumbai Metro,Mumbai Metro,False,Mumbai Metro,19.09826763159573,72.86253764401614
FIR-INDIA-2024-00500,2024-07-10 16:00:00,THEFT,THEFT incident reported in Ahmedabad,Ahmedabad,False,Ahmedabad,23.038326820179876,72.58027058083402
FIR-INDIA-2025-00501,2025-05-11 22:56:00,ASSAULT,ASSAULT incident reported in Bengaluru City,Bengaluru City,False,Bengaluru City,12.984339711953774,77.57845234203081
FIR-INDIA-2025-00502,2025-01-18 03:23:00,ASSAULT,ASSAULT incident reported in Kolkata City,Kolkata City,False,Kolkata City,22.53290051366128,88.35634914580635
FIR-INDIA-2025-00503,2025-09-16 14:48:00,ASSAULT,ASSAULT incident reported in Delhi NCR,Delhi NCR,False,Delhi NCR,28.623376980208572,77.19944104853033
FIR-INDIA-2026-00504,2026-01-01 07:42:00,THEFT,THEFT incident reported in Kolkata City,Kolkata City,False,Kolkata City,22.57337958956296,88.3645538538481
FIR-INDIA-2023-00505,2023-08-11 02:45:00,ROBBERY,ROBBERY incident reported in Kolkata City,Kolkata City,False,Kolkata City,22.56853140353823,88.35650190961951
FIR-INDIA-2023-00506,2023-11-26 10:39:00,ROBBERY,ROBBERY incident reported in Chennai Metro,Chennai Metro,False,Chennai Metro,13.05800432912444,80.24746605994426
FIR-INDIA-2026-00507,2026-07-13 05:12:00,THEFT,THEFT incident reported in Mumbai Metro,Mumbai Metro,False,Mumbai Metro,19.07197573925496,72.85705585028748
FIR-INDIA-2023-00508,2023-07-30 01:38:00,BURGLARY,BURGLARY incident reported in Kolkata City,Kolkata City,False,Kolkata City,22.565693933034563,88.37161823618348
FIR-INDIA-2025-00509,2025-06-03 03:04:00,ROBBERY,ROBBERY incident reported in Mumbai Metro,Mumbai Metro,False,Mumbai Metro,19.095637926781652,72.86413864792416
FIR-INDIA-2023-00510,2023-07-01 08:54:00,THEFT,THEFT incident reported in Bengaluru City,Bengaluru City,False,Bengaluru City,12.958858119737933,77.60839916734659
FIR-INDIA-2024-00511,2024-07-03 05:41:00,THEFT,THEFT incident reported in Delhi NCR,Delhi NCR,True,Delhi NCR,28.613257948301566,77.19928297637507
FIR-INDIA-2024-00512,2024-07-12 00:51:00,THEFT,THEFT incident reported in Mumbai Metro,Mumbai Metro,True,Mumbai Metro,19.062608593226077,72.87886716293102
FIR-INDIA-2024-00513,2024-01-09 12:49:00,THEFT,THEFT incident reported in Mumbai Metro,Mumbai Metro,True,Mumbai Metro,19.087387641498104,72.87636606639342
FIR-INDIA-2024-00514,2024-03-09 08:19:00,ROBBERY,ROBBERY incident reported in Hyderabad Metro,Hyderabad Metro,False,Hyderabad Metro,17.379319110026948,78.50333866669403
FIR-INDIA-2024-00515,2024-10-16 12:39:00,THEFT,THEFT incident reported in Kolkata City,Kolkata City,False,Kolkata City,22.562585107411127,88.38397677436522
FIR-INDIA-2024-00516,2024-06-30 04:06:00,ROBBERY,ROBBERY incident reported in Delhi NCR,Delhi NCR,False,Delhi NCR,28.619934971579543,77.21676372018533
FIR-INDIA-2025-00517,2025-12-26 05:19:00,THEFT,THEFT incident reported in Bengaluru City,Bengaluru City,True,Bengaluru City,12.978325110148505,77.60971198514221
FIR-INDIA-2024-00518,2024-05-22 10:21:00,THEFT,THEFT incident reported in Kolkata City,Kolkata City,False,Kolkata City,22.58118048104344,88.35299062914783
FIR-INDIA-2026-00519,2026-07-23 12:52:00,ROBBERY,ROBBERY incident reported in Hyderabad Metro,Hyderabad Metro,False,Hyderabad Metro,17.3468797859945,78.51111558988863
FIR-INDIA-2024-00520,2024-04-26 05:37:00,ROBBERY,ROBBERY incident reported in Kolkata City,Kolkata City,False,Kolkata City,22.557958906915758,88.37263155114546
FIR-INDIA-2026-00521,2026-07-28 01:11:00,ROBBERY,ROBBERY incident reported in Delhi NCR,Delhi NCR,False,Delhi NCR,28.58476639718934,77.2097011646667
FIR-INDIA-2025-00522,2025-10-16 19:06:00,THEFT,THEFT incident reported in Mumbai Metro,Mumbai Metro,False,Mumbai Metro,19.089807692057366,72.88069756948126
FIR-INDIA-2023-00523,2023-03-12 15:34:00,THEFT,THEFT incident reported in Delhi NCR,Delhi NCR,False,Delhi NCR,28.594434998800914,77.21208889662951
FIR-INDIA-2026-00524,2026-03-23 04:26:00,CYBER,CYBER incident reported in Ahmedabad,Ahmedabad,True,Ahmedabad,23.02728787673179,72.54607312904632
FIR-INDIA-2025-00525,2025-10-19 21:00:00,ROBBERY,ROBBERY incident reported in Chennai Metro,Chennai Metro,False,Chennai Metro,13.071848831930597,80.26261793009795
FIR-INDIA-2026-00526,2026-07-22 04:50:00,ASSAULT,ASSAULT incident reported in Hyderabad Metro,Hyderabad Metro,False,Hyderabad Metro,17.40325114433231,78.47866149119781
FIR-INDIA-2023-00527,2023-02-02 23:51:00,ASSAULT,ASSAULT incident reported in Delhi NCR,Delhi NCR,True,Delhi NCR,28.628496914602,77.22081270113524
FIR-INDIA-2026-00528,2026-01-31 13:33:00,THEFT,THEFT incident reported in Chennai Metro,Chennai Metro,True,Chennai Metro,13.086122295056553,80.26747875388148
FIR-INDIA-2026-00529,2026-04-15 23:59:00,ASSAULT,ASSAULT incident reported in Pune,Pune,False,Pune,18.519957128222426,73.83327079634144
FIR-INDIA-2025-00530,2025-04-19 22:05:00,THEFT,THEFT incident reported in Kolkata City,Kolkata City,False,Kolkata City,22.577285960026746,88.36351579218663
FIR-INDIA-2023-00531,2023-04-14 19:35:00,THEFT,THEFT incident reported in Bengaluru City,Bengaluru City,True,Bengaluru City,12.976878619156928,77.59687287765946
FIR-INDIA-2025-00532,2025-04-16 11:00:00,ROBBERY,ROBBERY incident reported in Delhi NCR,Delhi NCR,False,Delhi NCR,28.599649275582543,77.23965429918285
FIR-INDIA-2026-00533,2026-02-10 06:14:00,CYBER,CYBER incident reported in Bengaluru City,Bengaluru City,False,Bengaluru City,12.98459408760126,77.59897128691205
FIR-INDIA-2023-00534,2023-07-22 11:01:00,ROBBERY,ROBBERY incident reported in Delhi NCR,Delhi NCR,True,Delhi NCR,28.615333615900113,77.20153635329518
FIR-INDIA-2025-00535,2025-08-04 08:56:00,THEFT,THEFT incident reported in Kolkata City,Kolkata City,False,Kolkata City,22.571211567618484,88.38287957305863
FIR-INDIA-2026-00536,2026-06-13 05:14:00,THEFT,THEFT incident reported in Ahmedabad,Ahmedabad,False,Ahmedabad,23.04951669422524,72.5580438037127
FIR-INDIA-2025-00537,2025-11-04 06:53:00,THEFT,THEFT incident reported in Bengaluru City,Bengaluru City,False,Bengaluru City,12.97739842067234,77.5933950085418
FIR-INDIA-2025-00538,2025-06-28 10:34:00,THEFT,THEFT incident reported in Mumbai Metro,Mumbai Metro,False,Mumbai Metro,19.06747607802622,72.87645763878058
FIR-INDIA-2025-00539,2025-12-18 10:45:00,THEFT,THEFT incident reported in Mumbai Metro,Mumbai Metro,False,Mumbai Metro,19.071653678411597,72.88987981834188
FIR-INDIA-2026-00540,2026-06-01 18:29:00,ROBBERY,ROBBERY incident reported in Kolkata City,Kolkata City,False,Kolkata City,22.573712228939964,88.34555776068062
FIR-INDIA-2026-00541,2026-06-07 12:26:00,THEFT,THEFT incident reported in Bengaluru City,Bengaluru City,True,Bengaluru City,12.9816368401927,77.59920039482849
FIR-INDIA-2024-00542,2024-07-10 13:07:00,THEFT,THEFT incident reported in Bengaluru City,Bengaluru City,False,Bengaluru City,12.975538590635487,77.6173817231315
FIR-INDIA-2025-00543,2025-05-31 04:30:00,CYBER,CYBER incident reported in Mumbai Metro,Mumbai Metro,False,Mumbai Metro,19.061253836369644,72.84081692835484
FIR-INDIA-2024-00544,2024-02-16 00:50:00,THEFT,THEFT incident reported in Hyderabad Metro,Hyderabad Metro,False,Hyderabad Metro,17.36955199781758,78.48686720485045
FIR-INDIA-2025-00545,2025-04-04 08:02:00,BURGLARY,BURGLARY incident reported in Hyderabad Metro,Hyderabad Metro,False,Hyderabad Metro,17.40591635648051,78.4644424817033
FIR-INDIA-2025-00546,2025-07-22 15:12:00,THEFT,THEFT incident reported in Bengaluru City,Bengaluru City,False,Bengaluru City,12.9444642022392,77.58237901864383
FIR-INDIA-2026-00547,2026-02-27 09:31:00,THEFT,THEFT incident reported in Pune,Pune,True,Pune,18.51578252270218,73.86492956642364
FIR-INDIA-2024-00548,2024-08-23 00:28:00,BURGLARY,BURGLARY incident reported in Hyderabad Metro,Hyderabad Metro,False,Hyderabad Metro,17.39045527335507,78.49720880631355
FIR-INDIA-2023-00549,2023-12-20 21:46:00,CYBER,CYBER incident reported in Mumbai Metro,Mumbai Metro,False,Mumbai Metro,19.07855735847251,72.88402770320714
FIR-INDIA-2025-00550,2025-05-14 04:23:00,THEFT,THEFT incident reported in Mumbai Metro,Mumbai Metro,False,Mumbai Metro,19.074181468741838,72.8854746745424
FIR-INDIA-2025-00551,2025-06-20 01:16:00,ROBBERY,ROBBERY incident reported in Mumbai Metro,Mumbai Metro,False,Mumbai Metro,19.080282025815784,72.86180644373448
FIR-INDIA-2025-00552,2025-01-17 05:11:00,THEFT,THEFT incident reported in Mumbai Metro,Mumbai Metro,False,Mumbai Metro,19.062088622105193,72.87111468328476
FIR-INDIA-2024-00553,2024-07-29 05:04:00,BURGLARY,BURGLARY incident reported in Delhi NCR,Delhi NCR,False,Delhi NCR,28.623483333207897,77.21504575155612
FIR-INDIA-2023-00554,2023-10-04 12:41:00,BURGLARY,BURGLARY incident reported in Ahmedabad,Ahmedabad,False,Ahmedabad,23.03471291242731,72.57598234074767
FIR-INDIA-2023-00555,2023-03-08 12:07:00,ASSAULT,ASSAULT incident reported in Hyderabad Metro,Hyderabad Metro,False,Hyderabad Metro,17.385368261297767,78.46733715124535
FIR-INDIA-2025-00556,2025-10-07 03:06:00,BURGLARY,BURGLARY incident reported in Mumbai Metro,Mumbai Metro,False,Mumbai Metro,19.10352548437904,72.8644522382941
FIR-INDIA-2023-00557,2023-04-01 02:11:00,ASSAULT,ASSAULT incident reported in Kolkata City,Kolkata City,True,Kolkata City,22.59477707988742,88.36741395929734
FIR-INDIA-2023-00558,2023-03-12 03:46:00,OTHER,OTHER incident reported in Bengaluru City,Bengaluru City,False,Bengaluru City,12.970757511378936,77.59581342599994
FIR-INDIA-2023-00559,2023-04-27 05:09:00,OTHER,OTHER incident reported in Mumbai Metro,Mumbai Metro,False,Mumbai Metro,19.09614068731078,72.85775389949045
FIR-INDIA-2024-00560,2024-04-26 16:11:00,THEFT,THEFT incident reported in Mumbai Metro,Mumbai Metro,False,Mumbai Metro,19.089565273447704,72.88713910050852
FIR-INDIA-2026-00561,2026-01-31 10:19:00,CYBER,CYBER incident reported in Mumbai Metro,Mumbai Metro,False,Mumbai Metro,19.076379668028427,72.91130457550548
FIR-INDIA-2024-00562,2024-03-30 09:56:00,ROBBERY,ROBBERY incident reported in Pune,Pune,True,Pune,18.526302625621756,73.85291108296029
FIR-INDIA-2025-00563,2025-07-31 19:57:00,ROBBERY,ROBBERY incident reported in Bengaluru City,Bengaluru City,False,Bengaluru City,12.953256754839794,77.59005582502644
FIR-INDIA-2025-00564,2025-04-27 16:04:00,CYBER,CYBER incident reported in Chennai Metro,Chennai Metro,False,Chennai Metro,13.072399336192309,80.27279494762297
FIR-INDIA-2023-00565,2023-10-23 19:54:00,THEFT,THEFT incident reported in Bengaluru City,Bengaluru City,False,Bengaluru City,12.98649915039971,77.60961397388732
FIR-INDIA-2026-00566,2026-06-24 16:25:00,THEFT,THEFT incident reported in Bengaluru City,Bengaluru City,False,Bengaluru City,12.941472825590171,77.59728369027513
FIR-INDIA-2023-00567,2023-10-08 00:22:00,ASSAULT,ASSAULT incident reported in Delhi NCR,Delhi NCR,False,Delhi NCR,28.636604126438833,77.20322200950628
FIR-INDIA-2025-00568,2025-09-05 15:59:00,ASSAULT,ASSAULT incident reported in Hyderabad Metro,Hyderabad Metro,False,Hyderabad Metro,17.38352949859547,78.47604877296568
FIR-INDIA-2025-00569,2025-11-13 20:32:00,THEFT,THEFT incident reported in Mumbai Metro,Mumbai Metro,False,Mumbai Metro,19.064954949473133,72.90640908655462
FIR-INDIA-2024-00570,2024-12-07 03:21:00,ROBBERY,ROBBERY incident reported in Mumbai Metro,Mumbai Metro,False,Mumbai Metro,19.05925910898371,72.87995394284845
FIR-INDIA-2025-00571,2025-02-16 18:04:00,THEFT,THEFT incident reported in Delhi NCR,Delhi NCR,False,Delhi NCR,28.62026672094115,77.22237500429104
FIR-INDIA-2025-00572,2025-03-04 09:55:00,BURGLARY,BURGLARY incident reported in Mumbai Metro,Mumbai Metro,True,Mumbai Metro,19.05155384679182,72.88677460370968
FIR-INDIA-2023-00573,2023-12-29 23:19:00,BURGLARY,BURGLARY incident reported in Hyderabad Metro,Hyderabad Metro,False,Hyderabad Metro,17.36966209328949,78.46928600182319
FIR-INDIA-2026-00574,2026-08-06 15:03:00,THEFT,THEFT incident reported in Kolkata City,Kolkata City,False,Kolkata City,22.559820061016122,88.37714143627792
FIR-INDIA-2023-00575,2023-08-25 22:00:00,THEFT,THEFT incident reported in Mumbai Metro,Mumbai Metro,False,Mumbai Metro,19.087107850829934,72.8768547848172
FIR-INDIA-2024-00576,2024-03-09 01:38:00,THEFT,THEFT incident reported in Delhi NCR,Delhi NCR,False,Delhi NCR,28.591726139048067,77.21132415739618
FIR-INDIA-2026-00577,2026-04-26 06:31:00,THEFT,THEFT incident reported in Hyderabad Metro,Hyderabad Metro,False,Hyderabad Metro,17.39216961591932,78.46162756202733
FIR-INDIA-2023-00578,2023-06-17 18:18:00,THEFT,THEFT incident reported in Bengaluru City,Bengaluru City,False,Bengaluru City,12.98289400410255,77.57550457054826
FIR-INDIA-2026-00579,2026-05-27 14:09:00,THEFT,THEFT incident reported in Ahmedabad,Ahmedabad,False,Ahmedabad,23.03540949342746,72.58317283548259
FIR-INDIA-2024-00580,2024-05-28 21:59:00,ROBBERY,ROBBERY incident reported in Mumbai Metro,Mumbai Metro,False,Mumbai Metro,19.077261184766094,72.88253058539738
FIR-INDIA-2025-00581,2025-10-15 06:36:00,THEFT,THEFT incident reported in Mumbai Metro,Mumbai Metro,False,Mumbai Metro,19.091863885639626,72.88641830055937
FIR-INDIA-2023-00582,2023-06-11 23:51:00,ASSAULT,ASSAULT incident reported in Mumbai Metro,Mumbai Metro,False,Mumbai Metro,19.07319279606582,72.89060685851459
FIR-INDIA-2023-00583,2023-10-07 20:11:00,THEFT,THEFT incident reported in Bengaluru City,Bengaluru City,True,Bengaluru City,12.98353254053875,77.60235807696448
FIR-INDIA-2025-00584,2025-10-12 07:06:00,THEFT,THEFT incident reported in Hyderabad Metro,Hyderabad Metro,False,Hyderabad Metro,17.38215302570831,78.46470696445364
FIR-INDIA-2024-00585,2024-11-24 20:40:00,THEFT,THEFT incident reported in Bengaluru City,Bengaluru City,False,Bengaluru City,12.967387051340841,77.57275222454727
FIR-INDIA-2026-00586,2026-03-25 01:10:00,THEFT,THEFT incident reported in Delhi NCR,Delhi NCR,False,Delhi NCR,28.596816155657663,77.25095917936333
FIR-INDIA-2023-00587,2023-03-29 03:45:00,THEFT,THEFT incident reported in Kolkata City,Kolkata City,False,Kolkata City,22.578426047491355,88.36572197572485
FIR-INDIA-2025-00588,2025-09-09 08:44:00,THEFT,THEFT incident reported in Pune,Pune,False,Pune,18.543505050979228,73.86618203207351
FIR-INDIA-2025-00589,2025-09-06 11:14:00,BURGLARY,BURGLARY incident reported in Chennai Metro,Chennai Metro,True,Chennai Metro,13.067087961505747,80.26629373341875
FIR-INDIA-2025-00590,2025-04-21 06:59:00,THEFT,THEFT incident reported in Hyderabad Metro,Hyderabad Metro,True,Hyderabad Metro,17.394195231835678,78.4919027013819
FIR-INDIA-2023-00591,2023-09-04 07:44:00,THEFT,THEFT incident reported in Hyderabad Metro,Hyderabad Metro,False,Hyderabad Metro,17.36989604265234,78.49755669972188
FIR-INDIA-2023-00592,2023-07-26 15:10:00,THEFT,THEFT incident reported in Mumbai Metro,Mumbai Metro,True,Mumbai Metro,19.090838906775417,72.87795059840785
FIR-INDIA-2026-00593,2026-04-02 04:14:00,ASSAULT,ASSAULT incident reported in Delhi NCR,Delhi NCR,False,Delhi NCR,28.656406082289216,77.19017856187197
FIR-INDIA-2026-00594,2026-01-03 11:25:00,THEFT,THEFT incident reported in Chennai Metro,Chennai Metro,False,Chennai Metro,13.06419259283874,80.29549638797934
FIR-INDIA-2025-00595,2025-01-21 05:44:00,BURGLARY,BURGLARY incident reported in Delhi NCR,Delhi NCR,False,Delhi NCR,28.608927387032896,77.20030752424628
FIR-INDIA-2025-00596,2025-06-15 23:50:00,THEFT,THEFT incident reported in Mumbai Metro,Mumbai Metro,False,Mumbai Metro,19.063256124700406,72.88880038122228
FIR-INDIA-2024-00597,2024-11-04 22:48:00,ASSAULT,ASSAULT incident reported in Delhi NCR,Delhi NCR,False,Delhi NCR,28.634849062000537,77.21237988848118
FIR-INDIA-2025-00598,2025-08-22 13:22:00,ROBBERY,ROBBERY incident reported in Kolkata City,Kolkata City,False,Kolkata City,22.57772588005717,88.3886211585194
FIR-INDIA-2023-00599,2023-11-04 07:56:00,THEFT,THEFT incident reported in Bengaluru City,Bengaluru City,False,Bengaluru City,12.990208055940293,77.59317783845722
FIR-INDIA-2024-00600,2024-08-26 18:39:00,ASSAULT,ASSAULT incident reported in Bengaluru City,Bengaluru City,False,Bengaluru City,12.980060957512304,77.61746937938163
FIR-INDIA-2024-00601,2024-09-03 00:37:00,BURGLARY,BURGLARY incident reported in Pune,Pune,True,Pune,18.52505615835359,73.84419527961116
FIR-INDIA-2023-00602,2023-01-07 12:12:00,BURGLARY,BURGLARY incident reported in Delhi NCR,Delhi NCR,True,Delhi NCR,28.626309285651825,77.19974673453335
FIR-INDIA-2025-00603,2025-04-19 05:19:00,OTHER,OTHER incident reported in Chennai Metro,Chennai Metro,False,Chennai Metro,13.063358477013464,80.2416000200888
FIR-INDIA-2024-00604,2024-05-20 16:38:00,ASSAULT,ASSAULT incident reported in Mumbai Metro,Mumbai Metro,False,Mumbai Metro,19.060338394731353,72.88712164884582
FIR-INDIA-2025-00605,2025-01-06 01:39:00,ASSAULT,ASSAULT incident reported in Mumbai Metro,Mumbai Metro,False,Mumbai Metro,19.090324134663817,72.85702731375258
FIR-INDIA-2026-00606,2026-06-22 10:01:00,THEFT,THEFT incident reported in Kolkata City,Kolkata City,False,Kolkata City,22.564528431832986,88.39157172559283
FIR-INDIA-2026-00607,2026-03-10 22:50:00,ASSAULT,ASSAULT incident reported in Chennai Metro,Chennai Metro,False,Chennai Metro,13.057799488817174,80.28178964217342
FIR-INDIA-2026-00608,2026-08-05 18:42:00,THEFT,THEFT incident reported in Delhi NCR,Delhi NCR,True,Delhi NCR,28.615766569651452,77.1981282137707
FIR-INDIA-2023-00609,2023-01-29 15:52:00,THEFT,THEFT incident reported in Ahmedabad,Ahmedabad,False,Ahmedabad,23.043795364067304,72.57562583258178
FIR-INDIA-2025-00610,2025-06-27 03:52:00,THEFT,THEFT incident reported in Bengaluru City,Bengaluru City,False,Bengaluru City,12.997775648131968,77.5937217975881
FIR-INDIA-2023-00611,2023-09-26 10:22:00,THEFT,THEFT incident reported in Chennai Metro,Chennai Metro,False,Chennai Metro,13.111315968241543,80.26957823265026
FIR-INDIA-2025-00612,2025-02-21 21:39:00,ASSAULT,ASSAULT incident reported in Hyderabad Metro,Hyderabad Metro,False,Hyderabad Metro,17.419755788299838,78.48519394544341
FIR-INDIA-2024-00613,2024-01-14 09:08:00,THEFT,THEFT incident reported in Kolkata City,Kolkata City,False,Kolkata City,22.568611551934183,88.38599120544221
FIR-INDIA-2023-00614,2023-02-26 14:05:00,OTHER,OTHER incident reported in Bengaluru City,Bengaluru City,False,Bengaluru City,12.973657480368889,77.58088438919778
FIR-INDIA-2026-00615,2026-02-02 05:08:00,BURGLARY,BURGLARY incident reported in Hyderabad Metro,Hyderabad Metro,False,Hyderabad Metro,17.38676530803565,78.48221019996004
FIR-INDIA-2024-00616,2024-05-16 11:54:00,ASSAULT,ASSAULT incident reported in Hyderabad Metro,Hyderabad Metro,False,Hyderabad Metro,17.373149967911527,78.48162061711614
FIR-INDIA-2023-00617,2023-03-12 17:40:00,ASSAULT,ASSAULT incident reported in Hyderabad Metro,Hyderabad Metro,False,Hyderabad Metro,17.41281849723456,78.48064560520017
FIR-INDIA-2026-00618,2026-07-29 09:58:00,THEFT,THEFT incident reported in Delhi NCR,Delhi NCR,True,Delhi NCR,28.590096571068717,77.20716249800978
FIR-INDIA-2024-00619,2024-02-23 02:46:00,ROBBERY,ROBBERY incident reported in Kolkata City,Kolkata City,False,Kolkata City,22.56729855631883,88.36055511619524
FIR-INDIA-2026-00620,2026-05-03 20:22:00,THEFT,THEFT incident reported in Mumbai Metro,Mumbai Metro,False,Mumbai Metro,19.07788657667012,72.87483576231911
FIR-INDIA-2024-00621,2024-08-07 07:08:00,BURGLARY,BURGLARY incident reported in Mumbai Metro,Mumbai Metro,False,Mumbai Metro,19.056086410982058,72.87187281921456
FIR-INDIA-2025-00622,2025-11-18 17:56:00,THEFT,THEFT incident reported in Delhi NCR,Delhi NCR,False,Delhi NCR,28.63369776968287,77.22414481216751
FIR-INDIA-2024-00623,2024-07-23 21:12:00,THEFT,THEFT incident reported in Delhi NCR,Delhi NCR,False,Delhi NCR,28.621359516346757,77.20960432816207
FIR-INDIA-2026-00624,2026-05-17 13:36:00,ROBBERY,ROBBERY incident reported in Mumbai Metro,Mumbai Metro,False,Mumbai Metro,19.08825844448473,72.8666182447541
FIR-INDIA-2025-00625,2025-03-29 09:17:00,THEFT,THEFT incident reported in Delhi NCR,Delhi NCR,False,Delhi NCR,28.597547071800527,77.22387024993755
FIR-INDIA-2024-00626,2024-04-20 16:59:00,BURGLARY,BURGLARY incident reported in Mumbai Metro,Mumbai Metro,False,Mumbai Metro,19.076648390652807,72.85916851370055
FIR-INDIA-2025-00627,2025-01-10 10:15:00,THEFT,THEFT incident reported in Hyderabad Metro,Hyderabad Metro,False,Hyderabad Metro,17.381723508479915,78.48175926059369
FIR-INDIA-2026-00628,2026-01-26 09:21:00,CYBER,CYBER incident reported in Hyderabad Metro,Hyderabad Metro,False,Hyderabad Metro,17.36993103347057,78.46663499820576
FIR-INDIA-2026-00629,2026-01-21 14:56:00,ROBBERY,ROBBERY incident reported in Mumbai Metro,Mumbai Metro,False,Mumbai Metro,19.055953900972177,72.87824779812148
FIR-INDIA-2025-00630,2025-04-16 07:54:00,THEFT,THEFT incident reported in Mumbai Metro,Mumbai Metro,False,Mumbai Metro,19.074628248544652,72.87106310705678
FIR-INDIA-2026-00631,2026-06-24 03:17:00,ASSAULT,ASSAULT incident reported in Mumbai Metro,Mumbai Metro,False,Mumbai Metro,19.082378704238124,72.87965679606864
FIR-INDIA-2025-00632,2025-03-31 03:33:00,THEFT,THEFT incident reported in Kolkata City,Kolkata City,False,Kolkata City,22.568783373061738,88.34705701579085
FIR-INDIA-2025-00633,2025-04-11 22:27:00,ROBBERY,ROBBERY incident reported in Delhi NCR,Delhi NCR,False,Delhi NCR,28.593593600371005,77.17416216834084
FIR-INDIA-2024-00634,2024-06-28 08:38:00,THEFT,THEFT incident reported in Hyderabad Metro,Hyderabad Metro,False,Hyderabad Metro,17.389783855496017,78.48315521164605
FIR-INDIA-2023-00635,2023-12-24 10:22:00,BURGLARY,BURGLARY incident reported in Hyderabad Metro,Hyderabad Metro,False,Hyderabad Metro,17.362661431990617,78.50791033766473
FIR-INDIA-2024-00636,2024-09-06 11:57:00,ASSAULT,ASSAULT incident reported in Kolkata City,Kolkata City,False,Kolkata City,22.57869385489509,88.3943111816672
FIR-INDIA-2026-00637,2026-05-23 08:16:00,THEFT,THEFT incident reported in Pune,Pune,False,Pune,18.50858037467784,73.84853653918285
FIR-INDIA-2024-00638,2024-03-25 23:04:00,BURGLARY,BURGLARY incident reported in Ahmedabad,Ahmedabad,True,Ahmedabad,23.031036208658215,72.54510374868902
FIR-INDIA-2025-00639,2025-02-20 14:06:00,CYBER,CYBER incident reported in Bengaluru City,Bengaluru City,False,Bengaluru City,12.99137262277738,77.59975104291982
FIR-INDIA-2026-00640,2026-06-09 15:26:00,ASSAULT,ASSAULT incident reported in Delhi NCR,Delhi NCR,False,Delhi NCR,28.573885548249073,77.22233770842382
FIR-INDIA-2023-00641,2023-12-26 15:29:00,THEFT,THEFT incident reported in Delhi NCR,Delhi NCR,False,Delhi NCR,28.60772526445665,77.19594701837076
FIR-INDIA-2026-00642,2026-07-08 12:03:00,ASSAULT,ASSAULT incident reported in Bengaluru City,Bengaluru City,False,Bengaluru City,12.986669069961588,77.59311419968438
FIR-INDIA-2024-00643,2024-10-17 03:14:00,THEFT,THEFT incident reported in Ahmedabad,Ahmedabad,True,Ahmedabad,23.01796785980255,72.5968670967764
FIR-INDIA-2024-00644,2024-07-19 22:51:00,BURGLARY,BURGLARY incident reported in Delhi NCR,Delhi NCR,True,Delhi NCR,28.62535444610401,77.21290412759939
FIR-INDIA-2025-00645,2025-01-20 13:14:00,THEFT,THEFT incident reported in Mumbai Metro,Mumbai Metro,False,Mumbai Metro,19.089476295927284,72.88521733874899
FIR-INDIA-2024-00646,2024-04-06 02:45:00,THEFT,THEFT incident reported in Delhi NCR,Delhi NCR,False,Delhi NCR,28.592757942515057,77.20115362084647
FIR-INDIA-2024-00647,2024-03-18 15:33:00,ASSAULT,ASSAULT incident reported in Chennai Metro,Chennai Metro,False,Chennai Metro,13.084097432292683,80.25170132336228
FIR-INDIA-2023-00648,2023-07-25 20:52:00,CYBER,CYBER incident reported in Hyderabad Metro,Hyderabad Metro,False,Hyderabad Metro,17.384576456898706,78.4506412371316
FIR-INDIA-2026-00649,2026-03-19 05:43:00,THEFT,THEFT incident reported in Bengaluru City,Bengaluru City,True,Bengaluru City,12.991092260362722,77.57723145698313
FIR-INDIA-2026-00650,2026-04-27 04:27:00,ROBBERY,ROBBERY incident reported in Kolkata City,Kolkata City,False,Kolkata City,22.557833079871664,88.37783460787523
FIR-INDIA-2024-00651,2024-02-08 12:56:00,THEFT,THEFT incident reported in Chennai Metro,Chennai Metro,False,Chennai Metro,13.100409933966969,80.25368080933829
FIR-INDIA-2025-00652,2025-04-24 23:50:00,ASSAULT,ASSAULT incident reported in Chennai Metro,Chennai Metro,False,Chennai Metro,13.08353687710811,80.26020397249187
FIR-INDIA-2024-00653,2024-10-13 01:40:00,ASSAULT,ASSAULT incident reported in Chennai Metro,Chennai Metro,True,Chennai Metro,13.099804889450791,80.27128837626248
FIR-INDIA-2024-00654,2024-01-25 17:24:00,CYBER,CYBER incident reported in Kolkata City,Kolkata City,False,Kolkata City,22.578664565181874,88.39032121972598
FIR-INDIA-2025-00655,2025-09-20 19:57:00,ROBBERY,ROBBERY incident reported in Mumbai Metro,Mumbai Metro,True,Mumbai Metro,19.08496678979817,72.87343871617387
FIR-INDIA-2025-00656,2025-04-30 01:54:00,CYBER,CYBER incident reported in Mumbai Metro,Mumbai Metro,False,Mumbai Metro,19.052316238934605,72.86468640831393
FIR-INDIA-2025-00657,2025-02-27 05:39:00,BURGLARY,BURGLARY incident reported in Hyderabad Metro,Hyderabad Metro,False,Hyderabad Metro,17.34939498909496,78.47649411590461
FIR-INDIA-2026-00658,2026-02-28 19:25:00,THEFT,THEFT incident reported in Mumbai Metro,Mumbai Metro,False,Mumbai Metro,19.07752130584367,72.85948116179006
FIR-INDIA-2025-00659,2025-04-26 02:02:00,ASSAULT,ASSAULT incident reported in Hyderabad Metro,Hyderabad Metro,False,Hyderabad Metro,17.379001366240754,78.47345384794721
FIR-INDIA-2023-00660,2023-11-22 09:01:00,THEFT,THEFT incident reported in Hyderabad Metro,Hyderabad Metro,False,Hyderabad Metro,17.373072145649143,78.49604655798365
FIR-INDIA-2026-00661,2026-05-11 16:13:00,ASSAULT,ASSAULT incident reported in Mumbai Metro,Mumbai Metro,False,Mumbai Metro,19.0732529749453,72.88953262198693
FIR-INDIA-2024-00662,2024-01-30 22:55:00,BURGLARY,BURGLARY incident reported in Delhi NCR,Delhi NCR,False,Delhi NCR,28.608028602942625,77.22066060222234
FIR-INDIA-2024-00663,2024-07-08 14:52:00,THEFT,THEFT incident reported in Ahmedabad,Ahmedabad,False,Ahmedabad,23.017388509777092,72.56577824875238
FIR-INDIA-2026-00664,2026-07-15 17:44:00,THEFT,THEFT incident reported in Delhi NCR,Delhi NCR,False,Delhi NCR,28.595699231860575,77.22386347741293
FIR-INDIA-2024-00665,2024-05-18 01:12:00,OTHER,OTHER incident reported in Kolkata City,Kolkata City,True,Kolkata City,22.520638064175554,88.37984602889775
FIR-INDIA-2024-00666,2024-10-29 16:41:00,THEFT,THEFT incident reported in Kolkata City,Kolkata City,False,Kolkata City,22.5751604288405,88.34773903389977
FIR-INDIA-2023-00667,2023-03-03 05:15:00,THEFT,THEFT incident reported in Bengaluru City,Bengaluru City,True,Bengaluru City,12.988864615862854,77.5863200069159
FIR-INDIA-2024-00668,2024-02-29 10:30:00,THEFT,THEFT incident reported in Delhi NCR,Delhi NCR,True,Delhi NCR,28.611330263767986,77.21981846730904
FIR-INDIA-2026-00669,2026-03-11 11:52:00,THEFT,THEFT incident reported in Chennai Metro,Chennai Metro,False,Chennai Metro,13.070492024315849,80.30405735543883
FIR-INDIA-2026-00670,2026-05-16 04:32:00,BURGLARY,BURGLARY incident reported in Hyderabad Metro,Hyderabad Metro,False,Hyderabad Metro,17.38774143830029,78.48258812752368
FIR-INDIA-2024-00671,2024-04-15 22:35:00,THEFT,THEFT incident reported in Hyderabad Metro,Hyderabad Metro,True,Hyderabad Metro,17.401320244322015,78.49228708938422
FIR-INDIA-2026-00672,2026-07-09 01:18:00,THEFT,THEFT incident reported in Chennai Metro,Chennai Metro,True,Chennai Metro,13.092104118177307,80.24981572388364
FIR-INDIA-2023-00673,2023-08-20 10:16:00,ASSAULT,ASSAULT incident reported in Bengaluru City,Bengaluru City,True,Bengaluru City,12.968522825242383,77.57482292990846
FIR-INDIA-2026-00674,2026-07-21 08:13:00,THEFT,THEFT incident reported in Hyderabad Metro,Hyderabad Metro,False,Hyderabad Metro,17.404266532158317,78.49426874292925
FIR-INDIA-2024-00675,2024-09-01 10:37:00,ROBBERY,ROBBERY incident reported in Ahmedabad,Ahmedabad,False,Ahmedabad,23.012849959915403,72.56402477933165
FIR-INDIA-2026-00676,2026-07-05 16:58:00,THEFT,THEFT incident reported in Mumbai Metro,Mumbai Metro,False,Mumbai Metro,19.072251748290707,72.87993346720687
FIR-INDIA-2025-00677,2025-03-15 11:59:00,THEFT,THEFT incident reported in Bengaluru City,Bengaluru City,False,Bengaluru City,12.93156084700884,77.59091942471221
FIR-INDIA-2024-00678,2024-02-10 04:57:00,BURGLARY,BURGLARY incident reported in Mumbai Metro,Mumbai Metro,False,Mumbai Metro,19.067803901764215,72.86272627552498
FIR-INDIA-2026-00679,2026-06-10 09:33:00,THEFT,THEFT incident reported in Bengaluru City,Bengaluru City,False,Bengaluru City,12.96738377639462,77.58866716122456
FIR-INDIA-2023-00680,2023-03-14 02:05:00,THEFT,THEFT incident reported in Delhi NCR,Delhi NCR,True,Delhi NCR,28.617258552908815,77.22542213882912
FIR-INDIA-2026-00681,2026-08-18 03:37:00,ROBBERY,ROBBERY incident reported in Mumbai Metro,Mumbai Metro,False,Mumbai Metro,19.06990157652673,72.8740716068932
FIR-INDIA-2024-00682,2024-12-29 03:14:00,THEFT,THEFT incident reported in Hyderabad Metro,Hyderabad Metro,False,Hyderabad Metro,17.364236533206586,78.48020158160166
FIR-INDIA-2024-00683,2024-01-13 12:26:00,BURGLARY,BURGLARY incident reported in Delhi NCR,Delhi NCR,False,Delhi NCR,28.603682648952752,77.20097845548456
FIR-INDIA-2023-00684,2023-06-22 15:26:00,THEFT,THEFT incident reported in Bengaluru City,Bengaluru City,False,Bengaluru City,12.962009726484307,77.57785174628461
FIR-INDIA-2025-00685,2025-04-26 22:58:00,THEFT,THEFT incident reported in Delhi NCR,Delhi NCR,False,Delhi NCR,28.627688664083703,77.2276570051738
FIR-INDIA-2025-00686,2025-09-24 19:50:00,BURGLARY,BURGLARY incident reported in Kolkata City,Kolkata City,False,Kolkata City,22.58929072770759,88.35552588161062
FIR-INDIA-2023-00687,2023-08-28 19:09:00,THEFT,THEFT incident reported in Ahmedabad,Ahmedabad,True,Ahmedabad,23.032194541084685,72.57310522008406
FIR-INDIA-2023-00688,2023-09-27 02:16:00,THEFT,THEFT incident reported in Hyderabad Metro,Hyderabad Metro,True,Hyderabad Metro,17.399371100755328,78.4864052276401
FIR-INDIA-2025-00689,2025-04-29 01:16:00,BURGLARY,BURGLARY incident reported in Chennai Metro,Chennai Metro,False,Chennai Metro,13.069263426763381,80.26479374871109
FIR-INDIA-2025-00690,2025-10-11 23:59:00,THEFT,THEFT incident reported in Chennai Metro,Chennai Metro,False,Chennai Metro,13.12067241103336,80.29233756762865
FIR-INDIA-2025-00691,2025-02-09 13:16:00,THEFT,THEFT incident reported in Delhi NCR,Delhi NCR,False,Delhi NCR,28.637267665533972,77.20423718710833
FIR-INDIA-2023-00692,2023-08-11 16:00:00,THEFT,THEFT incident reported in Kolkata City,Kolkata City,False,Kolkata City,22.594589768991746,88.3641032540233
FIR-INDIA-2025-00693,2025-09-13 05:55:00,THEFT,THEFT incident reported in Kolkata City,Kolkata City,False,Kolkata City,22.571085714197086,88.36514479868954
FIR-INDIA-2023-00694,2023-09-03 06:12:00,BURGLARY,BURGLARY incident reported in Mumbai Metro,Mumbai Metro,False,Mumbai Metro,19.09786538400313,72.86192047073163
FIR-INDIA-2025-00695,2025-06-11 10:42:00,THEFT,THEFT incident reported in Bengaluru City,Bengaluru City,False,Bengaluru City,12.990622623428504,77.57011272520228
FIR-INDIA-2023-00696,2023-05-24 08:13:00,ASSAULT,ASSAULT incident reported in Hyderabad Metro,Hyderabad Metro,True,Hyderabad Metro,17.385923837736282,78.49835429891498
FIR-INDIA-2025-00697,2025-03-20 08:13:00,OTHER,OTHER incident reported in Bengaluru City,Bengaluru City,False,Bengaluru City,12.949287114792995,77.59339829826371
FIR-INDIA-2024-00698,2024-10-28 08:43:00,THEFT,THEFT incident reported in Chennai Metro,Chennai Metro,False,Chennai Metro,13.080552105867191,80.26221490055129
FIR-INDIA-2025-00699,2025-06-01 04:10:00,BURGLARY,BURGLARY incident reported in Bengaluru City,Bengaluru City,False,Bengaluru City,12.960687920501753,77.6088691135456
FIR-INDIA-2024-00700,2024-10-14 12:33:00,THEFT,THEFT incident reported in Mumbai Metro,Mumbai Metro,True,Mumbai Metro,19.088341319990406,72.87596054163528
FIR-INDIA-2026-00701,2026-04-28 18:48:00,THEFT,THEFT incident reported in Mumbai Metro,Mumbai Metro,False,Mumbai Metro,19.0790572425116,72.88120004004372
FIR-INDIA-2026-00702,2026-03-31 10:51:00,THEFT,THEFT incident reported in Pune,Pune,False,Pune,18.53956878601,73.84862673289774
FIR-INDIA-2026-00703,2026-01-09 23:13:00,THEFT,THEFT incident reported in Bengaluru City,Bengaluru City,True,Bengaluru City,12.965988203529092,77.58051333017623
FIR-INDIA-2023-00704,2023-08-31 05:12:00,ASSAULT,ASSAULT incident reported in Mumbai Metro,Mumbai Metro,False,Mumbai Metro,19.070835047604998,72.88268465343413
FIR-INDIA-2023-00705,2023-08-02 19:36:00,ROBBERY,ROBBERY incident reported in Ahmedabad,Ahmedabad,True,Ahmedabad,23.025650218545785,72.5557079406997
FIR-INDIA-2025-00706,2025-06-04 10:34:00,THEFT,THEFT incident reported in Chennai Metro,Chennai Metro,False,Chennai Metro,13.114239298220058,80.28382891900493
FIR-INDIA-2023-00707,2023-08-12 10:53:00,THEFT,THEFT incident reported in Bengaluru City,Bengaluru City,False,Bengaluru City,12.980338267972762,77.60001070032277
FIR-INDIA-2026-00708,2026-04-29 21:20:00,ASSAULT,ASSAULT incident reported in Bengaluru City,Bengaluru City,True,Bengaluru City,12.973390526592109,77.59368480457124
FIR-INDIA-2025-00709,2025-07-02 01:36:00,OTHER,OTHER incident reported in Bengaluru City,Bengaluru City,True,Bengaluru City,12.969885510046517,77.59692116448655
FIR-INDIA-2025-00710,2025-02-09 20:54:00,THEFT,THEFT incident reported in Mumbai Metro,Mumbai Metro,False,Mumbai Metro,19.08245065062554,72.88371561708173
FIR-INDIA-2023-00711,2023-10-21 10:59:00,THEFT,THEFT incident reported in Bengaluru City,Bengaluru City,False,Bengaluru City,12.962145889680407,77.57946604877375
FIR-INDIA-2026-00712,2026-01-22 01:25:00,BURGLARY,BURGLARY incident reported in Delhi NCR,Delhi NCR,False,Delhi NCR,28.61984036703615,77.19831601952033
FIR-INDIA-2024-00713,2024-02-26 21:56:00,ROBBERY,ROBBERY incident reported in Delhi NCR,Delhi NCR,False,Delhi NCR,28.607014969600602,77.20725253049565
FIR-INDIA-2024-00714,2024-05-24 22:58:00,ASSAULT,ASSAULT incident reported in Chennai Metro,Chennai Metro,False,Chennai Metro,13.090003378802296,80.2738156188663
FIR-INDIA-2025-00715,2025-11-04 02:16:00,THEFT,THEFT incident reported in Delhi NCR,Delhi NCR,True,Delhi NCR,28.61342596845398,77.16880944184123
FIR-INDIA-2026-00716,2026-02-08 03:56:00,ROBBERY,ROBBERY incident reported in Kolkata City,Kolkata City,False,Kolkata City,22.572335249257065,88.37782335763099
FIR-INDIA-2023-00717,2023-05-17 03:37:00,CYBER,CYBER incident reported in Bengaluru City,Bengaluru City,False,Bengaluru City,12.995498498445155,77.60675669806302
FIR-INDIA-2024-00718,2024-09-04 23:30:00,THEFT,THEFT incident reported in Chennai Metro,Chennai Metro,False,Chennai Metro,13.068177278194616,80.28106832383484
FIR-INDIA-2025-00719,2025-02-12 09:20:00,THEFT,THEFT incident reported in Mumbai Metro,Mumbai Metro,False,Mumbai Metro,19.05909381024326,72.8685059696693
FIR-INDIA-2023-00720,2023-03-10 21:39:00,THEFT,THEFT incident reported in Mumbai Metro,Mumbai Metro,False,Mumbai Metro,19.07480444685535,72.86024862854339
FIR-INDIA-2024-00721,2024-12-24 03:46:00,OTHER,OTHER incident reported in Hyderabad Metro,Hyderabad Metro,False,Hyderabad Metro,17.387365804606585,78.495993134119
FIR-INDIA-2025-00722,2025-08-14 02:54:00,OTHER,OTHER incident reported in Chennai Metro,Chennai Metro,False,Chennai Metro,13.110485221592008,80.29890315191184
FIR-INDIA-2026-00723,2026-02-17 23:15:00,CYBER,CYBER incident reported in Kolkata City,Kolkata City,True,Kolkata City,22.57074315281311,88.37561698262309
FIR-INDIA-2025-00724,2025-06-18 07:30:00,BURGLARY,BURGLARY incident reported in Delhi NCR,Delhi NCR,False,Delhi NCR,28.605427468435003,77.20546007798684
FIR-INDIA-2024-00725,2024-05-15 22:10:00,ASSAULT,ASSAULT incident reported in Bengaluru City,Bengaluru City,True,Bengaluru City,12.977758073261144,77.62883694311203
FIR-INDIA-2024-00726,2024-01-19 11:29:00,ASSAULT,ASSAULT incident reported in Mumbai Metro,Mumbai Metro,True,Mumbai Metro,19.055606743675188,72.88703821378073
FIR-INDIA-2025-00727,2025-11-03 23:42:00,THEFT,THEFT incident reported in Chennai Metro,Chennai Metro,False,Chennai Metro,13.05107130576938,80.28492259745057
FIR-INDIA-2026-00728,2026-03-07 05:57:00,THEFT,THEFT incident reported in Delhi NCR,Delhi NCR,True,Delhi NCR,28.60009889968178,77.20616482230527
FIR-INDIA-2026-00729,2026-02-26 21:16:00,ASSAULT,ASSAULT incident reported in Mumbai Metro,Mumbai Metro,False,Mumbai Metro,19.08829794619895,72.87625670832699
FIR-INDIA-2023-00730,2023-09-11 18:56:00,THEFT,THEFT incident reported in Delhi NCR,Delhi NCR,True,Delhi NCR,28.621513228792214,77.211992773845
FIR-INDIA-2023-00731,2023-07-11 07:07:00,THEFT,THEFT incident reported in Delhi NCR,Delhi NCR,False,Delhi NCR,28.637001825978956,77.21425911131747
FIR-INDIA-2023-00732,2023-09-08 07:19:00,THEFT,THEFT incident reported in Kolkata City,Kolkata City,True,Kolkata City,22.57014762931019,88.35204833847526
FIR-INDIA-2025-00733,2025-09-09 12:19:00,THEFT,THEFT incident reported in Mumbai Metro,Mumbai Metro,True,Mumbai Metro,19.089217226196205,72.89631342092427
FIR-INDIA-2024-00734,2024-03-20 14:53:00,THEFT,THEFT incident reported in Mumbai Metro,Mumbai Metro,False,Mumbai Metro,19.077046510606273,72.87556935074088
FIR-INDIA-2024-00735,2024-07-28 03:01:00,ASSAULT,ASSAULT incident reported in Delhi NCR,Delhi NCR,False,Delhi NCR,28.60968185273741,77.20525801385004
FIR-INDIA-2025-00736,2025-12-11 09:58:00,CYBER,CYBER incident reported in Delhi NCR,Delhi NCR,False,Delhi NCR,28.609404238509278,77.20579163072658
FIR-INDIA-2023-00737,2023-09-14 18:51:00,THEFT,THEFT incident reported in Delhi NCR,Delhi NCR,False,Delhi NCR,28.62319688063551,77.20938957012196
FIR-INDIA-2023-00738,2023-08-24 17:53:00,THEFT,THEFT incident reported in Ahmedabad,Ahmedabad,False,Ahmedabad,23.039133359721053,72.58048960609108
FIR-INDIA-2024-00739,2024-09-23 03:09:00,THEFT,THEFT incident reported in Bengaluru City,Bengaluru City,True,Bengaluru City,12.954015596084474,77.59579237639343
FIR-INDIA-2025-00740,2025-03-18 20:06:00,ROBBERY,ROBBERY incident reported in Hyderabad Metro,Hyderabad Metro,False,Hyderabad Metro,17.379472677035068,78.48200994131679
FIR-INDIA-2025-00741,2025-11-02 11:37:00,BURGLARY,BURGLARY incident reported in Ahmedabad,Ahmedabad,False,Ahmedabad,23.02292301571226,72.59129919112505
FIR-INDIA-2025-00742,2025-08-06 02:49:00,THEFT,THEFT incident reported in Kolkata City,Kolkata City,False,Kolkata City,22.567721305902115,88.36948350344288
FIR-INDIA-2026-00743,2026-03-08 00:38:00,THEFT,THEFT incident reported in Mumbai Metro,Mumbai Metro,False,Mumbai Metro,19.080671119519533,72.87670967287941
FIR-INDIA-2026-00744,2026-06-17 00:08:00,THEFT,THEFT incident reported in Chennai Metro,Chennai Metro,False,Chennai Metro,13.098017076624162,80.28291359065048
FIR-INDIA-2026-00745,2026-07-10 18:41:00,THEFT,THEFT incident reported in Bengaluru City,Bengaluru City,True,Bengaluru City,12.977482913829498,77.59754881652906
FIR-INDIA-2023-00746,2023-12-22 12:11:00,THEFT,THEFT incident reported in Delhi NCR,Delhi NCR,False,Delhi NCR,28.60353522776159,77.19300198108617
FIR-INDIA-2025-00747,2025-04-17 10:46:00,THEFT,THEFT incident reported in Pune,Pune,False,Pune,18.532178141841047,73.84727634231608
FIR-INDIA-2026-00748,2026-03-31 09:43:00,THEFT,THEFT incident reported in Mumbai Metro,Mumbai Metro,True,Mumbai Metro,19.06795048904526,72.86642395848746
FIR-INDIA-2025-00749,2025-02-27 22:09:00,THEFT,THEFT incident reported in Pune,Pune,True,Pune,18.52143952647191,73.8421348713601
FIR-INDIA-2025-00750,2025-08-25 21:05:00,ASSAULT,ASSAULT incident reported in Bengaluru City,Bengaluru City,True,Bengaluru City,12.971927585200646,77.6051990157866
FIR-INDIA-2024-00751,2024-01-26 08:58:00,THEFT,THEFT incident reported in Mumbai Metro,Mumbai Metro,False,Mumbai Metro,19.109264986288828,72.89897018014095
FIR-INDIA-2024-00752,2024-10-29 18:29:00,THEFT,THEFT incident reported in Chennai Metro,Chennai Metro,False,Chennai Metro,13.076879328715094,80.2548839165191
FIR-INDIA-2025-00753,2025-06-20 08:39:00,ROBBERY,ROBBERY incident reported in Bengaluru City,Bengaluru City,True,Bengaluru City,13.0058233093274,77.61172801518049
FIR-INDIA-2026-00754,2026-08-13 09:23:00,ROBBERY,ROBBERY incident reported in Hyderabad Metro,Hyderabad Metro,False,Hyderabad Metro,17.385256836122043,78.48103401158225
FIR-INDIA-2023-00755,2023-10-29 02:04:00,ASSAULT,ASSAULT incident reported in Kolkata City,Kolkata City,False,Kolkata City,22.56150956284428,88.36612249118751
FIR-INDIA-2026-00756,2026-02-17 09:38:00,THEFT,THEFT incident reported in Bengaluru City,Bengaluru City,False,Bengaluru City,12.972588824797443,77.60642673518753
FIR-INDIA-2025-00757,2025-06-18 06:29:00,ASSAULT,ASSAULT incident reported in Chennai Metro,Chennai Metro,False,Chennai Metro,13.087222323550511,80.25669664607155
FIR-INDIA-2023-00758,2023-07-28 03:41:00,ROBBERY,ROBBERY incident reported in Hyderabad Metro,Hyderabad Metro,False,Hyderabad Metro,17.388603933833387,78.480772311727
FIR-INDIA-2024-00759,2024-10-31 06:25:00,CYBER,CYBER incident reported in Bengaluru City,Bengaluru City,False,Bengaluru City,12.966883712950155,77.59535180412331
FIR-INDIA-2024-00760,2024-09-25 10:16:00,ASSAULT,ASSAULT incident reported in Delhi NCR,Delhi NCR,True,Delhi NCR,28.61158022323874,77.18194903240725
FIR-INDIA-2023-00761,2023-11-08 23:03:00,OTHER,OTHER incident reported in Bengaluru City,Bengaluru City,False,Bengaluru City,12.982513603880722,77.5915785208329
FIR-INDIA-2024-00762,2024-02-13 12:00:00,THEFT,THEFT incident reported in Hyderabad Metro,Hyderabad Metro,False,Hyderabad Metro,17.392545590793112,78.47750764498089
FIR-INDIA-2023-00763,2023-01-25 23:38:00,BURGLARY,BURGLARY incident reported in Bengaluru City,Bengaluru City,True,Bengaluru City,12.96575596684088,77.59245547926164
FIR-INDIA-2025-00764,2025-11-14 10:23:00,THEFT,THEFT incident reported in Hyderabad Metro,Hyderabad Metro,False,Hyderabad Metro,17.37335763404381,78.50185335625014
FIR-INDIA-2024-00765,2024-08-16 09:50:00,ROBBERY,ROBBERY incident reported in Chennai Metro,Chennai Metro,False,Chennai Metro,13.077480100526037,80.26062416493929
FIR-INDIA-2025-00766,2025-08-08 11:50:00,ASSAULT,ASSAULT incident reported in Bengaluru City,Bengaluru City,True,Bengaluru City,12.958576557891327,77.5819534056105
FIR-INDIA-2024-00767,2024-05-14 13:34:00,ROBBERY,ROBBERY incident reported in Chennai Metro,Chennai Metro,False,Chennai Metro,13.070329380613819,80.28683113096612
FIR-INDIA-2023-00768,2023-04-08 05:43:00,ASSAULT,ASSAULT incident reported in Kolkata City,Kolkata City,False,Kolkata City,22.55717709238467,88.35526842087286
FIR-INDIA-2026-00769,2026-07-31 03:46:00,OTHER,OTHER incident reported in Ahmedabad,Ahmedabad,False,Ahmedabad,23.016470699483996,72.57158023920636
FIR-INDIA-2023-00770,2023-01-20 00:12:00,THEFT,THEFT incident reported in Mumbai Metro,Mumbai Metro,False,Mumbai Metro,19.08234021969874,72.86051006418506
FIR-INDIA-2024-00771,2024-10-28 05:18:00,ROBBERY,ROBBERY incident reported in Pune,Pune,False,Pune,18.52935409203624,73.848524758256
FIR-INDIA-2025-00772,2025-12-22 21:38:00,ASSAULT,ASSAULT incident reported in Mumbai Metro,Mumbai Metro,True,Mumbai Metro,19.0769197696102,72.8809625917888
FIR-INDIA-2024-00773,2024-10-09 13:21:00,THEFT,THEFT incident reported in Pune,Pune,False,Pune,18.506873193567966,73.83791043976498
FIR-INDIA-2024-00774,2024-08-30 14:32:00,BURGLARY,BURGLARY incident reported in Kolkata City,Kolkata City,False,Kolkata City,22.58446811139372,88.37178713418322
FIR-INDIA-2024-00775,2024-10-01 07:16:00,ROBBERY,ROBBERY incident reported in Mumbai Metro,Mumbai Metro,False,Mumbai Metro,19.069473982969463,72.87757023861664
FIR-INDIA-2026-00776,2026-04-23 08:15:00,THEFT,THEFT incident reported in Mumbai Metro,Mumbai Metro,False,Mumbai Metro,19.081474911003816,72.87376114037232
FIR-INDIA-2023-00777,2023-04-17 10:45:00,THEFT,THEFT incident reported in Mumbai Metro,Mumbai Metro,False,Mumbai Metro,19.074182479500188,72.84684140687622
FIR-INDIA-2026-00778,2026-02-28 13:04:00,THEFT,THEFT incident reported in Mumbai Metro,Mumbai Metro,True,Mumbai Metro,19.07972457081479,72.87744519254592
FIR-INDIA-2025-00779,2025-05-04 11:57:00,BURGLARY,BURGLARY incident reported in Hyderabad Metro,Hyderabad Metro,False,Hyderabad Metro,17.359118940137076,78.50621221550338
FIR-INDIA-2025-00780,2025-04-25 06:40:00,ASSAULT,ASSAULT incident reported in Kolkata City,Kolkata City,False,Kolkata City,22.56990302410157,88.34975512759488
FIR-INDIA-2025-00781,2025-03-04 01:59:00,ASSAULT,ASSAULT incident reported in Bengaluru City,Bengaluru City,True,Bengaluru City,12.99329356754913,77.57403198060675
FIR-INDIA-2026-00782,2026-04-28 06:52:00,THEFT,THEFT incident reported in Kolkata City,Kolkata City,False,Kolkata City,22.60587736795304,88.34539966169339
FIR-INDIA-2024-00783,2024-06-05 03:38:00,ROBBERY,ROBBERY incident reported in Mumbai Metro,Mumbai Metro,False,Mumbai Metro,19.076049380002814,72.88700351966094
FIR-INDIA-2023-00784,2023-12-02 04:16:00,THEFT,THEFT incident reported in Kolkata City,Kolkata City,True,Kolkata City,22.561589401192634,88.35486365929303
FIR-INDIA-2024-00785,2024-09-09 07:57:00,THEFT,THEFT incident reported in Chennai Metro,Chennai Metro,True,Chennai Metro,13.091206078010668,80.28167880582953
FIR-INDIA-2025-00786,2025-09-20 21:51:00,THEFT,THEFT incident reported in Bengaluru City,Bengaluru City,False,Bengaluru City,12.949621757399656,77.60303208013987
FIR-INDIA-2025-00787,2025-11-14 00:27:00,THEFT,THEFT incident reported in Delhi NCR,Delhi NCR,False,Delhi NCR,28.60980647709488,77.23032287591373
FIR-INDIA-2025-00788,2025-04-01 23:14:00,BURGLARY,BURGLARY incident reported in Kolkata City,Kolkata City,True,Kolkata City,22.558005520890884,88.34808772046728
FIR-INDIA-2025-00789,2025-02-24 01:41:00,ASSAULT,ASSAULT incident reported in Pune,Pune,False,Pune,18.521817267633782,73.84150632140944
FIR-INDIA-2026-00790,2026-04-03 09:32:00,ASSAULT,ASSAULT incident reported in Bengaluru City,Bengaluru City,False,Bengaluru City,12.9739684820179,77.58871440718461
FIR-INDIA-2023-00791,2023-06-28 11:00:00,ASSAULT,ASSAULT incident reported in Chennai Metro,Chennai Metro,False,Chennai Metro,13.092580621258184,80.2631776766193
FIR-INDIA-2026-00792,2026-02-20 21:25:00,BURGLARY,BURGLARY incident reported in Mumbai Metro,Mumbai Metro,True,Mumbai Metro,19.10604319737009,72.87140956253808
FIR-INDIA-2023-00793,2023-12-18 15:16:00,ASSAULT,ASSAULT incident reported in Ahmedabad,Ahmedabad,True,Ahmedabad,22.999690098164958,72.57068056495896
FIR-INDIA-2023-00794,2023-06-24 17:57:00,ASSAULT,ASSAULT incident reported in Bengaluru City,Bengaluru City,False,Bengaluru City,12.96406762376774,77.59050958678927
FIR-INDIA-2026-00795,2026-02-16 23:04:00,THEFT,THEFT incident reported in Pune,Pune,True,Pune,18.519340530848865,73.86623266739792
FIR-INDIA-2026-00796,2026-07-15 08:02:00,THEFT,THEFT incident reported in Delhi NCR,Delhi NCR,True,Delhi NCR,28.640451159393773,77.2148164275606
FIR-INDIA-2023-00797,2023-11-10 21:04:00,BURGLARY,BURGLARY incident reported in Pune,Pune,False,Pune,18.490078348908746,73.89493940319261
FIR-INDIA-2023-00798,2023-11-15 16:31:00,ASSAULT,ASSAULT incident reported in Mumbai Metro,Mumbai Metro,False,Mumbai Metro,19.074854111442313,72.88064190011613
FIR-INDIA-2023-00799,2023-02-14 10:42:00,BURGLARY,BURGLARY incident reported in Bengaluru City,Bengaluru City,True,Bengaluru City,12.963473493314078,77.59615016027536
FIR-INDIA-2026-00800,2026-01-25 00:18:00,ASSAULT,ASSAULT incident reported in Delhi NCR,Delhi NCR,False,Delhi NCR,28.61219209659343,77.20835346846164
FIR-INDIA-2023-00801,2023-03-03 02:52:00,ROBBERY,ROBBERY incident reported in Kolkata City,Kolkata City,False,Kolkata City,22.580908858117176,88.34722819312432
FIR-INDIA-2024-00802,2024-03-07 00:51:00,BURGLARY,BURGLARY incident reported in Mumbai Metro,Mumbai Metro,False,Mumbai Metro,19.050841678889004,72.89728954365623
FIR-INDIA-2024-00803,2024-08-09 15:59:00,ROBBERY,ROBBERY incident reported in Mumbai Metro,Mumbai Metro,False,Mumbai Metro,19.10447615023949,72.87551317631112
FIR-INDIA-2024-00804,2024-08-20 06:38:00,THEFT,THEFT incident reported in Ahmedabad,Ahmedabad,False,Ahmedabad,23.01149742977009,72.56703053774235
FIR-INDIA-2023-00805,2023-04-17 03:44:00,BURGLARY,BURGLARY incident reported in Delhi NCR,Delhi NCR,False,Delhi NCR,28.59362427581347,77.20696097041521
FIR-INDIA-2023-00806,2023-07-02 01:41:00,CYBER,CYBER incident reported in Delhi NCR,Delhi NCR,False,Delhi NCR,28.621276498459476,77.23348305985654
FIR-INDIA-2024-00807,2024-04-30 09:07:00,ASSAULT,ASSAULT incident reported in Kolkata City,Kolkata City,False,Kolkata City,22.560287244731178,88.3498039896714
FIR-INDIA-2024-00808,2024-09-26 21:04:00,THEFT,THEFT incident reported in Bengaluru City,Bengaluru City,False,Bengaluru City,12.979232955798333,77.56592655947829
FIR-INDIA-2023-00809,2023-06-14 03:07:00,THEFT,THEFT incident reported in Kolkata City,Kolkata City,False,Kolkata City,22.56146866587366,88.3847481303621
FIR-INDIA-2026-00810,2026-02-01 22:11:00,ROBBERY,ROBBERY incident reported in Delhi NCR,Delhi NCR,False,Delhi NCR,28.623003193387326,77.2147717773886
FIR-INDIA-2023-00811,2023-06-18 11:21:00,THEFT,THEFT incident reported in Chennai Metro,Chennai Metro,False,Chennai Metro,13.080349181256183,80.27250845539882
FIR-INDIA-2024-00812,2024-11-27 06:54:00,CYBER,CYBER incident reported in Mumbai Metro,Mumbai Metro,False,Mumbai Metro,19.08347349751627,72.8521374617885
FIR-INDIA-2023-00813,2023-03-05 19:40:00,THEFT,THEFT incident reported in Delhi NCR,Delhi NCR,True,Delhi NCR,28.610780489688203,77.1914797470261
FIR-INDIA-2026-00814,2026-07-03 08:51:00,THEFT,THEFT incident reported in Delhi NCR,Delhi NCR,False,Delhi NCR,28.608054599801594,77.23832260158714
FIR-INDIA-2025-00815,2025-11-22 17:08:00,ROBBERY,ROBBERY incident reported in Chennai Metro,Chennai Metro,False,Chennai Metro,13.079149234517542,80.26679808282384
FIR-INDIA-2023-00816,2023-04-04 00:58:00,OTHER,OTHER incident reported in Mumbai Metro,Mumbai Metro,True,Mumbai Metro,19.076707089462836,72.86346640298311
FIR-INDIA-2024-00817,2024-03-13 13:41:00,THEFT,THEFT incident reported in Delhi NCR,Delhi NCR,True,Delhi NCR,28.62493813353204,77.200396179872
FIR-INDIA-2023-00818,2023-04-24 16:13:00,THEFT,THEFT incident reported in Pune,Pune,False,Pune,18.546850983875732,73.85867448184979
FIR-INDIA-2024-00819,2024-02-07 07:02:00,ASSAULT,ASSAULT incident reported in Delhi NCR,Delhi NCR,True,Delhi NCR,28.607968221099572,77.20577426719036
FIR-INDIA-2024-00820,2024-09-25 09:43:00,BURGLARY,BURGLARY incident reported in Kolkata City,Kolkata City,False,Kolkata City,22.580544391887898,88.35414707886319
FIR-INDIA-2025-00821,2025-10-13 06:47:00,ASSAULT,ASSAULT incident reported in Mumbai Metro,Mumbai Metro,False,Mumbai Metro,19.058964396598856,72.89423932458398
FIR-INDIA-2024-00822,2024-08-14 15:31:00,ASSAULT,ASSAULT incident reported in Bengaluru City,Bengaluru City,False,Bengaluru City,12.966724365016331,77.61014721578955
FIR-INDIA-2025-00823,2025-09-26 14:51:00,BURGLARY,BURGLARY incident reported in Delhi NCR,Delhi NCR,True,Delhi NCR,28.647006847974293,77.20767977150132
FIR-INDIA-2026-00824,2026-07-23 13:54:00,ASSAULT,ASSAULT incident reported in Mumbai Metro,Mumbai Metro,False,Mumbai Metro,19.08590620236297,72.87695075633347
FIR-INDIA-2026-00825,2026-07-04 07:42:00,ASSAULT,ASSAULT incident reported in Bengaluru City,Bengaluru City,False,Bengaluru City,12.964776268659396,77.59602659401921
FIR-INDIA-2024-00826,2024-08-23 09:28:00,THEFT,THEFT incident reported in Hyderabad Metro,Hyderabad Metro,False,Hyderabad Metro,17.415524036104657,78.49301044159687
FIR-INDIA-2024-00827,2024-04-19 13:03:00,BURGLARY,BURGLARY incident reported in Delhi NCR,Delhi NCR,False,Delhi NCR,28.632204584741093,77.21280406698007
FIR-INDIA-2026-00828,2026-08-07 14:14:00,THEFT,THEFT incident reported in Bengaluru City,Bengaluru City,False,Bengaluru City,12.959337329889085,77.59629562364142
FIR-INDIA-2026-00829,2026-02-19 02:30:00,THEFT,THEFT incident reported in Bengaluru City,Bengaluru City,False,Bengaluru City,12.971715213194175,77.59432305785288
FIR-INDIA-2023-00830,2023-06-29 08:00:00,THEFT,THEFT incident reported in Hyderabad Metro,Hyderabad Metro,False,Hyderabad Metro,17.406882824022208,78.50678739924568
FIR-INDIA-2024-00831,2024-05-23 19:43:00,ASSAULT,ASSAULT incident reported in Mumbai Metro,Mumbai Metro,False,Mumbai Metro,19.091223841117742,72.87193101872758
FIR-INDIA-2024-00832,2024-06-03 07:04:00,CYBER,CYBER incident reported in Chennai Metro,Chennai Metro,False,Chennai Metro,13.076573639598084,80.2567259833984
FIR-INDIA-2026-00833,2026-07-30 10:52:00,ASSAULT,ASSAULT incident reported in Bengaluru City,Bengaluru City,False,Bengaluru City,12.973776336093122,77.61188876323061
FIR-INDIA-2024-00834,2024-05-25 02:16:00,BURGLARY,BURGLARY incident reported in Kolkata City,Kolkata City,True,Kolkata City,22.554360167869028,88.36658206657984
FIR-INDIA-2026-00835,2026-05-28 10:00:00,BURGLARY,BURGLARY incident reported in Bengaluru City,Bengaluru City,False,Bengaluru City,12.98684353843906,77.60264323617261
FIR-INDIA-2023-00836,2023-01-24 05:36:00,ASSAULT,ASSAULT incident reported in Delhi NCR,Delhi NCR,False,Delhi NCR,28.621103909226054,77.23416928750389
FIR-INDIA-2024-00837,2024-05-07 14:23:00,ASSAULT,ASSAULT incident reported in Bengaluru City,Bengaluru City,True,Bengaluru City,12.96944722892409,77.57808425680267
FIR-INDIA-2025-00838,2025-09-17 02:45:00,BURGLARY,BURGLARY incident reported in Ahmedabad,Ahmedabad,False,Ahmedabad,23.011865584919963,72.563795352137
FIR-INDIA-2023-00839,2023-11-24 19:25:00,THEFT,THEFT incident reported in Delhi NCR,Delhi NCR,False,Delhi NCR,28.616406892542244,77.21612566625944
FIR-INDIA-2026-00840,2026-08-07 04:43:00,THEFT,THEFT incident reported in Chennai Metro,Chennai Metro,False,Chennai Metro,13.090514627382758,80.2974946630265
FIR-INDIA-2025-00841,2025-06-21 11:28:00,BURGLARY,BURGLARY incident reported in Bengaluru City,Bengaluru City,False,Bengaluru City,12.978056151416292,77.60735762530322
FIR-INDIA-2023-00842,2023-06-08 20:19:00,BURGLARY,BURGLARY incident reported in Delhi NCR,Delhi NCR,False,Delhi NCR,28.595219574996477,77.21313347430937
FIR-INDIA-2026-00843,2026-07-09 21:42:00,ROBBERY,ROBBERY incident reported in Bengaluru City,Bengaluru City,False,Bengaluru City,12.98149759899397,77.57753847015839
FIR-INDIA-2026-00844,2026-05-27 18:43:00,THEFT,THEFT incident reported in Kolkata City,Kolkata City,False,Kolkata City,22.552350016808642,88.38896773098149
FIR-INDIA-2026-00845,2026-01-28 15:15:00,OTHER,OTHER incident reported in Mumbai Metro,Mumbai Metro,False,Mumbai Metro,19.07820762360196,72.89954950149948
FIR-INDIA-2026-00846,2026-03-06 19:21:00,ASSAULT,ASSAULT incident reported in Chennai Metro,Chennai Metro,False,Chennai Metro,13.105870704548945,80.27398291551218
FIR-INDIA-2025-00847,2025-10-23 02:39:00,THEFT,THEFT incident reported in Delhi NCR,Delhi NCR,False,Delhi NCR,28.61158408663006,77.22618759694424
FIR-INDIA-2025-00848,2025-03-11 01:50:00,ASSAULT,ASSAULT incident reported in Chennai Metro,Chennai Metro,False,Chennai Metro,13.068864755556838,80.27815993573664
FIR-INDIA-2024-00849,2024-11-08 12:05:00,THEFT,THEFT incident reported in Chennai Metro,Chennai Metro,False,Chennai Metro,13.091494697121938,80.26187026029906
FIR-INDIA-2025-00850,2025-04-19 05:41:00,ROBBERY,ROBBERY incident reported in Ahmedabad,Ahmedabad,False,Ahmedabad,23.02363835498032,72.5604848146839
FIR-INDIA-2024-00851,2024-12-22 00:33:00,THEFT,THEFT incident reported in Delhi NCR,Delhi NCR,False,Delhi NCR,28.63365426139329,77.18770279583538
FIR-INDIA-2023-00852,2023-01-22 20:10:00,ASSAULT,ASSAULT incident reported in Delhi NCR,Delhi NCR,False,Delhi NCR,28.610121939237093,77.19639050390192
FIR-INDIA-2024-00853,2024-08-18 07:31:00,THEFT,THEFT incident reported in Hyderabad Metro,Hyderabad Metro,True,Hyderabad Metro,17.401044095851248,78.49693899521458
FIR-INDIA-2025-00854,2025-08-22 05:54:00,THEFT,THEFT incident reported in Ahmedabad,Ahmedabad,False,Ahmedabad,23.001847130518964,72.59811095501986
FIR-INDIA-2024-00855,2024-11-30 13:36:00,THEFT,THEFT incident reported in Mumbai Metro,Mumbai Metro,True,Mumbai Metro,19.0861772543506,72.8606720002588
FIR-INDIA-2026-00856,2026-01-24 00:51:00,ASSAULT,ASSAULT incident reported in Kolkata City,Kolkata City,False,Kolkata City,22.580795733598205,88.35408935318698
FIR-INDIA-2023-00857,2023-05-12 10:04:00,ASSAULT,ASSAULT incident reported in Mumbai Metro,Mumbai Metro,False,Mumbai Metro,19.07828661632763,72.85097571579942
FIR-INDIA-2023-00858,2023-06-07 15:04:00,THEFT,THEFT incident reported in Delhi NCR,Delhi NCR,False,Delhi NCR,28.608626053287875,77.19185415280975
FIR-INDIA-2024-00859,2024-02-06 05:47:00,ASSAULT,ASSAULT incident reported in Bengaluru City,Bengaluru City,False,Bengaluru City,12.986132732978552,77.58947470260078
FIR-INDIA-2025-00860,2025-01-29 04:17:00,THEFT,THEFT incident reported in Kolkata City,Kolkata City,False,Kolkata City,22.566137697160325,88.36729841284685
FIR-INDIA-2023-00861,2023-07-08 08:14:00,ASSAULT,ASSAULT incident reported in Pune,Pune,False,Pune,18.50544348756887,73.83833879228119
FIR-INDIA-2025-00862,2025-05-03 01:32:00,ROBBERY,ROBBERY incident reported in Pune,Pune,True,Pune,18.50868611596078,73.8598657312439
FIR-INDIA-2026-00863,2026-03-09 22:10:00,ASSAULT,ASSAULT incident reported in Chennai Metro,Chennai Metro,False,Chennai Metro,13.056892265231129,80.26246984939837
FIR-INDIA-2026-00864,2026-08-11 14:22:00,CYBER,CYBER incident reported in Bengaluru City,Bengaluru City,False,Bengaluru City,12.943620377747083,77.58512778077602
FIR-INDIA-2026-00865,2026-07-04 10:57:00,THEFT,THEFT incident reported in Hyderabad Metro,Hyderabad Metro,True,Hyderabad Metro,17.38487977999661,78.5110505727216
FIR-INDIA-2024-00866,2024-06-30 14:24:00,ASSAULT,ASSAULT incident reported in Mumbai Metro,Mumbai Metro,True,Mumbai Metro,19.058056138964826,72.86442717579897
FIR-INDIA-2023-00867,2023-08-01 02:11:00,THEFT,THEFT incident reported in Kolkata City,Kolkata City,False,Kolkata City,22.55213597821715,88.37752518146043
FIR-INDIA-2026-00868,2026-03-12 03:46:00,ROBBERY,ROBBERY incident reported in Kolkata City,Kolkata City,True,Kolkata City,22.552392854421296,88.35565107920091
FIR-INDIA-2024-00869,2024-06-24 20:09:00,OTHER,OTHER incident reported in Delhi NCR,Delhi NCR,False,Delhi NCR,28.621438551998022,77.2111776873483
FIR-INDIA-2024-00870,2024-08-13 00:00:00,ROBBERY,ROBBERY incident reported in Kolkata City,Kolkata City,False,Kolkata City,22.579528329576704,88.33257161616919
FIR-INDIA-2025-00871,2025-10-15 06:35:00,BURGLARY,BURGLARY incident reported in Kolkata City,Kolkata City,False,Kolkata City,22.559676105044655,88.3640314137965
FIR-INDIA-2025-00872,2025-09-07 17:36:00,ASSAULT,ASSAULT incident reported in Kolkata City,Kolkata City,False,Kolkata City,22.583936292280484,88.38671991686984
FIR-INDIA-2025-00873,2025-09-07 02:27:00,THEFT,THEFT incident reported in Ahmedabad,Ahmedabad,False,Ahmedabad,23.030285539636413,72.55224792871817
FIR-INDIA-2024-00874,2024-05-09 17:49:00,THEFT,THEFT incident reported in Pune,Pune,False,Pune,18.541723595304713,73.86540387416547
FIR-INDIA-2023-00875,2023-10-05 04:39:00,CYBER,CYBER incident reported in Mumbai Metro,Mumbai Metro,False,Mumbai Metro,19.054156461573726,72.87787525490572
FIR-INDIA-2024-00876,2024-03-04 20:23:00,THEFT,THEFT incident reported in Kolkata City,Kolkata City,False,Kolkata City,22.586680085099495,88.36721673755062
FIR-INDIA-2024-00877,2024-07-15 18:16:00,BURGLARY,BURGLARY incident reported in Chennai Metro,Chennai Metro,False,Chennai Metro,13.087530645295006,80.29048741856664
FIR-INDIA-2024-00878,2024-08-28 18:37:00,BURGLARY,BURGLARY incident reported in Kolkata City,Kolkata City,False,Kolkata City,22.577307260416404,88.37519999704898
FIR-INDIA-2025-00879,2025-09-19 05:23:00,ASSAULT,ASSAULT incident reported in Bengaluru City,Bengaluru City,False,Bengaluru City,12.969663700665736,77.61126662207467
FIR-INDIA-2024-00880,2024-12-02 06:18:00,THEFT,THEFT incident reported in Ahmedabad,Ahmedabad,False,Ahmedabad,23.01135495062562,72.58487101611807
FIR-INDIA-2023-00881,2023-10-14 21:49:00,THEFT,THEFT incident reported in Mumbai Metro,Mumbai Metro,False,Mumbai Metro,19.04715827400046,72.85162725302682
FIR-INDIA-2025-00882,2025-09-29 03:20:00,THEFT,THEFT incident reported in Mumbai Metro,Mumbai Metro,False,Mumbai Metro,19.06378524647714,72.89593289192749
FIR-INDIA-2023-00883,2023-09-13 23:36:00,ASSAULT,ASSAULT incident reported in Bengaluru City,Bengaluru City,False,Bengaluru City,12.96863845199309,77.59297255071272
FIR-INDIA-2026-00884,2026-04-30 00:51:00,CYBER,CYBER incident reported in Kolkata City,Kolkata City,True,Kolkata City,22.597930112297576,88.36808725346215
FIR-INDIA-2023-00885,2023-01-24 08:48:00,ROBBERY,ROBBERY incident reported in Kolkata City,Kolkata City,True,Kolkata City,22.583950230024772,88.35047327998656
FIR-INDIA-2025-00886,2025-03-19 02:45:00,ASSAULT,ASSAULT incident reported in Bengaluru City,Bengaluru City,False,Bengaluru City,12.977504213071619,77.57896049746077
FIR-INDIA-2026-00887,2026-06-07 18:28:00,BURGLARY,BURGLARY incident reported in Mumbai Metro,Mumbai Metro,False,Mumbai Metro,19.125636951588987,72.8583342395398
FIR-INDIA-2025-00888,2025-11-09 02:56:00,THEFT,THEFT incident reported in Bengaluru City,Bengaluru City,False,Bengaluru City,12.997235821617236,77.58965523148562
FIR-INDIA-2025-00889,2025-04-27 01:53:00,THEFT,THEFT incident reported in Bengaluru City,Bengaluru City,False,Bengaluru City,12.976175114635344,77.5753086230385
FIR-INDIA-2025-00890,2025-05-14 12:26:00,CYBER,CYBER incident reported in Hyderabad Metro,Hyderabad Metro,False,Hyderabad Metro,17.390083224069464,78.4830977048919
FIR-INDIA-2026-00891,2026-08-19 04:03:00,THEFT,THEFT incident reported in Mumbai Metro,Mumbai Metro,False,Mumbai Metro,19.08768041604071,72.88127749207824
FIR-INDIA-2024-00892,2024-06-03 17:51:00,THEFT,THEFT incident reported in Delhi NCR,Delhi NCR,False,Delhi NCR,28.602092301351643,77.20785973362992
FIR-INDIA-2024-00893,2024-11-26 19:07:00,ROBBERY,ROBBERY incident reported in Mumbai Metro,Mumbai Metro,False,Mumbai Metro,19.08346698713956,72.88930464282456
FIR-INDIA-2023-00894,2023-10-15 19:00:00,ASSAULT,ASSAULT incident reported in Kolkata City,Kolkata City,False,Kolkata City,22.57823219515737,88.39551071270546
FIR-INDIA-2023-00895,2023-12-13 05:16:00,ROBBERY,ROBBERY incident reported in Kolkata City,Kolkata City,False,Kolkata City,22.58934236411384,88.36126847192402
FIR-INDIA-2025-00896,2025-05-12 03:23:00,THEFT,THEFT incident reported in Hyderabad Metro,Hyderabad Metro,True,Hyderabad Metro,17.391775344959466,78.50133360799374
FIR-INDIA-2023-00897,2023-12-18 04:43:00,BURGLARY,BURGLARY incident reported in Bengaluru City,Bengaluru City,False,Bengaluru City,12.957588228295556,77.60096542314619
FIR-INDIA-2023-00898,2023-04-13 11:52:00,BURGLARY,BURGLARY incident reported in Delhi NCR,Delhi NCR,False,Delhi NCR,28.614440722263918,77.17548364152783
FIR-INDIA-2023-00899,2023-09-27 08:16:00,THEFT,THEFT incident reported in Hyderabad Metro,Hyderabad Metro,False,Hyderabad Metro,17.39406994490263,78.49281344867985
FIR-INDIA-2024-00900,2024-03-02 09:45:00,THEFT,THEFT incident reported in Kolkata City,Kolkata City,True,Kolkata City,22.58851375735451,88.34651147148293
FIR-INDIA-2025-00901,2025-05-12 12:37:00,ROBBERY,ROBBERY incident reported in Kolkata City,Kolkata City,False,Kolkata City,22.582232776143158,88.34580542277408
FIR-INDIA-2026-00902,2026-08-27 15:09:00,ROBBERY,ROBBERY incident reported in Mumbai Metro,Mumbai Metro,True,Mumbai Metro,19.062566469923716,72.85846435789304
FIR-INDIA-2025-00903,2025-08-28 01:47:00,ASSAULT,ASSAULT incident reported in Delhi NCR,Delhi NCR,False,Delhi NCR,28.6037180664502,77.19133367015995
FIR-INDIA-2024-00904,2024-06-14 02:07:00,BURGLARY,BURGLARY incident reported in Mumbai Metro,Mumbai Metro,False,Mumbai Metro,19.085198276531365,72.86216045049734
FIR-INDIA-2023-00905,2023-10-30 20:38:00,ASSAULT,ASSAULT incident reported in Mumbai Metro,Mumbai Metro,False,Mumbai Metro,19.06654266663906,72.85395589749477
FIR-INDIA-2023-00906,2023-11-17 06:15:00,ASSAULT,ASSAULT incident reported in Mumbai Metro,Mumbai Metro,False,Mumbai Metro,19.077913256404926,72.84297898271588
FIR-INDIA-2025-00907,2025-09-16 23:01:00,CYBER,CYBER incident reported in Bengaluru City,Bengaluru City,False,Bengaluru City,12.955023325845563,77.59922206847985
FIR-INDIA-2024-00908,2024-07-04 08:57:00,THEFT,THEFT incident reported in Mumbai Metro,Mumbai Metro,False,Mumbai Metro,19.078449491351645,72.86404589428567
FIR-INDIA-2023-00909,2023-10-02 18:44:00,CYBER,CYBER incident reported in Delhi NCR,Delhi NCR,False,Delhi NCR,28.608195481728004,77.18051119625493
FIR-INDIA-2025-00910,2025-01-29 00:04:00,THEFT,THEFT incident reported in Delhi NCR,Delhi NCR,False,Delhi NCR,28.605450534625938,77.19852064467561
FIR-INDIA-2025-00911,2025-06-24 23:25:00,ROBBERY,ROBBERY incident reported in Hyderabad Metro,Hyderabad Metro,True,Hyderabad Metro,17.3859336281416,78.49217853235334
FIR-INDIA-2025-00912,2025-05-11 19:49:00,THEFT,THEFT incident reported in Chennai Metro,Chennai Metro,False,Chennai Metro,13.068478814997754,80.28376989579463
FIR-INDIA-2023-00913,2023-11-06 06:00:00,THEFT,THEFT incident reported in Kolkata City,Kolkata City,False,Kolkata City,22.600544870266187,88.36217389940875
FIR-INDIA-2023-00914,2023-06-06 02:43:00,THEFT,THEFT incident reported in Bengaluru City,Bengaluru City,False,Bengaluru City,12.97459595442398,77.58635013635457
FIR-INDIA-2024-00915,2024-05-29 14:54:00,ROBBERY,ROBBERY incident reported in Ahmedabad,Ahmedabad,False,Ahmedabad,23.01635638644829,72.57294525968548
FIR-INDIA-2026-00916,2026-06-07 02:03:00,ASSAULT,ASSAULT incident reported in Kolkata City,Kolkata City,False,Kolkata City,22.577607884871703,88.3616723545258
FIR-INDIA-2026-00917,2026-01-12 03:04:00,THEFT,THEFT incident reported in Ahmedabad,Ahmedabad,False,Ahmedabad,23.0170241600959,72.54723421943562
FIR-INDIA-2023-00918,2023-04-24 18:19:00,ROBBERY,ROBBERY incident reported in Delhi NCR,Delhi NCR,False,Delhi NCR,28.610894868263635,77.22391850070977
FIR-INDIA-2025-00919,2025-02-26 09:25:00,BURGLARY,BURGLARY incident reported in Bengaluru City,Bengaluru City,False,Bengaluru City,12.974041659227593,77.59898987961174
FIR-INDIA-2023-00920,2023-07-08 19:19:00,THEFT,THEFT incident reported in Delhi NCR,Delhi NCR,False,Delhi NCR,28.60616412720477,77.20939491092757
FIR-INDIA-2026-00921,2026-01-18 16:42:00,ROBBERY,ROBBERY incident reported in Mumbai Metro,Mumbai Metro,False,Mumbai Metro,19.06076702484105,72.89367014894388
FIR-INDIA-2024-00922,2024-04-07 10:51:00,ASSAULT,ASSAULT incident reported in Ahmedabad,Ahmedabad,False,Ahmedabad,23.015240556741894,72.58214972980568
FIR-INDIA-2024-00923,2024-04-15 03:44:00,ASSAULT,ASSAULT incident reported in Chennai Metro,Chennai Metro,True,Chennai Metro,13.105370341500471,80.27191159819449
FIR-INDIA-2024-00924,2024-05-08 02:57:00,ASSAULT,ASSAULT incident reported in Ahmedabad,Ahmedabad,False,Ahmedabad,23.040862800008973,72.55428267027683
FIR-INDIA-2024-00925,2024-12-02 19:17:00,THEFT,THEFT incident reported in Delhi NCR,Delhi NCR,False,Delhi NCR,28.60829895154224,77.21028271367487
FIR-INDIA-2026-00926,2026-07-04 21:03:00,OTHER,OTHER incident reported in Kolkata City,Kolkata City,False,Kolkata City,22.603877519658358,88.34490924540015
FIR-INDIA-2026-00927,2026-01-11 08:58:00,OTHER,OTHER incident reported in Bengaluru City,Bengaluru City,False,Bengaluru City,12.995892636019434,77.6143235072876
FIR-INDIA-2025-00928,2025-05-08 21:02:00,THEFT,THEFT incident reported in Delhi NCR,Delhi NCR,True,Delhi NCR,28.60323511926038,77.20189120922687
FIR-INDIA-2023-00929,2023-11-04 22:52:00,ROBBERY,ROBBERY incident reported in Kolkata City,Kolkata City,True,Kolkata City,22.55104644100366,88.3641748516903
FIR-INDIA-2025-00930,2025-07-14 05:51:00,THEFT,THEFT incident reported in Kolkata City,Kolkata City,False,Kolkata City,22.55040452507353,88.35790570939105
FIR-INDIA-2024-00931,2024-07-02 06:53:00,ASSAULT,ASSAULT incident reported in Bengaluru City,Bengaluru City,False,Bengaluru City,12.947156110251647,77.60173196774201
FIR-INDIA-2025-00932,2025-01-28 14:04:00,ROBBERY,ROBBERY incident reported in Pune,Pune,True,Pune,18.500236913448386,73.87280885227236
FIR-INDIA-2023-00933,2023-11-17 00:19:00,THEFT,THEFT incident reported in Ahmedabad,Ahmedabad,False,Ahmedabad,23.043862761934317,72.55321614786996
FIR-INDIA-2024-00934,2024-03-27 01:54:00,THEFT,THEFT incident reported in Kolkata City,Kolkata City,False,Kolkata City,22.55862670105272,88.37241107699671
FIR-INDIA-2026-00935,2026-04-14 18:00:00,THEFT,THEFT incident reported in Delhi NCR,Delhi NCR,False,Delhi NCR,28.595840772764507,77.2102496971738
FIR-INDIA-2023-00936,2023-12-28 08:36:00,THEFT,THEFT incident reported in Chennai Metro,Chennai Metro,False,Chennai Metro,13.089330157362424,80.24195492658828
FIR-INDIA-2023-00937,2023-10-04 08:44:00,CYBER,CYBER incident reported in Mumbai Metro,Mumbai Metro,True,Mumbai Metro,19.084095381509897,72.89260655117548
FIR-INDIA-2023-00938,2023-01-06 05:52:00,BURGLARY,BURGLARY incident reported in Bengaluru City,Bengaluru City,False,Bengaluru City,12.95830501261869,77.6063562397673
FIR-INDIA-2023-00939,2023-05-28 08:53:00,ASSAULT,ASSAULT incident reported in Ahmedabad,Ahmedabad,False,Ahmedabad,23.028307527108577,72.5583249789869
FIR-INDIA-2024-00940,2024-04-17 13:36:00,THEFT,THEFT incident reported in Pune,Pune,False,Pune,18.53395310151999,73.85392485544924
FIR-INDIA-2023-00941,2023-08-24 12:31:00,ASSAULT,ASSAULT incident reported in Mumbai Metro,Mumbai Metro,False,Mumbai Metro,19.06117347391642,72.8890084304242
FIR-INDIA-2026-00942,2026-02-03 05:49:00,THEFT,THEFT incident reported in Delhi NCR,Delhi NCR,False,Delhi NCR,28.603535781323007,77.20780978758
FIR-INDIA-2023-00943,2023-06-10 20:06:00,ASSAULT,ASSAULT incident reported in Chennai Metro,Chennai Metro,False,Chennai Metro,13.068524173282091,80.24996894216507
FIR-INDIA-2023-00944,2023-01-18 02:51:00,THEFT,THEFT incident reported in Chennai Metro,Chennai Metro,True,Chennai Metro,13.092775202856881,80.27742215974831
FIR-INDIA-2023-00945,2023-06-06 18:14:00,THEFT,THEFT incident reported in Chennai Metro,Chennai Metro,False,Chennai Metro,13.084157418815538,80.26520665553134
FIR-INDIA-2025-00946,2025-03-22 01:45:00,OTHER,OTHER incident reported in Hyderabad Metro,Hyderabad Metro,False,Hyderabad Metro,17.384002502494106,78.49757347738688
FIR-INDIA-2026-00947,2026-05-22 00:51:00,BURGLARY,BURGLARY incident reported in Pune,Pune,False,Pune,18.50302302748517,73.86617390126689
FIR-INDIA-2025-00948,2025-02-15 02:47:00,ROBBERY,ROBBERY incident reported in Pune,Pune,False,Pune,18.53015481539057,73.86042131017945
FIR-INDIA-2025-00949,2025-08-25 17:29:00,BURGLARY,BURGLARY incident reported in Kolkata City,Kolkata City,False,Kolkata City,22.57668922324185,88.38455655755244
FIR-INDIA-2023-00950,2023-02-16 17:18:00,OTHER,OTHER incident reported in Delhi NCR,Delhi NCR,True,Delhi NCR,28.59655972316311,77.1939395448563
FIR-INDIA-2025-00951,2025-03-12 07:05:00,THEFT,THEFT incident reported in Bengaluru City,Bengaluru City,False,Bengaluru City,12.997284827233853,77.60204693565277
FIR-INDIA-2024-00952,2024-02-19 09:29:00,ROBBERY,ROBBERY incident reported in Bengaluru City,Bengaluru City,True,Bengaluru City,12.966111351904551,77.5879305927879
FIR-INDIA-2025-00953,2025-12-31 19:07:00,ASSAULT,ASSAULT incident reported in Bengaluru City,Bengaluru City,True,Bengaluru City,12.98762569640107,77.58949116131011
FIR-INDIA-2024-00954,2024-11-10 16:37:00,THEFT,THEFT incident reported in Delhi NCR,Delhi NCR,False,Delhi NCR,28.624693428407863,77.19376384750223
FIR-INDIA-2025-00955,2025-08-02 21:19:00,BURGLARY,BURGLARY incident reported in Bengaluru City,Bengaluru City,False,Bengaluru City,12.984621869924053,77.59294644212105
FIR-INDIA-2023-00956,2023-11-04 13:40:00,ROBBERY,ROBBERY incident reported in Hyderabad Metro,Hyderabad Metro,False,Hyderabad Metro,17.3779992598564,78.47393276183702
FIR-INDIA-2024-00957,2024-10-27 04:40:00,ROBBERY,ROBBERY incident reported in Pune,Pune,True,Pune,18.503482154281663,73.86984210998777
FIR-INDIA-2026-00958,2026-04-12 02:21:00,BURGLARY,BURGLARY incident reported in Ahmedabad,Ahmedabad,False,Ahmedabad,23.03870233397601,72.57148699808518
FIR-INDIA-2026-00959,2026-03-20 05:13:00,BURGLARY,BURGLARY incident reported in Mumbai Metro,Mumbai Metro,True,Mumbai Metro,19.096327485713932,72.87031082712272
FIR-INDIA-2025-00960,2025-08-26 18:07:00,THEFT,THEFT incident reported in Ahmedabad,Ahmedabad,False,Ahmedabad,23.051980243800962,72.56593421213155
FIR-INDIA-2025-00961,2025-04-26 15:03:00,THEFT,THEFT incident reported in Mumbai Metro,Mumbai Metro,False,Mumbai Metro,19.078500822318773,72.90512252409101
FIR-INDIA-2024-00962,2024-08-16 09:46:00,ROBBERY,ROBBERY incident reported in Kolkata City,Kolkata City,False,Kolkata City,22.578184649604854,88.36621803059923
FIR-INDIA-2025-00963,2025-12-15 03:51:00,ASSAULT,ASSAULT incident reported in Mumbai Metro,Mumbai Metro,False,Mumbai Metro,19.067689701961136,72.8756156157477
FIR-INDIA-2025-00964,2025-07-04 05:53:00,THEFT,THEFT incident reported in Delhi NCR,Delhi NCR,True,Delhi NCR,28.625652568002973,77.20957432352604
FIR-INDIA-2025-00965,2025-07-02 22:34:00,ASSAULT,ASSAULT incident reported in Delhi NCR,Delhi NCR,True,Delhi NCR,28.615299531642435,77.22311893127662
FIR-INDIA-2026-00966,2026-08-21 06:19:00,CYBER,CYBER incident reported in Bengaluru City,Bengaluru City,False,Bengaluru City,12.956062859841275,77.60737054249887
FIR-INDIA-2023-00967,2023-05-02 07:12:00,OTHER,OTHER incident reported in Kolkata City,Kolkata City,False,Kolkata City,22.566263444453014,88.35573965226588
FIR-INDIA-2026-00968,2026-01-17 14:38:00,THEFT,THEFT incident reported in Kolkata City,Kolkata City,False,Kolkata City,22.58371889187752,88.36409034972792
FIR-INDIA-2024-00969,2024-04-07 05:19:00,THEFT,THEFT incident reported in Delhi NCR,Delhi NCR,True,Delhi NCR,28.6166351717941,77.20435651802335
FIR-INDIA-2026-00970,2026-06-01 11:57:00,ASSAULT,ASSAULT incident reported in Hyderabad Metro,Hyderabad Metro,False,Hyderabad Metro,17.37765987507337,78.50419909193229
FIR-INDIA-2023-00971,2023-02-05 10:55:00,THEFT,THEFT incident reported in Hyderabad Metro,Hyderabad Metro,True,Hyderabad Metro,17.365248555276573,78.51462192781025
FIR-INDIA-2025-00972,2025-10-13 05:45:00,BURGLARY,BURGLARY incident reported in Mumbai Metro,Mumbai Metro,False,Mumbai Metro,19.079603561255617,72.84113980960741
FIR-INDIA-2025-00973,2025-02-04 21:27:00,ASSAULT,ASSAULT incident reported in Delhi NCR,Delhi NCR,False,Delhi NCR,28.6261143208085,77.21306518324069
FIR-INDIA-2023-00974,2023-04-21 14:32:00,THEFT,THEFT incident reported in Kolkata City,Kolkata City,False,Kolkata City,22.58115388599032,88.36750819571834
FIR-INDIA-2025-00975,2025-10-14 20:24:00,THEFT,THEFT incident reported in Mumbai Metro,Mumbai Metro,False,Mumbai Metro,19.065102678665,72.85642144012384
FIR-INDIA-2024-00976,2024-11-26 12:20:00,CYBER,CYBER incident reported in Chennai Metro,Chennai Metro,False,Chennai Metro,13.084133885383885,80.28850159023658
FIR-INDIA-2024-00977,2024-03-21 00:00:00,THEFT,THEFT incident reported in Chennai Metro,Chennai Metro,False,Chennai Metro,13.11287944985882,80.27044468585852
FIR-INDIA-2026-00978,2026-07-16 13:21:00,CYBER,CYBER incident reported in Bengaluru City,Bengaluru City,False,Bengaluru City,12.987708997561338,77.5878833393891
FIR-INDIA-2025-00979,2025-09-02 05:02:00,THEFT,THEFT incident reported in Hyderabad Metro,Hyderabad Metro,True,Hyderabad Metro,17.382420369168337,78.46662648042411
FIR-INDIA-2026-00980,2026-01-09 19:17:00,THEFT,THEFT incident reported in Bengaluru City,Bengaluru City,False,Bengaluru City,12.96885320039385,77.6104808549524
FIR-INDIA-2023-00981,2023-12-15 16:45:00,ASSAULT,ASSAULT incident reported in Delhi NCR,Delhi NCR,False,Delhi NCR,28.636303100575883,77.19278690308153
FIR-INDIA-2026-00982,2026-02-08 02:54:00,CYBER,CYBER incident reported in Hyderabad Metro,Hyderabad Metro,False,Hyderabad Metro,17.366768791486674,78.47361794814012
FIR-INDIA-2024-00983,2024-04-19 15:36:00,THEFT,THEFT incident reported in Mumbai Metro,Mumbai Metro,False,Mumbai Metro,19.060475580605857,72.87245743603145
FIR-INDIA-2025-00984,2025-06-15 03:47:00,ASSAULT,ASSAULT incident reported in Bengaluru City,Bengaluru City,False,Bengaluru City,12.968376780486716,77.60160573904199
FIR-INDIA-2023-00985,2023-07-25 13:22:00,THEFT,THEFT incident reported in Kolkata City,Kolkata City,False,Kolkata City,22.579128869732816,88.34597042910244
FIR-INDIA-2025-00986,2025-03-14 19:30:00,ASSAULT,ASSAULT incident reported in Kolkata City,Kolkata City,True,Kolkata City,22.56531682832738,88.39092219961118
FIR-INDIA-2025-00987,2025-11-09 19:13:00,THEFT,THEFT incident reported in Ahmedabad,Ahmedabad,False,Ahmedabad,23.057804098527626,72.5695334606422
FIR-INDIA-2024-00988,2024-01-03 04:25:00,ROBBERY,ROBBERY incident reported in Bengaluru City,Bengaluru City,True,Bengaluru City,12.977141915366701,77.57288401014117
FIR-INDIA-2025-00989,2025-01-02 20:30:00,THEFT,THEFT incident reported in Kolkata City,Kolkata City,False,Kolkata City,22.54591953660503,88.36912077113219
FIR-INDIA-2025-00990,2025-11-26 09:33:00,ASSAULT,ASSAULT incident reported in Mumbai Metro,Mumbai Metro,False,Mumbai Metro,19.052326764498595,72.87873415580876
FIR-INDIA-2026-00991,2026-06-18 11:22:00,THEFT,THEFT incident reported in Mumbai Metro,Mumbai Metro,False,Mumbai Metro,19.08740557664813,72.87814054902225
FIR-INDIA-2023-00992,2023-08-18 18:14:00,ASSAULT,ASSAULT incident reported in Bengaluru City,Bengaluru City,False,Bengaluru City,12.975552850516761,77.57181340005658
FIR-INDIA-2025-00993,2025-05-18 14:46:00,THEFT,THEFT incident reported in Kolkata City,Kolkata City,False,Kolkata City,22.599821205009864,88.4029187066768
FIR-INDIA-2024-00994,2024-10-05 10:41:00,ASSAULT,ASSAULT incident reported in Mumbai Metro,Mumbai Metro,False,Mumbai Metro,19.089381660050577,72.8742151842229
FIR-INDIA-2023-00995,2023-08-23 23:20:00,CYBER,CYBER incident reported in Bengaluru City,Bengaluru City,True,Bengaluru City,12.99619887226666,77.59419017961758
FIR-INDIA-2025-00996,2025-11-08 18:25:00,CYBER,CYBER incident reported in Kolkata City,Kolkata City,True,Kolkata City,22.614675840157904,88.37444202468546
FIR-INDIA-2023-00997,2023-05-25 16:06:00,THEFT,THEFT incident reported in Mumbai Metro,Mumbai Metro,False,Mumbai Metro,19.08532667587045,72.85857097825006
FIR-INDIA-2023-00998,2023-03-18 21:41:00,THEFT,THEFT incident reported in Mumbai Metro,Mumbai Metro,False,Mumbai Metro,19.081717358464996,72.8560952123009
FIR-INDIA-2023-00999,2023-07-13 15:28:00,THEFT,THEFT incident reported in Kolkata City,Kolkata City,False,Kolkata City,22.58356104845984,88.35896669731677
FIR-INDIA-2024-01000,2024-10-26 20:42:00,THEFT,THEFT incident reported in Ahmedabad,Ahmedabad,False,Ahmedabad,23.031997477838075,72.5739134001951
FIR-INDIA-2023-01001,2023-04-28 01:47:00,ROBBERY,ROBBERY incident reported in Mumbai Metro,Mumbai Metro,False,Mumbai Metro,19.08087721055907,72.87660664731058
FIR-INDIA-2024-01002,2024-09-30 03:02:00,THEFT,THEFT incident reported in Bengaluru City,Bengaluru City,True,Bengaluru City,12.988840009449758,77.58910633322567
FIR-INDIA-2025-01003,2025-08-29 20:13:00,ROBBERY,ROBBERY incident reported in Mumbai Metro,Mumbai Metro,False,Mumbai Metro,19.069329026385912,72.88337599342672
FIR-INDIA-2023-01004,2023-11-29 07:19:00,THEFT,THEFT incident reported in Ahmedabad,Ahmedabad,False,Ahmedabad,23.00828368667775,72.56601125959486
FIR-INDIA-2023-01005,2023-08-07 10:17:00,THEFT,THEFT incident reported in Bengaluru City,Bengaluru City,True,Bengaluru City,12.955331174403046,77.58906248209178
FIR-INDIA-2026-01006,2026-01-10 15:14:00,THEFT,THEFT incident reported in Bengaluru City,Bengaluru City,False,Bengaluru City,12.985657064800591,77.60873637927266
FIR-INDIA-2024-01007,2024-09-09 11:42:00,ASSAULT,ASSAULT incident reported in Hyderabad Metro,Hyderabad Metro,True,Hyderabad Metro,17.414781427279326,78.480079925611
FIR-INDIA-2025-01008,2025-06-16 16:09:00,THEFT,THEFT incident reported in Bengaluru City,Bengaluru City,False,Bengaluru City,12.976714308778833,77.62365667361554
FIR-INDIA-2023-01009,2023-02-05 19:25:00,ASSAULT,ASSAULT incident reported in Delhi NCR,Delhi NCR,False,Delhi NCR,28.63037306069994,77.18390927059487
FIR-INDIA-2023-01010,2023-03-25 06:01:00,ASSAULT,ASSAULT incident reported in Bengaluru City,Bengaluru City,True,Bengaluru City,12.982315409180291,77.5989684628994
FIR-INDIA-2025-01011,2025-04-10 01:35:00,OTHER,OTHER incident reported in Delhi NCR,Delhi NCR,True,Delhi NCR,28.610857345366018,77.17511093230101
FIR-INDIA-2025-01012,2025-04-02 09:48:00,ASSAULT,ASSAULT incident reported in Delhi NCR,Delhi NCR,False,Delhi NCR,28.616275978238093,77.20486537092178
FIR-INDIA-2023-01013,2023-07-03 17:56:00,BURGLARY,BURGLARY incident reported in Hyderabad Metro,Hyderabad Metro,False,Hyderabad Metro,17.394482373542356,78.4671855324043
FIR-INDIA-2025-01014,2025-10-18 23:37:00,THEFT,THEFT incident reported in Chennai Metro,Chennai Metro,False,Chennai Metro,13.064686657067671,80.28935790777139
FIR-INDIA-2023-01015,2023-03-05 16:46:00,ASSAULT,ASSAULT incident reported in Ahmedabad,Ahmedabad,True,Ahmedabad,23.030095011434486,72.55388435286778
FIR-INDIA-2024-01016,2024-05-09 22:50:00,ROBBERY,ROBBERY incident reported in Delhi NCR,Delhi NCR,False,Delhi NCR,28.614488276803616,77.19123127978857
FIR-INDIA-2024-01017,2024-01-28 06:18:00,CYBER,CYBER incident reported in Hyderabad Metro,Hyderabad Metro,False,Hyderabad Metro,17.368221665629388,78.49823014815851
FIR-INDIA-2026-01018,2026-04-10 22:28:00,CYBER,CYBER incident reported in Bengaluru City,Bengaluru City,False,Bengaluru City,12.970815967139881,77.58939370359357
FIR-INDIA-2026-01019,2026-07-05 04:40:00,ASSAULT,ASSAULT incident reported in Delhi NCR,Delhi NCR,False,Delhi NCR,28.619582172226618,77.20373925271592
FIR-INDIA-2023-01020,2023-12-01 01:17:00,CYBER,CYBER incident reported in Delhi NCR,Delhi NCR,False,Delhi NCR,28.57746864955298,77.20590921020867
FIR-INDIA-2024-01021,2024-02-16 09:11:00,ROBBERY,ROBBERY incident reported in Delhi NCR,Delhi NCR,False,Delhi NCR,28.620623389184843,77.1957851632802
FIR-INDIA-2026-01022,2026-07-06 03:07:00,BURGLARY,BURGLARY incident reported in Delhi NCR,Delhi NCR,True,Delhi NCR,28.607803489833877,77.21861747423037
FIR-INDIA-2026-01023,2026-01-01 22:43:00,OTHER,OTHER incident reported in Chennai Metro,Chennai Metro,True,Chennai Metro,13.084853084766376,80.26701512202393
FIR-INDIA-2023-01024,2023-08-27 09:14:00,ASSAULT,ASSAULT incident reported in Ahmedabad,Ahmedabad,True,Ahmedabad,23.01772068502121,72.58479627208868
FIR-INDIA-2025-01025,2025-08-03 06:24:00,THEFT,THEFT incident reported in Mumbai Metro,Mumbai Metro,True,Mumbai Metro,19.072813002879972,72.90184199207103
FIR-INDIA-2024-01026,2024-12-13 16:40:00,THEFT,THEFT incident reported in Pune,Pune,False,Pune,18.5192976231975,73.89673932184286
FIR-INDIA-2025-01027,2025-06-19 11:56:00,ROBBERY,ROBBERY incident reported in Hyderabad Metro,Hyderabad Metro,False,Hyderabad Metro,17.388560359526558,78.50928911840481
FIR-INDIA-2024-01028,2024-01-03 00:55:00,BURGLARY,BURGLARY incident reported in Delhi NCR,Delhi NCR,False,Delhi NCR,28.606731888064903,77.21998349767378
FIR-INDIA-2024-01029,2024-10-08 15:33:00,ASSAULT,ASSAULT incident reported in Chennai Metro,Chennai Metro,False,Chennai Metro,13.073090732728986,80.2596114938848
FIR-INDIA-2024-01030,2024-07-20 14:07:00,CYBER,CYBER incident reported in Mumbai Metro,Mumbai Metro,False,Mumbai Metro,19.097726019295944,72.8640515120093
FIR-INDIA-2024-01031,2024-08-17 23:08:00,BURGLARY,BURGLARY incident reported in Kolkata City,Kolkata City,False,Kolkata City,22.578351426564858,88.36952270779423
FIR-INDIA-2025-01032,2025-09-28 05:42:00,CYBER,CYBER incident reported in Bengaluru City,Bengaluru City,False,Bengaluru City,12.94852830247392,77.59310689829627
FIR-INDIA-2025-01033,2025-05-20 04:44:00,THEFT,THEFT incident reported in Pune,Pune,True,Pune,18.531177533334276,73.87415415145256
FIR-INDIA-2025-01034,2025-04-06 22:53:00,THEFT,THEFT incident reported in Kolkata City,Kolkata City,False,Kolkata City,22.594961990486507,88.34334872725235
FIR-INDIA-2026-01035,2026-04-30 03:37:00,THEFT,THEFT incident reported in Hyderabad Metro,Hyderabad Metro,False,Hyderabad Metro,17.38766104030576,78.4851683159077
FIR-INDIA-2025-01036,2025-07-12 01:17:00,CYBER,CYBER incident reported in Mumbai Metro,Mumbai Metro,False,Mumbai Metro,19.07150959779054,72.87906147395856
FIR-INDIA-2024-01037,2024-05-12 14:14:00,THEFT,THEFT incident reported in Hyderabad Metro,Hyderabad Metro,False,Hyderabad Metro,17.404982956201184,78.50205209676041
FIR-INDIA-2024-01038,2024-12-29 10:28:00,THEFT,THEFT incident reported in Delhi NCR,Delhi NCR,False,Delhi NCR,28.626985209381814,77.17854364913437
FIR-INDIA-2026-01039,2026-07-04 19:27:00,BURGLARY,BURGLARY incident reported in Mumbai Metro,Mumbai Metro,False,Mumbai Metro,19.068308971772662,72.88382141877287
FIR-INDIA-2026-01040,2026-04-27 12:52:00,ASSAULT,ASSAULT incident reported in Kolkata City,Kolkata City,False,Kolkata City,22.59511178475552,88.36497678239296
FIR-INDIA-2025-01041,2025-10-19 19:33:00,THEFT,THEFT incident reported in Mumbai Metro,Mumbai Metro,True,Mumbai Metro,19.090497652907874,72.89562387469522
FIR-INDIA-2023-01042,2023-06-16 02:36:00,THEFT,THEFT incident reported in Delhi NCR,Delhi NCR,False,Delhi NCR,28.61002504347821,77.22430012136044
FIR-INDIA-2026-01043,2026-05-24 05:03:00,THEFT,THEFT incident reported in Mumbai Metro,Mumbai Metro,True,Mumbai Metro,19.0711285165858,72.89649751961183
FIR-INDIA-2026-01044,2026-08-15 00:40:00,THEFT,THEFT incident reported in Delhi NCR,Delhi NCR,False,Delhi NCR,28.596112373666458,77.2132806098559
FIR-INDIA-2023-01045,2023-06-01 10:22:00,ASSAULT,ASSAULT incident reported in Chennai Metro,Chennai Metro,False,Chennai Metro,13.088334354752131,80.26525993026273
FIR-INDIA-2023-01046,2023-07-27 22:28:00,THEFT,THEFT incident reported in Mumbai Metro,Mumbai Metro,True,Mumbai Metro,19.074969636172177,72.87982745966009
FIR-INDIA-2024-01047,2024-04-11 01:00:00,ASSAULT,ASSAULT incident reported in Mumbai Metro,Mumbai Metro,False,Mumbai Metro,19.113308995974236,72.86838570194156
FIR-INDIA-2023-01048,2023-08-11 18:31:00,ROBBERY,ROBBERY incident reported in Mumbai Metro,Mumbai Metro,False,Mumbai Metro,19.087285348201345,72.88796229663362
FIR-INDIA-2024-01049,2024-02-10 03:41:00,THEFT,THEFT incident reported in Bengaluru City,Bengaluru City,True,Bengaluru City,12.992046734801143,77.57820545626667
FIR-INDIA-2026-01050,2026-01-11 05:36:00,ROBBERY,ROBBERY incident reported in Bengaluru City,Bengaluru City,True,Bengaluru City,12.982789243501058,77.59090119407509
FIR-INDIA-2023-01051,2023-05-02 20:52:00,ASSAULT,ASSAULT incident reported in Bengaluru City,Bengaluru City,True,Bengaluru City,12.967911171349298,77.60464132924919
FIR-INDIA-2024-01052,2024-10-17 13:41:00,THEFT,THEFT incident reported in Chennai Metro,Chennai Metro,True,Chennai Metro,13.088863944248237,80.25893909577616
FIR-INDIA-2026-01053,2026-05-29 22:55:00,ASSAULT,ASSAULT incident reported in Ahmedabad,Ahmedabad,False,Ahmedabad,23.02382997158958,72.58862720940458
FIR-INDIA-2024-01054,2024-02-08 18:21:00,THEFT,THEFT incident reported in Delhi NCR,Delhi NCR,False,Delhi NCR,28.61478796017477,77.20086030319507
FIR-INDIA-2025-01055,2025-12-09 11:05:00,BURGLARY,BURGLARY incident reported in Mumbai Metro,Mumbai Metro,True,Mumbai Metro,19.086008452197447,72.86558263707661
FIR-INDIA-2026-01056,2026-04-20 19:03:00,THEFT,THEFT incident reported in Delhi NCR,Delhi NCR,True,Delhi NCR,28.628707802017747,77.22152207381944
FIR-INDIA-2023-01057,2023-03-25 09:18:00,ASSAULT,ASSAULT incident reported in Mumbai Metro,Mumbai Metro,False,Mumbai Metro,19.07218798294162,72.8688960874982
FIR-INDIA-2023-01058,2023-04-30 12:03:00,BURGLARY,BURGLARY incident reported in Kolkata City,Kolkata City,False,Kolkata City,22.57344592422943,88.34527336386611
FIR-INDIA-2024-01059,2024-11-11 16:46:00,ASSAULT,ASSAULT incident reported in Delhi NCR,Delhi NCR,False,Delhi NCR,28.619648867512566,77.19903107139464
FIR-INDIA-2026-01060,2026-01-15 12:11:00,ROBBERY,ROBBERY incident reported in Hyderabad Metro,Hyderabad Metro,False,Hyderabad Metro,17.406662819272483,78.49088123239818
FIR-INDIA-2024-01061,2024-04-06 11:15:00,ASSAULT,ASSAULT incident reported in Chennai Metro,Chennai Metro,False,Chennai Metro,13.09582467393076,80.24800169894941
FIR-INDIA-2025-01062,2025-11-17 08:03:00,ASSAULT,ASSAULT incident reported in Delhi NCR,Delhi NCR,True,Delhi NCR,28.602916797628044,77.20758891907623
FIR-INDIA-2023-01063,2023-11-01 18:31:00,THEFT,THEFT incident reported in Kolkata City,Kolkata City,False,Kolkata City,22.565749683031378,88.36309810217075
FIR-INDIA-2025-01064,2025-10-09 03:04:00,ROBBERY,ROBBERY incident reported in Kolkata City,Kolkata City,False,Kolkata City,22.57699580826389,88.35575265713894
FIR-INDIA-2023-01065,2023-09-18 22:43:00,CYBER,CYBER incident reported in Bengaluru City,Bengaluru City,False,Bengaluru City,12.947423366687403,77.58350270738251
FIR-INDIA-2025-01066,2025-03-04 15:30:00,THEFT,THEFT incident reported in Chennai Metro,Chennai Metro,False,Chennai Metro,13.091752635622681,80.2626235790365
FIR-INDIA-2026-01067,2026-03-25 16:01:00,ROBBERY,ROBBERY incident reported in Hyderabad Metro,Hyderabad Metro,False,Hyderabad Metro,17.375768317169214,78.48974012172752
FIR-INDIA-2026-01068,2026-05-30 13:03:00,THEFT,THEFT incident reported in Hyderabad Metro,Hyderabad Metro,False,Hyderabad Metro,17.3719774664569,78.50600747106053
FIR-INDIA-2025-01069,2025-07-09 19:50:00,ASSAULT,ASSAULT incident reported in Ahmedabad,Ahmedabad,True,Ahmedabad,23.01989070492496,72.57131301993108
FIR-INDIA-2024-01070,2024-03-24 17:21:00,ASSAULT,ASSAULT incident reported in Ahmedabad,Ahmedabad,False,Ahmedabad,23.01286054931237,72.5815108647707
FIR-INDIA-2024-01071,2024-11-21 08:50:00,THEFT,THEFT incident reported in Chennai Metro,Chennai Metro,True,Chennai Metro,13.09153504687907,80.2777930841352
FIR-INDIA-2023-01072,2023-05-02 01:55:00,CYBER,CYBER incident reported in Hyderabad Metro,Hyderabad Metro,False,Hyderabad Metro,17.35788788668415,78.48662615800238
FIR-INDIA-2026-01073,2026-03-16 07:24:00,THEFT,THEFT incident reported in Hyderabad Metro,Hyderabad Metro,False,Hyderabad Metro,17.40204731322247,78.49409985308816
FIR-INDIA-2025-01074,2025-05-08 05:48:00,ROBBERY,ROBBERY incident reported in Chennai Metro,Chennai Metro,False,Chennai Metro,13.076379667327815,80.27873083952382
FIR-INDIA-2023-01075,2023-09-23 16:05:00,THEFT,THEFT incident reported in Ahmedabad,Ahmedabad,False,Ahmedabad,23.026116857471226,72.58194368849897
FIR-INDIA-2025-01076,2025-07-01 16:59:00,THEFT,THEFT incident reported in Chennai Metro,Chennai Metro,False,Chennai Metro,13.084709233331603,80.25066855447024
FIR-INDIA-2024-01077,2024-07-14 06:51:00,BURGLARY,BURGLARY incident reported in Bengaluru City,Bengaluru City,False,Bengaluru City,12.972402866926004,77.60410279097466
FIR-INDIA-2025-01078,2025-04-20 09:46:00,THEFT,THEFT incident reported in Mumbai Metro,Mumbai Metro,False,Mumbai Metro,19.101708613496708,72.86041023605036
FIR-INDIA-2023-01079,2023-07-08 00:53:00,OTHER,OTHER incident reported in Bengaluru City,Bengaluru City,False,Bengaluru City,12.983888147506512,77.60975379470412
FIR-INDIA-2024-01080,2024-05-09 10:41:00,THEFT,THEFT incident reported in Kolkata City,Kolkata City,False,Kolkata City,22.578160993777367,88.34224145286768
FIR-INDIA-2023-01081,2023-09-25 15:54:00,BURGLARY,BURGLARY incident reported in Kolkata City,Kolkata City,False,Kolkata City,22.572433377534747,88.36405484278445
FIR-INDIA-2023-01082,2023-04-27 23:35:00,THEFT,THEFT incident reported in Chennai Metro,Chennai Metro,False,Chennai Metro,13.096096003900783,80.27378504433725
FIR-INDIA-2023-01083,2023-04-16 12:48:00,ROBBERY,ROBBERY incident reported in Bengaluru City,Bengaluru City,False,Bengaluru City,12.965895542231708,77.5909446270457
FIR-INDIA-2024-01084,2024-02-26 17:06:00,ASSAULT,ASSAULT incident reported in Bengaluru City,Bengaluru City,False,Bengaluru City,12.982528488376868,77.56999127174426
FIR-INDIA-2024-01085,2024-08-16 10:59:00,ASSAULT,ASSAULT incident reported in Delhi NCR,Delhi NCR,False,Delhi NCR,28.605317186532176,77.23388988767401
FIR-INDIA-2024-01086,2024-12-02 17:37:00,THEFT,THEFT incident reported in Bengaluru City,Bengaluru City,True,Bengaluru City,12.938900338452104,77.60448266446369
FIR-INDIA-2026-01087,2026-05-10 15:37:00,THEFT,THEFT incident reported in Bengaluru City,Bengaluru City,True,Bengaluru City,12.997079881419836,77.58608485650939
FIR-INDIA-2023-01088,2023-06-21 16:29:00,OTHER,OTHER incident reported in Delhi NCR,Delhi NCR,False,Delhi NCR,28.642514498491202,77.19600268915079
FIR-INDIA-2023-01089,2023-01-07 06:15:00,CYBER,CYBER incident reported in Hyderabad Metro,Hyderabad Metro,True,Hyderabad Metro,17.393837629783075,78.49956872427437
FIR-INDIA-2023-01090,2023-01-22 11:33:00,BURGLARY,BURGLARY incident reported in Bengaluru City,Bengaluru City,True,Bengaluru City,12.990078144477591,77.59625177651698
FIR-INDIA-2025-01091,2025-07-30 01:27:00,ASSAULT,ASSAULT incident reported in Bengaluru City,Bengaluru City,False,Bengaluru City,12.978338992018427,77.59602825794946
FIR-INDIA-2026-01092,2026-03-18 08:38:00,THEFT,THEFT incident reported in Bengaluru City,Bengaluru City,True,Bengaluru City,12.991441049516366,77.5813165403554
FIR-INDIA-2025-01093,2025-11-01 08:03:00,ASSAULT,ASSAULT incident reported in Pune,Pune,True,Pune,18.499353519872685,73.83972053885425
FIR-INDIA-2025-01094,2025-06-12 04:59:00,BURGLARY,BURGLARY incident reported in Mumbai Metro,Mumbai Metro,True,Mumbai Metro,19.06412135153677,72.86833875630869
FIR-INDIA-2026-01095,2026-08-15 14:27:00,ROBBERY,ROBBERY incident reported in Bengaluru City,Bengaluru City,False,Bengaluru City,12.982866265566035,77.57209260536436
FIR-INDIA-2026-01096,2026-01-16 22:20:00,ASSAULT,ASSAULT incident reported in Bengaluru City,Bengaluru City,False,Bengaluru City,12.965079547169893,77.6091787052443
FIR-INDIA-2026-01097,2026-05-26 08:04:00,ASSAULT,ASSAULT incident reported in Delhi NCR,Delhi NCR,False,Delhi NCR,28.62603742305323,77.2065561029223
FIR-INDIA-2023-01098,2023-04-05 21:27:00,THEFT,THEFT incident reported in Mumbai Metro,Mumbai Metro,True,Mumbai Metro,19.080730329325398,72.87133480667066
FIR-INDIA-2026-01099,2026-03-19 04:40:00,THEFT,THEFT incident reported in Mumbai Metro,Mumbai Metro,True,Mumbai Metro,19.08109747828212,72.88335457530056
FIR-INDIA-2025-01100,2025-10-14 17:12:00,THEFT,THEFT incident reported in Hyderabad Metro,Hyderabad Metro,True,Hyderabad Metro,17.407736412455044,78.46715030845503
FIR-INDIA-2023-01101,2023-04-07 07:32:00,CYBER,CYBER incident reported in Mumbai Metro,Mumbai Metro,False,Mumbai Metro,19.08065843679015,72.86666840778979
FIR-INDIA-2026-01102,2026-08-22 17:59:00,ROBBERY,ROBBERY incident reported in Hyderabad Metro,Hyderabad Metro,False,Hyderabad Metro,17.385536516134536,78.5197773497205
FIR-INDIA-2023-01103,2023-05-03 16:53:00,ROBBERY,ROBBERY incident reported in Chennai Metro,Chennai Metro,False,Chennai Metro,13.083931490137234,80.24942545688612
FIR-INDIA-2024-01104,2024-11-04 18:11:00,THEFT,THEFT incident reported in Delhi NCR,Delhi NCR,False,Delhi NCR,28.61083665532871,77.21886098637898
FIR-INDIA-2023-01105,2023-08-09 17:39:00,ASSAULT,ASSAULT incident reported in Delhi NCR,Delhi NCR,True,Delhi NCR,28.642000263392717,77.20105193363258
FIR-INDIA-2025-01106,2025-01-27 08:18:00,ROBBERY,ROBBERY incident reported in Delhi NCR,Delhi NCR,False,Delhi NCR,28.602569621372513,77.19592669019411
FIR-INDIA-2024-01107,2024-08-14 12:51:00,THEFT,THEFT incident reported in Kolkata City,Kolkata City,False,Kolkata City,22.574149560101983,88.35802823805443
FIR-INDIA-2025-01108,2025-07-16 18:59:00,CYBER,CYBER incident reported in Ahmedabad,Ahmedabad,False,Ahmedabad,23.025916842571853,72.59490471193021
FIR-INDIA-2024-01109,2024-11-09 15:51:00,THEFT,THEFT incident reported in Ahmedabad,Ahmedabad,False,Ahmedabad,23.027609634933892,72.57546183197103
FIR-INDIA-2023-01110,2023-11-22 23:05:00,THEFT,THEFT incident reported in Bengaluru City,Bengaluru City,False,Bengaluru City,12.99619669025539,77.6212069068429
FIR-INDIA-2025-01111,2025-02-13 03:19:00,CYBER,CYBER incident reported in Ahmedabad,Ahmedabad,False,Ahmedabad,23.041494187280215,72.56357515722674
FIR-INDIA-2023-01112,2023-10-07 16:00:00,BURGLARY,BURGLARY incident reported in Ahmedabad,Ahmedabad,False,Ahmedabad,23.05087802839713,72.58109526983532
FIR-INDIA-2025-01113,2025-04-02 02:05:00,ASSAULT,ASSAULT incident reported in Bengaluru City,Bengaluru City,False,Bengaluru City,12.970884191142364,77.59681709294236
FIR-INDIA-2024-01114,2024-11-01 06:34:00,CYBER,CYBER incident reported in Hyderabad Metro,Hyderabad Metro,False,Hyderabad Metro,17.40000819762515,78.46886604542391
FIR-INDIA-2023-01115,2023-04-29 02:05:00,ROBBERY,ROBBERY incident reported in Delhi NCR,Delhi NCR,False,Delhi NCR,28.601219530147677,77.23018590904469
FIR-INDIA-2026-01116,2026-08-12 10:38:00,BURGLARY,BURGLARY incident reported in Mumbai Metro,Mumbai Metro,False,Mumbai Metro,19.068217257459942,72.87613959879896
FIR-INDIA-2025-01117,2025-12-17 21:58:00,ASSAULT,ASSAULT incident reported in Delhi NCR,Delhi NCR,True,Delhi NCR,28.587542654107796,77.19655097101538
FIR-INDIA-2024-01118,2024-07-20 09:28:00,BURGLARY,BURGLARY incident reported in Kolkata City,Kolkata City,False,Kolkata City,22.562862195292666,88.3645812577454
FIR-INDIA-2026-01119,2026-02-24 19:07:00,THEFT,THEFT incident reported in Chennai Metro,Chennai Metro,False,Chennai Metro,13.082500146036109,80.27603522909122
FIR-INDIA-2024-01120,2024-04-16 00:01:00,BURGLARY,BURGLARY incident reported in Bengaluru City,Bengaluru City,True,Bengaluru City,12.960939730924633,77.5948859272213
FIR-INDIA-2026-01121,2026-03-18 01:01:00,THEFT,THEFT incident reported in Pune,Pune,False,Pune,18.51619042564335,73.8455552397442
FIR-INDIA-2026-01122,2026-04-15 19:27:00,THEFT,THEFT incident reported in Hyderabad Metro,Hyderabad Metro,False,Hyderabad Metro,17.3574889068266,78.48961744129478
FIR-INDIA-2024-01123,2024-10-24 15:24:00,CYBER,CYBER incident reported in Bengaluru City,Bengaluru City,False,Bengaluru City,12.955273689763631,77.60337351872961
FIR-INDIA-2024-01124,2024-11-21 05:34:00,ROBBERY,ROBBERY incident reported in Bengaluru City,Bengaluru City,True,Bengaluru City,12.990203113817048,77.56741069183852
FIR-INDIA-2024-01125,2024-04-09 22:52:00,CYBER,CYBER incident reported in Hyderabad Metro,Hyderabad Metro,False,Hyderabad Metro,17.397708810765344,78.49592242100627
FIR-INDIA-2025-01126,2025-07-02 16:42:00,BURGLARY,BURGLARY incident reported in Mumbai Metro,Mumbai Metro,False,Mumbai Metro,19.071883776473992,72.87180156451898
FIR-INDIA-2023-01127,2023-11-11 00:09:00,THEFT,THEFT incident reported in Mumbai Metro,Mumbai Metro,False,Mumbai Metro,19.10762948091119,72.86105551970223
FIR-INDIA-2023-01128,2023-06-10 20:13:00,CYBER,CYBER incident reported in Kolkata City,Kolkata City,False,Kolkata City,22.55735342037541,88.35018783679581
FIR-INDIA-2023-01129,2023-04-10 06:40:00,BURGLARY,BURGLARY incident reported in Hyderabad Metro,Hyderabad Metro,True,Hyderabad Metro,17.378914155954174,78.46454036375214
FIR-INDIA-2024-01130,2024-08-15 03:21:00,THEFT,THEFT incident reported in Mumbai Metro,Mumbai Metro,True,Mumbai Metro,19.079542828438743,72.89491790812154
FIR-INDIA-2025-01131,2025-02-18 00:05:00,OTHER,OTHER incident reported in Hyderabad Metro,Hyderabad Metro,False,Hyderabad Metro,17.36048974185425,78.47176578814667
FIR-INDIA-2024-01132,2024-03-03 08:08:00,THEFT,THEFT incident reported in Hyderabad Metro,Hyderabad Metro,False,Hyderabad Metro,17.381769252062586,78.44796132379304
FIR-INDIA-2023-01133,2023-12-12 09:01:00,ASSAULT,ASSAULT incident reported in Delhi NCR,Delhi NCR,False,Delhi NCR,28.600665869011973,77.21869221031737
FIR-INDIA-2026-01134,2026-06-07 16:29:00,THEFT,THEFT incident reported in Ahmedabad,Ahmedabad,False,Ahmedabad,23.056605523874598,72.56207545247234
FIR-INDIA-2023-01135,2023-12-21 17:29:00,OTHER,OTHER incident reported in Chennai Metro,Chennai Metro,False,Chennai Metro,13.069585914368526,80.26885659310791
FIR-INDIA-2024-01136,2024-01-31 05:52:00,ASSAULT,ASSAULT incident reported in Mumbai Metro,Mumbai Metro,False,Mumbai Metro,19.100231624113448,72.91071425400843
FIR-INDIA-2024-01137,2024-09-04 13:46:00,THEFT,THEFT incident reported in Delhi NCR,Delhi NCR,False,Delhi NCR,28.62756520672001,77.21018272728892
FIR-INDIA-2024-01138,2024-08-12 21:01:00,THEFT,THEFT incident reported in Hyderabad Metro,Hyderabad Metro,True,Hyderabad Metro,17.390497008781434,78.48383763848184
FIR-INDIA-2026-01139,2026-01-04 22:43:00,BURGLARY,BURGLARY incident reported in Bengaluru City,Bengaluru City,True,Bengaluru City,12.972511891979405,77.59017119745954
FIR-INDIA-2025-01140,2025-01-31 01:15:00,ROBBERY,ROBBERY incident reported in Kolkata City,Kolkata City,False,Kolkata City,22.57646630139712,88.38331839018123
FIR-INDIA-2024-01141,2024-09-16 02:57:00,ROBBERY,ROBBERY incident reported in Mumbai Metro,Mumbai Metro,True,Mumbai Metro,19.066458318357732,72.88307285013367
FIR-INDIA-2025-01142,2025-01-19 23:04:00,THEFT,THEFT incident reported in Kolkata City,Kolkata City,False,Kolkata City,22.592904391931793,88.37042875654703
FIR-INDIA-2026-01143,2026-02-13 06:44:00,ROBBERY,ROBBERY incident reported in Hyderabad Metro,Hyderabad Metro,False,Hyderabad Metro,17.37432529455016,78.50469103163896
FIR-INDIA-2024-01144,2024-12-12 21:38:00,ASSAULT,ASSAULT incident reported in Chennai Metro,Chennai Metro,True,Chennai Metro,13.118647350191292,80.27442560656657
FIR-INDIA-2026-01145,2026-05-04 00:06:00,THEFT,THEFT incident reported in Pune,Pune,False,Pune,18.525165707787473,73.84448669430884
FIR-INDIA-2023-01146,2023-11-06 00:37:00,THEFT,THEFT incident reported in Bengaluru City,Bengaluru City,False,Bengaluru City,12.969280571908495,77.59984430059691
FIR-INDIA-2024-01147,2024-02-25 16:10:00,BURGLARY,BURGLARY incident reported in Delhi NCR,Delhi NCR,False,Delhi NCR,28.636211694973795,77.21072936399462
FIR-INDIA-2026-01148,2026-01-30 05:15:00,BURGLARY,BURGLARY incident reported in Bengaluru City,Bengaluru City,False,Bengaluru City,12.953822122256735,77.59183871723994
FIR-INDIA-2026-01149,2026-03-21 14:14:00,ROBBERY,ROBBERY incident reported in Mumbai Metro,Mumbai Metro,False,Mumbai Metro,19.07801917436304,72.87134023775806
FIR-INDIA-2024-01150,2024-10-24 00:40:00,ASSAULT,ASSAULT incident reported in Bengaluru City,Bengaluru City,False,Bengaluru City,12.968891877314027,77.59822408960216
FIR-INDIA-2026-01151,2026-03-30 17:51:00,ROBBERY,ROBBERY incident reported in Bengaluru City,Bengaluru City,True,Bengaluru City,12.976191159552009,77.63118875799111
FIR-INDIA-2025-01152,2025-08-06 18:04:00,ASSAULT,ASSAULT incident reported in Delhi NCR,Delhi NCR,False,Delhi NCR,28.608855768342877,77.20349090559326
FIR-INDIA-2026-01153,2026-08-16 00:30:00,THEFT,THEFT incident reported in Mumbai Metro,Mumbai Metro,False,Mumbai Metro,19.077820851886074,72.86178044389061
FIR-INDIA-2024-01154,2024-07-15 21:26:00,ROBBERY,ROBBERY incident reported in Kolkata City,Kolkata City,False,Kolkata City,22.579349401676193,88.37347155621116
FIR-INDIA-2024-01155,2024-08-11 21:31:00,CYBER,CYBER incident reported in Delhi NCR,Delhi NCR,False,Delhi NCR,28.616819417672627,77.22076885313676
FIR-INDIA-2025-01156,2025-01-16 12:26:00,BURGLARY,BURGLARY incident reported in Delhi NCR,Delhi NCR,True,Delhi NCR,28.596462070498937,77.20687807876118
FIR-INDIA-2026-01157,2026-03-30 15:19:00,ASSAULT,ASSAULT incident reported in Bengaluru City,Bengaluru City,True,Bengaluru City,12.9953984932123,77.60352744798698
FIR-INDIA-2024-01158,2024-06-05 09:13:00,THEFT,THEFT incident reported in Hyderabad Metro,Hyderabad Metro,False,Hyderabad Metro,17.38300803239557,78.47486833630872
FIR-INDIA-2025-01159,2025-11-07 11:43:00,THEFT,THEFT incident reported in Bengaluru City,Bengaluru City,False,Bengaluru City,12.987949152126744,77.60750538884886
FIR-INDIA-2026-01160,2026-02-28 09:13:00,ROBBERY,ROBBERY incident reported in Mumbai Metro,Mumbai Metro,False,Mumbai Metro,19.086122487829893,72.88050455234688
FIR-INDIA-2026-01161,2026-07-11 10:16:00,CYBER,CYBER incident reported in Delhi NCR,Delhi NCR,False,Delhi NCR,28.61850011428616,77.20779059237815
FIR-INDIA-2024-01162,2024-07-13 19:59:00,ASSAULT,ASSAULT incident reported in Hyderabad Metro,Hyderabad Metro,True,Hyderabad Metro,17.376379571363273,78.45925768583874
FIR-INDIA-2026-01163,2026-07-15 12:50:00,THEFT,THEFT incident reported in Bengaluru City,Bengaluru City,False,Bengaluru City,12.966864200924897,77.60099024108237
FIR-INDIA-2024-01164,2024-10-17 15:22:00,ROBBERY,ROBBERY incident reported in Hyderabad Metro,Hyderabad Metro,True,Hyderabad Metro,17.353548036976818,78.46390233555694
FIR-INDIA-2026-01165,2026-07-29 14:34:00,ROBBERY,ROBBERY incident reported in Delhi NCR,Delhi NCR,True,Delhi NCR,28.61115183452912,77.20640279179553
FIR-INDIA-2025-01166,2025-10-13 02:59:00,CYBER,CYBER incident reported in Bengaluru City,Bengaluru City,False,Bengaluru City,12.984150092136524,77.59490726550804
FIR-INDIA-2023-01167,2023-11-02 11:23:00,ASSAULT,ASSAULT incident reported in Mumbai Metro,Mumbai Metro,False,Mumbai Metro,19.06321514626553,72.87427836921549
FIR-INDIA-2024-01168,2024-07-02 20:11:00,ROBBERY,ROBBERY incident reported in Chennai Metro,Chennai Metro,False,Chennai Metro,13.072591604025682,80.26941223433262
FIR-INDIA-2026-01169,2026-02-03 05:48:00,ROBBERY,ROBBERY incident reported in Bengaluru City,Bengaluru City,True,Bengaluru City,12.96999995796207,77.56612650694699
FIR-INDIA-2024-01170,2024-03-29 01:40:00,ROBBERY,ROBBERY incident reported in Chennai Metro,Chennai Metro,True,Chennai Metro,13.085817084157782,80.25740192545327
FIR-INDIA-2024-01171,2024-06-22 00:55:00,ROBBERY,ROBBERY incident reported in Chennai Metro,Chennai Metro,False,Chennai Metro,13.083397239922341,80.26515059305866
FIR-INDIA-2026-01172,2026-04-13 07:51:00,THEFT,THEFT incident reported in Kolkata City,Kolkata City,False,Kolkata City,22.561784470067913,88.3681431873996
FIR-INDIA-2026-01173,2026-01-10 17:19:00,THEFT,THEFT incident reported in Chennai Metro,Chennai Metro,True,Chennai Metro,13.110228749812052,80.27897663551654
FIR-INDIA-2026-01174,2026-06-05 08:47:00,THEFT,THEFT incident reported in Bengaluru City,Bengaluru City,True,Bengaluru City,12.97874509590062,77.58120207928239
FIR-INDIA-2026-01175,2026-02-01 06:15:00,THEFT,THEFT incident reported in Ahmedabad,Ahmedabad,False,Ahmedabad,23.00177795974857,72.55012869777262
FIR-INDIA-2026-01176,2026-06-14 11:57:00,ROBBERY,ROBBERY incident reported in Bengaluru City,Bengaluru City,False,Bengaluru City,12.982238634667485,77.59418393577131
FIR-INDIA-2026-01177,2026-04-30 13:54:00,CYBER,CYBER incident reported in Delhi NCR,Delhi NCR,True,Delhi NCR,28.595697447791668,77.18129110589467
FIR-INDIA-2023-01178,2023-12-26 21:11:00,THEFT,THEFT incident reported in Kolkata City,Kolkata City,False,Kolkata City,22.569987800027832,88.37454987521771
FIR-INDIA-2023-01179,2023-07-12 00:40:00,OTHER,OTHER incident reported in Delhi NCR,Delhi NCR,False,Delhi NCR,28.616135354642502,77.21461473872712
FIR-INDIA-2026-01180,2026-07-30 02:03:00,ROBBERY,ROBBERY incident reported in Ahmedabad,Ahmedabad,False,Ahmedabad,23.025460115949837,72.57815980851888
FIR-INDIA-2023-01181,2023-02-21 08:41:00,ROBBERY,ROBBERY incident reported in Ahmedabad,Ahmedabad,True,Ahmedabad,23.018791533940153,72.55775753500237
FIR-INDIA-2024-01182,2024-12-26 11:18:00,ASSAULT,ASSAULT incident reported in Delhi NCR,Delhi NCR,False,Delhi NCR,28.633596490034567,77.18200522293978
FIR-INDIA-2024-01183,2024-09-30 14:30:00,ASSAULT,ASSAULT incident reported in Pune,Pune,True,Pune,18.54497910021538,73.8636032736815
FIR-INDIA-2024-01184,2024-08-14 18:08:00,OTHER,OTHER incident reported in Bengaluru City,Bengaluru City,True,Bengaluru City,12.962604989570954,77.59815461798459
FIR-INDIA-2024-01185,2024-07-31 10:52:00,ROBBERY,ROBBERY incident reported in Kolkata City,Kolkata City,False,Kolkata City,22.562191012211226,88.3489289988324
FIR-INDIA-2023-01186,2023-04-19 00:36:00,THEFT,THEFT incident reported in Mumbai Metro,Mumbai Metro,False,Mumbai Metro,19.07209021291398,72.87639137155476
FIR-INDIA-2024-01187,2024-06-21 11:03:00,ASSAULT,ASSAULT incident reported in Mumbai Metro,Mumbai Metro,True,Mumbai Metro,19.08267194427719,72.87486197787902
FIR-INDIA-2024-01188,2024-09-30 11:59:00,OTHER,OTHER incident reported in Hyderabad Metro,Hyderabad Metro,True,Hyderabad Metro,17.371716258385206,78.51519096874813
FIR-INDIA-2024-01189,2024-08-20 03:34:00,OTHER,OTHER incident reported in Pune,Pune,False,Pune,18.517628996254608,73.82350360241159
FIR-INDIA-2025-01190,2025-03-27 05:28:00,ROBBERY,ROBBERY incident reported in Delhi NCR,Delhi NCR,False,Delhi NCR,28.591290050907734,77.2105578257419
FIR-INDIA-2023-01191,2023-04-11 09:59:00,OTHER,OTHER incident reported in Pune,Pune,True,Pune,18.51555161301917,73.87050953917735
FIR-INDIA-2025-01192,2025-03-09 01:48:00,ROBBERY,ROBBERY incident reported in Mumbai Metro,Mumbai Metro,False,Mumbai Metro,19.079153442426037,72.8777887456761
FIR-INDIA-2026-01193,2026-05-19 13:17:00,BURGLARY,BURGLARY incident reported in Bengaluru City,Bengaluru City,False,Bengaluru City,12.962589849086996,77.58962000190509
FIR-INDIA-2025-01194,2025-04-21 19:12:00,ASSAULT,ASSAULT incident reported in Bengaluru City,Bengaluru City,False,Bengaluru City,12.969723336890853,77.57280781096466
FIR-INDIA-2023-01195,2023-04-21 17:58:00,THEFT,THEFT incident reported in Ahmedabad,Ahmedabad,False,Ahmedabad,23.021047127636816,72.56816573236235
FIR-INDIA-2023-01196,2023-05-17 11:55:00,CYBER,CYBER incident reported in Bengaluru City,Bengaluru City,False,Bengaluru City,12.982819481000087,77.58644227350567
FIR-INDIA-2024-01197,2024-01-17 15:13:00,THEFT,THEFT incident reported in Ahmedabad,Ahmedabad,False,Ahmedabad,23.00884462564455,72.57651166669848
FIR-INDIA-2024-01198,2024-04-25 10:47:00,CYBER,CYBER incident reported in Hyderabad Metro,Hyderabad Metro,True,Hyderabad Metro,17.394847551220625,78.50159582462078
FIR-INDIA-2023-01199,2023-02-10 18:56:00,THEFT,THEFT incident reported in Delhi NCR,Delhi NCR,True,Delhi NCR,28.6323248675449,77.2075877857001
FIR-INDIA-2024-01200,2024-06-12 06:52:00,ASSAULT,ASSAULT incident reported in Hyderabad Metro,Hyderabad Metro,True,Hyderabad Metro,17.409644387597982,78.4922983149492
FIR-INDIA-2025-01201,2025-09-04 20:15:00,CYBER,CYBER incident reported in Bengaluru City,Bengaluru City,True,Bengaluru City,12.959281195623936,77.59240597519764
FIR-INDIA-2023-01202,2023-05-11 20:00:00,BURGLARY,BURGLARY incident reported in Delhi NCR,Delhi NCR,False,Delhi NCR,28.612436007559882,77.22156663395472
FIR-INDIA-2026-01203,2026-02-27 12:32:00,CYBER,CYBER incident reported in Bengaluru City,Bengaluru City,False,Bengaluru City,12.97090536248574,77.59512350089467
FIR-INDIA-2023-01204,2023-04-28 10:08:00,CYBER,CYBER incident reported in Kolkata City,Kolkata City,False,Kolkata City,22.587282207661055,88.374341080446
FIR-INDIA-2025-01205,2025-02-27 09:57:00,BURGLARY,BURGLARY incident reported in Mumbai Metro,Mumbai Metro,True,Mumbai Metro,19.068062401314272,72.89769039547723
FIR-INDIA-2024-01206,2024-08-02 13:13:00,THEFT,THEFT incident reported in Delhi NCR,Delhi NCR,False,Delhi NCR,28.604170457254487,77.19818911391486
FIR-INDIA-2026-01207,2026-06-20 02:46:00,ASSAULT,ASSAULT incident reported in Kolkata City,Kolkata City,False,Kolkata City,22.567763584991088,88.36063638417521
FIR-INDIA-2025-01208,2025-06-07 00:24:00,BURGLARY,BURGLARY incident reported in Mumbai Metro,Mumbai Metro,True,Mumbai Metro,19.08356254033053,72.87530415400552
FIR-INDIA-2023-01209,2023-02-28 04:53:00,THEFT,THEFT incident reported in Chennai Metro,Chennai Metro,False,Chennai Metro,13.092779193545526,80.275178311285
FIR-INDIA-2025-01210,2025-09-30 15:37:00,BURGLARY,BURGLARY incident reported in Mumbai Metro,Mumbai Metro,True,Mumbai Metro,19.108776072259488,72.88277575394538
FIR-INDIA-2026-01211,2026-05-04 03:48:00,BURGLARY,BURGLARY incident reported in Ahmedabad,Ahmedabad,False,Ahmedabad,23.006277503620492,72.55510744229386
FIR-INDIA-2025-01212,2025-03-25 08:45:00,THEFT,THEFT incident reported in Pune,Pune,True,Pune,18.55026924980274,73.88375999888487
FIR-INDIA-2023-01213,2023-04-16 10:20:00,OTHER,OTHER incident reported in Kolkata City,Kolkata City,False,Kolkata City,22.59527429237384,88.36877484029358
FIR-INDIA-2023-01214,2023-12-02 08:29:00,THEFT,THEFT incident reported in Mumbai Metro,Mumbai Metro,False,Mumbai Metro,19.070145300854072,72.87665695129739
FIR-INDIA-2025-01215,2025-04-29 19:29:00,ASSAULT,ASSAULT incident reported in Hyderabad Metro,Hyderabad Metro,True,Hyderabad Metro,17.372235412306413,78.4783220052052
FIR-INDIA-2024-01216,2024-11-17 01:11:00,CYBER,CYBER incident reported in Kolkata City,Kolkata City,False,Kolkata City,22.599522791372255,88.3677354907936
FIR-INDIA-2025-01217,2025-12-14 03:29:00,THEFT,THEFT incident reported in Kolkata City,Kolkata City,False,Kolkata City,22.584165904499127,88.37211723198152
FIR-INDIA-2026-01218,2026-08-21 11:44:00,CYBER,CYBER incident reported in Kolkata City,Kolkata City,False,Kolkata City,22.591648235245387,88.35058982528498
FIR-INDIA-2024-01219,2024-12-11 15:36:00,ASSAULT,ASSAULT incident reported in Bengaluru City,Bengaluru City,False,Bengaluru City,12.969712950870983,77.56921214980567
FIR-INDIA-2024-01220,2024-09-21 03:29:00,ASSAULT,ASSAULT incident reported in Kolkata City,Kolkata City,False,Kolkata City,22.588821114282666,88.3622167213631
FIR-INDIA-2025-01221,2025-10-18 17:27:00,THEFT,THEFT incident reported in Delhi NCR,Delhi NCR,False,Delhi NCR,28.619434473893705,77.19078315648154
FIR-INDIA-2024-01222,2024-03-12 06:34:00,ASSAULT,ASSAULT incident reported in Delhi NCR,Delhi NCR,True,Delhi NCR,28.630885142035197,77.19427531488195
FIR-INDIA-2024-01223,2024-08-13 23:21:00,ROBBERY,ROBBERY incident reported in Ahmedabad,Ahmedabad,True,Ahmedabad,23.021414758061812,72.571684996697
FIR-INDIA-2023-01224,2023-02-10 19:24:00,THEFT,THEFT incident reported in Chennai Metro,Chennai Metro,False,Chennai Metro,13.084856791516787,80.28263424598111
FIR-INDIA-2024-01225,2024-02-13 16:09:00,THEFT,THEFT incident reported in Delhi NCR,Delhi NCR,False,Delhi NCR,28.596337565594805,77.23235247732144
FIR-INDIA-2023-01226,2023-06-03 19:46:00,THEFT,THEFT incident reported in Hyderabad Metro,Hyderabad Metro,False,Hyderabad Metro,17.395924995351,78.50364950273486
FIR-INDIA-2025-01227,2025-03-07 21:05:00,ROBBERY,ROBBERY incident reported in Chennai Metro,Chennai Metro,False,Chennai Metro,13.074610037913379,80.25269096023953
FIR-INDIA-2024-01228,2024-09-29 10:57:00,ASSAULT,ASSAULT incident reported in Delhi NCR,Delhi NCR,False,Delhi NCR,28.604069804564052,77.20937519613372
FIR-INDIA-2026-01229,2026-07-12 17:28:00,ROBBERY,ROBBERY incident reported in Chennai Metro,Chennai Metro,False,Chennai Metro,13.106335181006024,80.26625578639099
FIR-INDIA-2025-01230,2025-10-31 16:59:00,THEFT,THEFT incident reported in Delhi NCR,Delhi NCR,False,Delhi NCR,28.61660322746598,77.218686598994
FIR-INDIA-2026-01231,2026-01-20 00:22:00,THEFT,THEFT incident reported in Hyderabad Metro,Hyderabad Metro,False,Hyderabad Metro,17.361268748840256,78.49820423556531
FIR-INDIA-2026-01232,2026-05-03 09:58:00,THEFT,THEFT incident reported in Bengaluru City,Bengaluru City,True,Bengaluru City,12.972813020658972,77.59484348195737
FIR-INDIA-2024-01233,2024-02-28 20:59:00,THEFT,THEFT incident reported in Kolkata City,Kolkata City,True,Kolkata City,22.575775399016177,88.36129550573919
FIR-INDIA-2023-01234,2023-06-18 04:57:00,THEFT,THEFT incident reported in Bengaluru City,Bengaluru City,False,Bengaluru City,12.977025167503617,77.61994262638439
FIR-INDIA-2023-01235,2023-10-02 04:12:00,ASSAULT,ASSAULT incident reported in Ahmedabad,Ahmedabad,False,Ahmedabad,23.029442832081056,72.59090082735777
FIR-INDIA-2023-01236,2023-06-07 12:19:00,ASSAULT,ASSAULT incident reported in Hyderabad Metro,Hyderabad Metro,False,Hyderabad Metro,17.39727273419035,78.51277892471212
FIR-INDIA-2024-01237,2024-10-23 12:37:00,THEFT,THEFT incident reported in Mumbai Metro,Mumbai Metro,False,Mumbai Metro,19.068316335899727,72.88730984139691
FIR-INDIA-2026-01238,2026-07-19 22:08:00,THEFT,THEFT incident reported in Bengaluru City,Bengaluru City,False,Bengaluru City,12.97163585331407,77.59850556116471
FIR-INDIA-2026-01239,2026-07-13 15:20:00,ASSAULT,ASSAULT incident reported in Bengaluru City,Bengaluru City,False,Bengaluru City,12.983362151184489,77.59127446652627
FIR-INDIA-2025-01240,2025-08-02 11:06:00,THEFT,THEFT incident reported in Mumbai Metro,Mumbai Metro,True,Mumbai Metro,19.057264624780515,72.88036773561943
FIR-INDIA-2025-01241,2025-07-07 16:43:00,BURGLARY,BURGLARY incident reported in Ahmedabad,Ahmedabad,True,Ahmedabad,23.035078896814696,72.5943138227381
FIR-INDIA-2023-01242,2023-09-12 04:21:00,THEFT,THEFT incident reported in Chennai Metro,Chennai Metro,False,Chennai Metro,13.113912434481847,80.25142624057277
FIR-INDIA-2023-01243,2023-09-07 16:45:00,CYBER,CYBER incident reported in Hyderabad Metro,Hyderabad Metro,False,Hyderabad Metro,17.408104644355642,78.50307070314338
FIR-INDIA-2023-01244,2023-08-13 20:38:00,THEFT,THEFT incident reported in Chennai Metro,Chennai Metro,False,Chennai Metro,13.102573356633277,80.2600431354859
FIR-INDIA-2025-01245,2025-01-06 23:55:00,ROBBERY,ROBBERY incident reported in Bengaluru City,Bengaluru City,True,Bengaluru City,12.978357012153925,77.58053619460377
FIR-INDIA-2023-01246,2023-08-22 16:46:00,THEFT,THEFT incident reported in Chennai Metro,Chennai Metro,True,Chennai Metro,13.07793543199426,80.26885244367787
FIR-INDIA-2023-01247,2023-11-04 06:28:00,ASSAULT,ASSAULT incident reported in Mumbai Metro,Mumbai Metro,False,Mumbai Metro,19.049187778067612,72.87878077720823
FIR-INDIA-2023-01248,2023-04-06 01:18:00,CYBER,CYBER incident reported in Delhi NCR,Delhi NCR,False,Delhi NCR,28.615884386361635,77.24157493279768
FIR-INDIA-2024-01249,2024-07-16 02:59:00,THEFT,THEFT incident reported in Ahmedabad,Ahmedabad,False,Ahmedabad,23.044121346641457,72.5611195337566
FIR-INDIA-2026-01250,2026-02-19 07:12:00,THEFT,THEFT incident reported in Mumbai Metro,Mumbai Metro,False,Mumbai Metro,19.08627195140704,72.88243779394473
FIR-INDIA-2024-01251,2024-05-15 17:23:00,ASSAULT,ASSAULT incident reported in Hyderabad Metro,Hyderabad Metro,True,Hyderabad Metro,17.38200071476599,78.47993790518608
FIR-INDIA-2025-01252,2025-12-22 13:57:00,CYBER,CYBER incident reported in Delhi NCR,Delhi NCR,False,Delhi NCR,28.627742192849546,77.19291367996193
FIR-INDIA-2024-01253,2024-08-19 11:13:00,THEFT,THEFT incident reported in Bengaluru City,Bengaluru City,False,Bengaluru City,12.95124278824739,77.6001519199873
FIR-INDIA-2026-01254,2026-05-30 15:00:00,ASSAULT,ASSAULT incident reported in Chennai Metro,Chennai Metro,True,Chennai Metro,13.09919250563076,80.24534278481066
FIR-INDIA-2026-01255,2026-04-20 06:51:00,THEFT,THEFT incident reported in Chennai Metro,Chennai Metro,True,Chennai Metro,13.0750967742729,80.25368017557554
FIR-INDIA-2026-01256,2026-01-05 07:52:00,ASSAULT,ASSAULT incident reported in Bengaluru City,Bengaluru City,False,Bengaluru City,12.982322367085718,77.60183468709107
FIR-INDIA-2023-01257,2023-03-30 14:19:00,CYBER,CYBER incident reported in Chennai Metro,Chennai Metro,False,Chennai Metro,13.086901963244276,80.26921872320645
FIR-INDIA-2023-01258,2023-09-13 02:24:00,CYBER,CYBER incident reported in Hyderabad Metro,Hyderabad Metro,False,Hyderabad Metro,17.382026550358695,78.50648350250387
FIR-INDIA-2026-01259,2026-07-09 10:35:00,THEFT,THEFT incident reported in Bengaluru City,Bengaluru City,True,Bengaluru City,12.946388097030688,77.5647053785269
FIR-INDIA-2026-01260,2026-08-27 00:33:00,ASSAULT,ASSAULT incident reported in Mumbai Metro,Mumbai Metro,True,Mumbai Metro,19.08471287479378,72.86618848195725
FIR-INDIA-2023-01261,2023-03-20 06:17:00,ROBBERY,ROBBERY incident reported in Mumbai Metro,Mumbai Metro,False,Mumbai Metro,19.087036332031875,72.86905791318155
FIR-INDIA-2026-01262,2026-06-16 19:58:00,THEFT,THEFT incident reported in Delhi NCR,Delhi NCR,False,Delhi NCR,28.60368753510717,77.17490999066152
FIR-INDIA-2026-01263,2026-07-10 18:14:00,BURGLARY,BURGLARY incident reported in Ahmedabad,Ahmedabad,True,Ahmedabad,23.01943900375903,72.56274142264525
FIR-INDIA-2025-01264,2025-11-02 08:55:00,ASSAULT,ASSAULT incident reported in Chennai Metro,Chennai Metro,True,Chennai Metro,13.115642700491748,80.24626593858166
FIR-INDIA-2026-01265,2026-04-05 02:25:00,BURGLARY,BURGLARY incident reported in Bengaluru City,Bengaluru City,False,Bengaluru City,12.972488895227212,77.60477677329168
FIR-INDIA-2025-01266,2025-10-06 00:46:00,CYBER,CYBER incident reported in Bengaluru City,Bengaluru City,False,Bengaluru City,12.928062971947908,77.59012081874577
FIR-INDIA-2025-01267,2025-12-11 02:23:00,BURGLARY,BURGLARY incident reported in Delhi NCR,Delhi NCR,True,Delhi NCR,28.61728473017216,77.2119415494039
FIR-INDIA-2023-01268,2023-08-04 21:14:00,ASSAULT,ASSAULT incident reported in Kolkata City,Kolkata City,True,Kolkata City,22.578724320661294,88.36146822357065
FIR-INDIA-2026-01269,2026-03-21 09:25:00,BURGLARY,BURGLARY incident reported in Chennai Metro,Chennai Metro,False,Chennai Metro,13.098360656352337,80.26982297712172
FIR-INDIA-2024-01270,2024-02-09 00:38:00,THEFT,THEFT incident reported in Bengaluru City,Bengaluru City,False,Bengaluru City,12.957586523173424,77.59120613662323
FIR-INDIA-2024-01271,2024-05-23 22:12:00,ROBBERY,ROBBERY incident reported in Delhi NCR,Delhi NCR,False,Delhi NCR,28.6035441367326,77.22729100386823
FIR-INDIA-2024-01272,2024-08-09 23:39:00,THEFT,THEFT incident reported in Mumbai Metro,Mumbai Metro,False,Mumbai Metro,19.072246395076725,72.87636639266353
FIR-INDIA-2023-01273,2023-04-29 10:22:00,ASSAULT,ASSAULT incident reported in Delhi NCR,Delhi NCR,False,Delhi NCR,28.605116870178726,77.22105876596622
FIR-INDIA-2026-01274,2026-02-24 21:38:00,ROBBERY,ROBBERY incident reported in Kolkata City,Kolkata City,True,Kolkata City,22.59114341187128,88.36968159586331
FIR-INDIA-2024-01275,2024-01-28 03:43:00,THEFT,THEFT incident reported in Ahmedabad,Ahmedabad,False,Ahmedabad,23.046665468395545,72.55482544209241
FIR-INDIA-2023-01276,2023-09-18 22:48:00,ASSAULT,ASSAULT incident reported in Bengaluru City,Bengaluru City,False,Bengaluru City,12.970670657765266,77.59856664568025
FIR-INDIA-2023-01277,2023-04-25 01:09:00,ROBBERY,ROBBERY incident reported in Hyderabad Metro,Hyderabad Metro,False,Hyderabad Metro,17.370322570793977,78.46496150805149
FIR-INDIA-2023-01278,2023-08-25 18:13:00,BURGLARY,BURGLARY incident reported in Chennai Metro,Chennai Metro,False,Chennai Metro,13.070349619755989,80.26979563510817
FIR-INDIA-2026-01279,2026-02-21 17:24:00,THEFT,THEFT incident reported in Ahmedabad,Ahmedabad,False,Ahmedabad,23.023988816219656,72.55815507793727
FIR-INDIA-2026-01280,2026-04-01 05:28:00,THEFT,THEFT incident reported in Hyderabad Metro,Hyderabad Metro,False,Hyderabad Metro,17.366959792596937,78.49142260941706
FIR-INDIA-2025-01281,2025-07-25 07:21:00,ASSAULT,ASSAULT incident reported in Delhi NCR,Delhi NCR,False,Delhi NCR,28.603373151183447,77.1977466347549
FIR-INDIA-2023-01282,2023-02-19 07:00:00,ROBBERY,ROBBERY incident reported in Kolkata City,Kolkata City,False,Kolkata City,22.588909673643677,88.35557767151715
FIR-INDIA-2026-01283,2026-04-18 09:34:00,THEFT,THEFT incident reported in Chennai Metro,Chennai Metro,False,Chennai Metro,13.080048958207408,80.270552545425
FIR-INDIA-2024-01284,2024-07-04 02:03:00,OTHER,OTHER incident reported in Chennai Metro,Chennai Metro,False,Chennai Metro,13.063915580248638,80.29337632191212
FIR-INDIA-2023-01285,2023-07-02 04:44:00,THEFT,THEFT incident reported in Ahmedabad,Ahmedabad,False,Ahmedabad,23.035184158020332,72.57799294274656
FIR-INDIA-2023-01286,2023-05-24 13:39:00,ROBBERY,ROBBERY incident reported in Pune,Pune,True,Pune,18.53259328104739,73.85711720171182
FIR-INDIA-2025-01287,2025-12-05 12:06:00,THEFT,THEFT incident reported in Bengaluru City,Bengaluru City,True,Bengaluru City,12.954249412759868,77.58997080343123
FIR-INDIA-2024-01288,2024-08-04 15:59:00,CYBER,CYBER incident reported in Delhi NCR,Delhi NCR,False,Delhi NCR,28.616400932461943,77.21715291307567
FIR-INDIA-2023-01289,2023-08-17 11:19:00,OTHER,OTHER incident reported in Hyderabad Metro,Hyderabad Metro,False,Hyderabad Metro,17.37750322701217,78.47484543515532
FIR-INDIA-2025-01290,2025-02-15 11:27:00,CYBER,CYBER incident reported in Mumbai Metro,Mumbai Metro,False,Mumbai Metro,19.095447480657317,72.86199845755131
FIR-INDIA-2023-01291,2023-07-08 00:53:00,THEFT,THEFT incident reported in Pune,Pune,False,Pune,18.530175124621245,73.85241852969676
FIR-INDIA-2024-01292,2024-10-14 07:04:00,BURGLARY,BURGLARY incident reported in Delhi NCR,Delhi NCR,False,Delhi NCR,28.61863433247022,77.21465443734814
FIR-INDIA-2024-01293,2024-03-07 03:32:00,BURGLARY,BURGLARY incident reported in Chennai Metro,Chennai Metro,True,Chennai Metro,13.077010787933292,80.28059573275765
FIR-INDIA-2023-01294,2023-03-24 20:38:00,BURGLARY,BURGLARY incident reported in Mumbai Metro,Mumbai Metro,True,Mumbai Metro,19.062097916176274,72.85774372106546
FIR-INDIA-2026-01295,2026-04-24 10:27:00,THEFT,THEFT incident reported in Kolkata City,Kolkata City,False,Kolkata City,22.572841352816667,88.38939855935864
FIR-INDIA-2023-01296,2023-06-23 08:08:00,THEFT,THEFT incident reported in Bengaluru City,Bengaluru City,True,Bengaluru City,12.945523105368855,77.58087519376893
FIR-INDIA-2025-01297,2025-12-18 08:10:00,THEFT,THEFT incident reported in Bengaluru City,Bengaluru City,False,Bengaluru City,12.94364239131027,77.61563360301187
FIR-INDIA-2024-01298,2024-04-01 20:28:00,THEFT,THEFT incident reported in Ahmedabad,Ahmedabad,False,Ahmedabad,23.006458489122473,72.57090862042763
FIR-INDIA-2025-01299,2025-04-05 12:18:00,ROBBERY,ROBBERY incident reported in Ahmedabad,Ahmedabad,True,Ahmedabad,23.022841652373703,72.55906264142118
FIR-INDIA-2023-01300,2023-12-23 13:06:00,ASSAULT,ASSAULT incident reported in Delhi NCR,Delhi NCR,True,Delhi NCR,28.60596323060633,77.2074634455587
FIR-INDIA-2024-01301,2024-09-24 04:35:00,THEFT,THEFT incident reported in Mumbai Metro,Mumbai Metro,False,Mumbai Metro,19.0724406482109,72.86465994214946
FIR-INDIA-2025-01302,2025-09-02 15:37:00,BURGLARY,BURGLARY incident reported in Hyderabad Metro,Hyderabad Metro,False,Hyderabad Metro,17.361765593238175,78.49574892368842
FIR-INDIA-2023-01303,2023-12-06 09:40:00,BURGLARY,BURGLARY incident reported in Mumbai Metro,Mumbai Metro,True,Mumbai Metro,19.0859351007764,72.882900509162
FIR-INDIA-2023-01304,2023-05-22 08:09:00,BURGLARY,BURGLARY incident reported in Kolkata City,Kolkata City,True,Kolkata City,22.596991781757215,88.3721644689995
FIR-INDIA-2025-01305,2025-07-01 21:09:00,THEFT,THEFT incident reported in Ahmedabad,Ahmedabad,False,Ahmedabad,23.01766434722412,72.54267075318462
FIR-INDIA-2023-01306,2023-07-15 22:39:00,ASSAULT,ASSAULT incident reported in Ahmedabad,Ahmedabad,True,Ahmedabad,23.02436663909148,72.60074665661917
FIR-INDIA-2024-01307,2024-01-28 12:00:00,THEFT,THEFT incident reported in Hyderabad Metro,Hyderabad Metro,False,Hyderabad Metro,17.386885638251442,78.47227793927158
FIR-INDIA-2024-01308,2024-03-04 17:57:00,ASSAULT,ASSAULT incident reported in Bengaluru City,Bengaluru City,True,Bengaluru City,12.98449009285264,77.60087674990254
FIR-INDIA-2026-01309,2026-04-01 22:14:00,THEFT,THEFT incident reported in Chennai Metro,Chennai Metro,False,Chennai Metro,13.063971848325021,80.27368319784655
FIR-INDIA-2024-01310,2024-01-16 04:35:00,ROBBERY,ROBBERY incident reported in Chennai Metro,Chennai Metro,True,Chennai Metro,13.076203010188472,80.25084848843852
FIR-INDIA-2025-01311,2025-01-10 09:28:00,BURGLARY,BURGLARY incident reported in Bengaluru City,Bengaluru City,False,Bengaluru City,12.965444256929302,77.58410458534186
FIR-INDIA-2024-01312,2024-09-18 19:27:00,ASSAULT,ASSAULT incident reported in Mumbai Metro,Mumbai Metro,True,Mumbai Metro,19.098899032447488,72.88977867339804
FIR-INDIA-2026-01313,2026-05-12 02:45:00,CYBER,CYBER incident reported in Hyderabad Metro,Hyderabad Metro,False,Hyderabad Metro,17.417508522306296,78.51092133130484
FIR-INDIA-2024-01314,2024-02-08 02:16:00,ASSAULT,ASSAULT incident reported in Chennai Metro,Chennai Metro,False,Chennai Metro,13.07618121923502,80.29118051528064
FIR-INDIA-2023-01315,2023-04-07 23:08:00,THEFT,THEFT incident reported in Hyderabad Metro,Hyderabad Metro,False,Hyderabad Metro,17.37378078151123,78.47394962071297
FIR-INDIA-2025-01316,2025-02-12 16:18:00,ROBBERY,ROBBERY incident reported in Chennai Metro,Chennai Metro,True,Chennai Metro,13.075850703571772,80.27853830880896
FIR-INDIA-2023-01317,2023-09-22 07:27:00,BURGLARY,BURGLARY incident reported in Kolkata City,Kolkata City,False,Kolkata City,22.592388839677973,88.36210070732702
FIR-INDIA-2023-01318,2023-02-19 16:29:00,OTHER,OTHER incident reported in Chennai Metro,Chennai Metro,True,Chennai Metro,13.085541377760002,80.26277589547857
FIR-INDIA-2024-01319,2024-09-15 01:57:00,ROBBERY,ROBBERY incident reported in Bengaluru City,Bengaluru City,False,Bengaluru City,12.985874874696831,77.56780307938027
FIR-INDIA-2024-01320,2024-04-02 17:38:00,ASSAULT,ASSAULT incident reported in Pune,Pune,True,Pune,18.5287637005303,73.86308772569359
FIR-INDIA-2026-01321,2026-01-01 13:03:00,THEFT,THEFT incident reported in Kolkata City,Kolkata City,False,Kolkata City,22.576181962631548,88.35328687679383
FIR-INDIA-2026-01322,2026-02-05 20:49:00,THEFT,THEFT incident reported in Bengaluru City,Bengaluru City,False,Bengaluru City,12.996962500399627,77.60133951588938
FIR-INDIA-2024-01323,2024-06-08 10:14:00,ROBBERY,ROBBERY incident reported in Pune,Pune,False,Pune,18.515288075322378,73.84987927216996
FIR-INDIA-2025-01324,2025-08-16 14:42:00,THEFT,THEFT incident reported in Delhi NCR,Delhi NCR,True,Delhi NCR,28.603710985686547,77.19664470151201
FIR-INDIA-2024-01325,2024-03-12 02:40:00,THEFT,THEFT incident reported in Chennai Metro,Chennai Metro,False,Chennai Metro,13.052919692340044,80.30000154374912
FIR-INDIA-2024-01326,2024-09-09 03:01:00,THEFT,THEFT incident reported in Mumbai Metro,Mumbai Metro,True,Mumbai Metro,19.076256838760802,72.84130084334915
FIR-INDIA-2026-01327,2026-08-14 11:39:00,THEFT,THEFT incident reported in Delhi NCR,Delhi NCR,False,Delhi NCR,28.603761362095128,77.20231300340525
FIR-INDIA-2023-01328,2023-03-24 17:49:00,THEFT,THEFT incident reported in Hyderabad Metro,Hyderabad Metro,False,Hyderabad Metro,17.37730237874379,78.44920985816277
FIR-INDIA-2025-01329,2025-08-02 04:31:00,THEFT,THEFT incident reported in Chennai Metro,Chennai Metro,False,Chennai Metro,13.076732382537873,80.27547110112387
FIR-INDIA-2025-01330,2025-09-30 04:59:00,THEFT,THEFT incident reported in Bengaluru City,Bengaluru City,False,Bengaluru City,12.960227974306267,77.59031495349447
FIR-INDIA-2024-01331,2024-08-26 17:35:00,THEFT,THEFT incident reported in Bengaluru City,Bengaluru City,False,Bengaluru City,12.96147046209622,77.59299425067371
FIR-INDIA-2024-01332,2024-02-22 20:07:00,ROBBERY,ROBBERY incident reported in Hyderabad Metro,Hyderabad Metro,False,Hyderabad Metro,17.373140560536303,78.47549178209003
FIR-INDIA-2024-01333,2024-02-15 23:02:00,CYBER,CYBER incident reported in Mumbai Metro,Mumbai Metro,False,Mumbai Metro,19.07275775944217,72.85858674147487
FIR-INDIA-2023-01334,2023-10-26 22:00:00,ASSAULT,ASSAULT incident reported in Bengaluru City,Bengaluru City,False,Bengaluru City,12.95956027858498,77.58220617279582
FIR-INDIA-2024-01335,2024-10-12 04:36:00,ASSAULT,ASSAULT incident reported in Delhi NCR,Delhi NCR,False,Delhi NCR,28.61603639100894,77.21292642692482
FIR-INDIA-2023-01336,2023-04-16 07:25:00,ASSAULT,ASSAULT incident reported in Delhi NCR,Delhi NCR,False,Delhi NCR,28.636423974242923,77.20581202843476
FIR-INDIA-2024-01337,2024-03-17 02:38:00,ROBBERY,ROBBERY incident reported in Mumbai Metro,Mumbai Metro,False,Mumbai Metro,19.068322537005983,72.86623383325863
FIR-INDIA-2026-01338,2026-02-06 10:01:00,THEFT,THEFT incident reported in Kolkata City,Kolkata City,False,Kolkata City,22.55291652937927,88.36826604602172
FIR-INDIA-2023-01339,2023-10-01 16:02:00,BURGLARY,BURGLARY incident reported in Pune,Pune,False,Pune,18.50730172196016,73.82790055914595
FIR-INDIA-2023-01340,2023-08-09 15:55:00,CYBER,CYBER incident reported in Kolkata City,Kolkata City,True,Kolkata City,22.582139787654295,88.40654989037296
FIR-INDIA-2023-01341,2023-03-02 16:49:00,ASSAULT,ASSAULT incident reported in Hyderabad Metro,Hyderabad Metro,True,Hyderabad Metro,17.370134758769993,78.49549882558227
FIR-INDIA-2025-01342,2025-01-28 09:20:00,THEFT,THEFT incident reported in Hyderabad Metro,Hyderabad Metro,False,Hyderabad Metro,17.39583101526238,78.51762438384719
FIR-INDIA-2024-01343,2024-07-13 02:06:00,ASSAULT,ASSAULT incident reported in Chennai Metro,Chennai Metro,False,Chennai Metro,13.066866768774702,80.25839480973312
FIR-INDIA-2026-01344,2026-02-16 18:11:00,ASSAULT,ASSAULT incident reported in Bengaluru City,Bengaluru City,False,Bengaluru City,12.95257185183577,77.58336567183379
FIR-INDIA-2023-01345,2023-07-31 09:38:00,THEFT,THEFT incident reported in Bengaluru City,Bengaluru City,False,Bengaluru City,12.968721425092149,77.60986541233515
FIR-INDIA-2024-01346,2024-02-26 12:10:00,OTHER,OTHER incident reported in Bengaluru City,Bengaluru City,False,Bengaluru City,12.982925766218175,77.59769965606382
FIR-INDIA-2025-01347,2025-02-14 12:10:00,ASSAULT,ASSAULT incident reported in Chennai Metro,Chennai Metro,True,Chennai Metro,13.069554335866853,80.27583726451935
FIR-INDIA-2025-01348,2025-06-20 15:08:00,CYBER,CYBER incident reported in Delhi NCR,Delhi NCR,True,Delhi NCR,28.608151358308614,77.2165792067055
FIR-INDIA-2026-01349,2026-07-31 11:52:00,THEFT,THEFT incident reported in Hyderabad Metro,Hyderabad Metro,False,Hyderabad Metro,17.380444239537724,78.46662857204697
FIR-INDIA-2025-01350,2025-03-19 14:50:00,ROBBERY,ROBBERY incident reported in Chennai Metro,Chennai Metro,False,Chennai Metro,13.11128143391143,80.24278052592484
FIR-INDIA-2025-01351,2025-03-06 03:17:00,ROBBERY,ROBBERY incident reported in Mumbai Metro,Mumbai Metro,True,Mumbai Metro,19.08107963944178,72.87256596171959
FIR-INDIA-2024-01352,2024-11-21 06:05:00,THEFT,THEFT incident reported in Bengaluru City,Bengaluru City,False,Bengaluru City,12.964532258719982,77.59048409671752
FIR-INDIA-2026-01353,2026-03-06 10:22:00,BURGLARY,BURGLARY incident reported in Bengaluru City,Bengaluru City,False,Bengaluru City,12.94991837027954,77.59755927887123
FIR-INDIA-2024-01354,2024-07-29 23:47:00,THEFT,THEFT incident reported in Chennai Metro,Chennai Metro,True,Chennai Metro,13.052945001656788,80.25517307051318
FIR-INDIA-2026-01355,2026-01-28 23:58:00,THEFT,THEFT incident reported in Mumbai Metro,Mumbai Metro,True,Mumbai Metro,19.044296112567448,72.86523139491027
FIR-INDIA-2023-01356,2023-07-29 01:36:00,BURGLARY,BURGLARY incident reported in Hyderabad Metro,Hyderabad Metro,True,Hyderabad Metro,17.384029387704718,78.47922602348238
FIR-INDIA-2024-01357,2024-08-09 13:37:00,ASSAULT,ASSAULT incident reported in Delhi NCR,Delhi NCR,True,Delhi NCR,28.573873443415454,77.2041267218112
FIR-INDIA-2023-01358,2023-01-09 09:31:00,CYBER,CYBER incident reported in Chennai Metro,Chennai Metro,False,Chennai Metro,13.101824119004991,80.28251630620343
FIR-INDIA-2023-01359,2023-11-02 16:07:00,OTHER,OTHER incident reported in Bengaluru City,Bengaluru City,True,Bengaluru City,12.971080163112227,77.61548161509894
FIR-INDIA-2026-01360,2026-01-06 08:18:00,ASSAULT,ASSAULT incident reported in Pune,Pune,False,Pune,18.53493571522102,73.84398314132451
FIR-INDIA-2024-01361,2024-10-12 22:38:00,THEFT,THEFT incident reported in Chennai Metro,Chennai Metro,True,Chennai Metro,13.1009286572727,80.26411783429687
FIR-INDIA-2025-01362,2025-08-14 17:21:00,THEFT,THEFT incident reported in Chennai Metro,Chennai Metro,False,Chennai Metro,13.094434125179987,80.28811377455824
FIR-INDIA-2023-01363,2023-01-20 12:05:00,THEFT,THEFT incident reported in Bengaluru City,Bengaluru City,True,Bengaluru City,12.966533393832934,77.5882605380319
FIR-INDIA-2024-01364,2024-09-27 07:45:00,ASSAULT,ASSAULT incident reported in Bengaluru City,Bengaluru City,False,Bengaluru City,12.972165943681972,77.58568222389385
FIR-INDIA-2025-01365,2025-06-15 15:43:00,BURGLARY,BURGLARY incident reported in Chennai Metro,Chennai Metro,True,Chennai Metro,13.069348357222493,80.27453327977723
FIR-INDIA-2023-01366,2023-12-17 20:13:00,ROBBERY,ROBBERY incident reported in Kolkata City,Kolkata City,False,Kolkata City,22.594121975752252,88.34018648713632
FIR-INDIA-2025-01367,2025-01-31 07:32:00,ASSAULT,ASSAULT incident reported in Pune,Pune,False,Pune,18.51245230123699,73.88119453468492
FIR-INDIA-2025-01368,2025-12-09 22:48:00,CYBER,CYBER incident reported in Bengaluru City,Bengaluru City,False,Bengaluru City,12.954106527766994,77.57671866899557
FIR-INDIA-2023-01369,2023-01-18 15:22:00,ASSAULT,ASSAULT incident reported in Kolkata City,Kolkata City,False,Kolkata City,22.565715653292212,88.3727039667711
FIR-INDIA-2025-01370,2025-02-16 00:32:00,ASSAULT,ASSAULT incident reported in Pune,Pune,False,Pune,18.516456042993777,73.85265114220229
FIR-INDIA-2026-01371,2026-04-03 05:07:00,BURGLARY,BURGLARY incident reported in Delhi NCR,Delhi NCR,False,Delhi NCR,28.59940655645811,77.19443952388019
FIR-INDIA-2024-01372,2024-02-27 21:43:00,ASSAULT,ASSAULT incident reported in Hyderabad Metro,Hyderabad Metro,False,Hyderabad Metro,17.366311939711046,78.49899224275045
FIR-INDIA-2024-01373,2024-06-02 01:39:00,ASSAULT,ASSAULT incident reported in Delhi NCR,Delhi NCR,False,Delhi NCR,28.606156138848483,77.2150215388544
FIR-INDIA-2023-01374,2023-08-28 21:24:00,ASSAULT,ASSAULT incident reported in Mumbai Metro,Mumbai Metro,False,Mumbai Metro,19.060325618585686,72.88405040935109
FIR-INDIA-2024-01375,2024-10-02 18:56:00,OTHER,OTHER incident reported in Mumbai Metro,Mumbai Metro,True,Mumbai Metro,19.068781904789752,72.87730282254527
FIR-INDIA-2026-01376,2026-02-13 00:09:00,BURGLARY,BURGLARY incident reported in Chennai Metro,Chennai Metro,True,Chennai Metro,13.101824344806337,80.28676038309851
FIR-INDIA-2024-01377,2024-01-22 14:24:00,BURGLARY,BURGLARY incident reported in Chennai Metro,Chennai Metro,False,Chennai Metro,13.068390765675128,80.2767255058435
FIR-INDIA-2024-01378,2024-03-21 04:56:00,BURGLARY,BURGLARY incident reported in Bengaluru City,Bengaluru City,True,Bengaluru City,12.978724003618511,77.58927780143287
FIR-INDIA-2023-01379,2023-03-27 05:45:00,ROBBERY,ROBBERY incident reported in Mumbai Metro,Mumbai Metro,False,Mumbai Metro,19.039108688892846,72.89165094395206
FIR-INDIA-2023-01380,2023-11-07 21:00:00,ASSAULT,ASSAULT incident reported in Delhi NCR,Delhi NCR,False,Delhi NCR,28.630193523363914,77.22650857254136
FIR-INDIA-2025-01381,2025-03-25 12:46:00,ASSAULT,ASSAULT incident reported in Kolkata City,Kolkata City,False,Kolkata City,22.54036354691505,88.35067603501243
FIR-INDIA-2024-01382,2024-09-04 00:18:00,ASSAULT,ASSAULT incident reported in Bengaluru City,Bengaluru City,False,Bengaluru City,12.967109807284135,77.62221616113806
FIR-INDIA-2024-01383,2024-04-26 07:10:00,BURGLARY,BURGLARY incident reported in Mumbai Metro,Mumbai Metro,False,Mumbai Metro,19.089166932393763,72.87627935286626
FIR-INDIA-2026-01384,2026-06-22 05:44:00,THEFT,THEFT incident reported in Bengaluru City,Bengaluru City,False,Bengaluru City,12.980881533007388,77.60354799945046
FIR-INDIA-2026-01385,2026-01-08 18:07:00,THEFT,THEFT incident reported in Bengaluru City,Bengaluru City,False,Bengaluru City,12.988767938501935,77.62478948117086
FIR-INDIA-2026-01386,2026-06-13 16:52:00,THEFT,THEFT incident reported in Mumbai Metro,Mumbai Metro,False,Mumbai Metro,19.11088437186638,72.90042354612825
FIR-INDIA-2023-01387,2023-02-22 21:24:00,THEFT,THEFT incident reported in Delhi NCR,Delhi NCR,False,Delhi NCR,28.628968137600694,77.20451568225046
FIR-INDIA-2025-01388,2025-12-22 07:42:00,CYBER,CYBER incident reported in Ahmedabad,Ahmedabad,False,Ahmedabad,23.042670400626488,72.56816071948258
FIR-INDIA-2023-01389,2023-07-21 09:14:00,THEFT,THEFT incident reported in Hyderabad Metro,Hyderabad Metro,True,Hyderabad Metro,17.386121838707872,78.49050196703556
FIR-INDIA-2024-01390,2024-04-27 23:53:00,THEFT,THEFT incident reported in Hyderabad Metro,Hyderabad Metro,False,Hyderabad Metro,17.40489437296276,78.46885245091045
FIR-INDIA-2023-01391,2023-12-26 00:38:00,THEFT,THEFT incident reported in Bengaluru City,Bengaluru City,True,Bengaluru City,12.985914670906386,77.57604018340466
FIR-INDIA-2023-01392,2023-06-12 23:00:00,THEFT,THEFT incident reported in Kolkata City,Kolkata City,False,Kolkata City,22.601932793237538,88.36350772511496
FIR-INDIA-2023-01393,2023-10-07 09:59:00,ASSAULT,ASSAULT incident reported in Hyderabad Metro,Hyderabad Metro,False,Hyderabad Metro,17.393537548802964,78.49295091883816
FIR-INDIA-2024-01394,2024-01-09 04:08:00,ASSAULT,ASSAULT incident reported in Bengaluru City,Bengaluru City,False,Bengaluru City,12.9926723490505,77.61234512521298
FIR-INDIA-2023-01395,2023-09-28 06:16:00,ROBBERY,ROBBERY incident reported in Bengaluru City,Bengaluru City,False,Bengaluru City,12.956663052238518,77.62373685910995
FIR-INDIA-2023-01396,2023-11-09 20:29:00,OTHER,OTHER incident reported in Chennai Metro,Chennai Metro,False,Chennai Metro,13.073686541195709,80.27415801432595
FIR-INDIA-2023-01397,2023-04-22 16:08:00,THEFT,THEFT incident reported in Chennai Metro,Chennai Metro,True,Chennai Metro,13.072458384032624,80.25289707241075
FIR-INDIA-2026-01398,2026-02-16 22:30:00,THEFT,THEFT incident reported in Delhi NCR,Delhi NCR,False,Delhi NCR,28.63624584638943,77.19399762265364
FIR-INDIA-2023-01399,2023-06-09 09:54:00,ROBBERY,ROBBERY incident reported in Bengaluru City,Bengaluru City,False,Bengaluru City,12.950487496174869,77.61434487285624
FIR-INDIA-2023-01400,2023-02-18 11:05:00,THEFT,THEFT incident reported in Bengaluru City,Bengaluru City,False,Bengaluru City,12.970681588458564,77.60714844953415
FIR-INDIA-2025-01401,2025-07-09 22:12:00,THEFT,THEFT incident reported in Mumbai Metro,Mumbai Metro,False,Mumbai Metro,19.049877049604543,72.85375885232324
FIR-INDIA-2024-01402,2024-12-19 12:30:00,ASSAULT,ASSAULT incident reported in Mumbai Metro,Mumbai Metro,False,Mumbai Metro,19.07719211160462,72.87075768582943
FIR-INDIA-2025-01403,2025-03-11 20:01:00,THEFT,THEFT incident reported in Delhi NCR,Delhi NCR,False,Delhi NCR,28.60805116283124,77.21633000949538
FIR-INDIA-2025-01404,2025-02-24 11:44:00,THEFT,THEFT incident reported in Delhi NCR,Delhi NCR,False,Delhi NCR,28.637195397831476,77.2180260484136
FIR-INDIA-2023-01405,2023-09-20 09:39:00,THEFT,THEFT incident reported in Delhi NCR,Delhi NCR,False,Delhi NCR,28.57482094098787,77.211831916922
FIR-INDIA-2026-01406,2026-05-31 23:29:00,THEFT,THEFT incident reported in Mumbai Metro,Mumbai Metro,False,Mumbai Metro,19.072903033835477,72.87061071605858
FIR-INDIA-2024-01407,2024-12-15 14:53:00,ASSAULT,ASSAULT incident reported in Bengaluru City,Bengaluru City,True,Bengaluru City,12.965701631494797,77.58646212011077
FIR-INDIA-2025-01408,2025-12-27 21:19:00,ASSAULT,ASSAULT incident reported in Hyderabad Metro,Hyderabad Metro,False,Hyderabad Metro,17.402295137861454,78.49445172848472
FIR-INDIA-2024-01409,2024-06-21 09:31:00,CYBER,CYBER incident reported in Chennai Metro,Chennai Metro,False,Chennai Metro,13.07788482134159,80.26156643359303
FIR-INDIA-2025-01410,2025-05-22 20:02:00,THEFT,THEFT incident reported in Kolkata City,Kolkata City,False,Kolkata City,22.546021557284178,88.38527241319058
FIR-INDIA-2024-01411,2024-10-28 18:01:00,THEFT,THEFT incident reported in Mumbai Metro,Mumbai Metro,False,Mumbai Metro,19.073339167653028,72.89267518178417
FIR-INDIA-2023-01412,2023-12-24 19:02:00,THEFT,THEFT incident reported in Mumbai Metro,Mumbai Metro,False,Mumbai Metro,19.06126519116834,72.87494563399578
FIR-INDIA-2026-01413,2026-04-25 21:05:00,THEFT,THEFT incident reported in Mumbai Metro,Mumbai Metro,False,Mumbai Metro,19.077493498194634,72.88939581444298
FIR-INDIA-2024-01414,2024-02-03 04:16:00,ROBBERY,ROBBERY incident reported in Chennai Metro,Chennai Metro,False,Chennai Metro,13.078042902337588,80.26185336484224
FIR-INDIA-2024-01415,2024-08-30 15:34:00,THEFT,THEFT incident reported in Kolkata City,Kolkata City,False,Kolkata City,22.55973323552096,88.35520009169277
FIR-INDIA-2023-01416,2023-08-07 19:16:00,OTHER,OTHER incident reported in Kolkata City,Kolkata City,False,Kolkata City,22.581482073075883,88.36620625637144
FIR-INDIA-2023-01417,2023-04-26 14:21:00,CYBER,CYBER incident reported in Hyderabad Metro,Hyderabad Metro,False,Hyderabad Metro,17.37740613876014,78.48494733514231
FIR-INDIA-2026-01418,2026-06-03 09:23:00,CYBER,CYBER incident reported in Chennai Metro,Chennai Metro,False,Chennai Metro,13.060538525610466,80.28126643858496
FIR-INDIA-2023-01419,2023-11-26 07:22:00,BURGLARY,BURGLARY incident reported in Chennai Metro,Chennai Metro,False,Chennai Metro,13.086360259854722,80.27766873746013
FIR-INDIA-2023-01420,2023-09-02 20:19:00,ASSAULT,ASSAULT incident reported in Delhi NCR,Delhi NCR,True,Delhi NCR,28.610888728044074,77.19682089941327
FIR-INDIA-2024-01421,2024-10-29 15:22:00,OTHER,OTHER incident reported in Delhi NCR,Delhi NCR,True,Delhi NCR,28.60770900999906,77.19459694284193
FIR-INDIA-2023-01422,2023-02-04 04:54:00,ROBBERY,ROBBERY incident reported in Hyderabad Metro,Hyderabad Metro,False,Hyderabad Metro,17.38882998676969,78.48082342079564
FIR-INDIA-2025-01423,2025-08-25 16:12:00,THEFT,THEFT incident reported in Pune,Pune,False,Pune,18.52170397664818,73.85145126671571
FIR-INDIA-2023-01424,2023-08-05 09:53:00,THEFT,THEFT incident reported in Bengaluru City,Bengaluru City,False,Bengaluru City,12.95861288482322,77.58746248783204
FIR-INDIA-2026-01425,2026-02-28 10:06:00,CYBER,CYBER incident reported in Delhi NCR,Delhi NCR,True,Delhi NCR,28.59548230153371,77.21718030321613
FIR-INDIA-2026-01426,2026-02-05 19:44:00,THEFT,THEFT incident reported in Mumbai Metro,Mumbai Metro,True,Mumbai Metro,19.082137638900885,72.89440107140652
FIR-INDIA-2025-01427,2025-02-08 03:36:00,THEFT,THEFT incident reported in Mumbai Metro,Mumbai Metro,False,Mumbai Metro,19.092512765537666,72.87441950952288
FIR-INDIA-2023-01428,2023-10-23 08:06:00,THEFT,THEFT incident reported in Chennai Metro,Chennai Metro,True,Chennai Metro,13.07510325117214,80.2781673292215
FIR-INDIA-2023-01429,2023-06-21 04:09:00,ROBBERY,ROBBERY incident reported in Chennai Metro,Chennai Metro,True,Chennai Metro,13.086331592746204,80.26132446693398
FIR-INDIA-2024-01430,2024-01-02 18:12:00,THEFT,THEFT incident reported in Bengaluru City,Bengaluru City,False,Bengaluru City,12.985211234945416,77.60085009106886
FIR-INDIA-2023-01431,2023-07-24 05:55:00,THEFT,THEFT incident reported in Mumbai Metro,Mumbai Metro,False,Mumbai Metro,19.08373696764525,72.87529537524584
FIR-INDIA-2025-01432,2025-01-09 12:07:00,ROBBERY,ROBBERY incident reported in Hyderabad Metro,Hyderabad Metro,False,Hyderabad Metro,17.36776361125176,78.48996665860892
FIR-INDIA-2023-01433,2023-09-27 20:48:00,THEFT,THEFT incident reported in Bengaluru City,Bengaluru City,True,Bengaluru City,12.958686403603537,77.6118670556457
FIR-INDIA-2026-01434,2026-03-31 10:47:00,THEFT,THEFT incident reported in Chennai Metro,Chennai Metro,False,Chennai Metro,13.089943008959022,80.29908630842283
FIR-INDIA-2026-01435,2026-02-15 12:06:00,ASSAULT,ASSAULT incident reported in Bengaluru City,Bengaluru City,True,Bengaluru City,12.965125735752538,77.58553112266523
FIR-INDIA-2024-01436,2024-06-05 11:02:00,THEFT,THEFT incident reported in Mumbai Metro,Mumbai Metro,True,Mumbai Metro,19.04267870940056,72.8839249823881
FIR-INDIA-2023-01437,2023-03-01 20:30:00,CYBER,CYBER incident reported in Chennai Metro,Chennai Metro,False,Chennai Metro,13.070112054765858,80.28324474135708
FIR-INDIA-2023-01438,2023-10-25 01:14:00,ASSAULT,ASSAULT incident reported in Hyderabad Metro,Hyderabad Metro,True,Hyderabad Metro,17.395999598741135,78.46330692325046
FIR-INDIA-2024-01439,2024-12-21 19:11:00,THEFT,THEFT incident reported in Pune,Pune,False,Pune,18.513767844512635,73.83819731510233
FIR-INDIA-2026-01440,2026-05-15 05:46:00,THEFT,THEFT incident reported in Pune,Pune,False,Pune,18.518791226814212,73.84951499246813
FIR-INDIA-2025-01441,2025-03-12 01:33:00,THEFT,THEFT incident reported in Pune,Pune,False,Pune,18.53786428024653,73.8979663499815
FIR-INDIA-2024-01442,2024-01-14 02:03:00,OTHER,OTHER incident reported in Chennai Metro,Chennai Metro,True,Chennai Metro,13.086340009735938,80.27064752647198
FIR-INDIA-2025-01443,2025-10-15 06:54:00,BURGLARY,BURGLARY incident reported in Ahmedabad,Ahmedabad,True,Ahmedabad,23.018504131551683,72.59000219467784
FIR-INDIA-2026-01444,2026-03-29 19:21:00,THEFT,THEFT incident reported in Delhi NCR,Delhi NCR,False,Delhi NCR,28.624223155476145,77.22685911496791
FIR-INDIA-2024-01445,2024-06-28 13:25:00,THEFT,THEFT incident reported in Mumbai Metro,Mumbai Metro,False,Mumbai Metro,19.093604685824722,72.84851576191411
FIR-INDIA-2023-01446,2023-03-13 17:33:00,BURGLARY,BURGLARY incident reported in Bengaluru City,Bengaluru City,False,Bengaluru City,12.962716835362954,77.60452855391351
FIR-INDIA-2025-01447,2025-05-17 02:21:00,CYBER,CYBER incident reported in Delhi NCR,Delhi NCR,False,Delhi NCR,28.60796137010305,77.19408398780718
FIR-INDIA-2025-01448,2025-09-11 00:21:00,ASSAULT,ASSAULT incident reported in Hyderabad Metro,Hyderabad Metro,False,Hyderabad Metro,17.381390159597597,78.5038605727546
FIR-INDIA-2023-01449,2023-02-06 05:47:00,THEFT,THEFT incident reported in Kolkata City,Kolkata City,True,Kolkata City,22.56561200619588,88.35579387599225
FIR-INDIA-2023-01450,2023-09-15 11:09:00,CYBER,CYBER incident reported in Delhi NCR,Delhi NCR,False,Delhi NCR,28.619887470801704,77.22526552455085
FIR-INDIA-2023-01451,2023-09-13 00:22:00,OTHER,OTHER incident reported in Bengaluru City,Bengaluru City,False,Bengaluru City,12.96530492617842,77.58478049430867
FIR-INDIA-2024-01452,2024-03-02 18:14:00,ASSAULT,ASSAULT incident reported in Pune,Pune,False,Pune,18.510008602267778,73.85697518823739
FIR-INDIA-2026-01453,2026-01-21 03:19:00,THEFT,THEFT incident reported in Mumbai Metro,Mumbai Metro,True,Mumbai Metro,19.058330176353337,72.86498244878106
FIR-INDIA-2023-01454,2023-05-22 20:55:00,THEFT,THEFT incident reported in Kolkata City,Kolkata City,False,Kolkata City,22.560493810612293,88.34843921517755
FIR-INDIA-2024-01455,2024-06-20 16:54:00,THEFT,THEFT incident reported in Mumbai Metro,Mumbai Metro,False,Mumbai Metro,19.055282380030192,72.88777858636935
FIR-INDIA-2026-01456,2026-01-16 19:12:00,CYBER,CYBER incident reported in Delhi NCR,Delhi NCR,True,Delhi NCR,28.620708870029826,77.20827247118554
FIR-INDIA-2026-01457,2026-07-04 21:44:00,OTHER,OTHER incident reported in Mumbai Metro,Mumbai Metro,False,Mumbai Metro,19.038826738897463,72.88761291371505
FIR-INDIA-2023-01458,2023-11-01 06:43:00,ASSAULT,ASSAULT incident reported in Chennai Metro,Chennai Metro,False,Chennai Metro,13.071427712354533,80.26188666416009
FIR-INDIA-2025-01459,2025-09-02 10:12:00,THEFT,THEFT incident reported in Mumbai Metro,Mumbai Metro,False,Mumbai Metro,19.088154130107792,72.89258054118484
FIR-INDIA-2026-01460,2026-04-04 00:43:00,THEFT,THEFT incident reported in Hyderabad Metro,Hyderabad Metro,False,Hyderabad Metro,17.389579465639258,78.4795859024822
FIR-INDIA-2026-01461,2026-06-19 01:52:00,ASSAULT,ASSAULT incident reported in Mumbai Metro,Mumbai Metro,True,Mumbai Metro,19.0820600010497,72.88930540324566
FIR-INDIA-2024-01462,2024-02-14 20:03:00,THEFT,THEFT incident reported in Hyderabad Metro,Hyderabad Metro,False,Hyderabad Metro,17.37848952135494,78.46293791329013
FIR-INDIA-2023-01463,2023-06-08 19:50:00,ASSAULT,ASSAULT incident reported in Chennai Metro,Chennai Metro,False,Chennai Metro,13.089498067378647,80.27671659651573
FIR-INDIA-2024-01464,2024-12-22 18:45:00,THEFT,THEFT incident reported in Kolkata City,Kolkata City,False,Kolkata City,22.561066685090903,88.36776401410508
FIR-INDIA-2023-01465,2023-03-16 07:46:00,THEFT,THEFT incident reported in Kolkata City,Kolkata City,False,Kolkata City,22.584050032783207,88.3461372023036
FIR-INDIA-2025-01466,2025-12-22 12:43:00,THEFT,THEFT incident reported in Pune,Pune,False,Pune,18.518934045013438,73.88097590675211
FIR-INDIA-2025-01467,2025-06-24 20:22:00,THEFT,THEFT incident reported in Mumbai Metro,Mumbai Metro,False,Mumbai Metro,19.07296251331761,72.86799526420764
FIR-INDIA-2026-01468,2026-08-10 14:08:00,BURGLARY,BURGLARY incident reported in Chennai Metro,Chennai Metro,False,Chennai Metro,13.077705583006939,80.2690089973108
FIR-INDIA-2023-01469,2023-07-26 05:20:00,THEFT,THEFT incident reported in Bengaluru City,Bengaluru City,False,Bengaluru City,12.995380242844103,77.59675829634989
FIR-INDIA-2026-01470,2026-06-23 16:08:00,CYBER,CYBER incident reported in Kolkata City,Kolkata City,True,Kolkata City,22.572272159511627,88.36689569726538
FIR-INDIA-2024-01471,2024-01-07 03:13:00,THEFT,THEFT incident reported in Bengaluru City,Bengaluru City,False,Bengaluru City,12.958806721430912,77.58822333938869
FIR-INDIA-2023-01472,2023-04-04 03:47:00,ASSAULT,ASSAULT incident reported in Mumbai Metro,Mumbai Metro,False,Mumbai Metro,19.065133079526497,72.88574334847156
FIR-INDIA-2026-01473,2026-08-27 14:10:00,ROBBERY,ROBBERY incident reported in Bengaluru City,Bengaluru City,True,Bengaluru City,12.980396531731468,77.59594172884631
FIR-INDIA-2024-01474,2024-10-14 00:17:00,ASSAULT,ASSAULT incident reported in Bengaluru City,Bengaluru City,False,Bengaluru City,12.950870448181801,77.57561341394434
FIR-INDIA-2026-01475,2026-05-16 06:09:00,CYBER,CYBER incident reported in Bengaluru City,Bengaluru City,True,Bengaluru City,12.97712118357913,77.59095967183384
FIR-INDIA-2023-01476,2023-06-11 23:32:00,ROBBERY,ROBBERY incident reported in Chennai Metro,Chennai Metro,True,Chennai Metro,13.0954409098692,80.28255121251227
FIR-INDIA-2026-01477,2026-02-21 01:31:00,THEFT,THEFT incident reported in Bengaluru City,Bengaluru City,False,Bengaluru City,12.99964519440625,77.59286166527617
FIR-INDIA-2025-01478,2025-06-21 20:00:00,THEFT,THEFT incident reported in Chennai Metro,Chennai Metro,False,Chennai Metro,13.05347097384749,80.26225454973336
FIR-INDIA-2025-01479,2025-07-25 03:12:00,OTHER,OTHER incident reported in Chennai Metro,Chennai Metro,False,Chennai Metro,13.079986312162752,80.2500682003371
FIR-INDIA-2026-01480,2026-02-15 10:01:00,ASSAULT,ASSAULT incident reported in Chennai Metro,Chennai Metro,False,Chennai Metro,13.075197591987449,80.27371405303849
FIR-INDIA-2025-01481,2025-06-08 01:12:00,THEFT,THEFT incident reported in Mumbai Metro,Mumbai Metro,False,Mumbai Metro,19.032721016963126,72.88423514800698
FIR-INDIA-2024-01482,2024-08-08 03:11:00,BURGLARY,BURGLARY incident reported in Bengaluru City,Bengaluru City,False,Bengaluru City,12.972983379933824,77.5812481666573
FIR-INDIA-2024-01483,2024-01-29 00:17:00,CYBER,CYBER incident reported in Pune,Pune,True,Pune,18.516886662584902,73.84607028496626
FIR-INDIA-2023-01484,2023-01-09 10:19:00,THEFT,THEFT incident reported in Mumbai Metro,Mumbai Metro,True,Mumbai Metro,19.10106651570023,72.88932479329013
FIR-INDIA-2024-01485,2024-05-08 17:26:00,THEFT,THEFT incident reported in Pune,Pune,True,Pune,18.52038261186861,73.85743458100322
FIR-INDIA-2023-01486,2023-06-07 21:18:00,ROBBERY,ROBBERY incident reported in Mumbai Metro,Mumbai Metro,False,Mumbai Metro,19.060210010621304,72.87849579541991
FIR-INDIA-2024-01487,2024-02-20 21:22:00,BURGLARY,BURGLARY incident reported in Delhi NCR,Delhi NCR,True,Delhi NCR,28.61724840388329,77.20263028231851
FIR-INDIA-2025-01488,2025-08-09 08:45:00,THEFT,THEFT incident reported in Mumbai Metro,Mumbai Metro,False,Mumbai Metro,19.07743031725801,72.88339428069662
FIR-INDIA-2025-01489,2025-08-31 20:24:00,OTHER,OTHER incident reported in Kolkata City,Kolkata City,False,Kolkata City,22.579269881707916,88.36832230580357
FIR-INDIA-2023-01490,2023-06-12 17:23:00,CYBER,CYBER incident reported in Hyderabad Metro,Hyderabad Metro,False,Hyderabad Metro,17.400770798323205,78.50779212253782
FIR-INDIA-2023-01491,2023-03-26 16:36:00,ASSAULT,ASSAULT incident reported in Delhi NCR,Delhi NCR,True,Delhi NCR,28.606115256114933,77.2028459688769
FIR-INDIA-2023-01492,2023-03-15 10:47:00,THEFT,THEFT incident reported in Hyderabad Metro,Hyderabad Metro,False,Hyderabad Metro,17.39082278032949,78.49992800096477
FIR-INDIA-2024-01493,2024-06-08 21:31:00,ASSAULT,ASSAULT incident reported in Hyderabad Metro,Hyderabad Metro,False,Hyderabad Metro,17.386842957785554,78.48470357887825
FIR-INDIA-2024-01494,2024-12-04 21:32:00,OTHER,OTHER incident reported in Bengaluru City,Bengaluru City,True,Bengaluru City,12.95716346025557,77.58831393821644
FIR-INDIA-2024-01495,2024-03-01 12:07:00,THEFT,THEFT incident reported in Pune,Pune,False,Pune,18.519366227363694,73.83726720877378
FIR-INDIA-2024-01496,2024-05-25 04:00:00,BURGLARY,BURGLARY incident reported in Chennai Metro,Chennai Metro,False,Chennai Metro,13.090435700408591,80.26305482018579
FIR-INDIA-2023-01497,2023-07-17 10:31:00,BURGLARY,BURGLARY incident reported in Mumbai Metro,Mumbai Metro,False,Mumbai Metro,19.077940795452392,72.87590636634285
FIR-INDIA-2025-01498,2025-07-11 08:38:00,THEFT,THEFT incident reported in Bengaluru City,Bengaluru City,False,Bengaluru City,12.978391869803476,77.60453110216024
FIR-INDIA-2023-01499,2023-03-31 02:45:00,THEFT,THEFT incident reported in Kolkata City,Kolkata City,False,Kolkata City,22.57290609287357,88.36970644407224
FIR-INDIA-2025-01500,2025-02-20 04:10:00,BURGLARY,BURGLARY incident reported in Chennai Metro,Chennai Metro,False,Chennai Metro,13.060379807065914,80.28318865648684
FIR-INDIA-2024-01501,2024-08-03 08:41:00,CYBER,CYBER incident reported in Delhi NCR,Delhi NCR,False,Delhi NCR,28.571153964260642,77.20540562147177
FIR-INDIA-2023-01502,2023-09-09 12:20:00,THEFT,THEFT incident reported in Hyderabad Metro,Hyderabad Metro,False,Hyderabad Metro,17.425003791211118,78.4622813398538
FIR-INDIA-2026-01503,2026-04-21 08:11:00,ASSAULT,ASSAULT incident reported in Mumbai Metro,Mumbai Metro,False,Mumbai Metro,19.061463144817186,72.85714269130736
FIR-INDIA-2024-01504,2024-12-16 06:20:00,BURGLARY,BURGLARY incident reported in Bengaluru City,Bengaluru City,False,Bengaluru City,12.972656335732683,77.59829358841682
FIR-INDIA-2025-01505,2025-07-07 04:17:00,THEFT,THEFT incident reported in Delhi NCR,Delhi NCR,True,Delhi NCR,28.635650248341754,77.20285889781105
FIR-INDIA-2023-01506,2023-12-04 05:19:00,THEFT,THEFT incident reported in Bengaluru City,Bengaluru City,False,Bengaluru City,12.984298620484255,77.61771615726407
FIR-INDIA-2025-01507,2025-06-27 02:27:00,OTHER,OTHER incident reported in Kolkata City,Kolkata City,True,Kolkata City,22.558156509431818,88.35693644920073
FIR-INDIA-2026-01508,2026-07-26 21:43:00,ASSAULT,ASSAULT incident reported in Mumbai Metro,Mumbai Metro,False,Mumbai Metro,19.073927114364015,72.8890859636078
FIR-INDIA-2024-01509,2024-07-20 20:39:00,CYBER,CYBER incident reported in Delhi NCR,Delhi NCR,True,Delhi NCR,28.63069274869118,77.18579091623054
FIR-INDIA-2026-01510,2026-04-14 02:58:00,OTHER,OTHER incident reported in Kolkata City,Kolkata City,False,Kolkata City,22.59871631181914,88.35508596168144
FIR-INDIA-2025-01511,2025-11-01 19:18:00,ROBBERY,ROBBERY incident reported in Mumbai Metro,Mumbai Metro,False,Mumbai Metro,19.08054657954335,72.87624337645296
FIR-INDIA-2026-01512,2026-08-14 05:01:00,THEFT,THEFT incident reported in Kolkata City,Kolkata City,False,Kolkata City,22.572498560529787,88.32792263461026
FIR-INDIA-2024-01513,2024-10-27 13:51:00,CYBER,CYBER incident reported in Hyderabad Metro,Hyderabad Metro,False,Hyderabad Metro,17.375211755668772,78.48406042301485
FIR-INDIA-2026-01514,2026-02-18 00:05:00,ASSAULT,ASSAULT incident reported in Chennai Metro,Chennai Metro,False,Chennai Metro,13.080896794853142,80.25676310918925
FIR-INDIA-2025-01515,2025-08-09 09:48:00,THEFT,THEFT incident reported in Bengaluru City,Bengaluru City,False,Bengaluru City,12.96221570114535,77.60425618520905
FIR-INDIA-2026-01516,2026-08-10 07:01:00,ASSAULT,ASSAULT incident reported in Mumbai Metro,Mumbai Metro,False,Mumbai Metro,19.095359474642922,72.86806636556393
FIR-INDIA-2023-01517,2023-05-25 09:43:00,THEFT,THEFT incident reported in Mumbai Metro,Mumbai Metro,True,Mumbai Metro,19.05977202445505,72.86179973317056
FIR-INDIA-2024-01518,2024-11-11 09:49:00,ASSAULT,ASSAULT incident reported in Mumbai Metro,Mumbai Metro,False,Mumbai Metro,19.05219098076356,72.87671837828246
FIR-INDIA-2025-01519,2025-05-31 03:54:00,THEFT,THEFT incident reported in Kolkata City,Kolkata City,False,Kolkata City,22.583306558433357,88.36814218256221
FIR-INDIA-2024-01520,2024-12-21 11:30:00,THEFT,THEFT incident reported in Mumbai Metro,Mumbai Metro,False,Mumbai Metro,19.09498115590338,72.87843951430587
FIR-INDIA-2025-01521,2025-06-07 20:27:00,THEFT,THEFT incident reported in Mumbai Metro,Mumbai Metro,False,Mumbai Metro,19.053561273476795,72.86690890389568
FIR-INDIA-2024-01522,2024-01-15 13:17:00,CYBER,CYBER incident reported in Chennai Metro,Chennai Metro,True,Chennai Metro,13.074135658973654,80.257120340026
FIR-INDIA-2023-01523,2023-11-17 01:11:00,THEFT,THEFT incident reported in Kolkata City,Kolkata City,False,Kolkata City,22.566483026142336,88.34818024510969
FIR-INDIA-2025-01524,2025-09-30 23:32:00,ASSAULT,ASSAULT incident reported in Mumbai Metro,Mumbai Metro,False,Mumbai Metro,19.0914475717136,72.86836664288717
FIR-INDIA-2025-01525,2025-04-06 06:09:00,BURGLARY,BURGLARY incident reported in Delhi NCR,Delhi NCR,False,Delhi NCR,28.60321653971177,77.21165231542933
FIR-INDIA-2024-01526,2024-07-26 08:17:00,BURGLARY,BURGLARY incident reported in Kolkata City,Kolkata City,False,Kolkata City,22.54583746693452,88.36983163643002
FIR-INDIA-2025-01527,2025-12-22 12:08:00,ASSAULT,ASSAULT incident reported in Delhi NCR,Delhi NCR,False,Delhi NCR,28.60647454453437,77.20195715809166
FIR-INDIA-2024-01528,2024-07-28 14:27:00,THEFT,THEFT incident reported in Delhi NCR,Delhi NCR,False,Delhi NCR,28.63138712142761,77.21569605152241
FIR-INDIA-2023-01529,2023-11-09 03:30:00,THEFT,THEFT incident reported in Ahmedabad,Ahmedabad,True,Ahmedabad,23.01901728478634,72.55942591700996
FIR-INDIA-2025-01530,2025-04-29 01:56:00,ROBBERY,ROBBERY incident reported in Delhi NCR,Delhi NCR,True,Delhi NCR,28.615762648940976,77.20742792392257
FIR-INDIA-2026-01531,2026-01-20 18:02:00,BURGLARY,BURGLARY incident reported in Ahmedabad,Ahmedabad,False,Ahmedabad,23.0117923112587,72.56906108813445
FIR-INDIA-2023-01532,2023-05-27 02:09:00,THEFT,THEFT incident reported in Chennai Metro,Chennai Metro,False,Chennai Metro,13.05962214154665,80.25778445439522
FIR-INDIA-2023-01533,2023-01-30 07:27:00,BURGLARY,BURGLARY incident reported in Delhi NCR,Delhi NCR,False,Delhi NCR,28.630956804052474,77.22380987656
FIR-INDIA-2026-01534,2026-02-26 00:29:00,BURGLARY,BURGLARY incident reported in Mumbai Metro,Mumbai Metro,False,Mumbai Metro,19.079835208028033,72.88691786316122
FIR-INDIA-2026-01535,2026-01-14 16:36:00,ASSAULT,ASSAULT incident reported in Kolkata City,Kolkata City,False,Kolkata City,22.563817235452028,88.34652289351226
FIR-INDIA-2026-01536,2026-04-18 07:31:00,THEFT,THEFT incident reported in Mumbai Metro,Mumbai Metro,False,Mumbai Metro,19.06537588777895,72.88893307420179
FIR-INDIA-2024-01537,2024-03-10 09:21:00,ROBBERY,ROBBERY incident reported in Kolkata City,Kolkata City,False,Kolkata City,22.59894490284819,88.36716123192431
FIR-INDIA-2025-01538,2025-01-23 08:12:00,CYBER,CYBER incident reported in Bengaluru City,Bengaluru City,False,Bengaluru City,12.961661014331394,77.59715830894021
FIR-INDIA-2025-01539,2025-05-19 21:34:00,BURGLARY,BURGLARY incident reported in Bengaluru City,Bengaluru City,False,Bengaluru City,12.948837932421545,77.58524910566445
FIR-INDIA-2026-01540,2026-02-16 09:35:00,THEFT,THEFT incident reported in Delhi NCR,Delhi NCR,False,Delhi NCR,28.61581210355066,77.20857145089715
FIR-INDIA-2025-01541,2025-11-21 10:59:00,ROBBERY,ROBBERY incident reported in Pune,Pune,False,Pune,18.53551368525278,73.84004357432589
FIR-INDIA-2025-01542,2025-10-04 01:05:00,THEFT,THEFT incident reported in Kolkata City,Kolkata City,True,Kolkata City,22.56524207209186,88.37140192486544
FIR-INDIA-2023-01543,2023-10-28 20:11:00,CYBER,CYBER incident reported in Hyderabad Metro,Hyderabad Metro,True,Hyderabad Metro,17.379319515947575,78.48611988964203
FIR-INDIA-2024-01544,2024-03-12 01:39:00,ASSAULT,ASSAULT incident reported in Delhi NCR,Delhi NCR,False,Delhi NCR,28.608821452895068,77.21952880296257
FIR-INDIA-2025-01545,2025-08-27 11:35:00,THEFT,THEFT incident reported in Mumbai Metro,Mumbai Metro,False,Mumbai Metro,19.086419589221844,72.8740364758534
FIR-INDIA-2024-01546,2024-09-28 12:44:00,THEFT,THEFT incident reported in Bengaluru City,Bengaluru City,False,Bengaluru City,12.968191417399025,77.5877991796085
FIR-INDIA-2023-01547,2023-05-02 07:54:00,THEFT,THEFT incident reported in Kolkata City,Kolkata City,False,Kolkata City,22.56041945779357,88.37471783367201
FIR-INDIA-2025-01548,2025-12-30 12:40:00,THEFT,THEFT incident reported in Delhi NCR,Delhi NCR,True,Delhi NCR,28.640985868693743,77.18733583821857
FIR-INDIA-2026-01549,2026-05-19 18:43:00,THEFT,THEFT incident reported in Ahmedabad,Ahmedabad,False,Ahmedabad,23.041222250654307,72.60406044557028
FIR-INDIA-2024-01550,2024-03-19 00:17:00,ROBBERY,ROBBERY incident reported in Hyderabad Metro,Hyderabad Metro,True,Hyderabad Metro,17.38886768429212,78.4664402239644
FIR-INDIA-2024-01551,2024-11-27 10:44:00,THEFT,THEFT incident reported in Mumbai Metro,Mumbai Metro,False,Mumbai Metro,19.077834006367095,72.88636294249349
FIR-INDIA-2026-01552,2026-07-16 03:29:00,ASSAULT,ASSAULT incident reported in Delhi NCR,Delhi NCR,True,Delhi NCR,28.61057595820838,77.23023493313522
FIR-INDIA-2026-01553,2026-01-10 04:24:00,OTHER,OTHER incident reported in Hyderabad Metro,Hyderabad Metro,False,Hyderabad Metro,17.37523314174349,78.47046889001075
FIR-INDIA-2024-01554,2024-07-24 01:21:00,THEFT,THEFT incident reported in Mumbai Metro,Mumbai Metro,False,Mumbai Metro,19.05823627534895,72.88237611440337
FIR-INDIA-2025-01555,2025-04-30 15:44:00,ASSAULT,ASSAULT incident reported in Kolkata City,Kolkata City,False,Kolkata City,22.577104148841112,88.34359733460174
FIR-INDIA-2025-01556,2025-12-23 03:56:00,THEFT,THEFT incident reported in Delhi NCR,Delhi NCR,False,Delhi NCR,28.607183177232,77.2147994506264
FIR-INDIA-2023-01557,2023-06-17 00:00:00,THEFT,THEFT incident reported in Delhi NCR,Delhi NCR,False,Delhi NCR,28.607834020675316,77.22807581852989
FIR-INDIA-2023-01558,2023-11-20 21:44:00,THEFT,THEFT incident reported in Chennai Metro,Chennai Metro,False,Chennai Metro,13.06400541347275,80.27243079104234
FIR-INDIA-2023-01559,2023-06-28 14:10:00,THEFT,THEFT incident reported in Hyderabad Metro,Hyderabad Metro,False,Hyderabad Metro,17.389558395542807,78.48784062354186
FIR-INDIA-2026-01560,2026-05-21 20:06:00,BURGLARY,BURGLARY incident reported in Delhi NCR,Delhi NCR,False,Delhi NCR,28.615693718476557,77.202502424709
FIR-INDIA-2025-01561,2025-05-26 02:54:00,CYBER,CYBER incident reported in Bengaluru City,Bengaluru City,False,Bengaluru City,12.967376505455444,77.584555186268
FIR-INDIA-2025-01562,2025-11-17 02:11:00,BURGLARY,BURGLARY incident reported in Bengaluru City,Bengaluru City,False,Bengaluru City,12.978635645425678,77.57758751106105
FIR-INDIA-2025-01563,2025-09-20 23:09:00,THEFT,THEFT incident reported in Delhi NCR,Delhi NCR,False,Delhi NCR,28.62735018495774,77.22119590503046
FIR-INDIA-2025-01564,2025-08-01 10:51:00,ROBBERY,ROBBERY incident reported in Bengaluru City,Bengaluru City,True,Bengaluru City,12.954923205344382,77.59807278664546
FIR-INDIA-2024-01565,2024-03-07 11:30:00,BURGLARY,BURGLARY incident reported in Mumbai Metro,Mumbai Metro,False,Mumbai Metro,19.075697046283086,72.86942999682343
FIR-INDIA-2024-01566,2024-12-02 06:37:00,THEFT,THEFT incident reported in Hyderabad Metro,Hyderabad Metro,True,Hyderabad Metro,17.38547154225722,78.4919131624076
FIR-INDIA-2026-01567,2026-02-20 10:32:00,THEFT,THEFT incident reported in Bengaluru City,Bengaluru City,False,Bengaluru City,12.982019593060487,77.60561194775921
FIR-INDIA-2023-01568,2023-08-04 10:03:00,CYBER,CYBER incident reported in Kolkata City,Kolkata City,False,Kolkata City,22.59253099762306,88.34732811533303
FIR-INDIA-2025-01569,2025-06-13 21:09:00,ASSAULT,ASSAULT incident reported in Kolkata City,Kolkata City,True,Kolkata City,22.578735831871125,88.36162408751883
FIR-INDIA-2026-01570,2026-05-19 05:40:00,BURGLARY,BURGLARY incident reported in Delhi NCR,Delhi NCR,False,Delhi NCR,28.64214199473103,77.21590741142622
FIR-INDIA-2024-01571,2024-07-29 10:24:00,THEFT,THEFT incident reported in Delhi NCR,Delhi NCR,True,Delhi NCR,28.625580591697464,77.22120680484781
FIR-INDIA-2026-01572,2026-02-21 21:29:00,THEFT,THEFT incident reported in Delhi NCR,Delhi NCR,True,Delhi NCR,28.602227795474988,77.23969801439796
FIR-INDIA-2025-01573,2025-07-18 11:02:00,ASSAULT,ASSAULT incident reported in Delhi NCR,Delhi NCR,False,Delhi NCR,28.58786463134268,77.19409823227707
FIR-INDIA-2024-01574,2024-04-06 07:36:00,BURGLARY,BURGLARY incident reported in Mumbai Metro,Mumbai Metro,True,Mumbai Metro,19.075374787063414,72.9157639291337
FIR-INDIA-2026-01575,2026-08-27 13:33:00,ROBBERY,ROBBERY incident reported in Bengaluru City,Bengaluru City,False,Bengaluru City,12.965524784644378,77.58815843643698
FIR-INDIA-2024-01576,2024-12-29 07:10:00,ASSAULT,ASSAULT incident reported in Hyderabad Metro,Hyderabad Metro,True,Hyderabad Metro,17.4009383741766,78.49474316599314
FIR-INDIA-2025-01577,2025-08-18 19:22:00,ASSAULT,ASSAULT incident reported in Mumbai Metro,Mumbai Metro,False,Mumbai Metro,19.063180440066482,72.87404763773465
FIR-INDIA-2024-01578,2024-08-28 06:07:00,BURGLARY,BURGLARY incident reported in Mumbai Metro,Mumbai Metro,True,Mumbai Metro,19.089547095951954,72.8633534591492
FIR-INDIA-2024-01579,2024-10-31 03:39:00,ROBBERY,ROBBERY incident reported in Delhi NCR,Delhi NCR,False,Delhi NCR,28.620162882202393,77.202341128384
FIR-INDIA-2026-01580,2026-03-02 04:29:00,ASSAULT,ASSAULT incident reported in Ahmedabad,Ahmedabad,False,Ahmedabad,23.026620096416565,72.53804322156965
FIR-INDIA-2023-01581,2023-11-13 22:30:00,THEFT,THEFT incident reported in Chennai Metro,Chennai Metro,False,Chennai Metro,13.071161807035518,80.28491550859687
FIR-INDIA-2023-01582,2023-02-11 05:02:00,THEFT,THEFT incident reported in Hyderabad Metro,Hyderabad Metro,False,Hyderabad Metro,17.412697295169327,78.47722584578145
FIR-INDIA-2024-01583,2024-09-08 06:52:00,THEFT,THEFT incident reported in Mumbai Metro,Mumbai Metro,True,Mumbai Metro,19.060542371023832,72.88661720341103
FIR-INDIA-2023-01584,2023-04-20 04:24:00,THEFT,THEFT incident reported in Delhi NCR,Delhi NCR,True,Delhi NCR,28.59889857439539,77.23661193841953
FIR-INDIA-2023-01585,2023-04-19 06:00:00,THEFT,THEFT incident reported in Chennai Metro,Chennai Metro,False,Chennai Metro,13.095086622145148,80.27174242685595
FIR-INDIA-2023-01586,2023-01-07 17:03:00,ROBBERY,ROBBERY incident reported in Delhi NCR,Delhi NCR,False,Delhi NCR,28.60976707858417,77.22145794476613
FIR-INDIA-2023-01587,2023-10-25 20:13:00,ROBBERY,ROBBERY incident reported in Kolkata City,Kolkata City,False,Kolkata City,22.581925112712348,88.39115683145779
FIR-INDIA-2026-01588,2026-08-26 21:00:00,THEFT,THEFT incident reported in Pune,Pune,False,Pune,18.506896403597583,73.86163388615444
FIR-INDIA-2024-01589,2024-03-17 10:00:00,THEFT,THEFT incident reported in Bengaluru City,Bengaluru City,False,Bengaluru City,12.967506918562082,77.60890790352386
FIR-INDIA-2024-01590,2024-11-06 08:58:00,THEFT,THEFT incident reported in Delhi NCR,Delhi NCR,False,Delhi NCR,28.612790371099184,77.21681122094229
FIR-INDIA-2024-01591,2024-03-24 04:59:00,ASSAULT,ASSAULT incident reported in Hyderabad Metro,Hyderabad Metro,False,Hyderabad Metro,17.378638364270465,78.50615929451158
FIR-INDIA-2023-01592,2023-09-18 09:57:00,OTHER,OTHER incident reported in Chennai Metro,Chennai Metro,False,Chennai Metro,13.080439761797255,80.30038590680275
FIR-INDIA-2026-01593,2026-03-16 04:27:00,THEFT,THEFT incident reported in Mumbai Metro,Mumbai Metro,False,Mumbai Metro,19.08424190390689,72.858649137641
FIR-INDIA-2025-01594,2025-06-30 00:06:00,THEFT,THEFT incident reported in Ahmedabad,Ahmedabad,False,Ahmedabad,23.023032491399128,72.57284059352244
FIR-INDIA-2025-01595,2025-09-16 12:34:00,ASSAULT,ASSAULT incident reported in Kolkata City,Kolkata City,False,Kolkata City,22.580299028187156,88.35045062196177
FIR-INDIA-2025-01596,2025-09-15 12:31:00,OTHER,OTHER incident reported in Mumbai Metro,Mumbai Metro,False,Mumbai Metro,19.078146111864413,72.84620135220031
FIR-INDIA-2024-01597,2024-02-08 19:19:00,THEFT,THEFT incident reported in Bengaluru City,Bengaluru City,False,Bengaluru City,12.955638766228551,77.5820702959142
FIR-INDIA-2023-01598,2023-05-29 02:45:00,THEFT,THEFT incident reported in Chennai Metro,Chennai Metro,True,Chennai Metro,13.076975227548035,80.27583901660269
FIR-INDIA-2025-01599,2025-05-24 20:39:00,BURGLARY,BURGLARY incident reported in Pune,Pune,False,Pune,18.519793812985398,73.83487837960067
FIR-INDIA-2026-01600,2026-02-13 22:26:00,ASSAULT,ASSAULT incident reported in Hyderabad Metro,Hyderabad Metro,False,Hyderabad Metro,17.40433944137329,78.514588155268
FIR-INDIA-2023-01601,2023-07-09 03:04:00,THEFT,THEFT incident reported in Delhi NCR,Delhi NCR,False,Delhi NCR,28.594068401387936,77.23203420525078
FIR-INDIA-2025-01602,2025-01-12 06:04:00,OTHER,OTHER incident reported in Bengaluru City,Bengaluru City,False,Bengaluru City,12.987621402993037,77.573682635509
FIR-INDIA-2024-01603,2024-12-03 09:16:00,THEFT,THEFT incident reported in Delhi NCR,Delhi NCR,False,Delhi NCR,28.613282536491305,77.23465522900958
FIR-INDIA-2026-01604,2026-04-03 12:08:00,ASSAULT,ASSAULT incident reported in Bengaluru City,Bengaluru City,False,Bengaluru City,12.975677314719338,77.56544858295487
FIR-INDIA-2025-01605,2025-03-26 00:11:00,THEFT,THEFT incident reported in Bengaluru City,Bengaluru City,True,Bengaluru City,12.970648055613244,77.594941310224
FIR-INDIA-2023-01606,2023-05-14 07:09:00,OTHER,OTHER incident reported in Chennai Metro,Chennai Metro,False,Chennai Metro,13.105802991450084,80.27893297032924
FIR-INDIA-2024-01607,2024-04-18 14:35:00,THEFT,THEFT incident reported in Hyderabad Metro,Hyderabad Metro,True,Hyderabad Metro,17.374331602344615,78.49327739088515
FIR-INDIA-2025-01608,2025-01-23 09:18:00,OTHER,OTHER incident reported in Mumbai Metro,Mumbai Metro,True,Mumbai Metro,19.077177402791147,72.87259002435937
FIR-INDIA-2026-01609,2026-04-05 00:44:00,THEFT,THEFT incident reported in Mumbai Metro,Mumbai Metro,False,Mumbai Metro,19.07862801519366,72.89446777928518
FIR-INDIA-2023-01610,2023-05-06 21:36:00,THEFT,THEFT incident reported in Delhi NCR,Delhi NCR,False,Delhi NCR,28.611411740277973,77.22874860474536
FIR-INDIA-2026-01611,2026-02-04 21:43:00,THEFT,THEFT incident reported in Bengaluru City,Bengaluru City,False,Bengaluru City,12.954752851819833,77.59456728711552
FIR-INDIA-2026-01612,2026-07-19 18:09:00,ASSAULT,ASSAULT incident reported in Pune,Pune,False,Pune,18.51097479493241,73.842249084928
FIR-INDIA-2024-01613,2024-10-23 18:37:00,BURGLARY,BURGLARY incident reported in Hyderabad Metro,Hyderabad Metro,False,Hyderabad Metro,17.38565332922241,78.49308211313651
FIR-INDIA-2025-01614,2025-11-07 08:47:00,THEFT,THEFT incident reported in Mumbai Metro,Mumbai Metro,False,Mumbai Metro,19.10647350530015,72.89545183008231
FIR-INDIA-2025-01615,2025-04-17 06:42:00,OTHER,OTHER incident reported in Ahmedabad,Ahmedabad,False,Ahmedabad,23.027781465850783,72.57121765579231
FIR-INDIA-2023-01616,2023-03-14 06:19:00,THEFT,THEFT incident reported in Bengaluru City,Bengaluru City,True,Bengaluru City,12.99227148915605,77.6121501469549
FIR-INDIA-2025-01617,2025-09-27 20:16:00,THEFT,THEFT incident reported in Bengaluru City,Bengaluru City,False,Bengaluru City,12.986600380782335,77.59826625012658
FIR-INDIA-2024-01618,2024-10-03 08:06:00,CYBER,CYBER incident reported in Pune,Pune,True,Pune,18.501555800204564,73.8531462586759
FIR-INDIA-2023-01619,2023-10-10 05:17:00,ASSAULT,ASSAULT incident reported in Delhi NCR,Delhi NCR,True,Delhi NCR,28.595861260148194,77.20768641371905
FIR-INDIA-2025-01620,2025-05-11 00:36:00,CYBER,CYBER incident reported in Bengaluru City,Bengaluru City,False,Bengaluru City,12.974296019557956,77.59686238423734
FIR-INDIA-2023-01621,2023-10-15 19:36:00,ASSAULT,ASSAULT incident reported in Delhi NCR,Delhi NCR,False,Delhi NCR,28.61752796985784,77.1983823462662
FIR-INDIA-2023-01622,2023-07-12 20:36:00,ASSAULT,ASSAULT incident reported in Mumbai Metro,Mumbai Metro,False,Mumbai Metro,19.059884618734856,72.87249932002237
FIR-INDIA-2025-01623,2025-02-28 13:46:00,THEFT,THEFT incident reported in Pune,Pune,False,Pune,18.550790202203128,73.83338099310706
FIR-INDIA-2024-01624,2024-03-10 03:49:00,CYBER,CYBER incident reported in Chennai Metro,Chennai Metro,False,Chennai Metro,13.086068066930629,80.27196690453599
FIR-INDIA-2026-01625,2026-04-16 01:03:00,ASSAULT,ASSAULT incident reported in Delhi NCR,Delhi NCR,False,Delhi NCR,28.61359668579493,77.19498894204465
FIR-INDIA-2026-01626,2026-05-04 01:54:00,THEFT,THEFT incident reported in Mumbai Metro,Mumbai Metro,False,Mumbai Metro,19.056804071808017,72.8888209573573
FIR-INDIA-2024-01627,2024-03-14 16:18:00,THEFT,THEFT incident reported in Mumbai Metro,Mumbai Metro,False,Mumbai Metro,19.07538772284443,72.86936399720246
FIR-INDIA-2025-01628,2025-11-27 19:00:00,ASSAULT,ASSAULT incident reported in Bengaluru City,Bengaluru City,False,Bengaluru City,12.981984145661905,77.5865926058454
FIR-INDIA-2025-01629,2025-07-30 15:00:00,THEFT,THEFT incident reported in Hyderabad Metro,Hyderabad Metro,False,Hyderabad Metro,17.397523892654952,78.49362832088842
FIR-INDIA-2023-01630,2023-02-07 15:35:00,THEFT,THEFT incident reported in Mumbai Metro,Mumbai Metro,False,Mumbai Metro,19.089782449727604,72.84526036043161
FIR-INDIA-2026-01631,2026-08-21 23:23:00,BURGLARY,BURGLARY incident reported in Ahmedabad,Ahmedabad,False,Ahmedabad,23.042107528232712,72.59103993528572
FIR-INDIA-2026-01632,2026-02-06 13:39:00,THEFT,THEFT incident reported in Hyderabad Metro,Hyderabad Metro,False,Hyderabad Metro,17.39930187519355,78.50669597852664
FIR-INDIA-2024-01633,2024-08-14 07:04:00,THEFT,THEFT incident reported in Ahmedabad,Ahmedabad,False,Ahmedabad,23.062974963552158,72.5933258708347
FIR-INDIA-2024-01634,2024-07-20 14:37:00,BURGLARY,BURGLARY incident reported in Pune,Pune,True,Pune,18.514653173655915,73.86728491384817
FIR-INDIA-2023-01635,2023-03-08 06:23:00,ASSAULT,ASSAULT incident reported in Hyderabad Metro,Hyderabad Metro,False,Hyderabad Metro,17.368403783549546,78.47825220917065
FIR-INDIA-2023-01636,2023-07-07 17:45:00,ASSAULT,ASSAULT incident reported in Delhi NCR,Delhi NCR,False,Delhi NCR,28.647036389447134,77.200902787647
FIR-INDIA-2026-01637,2026-05-18 10:42:00,ASSAULT,ASSAULT incident reported in Hyderabad Metro,Hyderabad Metro,True,Hyderabad Metro,17.377335514544285,78.47566639746307
FIR-INDIA-2024-01638,2024-04-01 14:24:00,THEFT,THEFT incident reported in Hyderabad Metro,Hyderabad Metro,False,Hyderabad Metro,17.37209994626127,78.4662964505687
FIR-INDIA-2023-01639,2023-06-27 06:32:00,THEFT,THEFT incident reported in Bengaluru City,Bengaluru City,False,Bengaluru City,12.987927397326919,77.6002403502251
FIR-INDIA-2025-01640,2025-03-09 12:53:00,THEFT,THEFT incident reported in Delhi NCR,Delhi NCR,True,Delhi NCR,28.598073518759673,77.23216202958243
FIR-INDIA-2025-01641,2025-12-24 13:20:00,THEFT,THEFT incident reported in Chennai Metro,Chennai Metro,True,Chennai Metro,13.074596558271505,80.2517859604122
FIR-INDIA-2025-01642,2025-02-07 16:11:00,BURGLARY,BURGLARY incident reported in Hyderabad Metro,Hyderabad Metro,False,Hyderabad Metro,17.385707076252423,78.48963928190079
FIR-INDIA-2024-01643,2024-08-11 12:46:00,THEFT,THEFT incident reported in Kolkata City,Kolkata City,False,Kolkata City,22.561844769024916,88.38016484418921
FIR-INDIA-2025-01644,2025-05-16 04:38:00,CYBER,CYBER incident reported in Chennai Metro,Chennai Metro,False,Chennai Metro,13.085822318027994,80.27756324938676
FIR-INDIA-2024-01645,2024-09-16 09:21:00,ASSAULT,ASSAULT incident reported in Kolkata City,Kolkata City,False,Kolkata City,22.60793023639096,88.3471779967442
FIR-INDIA-2023-01646,2023-09-29 13:52:00,BURGLARY,BURGLARY incident reported in Mumbai Metro,Mumbai Metro,True,Mumbai Metro,19.080982951548776,72.87781029159332
FIR-INDIA-2025-01647,2025-07-06 02:18:00,BURGLARY,BURGLARY incident reported in Kolkata City,Kolkata City,False,Kolkata City,22.5494475768676,88.35223356665009
FIR-INDIA-2026-01648,2026-02-17 13:30:00,BURGLARY,BURGLARY incident reported in Delhi NCR,Delhi NCR,False,Delhi NCR,28.61271513417902,77.18986650804874
FIR-INDIA-2023-01649,2023-11-01 21:25:00,ROBBERY,ROBBERY incident reported in Hyderabad Metro,Hyderabad Metro,False,Hyderabad Metro,17.383464821862344,78.4997378723178
FIR-INDIA-2026-01650,2026-03-01 15:22:00,THEFT,THEFT incident reported in Kolkata City,Kolkata City,False,Kolkata City,22.583913547548025,88.35921821321372
FIR-INDIA-2023-01651,2023-06-29 06:44:00,THEFT,THEFT incident reported in Pune,Pune,False,Pune,18.519061850582602,73.87761601099139
FIR-INDIA-2025-01652,2025-08-28 00:08:00,THEFT,THEFT incident reported in Hyderabad Metro,Hyderabad Metro,True,Hyderabad Metro,17.366443586982793,78.46235616475836
FIR-INDIA-2023-01653,2023-06-02 23:39:00,ROBBERY,ROBBERY incident reported in Chennai Metro,Chennai Metro,False,Chennai Metro,13.063115599229755,80.27191305105636
FIR-INDIA-2024-01654,2024-01-06 04:18:00,ROBBERY,ROBBERY incident reported in Kolkata City,Kolkata City,False,Kolkata City,22.582019325514022,88.37200795203975
FIR-INDIA-2023-01655,2023-03-27 19:54:00,CYBER,CYBER incident reported in Hyderabad Metro,Hyderabad Metro,False,Hyderabad Metro,17.382340492390227,78.49364712613668
FIR-INDIA-2025-01656,2025-12-22 10:14:00,OTHER,OTHER incident reported in Bengaluru City,Bengaluru City,True,Bengaluru City,12.96839061552613,77.60357336478764
FIR-INDIA-2025-01657,2025-01-13 06:02:00,THEFT,THEFT incident reported in Mumbai Metro,Mumbai Metro,False,Mumbai Metro,19.096616525822984,72.8838747515257
FIR-INDIA-2025-01658,2025-07-22 02:23:00,THEFT,THEFT incident reported in Mumbai Metro,Mumbai Metro,False,Mumbai Metro,19.060902381981116,72.82943838998148
FIR-INDIA-2025-01659,2025-12-20 23:47:00,BURGLARY,BURGLARY incident reported in Delhi NCR,Delhi NCR,True,Delhi NCR,28.622914582507796,77.18563807467375
FIR-INDIA-2025-01660,2025-07-06 07:34:00,ASSAULT,ASSAULT incident reported in Kolkata City,Kolkata City,False,Kolkata City,22.546082926424294,88.36655122153799
FIR-INDIA-2024-01661,2024-05-19 12:58:00,ASSAULT,ASSAULT incident reported in Chennai Metro,Chennai Metro,False,Chennai Metro,13.102553840774384,80.2932626961635
FIR-INDIA-2024-01662,2024-05-14 12:53:00,ROBBERY,ROBBERY incident reported in Mumbai Metro,Mumbai Metro,False,Mumbai Metro,19.06992901398377,72.87978204710727
FIR-INDIA-2025-01663,2025-09-15 06:20:00,ASSAULT,ASSAULT incident reported in Pune,Pune,False,Pune,18.526931700217883,73.84595430170025
FIR-INDIA-2026-01664,2026-03-01 18:19:00,CYBER,CYBER incident reported in Mumbai Metro,Mumbai Metro,False,Mumbai Metro,19.068931183891102,72.88423459847597
FIR-INDIA-2023-01665,2023-12-10 21:49:00,ASSAULT,ASSAULT incident reported in Chennai Metro,Chennai Metro,False,Chennai Metro,13.08215211725632,80.27851210614656
FIR-INDIA-2025-01666,2025-02-05 06:45:00,BURGLARY,BURGLARY incident reported in Delhi NCR,Delhi NCR,True,Delhi NCR,28.58467472431945,77.20597778204062
FIR-INDIA-2024-01667,2024-05-15 05:23:00,THEFT,THEFT incident reported in Kolkata City,Kolkata City,False,Kolkata City,22.593812469519634,88.38336408095121
FIR-INDIA-2024-01668,2024-05-06 15:56:00,ASSAULT,ASSAULT incident reported in Chennai Metro,Chennai Metro,True,Chennai Metro,13.069245796611384,80.27459034202417
FIR-INDIA-2023-01669,2023-02-06 03:57:00,BURGLARY,BURGLARY incident reported in Hyderabad Metro,Hyderabad Metro,False,Hyderabad Metro,17.3678606576457,78.49405582160277
FIR-INDIA-2023-01670,2023-11-21 13:22:00,ROBBERY,ROBBERY incident reported in Mumbai Metro,Mumbai Metro,False,Mumbai Metro,19.1006004572512,72.86159541702538
FIR-INDIA-2023-01671,2023-02-14 05:31:00,ROBBERY,ROBBERY incident reported in Hyderabad Metro,Hyderabad Metro,False,Hyderabad Metro,17.365430199156556,78.51637513817536
FIR-INDIA-2025-01672,2025-03-02 11:27:00,ASSAULT,ASSAULT incident reported in Delhi NCR,Delhi NCR,False,Delhi NCR,28.624082028116177,77.22754749797912
FIR-INDIA-2025-01673,2025-09-13 00:27:00,BURGLARY,BURGLARY incident reported in Bengaluru City,Bengaluru City,True,Bengaluru City,12.949043585060247,77.60426709713649
FIR-INDIA-2025-01674,2025-03-22 01:44:00,BURGLARY,BURGLARY incident reported in Mumbai Metro,Mumbai Metro,True,Mumbai Metro,19.06991377729606,72.86948153763169
FIR-INDIA-2024-01675,2024-07-09 11:09:00,BURGLARY,BURGLARY incident reported in Kolkata City,Kolkata City,True,Kolkata City,22.575869478660646,88.37976773913189
FIR-INDIA-2025-01676,2025-08-18 12:34:00,THEFT,THEFT incident reported in Pune,Pune,False,Pune,18.520712125037086,73.86074981642396
FIR-INDIA-2025-01677,2025-01-11 08:51:00,ASSAULT,ASSAULT incident reported in Bengaluru City,Bengaluru City,False,Bengaluru City,12.977341897289863,77.58734318613465
FIR-INDIA-2025-01678,2025-06-01 00:35:00,BURGLARY,BURGLARY incident reported in Pune,Pune,False,Pune,18.515013501199295,73.88696343462375
FIR-INDIA-2024-01679,2024-12-09 14:56:00,ROBBERY,ROBBERY incident reported in Hyderabad Metro,Hyderabad Metro,False,Hyderabad Metro,17.379329206541446,78.5157927860946
FIR-INDIA-2026-01680,2026-05-12 00:10:00,THEFT,THEFT incident reported in Ahmedabad,Ahmedabad,False,Ahmedabad,23.02560845885345,72.5674180436433
FIR-INDIA-2023-01681,2023-01-30 23:26:00,THEFT,THEFT incident reported in Hyderabad Metro,Hyderabad Metro,False,Hyderabad Metro,17.395477766631906,78.49897195013499
FIR-INDIA-2023-01682,2023-09-16 03:32:00,THEFT,THEFT incident reported in Bengaluru City,Bengaluru City,False,Bengaluru City,12.975778294784329,77.61933892409691
FIR-INDIA-2026-01683,2026-02-01 18:48:00,THEFT,THEFT incident reported in Kolkata City,Kolkata City,False,Kolkata City,22.570997424048773,88.37266899689385
FIR-INDIA-2023-01684,2023-03-05 11:44:00,THEFT,THEFT incident reported in Bengaluru City,Bengaluru City,True,Bengaluru City,12.964430749168082,77.60533644552257
FIR-INDIA-2024-01685,2024-03-14 17:46:00,THEFT,THEFT incident reported in Kolkata City,Kolkata City,False,Kolkata City,22.54787034270597,88.3660983880228
FIR-INDIA-2024-01686,2024-09-29 19:23:00,THEFT,THEFT incident reported in Mumbai Metro,Mumbai Metro,False,Mumbai Metro,19.083099394915397,72.90418377334449
FIR-INDIA-2025-01687,2025-07-18 00:34:00,THEFT,THEFT incident reported in Bengaluru City,Bengaluru City,False,Bengaluru City,13.014887959781722,77.58990651688728
FIR-INDIA-2023-01688,2023-05-14 21:35:00,ROBBERY,ROBBERY incident reported in Mumbai Metro,Mumbai Metro,False,Mumbai Metro,19.0904942497251,72.88431752132936
FIR-INDIA-2025-01689,2025-04-09 12:01:00,ASSAULT,ASSAULT incident reported in Kolkata City,Kolkata City,True,Kolkata City,22.58179180117499,88.34512617588811
FIR-INDIA-2023-01690,2023-05-17 00:09:00,ROBBERY,ROBBERY incident reported in Mumbai Metro,Mumbai Metro,False,Mumbai Metro,19.098648872558897,72.88000268071218
FIR-INDIA-2025-01691,2025-05-16 04:48:00,THEFT,THEFT incident reported in Chennai Metro,Chennai Metro,False,Chennai Metro,13.093707978361447,80.2803902286503
FIR-INDIA-2025-01692,2025-02-09 18:40:00,THEFT,THEFT incident reported in Hyderabad Metro,Hyderabad Metro,False,Hyderabad Metro,17.40206320904879,78.4945043206279
FIR-INDIA-2024-01693,2024-05-14 08:28:00,THEFT,THEFT incident reported in Mumbai Metro,Mumbai Metro,False,Mumbai Metro,19.080937339810077,72.88602704351494
FIR-INDIA-2024-01694,2024-10-21 05:06:00,THEFT,THEFT incident reported in Mumbai Metro,Mumbai Metro,True,Mumbai Metro,19.058800132091722,72.8835038721224
FIR-INDIA-2025-01695,2025-02-05 20:26:00,THEFT,THEFT incident reported in Bengaluru City,Bengaluru City,False,Bengaluru City,12.974961804164785,77.60638894446873
FIR-INDIA-2024-01696,2024-11-19 17:52:00,THEFT,THEFT incident reported in Mumbai Metro,Mumbai Metro,False,Mumbai Metro,19.08175536600143,72.89620267039867
FIR-INDIA-2024-01697,2024-04-13 17:20:00,BURGLARY,BURGLARY incident reported in Mumbai Metro,Mumbai Metro,False,Mumbai Metro,19.09306408803286,72.89334837459816
FIR-INDIA-2023-01698,2023-05-02 02:07:00,OTHER,OTHER incident reported in Mumbai Metro,Mumbai Metro,True,Mumbai Metro,19.080445358889364,72.87537792907558
FIR-INDIA-2024-01699,2024-04-26 14:28:00,CYBER,CYBER incident reported in Kolkata City,Kolkata City,False,Kolkata City,22.57927319189751,88.3454976600704
FIR-INDIA-2024-01700,2024-01-29 21:22:00,ROBBERY,ROBBERY incident reported in Delhi NCR,Delhi NCR,False,Delhi NCR,28.58739120071786,77.19534380247462
FIR-INDIA-2023-01701,2023-08-17 09:20:00,BURGLARY,BURGLARY incident reported in Chennai Metro,Chennai Metro,False,Chennai Metro,13.091671918429697,80.27839161768591
FIR-INDIA-2024-01702,2024-12-18 12:13:00,BURGLARY,BURGLARY incident reported in Ahmedabad,Ahmedabad,True,Ahmedabad,23.02657844793106,72.56780517220234
FIR-INDIA-2025-01703,2025-02-14 09:56:00,THEFT,THEFT incident reported in Chennai Metro,Chennai Metro,False,Chennai Metro,13.084141878082413,80.28463680430964
FIR-INDIA-2025-01704,2025-03-21 21:06:00,THEFT,THEFT incident reported in Chennai Metro,Chennai Metro,True,Chennai Metro,13.062996086088841,80.28332401013313
FIR-INDIA-2024-01705,2024-08-07 20:03:00,BURGLARY,BURGLARY incident reported in Delhi NCR,Delhi NCR,False,Delhi NCR,28.60004846858334,77.21254270354314
FIR-INDIA-2026-01706,2026-06-30 00:00:00,ROBBERY,ROBBERY incident reported in Bengaluru City,Bengaluru City,False,Bengaluru City,12.953891524320134,77.59827270052243
FIR-INDIA-2025-01707,2025-07-31 02:41:00,THEFT,THEFT incident reported in Mumbai Metro,Mumbai Metro,False,Mumbai Metro,19.063731512007845,72.87884066728012
FIR-INDIA-2023-01708,2023-07-06 10:23:00,ROBBERY,ROBBERY incident reported in Kolkata City,Kolkata City,True,Kolkata City,22.586288931373925,88.38998493162836
FIR-INDIA-2023-01709,2023-02-23 09:43:00,THEFT,THEFT incident reported in Delhi NCR,Delhi NCR,False,Delhi NCR,28.607471743749773,77.20566014439261
FIR-INDIA-2024-01710,2024-04-11 10:57:00,THEFT,THEFT incident reported in Bengaluru City,Bengaluru City,False,Bengaluru City,12.986859918357528,77.607993803033
FIR-INDIA-2023-01711,2023-03-27 14:11:00,BURGLARY,BURGLARY incident reported in Hyderabad Metro,Hyderabad Metro,True,Hyderabad Metro,17.40011157287085,78.47043517175182
FIR-INDIA-2023-01712,2023-01-13 11:58:00,ASSAULT,ASSAULT incident reported in Mumbai Metro,Mumbai Metro,False,Mumbai Metro,19.060487740695798,72.88562892826836
FIR-INDIA-2023-01713,2023-06-20 03:48:00,THEFT,THEFT incident reported in Mumbai Metro,Mumbai Metro,False,Mumbai Metro,19.093666357985832,72.88186980135056
FIR-INDIA-2025-01714,2025-03-11 21:26:00,ROBBERY,ROBBERY incident reported in Mumbai Metro,Mumbai Metro,False,Mumbai Metro,19.07145893951752,72.8674334711185
FIR-INDIA-2026-01715,2026-08-14 06:18:00,OTHER,OTHER incident reported in Kolkata City,Kolkata City,False,Kolkata City,22.56877677775053,88.36449516500385
FIR-INDIA-2026-01716,2026-07-13 14:50:00,CYBER,CYBER incident reported in Chennai Metro,Chennai Metro,False,Chennai Metro,13.08902261231501,80.26593701016758
FIR-INDIA-2026-01717,2026-03-18 00:50:00,THEFT,THEFT incident reported in Bengaluru City,Bengaluru City,False,Bengaluru City,12.953550930971714,77.57449772827728
FIR-INDIA-2024-01718,2024-02-02 04:10:00,ASSAULT,ASSAULT incident reported in Delhi NCR,Delhi NCR,False,Delhi NCR,28.604885730617834,77.24158543966907
FIR-INDIA-2023-01719,2023-12-30 08:55:00,THEFT,THEFT incident reported in Bengaluru City,Bengaluru City,False,Bengaluru City,12.983058939255452,77.58854498110193
FIR-INDIA-2026-01720,2026-05-02 19:30:00,OTHER,OTHER incident reported in Pune,Pune,False,Pune,18.499701934688495,73.8665149901239
FIR-INDIA-2026-01721,2026-01-11 17:27:00,OTHER,OTHER incident reported in Pune,Pune,False,Pune,18.529515676088536,73.87192976653047
FIR-INDIA-2026-01722,2026-06-01 13:05:00,BURGLARY,BURGLARY incident reported in Delhi NCR,Delhi NCR,False,Delhi NCR,28.620326536683574,77.20472461666425
FIR-INDIA-2025-01723,2025-05-13 02:54:00,ASSAULT,ASSAULT incident reported in Delhi NCR,Delhi NCR,False,Delhi NCR,28.624530333408362,77.20220830581779
FIR-INDIA-2026-01724,2026-04-20 02:04:00,THEFT,THEFT incident reported in Delhi NCR,Delhi NCR,False,Delhi NCR,28.62538242757586,77.23317076155689
FIR-INDIA-2024-01725,2024-12-09 04:31:00,ASSAULT,ASSAULT incident reported in Chennai Metro,Chennai Metro,False,Chennai Metro,13.121909227790134,80.27206902502853
FIR-INDIA-2024-01726,2024-01-16 08:57:00,THEFT,THEFT incident reported in Hyderabad Metro,Hyderabad Metro,False,Hyderabad Metro,17.375987164045586,78.50876712403381
FIR-INDIA-2024-01727,2024-07-05 07:33:00,THEFT,THEFT incident reported in Bengaluru City,Bengaluru City,False,Bengaluru City,12.988895968207437,77.58470042623011
FIR-INDIA-2026-01728,2026-08-01 08:46:00,THEFT,THEFT incident reported in Chennai Metro,Chennai Metro,True,Chennai Metro,13.080442595239376,80.28229671703052
FIR-INDIA-2024-01729,2024-12-05 03:43:00,THEFT,THEFT incident reported in Delhi NCR,Delhi NCR,False,Delhi NCR,28.61074156244194,77.17906405096728
FIR-INDIA-2025-01730,2025-06-14 03:23:00,BURGLARY,BURGLARY incident reported in Delhi NCR,Delhi NCR,True,Delhi NCR,28.632196728796607,77.19986115486557
FIR-INDIA-2026-01731,2026-06-29 01:13:00,THEFT,THEFT incident reported in Pune,Pune,False,Pune,18.51124572984223,73.83815599127443
FIR-INDIA-2023-01732,2023-04-06 15:58:00,BURGLARY,BURGLARY incident reported in Mumbai Metro,Mumbai Metro,False,Mumbai Metro,19.099488202795577,72.8920501904192
FIR-INDIA-2024-01733,2024-06-17 02:55:00,THEFT,THEFT incident reported in Bengaluru City,Bengaluru City,False,Bengaluru City,12.950502872633825,77.57555051859865
FIR-INDIA-2026-01734,2026-06-20 07:58:00,THEFT,THEFT incident reported in Bengaluru City,Bengaluru City,False,Bengaluru City,12.964603652749735,77.60223803078681
FIR-INDIA-2023-01735,2023-12-26 18:36:00,ASSAULT,ASSAULT incident reported in Ahmedabad,Ahmedabad,False,Ahmedabad,23.026353544530455,72.55589532114766
FIR-INDIA-2026-01736,2026-04-13 09:09:00,ROBBERY,ROBBERY incident reported in Pune,Pune,False,Pune,18.524710978357383,73.84079116287259
FIR-INDIA-2023-01737,2023-03-12 10:36:00,THEFT,THEFT incident reported in Pune,Pune,False,Pune,18.5098052587504,73.84082286555562
FIR-INDIA-2023-01738,2023-05-02 12:25:00,THEFT,THEFT incident reported in Pune,Pune,False,Pune,18.553165072518713,73.87392190760502
FIR-INDIA-2024-01739,2024-06-20 15:31:00,BURGLARY,BURGLARY incident reported in Delhi NCR,Delhi NCR,True,Delhi NCR,28.6399488015043,77.1908019535382
FIR-INDIA-2026-01740,2026-01-25 17:09:00,ROBBERY,ROBBERY incident reported in Bengaluru City,Bengaluru City,True,Bengaluru City,12.959678417525605,77.59588299983056
FIR-INDIA-2023-01741,2023-08-07 18:02:00,ROBBERY,ROBBERY incident reported in Kolkata City,Kolkata City,True,Kolkata City,22.5831088943133,88.37559650448448
FIR-INDIA-2025-01742,2025-01-12 11:28:00,THEFT,THEFT incident reported in Mumbai Metro,Mumbai Metro,False,Mumbai Metro,19.062995477080026,72.88851047859038
FIR-INDIA-2023-01743,2023-04-23 21:11:00,BURGLARY,BURGLARY incident reported in Bengaluru City,Bengaluru City,True,Bengaluru City,12.977112632628796,77.57792921169062
FIR-INDIA-2023-01744,2023-11-19 06:45:00,THEFT,THEFT incident reported in Mumbai Metro,Mumbai Metro,False,Mumbai Metro,19.062810852655534,72.88206281356338
FIR-INDIA-2025-01745,2025-09-09 01:36:00,BURGLARY,BURGLARY incident reported in Bengaluru City,Bengaluru City,False,Bengaluru City,12.985801814064892,77.61636490830499
FIR-INDIA-2026-01746,2026-02-12 20:12:00,THEFT,THEFT incident reported in Kolkata City,Kolkata City,False,Kolkata City,22.57614131052007,88.38227344749264
FIR-INDIA-2023-01747,2023-09-21 20:03:00,CYBER,CYBER incident reported in Chennai Metro,Chennai Metro,False,Chennai Metro,13.063425225491343,80.27800441263106
FIR-INDIA-2024-01748,2024-03-22 10:05:00,ROBBERY,ROBBERY incident reported in Mumbai Metro,Mumbai Metro,False,Mumbai Metro,19.094690265527085,72.87851693806633
FIR-INDIA-2023-01749,2023-01-02 19:18:00,THEFT,THEFT incident reported in Bengaluru City,Bengaluru City,True,Bengaluru City,12.965850426329611,77.60847208523745
FIR-INDIA-2023-01750,2023-05-19 11:53:00,ROBBERY,ROBBERY incident reported in Delhi NCR,Delhi NCR,True,Delhi NCR,28.61578055378795,77.20413076030724
FIR-INDIA-2024-01751,2024-12-31 19:18:00,THEFT,THEFT incident reported in Chennai Metro,Chennai Metro,False,Chennai Metro,13.098792906429152,80.26164444744477
FIR-INDIA-2024-01752,2024-07-16 04:23:00,THEFT,THEFT incident reported in Delhi NCR,Delhi NCR,False,Delhi NCR,28.604164336903526,77.21755455453942
FIR-INDIA-2025-01753,2025-06-04 03:15:00,ASSAULT,ASSAULT incident reported in Kolkata City,Kolkata City,False,Kolkata City,22.58256601966592,88.34309272963506
FIR-INDIA-2024-01754,2024-03-15 02:43:00,ROBBERY,ROBBERY incident reported in Hyderabad Metro,Hyderabad Metro,False,Hyderabad Metro,17.384984415698142,78.49186098703898
FIR-INDIA-2024-01755,2024-09-26 00:26:00,ROBBERY,ROBBERY incident reported in Delhi NCR,Delhi NCR,False,Delhi NCR,28.60187956442722,77.1944904935493
FIR-INDIA-2025-01756,2025-03-26 15:40:00,ASSAULT,ASSAULT incident reported in Mumbai Metro,Mumbai Metro,False,Mumbai Metro,19.079001450374644,72.87831275862531
FIR-INDIA-2025-01757,2025-05-21 01:31:00,THEFT,THEFT incident reported in Kolkata City,Kolkata City,False,Kolkata City,22.550165147995948,88.33291424765638
FIR-INDIA-2024-01758,2024-01-08 12:27:00,ROBBERY,ROBBERY incident reported in Bengaluru City,Bengaluru City,True,Bengaluru City,12.985331177502806,77.5799690785556
FIR-INDIA-2026-01759,2026-07-09 03:30:00,THEFT,THEFT incident reported in Delhi NCR,Delhi NCR,False,Delhi NCR,28.620378369172524,77.20183982289969
FIR-INDIA-2024-01760,2024-10-09 11:23:00,ROBBERY,ROBBERY incident reported in Bengaluru City,Bengaluru City,False,Bengaluru City,12.986903185055885,77.59157293190195
FIR-INDIA-2024-01761,2024-11-25 14:45:00,THEFT,THEFT incident reported in Hyderabad Metro,Hyderabad Metro,False,Hyderabad Metro,17.372441590568144,78.48924287541529
FIR-INDIA-2023-01762,2023-07-16 17:25:00,THEFT,THEFT incident reported in Kolkata City,Kolkata City,True,Kolkata City,22.597269736861644,88.35671010177629
FIR-INDIA-2023-01763,2023-04-05 15:26:00,THEFT,THEFT incident reported in Pune,Pune,False,Pune,18.52791099404244,73.86285413087016
FIR-INDIA-2026-01764,2026-06-13 02:07:00,ASSAULT,ASSAULT incident reported in Kolkata City,Kolkata City,False,Kolkata City,22.552748227676386,88.39522542755564
FIR-INDIA-2024-01765,2024-03-14 15:41:00,CYBER,CYBER incident reported in Chennai Metro,Chennai Metro,False,Chennai Metro,13.088522441948673,80.25237927115876
FIR-INDIA-2024-01766,2024-06-21 20:27:00,CYBER,CYBER incident reported in Delhi NCR,Delhi NCR,False,Delhi NCR,28.613516046804282,77.22262102274344
FIR-INDIA-2024-01767,2024-12-24 01:09:00,THEFT,THEFT incident reported in Pune,Pune,False,Pune,18.52141036392943,73.86079079462642
FIR-INDIA-2026-01768,2026-03-06 02:48:00,ROBBERY,ROBBERY incident reported in Bengaluru City,Bengaluru City,False,Bengaluru City,12.985349665616678,77.59085795912375
FIR-INDIA-2023-01769,2023-05-15 21:05:00,BURGLARY,BURGLARY incident reported in Hyderabad Metro,Hyderabad Metro,False,Hyderabad Metro,17.373701337692914,78.48558232888931
FIR-INDIA-2025-01770,2025-07-17 14:50:00,ASSAULT,ASSAULT incident reported in Mumbai Metro,Mumbai Metro,False,Mumbai Metro,19.067348501238744,72.8520491595892
FIR-INDIA-2025-01771,2025-08-08 10:09:00,ASSAULT,ASSAULT incident reported in Hyderabad Metro,Hyderabad Metro,True,Hyderabad Metro,17.368979729974015,78.51047796515695
FIR-INDIA-2025-01772,2025-03-13 12:49:00,THEFT,THEFT incident reported in Hyderabad Metro,Hyderabad Metro,True,Hyderabad Metro,17.398975693906294,78.45884133280687
FIR-INDIA-2025-01773,2025-09-27 17:50:00,ASSAULT,ASSAULT incident reported in Delhi NCR,Delhi NCR,True,Delhi NCR,28.616281857668024,77.24693081618
FIR-INDIA-2025-01774,2025-01-27 16:03:00,BURGLARY,BURGLARY incident reported in Hyderabad Metro,Hyderabad Metro,True,Hyderabad Metro,17.3659086883267,78.45810993181468
FIR-INDIA-2024-01775,2024-02-18 13:43:00,THEFT,THEFT incident reported in Ahmedabad,Ahmedabad,False,Ahmedabad,23.013033287389487,72.56861929723745
FIR-INDIA-2024-01776,2024-02-20 04:29:00,THEFT,THEFT incident reported in Kolkata City,Kolkata City,False,Kolkata City,22.560674326271922,88.33130728025459
FIR-INDIA-2025-01777,2025-04-05 06:25:00,THEFT,THEFT incident reported in Bengaluru City,Bengaluru City,False,Bengaluru City,12.969846337145801,77.62382811035552
FIR-INDIA-2023-01778,2023-06-28 17:10:00,BURGLARY,BURGLARY incident reported in Delhi NCR,Delhi NCR,True,Delhi NCR,28.615944024506696,77.19995458576973
FIR-INDIA-2023-01779,2023-12-27 17:03:00,THEFT,THEFT incident reported in Ahmedabad,Ahmedabad,False,Ahmedabad,23.022967134667432,72.5614989766169
FIR-INDIA-2024-01780,2024-12-30 12:49:00,ASSAULT,ASSAULT incident reported in Chennai Metro,Chennai Metro,False,Chennai Metro,13.068040106280833,80.2989359002293
FIR-INDIA-2025-01781,2025-06-19 18:20:00,ROBBERY,ROBBERY incident reported in Hyderabad Metro,Hyderabad Metro,True,Hyderabad Metro,17.38226548554753,78.481745768654
FIR-INDIA-2026-01782,2026-08-26 03:34:00,THEFT,THEFT incident reported in Pune,Pune,True,Pune,18.515517865253127,73.8582044689817
FIR-INDIA-2025-01783,2025-03-30 04:00:00,ROBBERY,ROBBERY incident reported in Chennai Metro,Chennai Metro,False,Chennai Metro,13.098840726284621,80.26735708575478
FIR-INDIA-2025-01784,2025-10-13 08:07:00,BURGLARY,BURGLARY incident reported in Delhi NCR,Delhi NCR,False,Delhi NCR,28.61189282290329,77.18956106951268
FIR-INDIA-2026-01785,2026-02-27 17:38:00,OTHER,OTHER incident reported in Mumbai Metro,Mumbai Metro,False,Mumbai Metro,19.075022647691142,72.88890371107111
FIR-INDIA-2025-01786,2025-08-02 16:56:00,ROBBERY,ROBBERY incident reported in Bengaluru City,Bengaluru City,False,Bengaluru City,12.944694915776404,77.60290202940625
FIR-INDIA-2025-01787,2025-11-26 18:46:00,CYBER,CYBER incident reported in Bengaluru City,Bengaluru City,False,Bengaluru City,12.954838512702315,77.59790331288052
FIR-INDIA-2023-01788,2023-05-08 23:20:00,THEFT,THEFT incident reported in Hyderabad Metro,Hyderabad Metro,False,Hyderabad Metro,17.376862799356186,78.49142045983378
FIR-INDIA-2025-01789,2025-03-02 07:15:00,THEFT,THEFT incident reported in Chennai Metro,Chennai Metro,False,Chennai Metro,13.07936071761596,80.27713493093762
FIR-INDIA-2024-01790,2024-03-26 09:41:00,ROBBERY,ROBBERY incident reported in Hyderabad Metro,Hyderabad Metro,True,Hyderabad Metro,17.403409364611136,78.47363553469381
FIR-INDIA-2026-01791,2026-01-29 07:55:00,ASSAULT,ASSAULT incident reported in Delhi NCR,Delhi NCR,True,Delhi NCR,28.62845290040917,77.22987121676061
FIR-INDIA-2023-01792,2023-11-22 04:48:00,ASSAULT,ASSAULT incident reported in Ahmedabad,Ahmedabad,True,Ahmedabad,23.01793607936093,72.57528514952345
FIR-INDIA-2024-01793,2024-03-29 10:22:00,ASSAULT,ASSAULT incident reported in Bengaluru City,Bengaluru City,False,Bengaluru City,12.998893478620243,77.59002336389162
FIR-INDIA-2023-01794,2023-11-09 07:25:00,THEFT,THEFT incident reported in Delhi NCR,Delhi NCR,False,Delhi NCR,28.622267125605553,77.21264486950777
FIR-INDIA-2023-01795,2023-08-22 07:53:00,ASSAULT,ASSAULT incident reported in Kolkata City,Kolkata City,False,Kolkata City,22.564543308285565,88.3658499626007
FIR-INDIA-2024-01796,2024-08-21 21:28:00,THEFT,THEFT incident reported in Hyderabad Metro,Hyderabad Metro,False,Hyderabad Metro,17.400356315638827,78.47755603401556
FIR-INDIA-2024-01797,2024-08-19 13:41:00,CYBER,CYBER incident reported in Hyderabad Metro,Hyderabad Metro,False,Hyderabad Metro,17.386538311411037,78.48937618784396
FIR-INDIA-2025-01798,2025-01-23 01:35:00,OTHER,OTHER incident reported in Bengaluru City,Bengaluru City,False,Bengaluru City,12.971001808262887,77.5876810744295
FIR-INDIA-2025-01799,2025-01-10 05:57:00,THEFT,THEFT incident reported in Delhi NCR,Delhi NCR,False,Delhi NCR,28.626684138607196,77.21697635333963
FIR-INDIA-2023-01800,2023-11-06 14:34:00,THEFT,THEFT incident reported in Bengaluru City,Bengaluru City,False,Bengaluru City,12.96335578266676,77.57423838716699
FIR-INDIA-2026-01801,2026-02-16 04:25:00,BURGLARY,BURGLARY incident reported in Chennai Metro,Chennai Metro,False,Chennai Metro,13.064729515105276,80.27151876905224
FIR-INDIA-2026-01802,2026-06-08 02:40:00,BURGLARY,BURGLARY incident reported in Hyderabad Metro,Hyderabad Metro,False,Hyderabad Metro,17.38608043397748,78.47983688933924
FIR-INDIA-2024-01803,2024-04-27 23:46:00,THEFT,THEFT incident reported in Chennai Metro,Chennai Metro,False,Chennai Metro,13.105383188630663,80.28512500649653
FIR-INDIA-2026-01804,2026-05-11 03:10:00,THEFT,THEFT incident reported in Hyderabad Metro,Hyderabad Metro,False,Hyderabad Metro,17.399784063466726,78.515572846285
FIR-INDIA-2026-01805,2026-04-30 21:21:00,THEFT,THEFT incident reported in Bengaluru City,Bengaluru City,False,Bengaluru City,12.96031369656543,77.60317861348445
FIR-INDIA-2023-01806,2023-09-17 17:01:00,ASSAULT,ASSAULT incident reported in Hyderabad Metro,Hyderabad Metro,False,Hyderabad Metro,17.367109516837782,78.47211547793393
FIR-INDIA-2025-01807,2025-01-25 06:46:00,BURGLARY,BURGLARY incident reported in Chennai Metro,Chennai Metro,True,Chennai Metro,13.055683334522318,80.2637481697614
FIR-INDIA-2024-01808,2024-07-30 06:42:00,ASSAULT,ASSAULT incident reported in Delhi NCR,Delhi NCR,False,Delhi NCR,28.62323921805413,77.22798267300082
FIR-INDIA-2024-01809,2024-07-16 13:54:00,ASSAULT,ASSAULT incident reported in Delhi NCR,Delhi NCR,False,Delhi NCR,28.622607119262973,77.21539878631972
FIR-INDIA-2023-01810,2023-10-19 17:20:00,BURGLARY,BURGLARY incident reported in Hyderabad Metro,Hyderabad Metro,True,Hyderabad Metro,17.3954763532474,78.46003283356355
FIR-INDIA-2023-01811,2023-05-31 10:50:00,THEFT,THEFT incident reported in Kolkata City,Kolkata City,True,Kolkata City,22.571138734327707,88.36255031734582
FIR-INDIA-2025-01812,2025-01-13 08:19:00,OTHER,OTHER incident reported in Bengaluru City,Bengaluru City,True,Bengaluru City,12.987248155035484,77.61042650214775
FIR-INDIA-2023-01813,2023-07-26 15:05:00,THEFT,THEFT incident reported in Ahmedabad,Ahmedabad,True,Ahmedabad,23.06713948004021,72.52787952228486
FIR-INDIA-2026-01814,2026-06-26 00:30:00,ROBBERY,ROBBERY incident reported in Bengaluru City,Bengaluru City,False,Bengaluru City,12.978956039675303,77.57781662262818
FIR-INDIA-2024-01815,2024-03-24 22:05:00,OTHER,OTHER incident reported in Delhi NCR,Delhi NCR,True,Delhi NCR,28.60731801408901,77.21295545497439
FIR-INDIA-2025-01816,2025-01-19 08:09:00,BURGLARY,BURGLARY incident reported in Bengaluru City,Bengaluru City,False,Bengaluru City,12.963988908477603,77.61219500965935
FIR-INDIA-2023-01817,2023-10-15 03:23:00,THEFT,THEFT incident reported in Mumbai Metro,Mumbai Metro,False,Mumbai Metro,19.039714232489136,72.89882953005569
FIR-INDIA-2023-01818,2023-07-05 10:57:00,ROBBERY,ROBBERY incident reported in Pune,Pune,True,Pune,18.52504724547991,73.87043108805236
FIR-INDIA-2023-01819,2023-08-11 17:17:00,ROBBERY,ROBBERY incident reported in Bengaluru City,Bengaluru City,True,Bengaluru City,12.946649701155009,77.5897392458255
FIR-INDIA-2025-01820,2025-03-10 14:34:00,THEFT,THEFT incident reported in Chennai Metro,Chennai Metro,True,Chennai Metro,13.076471095473163,80.26936347702438
FIR-INDIA-2026-01821,2026-06-01 09:49:00,THEFT,THEFT incident reported in Delhi NCR,Delhi NCR,False,Delhi NCR,28.609068350390633,77.23392065897697
FIR-INDIA-2026-01822,2026-07-07 07:26:00,THEFT,THEFT incident reported in Mumbai Metro,Mumbai Metro,False,Mumbai Metro,19.048959740112213,72.89160105737126
FIR-INDIA-2026-01823,2026-01-28 07:57:00,ROBBERY,ROBBERY incident reported in Delhi NCR,Delhi NCR,False,Delhi NCR,28.604214974553397,77.20052930293822
FIR-INDIA-2026-01824,2026-02-09 14:04:00,CYBER,CYBER incident reported in Hyderabad Metro,Hyderabad Metro,True,Hyderabad Metro,17.365781560706992,78.47110724574422
FIR-INDIA-2025-01825,2025-08-14 00:26:00,THEFT,THEFT incident reported in Delhi NCR,Delhi NCR,False,Delhi NCR,28.610110371063627,77.18508885943957
FIR-INDIA-2025-01826,2025-06-10 02:16:00,ASSAULT,ASSAULT incident reported in Delhi NCR,Delhi NCR,False,Delhi NCR,28.62354126045479,77.22176194102087
FIR-INDIA-2024-01827,2024-03-20 12:01:00,ROBBERY,ROBBERY incident reported in Delhi NCR,Delhi NCR,False,Delhi NCR,28.62306301240823,77.20551234803571
FIR-INDIA-2023-01828,2023-04-29 11:58:00,THEFT,THEFT incident reported in Chennai Metro,Chennai Metro,False,Chennai Metro,13.063751048236007,80.3019767432312
FIR-INDIA-2024-01829,2024-07-05 14:36:00,BURGLARY,BURGLARY incident reported in Kolkata City,Kolkata City,True,Kolkata City,22.57854610450034,88.36787681742081
FIR-INDIA-2024-01830,2024-07-24 15:41:00,THEFT,THEFT incident reported in Chennai Metro,Chennai Metro,False,Chennai Metro,13.104995029072475,80.2339778252201
FIR-INDIA-2025-01831,2025-01-11 08:51:00,ROBBERY,ROBBERY incident reported in Pune,Pune,False,Pune,18.518350864321697,73.84822398068873
FIR-INDIA-2026-01832,2026-04-16 15:43:00,OTHER,OTHER incident reported in Delhi NCR,Delhi NCR,True,Delhi NCR,28.617954865263133,77.23765400864741
FIR-INDIA-2026-01833,2026-01-05 05:22:00,ROBBERY,ROBBERY incident reported in Kolkata City,Kolkata City,True,Kolkata City,22.59824354418532,88.37510396660703
FIR-INDIA-2023-01834,2023-03-19 22:00:00,CYBER,CYBER incident reported in Chennai Metro,Chennai Metro,True,Chennai Metro,13.067626917372303,80.26085519330123
FIR-INDIA-2024-01835,2024-04-18 12:58:00,ASSAULT,ASSAULT incident reported in Pune,Pune,False,Pune,18.51149069250717,73.85434816548647
FIR-INDIA-2024-01836,2024-01-24 02:08:00,ASSAULT,ASSAULT incident reported in Bengaluru City,Bengaluru City,False,Bengaluru City,12.966695931231182,77.57696392925554
FIR-INDIA-2024-01837,2024-12-12 06:33:00,THEFT,THEFT incident reported in Bengaluru City,Bengaluru City,False,Bengaluru City,13.000420955417685,77.58828668018882
FIR-INDIA-2024-01838,2024-07-11 21:12:00,BURGLARY,BURGLARY incident reported in Delhi NCR,Delhi NCR,False,Delhi NCR,28.59349656122778,77.1785804240259
FIR-INDIA-2024-01839,2024-03-02 04:37:00,BURGLARY,BURGLARY incident reported in Chennai Metro,Chennai Metro,False,Chennai Metro,13.07488019303817,80.27329357198194
FIR-INDIA-2025-01840,2025-01-01 07:25:00,THEFT,THEFT incident reported in Kolkata City,Kolkata City,True,Kolkata City,22.577994180661364,88.3458210234819
FIR-INDIA-2025-01841,2025-01-17 05:36:00,ROBBERY,ROBBERY incident reported in Mumbai Metro,Mumbai Metro,True,Mumbai Metro,19.075510142609623,72.86103511821597
FIR-INDIA-2023-01842,2023-07-05 12:32:00,THEFT,THEFT incident reported in Delhi NCR,Delhi NCR,False,Delhi NCR,28.616505943860467,77.18543679507249
FIR-INDIA-2023-01843,2023-08-13 04:39:00,CYBER,CYBER incident reported in Ahmedabad,Ahmedabad,False,Ahmedabad,23.009939839594615,72.56730810483901
FIR-INDIA-2024-01844,2024-04-08 13:21:00,THEFT,THEFT incident reported in Delhi NCR,Delhi NCR,False,Delhi NCR,28.632980470867835,77.21928031254572
FIR-INDIA-2024-01845,2024-01-24 05:15:00,THEFT,THEFT incident reported in Kolkata City,Kolkata City,False,Kolkata City,22.562600033170302,88.37997685054198
FIR-INDIA-2026-01846,2026-02-01 18:12:00,ASSAULT,ASSAULT incident reported in Delhi NCR,Delhi NCR,True,Delhi NCR,28.644782446440683,77.22130071707369
FIR-INDIA-2025-01847,2025-04-06 08:32:00,THEFT,THEFT incident reported in Mumbai Metro,Mumbai Metro,False,Mumbai Metro,19.073308652687462,72.87468752371063
FIR-INDIA-2023-01848,2023-07-15 00:18:00,ASSAULT,ASSAULT incident reported in Chennai Metro,Chennai Metro,False,Chennai Metro,13.0627941670376,80.27933856687146
FIR-INDIA-2026-01849,2026-05-30 15:00:00,BURGLARY,BURGLARY incident reported in Mumbai Metro,Mumbai Metro,True,Mumbai Metro,19.083153532813764,72.88766177696519
FIR-INDIA-2023-01850,2023-06-14 14:53:00,ASSAULT,ASSAULT incident reported in Kolkata City,Kolkata City,False,Kolkata City,22.57938376360242,88.37583605297776
FIR-INDIA-2026-01851,2026-03-18 05:54:00,THEFT,THEFT incident reported in Chennai Metro,Chennai Metro,False,Chennai Metro,13.082469484593826,80.285558268535
FIR-INDIA-2023-01852,2023-09-07 06:34:00,THEFT,THEFT incident reported in Chennai Metro,Chennai Metro,False,Chennai Metro,13.074111817681374,80.27159564951846
FIR-INDIA-2024-01853,2024-05-17 20:44:00,ROBBERY,ROBBERY incident reported in Chennai Metro,Chennai Metro,True,Chennai Metro,13.0768072654362,80.26948798993978
FIR-INDIA-2024-01854,2024-09-03 06:07:00,THEFT,THEFT incident reported in Mumbai Metro,Mumbai Metro,False,Mumbai Metro,19.089911931616868,72.87930126111036
FIR-INDIA-2025-01855,2025-02-18 08:45:00,ROBBERY,ROBBERY incident reported in Delhi NCR,Delhi NCR,False,Delhi NCR,28.6197245443772,77.21135096233411
FIR-INDIA-2025-01856,2025-08-02 10:07:00,THEFT,THEFT incident reported in Pune,Pune,False,Pune,18.52431907110126,73.85509207656494
FIR-INDIA-2023-01857,2023-10-09 15:55:00,ROBBERY,ROBBERY incident reported in Delhi NCR,Delhi NCR,False,Delhi NCR,28.61391527493382,77.1864501496801
FIR-INDIA-2025-01858,2025-12-31 22:30:00,ASSAULT,ASSAULT incident reported in Kolkata City,Kolkata City,True,Kolkata City,22.571072761367983,88.36144274943003
FIR-INDIA-2025-01859,2025-12-30 01:22:00,THEFT,THEFT incident reported in Mumbai Metro,Mumbai Metro,False,Mumbai Metro,19.071364213781777,72.87900978195624
FIR-INDIA-2025-01860,2025-05-21 11:15:00,THEFT,THEFT incident reported in Chennai Metro,Chennai Metro,False,Chennai Metro,13.06912325990391,80.27753034608878
FIR-INDIA-2023-01861,2023-11-09 08:47:00,OTHER,OTHER incident reported in Mumbai Metro,Mumbai Metro,False,Mumbai Metro,19.054599342374754,72.88692748148954
FIR-INDIA-2023-01862,2023-02-16 12:42:00,THEFT,THEFT incident reported in Bengaluru City,Bengaluru City,False,Bengaluru City,12.982940518147743,77.59289089569377
FIR-INDIA-2026-01863,2026-02-04 04:29:00,THEFT,THEFT incident reported in Mumbai Metro,Mumbai Metro,True,Mumbai Metro,19.08703999874758,72.87441157340791
FIR-INDIA-2023-01864,2023-01-12 01:05:00,ASSAULT,ASSAULT incident reported in Bengaluru City,Bengaluru City,True,Bengaluru City,12.986225604983352,77.63179848390648
FIR-INDIA-2025-01865,2025-06-23 07:29:00,BURGLARY,BURGLARY incident reported in Hyderabad Metro,Hyderabad Metro,False,Hyderabad Metro,17.395963813835813,78.50368697117365
FIR-INDIA-2025-01866,2025-05-13 00:49:00,CYBER,CYBER incident reported in Kolkata City,Kolkata City,False,Kolkata City,22.56262810742419,88.3791041585229
FIR-INDIA-2024-01867,2024-06-26 20:27:00,THEFT,THEFT incident reported in Hyderabad Metro,Hyderabad Metro,False,Hyderabad Metro,17.372680152389794,78.49363106542593
FIR-INDIA-2024-01868,2024-05-02 18:40:00,ASSAULT,ASSAULT incident reported in Ahmedabad,Ahmedabad,False,Ahmedabad,23.031666956277476,72.57386641683509
FIR-INDIA-2026-01869,2026-02-11 09:28:00,ROBBERY,ROBBERY incident reported in Chennai Metro,Chennai Metro,False,Chennai Metro,13.101523667462668,80.27056949340322
FIR-INDIA-2025-01870,2025-07-29 13:42:00,THEFT,THEFT incident reported in Kolkata City,Kolkata City,True,Kolkata City,22.5500644504966,88.36224186581278
FIR-INDIA-2024-01871,2024-10-26 19:12:00,THEFT,THEFT incident reported in Bengaluru City,Bengaluru City,True,Bengaluru City,12.947835602298207,77.56999018121992
FIR-INDIA-2025-01872,2025-12-30 22:36:00,THEFT,THEFT incident reported in Chennai Metro,Chennai Metro,True,Chennai Metro,13.080825224170464,80.27388356724136
FIR-INDIA-2026-01873,2026-07-10 15:43:00,CYBER,CYBER incident reported in Bengaluru City,Bengaluru City,True,Bengaluru City,12.97152146953359,77.57724517972017
FIR-INDIA-2025-01874,2025-01-17 03:48:00,ASSAULT,ASSAULT incident reported in Kolkata City,Kolkata City,False,Kolkata City,22.577845538493428,88.40844311811276
FIR-INDIA-2026-01875,2026-06-01 06:08:00,CYBER,CYBER incident reported in Mumbai Metro,Mumbai Metro,False,Mumbai Metro,19.067960240274942,72.8638560616344
FIR-INDIA-2024-01876,2024-12-03 15:20:00,THEFT,THEFT incident reported in Bengaluru City,Bengaluru City,False,Bengaluru City,12.979524056885934,77.57034602255905
FIR-INDIA-2026-01877,2026-08-23 06:54:00,ROBBERY,ROBBERY incident reported in Chennai Metro,Chennai Metro,False,Chennai Metro,13.067729622215829,80.26742382721768
FIR-INDIA-2025-01878,2025-02-16 11:11:00,THEFT,THEFT incident reported in Pune,Pune,False,Pune,18.5103345300932,73.87887945250523
FIR-INDIA-2025-01879,2025-03-21 10:03:00,THEFT,THEFT incident reported in Kolkata City,Kolkata City,False,Kolkata City,22.56567193886961,88.3553917627819
FIR-INDIA-2024-01880,2024-12-08 12:27:00,OTHER,OTHER incident reported in Mumbai Metro,Mumbai Metro,False,Mumbai Metro,19.074700079505188,72.87728162331146
FIR-INDIA-2025-01881,2025-03-19 23:50:00,THEFT,THEFT incident reported in Pune,Pune,True,Pune,18.502386190706833,73.8311161283205
FIR-INDIA-2023-01882,2023-03-19 02:00:00,BURGLARY,BURGLARY incident reported in Pune,Pune,True,Pune,18.52832659426887,73.85633405221245
FIR-INDIA-2024-01883,2024-12-04 19:10:00,ROBBERY,ROBBERY incident reported in Ahmedabad,Ahmedabad,True,Ahmedabad,23.02986090952954,72.54493009846325
FIR-INDIA-2026-01884,2026-06-19 21:41:00,ASSAULT,ASSAULT incident reported in Kolkata City,Kolkata City,False,Kolkata City,22.551000583360352,88.36554872294975
FIR-INDIA-2023-01885,2023-09-10 22:35:00,CYBER,CYBER incident reported in Kolkata City,Kolkata City,False,Kolkata City,22.555892310216805,88.34651053921164
FIR-INDIA-2024-01886,2024-12-25 10:04:00,ROBBERY,ROBBERY incident reported in Delhi NCR,Delhi NCR,True,Delhi NCR,28.626041729856773,77.2177042894896
FIR-INDIA-2026-01887,2026-02-04 11:01:00,THEFT,THEFT incident reported in Delhi NCR,Delhi NCR,False,Delhi NCR,28.6170204370071,77.1893779988436
FIR-INDIA-2023-01888,2023-06-04 17:43:00,THEFT,THEFT incident reported in Chennai Metro,Chennai Metro,False,Chennai Metro,13.074432015050593,80.28176357121103
FIR-INDIA-2023-01889,2023-09-28 14:29:00,CYBER,CYBER incident reported in Delhi NCR,Delhi NCR,True,Delhi NCR,28.6078511270697,77.21305659259473
FIR-INDIA-2026-01890,2026-07-08 23:59:00,THEFT,THEFT incident reported in Bengaluru City,Bengaluru City,False,Bengaluru City,12.98105074439653,77.57522966120352
FIR-INDIA-2024-01891,2024-02-24 01:47:00,THEFT,THEFT incident reported in Bengaluru City,Bengaluru City,False,Bengaluru City,12.961735945116512,77.60388673994915
FIR-INDIA-2025-01892,2025-08-14 08:13:00,ROBBERY,ROBBERY incident reported in Hyderabad Metro,Hyderabad Metro,False,Hyderabad Metro,17.3776509132644,78.46513235462547
FIR-INDIA-2023-01893,2023-02-03 16:53:00,ASSAULT,ASSAULT incident reported in Delhi NCR,Delhi NCR,False,Delhi NCR,28.606984713790716,77.20863513127041
FIR-INDIA-2023-01894,2023-03-21 06:39:00,THEFT,THEFT incident reported in Bengaluru City,Bengaluru City,True,Bengaluru City,12.97350834274431,77.61016527597113
FIR-INDIA-2024-01895,2024-12-07 22:30:00,THEFT,THEFT incident reported in Bengaluru City,Bengaluru City,False,Bengaluru City,12.984054560645832,77.59364096771894
FIR-INDIA-2024-01896,2024-10-20 10:47:00,THEFT,THEFT incident reported in Hyderabad Metro,Hyderabad Metro,False,Hyderabad Metro,17.38932458130791,78.48734186339425
FIR-INDIA-2025-01897,2025-09-20 13:59:00,ASSAULT,ASSAULT incident reported in Chennai Metro,Chennai Metro,False,Chennai Metro,13.101727144046686,80.26615010766852
FIR-INDIA-2025-01898,2025-12-28 18:38:00,THEFT,THEFT incident reported in Chennai Metro,Chennai Metro,False,Chennai Metro,13.088820043758911,80.27969810771101
FIR-INDIA-2023-01899,2023-09-02 15:22:00,THEFT,THEFT incident reported in Delhi NCR,Delhi NCR,True,Delhi NCR,28.61404943745081,77.21235304128909
FIR-INDIA-2023-01900,2023-05-19 09:09:00,ASSAULT,ASSAULT incident reported in Bengaluru City,Bengaluru City,True,Bengaluru City,12.984801524426812,77.58484226924595
FIR-INDIA-2023-01901,2023-01-03 18:14:00,ASSAULT,ASSAULT incident reported in Kolkata City,Kolkata City,False,Kolkata City,22.545456765508934,88.38092385621128
FIR-INDIA-2025-01902,2025-10-18 21:08:00,THEFT,THEFT incident reported in Delhi NCR,Delhi NCR,False,Delhi NCR,28.598872754288337,77.20256462441023
FIR-INDIA-2024-01903,2024-09-03 03:13:00,ROBBERY,ROBBERY incident reported in Hyderabad Metro,Hyderabad Metro,False,Hyderabad Metro,17.397190118304202,78.49060367342943
FIR-INDIA-2026-01904,2026-05-04 14:28:00,CYBER,CYBER incident reported in Hyderabad Metro,Hyderabad Metro,False,Hyderabad Metro,17.39425894794309,78.4825518458267
FIR-INDIA-2023-01905,2023-07-06 21:46:00,THEFT,THEFT incident reported in Delhi NCR,Delhi NCR,False,Delhi NCR,28.589718389879863,77.1997747314213
FIR-INDIA-2023-01906,2023-03-21 16:41:00,ASSAULT,ASSAULT incident reported in Hyderabad Metro,Hyderabad Metro,True,Hyderabad Metro,17.399931467069447,78.51631358676067
FIR-INDIA-2026-01907,2026-01-29 17:10:00,OTHER,OTHER incident reported in Ahmedabad,Ahmedabad,False,Ahmedabad,23.00942144165445,72.59861310418029
FIR-INDIA-2025-01908,2025-06-23 20:37:00,OTHER,OTHER incident reported in Hyderabad Metro,Hyderabad Metro,False,Hyderabad Metro,17.375296540241404,78.48539192260613
FIR-INDIA-2026-01909,2026-04-23 18:33:00,ROBBERY,ROBBERY incident reported in Mumbai Metro,Mumbai Metro,False,Mumbai Metro,19.080857508206073,72.87568979625404
FIR-INDIA-2024-01910,2024-02-21 02:50:00,BURGLARY,BURGLARY incident reported in Delhi NCR,Delhi NCR,False,Delhi NCR,28.610595649407763,77.20920211442211
FIR-INDIA-2024-01911,2024-01-15 19:59:00,THEFT,THEFT incident reported in Mumbai Metro,Mumbai Metro,False,Mumbai Metro,19.08535173549376,72.89263956659813
FIR-INDIA-2023-01912,2023-10-27 09:28:00,ROBBERY,ROBBERY incident reported in Delhi NCR,Delhi NCR,True,Delhi NCR,28.636724987382987,77.19450760655484
FIR-INDIA-2024-01913,2024-06-04 13:19:00,OTHER,OTHER incident reported in Mumbai Metro,Mumbai Metro,False,Mumbai Metro,19.09529020629908,72.88242313943445
FIR-INDIA-2023-01914,2023-06-08 14:34:00,ASSAULT,ASSAULT incident reported in Bengaluru City,Bengaluru City,False,Bengaluru City,12.963206570507102,77.60650763498944
FIR-INDIA-2025-01915,2025-12-29 15:03:00,OTHER,OTHER incident reported in Mumbai Metro,Mumbai Metro,False,Mumbai Metro,19.096321563846768,72.87958144437812
FIR-INDIA-2024-01916,2024-10-02 00:11:00,THEFT,THEFT incident reported in Delhi NCR,Delhi NCR,True,Delhi NCR,28.62330025661666,77.22594754700042
FIR-INDIA-2026-01917,2026-06-18 18:09:00,THEFT,THEFT incident reported in Chennai Metro,Chennai Metro,False,Chennai Metro,13.076281782602363,80.27443828966909
FIR-INDIA-2024-01918,2024-10-18 23:48:00,ASSAULT,ASSAULT incident reported in Kolkata City,Kolkata City,False,Kolkata City,22.570256512248402,88.36757386830321
FIR-INDIA-2026-01919,2026-07-25 00:18:00,ASSAULT,ASSAULT incident reported in Kolkata City,Kolkata City,False,Kolkata City,22.57700711944661,88.3608473064672
FIR-INDIA-2025-01920,2025-11-29 05:14:00,ASSAULT,ASSAULT incident reported in Ahmedabad,Ahmedabad,True,Ahmedabad,23.026232876341762,72.55719151102393
FIR-INDIA-2025-01921,2025-01-06 07:07:00,ASSAULT,ASSAULT incident reported in Mumbai Metro,Mumbai Metro,False,Mumbai Metro,19.068030651086623,72.88341517095147
FIR-INDIA-2026-01922,2026-03-15 14:05:00,ROBBERY,ROBBERY incident reported in Mumbai Metro,Mumbai Metro,False,Mumbai Metro,19.079708511024165,72.87499206184596
FIR-INDIA-2023-01923,2023-06-09 21:44:00,BURGLARY,BURGLARY incident reported in Bengaluru City,Bengaluru City,True,Bengaluru City,12.992077323833264,77.58068035869715
FIR-INDIA-2026-01924,2026-04-17 07:09:00,THEFT,THEFT incident reported in Bengaluru City,Bengaluru City,False,Bengaluru City,12.97135900855273,77.60393893144695
FIR-INDIA-2026-01925,2026-02-09 01:16:00,OTHER,OTHER incident reported in Hyderabad Metro,Hyderabad Metro,False,Hyderabad Metro,17.383350825380813,78.47721080930594
FIR-INDIA-2023-01926,2023-03-06 04:29:00,THEFT,THEFT incident reported in Mumbai Metro,Mumbai Metro,False,Mumbai Metro,19.062761023773202,72.88800373548915
FIR-INDIA-2024-01927,2024-02-02 00:59:00,CYBER,CYBER incident reported in Delhi NCR,Delhi NCR,True,Delhi NCR,28.620060380749795,77.24569114832563
FIR-INDIA-2023-01928,2023-11-01 20:40:00,BURGLARY,BURGLARY incident reported in Delhi NCR,Delhi NCR,False,Delhi NCR,28.636039984077772,77.21417748838131
FIR-INDIA-2026-01929,2026-03-09 20:04:00,ROBBERY,ROBBERY incident reported in Hyderabad Metro,Hyderabad Metro,True,Hyderabad Metro,17.36869292950863,78.46589334457778
FIR-INDIA-2025-01930,2025-10-25 11:01:00,OTHER,OTHER incident reported in Mumbai Metro,Mumbai Metro,True,Mumbai Metro,19.06238975635144,72.8762593631626
FIR-INDIA-2024-01931,2024-05-10 17:11:00,THEFT,THEFT incident reported in Hyderabad Metro,Hyderabad Metro,True,Hyderabad Metro,17.394634892293315,78.48867909305633
FIR-INDIA-2026-01932,2026-05-20 23:27:00,THEFT,THEFT incident reported in Hyderabad Metro,Hyderabad Metro,False,Hyderabad Metro,17.37465998004815,78.49112001682923
FIR-INDIA-2025-01933,2025-04-08 09:43:00,THEFT,THEFT incident reported in Ahmedabad,Ahmedabad,False,Ahmedabad,23.016950932657508,72.558394374377
FIR-INDIA-2025-01934,2025-03-25 17:28:00,ROBBERY,ROBBERY incident reported in Hyderabad Metro,Hyderabad Metro,False,Hyderabad Metro,17.394113333280846,78.51162285281552
FIR-INDIA-2025-01935,2025-07-02 12:30:00,OTHER,OTHER incident reported in Pune,Pune,False,Pune,18.520019392514424,73.85225487220676
FIR-INDIA-2025-01936,2025-08-02 02:07:00,ASSAULT,ASSAULT incident reported in Bengaluru City,Bengaluru City,True,Bengaluru City,12.96280335611592,77.61476187123155
FIR-INDIA-2026-01937,2026-08-05 14:54:00,ASSAULT,ASSAULT incident reported in Kolkata City,Kolkata City,False,Kolkata City,22.584681947325954,88.37556947997939
FIR-INDIA-2024-01938,2024-10-14 05:02:00,CYBER,CYBER incident reported in Delhi NCR,Delhi NCR,True,Delhi NCR,28.60654382778292,77.20555183265303
FIR-INDIA-2025-01939,2025-02-26 16:09:00,OTHER,OTHER incident reported in Bengaluru City,Bengaluru City,False,Bengaluru City,12.965178750134221,77.60251999117722
FIR-INDIA-2024-01940,2024-04-03 22:16:00,THEFT,THEFT incident reported in Ahmedabad,Ahmedabad,False,Ahmedabad,23.03030528764929,72.54723223552062
FIR-INDIA-2023-01941,2023-07-01 01:35:00,BURGLARY,BURGLARY incident reported in Mumbai Metro,Mumbai Metro,False,Mumbai Metro,19.07043108778981,72.8823218113708
FIR-INDIA-2025-01942,2025-11-24 04:24:00,ASSAULT,ASSAULT incident reported in Bengaluru City,Bengaluru City,True,Bengaluru City,12.975617829344943,77.62015628412787
FIR-INDIA-2026-01943,2026-07-10 00:27:00,THEFT,THEFT incident reported in Mumbai Metro,Mumbai Metro,True,Mumbai Metro,19.06586689290015,72.90431256603001
FIR-INDIA-2025-01944,2025-03-12 07:02:00,THEFT,THEFT incident reported in Hyderabad Metro,Hyderabad Metro,True,Hyderabad Metro,17.39224268366631,78.4843860712844
FIR-INDIA-2026-01945,2026-04-11 16:18:00,ROBBERY,ROBBERY incident reported in Bengaluru City,Bengaluru City,False,Bengaluru City,12.941210979599983,77.60154408029693
FIR-INDIA-2025-01946,2025-10-02 04:28:00,ASSAULT,ASSAULT incident reported in Mumbai Metro,Mumbai Metro,True,Mumbai Metro,19.082151183806193,72.86362869988476
FIR-INDIA-2025-01947,2025-09-02 19:42:00,CYBER,CYBER incident reported in Mumbai Metro,Mumbai Metro,True,Mumbai Metro,19.08733198024668,72.88535893064743
FIR-INDIA-2024-01948,2024-06-24 20:07:00,OTHER,OTHER incident reported in Pune,Pune,False,Pune,18.52296091882324,73.85111198165171
FIR-INDIA-2023-01949,2023-06-16 10:28:00,CYBER,CYBER incident reported in Delhi NCR,Delhi NCR,False,Delhi NCR,28.628776019596664,77.21492853175512
FIR-INDIA-2024-01950,2024-03-27 08:10:00,THEFT,THEFT incident reported in Delhi NCR,Delhi NCR,False,Delhi NCR,28.636126295880945,77.22168999443366
FIR-INDIA-2023-01951,2023-09-07 15:47:00,ROBBERY,ROBBERY incident reported in Delhi NCR,Delhi NCR,True,Delhi NCR,28.595536551844468,77.20475476937625
FIR-INDIA-2024-01952,2024-06-18 06:38:00,ASSAULT,ASSAULT incident reported in Delhi NCR,Delhi NCR,False,Delhi NCR,28.611203086443805,77.21267363278983
FIR-INDIA-2025-01953,2025-12-20 06:29:00,CYBER,CYBER incident reported in Bengaluru City,Bengaluru City,False,Bengaluru City,12.96489990496428,77.58700103809338
FIR-INDIA-2026-01954,2026-08-07 04:17:00,ROBBERY,ROBBERY incident reported in Mumbai Metro,Mumbai Metro,True,Mumbai Metro,19.058833446573974,72.88020031058963
FIR-INDIA-2026-01955,2026-08-02 12:51:00,THEFT,THEFT incident reported in Mumbai Metro,Mumbai Metro,False,Mumbai Metro,19.047928901118077,72.85852213845185
FIR-INDIA-2023-01956,2023-09-11 04:08:00,ASSAULT,ASSAULT incident reported in Pune,Pune,False,Pune,18.52828349079711,73.87095170953945
FIR-INDIA-2026-01957,2026-06-05 05:18:00,THEFT,THEFT incident reported in Bengaluru City,Bengaluru City,False,Bengaluru City,12.998143095302947,77.60014052062293
FIR-INDIA-2023-01958,2023-12-14 03:22:00,CYBER,CYBER incident reported in Delhi NCR,Delhi NCR,False,Delhi NCR,28.614430139483687,77.20636635661391
FIR-INDIA-2025-01959,2025-02-25 04:47:00,CYBER,CYBER incident reported in Mumbai Metro,Mumbai Metro,False,Mumbai Metro,19.08936036139642,72.8909410954843
FIR-INDIA-2024-01960,2024-11-29 07:19:00,ASSAULT,ASSAULT incident reported in Mumbai Metro,Mumbai Metro,False,Mumbai Metro,19.062912766157748,72.87339518796773
FIR-INDIA-2024-01961,2024-08-05 18:17:00,ASSAULT,ASSAULT incident reported in Chennai Metro,Chennai Metro,False,Chennai Metro,13.09655676186806,80.29141489167472
FIR-INDIA-2025-01962,2025-03-29 02:22:00,THEFT,THEFT incident reported in Ahmedabad,Ahmedabad,False,Ahmedabad,23.026334312353878,72.58666575002039
FIR-INDIA-2026-01963,2026-02-11 00:00:00,THEFT,THEFT incident reported in Mumbai Metro,Mumbai Metro,False,Mumbai Metro,19.057494968434483,72.8899587316705
FIR-INDIA-2025-01964,2025-06-15 09:14:00,ROBBERY,ROBBERY incident reported in Mumbai Metro,Mumbai Metro,True,Mumbai Metro,19.062246253779385,72.87722027167854
FIR-INDIA-2024-01965,2024-11-23 18:55:00,ASSAULT,ASSAULT incident reported in Hyderabad Metro,Hyderabad Metro,False,Hyderabad Metro,17.36090611468645,78.49879546517012
FIR-INDIA-2023-01966,2023-12-14 18:55:00,ASSAULT,ASSAULT incident reported in Bengaluru City,Bengaluru City,False,Bengaluru City,12.978730767535195,77.5736703916531
FIR-INDIA-2025-01967,2025-12-25 01:49:00,BURGLARY,BURGLARY incident reported in Chennai Metro,Chennai Metro,False,Chennai Metro,13.078715371003351,80.26846416911367
FIR-INDIA-2023-01968,2023-02-21 22:26:00,OTHER,OTHER incident reported in Chennai Metro,Chennai Metro,True,Chennai Metro,13.087729896767309,80.2588557360755
FIR-INDIA-2025-01969,2025-08-04 01:02:00,THEFT,THEFT incident reported in Chennai Metro,Chennai Metro,False,Chennai Metro,13.093892953983532,80.25432931973303
FIR-INDIA-2026-01970,2026-03-01 11:41:00,THEFT,THEFT incident reported in Kolkata City,Kolkata City,False,Kolkata City,22.581226198041307,88.32983292726372
FIR-INDIA-2024-01971,2024-01-09 07:29:00,CYBER,CYBER incident reported in Hyderabad Metro,Hyderabad Metro,False,Hyderabad Metro,17.35950357800177,78.45486975753347
FIR-INDIA-2025-01972,2025-03-15 10:09:00,ROBBERY,ROBBERY incident reported in Pune,Pune,True,Pune,18.512167139080777,73.85201833444329
FIR-INDIA-2025-01973,2025-06-28 14:27:00,BURGLARY,BURGLARY incident reported in Bengaluru City,Bengaluru City,False,Bengaluru City,13.003343244792546,77.58281168714952
FIR-INDIA-2023-01974,2023-06-12 16:23:00,BURGLARY,BURGLARY incident reported in Mumbai Metro,Mumbai Metro,False,Mumbai Metro,19.091299886588164,72.84483151682629
FIR-INDIA-2025-01975,2025-07-19 01:38:00,BURGLARY,BURGLARY incident reported in Delhi NCR,Delhi NCR,False,Delhi NCR,28.59778814768496,77.23786742781965
FIR-INDIA-2025-01976,2025-10-10 09:11:00,THEFT,THEFT incident reported in Pune,Pune,False,Pune,18.531230825145705,73.87208079715077
FIR-INDIA-2025-01977,2025-03-01 06:33:00,THEFT,THEFT incident reported in Kolkata City,Kolkata City,True,Kolkata City,22.558259081495798,88.35451350930727
FIR-INDIA-2026-01978,2026-06-27 11:33:00,ASSAULT,ASSAULT incident reported in Mumbai Metro,Mumbai Metro,True,Mumbai Metro,19.09215240735677,72.92067989959355
FIR-INDIA-2024-01979,2024-04-20 12:49:00,THEFT,THEFT incident reported in Mumbai Metro,Mumbai Metro,True,Mumbai Metro,19.059549386590177,72.86720550878051
FIR-INDIA-2026-01980,2026-01-18 02:03:00,THEFT,THEFT incident reported in Delhi NCR,Delhi NCR,False,Delhi NCR,28.613905860884042,77.19042115286358
FIR-INDIA-2024-01981,2024-08-27 08:32:00,THEFT,THEFT incident reported in Delhi NCR,Delhi NCR,False,Delhi NCR,28.603979525471303,77.22044277880285
FIR-INDIA-2023-01982,2023-07-19 15:26:00,THEFT,THEFT incident reported in Hyderabad Metro,Hyderabad Metro,False,Hyderabad Metro,17.365540256787444,78.52649106496278
FIR-INDIA-2025-01983,2025-12-06 04:58:00,ASSAULT,ASSAULT incident reported in Mumbai Metro,Mumbai Metro,False,Mumbai Metro,19.069121207031795,72.85320513347877
FIR-INDIA-2026-01984,2026-07-29 11:16:00,THEFT,THEFT incident reported in Delhi NCR,Delhi NCR,False,Delhi NCR,28.62033957919364,77.19670371408345
FIR-INDIA-2024-01985,2024-10-10 04:24:00,ASSAULT,ASSAULT incident reported in Hyderabad Metro,Hyderabad Metro,False,Hyderabad Metro,17.383949382827765,78.48388039188404
FIR-INDIA-2026-01986,2026-05-20 20:32:00,BURGLARY,BURGLARY incident reported in Delhi NCR,Delhi NCR,False,Delhi NCR,28.60253836930307,77.20506848673988
FIR-INDIA-2025-01987,2025-11-11 02:32:00,THEFT,THEFT incident reported in Kolkata City,Kolkata City,False,Kolkata City,22.59476079696978,88.37176343392852
FIR-INDIA-2023-01988,2023-06-06 13:57:00,ASSAULT,ASSAULT incident reported in Hyderabad Metro,Hyderabad Metro,False,Hyderabad Metro,17.392300083621453,78.48520308219155
FIR-INDIA-2024-01989,2024-12-26 02:24:00,THEFT,THEFT incident reported in Hyderabad Metro,Hyderabad Metro,False,Hyderabad Metro,17.387961425527216,78.47880078319206
FIR-INDIA-2024-01990,2024-12-04 09:06:00,CYBER,CYBER incident reported in Delhi NCR,Delhi NCR,False,Delhi NCR,28.60442021613252,77.19110850619143
FIR-INDIA-2023-01991,2023-01-12 10:21:00,BURGLARY,BURGLARY incident reported in Mumbai Metro,Mumbai Metro,False,Mumbai Metro,19.073667484195123,72.88079253532727
FIR-INDIA-2025-01992,2025-11-27 23:15:00,ROBBERY,ROBBERY incident reported in Hyderabad Metro,Hyderabad Metro,True,Hyderabad Metro,17.39249496750406,78.45535087209845
FIR-INDIA-2025-01993,2025-01-10 14:10:00,ROBBERY,ROBBERY incident reported in Delhi NCR,Delhi NCR,False,Delhi NCR,28.601438605280755,77.21008408016854
FIR-INDIA-2023-01994,2023-03-17 23:36:00,BURGLARY,BURGLARY incident reported in Bengaluru City,Bengaluru City,False,Bengaluru City,13.00468694945471,77.58843095325184
FIR-INDIA-2025-01995,2025-03-20 06:47:00,THEFT,THEFT incident reported in Ahmedabad,Ahmedabad,False,Ahmedabad,22.997974299560497,72.57843555729328
FIR-INDIA-2024-01996,2024-07-14 04:22:00,THEFT,THEFT incident reported in Bengaluru City,Bengaluru City,False,Bengaluru City,12.950044620352692,77.57581255165712
FIR-INDIA-2026-01997,2026-05-08 05:02:00,THEFT,THEFT incident reported in Chennai Metro,Chennai Metro,True,Chennai Metro,13.088716762177388,80.24937839272
FIR-INDIA-2024-01998,2024-01-30 22:05:00,ASSAULT,ASSAULT incident reported in Hyderabad Metro,Hyderabad Metro,True,Hyderabad Metro,17.398125935769702,78.50673610060214
FIR-INDIA-2023-01999,2023-07-09 10:40:00,THEFT,THEFT incident reported in Hyderabad Metro,Hyderabad Metro,False,Hyderabad Metro,17.393703179550954,78.48348662059001
FIR-INDIA-2023-02000,2023-01-02 13:11:00,BURGLARY,BURGLARY incident reported in Mumbai Metro,Mumbai Metro,False,Mumbai Metro,19.074995893861924,72.87340019639376
FIR-INDIA-2025-02001,2025-10-12 16:49:00,ASSAULT,ASSAULT incident reported in Mumbai Metro,Mumbai Metro,False,Mumbai Metro,19.071879342400376,72.88499263309026
FIR-INDIA-2026-02002,2026-08-05 10:38:00,ASSAULT,ASSAULT incident reported in Kolkata City,Kolkata City,True,Kolkata City,22.580746612701365,88.37063305234197
FIR-INDIA-2023-02003,2023-08-02 02:23:00,CYBER,CYBER incident reported in Hyderabad Metro,Hyderabad Metro,True,Hyderabad Metro,17.393010904194735,78.47538497922218
FIR-INDIA-2024-02004,2024-06-27 05:29:00,ASSAULT,ASSAULT incident reported in Bengaluru City,Bengaluru City,True,Bengaluru City,12.970847409578614,77.58657807895429
FIR-INDIA-2024-02005,2024-09-03 21:10:00,THEFT,THEFT incident reported in Delhi NCR,Delhi NCR,False,Delhi NCR,28.61627295119143,77.19559642859747
FIR-INDIA-2025-02006,2025-09-03 11:13:00,ROBBERY,ROBBERY incident reported in Mumbai Metro,Mumbai Metro,False,Mumbai Metro,19.070898029283395,72.88844493679754
FIR-INDIA-2023-02007,2023-04-26 00:12:00,CYBER,CYBER incident reported in Bengaluru City,Bengaluru City,False,Bengaluru City,12.946095638929037,77.58726657601875
FIR-INDIA-2025-02008,2025-07-20 09:22:00,THEFT,THEFT incident reported in Hyderabad Metro,Hyderabad Metro,False,Hyderabad Metro,17.381450793898164,78.46617687289391
FIR-INDIA-2025-02009,2025-12-16 15:18:00,THEFT,THEFT incident reported in Kolkata City,Kolkata City,False,Kolkata City,22.591835579326318,88.36553815815425
FIR-INDIA-2023-02010,2023-11-16 18:26:00,THEFT,THEFT incident reported in Bengaluru City,Bengaluru City,False,Bengaluru City,12.961474432649686,77.60951580893183
FIR-INDIA-2026-02011,2026-08-10 02:48:00,THEFT,THEFT incident reported in Delhi NCR,Delhi NCR,False,Delhi NCR,28.621920646401346,77.20967548733009
FIR-INDIA-2025-02012,2025-05-20 21:43:00,CYBER,CYBER incident reported in Chennai Metro,Chennai Metro,False,Chennai Metro,13.078812820734518,80.27814403749466
FIR-INDIA-2024-02013,2024-08-22 02:51:00,THEFT,THEFT incident reported in Delhi NCR,Delhi NCR,False,Delhi NCR,28.613174049779463,77.19103742723192
FIR-INDIA-2024-02014,2024-07-09 22:03:00,THEFT,THEFT incident reported in Bengaluru City,Bengaluru City,True,Bengaluru City,12.966149097874572,77.58843873015861
FIR-INDIA-2023-02015,2023-03-19 08:06:00,BURGLARY,BURGLARY incident reported in Bengaluru City,Bengaluru City,False,Bengaluru City,12.978595942703965,77.58741000419253
FIR-INDIA-2026-02016,2026-04-05 05:34:00,ASSAULT,ASSAULT incident reported in Delhi NCR,Delhi NCR,False,Delhi NCR,28.61327108388635,77.23201874317583
FIR-INDIA-2024-02017,2024-01-18 17:09:00,ASSAULT,ASSAULT incident reported in Bengaluru City,Bengaluru City,False,Bengaluru City,12.966000058539052,77.58463278675846
FIR-INDIA-2023-02018,2023-11-12 11:33:00,THEFT,THEFT incident reported in Bengaluru City,Bengaluru City,False,Bengaluru City,12.992250275522574,77.56382501756825
FIR-INDIA-2024-02019,2024-03-23 20:15:00,ROBBERY,ROBBERY incident reported in Hyderabad Metro,Hyderabad Metro,True,Hyderabad Metro,17.38930344691905,78.47771261223764
FIR-INDIA-2026-02020,2026-08-19 20:35:00,ASSAULT,ASSAULT incident reported in Hyderabad Metro,Hyderabad Metro,False,Hyderabad Metro,17.398424420323547,78.48920937403439
FIR-INDIA-2025-02021,2025-09-18 04:51:00,THEFT,THEFT incident reported in Bengaluru City,Bengaluru City,False,Bengaluru City,12.993214552350727,77.56145962003528
FIR-INDIA-2024-02022,2024-02-11 13:00:00,THEFT,THEFT incident reported in Hyderabad Metro,Hyderabad Metro,True,Hyderabad Metro,17.39576185679166,78.47807281799814
FIR-INDIA-2023-02023,2023-08-08 02:26:00,ROBBERY,ROBBERY incident reported in Mumbai Metro,Mumbai Metro,False,Mumbai Metro,19.071577008262306,72.87016531383084
FIR-INDIA-2023-02024,2023-05-06 17:39:00,THEFT,THEFT incident reported in Kolkata City,Kolkata City,False,Kolkata City,22.564106854907386,88.366061773454
FIR-INDIA-2024-02025,2024-12-11 09:26:00,CYBER,CYBER incident reported in Chennai Metro,Chennai Metro,False,Chennai Metro,13.086486089737722,80.26712178102467
FIR-INDIA-2023-02026,2023-08-19 18:06:00,ROBBERY,ROBBERY incident reported in Ahmedabad,Ahmedabad,False,Ahmedabad,23.041218538653858,72.55940207326732
FIR-INDIA-2025-02027,2025-11-04 23:46:00,ASSAULT,ASSAULT incident reported in Bengaluru City,Bengaluru City,False,Bengaluru City,12.971869226360148,77.60136099910312
FIR-INDIA-2023-02028,2023-04-12 18:07:00,ASSAULT,ASSAULT incident reported in Ahmedabad,Ahmedabad,False,Ahmedabad,23.015803086303052,72.56033242985593
FIR-INDIA-2023-02029,2023-06-29 12:17:00,ASSAULT,ASSAULT incident reported in Kolkata City,Kolkata City,False,Kolkata City,22.568298663691394,88.37152720332656
FIR-INDIA-2023-02030,2023-10-24 11:05:00,ROBBERY,ROBBERY incident reported in Bengaluru City,Bengaluru City,False,Bengaluru City,12.969191720540092,77.59000730235509
FIR-INDIA-2025-02031,2025-09-29 04:12:00,ROBBERY,ROBBERY incident reported in Bengaluru City,Bengaluru City,False,Bengaluru City,12.966894757544953,77.58768117881252
FIR-INDIA-2026-02032,2026-06-27 14:50:00,ROBBERY,ROBBERY incident reported in Delhi NCR,Delhi NCR,True,Delhi NCR,28.62562806591027,77.20019356284621
FIR-INDIA-2024-02033,2024-03-31 23:46:00,THEFT,THEFT incident reported in Chennai Metro,Chennai Metro,False,Chennai Metro,13.091387491547945,80.27049352386138
FIR-INDIA-2025-02034,2025-09-08 07:29:00,THEFT,THEFT incident reported in Bengaluru City,Bengaluru City,False,Bengaluru City,12.959297287707416,77.56543733191535
FIR-INDIA-2025-02035,2025-10-08 14:43:00,OTHER,OTHER incident reported in Delhi NCR,Delhi NCR,False,Delhi NCR,28.650932327112972,77.20240969446208
FIR-INDIA-2025-02036,2025-01-30 16:23:00,THEFT,THEFT incident reported in Chennai Metro,Chennai Metro,False,Chennai Metro,13.093992391410106,80.31179667960585
FIR-INDIA-2024-02037,2024-09-17 07:19:00,ASSAULT,ASSAULT incident reported in Delhi NCR,Delhi NCR,True,Delhi NCR,28.612836648027102,77.21550408983836
FIR-INDIA-2024-02038,2024-02-19 12:03:00,ASSAULT,ASSAULT incident reported in Mumbai Metro,Mumbai Metro,False,Mumbai Metro,19.069000807273877,72.86236639394971
FIR-INDIA-2026-02039,2026-06-17 20:03:00,CYBER,CYBER incident reported in Pune,Pune,False,Pune,18.53251664170103,73.81938769464489
FIR-INDIA-2025-02040,2025-09-10 10:45:00,THEFT,THEFT incident reported in Kolkata City,Kolkata City,False,Kolkata City,22.588384043084908,88.37515601783329
FIR-INDIA-2025-02041,2025-08-29 18:13:00,ROBBERY,ROBBERY incident reported in Chennai Metro,Chennai Metro,False,Chennai Metro,13.078316787276105,80.2481881968155
FIR-INDIA-2025-02042,2025-03-10 17:50:00,ASSAULT,ASSAULT incident reported in Hyderabad Metro,Hyderabad Metro,True,Hyderabad Metro,17.379972920407628,78.51289003405121
FIR-INDIA-2023-02043,2023-06-06 20:47:00,BURGLARY,BURGLARY incident reported in Hyderabad Metro,Hyderabad Metro,False,Hyderabad Metro,17.39629384982114,78.49754366969661
FIR-INDIA-2025-02044,2025-08-18 23:35:00,THEFT,THEFT incident reported in Bengaluru City,Bengaluru City,False,Bengaluru City,12.969391645023155,77.62039804835763
FIR-INDIA-2024-02045,2024-03-30 05:45:00,BURGLARY,BURGLARY incident reported in Bengaluru City,Bengaluru City,False,Bengaluru City,12.959930536540679,77.60652554646563
FIR-INDIA-2024-02046,2024-04-09 06:57:00,THEFT,THEFT incident reported in Delhi NCR,Delhi NCR,False,Delhi NCR,28.609915319355903,77.18872262806951
FIR-INDIA-2025-02047,2025-05-05 19:52:00,THEFT,THEFT incident reported in Mumbai Metro,Mumbai Metro,True,Mumbai Metro,19.076873785707576,72.8878378619267
FIR-INDIA-2026-02048,2026-02-24 15:50:00,THEFT,THEFT incident reported in Bengaluru City,Bengaluru City,False,Bengaluru City,12.994571908287998,77.58698078284948
FIR-INDIA-2026-02049,2026-04-01 16:58:00,BURGLARY,BURGLARY incident reported in Hyderabad Metro,Hyderabad Metro,False,Hyderabad Metro,17.38710281131294,78.44603297254959
FIR-INDIA-2023-02050,2023-08-31 18:54:00,ROBBERY,ROBBERY incident reported in Hyderabad Metro,Hyderabad Metro,True,Hyderabad Metro,17.389209100584875,78.49772132409585
FIR-INDIA-2026-02051,2026-01-25 17:54:00,THEFT,THEFT incident reported in Delhi NCR,Delhi NCR,False,Delhi NCR,28.63125039895218,77.21868418441053
FIR-INDIA-2025-02052,2025-09-21 23:32:00,THEFT,THEFT incident reported in Bengaluru City,Bengaluru City,False,Bengaluru City,12.969344326544864,77.6056383979784
FIR-INDIA-2025-02053,2025-03-19 20:59:00,ASSAULT,ASSAULT incident reported in Hyderabad Metro,Hyderabad Metro,False,Hyderabad Metro,17.37478444174445,78.506043395181
FIR-INDIA-2025-02054,2025-08-16 00:54:00,THEFT,THEFT incident reported in Hyderabad Metro,Hyderabad Metro,True,Hyderabad Metro,17.378059603658986,78.490765634351
FIR-INDIA-2024-02055,2024-05-26 13:55:00,ASSAULT,ASSAULT incident reported in Kolkata City,Kolkata City,False,Kolkata City,22.539625328588233,88.38026710815483
FIR-INDIA-2023-02056,2023-02-20 03:16:00,THEFT,THEFT incident reported in Mumbai Metro,Mumbai Metro,False,Mumbai Metro,19.0619648984569,72.87819533074291
FIR-INDIA-2023-02057,2023-10-27 07:45:00,THEFT,THEFT incident reported in Bengaluru City,Bengaluru City,True,Bengaluru City,12.982006675669428,77.57712495639818
FIR-INDIA-2023-02058,2023-11-20 06:22:00,BURGLARY,BURGLARY incident reported in Hyderabad Metro,Hyderabad Metro,True,Hyderabad Metro,17.401288308308693,78.49841511196291
FIR-INDIA-2024-02059,2024-07-19 12:06:00,THEFT,THEFT incident reported in Delhi NCR,Delhi NCR,False,Delhi NCR,28.60916793429008,77.2153779912022
FIR-INDIA-2025-02060,2025-07-23 01:14:00,BURGLARY,BURGLARY incident reported in Chennai Metro,Chennai Metro,True,Chennai Metro,13.084796359257327,80.26264077923382
FIR-INDIA-2025-02061,2025-03-20 07:10:00,ROBBERY,ROBBERY incident reported in Bengaluru City,Bengaluru City,False,Bengaluru City,12.97277869019577,77.61591511312051
FIR-INDIA-2023-02062,2023-06-20 16:24:00,THEFT,THEFT incident reported in Bengaluru City,Bengaluru City,True,Bengaluru City,12.931025154738219,77.60494421693211
FIR-INDIA-2026-02063,2026-06-19 15:02:00,BURGLARY,BURGLARY incident reported in Mumbai Metro,Mumbai Metro,True,Mumbai Metro,19.06144143772408,72.91036156154401
FIR-INDIA-2024-02064,2024-11-08 16:41:00,CYBER,CYBER incident reported in Hyderabad Metro,Hyderabad Metro,False,Hyderabad Metro,17.3903612778308,78.47555391277075
FIR-INDIA-2023-02065,2023-06-05 09:15:00,THEFT,THEFT incident reported in Hyderabad Metro,Hyderabad Metro,False,Hyderabad Metro,17.39247437185925,78.49825438507547
FIR-INDIA-2023-02066,2023-07-02 03:16:00,OTHER,OTHER incident reported in Delhi NCR,Delhi NCR,False,Delhi NCR,28.620720041792318,77.19992476275941
FIR-INDIA-2023-02067,2023-10-06 03:44:00,ROBBERY,ROBBERY incident reported in Delhi NCR,Delhi NCR,False,Delhi NCR,28.642518859763477,77.22589812725141
FIR-INDIA-2026-02068,2026-03-20 14:16:00,ASSAULT,ASSAULT incident reported in Delhi NCR,Delhi NCR,False,Delhi NCR,28.613417528044398,77.21471152230346
FIR-INDIA-2024-02069,2024-06-25 19:28:00,CYBER,CYBER incident reported in Mumbai Metro,Mumbai Metro,False,Mumbai Metro,19.08728554954103,72.86693042754099
FIR-INDIA-2024-02070,2024-08-03 19:44:00,ASSAULT,ASSAULT incident reported in Bengaluru City,Bengaluru City,False,Bengaluru City,12.966663482233303,77.57594177649763
FIR-INDIA-2025-02071,2025-11-01 15:44:00,CYBER,CYBER incident reported in Kolkata City,Kolkata City,True,Kolkata City,22.571269653892905,88.34655890710822
FIR-INDIA-2023-02072,2023-12-02 12:29:00,CYBER,CYBER incident reported in Chennai Metro,Chennai Metro,False,Chennai Metro,13.065415962392368,80.27870742677652
FIR-INDIA-2026-02073,2026-01-31 07:13:00,ROBBERY,ROBBERY incident reported in Mumbai Metro,Mumbai Metro,True,Mumbai Metro,19.059901657208428,72.89705373170551
FIR-INDIA-2023-02074,2023-04-27 03:48:00,ROBBERY,ROBBERY incident reported in Mumbai Metro,Mumbai Metro,True,Mumbai Metro,19.06151993529777,72.86544934781666
FIR-INDIA-2025-02075,2025-05-28 21:26:00,THEFT,THEFT incident reported in Delhi NCR,Delhi NCR,False,Delhi NCR,28.608500708994693,77.2125577979989
FIR-INDIA-2024-02076,2024-03-19 08:12:00,THEFT,THEFT incident reported in Kolkata City,Kolkata City,False,Kolkata City,22.569822766196342,88.33463637887391
FIR-INDIA-2025-02077,2025-08-22 17:14:00,ROBBERY,ROBBERY incident reported in Hyderabad Metro,Hyderabad Metro,False,Hyderabad Metro,17.3713343246841,78.49678570377716
FIR-INDIA-2023-02078,2023-03-10 17:54:00,ROBBERY,ROBBERY incident reported in Bengaluru City,Bengaluru City,False,Bengaluru City,12.958063520924295,77.59459471791206
FIR-INDIA-2025-02079,2025-12-26 16:10:00,THEFT,THEFT incident reported in Mumbai Metro,Mumbai Metro,False,Mumbai Metro,19.076068198490624,72.86394822528135
FIR-INDIA-2026-02080,2026-07-08 23:40:00,ROBBERY,ROBBERY incident reported in Bengaluru City,Bengaluru City,False,Bengaluru City,12.990115885255587,77.61332409450631
FIR-INDIA-2023-02081,2023-02-09 23:07:00,CYBER,CYBER incident reported in Mumbai Metro,Mumbai Metro,False,Mumbai Metro,19.07607618681105,72.87952385458996
FIR-INDIA-2024-02082,2024-11-04 09:12:00,ROBBERY,ROBBERY incident reported in Delhi NCR,Delhi NCR,True,Delhi NCR,28.60654151538971,77.20276084747587
FIR-INDIA-2024-02083,2024-11-19 13:32:00,THEFT,THEFT incident reported in Kolkata City,Kolkata City,False,Kolkata City,22.578500933527067,88.37731379734257
FIR-INDIA-2025-02084,2025-12-21 20:07:00,THEFT,THEFT incident reported in Bengaluru City,Bengaluru City,False,Bengaluru City,13.00870136669776,77.60735593846816
FIR-INDIA-2026-02085,2026-03-12 12:52:00,CYBER,CYBER incident reported in Ahmedabad,Ahmedabad,False,Ahmedabad,23.02604692343121,72.57503787113822
FIR-INDIA-2023-02086,2023-12-03 10:43:00,BURGLARY,BURGLARY incident reported in Delhi NCR,Delhi NCR,False,Delhi NCR,28.597499366863122,77.20639302781808
FIR-INDIA-2026-02087,2026-03-16 13:47:00,THEFT,THEFT incident reported in Delhi NCR,Delhi NCR,False,Delhi NCR,28.654020687786094,77.19834269513996
FIR-INDIA-2025-02088,2025-02-22 05:26:00,ASSAULT,ASSAULT incident reported in Mumbai Metro,Mumbai Metro,False,Mumbai Metro,19.097800160628776,72.89174864278671
FIR-INDIA-2026-02089,2026-03-17 01:41:00,THEFT,THEFT incident reported in Hyderabad Metro,Hyderabad Metro,False,Hyderabad Metro,17.39710036589183,78.48754575541383
FIR-INDIA-2025-02090,2025-12-30 11:09:00,ROBBERY,ROBBERY incident reported in Mumbai Metro,Mumbai Metro,True,Mumbai Metro,19.069854167623188,72.89813413312363
FIR-INDIA-2024-02091,2024-05-19 00:34:00,OTHER,OTHER incident reported in Delhi NCR,Delhi NCR,False,Delhi NCR,28.622901165044045,77.20659508145036
FIR-INDIA-2025-02092,2025-06-20 04:41:00,THEFT,THEFT incident reported in Kolkata City,Kolkata City,True,Kolkata City,22.560888683233035,88.38850396399846
FIR-INDIA-2024-02093,2024-03-27 19:17:00,THEFT,THEFT incident reported in Kolkata City,Kolkata City,True,Kolkata City,22.568982258796215,88.34704264629427
FIR-INDIA-2023-02094,2023-12-09 17:15:00,THEFT,THEFT incident reported in Hyderabad Metro,Hyderabad Metro,False,Hyderabad Metro,17.401938321182556,78.50307004850977
FIR-INDIA-2023-02095,2023-11-02 18:25:00,THEFT,THEFT incident reported in Mumbai Metro,Mumbai Metro,False,Mumbai Metro,19.068238547769788,72.85008241341687
FIR-INDIA-2026-02096,2026-04-24 20:16:00,ROBBERY,ROBBERY incident reported in Delhi NCR,Delhi NCR,True,Delhi NCR,28.61069276528392,77.23806123411735
FIR-INDIA-2024-02097,2024-04-09 06:43:00,ASSAULT,ASSAULT incident reported in Ahmedabad,Ahmedabad,False,Ahmedabad,23.01818254032366,72.54879305930329
FIR-INDIA-2026-02098,2026-01-22 02:19:00,THEFT,THEFT incident reported in Kolkata City,Kolkata City,False,Kolkata City,22.563144566329683,88.35599748880193
FIR-INDIA-2024-02099,2024-10-23 10:40:00,ASSAULT,ASSAULT incident reported in Mumbai Metro,Mumbai Metro,False,Mumbai Metro,19.059623139896846,72.8863616134873
FIR-INDIA-2023-02100,2023-04-07 14:39:00,THEFT,THEFT incident reported in Hyderabad Metro,Hyderabad Metro,False,Hyderabad Metro,17.390682490567297,78.50018528201585
FIR-INDIA-2023-02101,2023-03-22 13:46:00,ROBBERY,ROBBERY incident reported in Delhi NCR,Delhi NCR,False,Delhi NCR,28.621910110750466,77.21802781665475
FIR-INDIA-2025-02102,2025-10-12 05:43:00,ASSAULT,ASSAULT incident reported in Mumbai Metro,Mumbai Metro,False,Mumbai Metro,19.093195889627893,72.8746489868348
FIR-INDIA-2024-02103,2024-12-14 20:48:00,ASSAULT,ASSAULT incident reported in Mumbai Metro,Mumbai Metro,False,Mumbai Metro,19.089192102852532,72.88988046030948
FIR-INDIA-2026-02104,2026-05-10 07:28:00,THEFT,THEFT incident reported in Delhi NCR,Delhi NCR,False,Delhi NCR,28.619620858155898,77.1954742175139
FIR-INDIA-2023-02105,2023-08-15 16:33:00,ROBBERY,ROBBERY incident reported in Mumbai Metro,Mumbai Metro,False,Mumbai Metro,19.099272227678796,72.89119483891614
FIR-INDIA-2023-02106,2023-12-07 06:19:00,OTHER,OTHER incident reported in Pune,Pune,False,Pune,18.52563890298148,73.86268489950359
FIR-INDIA-2025-02107,2025-03-26 08:04:00,THEFT,THEFT incident reported in Bengaluru City,Bengaluru City,False,Bengaluru City,12.967406368422752,77.60773705853137
FIR-INDIA-2025-02108,2025-12-13 12:53:00,THEFT,THEFT incident reported in Bengaluru City,Bengaluru City,False,Bengaluru City,12.973537370812283,77.56578476897735
FIR-INDIA-2024-02109,2024-05-28 02:08:00,ASSAULT,ASSAULT incident reported in Chennai Metro,Chennai Metro,False,Chennai Metro,13.088435161476045,80.26616516798146
FIR-INDIA-2024-02110,2024-07-02 08:48:00,THEFT,THEFT incident reported in Chennai Metro,Chennai Metro,False,Chennai Metro,13.083075806337009,80.30399293610584
FIR-INDIA-2024-02111,2024-01-23 18:07:00,THEFT,THEFT incident reported in Kolkata City,Kolkata City,False,Kolkata City,22.59203328946921,88.35980692554514
FIR-INDIA-2023-02112,2023-11-12 02:57:00,THEFT,THEFT incident reported in Bengaluru City,Bengaluru City,True,Bengaluru City,12.959907855073656,77.59639192297107
FIR-INDIA-2023-02113,2023-01-13 18:57:00,BURGLARY,BURGLARY incident reported in Bengaluru City,Bengaluru City,False,Bengaluru City,12.99111361449,77.5787548113983
FIR-INDIA-2023-02114,2023-02-18 14:06:00,THEFT,THEFT incident reported in Mumbai Metro,Mumbai Metro,True,Mumbai Metro,19.094817329252322,72.87921255869256
FIR-INDIA-2026-02115,2026-08-06 23:17:00,CYBER,CYBER incident reported in Mumbai Metro,Mumbai Metro,False,Mumbai Metro,19.068846480658422,72.89396370084475
FIR-INDIA-2025-02116,2025-09-22 15:13:00,THEFT,THEFT incident reported in Mumbai Metro,Mumbai Metro,True,Mumbai Metro,19.09279261306686,72.8740371041676
FIR-INDIA-2026-02117,2026-04-11 01:52:00,ASSAULT,ASSAULT incident reported in Hyderabad Metro,Hyderabad Metro,True,Hyderabad Metro,17.408108531364054,78.50351986723233
FIR-INDIA-2025-02118,2025-12-11 23:35:00,ROBBERY,ROBBERY incident reported in Chennai Metro,Chennai Metro,False,Chennai Metro,13.089293993619822,80.27055123327006
FIR-INDIA-2023-02119,2023-04-05 12:14:00,THEFT,THEFT incident reported in Delhi NCR,Delhi NCR,False,Delhi NCR,28.62505775410508,77.23003306445678
FIR-INDIA-2024-02120,2024-02-09 03:15:00,ASSAULT,ASSAULT incident reported in Hyderabad Metro,Hyderabad Metro,True,Hyderabad Metro,17.382139991515782,78.47446571870675
FIR-INDIA-2023-02121,2023-10-27 08:32:00,CYBER,CYBER incident reported in Delhi NCR,Delhi NCR,False,Delhi NCR,28.609958453617647,77.20032926538329
FIR-INDIA-2026-02122,2026-04-03 07:37:00,BURGLARY,BURGLARY incident reported in Chennai Metro,Chennai Metro,False,Chennai Metro,13.090999632597788,80.26362085477625
FIR-INDIA-2024-02123,2024-01-07 23:18:00,THEFT,THEFT incident reported in Hyderabad Metro,Hyderabad Metro,False,Hyderabad Metro,17.363873056613095,78.51426271520333
FIR-INDIA-2023-02124,2023-02-15 13:15:00,ROBBERY,ROBBERY incident reported in Mumbai Metro,Mumbai Metro,False,Mumbai Metro,19.07766622295592,72.8597774995683
FIR-INDIA-2025-02125,2025-09-12 23:09:00,ROBBERY,ROBBERY incident reported in Bengaluru City,Bengaluru City,False,Bengaluru City,12.973207114004987,77.57493404377782
FIR-INDIA-2025-02126,2025-06-15 19:33:00,ASSAULT,ASSAULT incident reported in Delhi NCR,Delhi NCR,False,Delhi NCR,28.619175178428982,77.2148979514061
FIR-INDIA-2025-02127,2025-04-21 00:43:00,BURGLARY,BURGLARY incident reported in Hyderabad Metro,Hyderabad Metro,False,Hyderabad Metro,17.37854868303116,78.51617299299868
FIR-INDIA-2023-02128,2023-06-23 12:12:00,CYBER,CYBER incident reported in Bengaluru City,Bengaluru City,True,Bengaluru City,12.946489817447901,77.57047848043761
FIR-INDIA-2024-02129,2024-10-28 10:45:00,ASSAULT,ASSAULT incident reported in Hyderabad Metro,Hyderabad Metro,False,Hyderabad Metro,17.38777295169526,78.5028654324814
FIR-INDIA-2025-02130,2025-09-12 12:19:00,OTHER,OTHER incident reported in Ahmedabad,Ahmedabad,False,Ahmedabad,23.01531416956934,72.56086675699089
FIR-INDIA-2023-02131,2023-06-28 02:39:00,ROBBERY,ROBBERY incident reported in Bengaluru City,Bengaluru City,False,Bengaluru City,12.984661677401762,77.57424292544464
FIR-INDIA-2024-02132,2024-01-22 12:26:00,ROBBERY,ROBBERY incident reported in Delhi NCR,Delhi NCR,False,Delhi NCR,28.57563163570582,77.19575421662438
FIR-INDIA-2026-02133,2026-01-06 02:47:00,BURGLARY,BURGLARY incident reported in Chennai Metro,Chennai Metro,True,Chennai Metro,13.070668683149743,80.276571453954
FIR-INDIA-2024-02134,2024-02-21 23:11:00,BURGLARY,BURGLARY incident reported in Hyderabad Metro,Hyderabad Metro,False,Hyderabad Metro,17.38423681128403,78.47251532491777
FIR-INDIA-2025-02135,2025-02-04 10:29:00,ASSAULT,ASSAULT incident reported in Mumbai Metro,Mumbai Metro,False,Mumbai Metro,19.066891457126623,72.88787673877532
FIR-INDIA-2025-02136,2025-09-01 01:58:00,BURGLARY,BURGLARY incident reported in Delhi NCR,Delhi NCR,True,Delhi NCR,28.63962991370942,77.2183330028493
FIR-INDIA-2025-02137,2025-01-29 23:02:00,BURGLARY,BURGLARY incident reported in Hyderabad Metro,Hyderabad Metro,False,Hyderabad Metro,17.390829778960175,78.49140112418922
FIR-INDIA-2026-02138,2026-08-13 07:34:00,ROBBERY,ROBBERY incident reported in Kolkata City,Kolkata City,False,Kolkata City,22.57838343923726,88.36690452119089
FIR-INDIA-2025-02139,2025-10-21 23:13:00,THEFT,THEFT incident reported in Mumbai Metro,Mumbai Metro,True,Mumbai Metro,19.06256500928504,72.86989132962812
FIR-INDIA-2023-02140,2023-10-06 06:05:00,THEFT,THEFT incident reported in Mumbai Metro,Mumbai Metro,False,Mumbai Metro,19.076204525109457,72.86608643789334
FIR-INDIA-2026-02141,2026-06-20 09:25:00,CYBER,CYBER incident reported in Ahmedabad,Ahmedabad,False,Ahmedabad,23.021626163579665,72.59554491707374
FIR-INDIA-2026-02142,2026-05-08 21:53:00,ASSAULT,ASSAULT incident reported in Delhi NCR,Delhi NCR,False,Delhi NCR,28.594025556013417,77.1965337895819
FIR-INDIA-2024-02143,2024-02-23 12:32:00,OTHER,OTHER incident reported in Mumbai Metro,Mumbai Metro,False,Mumbai Metro,19.067578654503368,72.85242530074238
FIR-INDIA-2023-02144,2023-05-14 19:39:00,ROBBERY,ROBBERY incident reported in Mumbai Metro,Mumbai Metro,False,Mumbai Metro,19.07339438333842,72.89229613674982
FIR-INDIA-2025-02145,2025-06-18 18:15:00,BURGLARY,BURGLARY incident reported in Mumbai Metro,Mumbai Metro,False,Mumbai Metro,19.092494236256275,72.86746030602559
FIR-INDIA-2025-02146,2025-08-10 09:22:00,THEFT,THEFT incident reported in Hyderabad Metro,Hyderabad Metro,True,Hyderabad Metro,17.38640976261718,78.47251249152603
FIR-INDIA-2026-02147,2026-02-01 05:53:00,THEFT,THEFT incident reported in Hyderabad Metro,Hyderabad Metro,True,Hyderabad Metro,17.395673138225554,78.49718002280127
FIR-INDIA-2024-02148,2024-09-15 05:29:00,ASSAULT,ASSAULT incident reported in Mumbai Metro,Mumbai Metro,False,Mumbai Metro,19.063376003051484,72.86031573690337
FIR-INDIA-2026-02149,2026-08-19 10:19:00,THEFT,THEFT incident reported in Kolkata City,Kolkata City,False,Kolkata City,22.57509385828171,88.34937926691406
FIR-INDIA-2023-02150,2023-01-19 14:09:00,ASSAULT,ASSAULT incident reported in Bengaluru City,Bengaluru City,False,Bengaluru City,12.977567751610597,77.59416947870525
FIR-INDIA-2026-02151,2026-06-17 05:59:00,ROBBERY,ROBBERY incident reported in Hyderabad Metro,Hyderabad Metro,False,Hyderabad Metro,17.380888609996095,78.49538276989507
FIR-INDIA-2024-02152,2024-01-02 20:22:00,BURGLARY,BURGLARY incident reported in Hyderabad Metro,Hyderabad Metro,True,Hyderabad Metro,17.36658295859261,78.49947869878629
FIR-INDIA-2024-02153,2024-01-16 12:53:00,ASSAULT,ASSAULT incident reported in Delhi NCR,Delhi NCR,True,Delhi NCR,28.61754876090918,77.20425656269215
FIR-INDIA-2023-02154,2023-09-13 08:12:00,THEFT,THEFT incident reported in Delhi NCR,Delhi NCR,False,Delhi NCR,28.616867776759886,77.21100265665801
FIR-INDIA-2025-02155,2025-01-22 14:22:00,BURGLARY,BURGLARY incident reported in Mumbai Metro,Mumbai Metro,False,Mumbai Metro,19.04996209906728,72.88438432137201
FIR-INDIA-2024-02156,2024-03-21 17:44:00,THEFT,THEFT incident reported in Kolkata City,Kolkata City,False,Kolkata City,22.572703513226724,88.38498861047829
FIR-INDIA-2026-02157,2026-03-25 15:52:00,ASSAULT,ASSAULT incident reported in Chennai Metro,Chennai Metro,False,Chennai Metro,13.080414014755137,80.28804671140571
FIR-INDIA-2026-02158,2026-08-23 23:06:00,THEFT,THEFT incident reported in Mumbai Metro,Mumbai Metro,False,Mumbai Metro,19.065462712051286,72.87986072024063
FIR-INDIA-2024-02159,2024-03-10 13:52:00,THEFT,THEFT incident reported in Ahmedabad,Ahmedabad,False,Ahmedabad,23.023681130698566,72.58864257852532
FIR-INDIA-2025-02160,2025-08-13 07:41:00,THEFT,THEFT incident reported in Mumbai Metro,Mumbai Metro,False,Mumbai Metro,19.074281986576928,72.86783009432816
FIR-INDIA-2026-02161,2026-06-06 19:04:00,CYBER,CYBER incident reported in Chennai Metro,Chennai Metro,False,Chennai Metro,13.066828653114888,80.25335848588533
FIR-INDIA-2025-02162,2025-12-14 06:27:00,ASSAULT,ASSAULT incident reported in Kolkata City,Kolkata City,False,Kolkata City,22.582035144228865,88.37550524714135
FIR-INDIA-2025-02163,2025-01-31 09:49:00,CYBER,CYBER incident reported in Mumbai Metro,Mumbai Metro,True,Mumbai Metro,19.06817007114379,72.90679326506734
FIR-INDIA-2023-02164,2023-01-11 20:12:00,THEFT,THEFT incident reported in Mumbai Metro,Mumbai Metro,True,Mumbai Metro,19.077253796473684,72.87155104378124
FIR-INDIA-2026-02165,2026-04-27 08:54:00,ROBBERY,ROBBERY incident reported in Kolkata City,Kolkata City,False,Kolkata City,22.581439879136052,88.33778829118411
FIR-INDIA-2023-02166,2023-08-11 18:12:00,CYBER,CYBER incident reported in Kolkata City,Kolkata City,False,Kolkata City,22.582229691670488,88.38254863159455
FIR-INDIA-2023-02167,2023-01-07 15:32:00,ROBBERY,ROBBERY incident reported in Delhi NCR,Delhi NCR,False,Delhi NCR,28.61508894622781,77.2157289114733
FIR-INDIA-2024-02168,2024-07-05 11:05:00,ASSAULT,ASSAULT incident reported in Bengaluru City,Bengaluru City,False,Bengaluru City,12.969995676227642,77.6002982934513
FIR-INDIA-2023-02169,2023-09-16 08:53:00,ASSAULT,ASSAULT incident reported in Hyderabad Metro,Hyderabad Metro,False,Hyderabad Metro,17.351353664816695,78.49278682892381
FIR-INDIA-2025-02170,2025-08-05 19:53:00,THEFT,THEFT incident reported in Chennai Metro,Chennai Metro,False,Chennai Metro,13.091879462612704,80.27114825863607
FIR-INDIA-2025-02171,2025-09-17 18:42:00,THEFT,THEFT incident reported in Chennai Metro,Chennai Metro,False,Chennai Metro,13.086465560582075,80.26675807814384
FIR-INDIA-2026-02172,2026-06-08 12:22:00,THEFT,THEFT incident reported in Mumbai Metro,Mumbai Metro,False,Mumbai Metro,19.05919895728081,72.88332147307197
FIR-INDIA-2023-02173,2023-07-03 08:14:00,CYBER,CYBER incident reported in Delhi NCR,Delhi NCR,False,Delhi NCR,28.61398575985312,77.21201624171508
FIR-INDIA-2026-02174,2026-08-25 08:00:00,BURGLARY,BURGLARY incident reported in Chennai Metro,Chennai Metro,True,Chennai Metro,13.083698039685371,80.2592439504569
FIR-INDIA-2026-02175,2026-07-28 01:50:00,THEFT,THEFT incident reported in Ahmedabad,Ahmedabad,False,Ahmedabad,23.004005608686434,72.55164883259228
FIR-INDIA-2026-02176,2026-03-24 20:15:00,THEFT,THEFT incident reported in Kolkata City,Kolkata City,False,Kolkata City,22.557589762163758,88.37120061217176
FIR-INDIA-2026-02177,2026-08-18 09:21:00,CYBER,CYBER incident reported in Delhi NCR,Delhi NCR,False,Delhi NCR,28.587478459419714,77.20678190573733
FIR-INDIA-2025-02178,2025-06-20 16:01:00,BURGLARY,BURGLARY incident reported in Mumbai Metro,Mumbai Metro,False,Mumbai Metro,19.08480092869734,72.87253842998844
FIR-INDIA-2023-02179,2023-05-01 08:21:00,THEFT,THEFT incident reported in Chennai Metro,Chennai Metro,False,Chennai Metro,13.07355959526768,80.27097558891914
FIR-INDIA-2023-02180,2023-07-20 02:50:00,THEFT,THEFT incident reported in Delhi NCR,Delhi NCR,False,Delhi NCR,28.646751328375398,77.20519120837047
FIR-INDIA-2026-02181,2026-04-05 05:26:00,THEFT,THEFT incident reported in Kolkata City,Kolkata City,False,Kolkata City,22.580826793562625,88.36356822849233
FIR-INDIA-2025-02182,2025-02-06 11:22:00,THEFT,THEFT incident reported in Mumbai Metro,Mumbai Metro,False,Mumbai Metro,19.04952178653337,72.87838340343416
FIR-INDIA-2025-02183,2025-07-13 16:58:00,ROBBERY,ROBBERY incident reported in Delhi NCR,Delhi NCR,True,Delhi NCR,28.598049569536865,77.20107645035631
FIR-INDIA-2024-02184,2024-06-12 01:09:00,THEFT,THEFT incident reported in Mumbai Metro,Mumbai Metro,True,Mumbai Metro,19.09560721660182,72.88095036333705
FIR-INDIA-2024-02185,2024-03-07 18:32:00,ROBBERY,ROBBERY incident reported in Pune,Pune,False,Pune,18.515681636655902,73.867058399937
FIR-INDIA-2024-02186,2024-09-08 13:19:00,BURGLARY,BURGLARY incident reported in Bengaluru City,Bengaluru City,True,Bengaluru City,12.949247566917293,77.60603637739584
FIR-INDIA-2025-02187,2025-12-22 10:58:00,ASSAULT,ASSAULT incident reported in Chennai Metro,Chennai Metro,False,Chennai Metro,13.074889973415495,80.24972822909825
FIR-INDIA-2023-02188,2023-02-15 13:14:00,ASSAULT,ASSAULT incident reported in Bengaluru City,Bengaluru City,False,Bengaluru City,12.958618815594152,77.62139743600652
FIR-INDIA-2025-02189,2025-02-21 06:59:00,THEFT,THEFT incident reported in Mumbai Metro,Mumbai Metro,False,Mumbai Metro,19.062267344049964,72.87125194842389
FIR-INDIA-2025-02190,2025-05-22 02:43:00,ASSAULT,ASSAULT incident reported in Kolkata City,Kolkata City,False,Kolkata City,22.576982032773525,88.38298272034716
FIR-INDIA-2024-02191,2024-12-01 13:09:00,BURGLARY,BURGLARY incident reported in Delhi NCR,Delhi NCR,False,Delhi NCR,28.61265175794667,77.21971142548209
FIR-INDIA-2023-02192,2023-11-13 09:18:00,CYBER,CYBER incident reported in Hyderabad Metro,Hyderabad Metro,False,Hyderabad Metro,17.3931520627598,78.4934162363814
FIR-INDIA-2023-02193,2023-02-24 21:29:00,THEFT,THEFT incident reported in Delhi NCR,Delhi NCR,True,Delhi NCR,28.599626381343114,77.19904823318683
FIR-INDIA-2023-02194,2023-11-11 18:32:00,OTHER,OTHER incident reported in Mumbai Metro,Mumbai Metro,True,Mumbai Metro,19.09848290406026,72.86625362752825
FIR-INDIA-2025-02195,2025-09-11 02:34:00,THEFT,THEFT incident reported in Bengaluru City,Bengaluru City,True,Bengaluru City,12.965393904830128,77.56992014388038
FIR-INDIA-2024-02196,2024-12-13 10:41:00,THEFT,THEFT incident reported in Pune,Pune,False,Pune,18.522125459385204,73.87184169051362
FIR-INDIA-2023-02197,2023-12-28 14:55:00,THEFT,THEFT incident reported in Bengaluru City,Bengaluru City,False,Bengaluru City,12.955229780348366,77.58339902328599
FIR-INDIA-2023-02198,2023-07-14 04:50:00,THEFT,THEFT incident reported in Kolkata City,Kolkata City,False,Kolkata City,22.596032669555388,88.35787267607085
FIR-INDIA-2024-02199,2024-09-09 19:16:00,ASSAULT,ASSAULT incident reported in Mumbai Metro,Mumbai Metro,False,Mumbai Metro,19.057289510734403,72.88153548551047
FIR-INDIA-2023-02200,2023-09-25 09:54:00,THEFT,THEFT incident reported in Hyderabad Metro,Hyderabad Metro,True,Hyderabad Metro,17.372830742642208,78.48001400041883
FIR-INDIA-2026-02201,2026-05-11 09:47:00,ASSAULT,ASSAULT incident reported in Mumbai Metro,Mumbai Metro,False,Mumbai Metro,19.065543366636927,72.88702649001026
FIR-INDIA-2024-02202,2024-03-09 00:23:00,BURGLARY,BURGLARY incident reported in Hyderabad Metro,Hyderabad Metro,False,Hyderabad Metro,17.38680234251764,78.46791869534799
FIR-INDIA-2024-02203,2024-12-08 14:57:00,THEFT,THEFT incident reported in Bengaluru City,Bengaluru City,False,Bengaluru City,12.9581365451535,77.60841962892853
FIR-INDIA-2023-02204,2023-06-28 17:00:00,THEFT,THEFT incident reported in Ahmedabad,Ahmedabad,False,Ahmedabad,23.026677612431207,72.56892805667124
FIR-INDIA-2026-02205,2026-05-09 05:43:00,CYBER,CYBER incident reported in Pune,Pune,False,Pune,18.531600293968193,73.84331641760856
FIR-INDIA-2024-02206,2024-08-23 22:21:00,ASSAULT,ASSAULT incident reported in Kolkata City,Kolkata City,True,Kolkata City,22.57000819550997,88.37192318940015
FIR-INDIA-2025-02207,2025-11-06 06:42:00,THEFT,THEFT incident reported in Hyderabad Metro,Hyderabad Metro,False,Hyderabad Metro,17.418260877358335,78.47897244617822
FIR-INDIA-2025-02208,2025-02-10 07:41:00,ASSAULT,ASSAULT incident reported in Kolkata City,Kolkata City,False,Kolkata City,22.57155630684496,88.35349130696056
FIR-INDIA-2025-02209,2025-05-09 03:01:00,THEFT,THEFT incident reported in Mumbai Metro,Mumbai Metro,False,Mumbai Metro,19.09318044328521,72.86954657122678
FIR-INDIA-2026-02210,2026-02-02 12:52:00,CYBER,CYBER incident reported in Kolkata City,Kolkata City,False,Kolkata City,22.544019162672893,88.37904876162443
FIR-INDIA-2025-02211,2025-08-27 14:51:00,OTHER,OTHER incident reported in Hyderabad Metro,Hyderabad Metro,True,Hyderabad Metro,17.390433185318408,78.47493349442237
FIR-INDIA-2025-02212,2025-03-28 09:44:00,BURGLARY,BURGLARY incident reported in Kolkata City,Kolkata City,True,Kolkata City,22.57697646945907,88.34620058562594
FIR-INDIA-2024-02213,2024-09-29 07:30:00,OTHER,OTHER incident reported in Kolkata City,Kolkata City,False,Kolkata City,22.596733538565516,88.34098007437186
FIR-INDIA-2023-02214,2023-08-22 09:44:00,BURGLARY,BURGLARY incident reported in Kolkata City,Kolkata City,False,Kolkata City,22.545409143942678,88.38075106459516
FIR-INDIA-2026-02215,2026-05-09 16:20:00,ASSAULT,ASSAULT incident reported in Pune,Pune,False,Pune,18.504786313397442,73.84102349437
FIR-INDIA-2025-02216,2025-10-19 20:27:00,ASSAULT,ASSAULT incident reported in Bengaluru City,Bengaluru City,False,Bengaluru City,12.965637786589856,77.59274347969126
FIR-INDIA-2024-02217,2024-04-01 16:47:00,ASSAULT,ASSAULT incident reported in Hyderabad Metro,Hyderabad Metro,True,Hyderabad Metro,17.371969705926972,78.47837128811854
FIR-INDIA-2026-02218,2026-03-22 03:36:00,CYBER,CYBER incident reported in Delhi NCR,Delhi NCR,False,Delhi NCR,28.61695040493848,77.2092228984146
FIR-INDIA-2026-02219,2026-05-16 11:21:00,CYBER,CYBER incident reported in Bengaluru City,Bengaluru City,False,Bengaluru City,12.961954617878556,77.58665104827489
FIR-INDIA-2023-02220,2023-08-20 23:17:00,ASSAULT,ASSAULT incident reported in Delhi NCR,Delhi NCR,False,Delhi NCR,28.609109971123345,77.22732573976639
FIR-INDIA-2023-02221,2023-03-18 12:45:00,OTHER,OTHER incident reported in Chennai Metro,Chennai Metro,True,Chennai Metro,13.066703375585776,80.27063741629637
FIR-INDIA-2025-02222,2025-04-11 12:34:00,ASSAULT,ASSAULT incident reported in Ahmedabad,Ahmedabad,True,Ahmedabad,23.032062329231376,72.56029903032699
FIR-INDIA-2024-02223,2024-09-01 07:30:00,ASSAULT,ASSAULT incident reported in Delhi NCR,Delhi NCR,False,Delhi NCR,28.63519231176335,77.2070862331003
FIR-INDIA-2025-02224,2025-06-01 16:48:00,ROBBERY,ROBBERY incident reported in Delhi NCR,Delhi NCR,False,Delhi NCR,28.623443956342093,77.21274362142248
FIR-INDIA-2025-02225,2025-10-06 16:13:00,ASSAULT,ASSAULT incident reported in Bengaluru City,Bengaluru City,False,Bengaluru City,12.992994938229808,77.5952037701752
FIR-INDIA-2025-02226,2025-01-22 22:31:00,THEFT,THEFT incident reported in Kolkata City,Kolkata City,False,Kolkata City,22.59333955936441,88.34740256543655
FIR-INDIA-2023-02227,2023-11-28 21:37:00,THEFT,THEFT incident reported in Hyderabad Metro,Hyderabad Metro,False,Hyderabad Metro,17.36860962126978,78.48605740372872
FIR-INDIA-2024-02228,2024-10-08 01:40:00,THEFT,THEFT incident reported in Mumbai Metro,Mumbai Metro,True,Mumbai Metro,19.095549236788,72.88801271888192
FIR-INDIA-2023-02229,2023-05-02 20:03:00,THEFT,THEFT incident reported in Mumbai Metro,Mumbai Metro,False,Mumbai Metro,19.06267105642004,72.86397312937304
FIR-INDIA-2025-02230,2025-09-20 03:21:00,THEFT,THEFT incident reported in Kolkata City,Kolkata City,False,Kolkata City,22.60334887251719,88.35004974852478
FIR-INDIA-2023-02231,2023-11-28 19:48:00,CYBER,CYBER incident reported in Kolkata City,Kolkata City,False,Kolkata City,22.58782035971883,88.39150149943144
FIR-INDIA-2024-02232,2024-01-03 07:47:00,ASSAULT,ASSAULT incident reported in Mumbai Metro,Mumbai Metro,False,Mumbai Metro,19.09590776868365,72.87108497261409
FIR-INDIA-2024-02233,2024-12-30 22:52:00,THEFT,THEFT incident reported in Chennai Metro,Chennai Metro,False,Chennai Metro,13.098505499006873,80.27830538674897
FIR-INDIA-2023-02234,2023-05-01 22:34:00,ASSAULT,ASSAULT incident reported in Delhi NCR,Delhi NCR,False,Delhi NCR,28.62894753759891,77.20613091394213
FIR-INDIA-2023-02235,2023-11-18 17:05:00,THEFT,THEFT incident reported in Bengaluru City,Bengaluru City,False,Bengaluru City,12.98004467730808,77.59443132483321
FIR-INDIA-2026-02236,2026-05-05 20:34:00,THEFT,THEFT incident reported in Chennai Metro,Chennai Metro,False,Chennai Metro,13.065532815800283,80.2761045312111
FIR-INDIA-2025-02237,2025-06-07 01:34:00,BURGLARY,BURGLARY incident reported in Ahmedabad,Ahmedabad,False,Ahmedabad,23.0132531098421,72.55392565691858
FIR-INDIA-2023-02238,2023-02-12 00:17:00,THEFT,THEFT incident reported in Hyderabad Metro,Hyderabad Metro,False,Hyderabad Metro,17.386314751671733,78.48766247716388
FIR-INDIA-2026-02239,2026-02-20 22:07:00,CYBER,CYBER incident reported in Ahmedabad,Ahmedabad,False,Ahmedabad,23.033496174147807,72.56916643999259
FIR-INDIA-2024-02240,2024-06-23 14:04:00,THEFT,THEFT incident reported in Mumbai Metro,Mumbai Metro,False,Mumbai Metro,19.052983127019328,72.87186161868311
FIR-INDIA-2024-02241,2024-06-30 04:07:00,CYBER,CYBER incident reported in Hyderabad Metro,Hyderabad Metro,True,Hyderabad Metro,17.388137929289172,78.4795881123547
FIR-INDIA-2023-02242,2023-02-27 12:17:00,ASSAULT,ASSAULT incident reported in Chennai Metro,Chennai Metro,False,Chennai Metro,13.083872114749747,80.27309205598424
FIR-INDIA-2024-02243,2024-02-18 15:32:00,THEFT,THEFT incident reported in Chennai Metro,Chennai Metro,False,Chennai Metro,13.073584137140507,80.29551392165693
FIR-INDIA-2025-02244,2025-04-02 10:10:00,CYBER,CYBER incident reported in Pune,Pune,False,Pune,18.52897553889042,73.873075253431
FIR-INDIA-2025-02245,2025-11-08 03:36:00,CYBER,CYBER incident reported in Mumbai Metro,Mumbai Metro,False,Mumbai Metro,19.104619781535913,72.89884651099021
FIR-INDIA-2023-02246,2023-02-13 00:22:00,ASSAULT,ASSAULT incident reported in Bengaluru City,Bengaluru City,False,Bengaluru City,12.980780485404734,77.61207073215094
FIR-INDIA-2025-02247,2025-05-15 16:59:00,BURGLARY,BURGLARY incident reported in Ahmedabad,Ahmedabad,False,Ahmedabad,23.03910897701036,72.56214020854247
FIR-INDIA-2026-02248,2026-04-05 21:00:00,ROBBERY,ROBBERY incident reported in Kolkata City,Kolkata City,False,Kolkata City,22.56333564052274,88.36504528829333
FIR-INDIA-2025-02249,2025-03-14 14:41:00,THEFT,THEFT incident reported in Mumbai Metro,Mumbai Metro,False,Mumbai Metro,19.07263875477202,72.8788844709603
FIR-INDIA-2024-02250,2024-12-10 20:31:00,THEFT,THEFT incident reported in Bengaluru City,Bengaluru City,False,Bengaluru City,12.9663052395503,77.59211513666007
FIR-INDIA-2025-02251,2025-08-20 07:21:00,THEFT,THEFT incident reported in Chennai Metro,Chennai Metro,False,Chennai Metro,13.08749647998292,80.2526109207519
FIR-INDIA-2025-02252,2025-04-11 07:34:00,ROBBERY,ROBBERY incident reported in Chennai Metro,Chennai Metro,False,Chennai Metro,13.075811728873976,80.25952700142844
FIR-INDIA-2025-02253,2025-06-17 13:03:00,THEFT,THEFT incident reported in Mumbai Metro,Mumbai Metro,False,Mumbai Metro,19.051323013878523,72.88021854475149
FIR-INDIA-2025-02254,2025-11-26 02:27:00,ASSAULT,ASSAULT incident reported in Mumbai Metro,Mumbai Metro,False,Mumbai Metro,19.09192280758151,72.88854842565479
FIR-INDIA-2024-02255,2024-07-13 22:39:00,THEFT,THEFT incident reported in Chennai Metro,Chennai Metro,False,Chennai Metro,13.080471735384773,80.25816584513342
FIR-INDIA-2026-02256,2026-06-06 07:32:00,THEFT,THEFT incident reported in Chennai Metro,Chennai Metro,False,Chennai Metro,13.069407625802869,80.26220190533672
FIR-INDIA-2024-02257,2024-12-13 04:11:00,ROBBERY,ROBBERY incident reported in Hyderabad Metro,Hyderabad Metro,False,Hyderabad Metro,17.37036416558265,78.49897796591569
FIR-INDIA-2025-02258,2025-07-23 14:30:00,ROBBERY,ROBBERY incident reported in Bengaluru City,Bengaluru City,False,Bengaluru City,12.967905559273103,77.60543956715163
FIR-INDIA-2026-02259,2026-03-19 19:59:00,THEFT,THEFT incident reported in Chennai Metro,Chennai Metro,False,Chennai Metro,13.053087291636707,80.27363242870828
FIR-INDIA-2023-02260,2023-08-11 23:06:00,ASSAULT,ASSAULT incident reported in Hyderabad Metro,Hyderabad Metro,True,Hyderabad Metro,17.383424674833627,78.52018516293973
FIR-INDIA-2025-02261,2025-10-22 00:59:00,ASSAULT,ASSAULT incident reported in Kolkata City,Kolkata City,False,Kolkata City,22.587684904336975,88.36888475337581
FIR-INDIA-2025-02262,2025-07-09 11:47:00,ASSAULT,ASSAULT incident reported in Kolkata City,Kolkata City,False,Kolkata City,22.56483575307522,88.36181425642367
FIR-INDIA-2025-02263,2025-01-28 17:21:00,ASSAULT,ASSAULT incident reported in Delhi NCR,Delhi NCR,True,Delhi NCR,28.61320663105672,77.21245371056582
FIR-INDIA-2026-02264,2026-04-19 21:17:00,THEFT,THEFT incident reported in Delhi NCR,Delhi NCR,False,Delhi NCR,28.63399807150585,77.19058176247036
FIR-INDIA-2025-02265,2025-08-14 05:36:00,CYBER,CYBER incident reported in Bengaluru City,Bengaluru City,True,Bengaluru City,12.94146666250625,77.5919165505455
FIR-INDIA-2023-02266,2023-04-22 05:16:00,CYBER,CYBER incident reported in Mumbai Metro,Mumbai Metro,False,Mumbai Metro,19.102788205193978,72.88184078520337
FIR-INDIA-2025-02267,2025-08-29 20:12:00,OTHER,OTHER incident reported in Pune,Pune,True,Pune,18.53764023140373,73.85727266673997
FIR-INDIA-2023-02268,2023-08-02 18:15:00,THEFT,THEFT incident reported in Bengaluru City,Bengaluru City,False,Bengaluru City,12.984482963964819,77.6001166401898
FIR-INDIA-2023-02269,2023-12-06 19:11:00,BURGLARY,BURGLARY incident reported in Delhi NCR,Delhi NCR,False,Delhi NCR,28.602497064611903,77.18806891101471
FIR-INDIA-2024-02270,2024-02-15 06:06:00,ROBBERY,ROBBERY incident reported in Pune,Pune,True,Pune,18.51753348189074,73.87074142584127
FIR-INDIA-2023-02271,2023-06-29 14:47:00,ROBBERY,ROBBERY incident reported in Delhi NCR,Delhi NCR,False,Delhi NCR,28.59396003669179,77.22115332116763
FIR-INDIA-2026-02272,2026-06-01 10:26:00,ASSAULT,ASSAULT incident reported in Pune,Pune,False,Pune,18.542783983448825,73.83828949233038
FIR-INDIA-2023-02273,2023-06-09 03:13:00,BURGLARY,BURGLARY incident reported in Bengaluru City,Bengaluru City,False,Bengaluru City,12.991188218381406,77.59465969605631
FIR-INDIA-2025-02274,2025-08-20 16:35:00,CYBER,CYBER incident reported in Kolkata City,Kolkata City,False,Kolkata City,22.558366875160896,88.35037040314018
FIR-INDIA-2023-02275,2023-12-27 12:39:00,ROBBERY,ROBBERY incident reported in Delhi NCR,Delhi NCR,True,Delhi NCR,28.5974475661346,77.2176712805371
FIR-INDIA-2025-02276,2025-04-06 21:57:00,ROBBERY,ROBBERY incident reported in Pune,Pune,False,Pune,18.50578436309144,73.86935667451407
FIR-INDIA-2025-02277,2025-11-02 01:00:00,THEFT,THEFT incident reported in Chennai Metro,Chennai Metro,False,Chennai Metro,13.090310241317724,80.27928595011306
FIR-INDIA-2024-02278,2024-11-14 06:18:00,ASSAULT,ASSAULT incident reported in Bengaluru City,Bengaluru City,False,Bengaluru City,12.964126619637705,77.59183012502616
FIR-INDIA-2023-02279,2023-10-29 20:33:00,BURGLARY,BURGLARY incident reported in Delhi NCR,Delhi NCR,False,Delhi NCR,28.628215277594038,77.2239641982027
FIR-INDIA-2023-02280,2023-10-09 02:25:00,ASSAULT,ASSAULT incident reported in Kolkata City,Kolkata City,False,Kolkata City,22.59103111397566,88.3710247623624
FIR-INDIA-2024-02281,2024-04-19 13:38:00,ASSAULT,ASSAULT incident reported in Pune,Pune,True,Pune,18.53230870467999,73.84492448951367
FIR-INDIA-2025-02282,2025-09-18 06:14:00,THEFT,THEFT incident reported in Hyderabad Metro,Hyderabad Metro,False,Hyderabad Metro,17.396841025040274,78.50814778082517
FIR-INDIA-2023-02283,2023-02-15 00:08:00,THEFT,THEFT incident reported in Hyderabad Metro,Hyderabad Metro,False,Hyderabad Metro,17.37706858964178,78.47380728014711
FIR-INDIA-2023-02284,2023-10-11 04:38:00,ROBBERY,ROBBERY incident reported in Pune,Pune,False,Pune,18.532455836614034,73.85509075740578
FIR-INDIA-2026-02285,2026-04-02 05:56:00,CYBER,CYBER incident reported in Bengaluru City,Bengaluru City,True,Bengaluru City,12.989931747460101,77.61219094147573
FIR-INDIA-2026-02286,2026-02-08 13:07:00,BURGLARY,BURGLARY incident reported in Bengaluru City,Bengaluru City,False,Bengaluru City,12.97270731414368,77.56685657265888
FIR-INDIA-2023-02287,2023-01-23 18:29:00,ASSAULT,ASSAULT incident reported in Mumbai Metro,Mumbai Metro,True,Mumbai Metro,19.07546140580824,72.90250343292799
FIR-INDIA-2026-02288,2026-03-15 14:20:00,THEFT,THEFT incident reported in Chennai Metro,Chennai Metro,False,Chennai Metro,13.091811887174334,80.25006314613404
FIR-INDIA-2024-02289,2024-09-11 01:31:00,THEFT,THEFT incident reported in Hyderabad Metro,Hyderabad Metro,False,Hyderabad Metro,17.358778245462275,78.51062106092562
FIR-INDIA-2025-02290,2025-06-14 18:13:00,THEFT,THEFT incident reported in Chennai Metro,Chennai Metro,True,Chennai Metro,13.089418017818769,80.27994645013878
FIR-INDIA-2024-02291,2024-08-20 07:27:00,ASSAULT,ASSAULT incident reported in Mumbai Metro,Mumbai Metro,True,Mumbai Metro,19.068872819365875,72.89310924387357
FIR-INDIA-2024-02292,2024-08-08 19:31:00,ROBBERY,ROBBERY incident reported in Mumbai Metro,Mumbai Metro,True,Mumbai Metro,19.095281078684085,72.84686235610704
FIR-INDIA-2024-02293,2024-10-11 09:36:00,ROBBERY,ROBBERY incident reported in Chennai Metro,Chennai Metro,False,Chennai Metro,13.06743429702516,80.29525488414501
FIR-INDIA-2025-02294,2025-07-10 19:43:00,THEFT,THEFT incident reported in Kolkata City,Kolkata City,False,Kolkata City,22.559538575666927,88.35170287040755
FIR-INDIA-2025-02295,2025-07-15 10:04:00,THEFT,THEFT incident reported in Kolkata City,Kolkata City,False,Kolkata City,22.58899985345539,88.35572529537711
FIR-INDIA-2024-02296,2024-03-16 23:52:00,BURGLARY,BURGLARY incident reported in Bengaluru City,Bengaluru City,False,Bengaluru City,12.975910787116842,77.56997030242115
FIR-INDIA-2023-02297,2023-03-14 22:35:00,THEFT,THEFT incident reported in Ahmedabad,Ahmedabad,False,Ahmedabad,23.031029134321653,72.5628949692619
FIR-INDIA-2024-02298,2024-03-15 00:46:00,ASSAULT,ASSAULT incident reported in Bengaluru City,Bengaluru City,False,Bengaluru City,12.955547821646437,77.60109861258978
FIR-INDIA-2025-02299,2025-04-25 08:50:00,THEFT,THEFT incident reported in Kolkata City,Kolkata City,False,Kolkata City,22.554555505022464,88.35883935308185
FIR-INDIA-2024-02300,2024-03-09 05:15:00,ASSAULT,ASSAULT incident reported in Mumbai Metro,Mumbai Metro,False,Mumbai Metro,19.096818432646998,72.88765231993658
FIR-INDIA-2026-02301,2026-02-25 14:52:00,THEFT,THEFT incident reported in Delhi NCR,Delhi NCR,False,Delhi NCR,28.58582973388061,77.16955588530485
FIR-INDIA-2025-02302,2025-05-15 03:14:00,CYBER,CYBER incident reported in Bengaluru City,Bengaluru City,True,Bengaluru City,12.972204830711004,77.59626029118232
FIR-INDIA-2025-02303,2025-08-14 09:47:00,ROBBERY,ROBBERY incident reported in Delhi NCR,Delhi NCR,False,Delhi NCR,28.625815482361205,77.18909380257958
FIR-INDIA-2023-02304,2023-08-21 18:53:00,ROBBERY,ROBBERY incident reported in Kolkata City,Kolkata City,False,Kolkata City,22.61749188013736,88.37406490764765
FIR-INDIA-2025-02305,2025-10-19 01:18:00,BURGLARY,BURGLARY incident reported in Kolkata City,Kolkata City,False,Kolkata City,22.5721907103149,88.35586616608096
FIR-INDIA-2026-02306,2026-04-25 12:21:00,ASSAULT,ASSAULT incident reported in Delhi NCR,Delhi NCR,True,Delhi NCR,28.623923782561977,77.20700249269856
FIR-INDIA-2024-02307,2024-01-06 08:22:00,ROBBERY,ROBBERY incident reported in Delhi NCR,Delhi NCR,False,Delhi NCR,28.62429925475627,77.20691486237489
FIR-INDIA-2024-02308,2024-06-17 16:25:00,ROBBERY,ROBBERY incident reported in Mumbai Metro,Mumbai Metro,False,Mumbai Metro,19.075217427444034,72.86068781365694
FIR-INDIA-2024-02309,2024-06-10 18:06:00,ROBBERY,ROBBERY incident reported in Kolkata City,Kolkata City,True,Kolkata City,22.585582721395276,88.35540179920183
FIR-INDIA-2024-02310,2024-07-28 05:29:00,THEFT,THEFT incident reported in Kolkata City,Kolkata City,False,Kolkata City,22.57668318567968,88.36357776702212
FIR-INDIA-2023-02311,2023-09-18 19:19:00,ASSAULT,ASSAULT incident reported in Pune,Pune,False,Pune,18.51998386234128,73.86577366084148
FIR-INDIA-2026-02312,2026-07-05 15:16:00,ASSAULT,ASSAULT incident reported in Bengaluru City,Bengaluru City,True,Bengaluru City,12.971275873842739,77.56864233373939
FIR-INDIA-2026-02313,2026-07-08 10:34:00,THEFT,THEFT incident reported in Mumbai Metro,Mumbai Metro,False,Mumbai Metro,19.074761974480946,72.86968395037135
FIR-INDIA-2024-02314,2024-09-30 02:13:00,THEFT,THEFT incident reported in Chennai Metro,Chennai Metro,False,Chennai Metro,13.080496301167672,80.2851828436082
FIR-INDIA-2024-02315,2024-10-23 20:21:00,THEFT,THEFT incident reported in Bengaluru City,Bengaluru City,False,Bengaluru City,13.009267103514711,77.59588328893119
FIR-INDIA-2023-02316,2023-06-15 16:00:00,OTHER,OTHER incident reported in Hyderabad Metro,Hyderabad Metro,True,Hyderabad Metro,17.35924987292012,78.48153731747352
FIR-INDIA-2025-02317,2025-05-22 09:16:00,ASSAULT,ASSAULT incident reported in Hyderabad Metro,Hyderabad Metro,False,Hyderabad Metro,17.41342509522918,78.48537192286787
FIR-INDIA-2023-02318,2023-04-30 23:56:00,ASSAULT,ASSAULT incident reported in Bengaluru City,Bengaluru City,False,Bengaluru City,12.958829024298105,77.56707035052847
FIR-INDIA-2023-02319,2023-07-23 02:48:00,OTHER,OTHER incident reported in Kolkata City,Kolkata City,False,Kolkata City,22.577761616786837,88.37063801724291
FIR-INDIA-2025-02320,2025-08-14 13:07:00,ASSAULT,ASSAULT incident reported in Bengaluru City,Bengaluru City,False,Bengaluru City,12.99818498903357,77.57547500765581
FIR-INDIA-2023-02321,2023-07-30 07:37:00,CYBER,CYBER incident reported in Ahmedabad,Ahmedabad,True,Ahmedabad,23.046674972260448,72.58309419144727
FIR-INDIA-2023-02322,2023-02-17 18:30:00,BURGLARY,BURGLARY incident reported in Kolkata City,Kolkata City,False,Kolkata City,22.554633068306657,88.3660416528033
FIR-INDIA-2026-02323,2026-04-13 01:40:00,ASSAULT,ASSAULT incident reported in Delhi NCR,Delhi NCR,False,Delhi NCR,28.623341325381546,77.21124076364502
FIR-INDIA-2026-02324,2026-08-18 16:44:00,ASSAULT,ASSAULT incident reported in Delhi NCR,Delhi NCR,True,Delhi NCR,28.605012712340745,77.19769427474266
FIR-INDIA-2025-02325,2025-07-16 05:59:00,BURGLARY,BURGLARY incident reported in Bengaluru City,Bengaluru City,False,Bengaluru City,12.972342307511418,77.60736471242541
FIR-INDIA-2023-02326,2023-07-30 14:33:00,THEFT,THEFT incident reported in Chennai Metro,Chennai Metro,True,Chennai Metro,13.067504174407775,80.26872156431568
FIR-INDIA-2025-02327,2025-08-02 16:57:00,BURGLARY,BURGLARY incident reported in Bengaluru City,Bengaluru City,False,Bengaluru City,12.965727888320114,77.593369959906
FIR-INDIA-2023-02328,2023-03-20 15:51:00,THEFT,THEFT incident reported in Hyderabad Metro,Hyderabad Metro,True,Hyderabad Metro,17.400705562339425,78.51639711820381
FIR-INDIA-2026-02329,2026-05-12 13:29:00,THEFT,THEFT incident reported in Mumbai Metro,Mumbai Metro,False,Mumbai Metro,19.04541614273302,72.89177745988043
FIR-INDIA-2025-02330,2025-06-04 22:21:00,ROBBERY,ROBBERY incident reported in Bengaluru City,Bengaluru City,False,Bengaluru City,12.99157160133463,77.60419926199218
FIR-INDIA-2024-02331,2024-01-13 19:44:00,ASSAULT,ASSAULT incident reported in Delhi NCR,Delhi NCR,False,Delhi NCR,28.623670471595762,77.2025878650038
FIR-INDIA-2023-02332,2023-09-21 18:46:00,ROBBERY,ROBBERY incident reported in Bengaluru City,Bengaluru City,True,Bengaluru City,12.974306866733581,77.62917870378425
FIR-INDIA-2024-02333,2024-08-10 10:48:00,ROBBERY,ROBBERY incident reported in Kolkata City,Kolkata City,False,Kolkata City,22.58150087994776,88.37669555610634
FIR-INDIA-2026-02334,2026-07-23 10:00:00,OTHER,OTHER incident reported in Pune,Pune,True,Pune,18.53853254909425,73.84970762003789
FIR-INDIA-2026-02335,2026-02-22 08:38:00,BURGLARY,BURGLARY incident reported in Bengaluru City,Bengaluru City,False,Bengaluru City,12.96335162863777,77.58586191694464
FIR-INDIA-2024-02336,2024-05-20 06:59:00,THEFT,THEFT incident reported in Mumbai Metro,Mumbai Metro,False,Mumbai Metro,19.081492160745114,72.89917612220499
FIR-INDIA-2024-02337,2024-01-17 06:55:00,THEFT,THEFT incident reported in Pune,Pune,False,Pune,18.537911632172136,73.84633452800004
FIR-INDIA-2026-02338,2026-08-04 21:42:00,BURGLARY,BURGLARY incident reported in Chennai Metro,Chennai Metro,False,Chennai Metro,13.092024523721474,80.30036912711836
FIR-INDIA-2025-02339,2025-04-20 20:21:00,THEFT,THEFT incident reported in Hyderabad Metro,Hyderabad Metro,False,Hyderabad Metro,17.369345136068283,78.49865451569721
FIR-INDIA-2025-02340,2025-02-23 06:55:00,THEFT,THEFT incident reported in Bengaluru City,Bengaluru City,False,Bengaluru City,12.9610677066946,77.58829636299338
FIR-INDIA-2026-02341,2026-05-22 02:00:00,THEFT,THEFT incident reported in Kolkata City,Kolkata City,False,Kolkata City,22.564546294876255,88.36424649259035
FIR-INDIA-2024-02342,2024-01-10 16:02:00,OTHER,OTHER incident reported in Delhi NCR,Delhi NCR,True,Delhi NCR,28.61723067680246,77.20655341664539
FIR-INDIA-2024-02343,2024-10-27 03:34:00,THEFT,THEFT incident reported in Hyderabad Metro,Hyderabad Metro,False,Hyderabad Metro,17.376416585777886,78.4859209666806
FIR-INDIA-2023-02344,2023-01-18 09:39:00,CYBER,CYBER incident reported in Ahmedabad,Ahmedabad,False,Ahmedabad,23.02660141608796,72.5682784842688
FIR-INDIA-2023-02345,2023-10-15 00:34:00,THEFT,THEFT incident reported in Delhi NCR,Delhi NCR,False,Delhi NCR,28.62312710766024,77.1912356072701
FIR-INDIA-2026-02346,2026-04-26 11:55:00,CYBER,CYBER incident reported in Kolkata City,Kolkata City,True,Kolkata City,22.554251526050095,88.36643821441162
FIR-INDIA-2026-02347,2026-06-03 02:35:00,THEFT,THEFT incident reported in Delhi NCR,Delhi NCR,False,Delhi NCR,28.608756478010687,77.2203406512488
FIR-INDIA-2025-02348,2025-04-06 01:24:00,ASSAULT,ASSAULT incident reported in Bengaluru City,Bengaluru City,False,Bengaluru City,12.96249206176809,77.58700964268705
FIR-INDIA-2023-02349,2023-05-25 02:39:00,CYBER,CYBER incident reported in Kolkata City,Kolkata City,False,Kolkata City,22.551686131854296,88.36581492090922
FIR-INDIA-2025-02350,2025-11-30 16:34:00,THEFT,THEFT incident reported in Delhi NCR,Delhi NCR,False,Delhi NCR,28.60176423874241,77.22923918123868
FIR-INDIA-2024-02351,2024-07-15 23:09:00,THEFT,THEFT incident reported in Pune,Pune,False,Pune,18.54257350432824,73.85490091175801
FIR-INDIA-2024-02352,2024-10-12 21:34:00,ASSAULT,ASSAULT incident reported in Mumbai Metro,Mumbai Metro,True,Mumbai Metro,19.076481059432982,72.86264431869039
FIR-INDIA-2026-02353,2026-01-09 11:17:00,BURGLARY,BURGLARY incident reported in Pune,Pune,False,Pune,18.557102514673712,73.85002741663872
FIR-INDIA-2023-02354,2023-01-01 16:43:00,OTHER,OTHER incident reported in Bengaluru City,Bengaluru City,False,Bengaluru City,12.971316443604149,77.59211640634655
FIR-INDIA-2024-02355,2024-09-09 06:39:00,THEFT,THEFT incident reported in Mumbai Metro,Mumbai Metro,True,Mumbai Metro,19.092468878855055,72.89826083017445
FIR-INDIA-2025-02356,2025-09-12 18:05:00,THEFT,THEFT incident reported in Mumbai Metro,Mumbai Metro,False,Mumbai Metro,19.079894855029448,72.87783163256695
FIR-INDIA-2024-02357,2024-07-01 13:10:00,CYBER,CYBER incident reported in Kolkata City,Kolkata City,False,Kolkata City,22.573471874561918,88.3612011575957
FIR-INDIA-2024-02358,2024-01-10 21:13:00,THEFT,THEFT incident reported in Mumbai Metro,Mumbai Metro,True,Mumbai Metro,19.104033401269632,72.85639509479628
FIR-INDIA-2026-02359,2026-01-10 02:02:00,OTHER,OTHER incident reported in Delhi NCR,Delhi NCR,False,Delhi NCR,28.61253163556779,77.20066603940131
FIR-INDIA-2023-02360,2023-11-28 22:27:00,THEFT,THEFT incident reported in Bengaluru City,Bengaluru City,False,Bengaluru City,12.939871946851154,77.60524877262696
FIR-INDIA-2023-02361,2023-08-23 14:53:00,THEFT,THEFT incident reported in Mumbai Metro,Mumbai Metro,False,Mumbai Metro,19.085130995207564,72.90187434168645
FIR-INDIA-2025-02362,2025-09-02 00:08:00,CYBER,CYBER incident reported in Mumbai Metro,Mumbai Metro,False,Mumbai Metro,19.08505288460177,72.88581331914754
FIR-INDIA-2025-02363,2025-08-03 06:41:00,THEFT,THEFT incident reported in Bengaluru City,Bengaluru City,True,Bengaluru City,12.973663604867712,77.60447798268792
FIR-INDIA-2023-02364,2023-03-11 01:45:00,THEFT,THEFT incident reported in Delhi NCR,Delhi NCR,False,Delhi NCR,28.579029043805924,77.20460494960683
FIR-INDIA-2024-02365,2024-05-30 13:41:00,THEFT,THEFT incident reported in Hyderabad Metro,Hyderabad Metro,False,Hyderabad Metro,17.370060839239198,78.50028922679849
FIR-INDIA-2025-02366,2025-07-01 13:31:00,BURGLARY,BURGLARY incident reported in Delhi NCR,Delhi NCR,True,Delhi NCR,28.60647042658433,77.20789902256955
FIR-INDIA-2023-02367,2023-05-05 21:38:00,CYBER,CYBER incident reported in Chennai Metro,Chennai Metro,True,Chennai Metro,13.05707800847252,80.25898670768159
FIR-INDIA-2023-02368,2023-07-26 00:18:00,BURGLARY,BURGLARY incident reported in Bengaluru City,Bengaluru City,True,Bengaluru City,12.944696655928018,77.58823035642398
FIR-INDIA-2025-02369,2025-05-08 08:32:00,BURGLARY,BURGLARY incident reported in Ahmedabad,Ahmedabad,False,Ahmedabad,22.996160772766782,72.55922106460935
FIR-INDIA-2023-02370,2023-05-31 23:09:00,ROBBERY,ROBBERY incident reported in Bengaluru City,Bengaluru City,False,Bengaluru City,12.962563004027942,77.59022306501159
FIR-INDIA-2026-02371,2026-02-26 21:11:00,THEFT,THEFT incident reported in Pune,Pune,False,Pune,18.538253542966107,73.88562514386179
FIR-INDIA-2024-02372,2024-10-23 09:26:00,THEFT,THEFT incident reported in Delhi NCR,Delhi NCR,False,Delhi NCR,28.609761544554924,77.19927226844075
FIR-INDIA-2024-02373,2024-11-09 19:13:00,THEFT,THEFT incident reported in Ahmedabad,Ahmedabad,False,Ahmedabad,23.027456749859525,72.55249010009376
FIR-INDIA-2025-02374,2025-02-09 00:50:00,ASSAULT,ASSAULT incident reported in Bengaluru City,Bengaluru City,False,Bengaluru City,12.948000903809444,77.60700757505955
FIR-INDIA-2024-02375,2024-04-29 20:23:00,THEFT,THEFT incident reported in Pune,Pune,False,Pune,18.539404038387442,73.85402821670324
FIR-INDIA-2025-02376,2025-01-20 12:48:00,THEFT,THEFT incident reported in Chennai Metro,Chennai Metro,False,Chennai Metro,13.063550155523144,80.25246900066556
FIR-INDIA-2025-02377,2025-10-10 13:26:00,CYBER,CYBER incident reported in Hyderabad Metro,Hyderabad Metro,False,Hyderabad Metro,17.39795577078075,78.49674025386088
FIR-INDIA-2024-02378,2024-03-18 06:46:00,ASSAULT,ASSAULT incident reported in Hyderabad Metro,Hyderabad Metro,False,Hyderabad Metro,17.395989299273527,78.49539750001695
FIR-INDIA-2024-02379,2024-12-09 19:46:00,ASSAULT,ASSAULT incident reported in Delhi NCR,Delhi NCR,False,Delhi NCR,28.61184181944959,77.2159202832021
FIR-INDIA-2025-02380,2025-03-26 03:30:00,ASSAULT,ASSAULT incident reported in Bengaluru City,Bengaluru City,True,Bengaluru City,12.978348614717103,77.59987476264082
FIR-INDIA-2024-02381,2024-05-03 11:16:00,ASSAULT,ASSAULT incident reported in Pune,Pune,True,Pune,18.537120653675704,73.83503517511852
FIR-INDIA-2024-02382,2024-11-08 10:34:00,ASSAULT,ASSAULT incident reported in Hyderabad Metro,Hyderabad Metro,False,Hyderabad Metro,17.415357227918655,78.50588970817324
FIR-INDIA-2024-02383,2024-03-19 14:51:00,BURGLARY,BURGLARY incident reported in Mumbai Metro,Mumbai Metro,False,Mumbai Metro,19.08461119744022,72.87435490875257
FIR-INDIA-2023-02384,2023-01-27 08:56:00,ASSAULT,ASSAULT incident reported in Bengaluru City,Bengaluru City,False,Bengaluru City,12.9590630686484,77.59241507016695
FIR-INDIA-2023-02385,2023-11-24 22:25:00,ASSAULT,ASSAULT incident reported in Hyderabad Metro,Hyderabad Metro,True,Hyderabad Metro,17.379279583306086,78.48313364351654
FIR-INDIA-2023-02386,2023-09-24 19:45:00,THEFT,THEFT incident reported in Delhi NCR,Delhi NCR,False,Delhi NCR,28.590183290907955,77.2174947720527
FIR-INDIA-2026-02387,2026-06-26 16:58:00,CYBER,CYBER incident reported in Chennai Metro,Chennai Metro,True,Chennai Metro,13.075244905795627,80.2814711487369
FIR-INDIA-2025-02388,2025-05-15 10:30:00,THEFT,THEFT incident reported in Delhi NCR,Delhi NCR,False,Delhi NCR,28.61501937888989,77.20939659204555
FIR-INDIA-2025-02389,2025-09-09 17:22:00,BURGLARY,BURGLARY incident reported in Delhi NCR,Delhi NCR,False,Delhi NCR,28.61611187409563,77.20572909480664
FIR-INDIA-2023-02390,2023-10-22 18:41:00,THEFT,THEFT incident reported in Hyderabad Metro,Hyderabad Metro,True,Hyderabad Metro,17.397547426950656,78.49352456309829
FIR-INDIA-2025-02391,2025-05-26 20:39:00,THEFT,THEFT incident reported in Bengaluru City,Bengaluru City,False,Bengaluru City,12.999450796488805,77.60623853796568
FIR-INDIA-2023-02392,2023-10-26 09:32:00,ASSAULT,ASSAULT incident reported in Hyderabad Metro,Hyderabad Metro,False,Hyderabad Metro,17.396276419407922,78.48451125942607
FIR-INDIA-2023-02393,2023-10-09 15:17:00,CYBER,CYBER incident reported in Mumbai Metro,Mumbai Metro,False,Mumbai Metro,19.096160577694032,72.9033127023195
FIR-INDIA-2024-02394,2024-12-07 20:24:00,THEFT,THEFT incident reported in Bengaluru City,Bengaluru City,False,Bengaluru City,12.9873338939361,77.59684086187703
FIR-INDIA-2024-02395,2024-10-16 15:30:00,THEFT,THEFT incident reported in Chennai Metro,Chennai Metro,False,Chennai Metro,13.095109099251463,80.27101149217539
FIR-INDIA-2025-02396,2025-06-25 03:08:00,THEFT,THEFT incident reported in Pune,Pune,True,Pune,18.540096509355585,73.87420285191662
FIR-INDIA-2026-02397,2026-01-22 13:03:00,ASSAULT,ASSAULT incident reported in Mumbai Metro,Mumbai Metro,False,Mumbai Metro,19.08928846791193,72.87428535777848
FIR-INDIA-2023-02398,2023-07-13 08:21:00,ASSAULT,ASSAULT incident reported in Delhi NCR,Delhi NCR,True,Delhi NCR,28.594552138809767,77.20971790787785
FIR-INDIA-2023-02399,2023-05-13 02:33:00,ROBBERY,ROBBERY incident reported in Mumbai Metro,Mumbai Metro,True,Mumbai Metro,19.0793355207309,72.88753776954508
FIR-INDIA-2025-02400,2025-04-19 05:22:00,THEFT,THEFT incident reported in Chennai Metro,Chennai Metro,False,Chennai Metro,13.092370568942817,80.26806593490443
FIR-INDIA-2024-02401,2024-02-29 19:51:00,ASSAULT,ASSAULT incident reported in Kolkata City,Kolkata City,True,Kolkata City,22.57017490680476,88.37036804221229
FIR-INDIA-2024-02402,2024-08-31 13:25:00,BURGLARY,BURGLARY incident reported in Mumbai Metro,Mumbai Metro,False,Mumbai Metro,19.07933427258982,72.88072541224034
FIR-INDIA-2024-02403,2024-04-18 23:14:00,ASSAULT,ASSAULT incident reported in Pune,Pune,False,Pune,18.5281438337788,73.85594413340787
FIR-INDIA-2025-02404,2025-11-04 11:09:00,THEFT,THEFT incident reported in Hyderabad Metro,Hyderabad Metro,False,Hyderabad Metro,17.395029766307488,78.51111055785165
FIR-INDIA-2025-02405,2025-12-14 04:33:00,THEFT,THEFT incident reported in Mumbai Metro,Mumbai Metro,False,Mumbai Metro,19.065863287196454,72.88820643010513
FIR-INDIA-2023-02406,2023-03-13 10:55:00,THEFT,THEFT incident reported in Kolkata City,Kolkata City,False,Kolkata City,22.594834442194998,88.33794459933381
FIR-INDIA-2024-02407,2024-04-17 09:35:00,ASSAULT,ASSAULT incident reported in Ahmedabad,Ahmedabad,False,Ahmedabad,23.01420700483329,72.5940815160856
FIR-INDIA-2023-02408,2023-05-15 17:52:00,ASSAULT,ASSAULT incident reported in Chennai Metro,Chennai Metro,False,Chennai Metro,13.070901356312921,80.28381972399633
FIR-INDIA-2024-02409,2024-03-19 16:06:00,THEFT,THEFT incident reported in Delhi NCR,Delhi NCR,False,Delhi NCR,28.60926851848937,77.19313011180994
FIR-INDIA-2023-02410,2023-01-12 22:08:00,BURGLARY,BURGLARY incident reported in Mumbai Metro,Mumbai Metro,False,Mumbai Metro,19.096638491294453,72.9136011889318
FIR-INDIA-2023-02411,2023-02-13 12:51:00,ASSAULT,ASSAULT incident reported in Mumbai Metro,Mumbai Metro,True,Mumbai Metro,19.098542496257018,72.8678400091225
FIR-INDIA-2026-02412,2026-07-15 08:27:00,ASSAULT,ASSAULT incident reported in Pune,Pune,False,Pune,18.52036110026598,73.8530930818059
FIR-INDIA-2023-02413,2023-09-28 23:10:00,THEFT,THEFT incident reported in Ahmedabad,Ahmedabad,False,Ahmedabad,23.0327926104742,72.57427922260733
FIR-INDIA-2025-02414,2025-02-23 03:38:00,CYBER,CYBER incident reported in Delhi NCR,Delhi NCR,False,Delhi NCR,28.614003481898077,77.20394870624291
FIR-INDIA-2024-02415,2024-10-18 13:46:00,OTHER,OTHER incident reported in Ahmedabad,Ahmedabad,False,Ahmedabad,23.030080450151647,72.57906620547531
FIR-INDIA-2024-02416,2024-05-09 02:12:00,CYBER,CYBER incident reported in Chennai Metro,Chennai Metro,False,Chennai Metro,13.097177558418672,80.28498477639218
FIR-INDIA-2024-02417,2024-10-20 20:45:00,THEFT,THEFT incident reported in Hyderabad Metro,Hyderabad Metro,False,Hyderabad Metro,17.390449723405354,78.4822860863397
FIR-INDIA-2023-02418,2023-09-29 15:55:00,ASSAULT,ASSAULT incident reported in Delhi NCR,Delhi NCR,False,Delhi NCR,28.61926692739751,77.1971518338832
FIR-INDIA-2023-02419,2023-05-18 20:38:00,THEFT,THEFT incident reported in Pune,Pune,False,Pune,18.52774731274648,73.8775080494255
FIR-INDIA-2026-02420,2026-04-17 19:41:00,ASSAULT,ASSAULT incident reported in Mumbai Metro,Mumbai Metro,True,Mumbai Metro,19.060899219722895,72.84902901884534
FIR-INDIA-2025-02421,2025-09-23 14:31:00,ASSAULT,ASSAULT incident reported in Bengaluru City,Bengaluru City,False,Bengaluru City,12.94888397752678,77.60018650141946
FIR-INDIA-2025-02422,2025-02-10 14:47:00,CYBER,CYBER incident reported in Bengaluru City,Bengaluru City,False,Bengaluru City,12.978557402955431,77.5882279522023
FIR-INDIA-2026-02423,2026-04-22 09:04:00,ASSAULT,ASSAULT incident reported in Delhi NCR,Delhi NCR,True,Delhi NCR,28.617621034184232,77.18488822831175
FIR-INDIA-2026-02424,2026-03-22 22:40:00,BURGLARY,BURGLARY incident reported in Mumbai Metro,Mumbai Metro,False,Mumbai Metro,19.057149357926246,72.89318754718573
FIR-INDIA-2025-02425,2025-09-19 20:56:00,THEFT,THEFT incident reported in Bengaluru City,Bengaluru City,True,Bengaluru City,12.964598723252674,77.6185968207218
FIR-INDIA-2024-02426,2024-01-04 02:23:00,ROBBERY,ROBBERY incident reported in Kolkata City,Kolkata City,False,Kolkata City,22.57318506230744,88.35412429594048
FIR-INDIA-2025-02427,2025-06-07 19:47:00,THEFT,THEFT incident reported in Delhi NCR,Delhi NCR,True,Delhi NCR,28.62308515656784,77.21075300121808
FIR-INDIA-2024-02428,2024-08-05 00:40:00,ASSAULT,ASSAULT incident reported in Hyderabad Metro,Hyderabad Metro,False,Hyderabad Metro,17.405771474096074,78.49695709080108
FIR-INDIA-2024-02429,2024-04-13 17:40:00,OTHER,OTHER incident reported in Delhi NCR,Delhi NCR,True,Delhi NCR,28.61940632716631,77.21041607642407
FIR-INDIA-2024-02430,2024-07-02 19:08:00,ASSAULT,ASSAULT incident reported in Delhi NCR,Delhi NCR,False,Delhi NCR,28.61275489684911,77.22146757876631
FIR-INDIA-2024-02431,2024-01-28 21:48:00,THEFT,THEFT incident reported in Chennai Metro,Chennai Metro,False,Chennai Metro,13.055188261187222,80.27212775141864
FIR-INDIA-2024-02432,2024-07-04 05:26:00,OTHER,OTHER incident reported in Bengaluru City,Bengaluru City,True,Bengaluru City,12.966429553419472,77.62671863816415
FIR-INDIA-2023-02433,2023-06-18 10:38:00,ROBBERY,ROBBERY incident reported in Bengaluru City,Bengaluru City,False,Bengaluru City,12.970420635500364,77.59619575894406
FIR-INDIA-2026-02434,2026-02-17 15:30:00,THEFT,THEFT incident reported in Delhi NCR,Delhi NCR,False,Delhi NCR,28.600865271955076,77.21097631156874
FIR-INDIA-2025-02435,2025-07-02 00:48:00,THEFT,THEFT incident reported in Mumbai Metro,Mumbai Metro,False,Mumbai Metro,19.088094337399298,72.85799599150812
FIR-INDIA-2025-02436,2025-12-09 08:36:00,ASSAULT,ASSAULT incident reported in Mumbai Metro,Mumbai Metro,True,Mumbai Metro,19.062831389371336,72.88562098821102
FIR-INDIA-2025-02437,2025-10-05 11:02:00,ROBBERY,ROBBERY incident reported in Mumbai Metro,Mumbai Metro,True,Mumbai Metro,19.075296754078604,72.86776127085298
FIR-INDIA-2025-02438,2025-10-12 00:44:00,THEFT,THEFT incident reported in Hyderabad Metro,Hyderabad Metro,True,Hyderabad Metro,17.372954637878134,78.51730577879692
FIR-INDIA-2025-02439,2025-09-19 18:39:00,BURGLARY,BURGLARY incident reported in Mumbai Metro,Mumbai Metro,False,Mumbai Metro,19.07647728310344,72.90359673150505
FIR-INDIA-2023-02440,2023-07-21 21:41:00,ROBBERY,ROBBERY incident reported in Kolkata City,Kolkata City,True,Kolkata City,22.57394395790408,88.34433606143082
FIR-INDIA-2023-02441,2023-02-13 08:55:00,THEFT,THEFT incident reported in Hyderabad Metro,Hyderabad Metro,False,Hyderabad Metro,17.379088789278796,78.47377557503324
FIR-INDIA-2024-02442,2024-08-17 12:58:00,ASSAULT,ASSAULT incident reported in Pune,Pune,False,Pune,18.50560369839586,73.8539017057116
FIR-INDIA-2024-02443,2024-05-28 13:32:00,BURGLARY,BURGLARY incident reported in Bengaluru City,Bengaluru City,False,Bengaluru City,12.951471344738083,77.60125883393667
FIR-INDIA-2025-02444,2025-10-25 18:38:00,THEFT,THEFT incident reported in Kolkata City,Kolkata City,True,Kolkata City,22.571611454804,88.35218699925711
FIR-INDIA-2024-02445,2024-02-24 01:22:00,THEFT,THEFT incident reported in Ahmedabad,Ahmedabad,False,Ahmedabad,23.025067193243228,72.58812167963345
FIR-INDIA-2026-02446,2026-05-14 03:13:00,ASSAULT,ASSAULT incident reported in Pune,Pune,True,Pune,18.527712104717267,73.83910792624252
FIR-INDIA-2026-02447,2026-02-23 16:38:00,BURGLARY,BURGLARY incident reported in Mumbai Metro,Mumbai Metro,False,Mumbai Metro,19.072707551530097,72.87023470154034
FIR-INDIA-2026-02448,2026-02-02 09:51:00,THEFT,THEFT incident reported in Delhi NCR,Delhi NCR,False,Delhi NCR,28.617123634826346,77.22405930564767
FIR-INDIA-2024-02449,2024-11-13 21:46:00,OTHER,OTHER incident reported in Mumbai Metro,Mumbai Metro,False,Mumbai Metro,19.061560138512473,72.87741155650238
FIR-INDIA-2026-02450,2026-05-25 14:03:00,CYBER,CYBER incident reported in Delhi NCR,Delhi NCR,False,Delhi NCR,28.63302636985083,77.18408896863251
FIR-INDIA-2025-02451,2025-08-24 13:08:00,THEFT,THEFT incident reported in Delhi NCR,Delhi NCR,True,Delhi NCR,28.61461511740805,77.25250305052118
FIR-INDIA-2026-02452,2026-06-07 12:27:00,ASSAULT,ASSAULT incident reported in Hyderabad Metro,Hyderabad Metro,False,Hyderabad Metro,17.36715993581296,78.46429887548001
FIR-INDIA-2026-02453,2026-08-18 19:49:00,THEFT,THEFT incident reported in Chennai Metro,Chennai Metro,False,Chennai Metro,13.072517825864239,80.26344113002472
FIR-INDIA-2026-02454,2026-04-20 07:24:00,ASSAULT,ASSAULT incident reported in Pune,Pune,False,Pune,18.538891123672062,73.87015938259576
FIR-INDIA-2024-02455,2024-07-31 12:51:00,CYBER,CYBER incident reported in Mumbai Metro,Mumbai Metro,False,Mumbai Metro,19.078537734789546,72.88906752166221
FIR-INDIA-2026-02456,2026-07-21 09:56:00,BURGLARY,BURGLARY incident reported in Mumbai Metro,Mumbai Metro,False,Mumbai Metro,19.084033811287387,72.8787639104588
FIR-INDIA-2023-02457,2023-07-01 01:55:00,ROBBERY,ROBBERY incident reported in Kolkata City,Kolkata City,False,Kolkata City,22.603085931523676,88.35899911538846
FIR-INDIA-2025-02458,2025-11-25 22:53:00,CYBER,CYBER incident reported in Mumbai Metro,Mumbai Metro,False,Mumbai Metro,19.06740053761128,72.8744774621769
FIR-INDIA-2026-02459,2026-01-22 02:26:00,ASSAULT,ASSAULT incident reported in Pune,Pune,False,Pune,18.508549886160843,73.85282273515132
FIR-INDIA-2024-02460,2024-11-06 06:24:00,THEFT,THEFT incident reported in Mumbai Metro,Mumbai Metro,True,Mumbai Metro,19.073467021414544,72.88214521739943
FIR-INDIA-2026-02461,2026-05-12 01:33:00,THEFT,THEFT incident reported in Pune,Pune,False,Pune,18.525745264800733,73.86255693291668
FIR-INDIA-2024-02462,2024-02-25 08:14:00,CYBER,CYBER incident reported in Mumbai Metro,Mumbai Metro,True,Mumbai Metro,19.062125452406622,72.89409566418227
FIR-INDIA-2025-02463,2025-05-20 04:46:00,THEFT,THEFT incident reported in Mumbai Metro,Mumbai Metro,True,Mumbai Metro,19.07600665008203,72.88055734632337
FIR-INDIA-2025-02464,2025-10-07 08:01:00,THEFT,THEFT incident reported in Chennai Metro,Chennai Metro,False,Chennai Metro,13.09924124497558,80.26037767056785
FIR-INDIA-2025-02465,2025-11-09 15:40:00,THEFT,THEFT incident reported in Kolkata City,Kolkata City,False,Kolkata City,22.576878502292345,88.35421581628053
FIR-INDIA-2023-02466,2023-08-28 12:21:00,BURGLARY,BURGLARY incident reported in Bengaluru City,Bengaluru City,True,Bengaluru City,12.962179201083943,77.59182620963271
FIR-INDIA-2025-02467,2025-07-02 15:07:00,THEFT,THEFT incident reported in Mumbai Metro,Mumbai Metro,False,Mumbai Metro,19.052526107189422,72.88044083561235
FIR-INDIA-2024-02468,2024-07-24 12:07:00,ASSAULT,ASSAULT incident reported in Mumbai Metro,Mumbai Metro,False,Mumbai Metro,19.06012927218029,72.87378736423794
FIR-INDIA-2026-02469,2026-05-07 01:49:00,ASSAULT,ASSAULT incident reported in Bengaluru City,Bengaluru City,False,Bengaluru City,12.963443420696493,77.5932811890173
FIR-INDIA-2026-02470,2026-03-08 15:20:00,OTHER,OTHER incident reported in Delhi NCR,Delhi NCR,True,Delhi NCR,28.614147121914016,77.20650999139707
FIR-INDIA-2025-02471,2025-10-12 09:52:00,ASSAULT,ASSAULT incident reported in Kolkata City,Kolkata City,True,Kolkata City,22.57188436812189,88.37541925407405
FIR-INDIA-2026-02472,2026-02-18 03:29:00,THEFT,THEFT incident reported in Bengaluru City,Bengaluru City,False,Bengaluru City,12.988049655449657,77.58588420770913
FIR-INDIA-2026-02473,2026-06-29 04:03:00,ASSAULT,ASSAULT incident reported in Ahmedabad,Ahmedabad,False,Ahmedabad,23.05835185889104,72.56266334194413
FIR-INDIA-2026-02474,2026-08-26 06:28:00,BURGLARY,BURGLARY incident reported in Kolkata City,Kolkata City,False,Kolkata City,22.5955845037314,88.3581652178945
FIR-INDIA-2023-02475,2023-12-27 08:57:00,ASSAULT,ASSAULT incident reported in Chennai Metro,Chennai Metro,False,Chennai Metro,13.083738195167847,80.2554802003177
FIR-INDIA-2026-02476,2026-04-28 16:28:00,BURGLARY,BURGLARY incident reported in Hyderabad Metro,Hyderabad Metro,False,Hyderabad Metro,17.385070862569265,78.50353611133339
FIR-INDIA-2024-02477,2024-11-19 13:32:00,ASSAULT,ASSAULT incident reported in Chennai Metro,Chennai Metro,False,Chennai Metro,13.066328857807129,80.26737252369384
FIR-INDIA-2025-02478,2025-03-13 08:03:00,THEFT,THEFT incident reported in Mumbai Metro,Mumbai Metro,True,Mumbai Metro,19.08433389033123,72.86697900700253
FIR-INDIA-2026-02479,2026-04-09 10:30:00,THEFT,THEFT incident reported in Mumbai Metro,Mumbai Metro,False,Mumbai Metro,19.069212000689785,72.86492145447276
FIR-INDIA-2025-02480,2025-10-01 00:26:00,THEFT,THEFT incident reported in Bengaluru City,Bengaluru City,False,Bengaluru City,12.97347638833056,77.56896172874757
FIR-INDIA-2026-02481,2026-08-26 20:31:00,BURGLARY,BURGLARY incident reported in Hyderabad Metro,Hyderabad Metro,False,Hyderabad Metro,17.378074273196976,78.47825458834728
FIR-INDIA-2024-02482,2024-09-17 01:27:00,THEFT,THEFT incident reported in Hyderabad Metro,Hyderabad Metro,False,Hyderabad Metro,17.403196333263132,78.51097904335235
FIR-INDIA-2024-02483,2024-01-17 12:57:00,THEFT,THEFT incident reported in Delhi NCR,Delhi NCR,False,Delhi NCR,28.60726129114437,77.21763212919878
FIR-INDIA-2025-02484,2025-10-17 13:20:00,ROBBERY,ROBBERY incident reported in Chennai Metro,Chennai Metro,False,Chennai Metro,13.053283152481994,80.29765590109419
FIR-INDIA-2023-02485,2023-10-20 22:17:00,OTHER,OTHER incident reported in Mumbai Metro,Mumbai Metro,False,Mumbai Metro,19.09726140615093,72.86611896782532
FIR-INDIA-2026-02486,2026-04-18 13:04:00,THEFT,THEFT incident reported in Bengaluru City,Bengaluru City,False,Bengaluru City,12.982986473693103,77.57656860078855
FIR-INDIA-2026-02487,2026-08-16 14:40:00,ASSAULT,ASSAULT incident reported in Delhi NCR,Delhi NCR,False,Delhi NCR,28.631625648379373,77.20430068378434
FIR-INDIA-2023-02488,2023-07-04 16:44:00,CYBER,CYBER incident reported in Hyderabad Metro,Hyderabad Metro,False,Hyderabad Metro,17.3888031114787,78.48701916559547
FIR-INDIA-2023-02489,2023-06-17 13:52:00,ROBBERY,ROBBERY incident reported in Bengaluru City,Bengaluru City,False,Bengaluru City,12.953482257583902,77.62270182376876
FIR-INDIA-2023-02490,2023-07-24 12:44:00,BURGLARY,BURGLARY incident reported in Delhi NCR,Delhi NCR,False,Delhi NCR,28.605651831487823,77.21293271247048
FIR-INDIA-2026-02491,2026-01-23 01:53:00,THEFT,THEFT incident reported in Delhi NCR,Delhi NCR,True,Delhi NCR,28.604540789692344,77.19429912477854
FIR-INDIA-2025-02492,2025-04-12 09:55:00,THEFT,THEFT incident reported in Hyderabad Metro,Hyderabad Metro,False,Hyderabad Metro,17.382794162189647,78.47201697328593
FIR-INDIA-2023-02493,2023-02-11 03:06:00,ASSAULT,ASSAULT incident reported in Hyderabad Metro,Hyderabad Metro,False,Hyderabad Metro,17.387653728486182,78.50124481363429
FIR-INDIA-2023-02494,2023-02-17 08:51:00,BURGLARY,BURGLARY incident reported in Bengaluru City,Bengaluru City,False,Bengaluru City,12.979288747900323,77.56826895324731
FIR-INDIA-2026-02495,2026-06-23 09:24:00,ROBBERY,ROBBERY incident reported in Bengaluru City,Bengaluru City,False,Bengaluru City,12.957230499073775,77.60956604956931
FIR-INDIA-2024-02496,2024-10-08 18:11:00,ASSAULT,ASSAULT incident reported in Delhi NCR,Delhi NCR,True,Delhi NCR,28.64301058749649,77.21686026639317
FIR-INDIA-2026-02497,2026-02-24 12:57:00,THEFT,THEFT incident reported in Bengaluru City,Bengaluru City,False,Bengaluru City,12.972974624678459,77.60354252649934
FIR-INDIA-2023-02498,2023-08-26 19:04:00,THEFT,THEFT incident reported in Ahmedabad,Ahmedabad,False,Ahmedabad,23.014190839883984,72.55737717727288
FIR-INDIA-2024-02499,2024-03-13 12:08:00,THEFT,THEFT incident reported in Delhi NCR,Delhi NCR,True,Delhi NCR,28.612969809085197,77.19215093579538
FIR-INDIA-2025-02500,2025-07-09 02:58:00,THEFT,THEFT incident reported in Mumbai Metro,Mumbai Metro,False,Mumbai Metro,19.06928129468732,72.88142803195895
FIR-INDIA-2024-02501,2024-11-20 23:34:00,THEFT,THEFT incident reported in Pune,Pune,False,Pune,18.529675216662174,73.85622882692562
FIR-INDIA-2024-02502,2024-02-20 03:18:00,ASSAULT,ASSAULT incident reported in Mumbai Metro,Mumbai Metro,False,Mumbai Metro,19.077611923507703,72.88561834415131
FIR-INDIA-2023-02503,2023-08-08 09:48:00,ASSAULT,ASSAULT incident reported in Chennai Metro,Chennai Metro,False,Chennai Metro,13.117261042133995,80.2634444017762
FIR-INDIA-2025-02504,2025-08-04 04:25:00,THEFT,THEFT incident reported in Mumbai Metro,Mumbai Metro,False,Mumbai Metro,19.07315652150689,72.87433689329355
FIR-INDIA-2023-02505,2023-10-10 22:35:00,THEFT,THEFT incident reported in Delhi NCR,Delhi NCR,True,Delhi NCR,28.646744280500958,77.22070398654625
FIR-INDIA-2026-02506,2026-06-29 01:58:00,THEFT,THEFT incident reported in Mumbai Metro,Mumbai Metro,True,Mumbai Metro,19.06320123910669,72.86491401247808
FIR-INDIA-2023-02507,2023-10-20 08:13:00,ROBBERY,ROBBERY incident reported in Kolkata City,Kolkata City,False,Kolkata City,22.566950417130776,88.37281318422988
FIR-INDIA-2026-02508,2026-04-25 03:09:00,CYBER,CYBER incident reported in Bengaluru City,Bengaluru City,True,Bengaluru City,12.947705757119673,77.60554123792299
FIR-INDIA-2025-02509,2025-07-29 01:23:00,ASSAULT,ASSAULT incident reported in Delhi NCR,Delhi NCR,True,Delhi NCR,28.635342608065166,77.19404641767805
FIR-INDIA-2025-02510,2025-05-03 04:59:00,ASSAULT,ASSAULT incident reported in Delhi NCR,Delhi NCR,False,Delhi NCR,28.62175055131262,77.2221005374057
FIR-INDIA-2025-02511,2025-08-17 06:18:00,CYBER,CYBER incident reported in Delhi NCR,Delhi NCR,True,Delhi NCR,28.593353548448427,77.22427747790604
FIR-INDIA-2026-02512,2026-04-06 01:06:00,BURGLARY,BURGLARY incident reported in Chennai Metro,Chennai Metro,False,Chennai Metro,13.087245789507273,80.26992639660064
FIR-INDIA-2024-02513,2024-11-24 19:29:00,THEFT,THEFT incident reported in Bengaluru City,Bengaluru City,False,Bengaluru City,12.963181768157344,77.57609626386927
FIR-INDIA-2024-02514,2024-08-26 17:25:00,THEFT,THEFT incident reported in Mumbai Metro,Mumbai Metro,True,Mumbai Metro,19.091064061188767,72.88690439996613
FIR-INDIA-2024-02515,2024-11-14 15:23:00,THEFT,THEFT incident reported in Bengaluru City,Bengaluru City,False,Bengaluru City,12.975377905613414,77.60499456269677
FIR-INDIA-2023-02516,2023-10-07 01:25:00,THEFT,THEFT incident reported in Hyderabad Metro,Hyderabad Metro,False,Hyderabad Metro,17.371415166237593,78.46872210566916
FIR-INDIA-2026-02517,2026-06-18 05:12:00,THEFT,THEFT incident reported in Bengaluru City,Bengaluru City,True,Bengaluru City,12.959743232967218,77.58615851174041
FIR-INDIA-2026-02518,2026-03-11 19:10:00,ASSAULT,ASSAULT incident reported in Mumbai Metro,Mumbai Metro,False,Mumbai Metro,19.056616213897275,72.89312613932448
FIR-INDIA-2024-02519,2024-02-10 11:26:00,ASSAULT,ASSAULT incident reported in Mumbai Metro,Mumbai Metro,False,Mumbai Metro,19.102383003849486,72.86708821401739
FIR-INDIA-2025-02520,2025-10-27 10:23:00,ASSAULT,ASSAULT incident reported in Delhi NCR,Delhi NCR,True,Delhi NCR,28.622334360795524,77.19811142255637
FIR-INDIA-2024-02521,2024-07-12 05:21:00,ASSAULT,ASSAULT incident reported in Hyderabad Metro,Hyderabad Metro,False,Hyderabad Metro,17.399399560698416,78.47946249154211
FIR-INDIA-2025-02522,2025-05-10 03:54:00,BURGLARY,BURGLARY incident reported in Delhi NCR,Delhi NCR,True,Delhi NCR,28.639788251618008,77.22389797113681
FIR-INDIA-2023-02523,2023-08-08 23:46:00,THEFT,THEFT incident reported in Hyderabad Metro,Hyderabad Metro,True,Hyderabad Metro,17.37969144873802,78.47783191945848
FIR-INDIA-2024-02524,2024-04-20 04:13:00,THEFT,THEFT incident reported in Kolkata City,Kolkata City,False,Kolkata City,22.542085424250885,88.3783550412497
FIR-INDIA-2023-02525,2023-11-11 07:27:00,ASSAULT,ASSAULT incident reported in Bengaluru City,Bengaluru City,False,Bengaluru City,12.973426937766304,77.60945127887287
FIR-INDIA-2024-02526,2024-04-02 13:20:00,THEFT,THEFT incident reported in Pune,Pune,False,Pune,18.528678680012778,73.85088372505601
FIR-INDIA-2023-02527,2023-12-08 09:21:00,OTHER,OTHER incident reported in Kolkata City,Kolkata City,False,Kolkata City,22.554368270099765,88.36955577853143
FIR-INDIA-2023-02528,2023-10-19 23:49:00,THEFT,THEFT incident reported in Bengaluru City,Bengaluru City,True,Bengaluru City,13.001793837938985,77.58557970738234
FIR-INDIA-2025-02529,2025-03-17 03:26:00,THEFT,THEFT incident reported in Mumbai Metro,Mumbai Metro,False,Mumbai Metro,19.078046263838395,72.86762691706029
FIR-INDIA-2023-02530,2023-01-07 06:42:00,THEFT,THEFT incident reported in Ahmedabad,Ahmedabad,False,Ahmedabad,22.998010716317694,72.55297124791531
FIR-INDIA-2025-02531,2025-03-02 23:47:00,CYBER,CYBER incident reported in Hyderabad Metro,Hyderabad Metro,True,Hyderabad Metro,17.373059507566655,78.47800588836559
FIR-INDIA-2024-02532,2024-06-10 14:50:00,ROBBERY,ROBBERY incident reported in Kolkata City,Kolkata City,False,Kolkata City,22.595756378261925,88.38003783217776
FIR-INDIA-2023-02533,2023-01-08 02:07:00,ASSAULT,ASSAULT incident reported in Bengaluru City,Bengaluru City,False,Bengaluru City,13.029124464463816,77.58479737353149
FIR-INDIA-2025-02534,2025-09-21 01:26:00,OTHER,OTHER incident reported in Delhi NCR,Delhi NCR,False,Delhi NCR,28.61853064337115,77.18248429654093
FIR-INDIA-2023-02535,2023-08-12 04:25:00,THEFT,THEFT incident reported in Mumbai Metro,Mumbai Metro,False,Mumbai Metro,19.080951218612544,72.83693710483628
FIR-INDIA-2024-02536,2024-06-16 16:46:00,THEFT,THEFT incident reported in Delhi NCR,Delhi NCR,False,Delhi NCR,28.60401844211425,77.19787646373656
FIR-INDIA-2025-02537,2025-08-30 12:23:00,THEFT,THEFT incident reported in Delhi NCR,Delhi NCR,True,Delhi NCR,28.617568574066492,77.20603384706345
FIR-INDIA-2025-02538,2025-05-28 08:15:00,ASSAULT,ASSAULT incident reported in Kolkata City,Kolkata City,False,Kolkata City,22.5495747821261,88.37259791255836
FIR-INDIA-2023-02539,2023-12-13 00:29:00,THEFT,THEFT incident reported in Mumbai Metro,Mumbai Metro,False,Mumbai Metro,19.079449648703918,72.8753064231722
FIR-INDIA-2023-02540,2023-11-28 07:50:00,CYBER,CYBER incident reported in Bengaluru City,Bengaluru City,True,Bengaluru City,12.966629634969125,77.58876958803421
FIR-INDIA-2025-02541,2025-05-22 18:44:00,THEFT,THEFT incident reported in Bengaluru City,Bengaluru City,False,Bengaluru City,12.945773148705241,77.58986801330809
FIR-INDIA-2023-02542,2023-06-03 19:48:00,THEFT,THEFT incident reported in Mumbai Metro,Mumbai Metro,True,Mumbai Metro,19.068742792360247,72.88156521031273
FIR-INDIA-2025-02543,2025-07-17 01:32:00,THEFT,THEFT incident reported in Mumbai Metro,Mumbai Metro,False,Mumbai Metro,19.09570913205039,72.86963101631484
FIR-INDIA-2024-02544,2024-03-05 01:57:00,ASSAULT,ASSAULT incident reported in Hyderabad Metro,Hyderabad Metro,False,Hyderabad Metro,17.379990767746758,78.49359595318894
FIR-INDIA-2024-02545,2024-06-18 12:17:00,ASSAULT,ASSAULT incident reported in Hyderabad Metro,Hyderabad Metro,False,Hyderabad Metro,17.3841616786823,78.48510239474733
FIR-INDIA-2026-02546,2026-08-01 00:39:00,THEFT,THEFT incident reported in Chennai Metro,Chennai Metro,False,Chennai Metro,13.087148132701946,80.25010154707391
FIR-INDIA-2025-02547,2025-11-13 12:24:00,ROBBERY,ROBBERY incident reported in Mumbai Metro,Mumbai Metro,False,Mumbai Metro,19.08942833014703,72.8709357359686
FIR-INDIA-2026-02548,2026-04-29 03:51:00,THEFT,THEFT incident reported in Bengaluru City,Bengaluru City,True,Bengaluru City,12.958739496997897,77.6041927684595
FIR-INDIA-2025-02549,2025-03-01 22:47:00,ROBBERY,ROBBERY incident reported in Bengaluru City,Bengaluru City,False,Bengaluru City,12.964452777906915,77.58637539397472
FIR-INDIA-2024-02550,2024-12-29 15:00:00,THEFT,THEFT incident reported in Kolkata City,Kolkata City,True,Kolkata City,22.56157637046383,88.37928520374012
FIR-INDIA-2025-02551,2025-02-27 02:17:00,ASSAULT,ASSAULT incident reported in Hyderabad Metro,Hyderabad Metro,True,Hyderabad Metro,17.392913430101707,78.48882448594787
FIR-INDIA-2024-02552,2024-08-05 18:37:00,THEFT,THEFT incident reported in Bengaluru City,Bengaluru City,False,Bengaluru City,12.98369947784524,77.5985781113376
FIR-INDIA-2024-02553,2024-11-09 05:44:00,BURGLARY,BURGLARY incident reported in Kolkata City,Kolkata City,False,Kolkata City,22.553928086446916,88.36075513599722
FIR-INDIA-2025-02554,2025-04-17 12:53:00,ASSAULT,ASSAULT incident reported in Bengaluru City,Bengaluru City,False,Bengaluru City,12.971851299234926,77.61116264698175
FIR-INDIA-2023-02555,2023-12-28 15:17:00,OTHER,OTHER incident reported in Bengaluru City,Bengaluru City,False,Bengaluru City,12.982149680010089,77.5869402036728
FIR-INDIA-2023-02556,2023-07-21 03:46:00,CYBER,CYBER incident reported in Chennai Metro,Chennai Metro,False,Chennai Metro,13.069017677431294,80.27073475564642
FIR-INDIA-2025-02557,2025-09-24 11:52:00,THEFT,THEFT incident reported in Mumbai Metro,Mumbai Metro,True,Mumbai Metro,19.08862402008039,72.89008942004212
FIR-INDIA-2024-02558,2024-06-23 16:57:00,THEFT,THEFT incident reported in Chennai Metro,Chennai Metro,False,Chennai Metro,13.074598296951438,80.26861662652324
FIR-INDIA-2025-02559,2025-02-21 03:02:00,THEFT,THEFT incident reported in Hyderabad Metro,Hyderabad Metro,False,Hyderabad Metro,17.390591565174798,78.49104484616889
FIR-INDIA-2024-02560,2024-01-02 05:58:00,THEFT,THEFT incident reported in Ahmedabad,Ahmedabad,True,Ahmedabad,23.017477778317403,72.58666289311518
FIR-INDIA-2024-02561,2024-06-22 11:47:00,CYBER,CYBER incident reported in Pune,Pune,False,Pune,18.540973708354883,73.8537409270031
FIR-INDIA-2023-02562,2023-11-03 07:32:00,BURGLARY,BURGLARY incident reported in Delhi NCR,Delhi NCR,True,Delhi NCR,28.590043182392144,77.21552765225367
FIR-INDIA-2024-02563,2024-05-26 10:19:00,THEFT,THEFT incident reported in Chennai Metro,Chennai Metro,False,Chennai Metro,13.102855385905785,80.27450967382484
FIR-INDIA-2024-02564,2024-12-16 13:47:00,THEFT,THEFT incident reported in Mumbai Metro,Mumbai Metro,True,Mumbai Metro,19.079818895064484,72.90249841530934
FIR-INDIA-2024-02565,2024-09-08 18:02:00,THEFT,THEFT incident reported in Kolkata City,Kolkata City,False,Kolkata City,22.591340757326545,88.37255793535466
FIR-INDIA-2026-02566,2026-03-27 21:30:00,ASSAULT,ASSAULT incident reported in Bengaluru City,Bengaluru City,False,Bengaluru City,12.960268340400376,77.59185715435461
FIR-INDIA-2024-02567,2024-12-12 17:16:00,CYBER,CYBER incident reported in Bengaluru City,Bengaluru City,True,Bengaluru City,12.976325193889775,77.58904578218755
FIR-INDIA-2023-02568,2023-04-09 14:28:00,THEFT,THEFT incident reported in Hyderabad Metro,Hyderabad Metro,False,Hyderabad Metro,17.391329348185423,78.46883560921314
FIR-INDIA-2024-02569,2024-07-25 16:41:00,ASSAULT,ASSAULT incident reported in Bengaluru City,Bengaluru City,False,Bengaluru City,12.986702442057346,77.60009246960496
FIR-INDIA-2023-02570,2023-03-22 21:42:00,THEFT,THEFT incident reported in Pune,Pune,False,Pune,18.52285695951,73.84023056638668
FIR-INDIA-2023-02571,2023-02-24 04:59:00,OTHER,OTHER incident reported in Chennai Metro,Chennai Metro,False,Chennai Metro,13.09260399993563,80.27732072055736
FIR-INDIA-2024-02572,2024-09-28 07:43:00,BURGLARY,BURGLARY incident reported in Bengaluru City,Bengaluru City,False,Bengaluru City,12.971877099708681,77.61488541907333
FIR-INDIA-2025-02573,2025-05-04 20:15:00,ASSAULT,ASSAULT incident reported in Delhi NCR,Delhi NCR,False,Delhi NCR,28.609423232968066,77.18508423792692
FIR-INDIA-2024-02574,2024-01-04 09:17:00,ROBBERY,ROBBERY incident reported in Bengaluru City,Bengaluru City,False,Bengaluru City,12.959632880339072,77.57125688057558
FIR-INDIA-2025-02575,2025-01-09 02:15:00,THEFT,THEFT incident reported in Bengaluru City,Bengaluru City,False,Bengaluru City,12.952536050632405,77.57630800614855
FIR-INDIA-2024-02576,2024-09-06 12:20:00,BURGLARY,BURGLARY incident reported in Kolkata City,Kolkata City,False,Kolkata City,22.589397775064274,88.36815178308504
FIR-INDIA-2024-02577,2024-04-28 01:33:00,THEFT,THEFT incident reported in Mumbai Metro,Mumbai Metro,False,Mumbai Metro,19.12085600295557,72.87890603004688
FIR-INDIA-2025-02578,2025-01-07 09:06:00,ROBBERY,ROBBERY incident reported in Bengaluru City,Bengaluru City,False,Bengaluru City,12.982340846137983,77.60782331773338
FIR-INDIA-2023-02579,2023-03-27 08:03:00,THEFT,THEFT incident reported in Kolkata City,Kolkata City,False,Kolkata City,22.58477861406436,88.36953415540067
FIR-INDIA-2023-02580,2023-01-23 00:32:00,THEFT,THEFT incident reported in Mumbai Metro,Mumbai Metro,True,Mumbai Metro,19.08959459968848,72.86659344093782
FIR-INDIA-2024-02581,2024-04-02 09:53:00,THEFT,THEFT incident reported in Hyderabad Metro,Hyderabad Metro,False,Hyderabad Metro,17.362156423056934,78.48538454896061
FIR-INDIA-2024-02582,2024-09-20 02:36:00,THEFT,THEFT incident reported in Mumbai Metro,Mumbai Metro,True,Mumbai Metro,19.105855850158893,72.89905191515693
FIR-INDIA-2023-02583,2023-10-28 15:49:00,OTHER,OTHER incident reported in Delhi NCR,Delhi NCR,False,Delhi NCR,28.63395107118499,77.22861271752704
FIR-INDIA-2024-02584,2024-03-16 22:41:00,THEFT,THEFT incident reported in Chennai Metro,Chennai Metro,False,Chennai Metro,13.092019379569102,80.28652736817057
FIR-INDIA-2023-02585,2023-05-09 16:56:00,THEFT,THEFT incident reported in Mumbai Metro,Mumbai Metro,True,Mumbai Metro,19.08312630809693,72.9111103041866
FIR-INDIA-2024-02586,2024-03-01 11:39:00,ROBBERY,ROBBERY incident reported in Hyderabad Metro,Hyderabad Metro,False,Hyderabad Metro,17.35497080157895,78.49170683488644
FIR-INDIA-2026-02587,2026-06-28 09:51:00,ASSAULT,ASSAULT incident reported in Delhi NCR,Delhi NCR,False,Delhi NCR,28.602569046995427,77.22266208071225
FIR-INDIA-2026-02588,2026-01-09 04:33:00,ASSAULT,ASSAULT incident reported in Hyderabad Metro,Hyderabad Metro,False,Hyderabad Metro,17.357271707263024,78.49757696142457
FIR-INDIA-2023-02589,2023-05-09 19:24:00,CYBER,CYBER incident reported in Delhi NCR,Delhi NCR,False,Delhi NCR,28.6374123996514,77.21065308949882
FIR-INDIA-2025-02590,2025-11-02 17:26:00,ROBBERY,ROBBERY incident reported in Kolkata City,Kolkata City,True,Kolkata City,22.622723644852023,88.36031911042122
FIR-INDIA-2023-02591,2023-07-28 21:33:00,BURGLARY,BURGLARY incident reported in Chennai Metro,Chennai Metro,False,Chennai Metro,13.079663524850274,80.29745848941158
FIR-INDIA-2025-02592,2025-08-30 11:45:00,THEFT,THEFT incident reported in Mumbai Metro,Mumbai Metro,True,Mumbai Metro,19.056634661695025,72.88275022538716
FIR-INDIA-2026-02593,2026-08-18 12:50:00,ASSAULT,ASSAULT incident reported in Chennai Metro,Chennai Metro,True,Chennai Metro,13.08498631817612,80.2771164004193
FIR-INDIA-2024-02594,2024-03-09 07:49:00,THEFT,THEFT incident reported in Kolkata City,Kolkata City,False,Kolkata City,22.57227702207394,88.35782594640665
FIR-INDIA-2023-02595,2023-01-12 05:23:00,CYBER,CYBER incident reported in Pune,Pune,False,Pune,18.515986461896222,73.84236909457663
FIR-INDIA-2023-02596,2023-02-06 10:23:00,ASSAULT,ASSAULT incident reported in Delhi NCR,Delhi NCR,True,Delhi NCR,28.580801226165413,77.19921803344775
FIR-INDIA-2023-02597,2023-10-22 13:46:00,THEFT,THEFT incident reported in Kolkata City,Kolkata City,False,Kolkata City,22.53511601273045,88.36105479643814
FIR-INDIA-2024-02598,2024-01-09 23:16:00,ASSAULT,ASSAULT incident reported in Delhi NCR,Delhi NCR,False,Delhi NCR,28.614723137076506,77.2060879970998
FIR-INDIA-2025-02599,2025-03-21 15:59:00,ASSAULT,ASSAULT incident reported in Bengaluru City,Bengaluru City,False,Bengaluru City,12.97522363080692,77.59061059667636
FIR-INDIA-2025-02600,2025-09-15 17:17:00,THEFT,THEFT incident reported in Hyderabad Metro,Hyderabad Metro,False,Hyderabad Metro,17.375114446776482,78.51790906279133
FIR-INDIA-2025-02601,2025-02-26 18:16:00,CYBER,CYBER incident reported in Chennai Metro,Chennai Metro,False,Chennai Metro,13.097724856102001,80.26115291183915
FIR-INDIA-2026-02602,2026-01-15 13:09:00,THEFT,THEFT incident reported in Ahmedabad,Ahmedabad,False,Ahmedabad,23.034985384025322,72.5708852348217
FIR-INDIA-2023-02603,2023-11-18 01:40:00,BURGLARY,BURGLARY incident reported in Ahmedabad,Ahmedabad,True,Ahmedabad,23.030681743870883,72.56732861115744
FIR-INDIA-2023-02604,2023-03-26 02:24:00,OTHER,OTHER incident reported in Chennai Metro,Chennai Metro,False,Chennai Metro,13.070832144854895,80.30484569012454
FIR-INDIA-2024-02605,2024-02-09 13:58:00,THEFT,THEFT incident reported in Kolkata City,Kolkata City,False,Kolkata City,22.585560997810052,88.35637943447001
FIR-INDIA-2023-02606,2023-06-18 00:19:00,THEFT,THEFT incident reported in Bengaluru City,Bengaluru City,False,Bengaluru City,12.989746992951833,77.59388289446004
FIR-INDIA-2023-02607,2023-09-21 08:56:00,THEFT,THEFT incident reported in Kolkata City,Kolkata City,False,Kolkata City,22.57819787588484,88.36268872222375
FIR-INDIA-2023-02608,2023-09-26 04:00:00,ROBBERY,ROBBERY incident reported in Bengaluru City,Bengaluru City,True,Bengaluru City,12.947166897843852,77.58946566288202
FIR-INDIA-2026-02609,2026-06-02 00:55:00,THEFT,THEFT incident reported in Pune,Pune,True,Pune,18.521293059584043,73.8666422902348
FIR-INDIA-2026-02610,2026-05-16 00:40:00,ASSAULT,ASSAULT incident reported in Ahmedabad,Ahmedabad,True,Ahmedabad,23.00680357697062,72.60083196347937
FIR-INDIA-2025-02611,2025-07-18 08:09:00,THEFT,THEFT incident reported in Chennai Metro,Chennai Metro,True,Chennai Metro,13.096809437120053,80.24718729459292
FIR-INDIA-2023-02612,2023-09-02 00:26:00,ROBBERY,ROBBERY incident reported in Kolkata City,Kolkata City,False,Kolkata City,22.59492810728061,88.35879344748523
FIR-INDIA-2024-02613,2024-09-20 02:29:00,BURGLARY,BURGLARY incident reported in Kolkata City,Kolkata City,False,Kolkata City,22.57598686915349,88.38443029025355
FIR-INDIA-2024-02614,2024-03-31 15:49:00,THEFT,THEFT incident reported in Mumbai Metro,Mumbai Metro,False,Mumbai Metro,19.06319588649758,72.88815442488152
FIR-INDIA-2025-02615,2025-02-21 00:11:00,THEFT,THEFT incident reported in Ahmedabad,Ahmedabad,True,Ahmedabad,23.01677093644074,72.560620807993
FIR-INDIA-2026-02616,2026-06-23 18:52:00,ASSAULT,ASSAULT incident reported in Bengaluru City,Bengaluru City,True,Bengaluru City,13.005282990955175,77.59269933462627
FIR-INDIA-2024-02617,2024-02-26 06:33:00,ASSAULT,ASSAULT incident reported in Bengaluru City,Bengaluru City,False,Bengaluru City,12.996303644171453,77.59970212558572
FIR-INDIA-2025-02618,2025-08-30 06:35:00,THEFT,THEFT incident reported in Chennai Metro,Chennai Metro,False,Chennai Metro,13.079434506656705,80.25618412070328
FIR-INDIA-2025-02619,2025-07-23 22:15:00,ROBBERY,ROBBERY incident reported in Hyderabad Metro,Hyderabad Metro,False,Hyderabad Metro,17.364193150279117,78.49403991186264
FIR-INDIA-2024-02620,2024-07-11 01:46:00,THEFT,THEFT incident reported in Delhi NCR,Delhi NCR,False,Delhi NCR,28.623825947000814,77.20630328319292
FIR-INDIA-2025-02621,2025-07-27 08:39:00,THEFT,THEFT incident reported in Mumbai Metro,Mumbai Metro,True,Mumbai Metro,19.07575601747499,72.88484751560321
FIR-INDIA-2023-02622,2023-12-06 05:57:00,THEFT,THEFT incident reported in Bengaluru City,Bengaluru City,False,Bengaluru City,12.961556040535188,77.59249415881189
FIR-INDIA-2023-02623,2023-07-26 09:04:00,BURGLARY,BURGLARY incident reported in Kolkata City,Kolkata City,False,Kolkata City,22.560439012531724,88.3500338608207
FIR-INDIA-2025-02624,2025-09-09 15:54:00,THEFT,THEFT incident reported in Delhi NCR,Delhi NCR,False,Delhi NCR,28.636981530813564,77.20977739045061
FIR-INDIA-2026-02625,2026-04-06 00:16:00,THEFT,THEFT incident reported in Mumbai Metro,Mumbai Metro,False,Mumbai Metro,19.10457822737256,72.86559981488234
FIR-INDIA-2024-02626,2024-07-16 05:11:00,ROBBERY,ROBBERY incident reported in Hyderabad Metro,Hyderabad Metro,False,Hyderabad Metro,17.38408307176056,78.50046311206219
FIR-INDIA-2026-02627,2026-04-02 04:25:00,BURGLARY,BURGLARY incident reported in Hyderabad Metro,Hyderabad Metro,True,Hyderabad Metro,17.369930494366567,78.49377512721252
FIR-INDIA-2026-02628,2026-05-18 02:16:00,CYBER,CYBER incident reported in Delhi NCR,Delhi NCR,False,Delhi NCR,28.61300480564519,77.20823872625108
FIR-INDIA-2026-02629,2026-01-05 18:02:00,ROBBERY,ROBBERY incident reported in Mumbai Metro,Mumbai Metro,False,Mumbai Metro,19.112110926991626,72.88408980056634
FIR-INDIA-2024-02630,2024-10-21 11:00:00,THEFT,THEFT incident reported in Chennai Metro,Chennai Metro,False,Chennai Metro,13.039760417478483,80.28128433542607
FIR-INDIA-2024-02631,2024-07-09 18:47:00,ROBBERY,ROBBERY incident reported in Ahmedabad,Ahmedabad,False,Ahmedabad,23.031175036832238,72.55848195611549
FIR-INDIA-2024-02632,2024-09-06 19:41:00,THEFT,THEFT incident reported in Mumbai Metro,Mumbai Metro,False,Mumbai Metro,19.079024558444143,72.89704631618824
FIR-INDIA-2026-02633,2026-02-03 23:09:00,THEFT,THEFT incident reported in Hyderabad Metro,Hyderabad Metro,True,Hyderabad Metro,17.38082721630319,78.4874046707028
FIR-INDIA-2023-02634,2023-03-05 01:07:00,CYBER,CYBER incident reported in Chennai Metro,Chennai Metro,False,Chennai Metro,13.090377796898114,80.25911959536595
FIR-INDIA-2025-02635,2025-07-01 06:05:00,ASSAULT,ASSAULT incident reported in Mumbai Metro,Mumbai Metro,False,Mumbai Metro,19.06545964335776,72.86077326938774
FIR-INDIA-2026-02636,2026-03-22 19:34:00,OTHER,OTHER incident reported in Delhi NCR,Delhi NCR,False,Delhi NCR,28.622914695980324,77.18156362370728
FIR-INDIA-2023-02637,2023-12-17 22:34:00,THEFT,THEFT incident reported in Kolkata City,Kolkata City,False,Kolkata City,22.533053504708146,88.33643868911633
FIR-INDIA-2024-02638,2024-03-14 17:13:00,THEFT,THEFT incident reported in Mumbai Metro,Mumbai Metro,False,Mumbai Metro,19.100797061484315,72.88757132325257
FIR-INDIA-2024-02639,2024-07-27 13:52:00,BURGLARY,BURGLARY incident reported in Bengaluru City,Bengaluru City,False,Bengaluru City,12.983950940095182,77.58570628507437
FIR-INDIA-2024-02640,2024-04-24 00:38:00,THEFT,THEFT incident reported in Bengaluru City,Bengaluru City,True,Bengaluru City,12.973960168369114,77.59287841103965
FIR-INDIA-2023-02641,2023-02-18 22:54:00,THEFT,THEFT incident reported in Mumbai Metro,Mumbai Metro,False,Mumbai Metro,19.08799422139015,72.86971043787472
FIR-INDIA-2025-02642,2025-03-10 05:19:00,BURGLARY,BURGLARY incident reported in Mumbai Metro,Mumbai Metro,False,Mumbai Metro,19.089206672206792,72.86194710663527
FIR-INDIA-2025-02643,2025-11-27 23:57:00,THEFT,THEFT incident reported in Mumbai Metro,Mumbai Metro,True,Mumbai Metro,19.0526878349967,72.88018751005966
FIR-INDIA-2026-02644,2026-02-04 22:57:00,OTHER,OTHER incident reported in Chennai Metro,Chennai Metro,True,Chennai Metro,13.085738234319445,80.23926175233461
FIR-INDIA-2026-02645,2026-04-12 21:42:00,ASSAULT,ASSAULT incident reported in Delhi NCR,Delhi NCR,False,Delhi NCR,28.606900189796892,77.20424112062837
FIR-INDIA-2025-02646,2025-11-08 15:51:00,ROBBERY,ROBBERY incident reported in Mumbai Metro,Mumbai Metro,False,Mumbai Metro,19.07024202283993,72.88033896287514
FIR-INDIA-2025-02647,2025-04-16 18:30:00,ASSAULT,ASSAULT incident reported in Pune,Pune,False,Pune,18.53560097666023,73.8384912545228
FIR-INDIA-2026-02648,2026-08-25 22:02:00,THEFT,THEFT incident reported in Delhi NCR,Delhi NCR,False,Delhi NCR,28.604607605457847,77.20150200677642
FIR-INDIA-2023-02649,2023-10-21 09:17:00,THEFT,THEFT incident reported in Bengaluru City,Bengaluru City,False,Bengaluru City,12.955906541091624,77.60557122028273
FIR-INDIA-2024-02650,2024-07-28 20:45:00,CYBER,CYBER incident reported in Bengaluru City,Bengaluru City,False,Bengaluru City,12.947854522883329,77.59034262038037
FIR-INDIA-2024-02651,2024-05-02 09:43:00,THEFT,THEFT incident reported in Hyderabad Metro,Hyderabad Metro,False,Hyderabad Metro,17.3638461251313,78.46907524502856
FIR-INDIA-2023-02652,2023-02-25 01:18:00,THEFT,THEFT incident reported in Hyderabad Metro,Hyderabad Metro,False,Hyderabad Metro,17.39247279551747,78.47760618217362
FIR-INDIA-2023-02653,2023-02-05 09:36:00,THEFT,THEFT incident reported in Mumbai Metro,Mumbai Metro,False,Mumbai Metro,19.054739834009524,72.86867187140072
FIR-INDIA-2025-02654,2025-10-20 15:04:00,THEFT,THEFT incident reported in Delhi NCR,Delhi NCR,False,Delhi NCR,28.60517999020619,77.2193641766476
FIR-INDIA-2025-02655,2025-09-25 07:19:00,ASSAULT,ASSAULT incident reported in Delhi NCR,Delhi NCR,False,Delhi NCR,28.60696559252903,77.21464318443866
FIR-INDIA-2026-02656,2026-07-10 21:29:00,ROBBERY,ROBBERY incident reported in Delhi NCR,Delhi NCR,True,Delhi NCR,28.593949315379103,77.19630403767567
FIR-INDIA-2024-02657,2024-12-12 08:09:00,THEFT,THEFT incident reported in Kolkata City,Kolkata City,False,Kolkata City,22.58165835503914,88.3699507410207
FIR-INDIA-2024-02658,2024-09-17 09:52:00,BURGLARY,BURGLARY incident reported in Mumbai Metro,Mumbai Metro,True,Mumbai Metro,19.091322750701078,72.86618048140322
FIR-INDIA-2026-02659,2026-04-25 07:52:00,ASSAULT,ASSAULT incident reported in Mumbai Metro,Mumbai Metro,True,Mumbai Metro,19.072779770732758,72.89750209097471
FIR-INDIA-2025-02660,2025-02-12 22:29:00,BURGLARY,BURGLARY incident reported in Mumbai Metro,Mumbai Metro,False,Mumbai Metro,19.108159133969906,72.88228656206994
FIR-INDIA-2026-02661,2026-02-18 09:24:00,ROBBERY,ROBBERY incident reported in Delhi NCR,Delhi NCR,False,Delhi NCR,28.614434984501774,77.19874180523001
FIR-INDIA-2024-02662,2024-06-03 07:31:00,THEFT,THEFT incident reported in Chennai Metro,Chennai Metro,False,Chennai Metro,13.099787523255383,80.26138553769319
FIR-INDIA-2023-02663,2023-12-14 01:34:00,THEFT,THEFT incident reported in Kolkata City,Kolkata City,True,Kolkata City,22.552151852127526,88.38337100586641
FIR-INDIA-2023-02664,2023-05-23 18:09:00,THEFT,THEFT incident reported in Hyderabad Metro,Hyderabad Metro,False,Hyderabad Metro,17.369501762128333,78.4866927703196
FIR-INDIA-2024-02665,2024-08-23 08:46:00,THEFT,THEFT incident reported in Bengaluru City,Bengaluru City,True,Bengaluru City,12.96242195941696,77.60090470328679
FIR-INDIA-2026-02666,2026-01-11 14:36:00,THEFT,THEFT incident reported in Delhi NCR,Delhi NCR,False,Delhi NCR,28.628742062750067,77.20532769973796
FIR-INDIA-2024-02667,2024-11-04 11:28:00,CYBER,CYBER incident reported in Delhi NCR,Delhi NCR,True,Delhi NCR,28.602569178498122,77.2030291326436
FIR-INDIA-2024-02668,2024-11-03 21:42:00,OTHER,OTHER incident reported in Kolkata City,Kolkata City,False,Kolkata City,22.578193944684152,88.37206489795227
FIR-INDIA-2025-02669,2025-10-09 16:04:00,THEFT,THEFT incident reported in Mumbai Metro,Mumbai Metro,False,Mumbai Metro,19.063915311328227,72.87565872541055
FIR-INDIA-2026-02670,2026-05-11 08:56:00,ASSAULT,ASSAULT incident reported in Ahmedabad,Ahmedabad,False,Ahmedabad,23.01956000248064,72.5992476826001
FIR-INDIA-2024-02671,2024-03-19 00:26:00,THEFT,THEFT incident reported in Bengaluru City,Bengaluru City,False,Bengaluru City,12.974025595704942,77.57733680810927
FIR-INDIA-2025-02672,2025-02-13 05:30:00,THEFT,THEFT incident reported in Mumbai Metro,Mumbai Metro,False,Mumbai Metro,19.07847606408459,72.89397490055377
FIR-INDIA-2023-02673,2023-02-27 10:01:00,OTHER,OTHER incident reported in Mumbai Metro,Mumbai Metro,False,Mumbai Metro,19.043019317464395,72.88880808387142
FIR-INDIA-2025-02674,2025-12-28 21:44:00,THEFT,THEFT incident reported in Chennai Metro,Chennai Metro,False,Chennai Metro,13.056250719465808,80.25314927997263
FIR-INDIA-2023-02675,2023-11-01 03:32:00,ASSAULT,ASSAULT incident reported in Bengaluru City,Bengaluru City,False,Bengaluru City,12.974096171935416,77.58373060377852
FIR-INDIA-2026-02676,2026-03-29 15:36:00,ROBBERY,ROBBERY incident reported in Kolkata City,Kolkata City,True,Kolkata City,22.613054353373624,88.38428319088374
FIR-INDIA-2023-02677,2023-05-01 16:47:00,THEFT,THEFT incident reported in Delhi NCR,Delhi NCR,False,Delhi NCR,28.582353718200917,77.22334262255139
FIR-INDIA-2024-02678,2024-10-03 18:49:00,THEFT,THEFT incident reported in Bengaluru City,Bengaluru City,False,Bengaluru City,12.959846276901384,77.60422583519711
FIR-INDIA-2025-02679,2025-11-04 03:05:00,THEFT,THEFT incident reported in Mumbai Metro,Mumbai Metro,False,Mumbai Metro,19.06857526507847,72.8820705113625
FIR-INDIA-2023-02680,2023-01-23 06:57:00,THEFT,THEFT incident reported in Mumbai Metro,Mumbai Metro,False,Mumbai Metro,19.095289255938912,72.87932891377264
FIR-INDIA-2026-02681,2026-03-27 08:18:00,ASSAULT,ASSAULT incident reported in Chennai Metro,Chennai Metro,False,Chennai Metro,13.058659076414994,80.28519143554146
FIR-INDIA-2026-02682,2026-02-05 10:30:00,THEFT,THEFT incident reported in Kolkata City,Kolkata City,False,Kolkata City,22.583410009516193,88.35151293067874
FIR-INDIA-2026-02683,2026-07-23 00:10:00,THEFT,THEFT incident reported in Bengaluru City,Bengaluru City,False,Bengaluru City,12.98009815259529,77.60616295460032
FIR-INDIA-2023-02684,2023-02-02 15:14:00,ROBBERY,ROBBERY incident reported in Mumbai Metro,Mumbai Metro,True,Mumbai Metro,19.057162115344138,72.89939934927715
FIR-INDIA-2026-02685,2026-06-24 14:44:00,ASSAULT,ASSAULT incident reported in Bengaluru City,Bengaluru City,False,Bengaluru City,12.975543557363602,77.58970705780733
FIR-INDIA-2023-02686,2023-11-12 20:25:00,THEFT,THEFT incident reported in Kolkata City,Kolkata City,False,Kolkata City,22.5759979391691,88.36947459126588
FIR-INDIA-2025-02687,2025-03-12 11:06:00,CYBER,CYBER incident reported in Ahmedabad,Ahmedabad,False,Ahmedabad,23.039504461970722,72.58019483238837
FIR-INDIA-2025-02688,2025-08-10 21:16:00,THEFT,THEFT incident reported in Delhi NCR,Delhi NCR,False,Delhi NCR,28.61174880307113,77.18473818864398
FIR-INDIA-2023-02689,2023-03-04 12:54:00,THEFT,THEFT incident reported in Hyderabad Metro,Hyderabad Metro,False,Hyderabad Metro,17.393256083008552,78.52368194002882
FIR-INDIA-2023-02690,2023-04-13 13:52:00,ASSAULT,ASSAULT incident reported in Kolkata City,Kolkata City,False,Kolkata City,22.56735541805706,88.39260810924608
FIR-INDIA-2025-02691,2025-03-19 23:02:00,ASSAULT,ASSAULT incident reported in Mumbai Metro,Mumbai Metro,False,Mumbai Metro,19.048876106348192,72.88077713681093
FIR-INDIA-2024-02692,2024-08-22 03:09:00,THEFT,THEFT incident reported in Hyderabad Metro,Hyderabad Metro,False,Hyderabad Metro,17.396614263215834,78.46700014897182
FIR-INDIA-2023-02693,2023-03-14 01:38:00,ASSAULT,ASSAULT incident reported in Ahmedabad,Ahmedabad,True,Ahmedabad,22.999773428234402,72.57125324441195
FIR-INDIA-2024-02694,2024-07-31 20:26:00,ROBBERY,ROBBERY incident reported in Mumbai Metro,Mumbai Metro,False,Mumbai Metro,19.065365754375826,72.92760914608199
FIR-INDIA-2023-02695,2023-01-14 11:26:00,BURGLARY,BURGLARY incident reported in Hyderabad Metro,Hyderabad Metro,False,Hyderabad Metro,17.376693363785158,78.50446928244413
FIR-INDIA-2024-02696,2024-07-30 20:34:00,ASSAULT,ASSAULT incident reported in Delhi NCR,Delhi NCR,False,Delhi NCR,28.616067779683064,77.21343691187005
FIR-INDIA-2024-02697,2024-02-29 10:31:00,BURGLARY,BURGLARY incident reported in Chennai Metro,Chennai Metro,True,Chennai Metro,13.098258334461029,80.27758774076119
FIR-INDIA-2025-02698,2025-03-10 16:46:00,BURGLARY,BURGLARY incident reported in Mumbai Metro,Mumbai Metro,True,Mumbai Metro,19.07175988360934,72.888739199405
FIR-INDIA-2023-02699,2023-12-04 01:28:00,THEFT,THEFT incident reported in Kolkata City,Kolkata City,False,Kolkata City,22.56833732969377,88.37104678401234
FIR-INDIA-2023-02700,2023-07-18 13:40:00,CYBER,CYBER incident reported in Hyderabad Metro,Hyderabad Metro,True,Hyderabad Metro,17.39034865245828,78.47897126549513
FIR-INDIA-2026-02701,2026-03-04 04:17:00,BURGLARY,BURGLARY incident reported in Bengaluru City,Bengaluru City,False,Bengaluru City,12.96104590590398,77.61507350129308
FIR-INDIA-2024-02702,2024-02-17 00:00:00,THEFT,THEFT incident reported in Hyderabad Metro,Hyderabad Metro,False,Hyderabad Metro,17.392248193799368,78.48284577293418
FIR-INDIA-2024-02703,2024-05-24 02:31:00,THEFT,THEFT incident reported in Delhi NCR,Delhi NCR,False,Delhi NCR,28.631398922695546,77.20376286444149
FIR-INDIA-2023-02704,2023-10-05 22:28:00,THEFT,THEFT incident reported in Kolkata City,Kolkata City,True,Kolkata City,22.576724112966343,88.4038900869672
FIR-INDIA-2023-02705,2023-06-19 08:23:00,THEFT,THEFT incident reported in Pune,Pune,False,Pune,18.519883003895945,73.86576724168108
FIR-INDIA-2026-02706,2026-01-25 10:40:00,THEFT,THEFT incident reported in Hyderabad Metro,Hyderabad Metro,False,Hyderabad Metro,17.3772819578359,78.48664120081501
FIR-INDIA-2023-02707,2023-06-28 14:48:00,BURGLARY,BURGLARY incident reported in Bengaluru City,Bengaluru City,True,Bengaluru City,12.973454936823194,77.61296534830046
FIR-INDIA-2025-02708,2025-04-23 18:28:00,BURGLARY,BURGLARY incident reported in Hyderabad Metro,Hyderabad Metro,True,Hyderabad Metro,17.37990613812586,78.47421388179596
FIR-INDIA-2026-02709,2026-08-23 08:54:00,THEFT,THEFT incident reported in Delhi NCR,Delhi NCR,False,Delhi NCR,28.61037660170759,77.18376808163465
FIR-INDIA-2023-02710,2023-03-04 16:09:00,ASSAULT,ASSAULT incident reported in Kolkata City,Kolkata City,False,Kolkata City,22.587293906058193,88.34474405772977
FIR-INDIA-2023-02711,2023-04-03 20:17:00,THEFT,THEFT incident reported in Mumbai Metro,Mumbai Metro,False,Mumbai Metro,19.04494820537738,72.87055308653065
FIR-INDIA-2023-02712,2023-07-10 19:48:00,BURGLARY,BURGLARY incident reported in Chennai Metro,Chennai Metro,False,Chennai Metro,13.063696148974087,80.29335578789406
FIR-INDIA-2025-02713,2025-05-27 23:19:00,ASSAULT,ASSAULT incident reported in Kolkata City,Kolkata City,False,Kolkata City,22.547059434911176,88.35351786227484
FIR-INDIA-2026-02714,2026-08-16 08:07:00,ASSAULT,ASSAULT incident reported in Delhi NCR,Delhi NCR,False,Delhi NCR,28.591554969372126,77.2380552200246
FIR-INDIA-2025-02715,2025-01-06 04:48:00,THEFT,THEFT incident reported in Bengaluru City,Bengaluru City,False,Bengaluru City,12.982747951566838,77.60183241555605
FIR-INDIA-2023-02716,2023-07-09 06:29:00,CYBER,CYBER incident reported in Mumbai Metro,Mumbai Metro,True,Mumbai Metro,19.08963138694396,72.87968419359602
FIR-INDIA-2026-02717,2026-02-22 12:57:00,THEFT,THEFT incident reported in Delhi NCR,Delhi NCR,False,Delhi NCR,28.610776176315998,77.22353077151102
FIR-INDIA-2023-02718,2023-07-10 04:41:00,THEFT,THEFT incident reported in Delhi NCR,Delhi NCR,False,Delhi NCR,28.62661607630814,77.24457730014917
FIR-INDIA-2025-02719,2025-05-09 23:08:00,ASSAULT,ASSAULT incident reported in Chennai Metro,Chennai Metro,False,Chennai Metro,13.103955108558731,80.26646308561894
FIR-INDIA-2025-02720,2025-05-04 11:09:00,BURGLARY,BURGLARY incident reported in Delhi NCR,Delhi NCR,False,Delhi NCR,28.61259736344813,77.19870599907962
FIR-INDIA-2023-02721,2023-09-04 20:20:00,THEFT,THEFT incident reported in Mumbai Metro,Mumbai Metro,False,Mumbai Metro,19.07512372854891,72.88880352768842
FIR-INDIA-2023-02722,2023-10-17 01:13:00,OTHER,OTHER incident reported in Mumbai Metro,Mumbai Metro,False,Mumbai Metro,19.06589641903111,72.88930522546917
FIR-INDIA-2023-02723,2023-03-29 02:08:00,THEFT,THEFT incident reported in Kolkata City,Kolkata City,True,Kolkata City,22.572497471263958,88.36120998916763
FIR-INDIA-2023-02724,2023-08-05 01:29:00,THEFT,THEFT incident reported in Delhi NCR,Delhi NCR,False,Delhi NCR,28.603529958493418,77.20843582798565
FIR-INDIA-2024-02725,2024-12-04 02:41:00,CYBER,CYBER incident reported in Chennai Metro,Chennai Metro,True,Chennai Metro,13.086412228501764,80.28426099059554
FIR-INDIA-2023-02726,2023-06-25 02:15:00,BURGLARY,BURGLARY incident reported in Delhi NCR,Delhi NCR,False,Delhi NCR,28.618474643272815,77.19193685178375
FIR-INDIA-2023-02727,2023-09-07 06:28:00,BURGLARY,BURGLARY incident reported in Hyderabad Metro,Hyderabad Metro,False,Hyderabad Metro,17.381150518249882,78.5092677833232
FIR-INDIA-2024-02728,2024-12-21 22:29:00,BURGLARY,BURGLARY incident reported in Mumbai Metro,Mumbai Metro,False,Mumbai Metro,19.092214782727176,72.869547311375
FIR-INDIA-2023-02729,2023-08-11 09:25:00,ROBBERY,ROBBERY incident reported in Chennai Metro,Chennai Metro,False,Chennai Metro,13.066590765889957,80.26485998716862
FIR-INDIA-2023-02730,2023-06-07 13:29:00,BURGLARY,BURGLARY incident reported in Bengaluru City,Bengaluru City,True,Bengaluru City,12.985789011298369,77.58090397943353
FIR-INDIA-2026-02731,2026-06-15 19:02:00,THEFT,THEFT incident reported in Mumbai Metro,Mumbai Metro,False,Mumbai Metro,19.072537880784907,72.86845961835505
FIR-INDIA-2025-02732,2025-11-22 19:24:00,THEFT,THEFT incident reported in Chennai Metro,Chennai Metro,True,Chennai Metro,13.071217091077033,80.27653090337577
FIR-INDIA-2025-02733,2025-03-06 17:31:00,THEFT,THEFT incident reported in Kolkata City,Kolkata City,False,Kolkata City,22.578006992231913,88.37604483595292
FIR-INDIA-2026-02734,2026-06-20 05:03:00,CYBER,CYBER incident reported in Pune,Pune,False,Pune,18.503233972224297,73.85550650428071
FIR-INDIA-2024-02735,2024-10-15 19:15:00,BURGLARY,BURGLARY incident reported in Bengaluru City,Bengaluru City,False,Bengaluru City,12.952715159273104,77.58540229956989
FIR-INDIA-2023-02736,2023-10-12 11:42:00,THEFT,THEFT incident reported in Bengaluru City,Bengaluru City,False,Bengaluru City,12.977671922130146,77.60792491212716
FIR-INDIA-2025-02737,2025-12-13 15:45:00,THEFT,THEFT incident reported in Kolkata City,Kolkata City,True,Kolkata City,22.596698532710448,88.341810250509
FIR-INDIA-2023-02738,2023-04-16 05:10:00,THEFT,THEFT incident reported in Mumbai Metro,Mumbai Metro,False,Mumbai Metro,19.08491905342741,72.89729055268717
FIR-INDIA-2024-02739,2024-10-11 22:25:00,THEFT,THEFT incident reported in Chennai Metro,Chennai Metro,False,Chennai Metro,13.06564118346236,80.27543685650241
FIR-INDIA-2024-02740,2024-08-23 22:14:00,ASSAULT,ASSAULT incident reported in Delhi NCR,Delhi NCR,True,Delhi NCR,28.623668816362095,77.19894856610095
FIR-INDIA-2024-02741,2024-08-18 05:02:00,BURGLARY,BURGLARY incident reported in Chennai Metro,Chennai Metro,False,Chennai Metro,13.09724545356364,80.25058913039005
FIR-INDIA-2024-02742,2024-10-17 16:47:00,THEFT,THEFT incident reported in Hyderabad Metro,Hyderabad Metro,False,Hyderabad Metro,17.39424045718366,78.49084282021865
FIR-INDIA-2024-02743,2024-03-21 11:40:00,THEFT,THEFT incident reported in Mumbai Metro,Mumbai Metro,False,Mumbai Metro,19.068435515205113,72.87839043816912
FIR-INDIA-2023-02744,2023-10-23 17:33:00,THEFT,THEFT incident reported in Kolkata City,Kolkata City,False,Kolkata City,22.563473091802496,88.39205925482504
FIR-INDIA-2023-02745,2023-03-23 06:08:00,ROBBERY,ROBBERY incident reported in Pune,Pune,False,Pune,18.519938672860444,73.85341283533772
FIR-INDIA-2025-02746,2025-10-17 08:54:00,THEFT,THEFT incident reported in Delhi NCR,Delhi NCR,False,Delhi NCR,28.587875933021714,77.16347167038771
FIR-INDIA-2023-02747,2023-07-01 16:47:00,BURGLARY,BURGLARY incident reported in Chennai Metro,Chennai Metro,False,Chennai Metro,13.062200272311907,80.27114909580196
FIR-INDIA-2023-02748,2023-11-16 19:07:00,BURGLARY,BURGLARY incident reported in Delhi NCR,Delhi NCR,False,Delhi NCR,28.581608002876017,77.21484054164559
FIR-INDIA-2024-02749,2024-05-14 17:03:00,OTHER,OTHER incident reported in Mumbai Metro,Mumbai Metro,False,Mumbai Metro,19.05614883710401,72.88288596599767
FIR-INDIA-2023-02750,2023-03-24 16:45:00,ROBBERY,ROBBERY incident reported in Bengaluru City,Bengaluru City,False,Bengaluru City,12.961764215649763,77.60405864251513
FIR-INDIA-2024-02751,2024-06-21 06:49:00,THEFT,THEFT incident reported in Hyderabad Metro,Hyderabad Metro,False,Hyderabad Metro,17.37527967345979,78.45664366134912
FIR-INDIA-2024-02752,2024-11-10 04:02:00,CYBER,CYBER incident reported in Hyderabad Metro,Hyderabad Metro,False,Hyderabad Metro,17.405568372303634,78.47200727118147
FIR-INDIA-2025-02753,2025-07-29 10:01:00,CYBER,CYBER incident reported in Delhi NCR,Delhi NCR,False,Delhi NCR,28.643934955589945,77.20048069541694
FIR-INDIA-2026-02754,2026-01-23 16:03:00,THEFT,THEFT incident reported in Ahmedabad,Ahmedabad,False,Ahmedabad,23.027266289883265,72.56388363332145
FIR-INDIA-2023-02755,2023-10-04 14:54:00,THEFT,THEFT incident reported in Chennai Metro,Chennai Metro,False,Chennai Metro,13.091273358907038,80.26585372671545
FIR-INDIA-2023-02756,2023-04-18 21:34:00,ASSAULT,ASSAULT incident reported in Kolkata City,Kolkata City,True,Kolkata City,22.561748698889105,88.36473026596846
FIR-INDIA-2023-02757,2023-07-20 04:11:00,ROBBERY,ROBBERY incident reported in Delhi NCR,Delhi NCR,False,Delhi NCR,28.61873335542242,77.2166085176013
FIR-INDIA-2025-02758,2025-10-26 07:24:00,THEFT,THEFT incident reported in Mumbai Metro,Mumbai Metro,False,Mumbai Metro,19.079740308685437,72.90707577926729
FIR-INDIA-2025-02759,2025-09-24 17:45:00,CYBER,CYBER incident reported in Delhi NCR,Delhi NCR,True,Delhi NCR,28.614232687499417,77.22140123540659
FIR-INDIA-2023-02760,2023-11-06 03:26:00,ASSAULT,ASSAULT incident reported in Bengaluru City,Bengaluru City,False,Bengaluru City,12.963179631994022,77.60371299763939
FIR-INDIA-2025-02761,2025-08-12 06:56:00,ASSAULT,ASSAULT incident reported in Delhi NCR,Delhi NCR,False,Delhi NCR,28.62746622970359,77.20645118843511
FIR-INDIA-2026-02762,2026-02-26 20:19:00,OTHER,OTHER incident reported in Bengaluru City,Bengaluru City,True,Bengaluru City,12.974242457667584,77.60404750105224
FIR-INDIA-2024-02763,2024-03-24 10:53:00,CYBER,CYBER incident reported in Delhi NCR,Delhi NCR,False,Delhi NCR,28.614023501521828,77.20512174675927
FIR-INDIA-2023-02764,2023-02-01 11:12:00,THEFT,THEFT incident reported in Mumbai Metro,Mumbai Metro,False,Mumbai Metro,19.090776967385523,72.86154182403037
FIR-INDIA-2025-02765,2025-12-06 11:27:00,THEFT,THEFT incident reported in Bengaluru City,Bengaluru City,False,Bengaluru City,12.979507147100195,77.59821688767205
FIR-INDIA-2026-02766,2026-06-13 05:42:00,ASSAULT,ASSAULT incident reported in Delhi NCR,Delhi NCR,False,Delhi NCR,28.61935323204742,77.1908113630365
FIR-INDIA-2023-02767,2023-09-27 03:28:00,THEFT,THEFT incident reported in Bengaluru City,Bengaluru City,False,Bengaluru City,12.949706107445163,77.58680760988605
FIR-INDIA-2023-02768,2023-12-25 04:18:00,THEFT,THEFT incident reported in Mumbai Metro,Mumbai Metro,False,Mumbai Metro,19.0935044330842,72.89037014443379
FIR-INDIA-2024-02769,2024-03-29 03:02:00,THEFT,THEFT incident reported in Delhi NCR,Delhi NCR,False,Delhi NCR,28.594254002998667,77.20860988939961
FIR-INDIA-2024-02770,2024-01-24 04:50:00,THEFT,THEFT incident reported in Chennai Metro,Chennai Metro,False,Chennai Metro,13.064179865182409,80.25131672289164
FIR-INDIA-2023-02771,2023-12-10 17:16:00,THEFT,THEFT incident reported in Mumbai Metro,Mumbai Metro,False,Mumbai Metro,19.077396639679677,72.85971599301261
FIR-INDIA-2025-02772,2025-10-09 21:39:00,ROBBERY,ROBBERY incident reported in Kolkata City,Kolkata City,True,Kolkata City,22.56633456473483,88.35847316132251
FIR-INDIA-2023-02773,2023-08-26 10:54:00,CYBER,CYBER incident reported in Bengaluru City,Bengaluru City,True,Bengaluru City,12.976640371971413,77.62866417012444
FIR-INDIA-2026-02774,2026-03-05 11:03:00,ASSAULT,ASSAULT incident reported in Ahmedabad,Ahmedabad,True,Ahmedabad,23.0608266643011,72.5982686828093
FIR-INDIA-2024-02775,2024-02-20 17:58:00,THEFT,THEFT incident reported in Bengaluru City,Bengaluru City,False,Bengaluru City,12.963733029405141,77.6003631989101
FIR-INDIA-2024-02776,2024-01-24 04:15:00,ASSAULT,ASSAULT incident reported in Mumbai Metro,Mumbai Metro,False,Mumbai Metro,19.09217152242888,72.91133378974766
FIR-INDIA-2023-02777,2023-11-07 08:50:00,ASSAULT,ASSAULT incident reported in Delhi NCR,Delhi NCR,True,Delhi NCR,28.602960386258545,77.19315594917083
FIR-INDIA-2024-02778,2024-07-15 03:51:00,ROBBERY,ROBBERY incident reported in Delhi NCR,Delhi NCR,False,Delhi NCR,28.60515734271097,77.20734671195562
FIR-INDIA-2026-02779,2026-01-13 17:12:00,THEFT,THEFT incident reported in Mumbai Metro,Mumbai Metro,False,Mumbai Metro,19.083564515141582,72.86884840278587
FIR-INDIA-2025-02780,2025-06-02 17:37:00,BURGLARY,BURGLARY incident reported in Chennai Metro,Chennai Metro,True,Chennai Metro,13.065682677987201,80.28380186547726
FIR-INDIA-2025-02781,2025-07-13 09:33:00,THEFT,THEFT incident reported in Hyderabad Metro,Hyderabad Metro,False,Hyderabad Metro,17.391870424830802,78.52526818527903
FIR-INDIA-2025-02782,2025-02-05 23:27:00,BURGLARY,BURGLARY incident reported in Mumbai Metro,Mumbai Metro,False,Mumbai Metro,19.090349351143555,72.85458383347574
FIR-INDIA-2024-02783,2024-12-05 09:44:00,ASSAULT,ASSAULT incident reported in Kolkata City,Kolkata City,False,Kolkata City,22.600922181277372,88.36575200461616
FIR-INDIA-2025-02784,2025-06-15 08:09:00,THEFT,THEFT incident reported in Kolkata City,Kolkata City,True,Kolkata City,22.554775357098194,88.3529930456381
FIR-INDIA-2024-02785,2024-04-03 11:38:00,CYBER,CYBER incident reported in Ahmedabad,Ahmedabad,True,Ahmedabad,23.02984243065436,72.54163422182108
FIR-INDIA-2023-02786,2023-08-31 09:07:00,ROBBERY,ROBBERY incident reported in Bengaluru City,Bengaluru City,False,Bengaluru City,12.964605927785087,77.61466800217767
FIR-INDIA-2024-02787,2024-12-09 20:19:00,OTHER,OTHER incident reported in Kolkata City,Kolkata City,False,Kolkata City,22.56547929094223,88.3943472028491
FIR-INDIA-2026-02788,2026-08-22 14:24:00,THEFT,THEFT incident reported in Pune,Pune,True,Pune,18.526764828417377,73.86019247590573
FIR-INDIA-2023-02789,2023-09-26 13:34:00,THEFT,THEFT incident reported in Hyderabad Metro,Hyderabad Metro,False,Hyderabad Metro,17.415634879599722,78.4874478444413
FIR-INDIA-2023-02790,2023-04-24 10:58:00,ROBBERY,ROBBERY incident reported in Hyderabad Metro,Hyderabad Metro,False,Hyderabad Metro,17.404886326528125,78.48473979739201
FIR-INDIA-2023-02791,2023-04-18 21:05:00,THEFT,THEFT incident reported in Bengaluru City,Bengaluru City,False,Bengaluru City,12.967797627022696,77.61901905830148
FIR-INDIA-2026-02792,2026-04-05 17:50:00,ROBBERY,ROBBERY incident reported in Mumbai Metro,Mumbai Metro,True,Mumbai Metro,19.06006588502056,72.85815310861132
FIR-INDIA-2025-02793,2025-07-21 21:18:00,ASSAULT,ASSAULT incident reported in Bengaluru City,Bengaluru City,False,Bengaluru City,12.970599104330555,77.5914813106304
FIR-INDIA-2026-02794,2026-03-23 23:57:00,THEFT,THEFT incident reported in Chennai Metro,Chennai Metro,False,Chennai Metro,13.101811449970505,80.2807235458187
FIR-INDIA-2023-02795,2023-11-03 19:54:00,ROBBERY,ROBBERY incident reported in Ahmedabad,Ahmedabad,False,Ahmedabad,23.02500427976653,72.54980517363046
FIR-INDIA-2024-02796,2024-08-24 10:19:00,ROBBERY,ROBBERY incident reported in Hyderabad Metro,Hyderabad Metro,True,Hyderabad Metro,17.377412639521022,78.4724685511333
FIR-INDIA-2025-02797,2025-06-28 11:34:00,BURGLARY,BURGLARY incident reported in Mumbai Metro,Mumbai Metro,False,Mumbai Metro,19.091647559656757,72.8700253273843
FIR-INDIA-2024-02798,2024-06-12 21:30:00,ASSAULT,ASSAULT incident reported in Pune,Pune,True,Pune,18.544033982878506,73.88635073583431
FIR-INDIA-2025-02799,2025-10-10 18:54:00,ASSAULT,ASSAULT incident reported in Ahmedabad,Ahmedabad,False,Ahmedabad,23.006710802442235,72.57706179507623
FIR-INDIA-2025-02800,2025-10-13 05:46:00,THEFT,THEFT incident reported in Kolkata City,Kolkata City,False,Kolkata City,22.597697169963016,88.36037066263015
FIR-INDIA-2025-02801,2025-10-10 03:41:00,THEFT,THEFT incident reported in Chennai Metro,Chennai Metro,False,Chennai Metro,13.083965483404635,80.26146224107745
FIR-INDIA-2026-02802,2026-04-27 04:25:00,CYBER,CYBER incident reported in Hyderabad Metro,Hyderabad Metro,False,Hyderabad Metro,17.380009404073586,78.47680309810899
FIR-INDIA-2023-02803,2023-07-13 07:58:00,THEFT,THEFT incident reported in Chennai Metro,Chennai Metro,True,Chennai Metro,13.07499761348877,80.25638785237497
FIR-INDIA-2026-02804,2026-02-12 02:06:00,THEFT,THEFT incident reported in Mumbai Metro,Mumbai Metro,False,Mumbai Metro,19.06248738396879,72.88258709816161
FIR-INDIA-2023-02805,2023-12-19 09:33:00,ASSAULT,ASSAULT incident reported in Kolkata City,Kolkata City,False,Kolkata City,22.596167763239333,88.35468831085167
FIR-INDIA-2025-02806,2025-06-07 03:57:00,THEFT,THEFT incident reported in Hyderabad Metro,Hyderabad Metro,False,Hyderabad Metro,17.381967755774237,78.49609726954307
FIR-INDIA-2026-02807,2026-07-25 00:10:00,THEFT,THEFT incident reported in Kolkata City,Kolkata City,False,Kolkata City,22.565221928760597,88.34158796629747
FIR-INDIA-2023-02808,2023-11-10 21:37:00,THEFT,THEFT incident reported in Ahmedabad,Ahmedabad,False,Ahmedabad,23.00124972283478,72.58061319921616
FIR-INDIA-2024-02809,2024-03-03 22:36:00,THEFT,THEFT incident reported in Mumbai Metro,Mumbai Metro,False,Mumbai Metro,19.076767312238484,72.88670818536063
FIR-INDIA-2024-02810,2024-05-02 02:28:00,BURGLARY,BURGLARY incident reported in Pune,Pune,False,Pune,18.54326712433743,73.86915803174779
FIR-INDIA-2026-02811,2026-06-27 00:40:00,ASSAULT,ASSAULT incident reported in Hyderabad Metro,Hyderabad Metro,False,Hyderabad Metro,17.364834821619734,78.5054577704258
FIR-INDIA-2023-02812,2023-07-18 23:04:00,BURGLARY,BURGLARY incident reported in Bengaluru City,Bengaluru City,False,Bengaluru City,12.959322164613251,77.62687686794361
FIR-INDIA-2024-02813,2024-06-29 17:49:00,THEFT,THEFT incident reported in Mumbai Metro,Mumbai Metro,False,Mumbai Metro,19.105737011726895,72.89338697836119
FIR-INDIA-2026-02814,2026-06-24 10:28:00,BURGLARY,BURGLARY incident reported in Mumbai Metro,Mumbai Metro,True,Mumbai Metro,19.06501966335574,72.90626566485153
FIR-INDIA-2025-02815,2025-03-17 02:59:00,ROBBERY,ROBBERY incident reported in Ahmedabad,Ahmedabad,False,Ahmedabad,23.04310708426812,72.58176723875654
FIR-INDIA-2025-02816,2025-09-02 14:45:00,ROBBERY,ROBBERY incident reported in Pune,Pune,False,Pune,18.499369183169463,73.8742245665743
FIR-INDIA-2023-02817,2023-12-11 23:29:00,THEFT,THEFT incident reported in Chennai Metro,Chennai Metro,True,Chennai Metro,13.093830210921727,80.26412680192132
FIR-INDIA-2023-02818,2023-06-12 11:40:00,THEFT,THEFT incident reported in Ahmedabad,Ahmedabad,True,Ahmedabad,23.029377971156578,72.59030726422412
FIR-INDIA-2023-02819,2023-01-17 09:41:00,ASSAULT,ASSAULT incident reported in Chennai Metro,Chennai Metro,True,Chennai Metro,13.076031009034157,80.25908147729346
FIR-INDIA-2025-02820,2025-03-30 05:31:00,THEFT,THEFT incident reported in Mumbai Metro,Mumbai Metro,False,Mumbai Metro,19.10348926365393,72.87696624822182
FIR-INDIA-2024-02821,2024-05-12 14:57:00,ASSAULT,ASSAULT incident reported in Hyderabad Metro,Hyderabad Metro,False,Hyderabad Metro,17.387397086566857,78.49415815073978
FIR-INDIA-2023-02822,2023-01-23 08:50:00,OTHER,OTHER incident reported in Mumbai Metro,Mumbai Metro,False,Mumbai Metro,19.07170002510282,72.86921865460225
FIR-INDIA-2025-02823,2025-10-05 02:59:00,OTHER,OTHER incident reported in Mumbai Metro,Mumbai Metro,False,Mumbai Metro,19.107229931234123,72.86327300142176
FIR-INDIA-2024-02824,2024-11-20 00:31:00,THEFT,THEFT incident reported in Delhi NCR,Delhi NCR,False,Delhi NCR,28.596953969168453,77.2374973574185
FIR-INDIA-2025-02825,2025-02-16 11:04:00,CYBER,CYBER incident reported in Delhi NCR,Delhi NCR,False,Delhi NCR,28.592921183991233,77.20614322974663
FIR-INDIA-2024-02826,2024-07-21 21:01:00,THEFT,THEFT incident reported in Hyderabad Metro,Hyderabad Metro,False,Hyderabad Metro,17.378713231750694,78.49606142609514
FIR-INDIA-2025-02827,2025-08-02 21:14:00,CYBER,CYBER incident reported in Ahmedabad,Ahmedabad,True,Ahmedabad,23.052045022187194,72.56757024201008
FIR-INDIA-2023-02828,2023-04-02 03:15:00,THEFT,THEFT incident reported in Mumbai Metro,Mumbai Metro,False,Mumbai Metro,19.076179477241514,72.86486794774889
FIR-INDIA-2025-02829,2025-10-06 16:48:00,THEFT,THEFT incident reported in Bengaluru City,Bengaluru City,False,Bengaluru City,12.963104186083143,77.61530476480122
FIR-INDIA-2024-02830,2024-08-01 10:53:00,THEFT,THEFT incident reported in Ahmedabad,Ahmedabad,True,Ahmedabad,23.00315655844909,72.5666462519704
FIR-INDIA-2024-02831,2024-10-28 21:16:00,THEFT,THEFT incident reported in Pune,Pune,False,Pune,18.525457572907083,73.83685861858028
FIR-INDIA-2025-02832,2025-06-06 13:44:00,OTHER,OTHER incident reported in Chennai Metro,Chennai Metro,True,Chennai Metro,13.106030585485165,80.26685886142009
FIR-INDIA-2024-02833,2024-07-01 03:44:00,BURGLARY,BURGLARY incident reported in Delhi NCR,Delhi NCR,False,Delhi NCR,28.606306988640185,77.21216740534962
FIR-INDIA-2026-02834,2026-02-21 05:51:00,THEFT,THEFT incident reported in Chennai Metro,Chennai Metro,False,Chennai Metro,13.05919750683758,80.2798051660132
FIR-INDIA-2023-02835,2023-12-30 23:35:00,BURGLARY,BURGLARY incident reported in Kolkata City,Kolkata City,True,Kolkata City,22.58388736012362,88.35269280190283
FIR-INDIA-2025-02836,2025-08-20 15:43:00,ROBBERY,ROBBERY incident reported in Delhi NCR,Delhi NCR,True,Delhi NCR,28.613067888186354,77.21727827499737
FIR-INDIA-2026-02837,2026-06-16 16:08:00,CYBER,CYBER incident reported in Bengaluru City,Bengaluru City,False,Bengaluru City,12.95540916085758,77.59067911189895
FIR-INDIA-2023-02838,2023-02-23 14:46:00,THEFT,THEFT incident reported in Delhi NCR,Delhi NCR,False,Delhi NCR,28.608454612851098,77.18438646469686
FIR-INDIA-2024-02839,2024-03-01 03:25:00,THEFT,THEFT incident reported in Delhi NCR,Delhi NCR,False,Delhi NCR,28.601451509610946,77.20917417625321
FIR-INDIA-2024-02840,2024-07-01 18:57:00,THEFT,THEFT incident reported in Mumbai Metro,Mumbai Metro,False,Mumbai Metro,19.09353942490453,72.88170170764867
FIR-INDIA-2026-02841,2026-01-01 20:29:00,ROBBERY,ROBBERY incident reported in Pune,Pune,False,Pune,18.545722052823624,73.84001177321808
FIR-INDIA-2023-02842,2023-01-19 12:20:00,THEFT,THEFT incident reported in Mumbai Metro,Mumbai Metro,False,Mumbai Metro,19.060966095477657,72.86923173090678
FIR-INDIA-2026-02843,2026-08-28 00:31:00,CYBER,CYBER incident reported in Kolkata City,Kolkata City,False,Kolkata City,22.580844147107715,88.36578280170815
FIR-INDIA-2026-02844,2026-07-01 22:29:00,ROBBERY,ROBBERY incident reported in Kolkata City,Kolkata City,False,Kolkata City,22.57257055816635,88.3567626124618
FIR-INDIA-2025-02845,2025-04-19 02:46:00,ASSAULT,ASSAULT incident reported in Chennai Metro,Chennai Metro,True,Chennai Metro,13.105604801134453,80.2653915643309
FIR-INDIA-2023-02846,2023-10-17 20:36:00,THEFT,THEFT incident reported in Bengaluru City,Bengaluru City,True,Bengaluru City,12.96832577794154,77.61892785699578
FIR-INDIA-2025-02847,2025-08-08 22:31:00,ROBBERY,ROBBERY incident reported in Delhi NCR,Delhi NCR,False,Delhi NCR,28.618123477196836,77.225655460666
FIR-INDIA-2026-02848,2026-05-15 17:34:00,ROBBERY,ROBBERY incident reported in Mumbai Metro,Mumbai Metro,False,Mumbai Metro,19.05049604746399,72.88835580716426
FIR-INDIA-2025-02849,2025-11-25 04:23:00,CYBER,CYBER incident reported in Delhi NCR,Delhi NCR,False,Delhi NCR,28.629260873210683,77.20903486045113
FIR-INDIA-2025-02850,2025-04-28 10:23:00,THEFT,THEFT incident reported in Delhi NCR,Delhi NCR,False,Delhi NCR,28.59802048656157,77.20262888755144
FIR-INDIA-2023-02851,2023-06-23 02:21:00,ROBBERY,ROBBERY incident reported in Hyderabad Metro,Hyderabad Metro,False,Hyderabad Metro,17.37909457459082,78.48949840180045
FIR-INDIA-2024-02852,2024-03-19 00:46:00,ASSAULT,ASSAULT incident reported in Bengaluru City,Bengaluru City,False,Bengaluru City,12.970335192467017,77.58673926738219
FIR-INDIA-2024-02853,2024-10-28 20:57:00,BURGLARY,BURGLARY incident reported in Hyderabad Metro,Hyderabad Metro,False,Hyderabad Metro,17.393527678967864,78.49310382258004
FIR-INDIA-2023-02854,2023-06-14 17:23:00,THEFT,THEFT incident reported in Chennai Metro,Chennai Metro,True,Chennai Metro,13.096287922554021,80.25365284310178
FIR-INDIA-2026-02855,2026-07-11 03:31:00,THEFT,THEFT incident reported in Ahmedabad,Ahmedabad,False,Ahmedabad,23.043409190622633,72.56433602912001
FIR-INDIA-2024-02856,2024-04-18 12:43:00,THEFT,THEFT incident reported in Hyderabad Metro,Hyderabad Metro,False,Hyderabad Metro,17.374348018403353,78.50278495353179
FIR-INDIA-2025-02857,2025-06-27 08:17:00,THEFT,THEFT incident reported in Pune,Pune,True,Pune,18.531724714519562,73.86792959773626
FIR-INDIA-2025-02858,2025-04-10 14:34:00,OTHER,OTHER incident reported in Delhi NCR,Delhi NCR,False,Delhi NCR,28.62176653902167,77.2124977610082
FIR-INDIA-2024-02859,2024-04-15 17:27:00,BURGLARY,BURGLARY incident reported in Delhi NCR,Delhi NCR,False,Delhi NCR,28.63221452461528,77.19454218687486
FIR-INDIA-2026-02860,2026-07-08 19:34:00,ASSAULT,ASSAULT incident reported in Kolkata City,Kolkata City,False,Kolkata City,22.582846041724032,88.33694708213497
FIR-INDIA-2025-02861,2025-04-16 20:26:00,ASSAULT,ASSAULT incident reported in Delhi NCR,Delhi NCR,False,Delhi NCR,28.61150979744699,77.1956388979513
FIR-INDIA-2024-02862,2024-05-02 10:35:00,ASSAULT,ASSAULT incident reported in Bengaluru City,Bengaluru City,False,Bengaluru City,12.980313701339554,77.57679412022719
FIR-INDIA-2023-02863,2023-11-20 11:03:00,THEFT,THEFT incident reported in Kolkata City,Kolkata City,False,Kolkata City,22.567636230782448,88.37884332838009
FIR-INDIA-2026-02864,2026-04-12 10:58:00,THEFT,THEFT incident reported in Hyderabad Metro,Hyderabad Metro,False,Hyderabad Metro,17.403423410785535,78.51172491028743
FIR-INDIA-2023-02865,2023-04-18 12:34:00,THEFT,THEFT incident reported in Mumbai Metro,Mumbai Metro,True,Mumbai Metro,19.07512465184187,72.88187976233235
FIR-INDIA-2025-02866,2025-08-31 01:29:00,ASSAULT,ASSAULT incident reported in Kolkata City,Kolkata City,False,Kolkata City,22.556895377063505,88.35646108628028
FIR-INDIA-2025-02867,2025-04-02 03:07:00,ROBBERY,ROBBERY incident reported in Mumbai Metro,Mumbai Metro,False,Mumbai Metro,19.09145690823554,72.88399042501834
FIR-INDIA-2025-02868,2025-03-29 18:19:00,ROBBERY,ROBBERY incident reported in Delhi NCR,Delhi NCR,False,Delhi NCR,28.61219850983113,77.20834787645875
FIR-INDIA-2024-02869,2024-12-26 12:58:00,BURGLARY,BURGLARY incident reported in Bengaluru City,Bengaluru City,False,Bengaluru City,12.967429604012256,77.5973496893166
FIR-INDIA-2023-02870,2023-05-23 03:08:00,THEFT,THEFT incident reported in Kolkata City,Kolkata City,False,Kolkata City,22.560469487547707,88.38960984336549
FIR-INDIA-2024-02871,2024-04-23 18:22:00,ROBBERY,ROBBERY incident reported in Kolkata City,Kolkata City,False,Kolkata City,22.565421163211827,88.35786154084325
FIR-INDIA-2023-02872,2023-03-28 05:11:00,THEFT,THEFT incident reported in Mumbai Metro,Mumbai Metro,False,Mumbai Metro,19.071399101954682,72.8709622773936
FIR-INDIA-2024-02873,2024-12-10 03:17:00,THEFT,THEFT incident reported in Bengaluru City,Bengaluru City,False,Bengaluru City,12.969919014363684,77.5872524720798
FIR-INDIA-2026-02874,2026-06-20 15:57:00,ROBBERY,ROBBERY incident reported in Bengaluru City,Bengaluru City,False,Bengaluru City,12.978401370774586,77.5941964460123
FIR-INDIA-2026-02875,2026-01-16 18:53:00,THEFT,THEFT incident reported in Ahmedabad,Ahmedabad,False,Ahmedabad,23.026392148711086,72.56268969494839
FIR-INDIA-2026-02876,2026-05-08 12:13:00,THEFT,THEFT incident reported in Hyderabad Metro,Hyderabad Metro,True,Hyderabad Metro,17.359167369086123,78.45811700530055
FIR-INDIA-2023-02877,2023-06-05 10:12:00,THEFT,THEFT incident reported in Bengaluru City,Bengaluru City,False,Bengaluru City,12.985272255063276,77.58779622830976
FIR-INDIA-2023-02878,2023-06-19 06:10:00,THEFT,THEFT incident reported in Mumbai Metro,Mumbai Metro,False,Mumbai Metro,19.07520346816399,72.8921256592569
FIR-INDIA-2025-02879,2025-11-26 10:52:00,CYBER,CYBER incident reported in Ahmedabad,Ahmedabad,False,Ahmedabad,23.017026458145764,72.55922777241595
FIR-INDIA-2023-02880,2023-05-12 00:55:00,ROBBERY,ROBBERY incident reported in Mumbai Metro,Mumbai Metro,False,Mumbai Metro,19.073192898821855,72.8730543012922
FIR-INDIA-2024-02881,2024-05-16 09:11:00,THEFT,THEFT incident reported in Chennai Metro,Chennai Metro,False,Chennai Metro,13.082325768509882,80.28434586389864
FIR-INDIA-2024-02882,2024-05-03 02:42:00,BURGLARY,BURGLARY incident reported in Mumbai Metro,Mumbai Metro,False,Mumbai Metro,19.066285629549068,72.88014065120724
FIR-INDIA-2023-02883,2023-07-01 09:57:00,THEFT,THEFT incident reported in Mumbai Metro,Mumbai Metro,False,Mumbai Metro,19.079762427384633,72.90231549035592
FIR-INDIA-2023-02884,2023-06-06 06:31:00,BURGLARY,BURGLARY incident reported in Bengaluru City,Bengaluru City,False,Bengaluru City,12.967405066496628,77.58458673440128
FIR-INDIA-2023-02885,2023-11-01 22:46:00,THEFT,THEFT incident reported in Chennai Metro,Chennai Metro,True,Chennai Metro,13.077059810255514,80.2934226975505
FIR-INDIA-2025-02886,2025-11-25 21:57:00,THEFT,THEFT incident reported in Ahmedabad,Ahmedabad,False,Ahmedabad,23.062676744875464,72.593056217706
FIR-INDIA-2025-02887,2025-02-16 08:49:00,BURGLARY,BURGLARY incident reported in Bengaluru City,Bengaluru City,False,Bengaluru City,12.96873243137573,77.61298287999192
FIR-INDIA-2023-02888,2023-02-02 10:54:00,THEFT,THEFT incident reported in Ahmedabad,Ahmedabad,False,Ahmedabad,23.048642092208727,72.58125515482412
FIR-INDIA-2023-02889,2023-12-28 05:24:00,ASSAULT,ASSAULT incident reported in Mumbai Metro,Mumbai Metro,False,Mumbai Metro,19.0957434388844,72.89366653518191
FIR-INDIA-2023-02890,2023-01-27 11:59:00,ROBBERY,ROBBERY incident reported in Bengaluru City,Bengaluru City,False,Bengaluru City,12.996937496995676,77.59533843535188
FIR-INDIA-2023-02891,2023-01-10 02:13:00,THEFT,THEFT incident reported in Delhi NCR,Delhi NCR,False,Delhi NCR,28.61625694948195,77.19225589836644
FIR-INDIA-2024-02892,2024-11-06 01:48:00,CYBER,CYBER incident reported in Chennai Metro,Chennai Metro,False,Chennai Metro,13.094120926957029,80.2400373840168
FIR-INDIA-2024-02893,2024-08-25 00:19:00,ROBBERY,ROBBERY incident reported in Pune,Pune,True,Pune,18.519878021263885,73.87001468630814
FIR-INDIA-2024-02894,2024-06-30 08:54:00,THEFT,THEFT incident reported in Mumbai Metro,Mumbai Metro,False,Mumbai Metro,19.08746649692232,72.88763404938706
FIR-INDIA-2025-02895,2025-12-29 22:25:00,CYBER,CYBER incident reported in Pune,Pune,False,Pune,18.5259205068113,73.86284154072418
FIR-INDIA-2025-02896,2025-07-09 19:10:00,CYBER,CYBER incident reported in Pune,Pune,True,Pune,18.48938493556076,73.87759600646082
FIR-INDIA-2026-02897,2026-04-24 01:26:00,OTHER,OTHER incident reported in Pune,Pune,False,Pune,18.512570784742163,73.85322851130177
FIR-INDIA-2024-02898,2024-11-26 09:17:00,THEFT,THEFT incident reported in Delhi NCR,Delhi NCR,True,Delhi NCR,28.593935839155026,77.20252215433634
FIR-INDIA-2023-02899,2023-04-17 06:17:00,THEFT,THEFT incident reported in Bengaluru City,Bengaluru City,False,Bengaluru City,12.999365615997837,77.58137084346414
FIR-INDIA-2026-02900,2026-07-28 14:02:00,ASSAULT,ASSAULT incident reported in Bengaluru City,Bengaluru City,False,Bengaluru City,12.965776285375004,77.58449552118597
FIR-INDIA-2026-02901,2026-04-23 16:33:00,ASSAULT,ASSAULT incident reported in Mumbai Metro,Mumbai Metro,False,Mumbai Metro,19.067906631615667,72.9034289747084
FIR-INDIA-2023-02902,2023-04-12 00:49:00,OTHER,OTHER incident reported in Delhi NCR,Delhi NCR,False,Delhi NCR,28.64696182639795,77.24951136929609
FIR-INDIA-2025-02903,2025-07-05 00:19:00,THEFT,THEFT incident reported in Kolkata City,Kolkata City,False,Kolkata City,22.60399692532747,88.37803599311702
FIR-INDIA-2024-02904,2024-10-23 06:51:00,OTHER,OTHER incident reported in Bengaluru City,Bengaluru City,False,Bengaluru City,12.970427968990126,77.58875073084573
FIR-INDIA-2026-02905,2026-08-13 20:35:00,ASSAULT,ASSAULT incident reported in Delhi NCR,Delhi NCR,False,Delhi NCR,28.62986338806198,77.20407618664056
FIR-INDIA-2026-02906,2026-08-20 21:42:00,BURGLARY,BURGLARY incident reported in Kolkata City,Kolkata City,False,Kolkata City,22.555944122587857,88.37029475346401
FIR-INDIA-2024-02907,2024-03-26 12:39:00,ASSAULT,ASSAULT incident reported in Bengaluru City,Bengaluru City,False,Bengaluru City,12.976222178825768,77.58745058798797
FIR-INDIA-2025-02908,2025-09-11 21:01:00,THEFT,THEFT incident reported in Mumbai Metro,Mumbai Metro,False,Mumbai Metro,19.06682213019763,72.89507643382223
FIR-INDIA-2023-02909,2023-06-23 02:45:00,ROBBERY,ROBBERY incident reported in Bengaluru City,Bengaluru City,False,Bengaluru City,12.960073842148402,77.59770994648022
FIR-INDIA-2026-02910,2026-06-27 18:03:00,THEFT,THEFT incident reported in Delhi NCR,Delhi NCR,False,Delhi NCR,28.628992975874976,77.22139176844713
FIR-INDIA-2024-02911,2024-06-12 01:25:00,CYBER,CYBER incident reported in Hyderabad Metro,Hyderabad Metro,True,Hyderabad Metro,17.3778989979469,78.45722608332898
FIR-INDIA-2025-02912,2025-04-25 20:20:00,BURGLARY,BURGLARY incident reported in Kolkata City,Kolkata City,False,Kolkata City,22.562311523171473,88.33470626961862
FIR-INDIA-2025-02913,2025-07-11 04:38:00,ASSAULT,ASSAULT incident reported in Bengaluru City,Bengaluru City,False,Bengaluru City,12.952793943761101,77.59517768807288
FIR-INDIA-2025-02914,2025-01-05 17:23:00,THEFT,THEFT incident reported in Delhi NCR,Delhi NCR,False,Delhi NCR,28.628010265020293,77.19797054882052
FIR-INDIA-2024-02915,2024-03-10 08:46:00,BURGLARY,BURGLARY incident reported in Hyderabad Metro,Hyderabad Metro,False,Hyderabad Metro,17.394042559721594,78.5103868459858
FIR-INDIA-2026-02916,2026-02-11 09:33:00,ASSAULT,ASSAULT incident reported in Hyderabad Metro,Hyderabad Metro,False,Hyderabad Metro,17.40213217724569,78.50484620194247
FIR-INDIA-2025-02917,2025-03-07 21:37:00,THEFT,THEFT incident reported in Mumbai Metro,Mumbai Metro,False,Mumbai Metro,19.086880651837816,72.9062044360907
FIR-INDIA-2024-02918,2024-09-15 00:53:00,THEFT,THEFT incident reported in Kolkata City,Kolkata City,False,Kolkata City,22.56221858588268,88.32830610260972
FIR-INDIA-2023-02919,2023-06-13 18:22:00,THEFT,THEFT incident reported in Pune,Pune,False,Pune,18.517357627333638,73.85228214854827
FIR-INDIA-2025-02920,2025-04-18 00:20:00,BURGLARY,BURGLARY incident reported in Bengaluru City,Bengaluru City,False,Bengaluru City,12.968095265799633,77.57751077688944
FIR-INDIA-2023-02921,2023-06-01 12:19:00,THEFT,THEFT incident reported in Mumbai Metro,Mumbai Metro,False,Mumbai Metro,19.08347497978226,72.87581974186952
FIR-INDIA-2026-02922,2026-05-05 15:29:00,OTHER,OTHER incident reported in Delhi NCR,Delhi NCR,False,Delhi NCR,28.598325623612283,77.18583721247755
FIR-INDIA-2024-02923,2024-03-17 01:31:00,ROBBERY,ROBBERY incident reported in Hyderabad Metro,Hyderabad Metro,False,Hyderabad Metro,17.386282272041882,78.4986607895935
FIR-INDIA-2024-02924,2024-10-24 05:18:00,ASSAULT,ASSAULT incident reported in Delhi NCR,Delhi NCR,False,Delhi NCR,28.632669942309324,77.19027260401468
FIR-INDIA-2023-02925,2023-02-11 05:35:00,OTHER,OTHER incident reported in Kolkata City,Kolkata City,False,Kolkata City,22.569211056430202,88.34948172732203
FIR-INDIA-2026-02926,2026-06-19 18:23:00,ASSAULT,ASSAULT incident reported in Pune,Pune,False,Pune,18.502396538582925,73.84921264841388
FIR-INDIA-2024-02927,2024-10-18 05:53:00,ROBBERY,ROBBERY incident reported in Delhi NCR,Delhi NCR,False,Delhi NCR,28.58127423845415,77.20542274559945
FIR-INDIA-2023-02928,2023-06-28 21:32:00,ROBBERY,ROBBERY incident reported in Kolkata City,Kolkata City,False,Kolkata City,22.579877860540552,88.3551075225061
FIR-INDIA-2026-02929,2026-02-16 14:11:00,THEFT,THEFT incident reported in Hyderabad Metro,Hyderabad Metro,True,Hyderabad Metro,17.392696132601696,78.5025009490835
FIR-INDIA-2023-02930,2023-03-05 13:08:00,ROBBERY,ROBBERY incident reported in Bengaluru City,Bengaluru City,False,Bengaluru City,12.97665815221454,77.60652035564529
FIR-INDIA-2025-02931,2025-06-30 17:11:00,ASSAULT,ASSAULT incident reported in Ahmedabad,Ahmedabad,False,Ahmedabad,23.005435491737277,72.57722446632204
FIR-INDIA-2025-02932,2025-08-04 22:21:00,THEFT,THEFT incident reported in Ahmedabad,Ahmedabad,False,Ahmedabad,23.02343746945359,72.58400327487054
FIR-INDIA-2024-02933,2024-06-26 20:03:00,ASSAULT,ASSAULT incident reported in Mumbai Metro,Mumbai Metro,False,Mumbai Metro,19.060495478972015,72.88106416680499
FIR-INDIA-2025-02934,2025-11-21 10:57:00,CYBER,CYBER incident reported in Hyderabad Metro,Hyderabad Metro,False,Hyderabad Metro,17.368385580872673,78.50380784292136
FIR-INDIA-2025-02935,2025-10-28 21:32:00,ASSAULT,ASSAULT incident reported in Chennai Metro,Chennai Metro,False,Chennai Metro,13.087618944235091,80.28287579382373
FIR-INDIA-2025-02936,2025-06-03 05:05:00,ASSAULT,ASSAULT incident reported in Kolkata City,Kolkata City,False,Kolkata City,22.60657786822005,88.37706400109974
FIR-INDIA-2023-02937,2023-01-05 00:36:00,ROBBERY,ROBBERY incident reported in Mumbai Metro,Mumbai Metro,True,Mumbai Metro,19.108054650388866,72.8816047806724
FIR-INDIA-2025-02938,2025-05-04 15:31:00,ASSAULT,ASSAULT incident reported in Hyderabad Metro,Hyderabad Metro,True,Hyderabad Metro,17.364352816095536,78.48174208053665
FIR-INDIA-2025-02939,2025-07-04 14:24:00,THEFT,THEFT incident reported in Delhi NCR,Delhi NCR,False,Delhi NCR,28.600777541604543,77.23368384114683
FIR-INDIA-2024-02940,2024-05-17 02:23:00,THEFT,THEFT incident reported in Bengaluru City,Bengaluru City,False,Bengaluru City,12.980248542577662,77.58514344575629
FIR-INDIA-2024-02941,2024-02-22 23:31:00,ROBBERY,ROBBERY incident reported in Bengaluru City,Bengaluru City,False,Bengaluru City,12.975185873524252,77.58785596016301
FIR-INDIA-2024-02942,2024-03-28 04:21:00,THEFT,THEFT incident reported in Kolkata City,Kolkata City,False,Kolkata City,22.598465708030655,88.39622437777399
FIR-INDIA-2024-02943,2024-07-05 23:53:00,THEFT,THEFT incident reported in Mumbai Metro,Mumbai Metro,True,Mumbai Metro,19.080330127401556,72.88337756862394
FIR-INDIA-2026-02944,2026-01-24 19:40:00,CYBER,CYBER incident reported in Delhi NCR,Delhi NCR,False,Delhi NCR,28.613731915422353,77.1958582112146
FIR-INDIA-2023-02945,2023-07-12 20:26:00,ROBBERY,ROBBERY incident reported in Delhi NCR,Delhi NCR,False,Delhi NCR,28.62324856990754,77.21509152452072
FIR-INDIA-2023-02946,2023-12-31 21:00:00,THEFT,THEFT incident reported in Pune,Pune,False,Pune,18.54581042321066,73.88291050802493
FIR-INDIA-2024-02947,2024-03-20 13:30:00,THEFT,THEFT incident reported in Ahmedabad,Ahmedabad,True,Ahmedabad,22.99907217036456,72.60640037168962
FIR-INDIA-2026-02948,2026-05-22 13:00:00,THEFT,THEFT incident reported in Hyderabad Metro,Hyderabad Metro,True,Hyderabad Metro,17.387527259118347,78.53720483054549
FIR-INDIA-2025-02949,2025-03-30 09:31:00,BURGLARY,BURGLARY incident reported in Bengaluru City,Bengaluru City,False,Bengaluru City,12.936138586991207,77.58275158137945
FIR-INDIA-2025-02950,2025-10-31 03:44:00,CYBER,CYBER incident reported in Delhi NCR,Delhi NCR,False,Delhi NCR,28.604339042126526,77.20566638089402
FIR-INDIA-2023-02951,2023-08-14 14:27:00,THEFT,THEFT incident reported in Mumbai Metro,Mumbai Metro,False,Mumbai Metro,19.055672206167692,72.87625148077669
FIR-INDIA-2025-02952,2025-07-15 19:01:00,THEFT,THEFT incident reported in Kolkata City,Kolkata City,False,Kolkata City,22.582267550487742,88.37231604369698
FIR-INDIA-2025-02953,2025-07-23 08:08:00,OTHER,OTHER incident reported in Hyderabad Metro,Hyderabad Metro,True,Hyderabad Metro,17.380464548197246,78.50172323323721
FIR-INDIA-2026-02954,2026-06-08 04:50:00,ASSAULT,ASSAULT incident reported in Mumbai Metro,Mumbai Metro,True,Mumbai Metro,19.059156197888836,72.90556599137962
FIR-INDIA-2026-02955,2026-08-19 09:03:00,THEFT,THEFT incident reported in Bengaluru City,Bengaluru City,False,Bengaluru City,12.986880239008398,77.58807180053
FIR-INDIA-2024-02956,2024-03-01 17:55:00,ROBBERY,ROBBERY incident reported in Kolkata City,Kolkata City,False,Kolkata City,22.571513137008136,88.35766528536843
FIR-INDIA-2024-02957,2024-04-10 04:56:00,ASSAULT,ASSAULT incident reported in Chennai Metro,Chennai Metro,False,Chennai Metro,13.066795041132416,80.29580821273011
FIR-INDIA-2023-02958,2023-09-05 17:12:00,THEFT,THEFT incident reported in Chennai Metro,Chennai Metro,False,Chennai Metro,13.087117785331735,80.25555597584292
FIR-INDIA-2026-02959,2026-02-21 14:50:00,OTHER,OTHER incident reported in Ahmedabad,Ahmedabad,False,Ahmedabad,23.019086681663264,72.55141742104378
FIR-INDIA-2023-02960,2023-12-12 22:38:00,ASSAULT,ASSAULT incident reported in Hyderabad Metro,Hyderabad Metro,False,Hyderabad Metro,17.416144331747375,78.48708597919385
FIR-INDIA-2024-02961,2024-04-23 07:58:00,THEFT,THEFT incident reported in Chennai Metro,Chennai Metro,False,Chennai Metro,13.07245330955502,80.25437627265177
FIR-INDIA-2024-02962,2024-10-25 12:24:00,BURGLARY,BURGLARY incident reported in Delhi NCR,Delhi NCR,False,Delhi NCR,28.637489595631983,77.22222995187857
FIR-INDIA-2023-02963,2023-10-15 00:43:00,ASSAULT,ASSAULT incident reported in Chennai Metro,Chennai Metro,False,Chennai Metro,13.070777754597978,80.27625952673746
FIR-INDIA-2023-02964,2023-09-28 18:16:00,THEFT,THEFT incident reported in Mumbai Metro,Mumbai Metro,False,Mumbai Metro,19.092116247285052,72.89401673724605
FIR-INDIA-2025-02965,2025-11-08 13:42:00,ROBBERY,ROBBERY incident reported in Delhi NCR,Delhi NCR,False,Delhi NCR,28.589774007593515,77.23275883817404
FIR-INDIA-2024-02966,2024-12-14 10:15:00,BURGLARY,BURGLARY incident reported in Kolkata City,Kolkata City,False,Kolkata City,22.582726083944827,88.37144733976442
FIR-INDIA-2024-02967,2024-05-16 18:39:00,BURGLARY,BURGLARY incident reported in Ahmedabad,Ahmedabad,False,Ahmedabad,23.03070457102869,72.58565616905106
FIR-INDIA-2023-02968,2023-05-11 19:50:00,ROBBERY,ROBBERY incident reported in Pune,Pune,False,Pune,18.517457047581846,73.84184572103847
FIR-INDIA-2024-02969,2024-02-15 04:00:00,THEFT,THEFT incident reported in Chennai Metro,Chennai Metro,False,Chennai Metro,13.083045704620178,80.2656136129669
FIR-INDIA-2023-02970,2023-11-14 10:01:00,ASSAULT,ASSAULT incident reported in Kolkata City,Kolkata City,False,Kolkata City,22.602588319933627,88.37556271525757
FIR-INDIA-2023-02971,2023-06-27 15:06:00,THEFT,THEFT incident reported in Chennai Metro,Chennai Metro,False,Chennai Metro,13.077544085999872,80.28967856500593
FIR-INDIA-2026-02972,2026-01-21 21:19:00,ROBBERY,ROBBERY incident reported in Pune,Pune,False,Pune,18.515206266028887,73.85040696217456
FIR-INDIA-2025-02973,2025-10-04 17:46:00,ASSAULT,ASSAULT incident reported in Delhi NCR,Delhi NCR,False,Delhi NCR,28.619702336016456,77.2182078601555
FIR-INDIA-2023-02974,2023-10-03 09:56:00,THEFT,THEFT incident reported in Delhi NCR,Delhi NCR,False,Delhi NCR,28.63509358864251,77.22705276826468
FIR-INDIA-2025-02975,2025-06-01 16:24:00,THEFT,THEFT incident reported in Delhi NCR,Delhi NCR,False,Delhi NCR,28.620664062557456,77.21204749596527
FIR-INDIA-2024-02976,2024-10-13 01:18:00,ROBBERY,ROBBERY incident reported in Mumbai Metro,Mumbai Metro,False,Mumbai Metro,19.07125449473264,72.8527906988618
FIR-INDIA-2023-02977,2023-08-23 07:33:00,BURGLARY,BURGLARY incident reported in Chennai Metro,Chennai Metro,False,Chennai Metro,13.04736714466679,80.28777860191117
FIR-INDIA-2023-02978,2023-10-12 18:30:00,THEFT,THEFT incident reported in Hyderabad Metro,Hyderabad Metro,False,Hyderabad Metro,17.392332788748256,78.47358644409843
FIR-INDIA-2023-02979,2023-12-24 01:45:00,ASSAULT,ASSAULT incident reported in Mumbai Metro,Mumbai Metro,False,Mumbai Metro,19.08237853233193,72.8492879206252
FIR-INDIA-2026-02980,2026-04-20 01:48:00,ROBBERY,ROBBERY incident reported in Bengaluru City,Bengaluru City,False,Bengaluru City,12.979182035714294,77.6027691296679
FIR-INDIA-2023-02981,2023-12-22 01:08:00,THEFT,THEFT incident reported in Hyderabad Metro,Hyderabad Metro,True,Hyderabad Metro,17.37332570180361,78.51040588690465
FIR-INDIA-2023-02982,2023-05-11 06:06:00,THEFT,THEFT incident reported in Kolkata City,Kolkata City,False,Kolkata City,22.57836539745792,88.35183666195901
FIR-INDIA-2023-02983,2023-06-28 01:21:00,THEFT,THEFT incident reported in Mumbai Metro,Mumbai Metro,True,Mumbai Metro,19.077457259632315,72.87081012854435
FIR-INDIA-2023-02984,2023-05-29 01:03:00,OTHER,OTHER incident reported in Mumbai Metro,Mumbai Metro,False,Mumbai Metro,19.082039032050012,72.88887067392926
FIR-INDIA-2025-02985,2025-10-05 20:02:00,ASSAULT,ASSAULT incident reported in Hyderabad Metro,Hyderabad Metro,False,Hyderabad Metro,17.392730883736412,78.47474269632657
FIR-INDIA-2025-02986,2025-10-18 13:42:00,THEFT,THEFT incident reported in Kolkata City,Kolkata City,False,Kolkata City,22.574340300192247,88.38935126859192
FIR-INDIA-2025-02987,2025-05-27 23:52:00,BURGLARY,BURGLARY incident reported in Bengaluru City,Bengaluru City,False,Bengaluru City,12.955554382916548,77.58530970329363
FIR-INDIA-2023-02988,2023-10-04 05:36:00,THEFT,THEFT incident reported in Mumbai Metro,Mumbai Metro,False,Mumbai Metro,19.092059423038553,72.88292359148988
FIR-INDIA-2023-02989,2023-08-04 00:13:00,ASSAULT,ASSAULT incident reported in Hyderabad Metro,Hyderabad Metro,False,Hyderabad Metro,17.37214291929788,78.50267357675574
FIR-INDIA-2026-02990,2026-04-19 23:47:00,ROBBERY,ROBBERY incident reported in Pune,Pune,True,Pune,18.530097867362592,73.8671382529908
FIR-INDIA-2024-02991,2024-05-09 21:32:00,BURGLARY,BURGLARY incident reported in Kolkata City,Kolkata City,False,Kolkata City,22.55913493037988,88.34499172619493
FIR-INDIA-2026-02992,2026-08-26 22:14:00,ROBBERY,ROBBERY incident reported in Bengaluru City,Bengaluru City,True,Bengaluru City,12.968679865510378,77.59948357855455
FIR-INDIA-2025-02993,2025-11-11 11:16:00,ROBBERY,ROBBERY incident reported in Pune,Pune,True,Pune,18.521553816395443,73.84548206181337
FIR-INDIA-2026-02994,2026-05-28 16:59:00,ROBBERY,ROBBERY incident reported in Delhi NCR,Delhi NCR,False,Delhi NCR,28.577673764281094,77.22258030668816
FIR-INDIA-2025-02995,2025-04-25 05:43:00,ASSAULT,ASSAULT incident reported in Mumbai Metro,Mumbai Metro,False,Mumbai Metro,19.066724617771207,72.86579411638705
FIR-INDIA-2024-02996,2024-10-31 18:58:00,ROBBERY,ROBBERY incident reported in Hyderabad Metro,Hyderabad Metro,False,Hyderabad Metro,17.38166294647244,78.4748294234587
FIR-INDIA-2023-02997,2023-02-20 11:52:00,ASSAULT,ASSAULT incident reported in Kolkata City,Kolkata City,False,Kolkata City,22.580222489586944,88.3744805534062
FIR-INDIA-2023-02998,2023-11-12 12:29:00,THEFT,THEFT incident reported in Pune,Pune,False,Pune,18.49625006362371,73.81077089301496
FIR-INDIA-2025-02999,2025-03-15 02:50:00,THEFT,THEFT incident reported in Kolkata City,Kolkata City,True,Kolkata City,22.58707418759059,88.40087996302289
FIR-INDIA-2026-03000,2026-07-11 17:06:00,BURGLARY,BURGLARY incident reported in Ahmedabad,Ahmedabad,True,Ahmedabad,23.025304598982018,72.55190751450175
FIR-INDIA-2025-03001,2025-03-25 05:17:00,ROBBERY,ROBBERY incident reported in Kolkata City,Kolkata City,False,Kolkata City,22.563097692839058,88.35685228181303
FIR-INDIA-2023-03002,2023-01-23 10:53:00,ASSAULT,ASSAULT incident reported in Mumbai Metro,Mumbai Metro,True,Mumbai Metro,19.071366007321828,72.89360153536427
FIR-INDIA-2023-03003,2023-04-16 21:13:00,BURGLARY,BURGLARY incident reported in Delhi NCR,Delhi NCR,False,Delhi NCR,28.624938512443034,77.21136963136304
FIR-INDIA-2025-03004,2025-09-29 20:41:00,THEFT,THEFT incident reported in Bengaluru City,Bengaluru City,False,Bengaluru City,12.9645518609538,77.60611301546012
FIR-INDIA-2023-03005,2023-09-18 09:26:00,ROBBERY,ROBBERY incident reported in Kolkata City,Kolkata City,True,Kolkata City,22.583865965437724,88.35355194778704
FIR-INDIA-2023-03006,2023-06-16 11:23:00,THEFT,THEFT incident reported in Kolkata City,Kolkata City,False,Kolkata City,22.594807569258624,88.34353982433917
FIR-INDIA-2025-03007,2025-05-08 15:12:00,ROBBERY,ROBBERY incident reported in Pune,Pune,False,Pune,18.5130820636298,73.86876303034802
FIR-INDIA-2024-03008,2024-01-18 03:41:00,ASSAULT,ASSAULT incident reported in Chennai Metro,Chennai Metro,False,Chennai Metro,13.073464820189487,80.26920386838368
FIR-INDIA-2025-03009,2025-05-24 16:37:00,BURGLARY,BURGLARY incident reported in Mumbai Metro,Mumbai Metro,False,Mumbai Metro,19.070538896420327,72.88540348719266
FIR-INDIA-2025-03010,2025-02-15 17:53:00,THEFT,THEFT incident reported in Kolkata City,Kolkata City,False,Kolkata City,22.561239795069877,88.38067615325312
FIR-INDIA-2024-03011,2024-09-15 10:04:00,ASSAULT,ASSAULT incident reported in Ahmedabad,Ahmedabad,True,Ahmedabad,23.019775468561406,72.57597687098631
FIR-INDIA-2023-03012,2023-07-24 16:07:00,THEFT,THEFT incident reported in Delhi NCR,Delhi NCR,True,Delhi NCR,28.617130319926538,77.22593960957391
FIR-INDIA-2024-03013,2024-09-12 13:53:00,THEFT,THEFT incident reported in Chennai Metro,Chennai Metro,False,Chennai Metro,13.100443206896802,80.27050841769746
FIR-INDIA-2026-03014,2026-03-19 08:47:00,ROBBERY,ROBBERY incident reported in Ahmedabad,Ahmedabad,False,Ahmedabad,23.00516880234424,72.56252711108091
FIR-INDIA-2024-03015,2024-10-10 12:08:00,BURGLARY,BURGLARY incident reported in Delhi NCR,Delhi NCR,False,Delhi NCR,28.62369266370208,77.17565100684936
FIR-INDIA-2025-03016,2025-04-18 23:54:00,THEFT,THEFT incident reported in Kolkata City,Kolkata City,False,Kolkata City,22.578682777178006,88.36723338969016
FIR-INDIA-2024-03017,2024-02-09 16:18:00,ROBBERY,ROBBERY incident reported in Delhi NCR,Delhi NCR,True,Delhi NCR,28.6285619771034,77.22533648670935
FIR-INDIA-2023-03018,2023-06-05 23:01:00,ROBBERY,ROBBERY incident reported in Chennai Metro,Chennai Metro,True,Chennai Metro,13.060506321417062,80.24319048597398
FIR-INDIA-2025-03019,2025-08-07 02:54:00,ASSAULT,ASSAULT incident reported in Delhi NCR,Delhi NCR,False,Delhi NCR,28.64662139930948,77.21712077324908
FIR-INDIA-2024-03020,2024-03-16 09:04:00,THEFT,THEFT incident reported in Mumbai Metro,Mumbai Metro,False,Mumbai Metro,19.07923329487309,72.90002834750301
FIR-INDIA-2026-03021,2026-06-18 23:38:00,BURGLARY,BURGLARY incident reported in Kolkata City,Kolkata City,False,Kolkata City,22.57869378344093,88.36382912670926
FIR-INDIA-2026-03022,2026-02-14 06:30:00,BURGLARY,BURGLARY incident reported in Mumbai Metro,Mumbai Metro,True,Mumbai Metro,19.106416602621717,72.88040877948588
FIR-INDIA-2025-03023,2025-07-10 22:51:00,CYBER,CYBER incident reported in Chennai Metro,Chennai Metro,False,Chennai Metro,13.080133544265712,80.25750822987465
FIR-INDIA-2025-03024,2025-03-18 12:10:00,BURGLARY,BURGLARY incident reported in Bengaluru City,Bengaluru City,True,Bengaluru City,12.966706393816908,77.59927893817799
FIR-INDIA-2025-03025,2025-02-07 10:06:00,THEFT,THEFT incident reported in Bengaluru City,Bengaluru City,True,Bengaluru City,12.97802333817648,77.60757501590594
FIR-INDIA-2025-03026,2025-04-18 17:46:00,CYBER,CYBER incident reported in Hyderabad Metro,Hyderabad Metro,False,Hyderabad Metro,17.357940800306743,78.46995305871746
FIR-INDIA-2024-03027,2024-01-19 15:34:00,OTHER,OTHER incident reported in Delhi NCR,Delhi NCR,True,Delhi NCR,28.652924118081327,77.19930016648529
FIR-INDIA-2024-03028,2024-01-22 22:04:00,ROBBERY,ROBBERY incident reported in Mumbai Metro,Mumbai Metro,False,Mumbai Metro,19.068531821478288,72.86147654411003
FIR-INDIA-2024-03029,2024-03-15 22:36:00,BURGLARY,BURGLARY incident reported in Mumbai Metro,Mumbai Metro,True,Mumbai Metro,19.065742798262345,72.8748845164195
FIR-INDIA-2023-03030,2023-05-08 15:45:00,THEFT,THEFT incident reported in Delhi NCR,Delhi NCR,True,Delhi NCR,28.612780132304653,77.20432329854704
FIR-INDIA-2025-03031,2025-11-04 04:23:00,THEFT,THEFT incident reported in Delhi NCR,Delhi NCR,False,Delhi NCR,28.613639919182187,77.20265110274944
FIR-INDIA-2023-03032,2023-08-15 23:05:00,CYBER,CYBER incident reported in Bengaluru City,Bengaluru City,False,Bengaluru City,12.994122286766183,77.61035749062043
FIR-INDIA-2023-03033,2023-09-28 06:53:00,THEFT,THEFT incident reported in Hyderabad Metro,Hyderabad Metro,True,Hyderabad Metro,17.386721444515235,78.49714283237272
FIR-INDIA-2024-03034,2024-06-13 14:43:00,BURGLARY,BURGLARY incident reported in Hyderabad Metro,Hyderabad Metro,False,Hyderabad Metro,17.386972450120613,78.50198863652822
FIR-INDIA-2023-03035,2023-09-01 15:02:00,THEFT,THEFT incident reported in Mumbai Metro,Mumbai Metro,False,Mumbai Metro,19.08950437778515,72.85957848106598
FIR-INDIA-2024-03036,2024-08-22 11:33:00,ASSAULT,ASSAULT incident reported in Bengaluru City,Bengaluru City,False,Bengaluru City,12.972530969228778,77.60836003212415
FIR-INDIA-2024-03037,2024-04-24 22:35:00,THEFT,THEFT incident reported in Mumbai Metro,Mumbai Metro,False,Mumbai Metro,19.081208573624558,72.86826472520659
FIR-INDIA-2023-03038,2023-02-11 04:34:00,THEFT,THEFT incident reported in Hyderabad Metro,Hyderabad Metro,False,Hyderabad Metro,17.386024944653844,78.4989808329449
FIR-INDIA-2025-03039,2025-10-06 02:44:00,ROBBERY,ROBBERY incident reported in Chennai Metro,Chennai Metro,False,Chennai Metro,13.044319944651052,80.3108613709945
FIR-INDIA-2023-03040,2023-02-17 09:48:00,ASSAULT,ASSAULT incident reported in Delhi NCR,Delhi NCR,True,Delhi NCR,28.590555883508156,77.19685171095577
FIR-INDIA-2024-03041,2024-07-20 10:26:00,ROBBERY,ROBBERY incident reported in Kolkata City,Kolkata City,False,Kolkata City,22.57268054395516,88.37408135049765
FIR-INDIA-2024-03042,2024-06-25 01:32:00,THEFT,THEFT incident reported in Mumbai Metro,Mumbai Metro,False,Mumbai Metro,19.073185512798606,72.83825843804222
FIR-INDIA-2023-03043,2023-03-01 11:49:00,THEFT,THEFT incident reported in Hyderabad Metro,Hyderabad Metro,False,Hyderabad Metro,17.395244969609738,78.47579213708639
FIR-INDIA-2025-03044,2025-02-25 02:06:00,BURGLARY,BURGLARY incident reported in Ahmedabad,Ahmedabad,True,Ahmedabad,23.0116764731259,72.55446159253445
FIR-INDIA-2025-03045,2025-11-23 02:00:00,THEFT,THEFT incident reported in Chennai Metro,Chennai Metro,False,Chennai Metro,13.088381590920322,80.26234637280409
FIR-INDIA-2026-03046,2026-03-21 00:19:00,OTHER,OTHER incident reported in Kolkata City,Kolkata City,True,Kolkata City,22.585296551422832,88.34068409855512
FIR-INDIA-2024-03047,2024-12-11 02:59:00,ASSAULT,ASSAULT incident reported in Mumbai Metro,Mumbai Metro,False,Mumbai Metro,19.074486639779117,72.87754306378503
FIR-INDIA-2025-03048,2025-04-07 00:35:00,THEFT,THEFT incident reported in Mumbai Metro,Mumbai Metro,False,Mumbai Metro,19.05235790229225,72.87461171746344
FIR-INDIA-2026-03049,2026-08-19 08:39:00,THEFT,THEFT incident reported in Delhi NCR,Delhi NCR,True,Delhi NCR,28.6119995199555,77.21318674399626
FIR-INDIA-2026-03050,2026-06-26 08:33:00,ROBBERY,ROBBERY incident reported in Pune,Pune,False,Pune,18.526034907603467,73.85103472321687
FIR-INDIA-2025-03051,2025-08-08 10:02:00,CYBER,CYBER incident reported in Delhi NCR,Delhi NCR,False,Delhi NCR,28.624959453717683,77.22240097064588
FIR-INDIA-2023-03052,2023-02-24 00:21:00,THEFT,THEFT incident reported in Delhi NCR,Delhi NCR,False,Delhi NCR,28.590683860774135,77.22182957602088
FIR-INDIA-2024-03053,2024-06-19 09:53:00,CYBER,CYBER incident reported in Kolkata City,Kolkata City,False,Kolkata City,22.551460593568343,88.36592608850955
FIR-INDIA-2024-03054,2024-08-12 01:31:00,THEFT,THEFT incident reported in Kolkata City,Kolkata City,True,Kolkata City,22.58625331225988,88.35492907940821
FIR-INDIA-2024-03055,2024-10-03 01:08:00,ASSAULT,ASSAULT incident reported in Delhi NCR,Delhi NCR,False,Delhi NCR,28.62545501709885,77.21124563317771
FIR-INDIA-2026-03056,2026-07-24 17:19:00,ASSAULT,ASSAULT incident reported in Kolkata City,Kolkata City,False,Kolkata City,22.58507196209025,88.36933147316253
FIR-INDIA-2023-03057,2023-06-07 09:15:00,THEFT,THEFT incident reported in Delhi NCR,Delhi NCR,False,Delhi NCR,28.610955377785224,77.20217304303674
FIR-INDIA-2023-03058,2023-01-10 02:38:00,ROBBERY,ROBBERY incident reported in Hyderabad Metro,Hyderabad Metro,False,Hyderabad Metro,17.372374998813886,78.49036645471588
FIR-INDIA-2024-03059,2024-05-12 20:27:00,THEFT,THEFT incident reported in Delhi NCR,Delhi NCR,False,Delhi NCR,28.622599989330777,77.23450951072064
FIR-INDIA-2024-03060,2024-05-09 20:14:00,THEFT,THEFT incident reported in Bengaluru City,Bengaluru City,False,Bengaluru City,12.969024229763692,77.60944966220931
FIR-INDIA-2025-03061,2025-03-05 16:11:00,CYBER,CYBER incident reported in Mumbai Metro,Mumbai Metro,False,Mumbai Metro,19.06875926070129,72.87768664994232
FIR-INDIA-2023-03062,2023-07-09 20:11:00,CYBER,CYBER incident reported in Delhi NCR,Delhi NCR,False,Delhi NCR,28.59894076742457,77.21731959006091
FIR-INDIA-2023-03063,2023-08-19 09:34:00,THEFT,THEFT incident reported in Hyderabad Metro,Hyderabad Metro,True,Hyderabad Metro,17.395534535011464,78.4760491896897
FIR-INDIA-2024-03064,2024-02-23 00:22:00,THEFT,THEFT incident reported in Bengaluru City,Bengaluru City,False,Bengaluru City,12.97374386435234,77.57385444290307
FIR-INDIA-2025-03065,2025-04-20 02:49:00,ASSAULT,ASSAULT incident reported in Hyderabad Metro,Hyderabad Metro,False,Hyderabad Metro,17.405310505684902,78.48079505618388
FIR-INDIA-2023-03066,2023-04-28 22:03:00,BURGLARY,BURGLARY incident reported in Mumbai Metro,Mumbai Metro,False,Mumbai Metro,19.047815546130945,72.90293004248174
FIR-INDIA-2024-03067,2024-05-13 21:32:00,THEFT,THEFT incident reported in Pune,Pune,False,Pune,18.539507235093126,73.86110531908274
FIR-INDIA-2025-03068,2025-07-23 17:31:00,THEFT,THEFT incident reported in Bengaluru City,Bengaluru City,True,Bengaluru City,12.955399993467795,77.6043921038287
FIR-INDIA-2025-03069,2025-08-20 17:39:00,ROBBERY,ROBBERY incident reported in Delhi NCR,Delhi NCR,False,Delhi NCR,28.633150779512317,77.22427544095503
FIR-INDIA-2024-03070,2024-04-22 08:44:00,ASSAULT,ASSAULT incident reported in Mumbai Metro,Mumbai Metro,True,Mumbai Metro,19.075206427738966,72.85784624963789
FIR-INDIA-2024-03071,2024-10-05 16:55:00,ASSAULT,ASSAULT incident reported in Pune,Pune,False,Pune,18.52138908920973,73.86089694939916
FIR-INDIA-2023-03072,2023-09-09 07:06:00,OTHER,OTHER incident reported in Delhi NCR,Delhi NCR,False,Delhi NCR,28.60505953478694,77.20632195608931
FIR-INDIA-2026-03073,2026-08-08 10:46:00,ASSAULT,ASSAULT incident reported in Delhi NCR,Delhi NCR,False,Delhi NCR,28.607757174807347,77.20008838349352
FIR-INDIA-2024-03074,2024-12-29 19:12:00,ROBBERY,ROBBERY incident reported in Kolkata City,Kolkata City,True,Kolkata City,22.566386496609777,88.35460502879512
FIR-INDIA-2023-03075,2023-01-22 14:25:00,THEFT,THEFT incident reported in Delhi NCR,Delhi NCR,True,Delhi NCR,28.625472226232443,77.22016851040487
FIR-INDIA-2024-03076,2024-10-15 16:56:00,THEFT,THEFT incident reported in Ahmedabad,Ahmedabad,False,Ahmedabad,23.023722307459092,72.5778259967697
FIR-INDIA-2026-03077,2026-01-28 07:10:00,THEFT,THEFT incident reported in Kolkata City,Kolkata City,False,Kolkata City,22.583945061431315,88.37003079288894
FIR-INDIA-2024-03078,2024-02-23 02:21:00,OTHER,OTHER incident reported in Hyderabad Metro,Hyderabad Metro,False,Hyderabad Metro,17.376167630208847,78.48318893703397
FIR-INDIA-2026-03079,2026-02-05 10:38:00,ASSAULT,ASSAULT incident reported in Mumbai Metro,Mumbai Metro,False,Mumbai Metro,19.068850793416384,72.87172305692059
FIR-INDIA-2023-03080,2023-11-12 07:57:00,THEFT,THEFT incident reported in Delhi NCR,Delhi NCR,True,Delhi NCR,28.603388820349934,77.2358328247728
FIR-INDIA-2025-03081,2025-06-17 11:59:00,THEFT,THEFT incident reported in Delhi NCR,Delhi NCR,False,Delhi NCR,28.616760381732256,77.20270375138058
FIR-INDIA-2023-03082,2023-11-13 01:37:00,ASSAULT,ASSAULT incident reported in Ahmedabad,Ahmedabad,True,Ahmedabad,23.016011732980772,72.56776522749114
FIR-INDIA-2023-03083,2023-09-07 01:31:00,CYBER,CYBER incident reported in Chennai Metro,Chennai Metro,False,Chennai Metro,13.086660446632836,80.27222663722097
FIR-INDIA-2023-03084,2023-06-04 13:12:00,ASSAULT,ASSAULT incident reported in Delhi NCR,Delhi NCR,False,Delhi NCR,28.62071992006135,77.20483239523661
FIR-INDIA-2023-03085,2023-07-28 00:41:00,THEFT,THEFT incident reported in Delhi NCR,Delhi NCR,False,Delhi NCR,28.61144500305335,77.20022055771707
FIR-INDIA-2023-03086,2023-09-18 07:11:00,OTHER,OTHER incident reported in Mumbai Metro,Mumbai Metro,False,Mumbai Metro,19.065318999434,72.881108329679
FIR-INDIA-2026-03087,2026-07-13 02:47:00,ASSAULT,ASSAULT incident reported in Mumbai Metro,Mumbai Metro,False,Mumbai Metro,19.097760959534753,72.89020747713118
FIR-INDIA-2026-03088,2026-05-31 05:10:00,ASSAULT,ASSAULT incident reported in Hyderabad Metro,Hyderabad Metro,True,Hyderabad Metro,17.40065462459542,78.49238051635962
FIR-INDIA-2026-03089,2026-03-25 06:57:00,ROBBERY,ROBBERY incident reported in Ahmedabad,Ahmedabad,True,Ahmedabad,23.036117534004934,72.55069010049102
FIR-INDIA-2023-03090,2023-03-28 14:10:00,ASSAULT,ASSAULT incident reported in Delhi NCR,Delhi NCR,False,Delhi NCR,28.615930090118553,77.21467512233676
FIR-INDIA-2023-03091,2023-06-25 06:55:00,THEFT,THEFT incident reported in Mumbai Metro,Mumbai Metro,False,Mumbai Metro,19.070198956801168,72.85574075131053
FIR-INDIA-2023-03092,2023-09-11 05:21:00,THEFT,THEFT incident reported in Hyderabad Metro,Hyderabad Metro,False,Hyderabad Metro,17.382129408326925,78.49858292501544
FIR-INDIA-2024-03093,2024-03-22 11:46:00,ROBBERY,ROBBERY incident reported in Mumbai Metro,Mumbai Metro,False,Mumbai Metro,19.047612197990883,72.88580966319242
FIR-INDIA-2024-03094,2024-04-07 13:08:00,ASSAULT,ASSAULT incident reported in Delhi NCR,Delhi NCR,False,Delhi NCR,28.60374529703458,77.17219688102351
FIR-INDIA-2024-03095,2024-01-24 20:30:00,BURGLARY,BURGLARY incident reported in Hyderabad Metro,Hyderabad Metro,True,Hyderabad Metro,17.379497662643182,78.4726138476689
FIR-INDIA-2026-03096,2026-02-09 12:42:00,ASSAULT,ASSAULT incident reported in Kolkata City,Kolkata City,True,Kolkata City,22.564949968208897,88.37233749996699
FIR-INDIA-2023-03097,2023-08-05 07:38:00,BURGLARY,BURGLARY incident reported in Delhi NCR,Delhi NCR,True,Delhi NCR,28.60833723696004,77.19880348519386
FIR-INDIA-2023-03098,2023-02-08 15:17:00,THEFT,THEFT incident reported in Pune,Pune,True,Pune,18.53462610912627,73.85569799216448
FIR-INDIA-2023-03099,2023-08-16 20:06:00,ROBBERY,ROBBERY incident reported in Delhi NCR,Delhi NCR,True,Delhi NCR,28.607053857242065,77.20212194303468
FIR-INDIA-2025-03100,2025-05-14 06:47:00,CYBER,CYBER incident reported in Delhi NCR,Delhi NCR,False,Delhi NCR,28.592665429438853,77.1938053311772
FIR-INDIA-2023-03101,2023-12-12 14:55:00,ASSAULT,ASSAULT incident reported in Mumbai Metro,Mumbai Metro,True,Mumbai Metro,19.05984284556202,72.85011014756584
FIR-INDIA-2026-03102,2026-05-25 03:37:00,THEFT,THEFT incident reported in Bengaluru City,Bengaluru City,False,Bengaluru City,12.971837389541808,77.58926886484888
FIR-INDIA-2023-03103,2023-12-03 21:09:00,THEFT,THEFT incident reported in Delhi NCR,Delhi NCR,False,Delhi NCR,28.614009761333538,77.21008243484007
FIR-INDIA-2025-03104,2025-09-25 03:29:00,THEFT,THEFT incident reported in Bengaluru City,Bengaluru City,False,Bengaluru City,12.965881172536113,77.5816173633768
FIR-INDIA-2023-03105,2023-10-05 21:08:00,ASSAULT,ASSAULT incident reported in Mumbai Metro,Mumbai Metro,False,Mumbai Metro,19.095654705380724,72.85407517024818
FIR-INDIA-2025-03106,2025-08-23 13:46:00,ROBBERY,ROBBERY incident reported in Ahmedabad,Ahmedabad,True,Ahmedabad,23.039277453502137,72.5617235572093
FIR-INDIA-2025-03107,2025-11-05 22:20:00,THEFT,THEFT incident reported in Mumbai Metro,Mumbai Metro,True,Mumbai Metro,19.080067345411187,72.85385212364393
FIR-INDIA-2023-03108,2023-12-11 00:07:00,ASSAULT,ASSAULT incident reported in Bengaluru City,Bengaluru City,False,Bengaluru City,12.962269431109256,77.5816983936612
FIR-INDIA-2024-03109,2024-03-15 21:16:00,ROBBERY,ROBBERY incident reported in Kolkata City,Kolkata City,True,Kolkata City,22.55702343516932,88.37709368591116
FIR-INDIA-2026-03110,2026-06-18 22:25:00,BURGLARY,BURGLARY incident reported in Chennai Metro,Chennai Metro,False,Chennai Metro,13.071639656098048,80.27546604071114
FIR-INDIA-2025-03111,2025-12-22 11:21:00,THEFT,THEFT incident reported in Pune,Pune,True,Pune,18.52561830850205,73.88249716473236
FIR-INDIA-2024-03112,2024-12-04 19:44:00,THEFT,THEFT incident reported in Hyderabad Metro,Hyderabad Metro,False,Hyderabad Metro,17.382673343070735,78.51610468382131
FIR-INDIA-2023-03113,2023-12-08 23:28:00,THEFT,THEFT incident reported in Chennai Metro,Chennai Metro,False,Chennai Metro,13.07214953753148,80.28379202082687
FIR-INDIA-2023-03114,2023-12-20 16:31:00,OTHER,OTHER incident reported in Bengaluru City,Bengaluru City,False,Bengaluru City,12.988027319915604,77.59767307602336
FIR-INDIA-2023-03115,2023-05-30 15:18:00,BURGLARY,BURGLARY incident reported in Chennai Metro,Chennai Metro,False,Chennai Metro,13.054927160902762,80.29136473317003
FIR-INDIA-2024-03116,2024-07-26 14:30:00,BURGLARY,BURGLARY incident reported in Hyderabad Metro,Hyderabad Metro,False,Hyderabad Metro,17.411416611060986,78.48331345445396
FIR-INDIA-2025-03117,2025-03-02 03:18:00,THEFT,THEFT incident reported in Mumbai Metro,Mumbai Metro,False,Mumbai Metro,19.055391459074187,72.88711193915961
FIR-INDIA-2025-03118,2025-10-21 03:59:00,ASSAULT,ASSAULT incident reported in Delhi NCR,Delhi NCR,False,Delhi NCR,28.608420238754974,77.18851821178349
FIR-INDIA-2023-03119,2023-01-20 18:26:00,ASSAULT,ASSAULT incident reported in Delhi NCR,Delhi NCR,False,Delhi NCR,28.61937415867757,77.20687791759913
FIR-INDIA-2024-03120,2024-08-05 17:17:00,ASSAULT,ASSAULT incident reported in Delhi NCR,Delhi NCR,False,Delhi NCR,28.613130325844477,77.22228144840966
FIR-INDIA-2023-03121,2023-07-31 14:41:00,THEFT,THEFT incident reported in Kolkata City,Kolkata City,False,Kolkata City,22.56741169484213,88.3526940293425
FIR-INDIA-2025-03122,2025-07-09 22:32:00,ASSAULT,ASSAULT incident reported in Chennai Metro,Chennai Metro,False,Chennai Metro,13.094530473953055,80.24196458602097
FIR-INDIA-2025-03123,2025-03-16 15:25:00,BURGLARY,BURGLARY incident reported in Hyderabad Metro,Hyderabad Metro,False,Hyderabad Metro,17.38082233718983,78.47365922564511
FIR-INDIA-2025-03124,2025-07-19 17:15:00,THEFT,THEFT incident reported in Bengaluru City,Bengaluru City,False,Bengaluru City,12.973471489787038,77.60856708920544
FIR-INDIA-2024-03125,2024-06-03 17:10:00,THEFT,THEFT incident reported in Hyderabad Metro,Hyderabad Metro,False,Hyderabad Metro,17.37426229659102,78.49162075595547
FIR-INDIA-2024-03126,2024-01-12 13:10:00,ASSAULT,ASSAULT incident reported in Hyderabad Metro,Hyderabad Metro,True,Hyderabad Metro,17.370527932500362,78.48515965146493
FIR-INDIA-2025-03127,2025-06-21 21:19:00,THEFT,THEFT incident reported in Mumbai Metro,Mumbai Metro,False,Mumbai Metro,19.089829957451872,72.85464682907306
FIR-INDIA-2023-03128,2023-08-11 10:02:00,ASSAULT,ASSAULT incident reported in Kolkata City,Kolkata City,False,Kolkata City,22.568405079905396,88.34745739320044
FIR-INDIA-2026-03129,2026-08-01 21:43:00,ASSAULT,ASSAULT incident reported in Bengaluru City,Bengaluru City,False,Bengaluru City,12.969124168999615,77.61889764355871
FIR-INDIA-2023-03130,2023-04-11 18:01:00,BURGLARY,BURGLARY incident reported in Mumbai Metro,Mumbai Metro,True,Mumbai Metro,19.06552477188972,72.88641159260766
FIR-INDIA-2026-03131,2026-07-03 12:28:00,THEFT,THEFT incident reported in Pune,Pune,True,Pune,18.533868389414124,73.86029344640251
FIR-INDIA-2024-03132,2024-07-04 10:55:00,CYBER,CYBER incident reported in Kolkata City,Kolkata City,False,Kolkata City,22.576128740066522,88.36958537337516
FIR-INDIA-2025-03133,2025-04-17 08:15:00,CYBER,CYBER incident reported in Hyderabad Metro,Hyderabad Metro,False,Hyderabad Metro,17.36532271689101,78.4716479277096
FIR-INDIA-2024-03134,2024-03-06 14:53:00,THEFT,THEFT incident reported in Kolkata City,Kolkata City,False,Kolkata City,22.587723520094805,88.36742724609856
FIR-INDIA-2024-03135,2024-11-04 07:12:00,OTHER,OTHER incident reported in Bengaluru City,Bengaluru City,False,Bengaluru City,12.992252060734296,77.61104350803465
FIR-INDIA-2023-03136,2023-11-11 02:31:00,ROBBERY,ROBBERY incident reported in Chennai Metro,Chennai Metro,False,Chennai Metro,13.08036306890981,80.28177058983515
FIR-INDIA-2023-03137,2023-07-10 09:14:00,BURGLARY,BURGLARY incident reported in Delhi NCR,Delhi NCR,False,Delhi NCR,28.607527955412248,77.20584086665455
FIR-INDIA-2023-03138,2023-03-27 16:51:00,THEFT,THEFT incident reported in Kolkata City,Kolkata City,False,Kolkata City,22.579161646240802,88.35024575820937
FIR-INDIA-2025-03139,2025-06-22 21:54:00,THEFT,THEFT incident reported in Kolkata City,Kolkata City,False,Kolkata City,22.554681548695815,88.35186338760803
FIR-INDIA-2023-03140,2023-01-02 16:04:00,THEFT,THEFT incident reported in Kolkata City,Kolkata City,True,Kolkata City,22.542921304014108,88.3411451506359
FIR-INDIA-2025-03141,2025-10-21 05:34:00,THEFT,THEFT incident reported in Bengaluru City,Bengaluru City,False,Bengaluru City,12.979963310073154,77.58160124502919
FIR-INDIA-2026-03142,2026-02-12 06:44:00,THEFT,THEFT incident reported in Pune,Pune,False,Pune,18.515966363335693,73.87580684103878
FIR-INDIA-2024-03143,2024-07-13 16:42:00,BURGLARY,BURGLARY incident reported in Bengaluru City,Bengaluru City,False,Bengaluru City,12.9491714410215,77.59559500286502
FIR-INDIA-2024-03144,2024-12-18 13:01:00,CYBER,CYBER incident reported in Mumbai Metro,Mumbai Metro,True,Mumbai Metro,19.07937274360624,72.88369436088914
FIR-INDIA-2024-03145,2024-12-21 23:06:00,ASSAULT,ASSAULT incident reported in Delhi NCR,Delhi NCR,False,Delhi NCR,28.602154011586123,77.21383792043405
FIR-INDIA-2025-03146,2025-01-09 02:20:00,ASSAULT,ASSAULT incident reported in Bengaluru City,Bengaluru City,False,Bengaluru City,12.994042847038052,77.61473461665489
FIR-INDIA-2024-03147,2024-04-06 11:06:00,THEFT,THEFT incident reported in Delhi NCR,Delhi NCR,False,Delhi NCR,28.639156042678263,77.21656106297668
FIR-INDIA-2025-03148,2025-05-18 02:05:00,BURGLARY,BURGLARY incident reported in Kolkata City,Kolkata City,False,Kolkata City,22.580880776660784,88.35600131886918
FIR-INDIA-2026-03149,2026-08-10 13:41:00,THEFT,THEFT incident reported in Bengaluru City,Bengaluru City,False,Bengaluru City,12.971992603171328,77.58435952085942
FIR-INDIA-2025-03150,2025-10-31 11:50:00,THEFT,THEFT incident reported in Kolkata City,Kolkata City,False,Kolkata City,22.565019050699988,88.35699805078958
FIR-INDIA-2026-03151,2026-06-24 15:49:00,BURGLARY,BURGLARY incident reported in Hyderabad Metro,Hyderabad Metro,True,Hyderabad Metro,17.397433858686743,78.49144718520905
FIR-INDIA-2026-03152,2026-03-01 02:59:00,ASSAULT,ASSAULT incident reported in Mumbai Metro,Mumbai Metro,False,Mumbai Metro,19.050908614614574,72.89588068813495
FIR-INDIA-2025-03153,2025-08-29 12:14:00,THEFT,THEFT incident reported in Mumbai Metro,Mumbai Metro,True,Mumbai Metro,19.085769573095817,72.87408280908924
FIR-INDIA-2026-03154,2026-07-06 18:24:00,CYBER,CYBER incident reported in Mumbai Metro,Mumbai Metro,False,Mumbai Metro,19.090185850358772,72.88426703030821
FIR-INDIA-2024-03155,2024-08-22 13:20:00,THEFT,THEFT incident reported in Kolkata City,Kolkata City,False,Kolkata City,22.575923609409816,88.37427090964931
FIR-INDIA-2023-03156,2023-10-31 07:19:00,THEFT,THEFT incident reported in Chennai Metro,Chennai Metro,False,Chennai Metro,13.074275385676732,80.29059676100243
FIR-INDIA-2026-03157,2026-01-20 15:16:00,CYBER,CYBER incident reported in Kolkata City,Kolkata City,False,Kolkata City,22.57279614390837,88.34074711317484
FIR-INDIA-2024-03158,2024-10-23 05:35:00,THEFT,THEFT incident reported in Chennai Metro,Chennai Metro,False,Chennai Metro,13.098311867866709,80.25767587973462
FIR-INDIA-2023-03159,2023-08-29 16:48:00,THEFT,THEFT incident reported in Kolkata City,Kolkata City,False,Kolkata City,22.539622158193012,88.34871126617944
FIR-INDIA-2023-03160,2023-03-05 18:44:00,THEFT,THEFT incident reported in Bengaluru City,Bengaluru City,False,Bengaluru City,12.963146605354163,77.59754265340322
FIR-INDIA-2023-03161,2023-03-09 15:51:00,THEFT,THEFT incident reported in Mumbai Metro,Mumbai Metro,True,Mumbai Metro,19.05949245445182,72.89306975655944
FIR-INDIA-2023-03162,2023-05-18 19:56:00,CYBER,CYBER incident reported in Chennai Metro,Chennai Metro,False,Chennai Metro,13.078861500069266,80.25561725227146
FIR-INDIA-2026-03163,2026-05-17 04:15:00,THEFT,THEFT incident reported in Chennai Metro,Chennai Metro,False,Chennai Metro,13.084957802501831,80.28667210635167
FIR-INDIA-2025-03164,2025-10-24 02:35:00,ROBBERY,ROBBERY incident reported in Delhi NCR,Delhi NCR,False,Delhi NCR,28.627433751733193,77.21857995675568
FIR-INDIA-2024-03165,2024-12-06 00:37:00,ASSAULT,ASSAULT incident reported in Mumbai Metro,Mumbai Metro,True,Mumbai Metro,19.068234292614306,72.89204474415922
FIR-INDIA-2026-03166,2026-01-25 21:12:00,ASSAULT,ASSAULT incident reported in Pune,Pune,False,Pune,18.526399389321366,73.8519031334141
FIR-INDIA-2024-03167,2024-10-18 12:02:00,ASSAULT,ASSAULT incident reported in Hyderabad Metro,Hyderabad Metro,True,Hyderabad Metro,17.37140601675559,78.4695418496566
FIR-INDIA-2026-03168,2026-07-23 13:57:00,THEFT,THEFT incident reported in Delhi NCR,Delhi NCR,True,Delhi NCR,28.633630460101248,77.20260437504488
FIR-INDIA-2025-03169,2025-01-13 04:19:00,THEFT,THEFT incident reported in Kolkata City,Kolkata City,False,Kolkata City,22.590102528263255,88.3697754154268
FIR-INDIA-2023-03170,2023-01-01 13:41:00,THEFT,THEFT incident reported in Kolkata City,Kolkata City,False,Kolkata City,22.570786415253263,88.3592061836923
FIR-INDIA-2023-03171,2023-05-20 20:06:00,ASSAULT,ASSAULT incident reported in Mumbai Metro,Mumbai Metro,False,Mumbai Metro,19.095315408199838,72.91160677499705
FIR-INDIA-2026-03172,2026-01-30 11:30:00,THEFT,THEFT incident reported in Mumbai Metro,Mumbai Metro,False,Mumbai Metro,19.093271408680653,72.8813855586785
FIR-INDIA-2025-03173,2025-12-14 16:44:00,ROBBERY,ROBBERY incident reported in Delhi NCR,Delhi NCR,True,Delhi NCR,28.601924301693888,77.2056977819003
FIR-INDIA-2023-03174,2023-12-20 07:54:00,THEFT,THEFT incident reported in Kolkata City,Kolkata City,False,Kolkata City,22.57941811596121,88.35739157841941
FIR-INDIA-2023-03175,2023-04-24 15:56:00,ASSAULT,ASSAULT incident reported in Delhi NCR,Delhi NCR,True,Delhi NCR,28.61566383262605,77.19328479374637
FIR-INDIA-2024-03176,2024-07-31 19:39:00,CYBER,CYBER incident reported in Delhi NCR,Delhi NCR,False,Delhi NCR,28.597732263526446,77.17841748574763
FIR-INDIA-2023-03177,2023-06-28 15:22:00,THEFT,THEFT incident reported in Bengaluru City,Bengaluru City,False,Bengaluru City,12.987709103971493,77.56124691462651
FIR-INDIA-2023-03178,2023-11-19 11:38:00,THEFT,THEFT incident reported in Delhi NCR,Delhi NCR,False,Delhi NCR,28.638574174099737,77.18471129869489
FIR-INDIA-2026-03179,2026-03-10 11:57:00,ROBBERY,ROBBERY incident reported in Kolkata City,Kolkata City,False,Kolkata City,22.603454226469648,88.37118391074142
FIR-INDIA-2024-03180,2024-07-22 21:51:00,THEFT,THEFT incident reported in Mumbai Metro,Mumbai Metro,False,Mumbai Metro,19.082574320722834,72.90754549333641
FIR-INDIA-2025-03181,2025-01-31 07:17:00,THEFT,THEFT incident reported in Chennai Metro,Chennai Metro,False,Chennai Metro,13.06907088919218,80.27075511420921
FIR-INDIA-2024-03182,2024-05-12 12:29:00,ROBBERY,ROBBERY incident reported in Mumbai Metro,Mumbai Metro,False,Mumbai Metro,19.07501374989677,72.87012927330936
FIR-INDIA-2024-03183,2024-01-18 11:45:00,BURGLARY,BURGLARY incident reported in Delhi NCR,Delhi NCR,False,Delhi NCR,28.594232471634793,77.20609951568055
FIR-INDIA-2023-03184,2023-06-03 03:22:00,ASSAULT,ASSAULT incident reported in Kolkata City,Kolkata City,True,Kolkata City,22.575647481667357,88.36553953694302
FIR-INDIA-2024-03185,2024-06-21 17:24:00,CYBER,CYBER incident reported in Bengaluru City,Bengaluru City,False,Bengaluru City,12.986776529728411,77.5803464956629
FIR-INDIA-2025-03186,2025-01-09 19:50:00,ROBBERY,ROBBERY incident reported in Chennai Metro,Chennai Metro,False,Chennai Metro,13.09593434369778,80.26078636713653
FIR-INDIA-2025-03187,2025-03-11 14:47:00,ASSAULT,ASSAULT incident reported in Bengaluru City,Bengaluru City,False,Bengaluru City,12.97319888015784,77.56390113451754
FIR-INDIA-2026-03188,2026-02-09 22:06:00,THEFT,THEFT incident reported in Hyderabad Metro,Hyderabad Metro,False,Hyderabad Metro,17.39803338161362,78.49019829151322
FIR-INDIA-2023-03189,2023-12-12 12:01:00,THEFT,THEFT incident reported in Mumbai Metro,Mumbai Metro,True,Mumbai Metro,19.08016293316401,72.87023553095717
FIR-INDIA-2025-03190,2025-06-27 20:46:00,THEFT,THEFT incident reported in Pune,Pune,False,Pune,18.516791394785788,73.87364825517199
FIR-INDIA-2025-03191,2025-08-03 12:09:00,BURGLARY,BURGLARY incident reported in Kolkata City,Kolkata City,False,Kolkata City,22.58924084842037,88.36352486036819
FIR-INDIA-2024-03192,2024-06-09 17:31:00,BURGLARY,BURGLARY incident reported in Chennai Metro,Chennai Metro,True,Chennai Metro,13.070946811450888,80.24219594336152
FIR-INDIA-2025-03193,2025-08-07 07:47:00,CYBER,CYBER incident reported in Hyderabad Metro,Hyderabad Metro,True,Hyderabad Metro,17.406586182340252,78.45603220672389
FIR-INDIA-2023-03194,2023-05-13 07:53:00,OTHER,OTHER incident reported in Bengaluru City,Bengaluru City,True,Bengaluru City,12.956615416069075,77.60753003163272
FIR-INDIA-2026-03195,2026-06-11 17:43:00,ASSAULT,ASSAULT incident reported in Mumbai Metro,Mumbai Metro,False,Mumbai Metro,19.05317523436854,72.86563774598653
FIR-INDIA-2025-03196,2025-06-28 07:50:00,THEFT,THEFT incident reported in Chennai Metro,Chennai Metro,True,Chennai Metro,13.093374879201155,80.2610849548455
FIR-INDIA-2024-03197,2024-08-23 23:30:00,BURGLARY,BURGLARY incident reported in Delhi NCR,Delhi NCR,False,Delhi NCR,28.603293869578803,77.1980864224102
FIR-INDIA-2023-03198,2023-09-16 02:19:00,THEFT,THEFT incident reported in Mumbai Metro,Mumbai Metro,True,Mumbai Metro,19.081248788467963,72.89072241403464
FIR-INDIA-2023-03199,2023-08-08 11:34:00,BURGLARY,BURGLARY incident reported in Bengaluru City,Bengaluru City,True,Bengaluru City,12.981023994359854,77.58837882106512
FIR-INDIA-2023-03200,2023-06-08 12:56:00,THEFT,THEFT incident reported in Kolkata City,Kolkata City,True,Kolkata City,22.577870304689235,88.35271603602189
FIR-INDIA-2025-03201,2025-03-22 02:49:00,CYBER,CYBER incident reported in Mumbai Metro,Mumbai Metro,False,Mumbai Metro,19.082015441908254,72.88169491013663
FIR-INDIA-2025-03202,2025-11-27 04:02:00,THEFT,THEFT incident reported in Bengaluru City,Bengaluru City,True,Bengaluru City,12.938495667066467,77.62060008214117
FIR-INDIA-2026-03203,2026-03-12 01:20:00,THEFT,THEFT incident reported in Kolkata City,Kolkata City,False,Kolkata City,22.568040770528935,88.35170563231698
FIR-INDIA-2023-03204,2023-08-30 00:17:00,CYBER,CYBER incident reported in Delhi NCR,Delhi NCR,False,Delhi NCR,28.60134686473458,77.21748175433666
FIR-INDIA-2026-03205,2026-03-12 07:00:00,THEFT,THEFT incident reported in Kolkata City,Kolkata City,False,Kolkata City,22.57869909403748,88.36346612922371
FIR-INDIA-2023-03206,2023-01-21 11:23:00,ROBBERY,ROBBERY incident reported in Chennai Metro,Chennai Metro,False,Chennai Metro,13.088939573613372,80.24050628873573
FIR-INDIA-2024-03207,2024-01-25 00:48:00,ROBBERY,ROBBERY incident reported in Mumbai Metro,Mumbai Metro,False,Mumbai Metro,19.069263691557957,72.90261495769329
FIR-INDIA-2023-03208,2023-02-09 12:12:00,ASSAULT,ASSAULT incident reported in Bengaluru City,Bengaluru City,False,Bengaluru City,12.986993638960481,77.60140057122021
FIR-INDIA-2024-03209,2024-02-20 14:37:00,CYBER,CYBER incident reported in Chennai Metro,Chennai Metro,False,Chennai Metro,13.091029010995653,80.27663224192233
FIR-INDIA-2024-03210,2024-01-20 21:27:00,THEFT,THEFT incident reported in Chennai Metro,Chennai Metro,False,Chennai Metro,13.079565569506418,80.26835380897231
FIR-INDIA-2026-03211,2026-05-19 17:49:00,ASSAULT,ASSAULT incident reported in Bengaluru City,Bengaluru City,False,Bengaluru City,13.007221126076493,77.61439642494294
FIR-INDIA-2026-03212,2026-02-27 11:06:00,OTHER,OTHER incident reported in Chennai Metro,Chennai Metro,False,Chennai Metro,13.087675011543523,80.26795197492038
FIR-INDIA-2025-03213,2025-10-09 16:56:00,THEFT,THEFT incident reported in Mumbai Metro,Mumbai Metro,True,Mumbai Metro,19.081757350490356,72.87793331206029
FIR-INDIA-2025-03214,2025-01-26 10:10:00,CYBER,CYBER incident reported in Bengaluru City,Bengaluru City,True,Bengaluru City,12.973052559642596,77.60118428242313
FIR-INDIA-2025-03215,2025-08-07 10:09:00,THEFT,THEFT incident reported in Chennai Metro,Chennai Metro,True,Chennai Metro,13.130338763915303,80.27119412103647
FIR-INDIA-2025-03216,2025-11-09 08:08:00,THEFT,THEFT incident reported in Hyderabad Metro,Hyderabad Metro,False,Hyderabad Metro,17.40009461828268,78.49295792509182
FIR-INDIA-2024-03217,2024-04-28 09:04:00,ROBBERY,ROBBERY incident reported in Mumbai Metro,Mumbai Metro,True,Mumbai Metro,19.06071973435399,72.88113883060251
FIR-INDIA-2024-03218,2024-06-03 05:25:00,BURGLARY,BURGLARY incident reported in Delhi NCR,Delhi NCR,False,Delhi NCR,28.609037093910757,77.20399378998903
FIR-INDIA-2025-03219,2025-01-27 23:20:00,ROBBERY,ROBBERY incident reported in Delhi NCR,Delhi NCR,False,Delhi NCR,28.602468177243736,77.21425561425067
FIR-INDIA-2025-03220,2025-10-18 22:31:00,THEFT,THEFT incident reported in Chennai Metro,Chennai Metro,True,Chennai Metro,13.067252001086473,80.26875337795714
FIR-INDIA-2023-03221,2023-04-06 17:36:00,ASSAULT,ASSAULT incident reported in Delhi NCR,Delhi NCR,True,Delhi NCR,28.633333975555015,77.20791205728469
FIR-INDIA-2024-03222,2024-12-21 15:16:00,ASSAULT,ASSAULT incident reported in Kolkata City,Kolkata City,False,Kolkata City,22.58883698271189,88.35523658727217
FIR-INDIA-2024-03223,2024-08-10 13:19:00,ASSAULT,ASSAULT incident reported in Mumbai Metro,Mumbai Metro,True,Mumbai Metro,19.09692288087369,72.89093066995004
FIR-INDIA-2026-03224,2026-02-10 06:46:00,OTHER,OTHER incident reported in Mumbai Metro,Mumbai Metro,False,Mumbai Metro,19.062298168424448,72.88213544966185
FIR-INDIA-2024-03225,2024-12-09 06:57:00,THEFT,THEFT incident reported in Hyderabad Metro,Hyderabad Metro,False,Hyderabad Metro,17.38434204647058,78.49906959637283
FIR-INDIA-2025-03226,2025-09-27 05:05:00,ASSAULT,ASSAULT incident reported in Bengaluru City,Bengaluru City,False,Bengaluru City,12.970552424454988,77.5872103162019
FIR-INDIA-2023-03227,2023-12-21 20:13:00,THEFT,THEFT incident reported in Pune,Pune,False,Pune,18.50680356304072,73.84274959357798
FIR-INDIA-2025-03228,2025-04-10 10:55:00,THEFT,THEFT incident reported in Chennai Metro,Chennai Metro,False,Chennai Metro,13.071413580267755,80.26450834031112
FIR-INDIA-2024-03229,2024-05-01 12:30:00,THEFT,THEFT incident reported in Ahmedabad,Ahmedabad,True,Ahmedabad,23.035381043105378,72.58550169627102
FIR-INDIA-2023-03230,2023-10-27 08:40:00,THEFT,THEFT incident reported in Mumbai Metro,Mumbai Metro,True,Mumbai Metro,19.071520040454306,72.88006874154752
FIR-INDIA-2024-03231,2024-10-29 00:56:00,ASSAULT,ASSAULT incident reported in Mumbai Metro,Mumbai Metro,True,Mumbai Metro,19.06677255807387,72.86289778541976
FIR-INDIA-2024-03232,2024-08-14 12:03:00,ASSAULT,ASSAULT incident reported in Mumbai Metro,Mumbai Metro,False,Mumbai Metro,19.07475960505545,72.89793146454305
FIR-INDIA-2026-03233,2026-07-04 14:36:00,THEFT,THEFT incident reported in Chennai Metro,Chennai Metro,False,Chennai Metro,13.093593248983977,80.2549456151935
FIR-INDIA-2025-03234,2025-10-09 09:55:00,ROBBERY,ROBBERY incident reported in Mumbai Metro,Mumbai Metro,False,Mumbai Metro,19.07141770653911,72.87660688458207
FIR-INDIA-2024-03235,2024-02-26 17:41:00,THEFT,THEFT incident reported in Hyderabad Metro,Hyderabad Metro,True,Hyderabad Metro,17.386734158812008,78.47846154107492
FIR-INDIA-2025-03236,2025-02-20 10:38:00,THEFT,THEFT incident reported in Mumbai Metro,Mumbai Metro,True,Mumbai Metro,19.056094095328103,72.89634312889373
FIR-INDIA-2023-03237,2023-09-11 03:41:00,ROBBERY,ROBBERY incident reported in Chennai Metro,Chennai Metro,False,Chennai Metro,13.080737882108505,80.29245178931134
FIR-INDIA-2024-03238,2024-02-27 12:29:00,CYBER,CYBER incident reported in Hyderabad Metro,Hyderabad Metro,True,Hyderabad Metro,17.398327373631407,78.48691761322702
FIR-INDIA-2023-03239,2023-09-27 05:10:00,ROBBERY,ROBBERY incident reported in Hyderabad Metro,Hyderabad Metro,True,Hyderabad Metro,17.395149981882057,78.47657782581088
FIR-INDIA-2026-03240,2026-04-18 10:44:00,ASSAULT,ASSAULT incident reported in Delhi NCR,Delhi NCR,False,Delhi NCR,28.59682000866251,77.22406188795834
FIR-INDIA-2024-03241,2024-03-27 23:41:00,ASSAULT,ASSAULT incident reported in Bengaluru City,Bengaluru City,True,Bengaluru City,12.954987671384169,77.60025152626403
FIR-INDIA-2024-03242,2024-07-14 11:57:00,THEFT,THEFT incident reported in Mumbai Metro,Mumbai Metro,False,Mumbai Metro,19.09799910424501,72.86178832290393
FIR-INDIA-2025-03243,2025-06-07 14:06:00,THEFT,THEFT incident reported in Mumbai Metro,Mumbai Metro,False,Mumbai Metro,19.069128281214997,72.88577487092873
FIR-INDIA-2026-03244,2026-06-21 20:40:00,CYBER,CYBER incident reported in Bengaluru City,Bengaluru City,True,Bengaluru City,12.977716812744397,77.589338900465
FIR-INDIA-2024-03245,2024-07-30 23:15:00,ROBBERY,ROBBERY incident reported in Mumbai Metro,Mumbai Metro,False,Mumbai Metro,19.078289645016838,72.89366074786194
FIR-INDIA-2024-03246,2024-01-08 00:17:00,ROBBERY,ROBBERY incident reported in Bengaluru City,Bengaluru City,False,Bengaluru City,12.971937840997601,77.5886416885852
FIR-INDIA-2026-03247,2026-02-12 07:58:00,THEFT,THEFT incident reported in Bengaluru City,Bengaluru City,False,Bengaluru City,12.969451254020358,77.60744527770018
FIR-INDIA-2023-03248,2023-09-30 19:53:00,ASSAULT,ASSAULT incident reported in Bengaluru City,Bengaluru City,True,Bengaluru City,12.964476293703616,77.58382072692946
FIR-INDIA-2023-03249,2023-06-19 23:53:00,ASSAULT,ASSAULT incident reported in Chennai Metro,Chennai Metro,True,Chennai Metro,13.083580480544699,80.27792561901941
FIR-INDIA-2025-03250,2025-03-22 01:09:00,ASSAULT,ASSAULT incident reported in Delhi NCR,Delhi NCR,True,Delhi NCR,28.604304776143586,77.20586684933313
FIR-INDIA-2025-03251,2025-07-04 04:52:00,ROBBERY,ROBBERY incident reported in Bengaluru City,Bengaluru City,False,Bengaluru City,12.942457682307236,77.61808297252105
FIR-INDIA-2026-03252,2026-02-10 11:54:00,THEFT,THEFT incident reported in Mumbai Metro,Mumbai Metro,False,Mumbai Metro,19.061211079089865,72.89359367202759
FIR-INDIA-2024-03253,2024-04-02 18:25:00,OTHER,OTHER incident reported in Bengaluru City,Bengaluru City,False,Bengaluru City,13.004943440299286,77.62024208236281
FIR-INDIA-2023-03254,2023-02-12 15:08:00,BURGLARY,BURGLARY incident reported in Hyderabad Metro,Hyderabad Metro,False,Hyderabad Metro,17.374095087117315,78.47596818022863
FIR-INDIA-2025-03255,2025-08-05 20:53:00,THEFT,THEFT incident reported in Delhi NCR,Delhi NCR,True,Delhi NCR,28.604199638086225,77.21659371066032
FIR-INDIA-2023-03256,2023-06-28 05:14:00,THEFT,THEFT incident reported in Hyderabad Metro,Hyderabad Metro,False,Hyderabad Metro,17.400722040321746,78.49573766027237
FIR-INDIA-2025-03257,2025-12-01 11:18:00,ASSAULT,ASSAULT incident reported in Mumbai Metro,Mumbai Metro,False,Mumbai Metro,19.06765701592605,72.85526187708874
FIR-INDIA-2026-03258,2026-02-01 02:49:00,THEFT,THEFT incident reported in Delhi NCR,Delhi NCR,True,Delhi NCR,28.574957138318617,77.21058886868292
FIR-INDIA-2023-03259,2023-09-29 12:32:00,ROBBERY,ROBBERY incident reported in Bengaluru City,Bengaluru City,False,Bengaluru City,12.967013051703029,77.57798794912074
FIR-INDIA-2024-03260,2024-12-27 14:13:00,BURGLARY,BURGLARY incident reported in Mumbai Metro,Mumbai Metro,True,Mumbai Metro,19.08316937215082,72.88346375674102
FIR-INDIA-2024-03261,2024-11-17 15:36:00,THEFT,THEFT incident reported in Bengaluru City,Bengaluru City,False,Bengaluru City,12.992083791449359,77.61114546719108
FIR-INDIA-2023-03262,2023-01-31 19:05:00,THEFT,THEFT incident reported in Mumbai Metro,Mumbai Metro,False,Mumbai Metro,19.094414834890983,72.87235821261164
FIR-INDIA-2026-03263,2026-04-15 15:33:00,THEFT,THEFT incident reported in Hyderabad Metro,Hyderabad Metro,True,Hyderabad Metro,17.34674908190265,78.49467848275604
FIR-INDIA-2025-03264,2025-07-19 23:09:00,OTHER,OTHER incident reported in Chennai Metro,Chennai Metro,False,Chennai Metro,13.089811857530256,80.28004970691319
FIR-INDIA-2025-03265,2025-02-21 07:40:00,THEFT,THEFT incident reported in Hyderabad Metro,Hyderabad Metro,True,Hyderabad Metro,17.400870708343618,78.50630831387443
FIR-INDIA-2025-03266,2025-03-03 01:36:00,BURGLARY,BURGLARY incident reported in Mumbai Metro,Mumbai Metro,False,Mumbai Metro,19.074693355148092,72.87313592295924
FIR-INDIA-2024-03267,2024-10-06 02:19:00,THEFT,THEFT incident reported in Kolkata City,Kolkata City,False,Kolkata City,22.565908051908128,88.35101195550568
FIR-INDIA-2026-03268,2026-04-01 10:12:00,THEFT,THEFT incident reported in Ahmedabad,Ahmedabad,False,Ahmedabad,23.05880412463622,72.58063134443238
FIR-INDIA-2025-03269,2025-02-05 20:24:00,THEFT,THEFT incident reported in Delhi NCR,Delhi NCR,False,Delhi NCR,28.62644292678961,77.20858257946274
FIR-INDIA-2024-03270,2024-11-29 03:46:00,ASSAULT,ASSAULT incident reported in Chennai Metro,Chennai Metro,True,Chennai Metro,13.087120955156307,80.26852163981931
FIR-INDIA-2025-03271,2025-12-30 10:55:00,CYBER,CYBER incident reported in Chennai Metro,Chennai Metro,False,Chennai Metro,13.080562568188313,80.25813672779577
FIR-INDIA-2024-03272,2024-08-23 22:01:00,THEFT,THEFT incident reported in Pune,Pune,False,Pune,18.54195217479467,73.84889403488727
FIR-INDIA-2025-03273,2025-03-07 06:43:00,BURGLARY,BURGLARY incident reported in Bengaluru City,Bengaluru City,False,Bengaluru City,12.966479371293707,77.5839865016917
FIR-INDIA-2026-03274,2026-05-15 21:42:00,ASSAULT,ASSAULT incident reported in Chennai Metro,Chennai Metro,False,Chennai Metro,13.083379381947543,80.25916995836161
FIR-INDIA-2024-03275,2024-10-22 11:06:00,THEFT,THEFT incident reported in Pune,Pune,True,Pune,18.509220735554127,73.85892804260452
FIR-INDIA-2023-03276,2023-08-11 00:45:00,BURGLARY,BURGLARY incident reported in Delhi NCR,Delhi NCR,False,Delhi NCR,28.618390938804463,77.215953138061
FIR-INDIA-2024-03277,2024-10-10 20:10:00,THEFT,THEFT incident reported in Chennai Metro,Chennai Metro,False,Chennai Metro,13.092706214377301,80.27406874421902
FIR-INDIA-2024-03278,2024-12-23 16:28:00,CYBER,CYBER incident reported in Mumbai Metro,Mumbai Metro,False,Mumbai Metro,19.05161780222796,72.88700460145415
FIR-INDIA-2024-03279,2024-03-06 14:31:00,CYBER,CYBER incident reported in Delhi NCR,Delhi NCR,True,Delhi NCR,28.61534827111531,77.20066754626231
FIR-INDIA-2025-03280,2025-03-12 15:31:00,CYBER,CYBER incident reported in Delhi NCR,Delhi NCR,False,Delhi NCR,28.598771540072566,77.2261516653327
FIR-INDIA-2024-03281,2024-05-07 10:22:00,ASSAULT,ASSAULT incident reported in Chennai Metro,Chennai Metro,False,Chennai Metro,13.091132016386368,80.272240192221
FIR-INDIA-2023-03282,2023-01-03 13:06:00,BURGLARY,BURGLARY incident reported in Bengaluru City,Bengaluru City,False,Bengaluru City,12.954552900239612,77.58715490513455
FIR-INDIA-2025-03283,2025-04-16 06:38:00,THEFT,THEFT incident reported in Delhi NCR,Delhi NCR,True,Delhi NCR,28.585545036371443,77.2169320159558
FIR-INDIA-2024-03284,2024-09-28 12:26:00,THEFT,THEFT incident reported in Hyderabad Metro,Hyderabad Metro,False,Hyderabad Metro,17.391666140454106,78.49725216375946
FIR-INDIA-2026-03285,2026-07-23 00:56:00,BURGLARY,BURGLARY incident reported in Mumbai Metro,Mumbai Metro,False,Mumbai Metro,19.06883955003591,72.88168906360313
FIR-INDIA-2023-03286,2023-03-21 23:44:00,ROBBERY,ROBBERY incident reported in Delhi NCR,Delhi NCR,False,Delhi NCR,28.586456151915044,77.22108896306898
FIR-INDIA-2023-03287,2023-12-24 09:02:00,ASSAULT,ASSAULT incident reported in Delhi NCR,Delhi NCR,False,Delhi NCR,28.61577229052194,77.22298791932855
FIR-INDIA-2026-03288,2026-01-18 21:56:00,ASSAULT,ASSAULT incident reported in Hyderabad Metro,Hyderabad Metro,False,Hyderabad Metro,17.36387437263835,78.49625935907537
FIR-INDIA-2024-03289,2024-12-21 15:45:00,CYBER,CYBER incident reported in Kolkata City,Kolkata City,False,Kolkata City,22.54470328786971,88.3541138279416
FIR-INDIA-2023-03290,2023-01-18 00:41:00,ASSAULT,ASSAULT incident reported in Hyderabad Metro,Hyderabad Metro,False,Hyderabad Metro,17.3889450180398,78.48983599400019
FIR-INDIA-2025-03291,2025-11-17 13:57:00,BURGLARY,BURGLARY incident reported in Pune,Pune,False,Pune,18.51282392300161,73.84147488531941
FIR-INDIA-2023-03292,2023-06-05 04:39:00,OTHER,OTHER incident reported in Kolkata City,Kolkata City,False,Kolkata City,22.576959406511385,88.35255621785925
FIR-INDIA-2024-03293,2024-07-25 09:59:00,THEFT,THEFT incident reported in Delhi NCR,Delhi NCR,False,Delhi NCR,28.624809976320446,77.22510165821093
FIR-INDIA-2024-03294,2024-11-13 19:41:00,ROBBERY,ROBBERY incident reported in Ahmedabad,Ahmedabad,False,Ahmedabad,23.009365589886503,72.5780552093254
FIR-INDIA-2023-03295,2023-05-23 13:17:00,ASSAULT,ASSAULT incident reported in Chennai Metro,Chennai Metro,False,Chennai Metro,13.10616316958204,80.26063562607554
FIR-INDIA-2026-03296,2026-08-14 12:58:00,BURGLARY,BURGLARY incident reported in Delhi NCR,Delhi NCR,False,Delhi NCR,28.607821338965046,77.21301798083498
FIR-INDIA-2023-03297,2023-09-11 00:01:00,BURGLARY,BURGLARY incident reported in Mumbai Metro,Mumbai Metro,False,Mumbai Metro,19.088504131864195,72.87661197860109
FIR-INDIA-2026-03298,2026-04-27 07:50:00,THEFT,THEFT incident reported in Bengaluru City,Bengaluru City,False,Bengaluru City,12.997241513634455,77.59473140621587
FIR-INDIA-2025-03299,2025-02-26 09:37:00,THEFT,THEFT incident reported in Delhi NCR,Delhi NCR,False,Delhi NCR,28.627602981617812,77.22139632506396
FIR-INDIA-2024-03300,2024-10-26 01:46:00,ASSAULT,ASSAULT incident reported in Pune,Pune,True,Pune,18.53824504980768,73.84948263763053
FIR-INDIA-2024-03301,2024-05-05 04:25:00,ROBBERY,ROBBERY incident reported in Chennai Metro,Chennai Metro,False,Chennai Metro,13.093815269215483,80.26704728846956
FIR-INDIA-2023-03302,2023-11-09 03:55:00,ROBBERY,ROBBERY incident reported in Mumbai Metro,Mumbai Metro,False,Mumbai Metro,19.0408383571911,72.86031802408401
FIR-INDIA-2024-03303,2024-04-23 10:03:00,ASSAULT,ASSAULT incident reported in Mumbai Metro,Mumbai Metro,False,Mumbai Metro,19.05403075480829,72.86467728701417
FIR-INDIA-2024-03304,2024-01-19 13:56:00,ASSAULT,ASSAULT incident reported in Bengaluru City,Bengaluru City,False,Bengaluru City,12.968279227769054,77.59517936810622
FIR-INDIA-2025-03305,2025-12-22 16:00:00,CYBER,CYBER incident reported in Delhi NCR,Delhi NCR,False,Delhi NCR,28.60004969526693,77.23049160357594
FIR-INDIA-2025-03306,2025-02-13 12:35:00,THEFT,THEFT incident reported in Kolkata City,Kolkata City,False,Kolkata City,22.59716462420777,88.3700680708131
FIR-INDIA-2023-03307,2023-06-14 11:44:00,BURGLARY,BURGLARY incident reported in Delhi NCR,Delhi NCR,False,Delhi NCR,28.60085009031578,77.21417576381985
FIR-INDIA-2026-03308,2026-02-15 09:41:00,THEFT,THEFT incident reported in Delhi NCR,Delhi NCR,True,Delhi NCR,28.621255918378807,77.21188896555665
FIR-INDIA-2024-03309,2024-10-20 22:49:00,ASSAULT,ASSAULT incident reported in Ahmedabad,Ahmedabad,False,Ahmedabad,23.041682346903357,72.58908465802384
FIR-INDIA-2024-03310,2024-04-11 03:09:00,THEFT,THEFT incident reported in Delhi NCR,Delhi NCR,False,Delhi NCR,28.60160890675062,77.18998292504922
FIR-INDIA-2023-03311,2023-01-04 09:46:00,BURGLARY,BURGLARY incident reported in Bengaluru City,Bengaluru City,False,Bengaluru City,12.984577064055586,77.60589041854278
FIR-INDIA-2024-03312,2024-06-18 06:47:00,THEFT,THEFT incident reported in Mumbai Metro,Mumbai Metro,False,Mumbai Metro,19.087392265578632,72.87485901195163
FIR-INDIA-2025-03313,2025-04-16 10:36:00,BURGLARY,BURGLARY incident reported in Hyderabad Metro,Hyderabad Metro,False,Hyderabad Metro,17.37022184629424,78.48509966981145
FIR-INDIA-2025-03314,2025-03-30 17:56:00,BURGLARY,BURGLARY incident reported in Hyderabad Metro,Hyderabad Metro,True,Hyderabad Metro,17.396082270998917,78.4750428804449
FIR-INDIA-2026-03315,2026-02-24 14:09:00,ASSAULT,ASSAULT incident reported in Chennai Metro,Chennai Metro,False,Chennai Metro,13.102853699102631,80.25887208492917
FIR-INDIA-2024-03316,2024-08-01 14:15:00,BURGLARY,BURGLARY incident reported in Delhi NCR,Delhi NCR,False,Delhi NCR,28.577046480916604,77.20896062646605
FIR-INDIA-2023-03317,2023-10-14 10:59:00,BURGLARY,BURGLARY incident reported in Kolkata City,Kolkata City,False,Kolkata City,22.587894423009466,88.3740099548506
FIR-INDIA-2023-03318,2023-11-01 10:44:00,ASSAULT,ASSAULT incident reported in Hyderabad Metro,Hyderabad Metro,False,Hyderabad Metro,17.396826339611955,78.4733433837625
FIR-INDIA-2024-03319,2024-04-07 06:18:00,ASSAULT,ASSAULT incident reported in Mumbai Metro,Mumbai Metro,True,Mumbai Metro,19.08857518355847,72.87442703936911
FIR-INDIA-2024-03320,2024-05-22 03:01:00,THEFT,THEFT incident reported in Delhi NCR,Delhi NCR,False,Delhi NCR,28.608775602066157,77.20935810457033
FIR-INDIA-2024-03321,2024-02-16 20:40:00,ASSAULT,ASSAULT incident reported in Bengaluru City,Bengaluru City,True,Bengaluru City,12.965681541322908,77.59166096329484
FIR-INDIA-2023-03322,2023-04-06 12:28:00,ASSAULT,ASSAULT incident reported in Delhi NCR,Delhi NCR,False,Delhi NCR,28.59382777602061,77.21308315229068
FIR-INDIA-2025-03323,2025-12-12 04:30:00,CYBER,CYBER incident reported in Mumbai Metro,Mumbai Metro,False,Mumbai Metro,19.077750793512706,72.86171194331091
FIR-INDIA-2023-03324,2023-04-03 13:16:00,THEFT,THEFT incident reported in Delhi NCR,Delhi NCR,False,Delhi NCR,28.603378228063566,77.19089333554619
FIR-INDIA-2023-03325,2023-09-06 19:46:00,ASSAULT,ASSAULT incident reported in Kolkata City,Kolkata City,False,Kolkata City,22.565417119133176,88.37733756190144
FIR-INDIA-2025-03326,2025-08-24 23:06:00,THEFT,THEFT incident reported in Mumbai Metro,Mumbai Metro,False,Mumbai Metro,19.078093360048587,72.88272180587198
FIR-INDIA-2023-03327,2023-12-02 14:36:00,THEFT,THEFT incident reported in Delhi NCR,Delhi NCR,False,Delhi NCR,28.594179603980148,77.21561621348039
FIR-INDIA-2025-03328,2025-02-17 18:37:00,ASSAULT,ASSAULT incident reported in Mumbai Metro,Mumbai Metro,False,Mumbai Metro,19.072478083554167,72.86715644726443
FIR-INDIA-2024-03329,2024-09-14 06:50:00,THEFT,THEFT incident reported in Chennai Metro,Chennai Metro,True,Chennai Metro,13.093718484684455,80.24546527694427
FIR-INDIA-2024-03330,2024-09-09 18:13:00,ASSAULT,ASSAULT incident reported in Bengaluru City,Bengaluru City,False,Bengaluru City,12.987842723173717,77.59923387834239
FIR-INDIA-2025-03331,2025-03-06 21:03:00,BURGLARY,BURGLARY incident reported in Bengaluru City,Bengaluru City,False,Bengaluru City,12.968085071044102,77.59077631776924
FIR-INDIA-2026-03332,2026-01-15 04:51:00,THEFT,THEFT incident reported in Bengaluru City,Bengaluru City,True,Bengaluru City,12.982902196694727,77.58471175238515
FIR-INDIA-2023-03333,2023-08-24 10:20:00,ASSAULT,ASSAULT incident reported in Bengaluru City,Bengaluru City,False,Bengaluru City,12.965435119750605,77.5850096133614
FIR-INDIA-2023-03334,2023-02-11 23:29:00,THEFT,THEFT incident reported in Delhi NCR,Delhi NCR,True,Delhi NCR,28.612080499687238,77.18562261016676
FIR-INDIA-2023-03335,2023-04-27 05:29:00,THEFT,THEFT incident reported in Delhi NCR,Delhi NCR,False,Delhi NCR,28.61870698055872,77.25220863265288
FIR-INDIA-2024-03336,2024-06-04 16:29:00,THEFT,THEFT incident reported in Mumbai Metro,Mumbai Metro,False,Mumbai Metro,19.069875053913883,72.899880100903
FIR-INDIA-2024-03337,2024-01-27 22:42:00,CYBER,CYBER incident reported in Bengaluru City,Bengaluru City,False,Bengaluru City,12.98618260466191,77.62470870027417
FIR-INDIA-2025-03338,2025-01-18 15:49:00,ASSAULT,ASSAULT incident reported in Delhi NCR,Delhi NCR,True,Delhi NCR,28.62170324134363,77.18629664043446
FIR-INDIA-2025-03339,2025-09-03 20:39:00,ROBBERY,ROBBERY incident reported in Hyderabad Metro,Hyderabad Metro,True,Hyderabad Metro,17.404728045100676,78.47645107628179
FIR-INDIA-2024-03340,2024-07-04 12:42:00,BURGLARY,BURGLARY incident reported in Bengaluru City,Bengaluru City,False,Bengaluru City,12.956382396962903,77.58140682431954
FIR-INDIA-2024-03341,2024-10-08 06:22:00,ASSAULT,ASSAULT incident reported in Mumbai Metro,Mumbai Metro,False,Mumbai Metro,19.09026009376805,72.88659583074994
FIR-INDIA-2025-03342,2025-02-20 10:42:00,ASSAULT,ASSAULT incident reported in Hyderabad Metro,Hyderabad Metro,False,Hyderabad Metro,17.38323881581657,78.47597288187707
FIR-INDIA-2024-03343,2024-12-25 13:03:00,THEFT,THEFT incident reported in Chennai Metro,Chennai Metro,False,Chennai Metro,13.088435126018066,80.27256354764302
FIR-INDIA-2024-03344,2024-11-04 08:49:00,ASSAULT,ASSAULT incident reported in Delhi NCR,Delhi NCR,False,Delhi NCR,28.595485928511764,77.22840290674446
FIR-INDIA-2025-03345,2025-06-25 11:32:00,CYBER,CYBER incident reported in Delhi NCR,Delhi NCR,False,Delhi NCR,28.61790992928062,77.2069717450855
FIR-INDIA-2024-03346,2024-03-09 16:29:00,ROBBERY,ROBBERY incident reported in Mumbai Metro,Mumbai Metro,False,Mumbai Metro,19.088861283021714,72.87427981800026
FIR-INDIA-2024-03347,2024-10-19 16:36:00,CYBER,CYBER incident reported in Kolkata City,Kolkata City,False,Kolkata City,22.569184464794283,88.3504290139857
FIR-INDIA-2024-03348,2024-06-06 16:58:00,THEFT,THEFT incident reported in Chennai Metro,Chennai Metro,False,Chennai Metro,13.07968415263887,80.2892401676485
FIR-INDIA-2024-03349,2024-05-15 11:22:00,THEFT,THEFT incident reported in Delhi NCR,Delhi NCR,False,Delhi NCR,28.610551610542682,77.17775252814126
FIR-INDIA-2023-03350,2023-06-18 09:51:00,CYBER,CYBER incident reported in Mumbai Metro,Mumbai Metro,False,Mumbai Metro,19.091337895062708,72.90989457454582
FIR-INDIA-2026-03351,2026-01-27 22:36:00,THEFT,THEFT incident reported in Kolkata City,Kolkata City,False,Kolkata City,22.564041513734537,88.36166489746276
FIR-INDIA-2024-03352,2024-10-05 05:32:00,ROBBERY,ROBBERY incident reported in Chennai Metro,Chennai Metro,False,Chennai Metro,13.106763490383006,80.28027666348657
FIR-INDIA-2024-03353,2024-05-09 14:11:00,ASSAULT,ASSAULT incident reported in Delhi NCR,Delhi NCR,False,Delhi NCR,28.582098903663255,77.21689580340959
FIR-INDIA-2024-03354,2024-10-07 16:23:00,BURGLARY,BURGLARY incident reported in Bengaluru City,Bengaluru City,True,Bengaluru City,12.981378423060747,77.5867024813274
FIR-INDIA-2025-03355,2025-02-22 21:32:00,ASSAULT,ASSAULT incident reported in Delhi NCR,Delhi NCR,False,Delhi NCR,28.61271635384015,77.21638640331335
FIR-INDIA-2024-03356,2024-01-20 02:53:00,ASSAULT,ASSAULT incident reported in Ahmedabad,Ahmedabad,True,Ahmedabad,23.000323489523456,72.56899080826327
FIR-INDIA-2024-03357,2024-10-28 07:12:00,THEFT,THEFT incident reported in Kolkata City,Kolkata City,True,Kolkata City,22.566171646146923,88.34294914959746
FIR-INDIA-2023-03358,2023-12-31 03:40:00,THEFT,THEFT incident reported in Mumbai Metro,Mumbai Metro,False,Mumbai Metro,19.07543078123355,72.87494145418775
FIR-INDIA-2025-03359,2025-06-15 14:16:00,THEFT,THEFT incident reported in Delhi NCR,Delhi NCR,False,Delhi NCR,28.601935642586525,77.21741680880109
FIR-INDIA-2026-03360,2026-04-05 06:36:00,ASSAULT,ASSAULT incident reported in Chennai Metro,Chennai Metro,False,Chennai Metro,13.08676889702818,80.25681249484511
FIR-INDIA-2024-03361,2024-03-13 19:27:00,CYBER,CYBER incident reported in Hyderabad Metro,Hyderabad Metro,False,Hyderabad Metro,17.394694766628014,78.48000082874279
FIR-INDIA-2024-03362,2024-06-02 16:03:00,ASSAULT,ASSAULT incident reported in Delhi NCR,Delhi NCR,False,Delhi NCR,28.613205892435015,77.20366087741465
FIR-INDIA-2023-03363,2023-09-07 19:30:00,CYBER,CYBER incident reported in Bengaluru City,Bengaluru City,False,Bengaluru City,12.954419471701877,77.5685710796169
FIR-INDIA-2025-03364,2025-07-31 20:45:00,THEFT,THEFT incident reported in Delhi NCR,Delhi NCR,False,Delhi NCR,28.627877088651605,77.18924063844007
FIR-INDIA-2025-03365,2025-11-07 20:23:00,THEFT,THEFT incident reported in Mumbai Metro,Mumbai Metro,True,Mumbai Metro,19.07982098731599,72.87549269588692
FIR-INDIA-2025-03366,2025-10-15 11:16:00,THEFT,THEFT incident reported in Chennai Metro,Chennai Metro,False,Chennai Metro,13.083591981409322,80.23593328367816
FIR-INDIA-2024-03367,2024-09-01 05:00:00,ASSAULT,ASSAULT incident reported in Kolkata City,Kolkata City,False,Kolkata City,22.581747093357038,88.33755370705377
FIR-INDIA-2025-03368,2025-06-12 09:47:00,THEFT,THEFT incident reported in Delhi NCR,Delhi NCR,True,Delhi NCR,28.603232688367818,77.21136881287467
FIR-INDIA-2025-03369,2025-11-08 22:11:00,THEFT,THEFT incident reported in Kolkata City,Kolkata City,False,Kolkata City,22.578155928354732,88.35308923067498
FIR-INDIA-2023-03370,2023-01-23 13:06:00,ASSAULT,ASSAULT incident reported in Pune,Pune,False,Pune,18.531560177809645,73.85881268468742
FIR-INDIA-2025-03371,2025-11-20 16:40:00,CYBER,CYBER incident reported in Delhi NCR,Delhi NCR,False,Delhi NCR,28.63583519053266,77.20336543705503
FIR-INDIA-2026-03372,2026-07-17 14:53:00,ROBBERY,ROBBERY incident reported in Ahmedabad,Ahmedabad,False,Ahmedabad,23.03130815984207,72.59074392091276
FIR-INDIA-2023-03373,2023-11-07 13:10:00,BURGLARY,BURGLARY incident reported in Delhi NCR,Delhi NCR,True,Delhi NCR,28.608300639925417,77.21975732276957
FIR-INDIA-2025-03374,2025-11-12 07:08:00,THEFT,THEFT incident reported in Chennai Metro,Chennai Metro,False,Chennai Metro,13.101538893511048,80.318224617841
FIR-INDIA-2023-03375,2023-04-26 00:16:00,OTHER,OTHER incident reported in Bengaluru City,Bengaluru City,True,Bengaluru City,12.996942111736038,77.6033861828208
FIR-INDIA-2025-03376,2025-05-08 05:08:00,ROBBERY,ROBBERY incident reported in Delhi NCR,Delhi NCR,False,Delhi NCR,28.64388724849836,77.19447958382217
FIR-INDIA-2025-03377,2025-08-15 04:41:00,ASSAULT,ASSAULT incident reported in Chennai Metro,Chennai Metro,False,Chennai Metro,13.074068036048862,80.2566127985493
FIR-INDIA-2023-03378,2023-08-01 15:19:00,BURGLARY,BURGLARY incident reported in Delhi NCR,Delhi NCR,False,Delhi NCR,28.60804405260646,77.20160747767268
FIR-INDIA-2023-03379,2023-07-17 09:20:00,THEFT,THEFT incident reported in Hyderabad Metro,Hyderabad Metro,False,Hyderabad Metro,17.374445966953733,78.50092300330701
FIR-INDIA-2023-03380,2023-07-18 03:50:00,ROBBERY,ROBBERY incident reported in Bengaluru City,Bengaluru City,True,Bengaluru City,12.961558295575175,77.58644066708582
FIR-INDIA-2025-03381,2025-11-26 14:07:00,THEFT,THEFT incident reported in Chennai Metro,Chennai Metro,False,Chennai Metro,13.08225642271413,80.28079713981812
FIR-INDIA-2026-03382,2026-08-27 12:54:00,THEFT,THEFT incident reported in Hyderabad Metro,Hyderabad Metro,False,Hyderabad Metro,17.379365152873405,78.46861229465743
FIR-INDIA-2024-03383,2024-04-15 02:09:00,THEFT,THEFT incident reported in Mumbai Metro,Mumbai Metro,False,Mumbai Metro,19.07700580419982,72.8891986091914
FIR-INDIA-2025-03384,2025-06-17 04:01:00,THEFT,THEFT incident reported in Chennai Metro,Chennai Metro,True,Chennai Metro,13.065835549715107,80.2671966417878
FIR-INDIA-2026-03385,2026-04-03 09:12:00,OTHER,OTHER incident reported in Hyderabad Metro,Hyderabad Metro,True,Hyderabad Metro,17.37268399252763,78.51114726996252
FIR-INDIA-2025-03386,2025-02-15 10:24:00,ROBBERY,ROBBERY incident reported in Chennai Metro,Chennai Metro,False,Chennai Metro,13.080905281195044,80.28737825257411
FIR-INDIA-2025-03387,2025-05-06 03:59:00,ASSAULT,ASSAULT incident reported in Ahmedabad,Ahmedabad,False,Ahmedabad,23.031748501628904,72.58597150581551
FIR-INDIA-2025-03388,2025-07-29 16:34:00,ASSAULT,ASSAULT incident reported in Kolkata City,Kolkata City,False,Kolkata City,22.58706416243013,88.39013377186583
FIR-INDIA-2023-03389,2023-03-07 05:47:00,ROBBERY,ROBBERY incident reported in Hyderabad Metro,Hyderabad Metro,False,Hyderabad Metro,17.403415560323374,78.50376793239789
FIR-INDIA-2024-03390,2024-02-06 00:40:00,THEFT,THEFT incident reported in Mumbai Metro,Mumbai Metro,False,Mumbai Metro,19.057130715856417,72.88842041461342
FIR-INDIA-2023-03391,2023-09-13 19:22:00,BURGLARY,BURGLARY incident reported in Mumbai Metro,Mumbai Metro,False,Mumbai Metro,19.06031900209253,72.9059833042256
FIR-INDIA-2023-03392,2023-09-02 06:30:00,ASSAULT,ASSAULT incident reported in Ahmedabad,Ahmedabad,False,Ahmedabad,23.006831880841933,72.56761889118157
FIR-INDIA-2025-03393,2025-09-24 00:26:00,THEFT,THEFT incident reported in Pune,Pune,False,Pune,18.532363392215075,73.85825754303721
FIR-INDIA-2023-03394,2023-04-27 23:47:00,THEFT,THEFT incident reported in Bengaluru City,Bengaluru City,False,Bengaluru City,12.963789111289742,77.60524106352518
FIR-INDIA-2024-03395,2024-10-03 03:59:00,THEFT,THEFT incident reported in Mumbai Metro,Mumbai Metro,False,Mumbai Metro,19.101117686776558,72.8647815845599
FIR-INDIA-2024-03396,2024-04-27 17:02:00,ASSAULT,ASSAULT incident reported in Bengaluru City,Bengaluru City,True,Bengaluru City,12.999327632582059,77.62176023510261
FIR-INDIA-2023-03397,2023-07-08 00:25:00,BURGLARY,BURGLARY incident reported in Delhi NCR,Delhi NCR,False,Delhi NCR,28.61785887115863,77.21320067030328
FIR-INDIA-2025-03398,2025-06-25 10:43:00,ASSAULT,ASSAULT incident reported in Kolkata City,Kolkata City,False,Kolkata City,22.57940214508204,88.33800310740637
FIR-INDIA-2023-03399,2023-08-19 11:38:00,THEFT,THEFT incident reported in Mumbai Metro,Mumbai Metro,False,Mumbai Metro,19.069493537154834,72.83425332366738
FIR-INDIA-2025-03400,2025-12-06 19:57:00,BURGLARY,BURGLARY incident reported in Hyderabad Metro,Hyderabad Metro,False,Hyderabad Metro,17.3795509084278,78.4561678273837
FIR-INDIA-2023-03401,2023-06-20 04:56:00,THEFT,THEFT incident reported in Chennai Metro,Chennai Metro,True,Chennai Metro,13.094713616690255,80.2862510522377
FIR-INDIA-2024-03402,2024-10-27 03:35:00,THEFT,THEFT incident reported in Kolkata City,Kolkata City,True,Kolkata City,22.570504298433175,88.36797897488081
FIR-INDIA-2024-03403,2024-03-06 12:59:00,OTHER,OTHER incident reported in Bengaluru City,Bengaluru City,True,Bengaluru City,12.98055133530411,77.61678722487507
FIR-INDIA-2026-03404,2026-01-09 03:35:00,THEFT,THEFT incident reported in Kolkata City,Kolkata City,False,Kolkata City,22.579644348462953,88.35360088192756
FIR-INDIA-2024-03405,2024-11-27 10:53:00,OTHER,OTHER incident reported in Chennai Metro,Chennai Metro,True,Chennai Metro,13.070769300494852,80.27074997883975
FIR-INDIA-2024-03406,2024-03-31 21:43:00,THEFT,THEFT incident reported in Chennai Metro,Chennai Metro,False,Chennai Metro,13.089184233652304,80.25191183981512
FIR-INDIA-2023-03407,2023-03-03 19:48:00,THEFT,THEFT incident reported in Delhi NCR,Delhi NCR,False,Delhi NCR,28.620619931909612,77.22129323805287
FIR-INDIA-2023-03408,2023-08-24 06:15:00,THEFT,THEFT incident reported in Mumbai Metro,Mumbai Metro,False,Mumbai Metro,19.053311632160632,72.85507734329728
FIR-INDIA-2025-03409,2025-03-29 22:54:00,THEFT,THEFT incident reported in Chennai Metro,Chennai Metro,True,Chennai Metro,13.083247224446056,80.26588611563027
FIR-INDIA-2023-03410,2023-06-03 20:50:00,OTHER,OTHER incident reported in Mumbai Metro,Mumbai Metro,False,Mumbai Metro,19.082804398646747,72.87037661138181
FIR-INDIA-2023-03411,2023-04-10 23:16:00,THEFT,THEFT incident reported in Kolkata City,Kolkata City,False,Kolkata City,22.556979229023344,88.370681620151
FIR-INDIA-2024-03412,2024-08-05 21:33:00,THEFT,THEFT incident reported in Mumbai Metro,Mumbai Metro,False,Mumbai Metro,19.07596781841012,72.86406156627437
FIR-INDIA-2023-03413,2023-10-25 13:19:00,BURGLARY,BURGLARY incident reported in Delhi NCR,Delhi NCR,False,Delhi NCR,28.590325678512166,77.2303580965675
FIR-INDIA-2025-03414,2025-06-28 00:49:00,ROBBERY,ROBBERY incident reported in Pune,Pune,False,Pune,18.535243782575073,73.84990401910838
FIR-INDIA-2023-03415,2023-09-04 15:45:00,ASSAULT,ASSAULT incident reported in Kolkata City,Kolkata City,False,Kolkata City,22.57183913106839,88.34400657848944
FIR-INDIA-2024-03416,2024-10-23 01:37:00,CYBER,CYBER incident reported in Delhi NCR,Delhi NCR,False,Delhi NCR,28.591443215178444,77.20399039181115
FIR-INDIA-2025-03417,2025-04-04 06:59:00,ASSAULT,ASSAULT incident reported in Bengaluru City,Bengaluru City,False,Bengaluru City,12.980507764237357,77.59927393021685
FIR-INDIA-2023-03418,2023-08-01 17:27:00,THEFT,THEFT incident reported in Hyderabad Metro,Hyderabad Metro,True,Hyderabad Metro,17.386770172501834,78.44833544072618
FIR-INDIA-2023-03419,2023-06-12 17:28:00,THEFT,THEFT incident reported in Chennai Metro,Chennai Metro,False,Chennai Metro,13.072079665501718,80.26416141124673
FIR-INDIA-2024-03420,2024-04-02 14:52:00,THEFT,THEFT incident reported in Hyderabad Metro,Hyderabad Metro,True,Hyderabad Metro,17.397506527143847,78.46297251038236
FIR-INDIA-2024-03421,2024-06-15 21:14:00,ROBBERY,ROBBERY incident reported in Bengaluru City,Bengaluru City,False,Bengaluru City,12.984352466892277,77.5757864674033
FIR-INDIA-2026-03422,2026-02-26 05:04:00,ASSAULT,ASSAULT incident reported in Delhi NCR,Delhi NCR,True,Delhi NCR,28.62678834610537,77.22191006531536
FIR-INDIA-2024-03423,2024-08-23 18:25:00,THEFT,THEFT incident reported in Mumbai Metro,Mumbai Metro,False,Mumbai Metro,19.09971417790663,72.88533946655626
FIR-INDIA-2026-03424,2026-06-10 13:36:00,OTHER,OTHER incident reported in Mumbai Metro,Mumbai Metro,False,Mumbai Metro,19.08615494186793,72.89704032846672
FIR-INDIA-2023-03425,2023-05-20 01:33:00,THEFT,THEFT incident reported in Ahmedabad,Ahmedabad,False,Ahmedabad,22.983566192100383,72.54975864056912
FIR-INDIA-2024-03426,2024-04-15 21:47:00,BURGLARY,BURGLARY incident reported in Pune,Pune,True,Pune,18.525677716197734,73.85114187216668
FIR-INDIA-2024-03427,2024-09-07 11:56:00,THEFT,THEFT incident reported in Mumbai Metro,Mumbai Metro,False,Mumbai Metro,19.082758575604817,72.90184293407232
FIR-INDIA-2025-03428,2025-09-17 19:12:00,CYBER,CYBER incident reported in Chennai Metro,Chennai Metro,False,Chennai Metro,13.09124764518671,80.28951951128471
FIR-INDIA-2025-03429,2025-02-23 13:30:00,CYBER,CYBER incident reported in Mumbai Metro,Mumbai Metro,False,Mumbai Metro,19.091255609475226,72.85710657823797
FIR-INDIA-2025-03430,2025-01-23 02:34:00,ROBBERY,ROBBERY incident reported in Bengaluru City,Bengaluru City,False,Bengaluru City,12.9583547844168,77.58944447579104
FIR-INDIA-2025-03431,2025-11-13 07:32:00,CYBER,CYBER incident reported in Bengaluru City,Bengaluru City,False,Bengaluru City,12.953295875101968,77.54821647591811
FIR-INDIA-2023-03432,2023-10-28 17:50:00,CYBER,CYBER incident reported in Mumbai Metro,Mumbai Metro,False,Mumbai Metro,19.04074578421266,72.87318424246921
FIR-INDIA-2024-03433,2024-08-30 09:58:00,THEFT,THEFT incident reported in Delhi NCR,Delhi NCR,True,Delhi NCR,28.572072426641412,77.19042193985848
FIR-INDIA-2025-03434,2025-03-16 08:42:00,OTHER,OTHER incident reported in Kolkata City,Kolkata City,False,Kolkata City,22.61437206307094,88.3606303483687
FIR-INDIA-2024-03435,2024-07-07 16:49:00,THEFT,THEFT incident reported in Chennai Metro,Chennai Metro,False,Chennai Metro,13.079408006777573,80.28087538636674
FIR-INDIA-2023-03436,2023-08-16 22:50:00,THEFT,THEFT incident reported in Mumbai Metro,Mumbai Metro,False,Mumbai Metro,19.08543064833968,72.88025701115183
FIR-INDIA-2025-03437,2025-05-03 00:32:00,THEFT,THEFT incident reported in Delhi NCR,Delhi NCR,False,Delhi NCR,28.61597138768985,77.19771902200499
FIR-INDIA-2025-03438,2025-05-31 22:32:00,ASSAULT,ASSAULT incident reported in Mumbai Metro,Mumbai Metro,False,Mumbai Metro,19.061912675265333,72.87916521561932
FIR-INDIA-2026-03439,2026-07-07 23:51:00,THEFT,THEFT incident reported in Pune,Pune,False,Pune,18.548736326092957,73.85601972162164
FIR-INDIA-2024-03440,2024-10-01 04:45:00,THEFT,THEFT incident reported in Hyderabad Metro,Hyderabad Metro,True,Hyderabad Metro,17.38074976357581,78.43865326625053
FIR-INDIA-2024-03441,2024-04-04 07:46:00,ASSAULT,ASSAULT incident reported in Bengaluru City,Bengaluru City,True,Bengaluru City,12.972894850992205,77.60165764976185
FIR-INDIA-2026-03442,2026-05-21 04:16:00,BURGLARY,BURGLARY incident reported in Delhi NCR,Delhi NCR,False,Delhi NCR,28.605500138624905,77.22124443845665
FIR-INDIA-2023-03443,2023-08-14 18:18:00,ROBBERY,ROBBERY incident reported in Ahmedabad,Ahmedabad,False,Ahmedabad,23.015518147901272,72.5614723257666
FIR-INDIA-2023-03444,2023-04-06 21:36:00,BURGLARY,BURGLARY incident reported in Delhi NCR,Delhi NCR,False,Delhi NCR,28.60319665710169,77.20549344662088
FIR-INDIA-2024-03445,2024-06-13 16:18:00,THEFT,THEFT incident reported in Chennai Metro,Chennai Metro,False,Chennai Metro,13.118312232958047,80.28885986207187
FIR-INDIA-2024-03446,2024-08-11 09:44:00,THEFT,THEFT incident reported in Hyderabad Metro,Hyderabad Metro,False,Hyderabad Metro,17.37938447129846,78.49135142971565
FIR-INDIA-2025-03447,2025-12-01 07:22:00,ASSAULT,ASSAULT incident reported in Ahmedabad,Ahmedabad,True,Ahmedabad,23.04273236625958,72.56633555055747
FIR-INDIA-2025-03448,2025-11-12 20:55:00,ROBBERY,ROBBERY incident reported in Chennai Metro,Chennai Metro,False,Chennai Metro,13.086282596897371,80.26681137785991
FIR-INDIA-2026-03449,2026-05-13 19:19:00,THEFT,THEFT incident reported in Delhi NCR,Delhi NCR,False,Delhi NCR,28.622889701526034,77.20559546543706
FIR-INDIA-2026-03450,2026-02-24 15:39:00,THEFT,THEFT incident reported in Mumbai Metro,Mumbai Metro,False,Mumbai Metro,19.083588433370174,72.8869755155805
FIR-INDIA-2025-03451,2025-04-20 14:42:00,ROBBERY,ROBBERY incident reported in Bengaluru City,Bengaluru City,True,Bengaluru City,13.004227703596491,77.61498508853668
FIR-INDIA-2025-03452,2025-05-18 23:29:00,ASSAULT,ASSAULT incident reported in Hyderabad Metro,Hyderabad Metro,False,Hyderabad Metro,17.388895094399427,78.46753054757458
FIR-INDIA-2023-03453,2023-08-23 00:49:00,ROBBERY,ROBBERY incident reported in Delhi NCR,Delhi NCR,False,Delhi NCR,28.598284942671427,77.20533790347808
FIR-INDIA-2025-03454,2025-06-23 10:29:00,BURGLARY,BURGLARY incident reported in Mumbai Metro,Mumbai Metro,True,Mumbai Metro,19.076519981817654,72.89118989601315
FIR-INDIA-2025-03455,2025-09-17 16:38:00,OTHER,OTHER incident reported in Mumbai Metro,Mumbai Metro,False,Mumbai Metro,19.067515979836905,72.85501507077963
FIR-INDIA-2023-03456,2023-09-05 21:25:00,ASSAULT,ASSAULT incident reported in Delhi NCR,Delhi NCR,False,Delhi NCR,28.61581510146469,77.20356250477565
FIR-INDIA-2025-03457,2025-03-22 21:45:00,THEFT,THEFT incident reported in Delhi NCR,Delhi NCR,False,Delhi NCR,28.61221460364285,77.2109317328115
FIR-INDIA-2023-03458,2023-11-26 15:21:00,ASSAULT,ASSAULT incident reported in Hyderabad Metro,Hyderabad Metro,False,Hyderabad Metro,17.37142645468443,78.49244721293422
FIR-INDIA-2024-03459,2024-08-22 20:48:00,ASSAULT,ASSAULT incident reported in Hyderabad Metro,Hyderabad Metro,False,Hyderabad Metro,17.37415260172105,78.48223368700046
FIR-INDIA-2026-03460,2026-03-31 19:39:00,THEFT,THEFT incident reported in Delhi NCR,Delhi NCR,False,Delhi NCR,28.61327019013759,77.22157503191517
FIR-INDIA-2024-03461,2024-09-02 02:32:00,ASSAULT,ASSAULT incident reported in Delhi NCR,Delhi NCR,False,Delhi NCR,28.62698383749484,77.21563278603566
FIR-INDIA-2024-03462,2024-02-04 12:20:00,CYBER,CYBER incident reported in Delhi NCR,Delhi NCR,True,Delhi NCR,28.60084857012621,77.20210010481028
FIR-INDIA-2026-03463,2026-05-02 20:21:00,THEFT,THEFT incident reported in Pune,Pune,False,Pune,18.556481139301674,73.87605064711863
FIR-INDIA-2023-03464,2023-05-18 07:33:00,CYBER,CYBER incident reported in Pune,Pune,False,Pune,18.508026358815474,73.87198589424476
FIR-INDIA-2026-03465,2026-06-10 07:51:00,BURGLARY,BURGLARY incident reported in Kolkata City,Kolkata City,False,Kolkata City,22.588483023860753,88.35628630981982
FIR-INDIA-2024-03466,2024-08-24 17:16:00,ROBBERY,ROBBERY incident reported in Bengaluru City,Bengaluru City,False,Bengaluru City,12.989583329593438,77.61030656798712
FIR-INDIA-2026-03467,2026-01-27 14:10:00,ROBBERY,ROBBERY incident reported in Ahmedabad,Ahmedabad,False,Ahmedabad,23.0337645606849,72.56663518063723
FIR-INDIA-2025-03468,2025-08-18 21:30:00,ASSAULT,ASSAULT incident reported in Mumbai Metro,Mumbai Metro,False,Mumbai Metro,19.078015979699884,72.88231816405866
FIR-INDIA-2024-03469,2024-07-07 21:44:00,THEFT,THEFT incident reported in Mumbai Metro,Mumbai Metro,False,Mumbai Metro,19.097773407004006,72.87003936341095
FIR-INDIA-2025-03470,2025-11-17 14:17:00,BURGLARY,BURGLARY incident reported in Mumbai Metro,Mumbai Metro,False,Mumbai Metro,19.090377011078694,72.87656054096215
FIR-INDIA-2025-03471,2025-11-12 02:09:00,OTHER,OTHER incident reported in Bengaluru City,Bengaluru City,False,Bengaluru City,12.97484501745221,77.58699802867112
FIR-INDIA-2026-03472,2026-06-17 23:55:00,ASSAULT,ASSAULT incident reported in Ahmedabad,Ahmedabad,False,Ahmedabad,23.033473580937272,72.56926747226527
FIR-INDIA-2026-03473,2026-08-18 13:22:00,THEFT,THEFT incident reported in Mumbai Metro,Mumbai Metro,False,Mumbai Metro,19.0840475376345,72.86205959342907
FIR-INDIA-2023-03474,2023-12-07 13:25:00,THEFT,THEFT incident reported in Bengaluru City,Bengaluru City,True,Bengaluru City,12.941322212838049,77.59275364904269
FIR-INDIA-2024-03475,2024-05-20 05:15:00,THEFT,THEFT incident reported in Delhi NCR,Delhi NCR,False,Delhi NCR,28.61266052192226,77.20379748272279
FIR-INDIA-2025-03476,2025-07-08 02:23:00,THEFT,THEFT incident reported in Chennai Metro,Chennai Metro,False,Chennai Metro,13.115963891588972,80.29451192793687
FIR-INDIA-2025-03477,2025-08-29 10:30:00,ROBBERY,ROBBERY incident reported in Bengaluru City,Bengaluru City,False,Bengaluru City,12.994917917544194,77.59676675092946
FIR-INDIA-2023-03478,2023-12-18 13:15:00,BURGLARY,BURGLARY incident reported in Delhi NCR,Delhi NCR,False,Delhi NCR,28.620375946849663,77.19381111964181
FIR-INDIA-2024-03479,2024-11-16 13:19:00,CYBER,CYBER incident reported in Bengaluru City,Bengaluru City,False,Bengaluru City,12.995999635380368,77.60611030747882
FIR-INDIA-2024-03480,2024-09-29 22:21:00,BURGLARY,BURGLARY incident reported in Bengaluru City,Bengaluru City,False,Bengaluru City,12.972033952838753,77.57802527443741
FIR-INDIA-2026-03481,2026-05-18 03:08:00,THEFT,THEFT incident reported in Mumbai Metro,Mumbai Metro,False,Mumbai Metro,19.100226077301354,72.89702167138022
FIR-INDIA-2025-03482,2025-05-21 04:31:00,OTHER,OTHER incident reported in Ahmedabad,Ahmedabad,True,Ahmedabad,23.02609649591466,72.58268129073014
FIR-INDIA-2024-03483,2024-04-29 02:29:00,THEFT,THEFT incident reported in Hyderabad Metro,Hyderabad Metro,False,Hyderabad Metro,17.391060758922343,78.47431044060073
FIR-INDIA-2023-03484,2023-12-25 04:18:00,THEFT,THEFT incident reported in Hyderabad Metro,Hyderabad Metro,True,Hyderabad Metro,17.37769495979642,78.52437670630528
FIR-INDIA-2025-03485,2025-12-26 02:59:00,BURGLARY,BURGLARY incident reported in Chennai Metro,Chennai Metro,False,Chennai Metro,13.056166694257193,80.29492084137246
FIR-INDIA-2025-03486,2025-07-19 08:03:00,ROBBERY,ROBBERY incident reported in Kolkata City,Kolkata City,True,Kolkata City,22.57684189296907,88.37414529377445
FIR-INDIA-2025-03487,2025-04-15 23:16:00,THEFT,THEFT incident reported in Bengaluru City,Bengaluru City,False,Bengaluru City,12.96356532926671,77.60573937414325
FIR-INDIA-2024-03488,2024-10-05 22:17:00,ROBBERY,ROBBERY incident reported in Bengaluru City,Bengaluru City,False,Bengaluru City,12.972648763003184,77.6118139275423
FIR-INDIA-2023-03489,2023-07-17 20:02:00,ASSAULT,ASSAULT incident reported in Delhi NCR,Delhi NCR,False,Delhi NCR,28.602093882614746,77.20073340601357
FIR-INDIA-2025-03490,2025-02-18 05:03:00,BURGLARY,BURGLARY incident reported in Ahmedabad,Ahmedabad,False,Ahmedabad,23.029054362757652,72.55267009176443
FIR-INDIA-2023-03491,2023-09-09 03:48:00,ASSAULT,ASSAULT incident reported in Kolkata City,Kolkata City,False,Kolkata City,22.58026043848138,88.37597977529342
FIR-INDIA-2023-03492,2023-07-21 09:02:00,THEFT,THEFT incident reported in Delhi NCR,Delhi NCR,True,Delhi NCR,28.609466154797545,77.2193598066445
FIR-INDIA-2026-03493,2026-07-20 18:13:00,CYBER,CYBER incident reported in Delhi NCR,Delhi NCR,False,Delhi NCR,28.651323159477887,77.20672285729651
FIR-INDIA-2023-03494,2023-12-18 07:56:00,ASSAULT,ASSAULT incident reported in Pune,Pune,False,Pune,18.536673779562978,73.84614779379017
FIR-INDIA-2025-03495,2025-10-29 05:32:00,THEFT,THEFT incident reported in Bengaluru City,Bengaluru City,False,Bengaluru City,12.96849066645068,77.59241448255761
FIR-INDIA-2024-03496,2024-01-31 10:49:00,OTHER,OTHER incident reported in Hyderabad Metro,Hyderabad Metro,False,Hyderabad Metro,17.405872152719947,78.46651643676206
FIR-INDIA-2024-03497,2024-03-05 21:32:00,ASSAULT,ASSAULT incident reported in Mumbai Metro,Mumbai Metro,True,Mumbai Metro,19.072032721929567,72.88677261032859
FIR-INDIA-2025-03498,2025-05-29 05:33:00,OTHER,OTHER incident reported in Delhi NCR,Delhi NCR,True,Delhi NCR,28.595150770572197,77.22553521348098
FIR-INDIA-2026-03499,2026-08-13 07:00:00,THEFT,THEFT incident reported in Mumbai Metro,Mumbai Metro,False,Mumbai Metro,19.091414312704114,72.86135078804078
FIR-INDIA-2023-03500,2023-12-04 23:56:00,ASSAULT,ASSAULT incident reported in Bengaluru City,Bengaluru City,False,Bengaluru City,12.983143570757642,77.5608780086895
FIR-INDIA-2023-03501,2023-04-03 03:37:00,THEFT,THEFT incident reported in Kolkata City,Kolkata City,True,Kolkata City,22.578166053869236,88.33748623412862
FIR-INDIA-2023-03502,2023-10-29 00:56:00,ASSAULT,ASSAULT incident reported in Pune,Pune,False,Pune,18.545346891026394,73.83555078735365
FIR-INDIA-2024-03503,2024-10-28 11:06:00,ASSAULT,ASSAULT incident reported in Ahmedabad,Ahmedabad,True,Ahmedabad,23.01160778671739,72.57342997692726
FIR-INDIA-2026-03504,2026-04-21 00:03:00,THEFT,THEFT incident reported in Mumbai Metro,Mumbai Metro,False,Mumbai Metro,19.05809279660264,72.84709683361241
FIR-INDIA-2024-03505,2024-10-22 23:13:00,CYBER,CYBER incident reported in Delhi NCR,Delhi NCR,False,Delhi NCR,28.622182933916786,77.21273452953162
FIR-INDIA-2023-03506,2023-12-01 05:01:00,ASSAULT,ASSAULT incident reported in Mumbai Metro,Mumbai Metro,False,Mumbai Metro,19.06762368742255,72.86905900056772
FIR-INDIA-2024-03507,2024-10-04 14:40:00,ROBBERY,ROBBERY incident reported in Bengaluru City,Bengaluru City,False,Bengaluru City,12.96074938519856,77.58540728670181
FIR-INDIA-2026-03508,2026-02-21 18:29:00,CYBER,CYBER incident reported in Delhi NCR,Delhi NCR,False,Delhi NCR,28.622064217764052,77.21653170610307
FIR-INDIA-2025-03509,2025-09-10 11:06:00,ROBBERY,ROBBERY incident reported in Chennai Metro,Chennai Metro,False,Chennai Metro,13.103379960122284,80.26379387586212
FIR-INDIA-2024-03510,2024-08-21 10:07:00,THEFT,THEFT incident reported in Hyderabad Metro,Hyderabad Metro,False,Hyderabad Metro,17.424997513451398,78.49038179251217
FIR-INDIA-2026-03511,2026-01-17 11:36:00,ASSAULT,ASSAULT incident reported in Bengaluru City,Bengaluru City,False,Bengaluru City,12.956827186824459,77.61774722399252
FIR-INDIA-2024-03512,2024-05-28 15:21:00,THEFT,THEFT incident reported in Delhi NCR,Delhi NCR,False,Delhi NCR,28.616456257690075,77.21141744206358
FIR-INDIA-2025-03513,2025-04-12 15:37:00,ROBBERY,ROBBERY incident reported in Pune,Pune,False,Pune,18.539727040790694,73.851694783044
FIR-INDIA-2023-03514,2023-09-29 12:00:00,THEFT,THEFT incident reported in Delhi NCR,Delhi NCR,False,Delhi NCR,28.61224753700599,77.20771017122225
FIR-INDIA-2025-03515,2025-07-13 17:52:00,THEFT,THEFT incident reported in Delhi NCR,Delhi NCR,False,Delhi NCR,28.630003752064336,77.2085228377218
FIR-INDIA-2023-03516,2023-04-01 10:28:00,ASSAULT,ASSAULT incident reported in Kolkata City,Kolkata City,False,Kolkata City,22.558370262699796,88.3785956534346
FIR-INDIA-2025-03517,2025-01-16 01:47:00,BURGLARY,BURGLARY incident reported in Delhi NCR,Delhi NCR,True,Delhi NCR,28.632831621079074,77.21320301639538
FIR-INDIA-2026-03518,2026-05-07 05:19:00,CYBER,CYBER incident reported in Ahmedabad,Ahmedabad,False,Ahmedabad,23.01370163152499,72.56145356204584
FIR-INDIA-2025-03519,2025-06-11 00:52:00,BURGLARY,BURGLARY incident reported in Ahmedabad,Ahmedabad,False,Ahmedabad,23.038535712898515,72.54785748042174
FIR-INDIA-2025-03520,2025-06-04 07:25:00,ASSAULT,ASSAULT incident reported in Hyderabad Metro,Hyderabad Metro,False,Hyderabad Metro,17.387832314018503,78.48922439765333
FIR-INDIA-2023-03521,2023-06-17 11:07:00,ASSAULT,ASSAULT incident reported in Mumbai Metro,Mumbai Metro,False,Mumbai Metro,19.072965041362295,72.86371854325145
FIR-INDIA-2024-03522,2024-08-01 03:33:00,THEFT,THEFT incident reported in Mumbai Metro,Mumbai Metro,False,Mumbai Metro,19.06997095091773,72.9040631104409
FIR-INDIA-2025-03523,2025-06-29 09:35:00,ASSAULT,ASSAULT incident reported in Hyderabad Metro,Hyderabad Metro,False,Hyderabad Metro,17.34501269864103,78.49064346563645
FIR-INDIA-2023-03524,2023-01-09 04:47:00,CYBER,CYBER incident reported in Mumbai Metro,Mumbai Metro,False,Mumbai Metro,19.075671853021902,72.8766529096975
FIR-INDIA-2024-03525,2024-03-22 05:50:00,BURGLARY,BURGLARY incident reported in Mumbai Metro,Mumbai Metro,False,Mumbai Metro,19.070897224121406,72.88417788490484
FIR-INDIA-2023-03526,2023-05-09 20:39:00,ASSAULT,ASSAULT incident reported in Chennai Metro,Chennai Metro,True,Chennai Metro,13.066781271768912,80.27113655965195
FIR-INDIA-2023-03527,2023-08-02 23:36:00,OTHER,OTHER incident reported in Mumbai Metro,Mumbai Metro,True,Mumbai Metro,19.094460149758625,72.8618206718081
FIR-INDIA-2024-03528,2024-10-29 22:48:00,ASSAULT,ASSAULT incident reported in Hyderabad Metro,Hyderabad Metro,False,Hyderabad Metro,17.39725755388566,78.50098037333707
FIR-INDIA-2026-03529,2026-01-04 22:14:00,BURGLARY,BURGLARY incident reported in Bengaluru City,Bengaluru City,True,Bengaluru City,12.981289965569434,77.5780355691934
FIR-INDIA-2024-03530,2024-09-08 12:42:00,BURGLARY,BURGLARY incident reported in Ahmedabad,Ahmedabad,False,Ahmedabad,23.033510156006297,72.55180718991531
FIR-INDIA-2025-03531,2025-08-11 22:26:00,ROBBERY,ROBBERY incident reported in Bengaluru City,Bengaluru City,False,Bengaluru City,12.949153261940854,77.58310407891625
FIR-INDIA-2023-03532,2023-02-09 21:20:00,ASSAULT,ASSAULT incident reported in Chennai Metro,Chennai Metro,True,Chennai Metro,13.101832719268376,80.28192473509586
FIR-INDIA-2023-03533,2023-06-14 05:26:00,THEFT,THEFT incident reported in Mumbai Metro,Mumbai Metro,True,Mumbai Metro,19.060561740064994,72.85703547263286
FIR-INDIA-2023-03534,2023-11-24 08:16:00,BURGLARY,BURGLARY incident reported in Chennai Metro,Chennai Metro,True,Chennai Metro,13.098655543529862,80.27586230420518
FIR-INDIA-2023-03535,2023-09-23 21:43:00,ASSAULT,ASSAULT incident reported in Pune,Pune,False,Pune,18.5302137851348,73.8490489441
FIR-INDIA-2025-03536,2025-01-26 05:45:00,THEFT,THEFT incident reported in Delhi NCR,Delhi NCR,False,Delhi NCR,28.603977716496182,77.20744070141997
FIR-INDIA-2025-03537,2025-01-15 15:02:00,CYBER,CYBER incident reported in Mumbai Metro,Mumbai Metro,True,Mumbai Metro,19.066365893307633,72.86922185286565
FIR-INDIA-2023-03538,2023-08-15 21:13:00,THEFT,THEFT incident reported in Mumbai Metro,Mumbai Metro,False,Mumbai Metro,19.071489206930707,72.88728767033014
FIR-INDIA-2026-03539,2026-02-25 04:34:00,THEFT,THEFT incident reported in Chennai Metro,Chennai Metro,False,Chennai Metro,13.089756338728192,80.24319197125715
FIR-INDIA-2023-03540,2023-12-28 10:54:00,ASSAULT,ASSAULT incident reported in Delhi NCR,Delhi NCR,False,Delhi NCR,28.645411428230016,77.19614226763228
FIR-INDIA-2023-03541,2023-05-19 22:45:00,THEFT,THEFT incident reported in Delhi NCR,Delhi NCR,False,Delhi NCR,28.600656989279333,77.20708199868855
FIR-INDIA-2023-03542,2023-01-16 19:12:00,BURGLARY,BURGLARY incident reported in Delhi NCR,Delhi NCR,True,Delhi NCR,28.623323255805353,77.20929474237691
FIR-INDIA-2023-03543,2023-10-14 00:11:00,THEFT,THEFT incident reported in Bengaluru City,Bengaluru City,True,Bengaluru City,12.943860679339242,77.56806589689737
FIR-INDIA-2023-03544,2023-08-17 12:36:00,THEFT,THEFT incident reported in Bengaluru City,Bengaluru City,False,Bengaluru City,12.975720515074968,77.60618932136454
FIR-INDIA-2025-03545,2025-09-25 14:21:00,THEFT,THEFT incident reported in Kolkata City,Kolkata City,False,Kolkata City,22.572354806079847,88.34920449932375
FIR-INDIA-2026-03546,2026-08-08 01:32:00,BURGLARY,BURGLARY incident reported in Bengaluru City,Bengaluru City,True,Bengaluru City,12.961691200878102,77.595435895519
FIR-INDIA-2026-03547,2026-02-06 13:45:00,ROBBERY,ROBBERY incident reported in Mumbai Metro,Mumbai Metro,False,Mumbai Metro,19.088802059732767,72.87352429193119
FIR-INDIA-2024-03548,2024-04-15 03:42:00,CYBER,CYBER incident reported in Pune,Pune,False,Pune,18.516345447530796,73.87283631567882
FIR-INDIA-2026-03549,2026-08-18 02:18:00,ROBBERY,ROBBERY incident reported in Ahmedabad,Ahmedabad,True,Ahmedabad,23.011918687708242,72.56089538881201
FIR-INDIA-2025-03550,2025-08-13 12:46:00,ASSAULT,ASSAULT incident reported in Hyderabad Metro,Hyderabad Metro,False,Hyderabad Metro,17.380870674042107,78.5023175191316
FIR-INDIA-2025-03551,2025-05-26 01:00:00,THEFT,THEFT incident reported in Delhi NCR,Delhi NCR,False,Delhi NCR,28.604596180696642,77.22121420004424
FIR-INDIA-2024-03552,2024-05-14 19:00:00,CYBER,CYBER incident reported in Mumbai Metro,Mumbai Metro,False,Mumbai Metro,19.07803694927233,72.86502104338916
FIR-INDIA-2025-03553,2025-04-10 14:46:00,BURGLARY,BURGLARY incident reported in Chennai Metro,Chennai Metro,False,Chennai Metro,13.074982993510336,80.29430506442604
FIR-INDIA-2024-03554,2024-04-12 06:12:00,ROBBERY,ROBBERY incident reported in Kolkata City,Kolkata City,False,Kolkata City,22.589222837481884,88.37488020155347
FIR-INDIA-2026-03555,2026-05-27 11:15:00,THEFT,THEFT incident reported in Hyderabad Metro,Hyderabad Metro,False,Hyderabad Metro,17.373672750016055,78.48278001757123
FIR-INDIA-2026-03556,2026-07-04 08:39:00,ASSAULT,ASSAULT incident reported in Mumbai Metro,Mumbai Metro,False,Mumbai Metro,19.06978729496036,72.8899346985416
FIR-INDIA-2023-03557,2023-09-30 23:00:00,THEFT,THEFT incident reported in Hyderabad Metro,Hyderabad Metro,True,Hyderabad Metro,17.375669928236437,78.49060344667498
FIR-INDIA-2023-03558,2023-10-17 00:05:00,ASSAULT,ASSAULT incident reported in Mumbai Metro,Mumbai Metro,False,Mumbai Metro,19.091849725708382,72.90506981267471
FIR-INDIA-2023-03559,2023-04-19 11:16:00,ASSAULT,ASSAULT incident reported in Pune,Pune,False,Pune,18.526529282808678,73.82959667083699
FIR-INDIA-2024-03560,2024-04-30 01:04:00,BURGLARY,BURGLARY incident reported in Bengaluru City,Bengaluru City,True,Bengaluru City,12.962684644246337,77.62025972376487
FIR-INDIA-2024-03561,2024-07-12 10:39:00,THEFT,THEFT incident reported in Chennai Metro,Chennai Metro,False,Chennai Metro,13.091907226260195,80.24915093792629
FIR-INDIA-2025-03562,2025-12-26 02:13:00,THEFT,THEFT incident reported in Kolkata City,Kolkata City,True,Kolkata City,22.57227032315431,88.39080844752752
FIR-INDIA-2023-03563,2023-07-19 11:19:00,ASSAULT,ASSAULT incident reported in Bengaluru City,Bengaluru City,False,Bengaluru City,12.970816969154646,77.6047334092887
FIR-INDIA-2024-03564,2024-08-13 02:19:00,BURGLARY,BURGLARY incident reported in Mumbai Metro,Mumbai Metro,False,Mumbai Metro,19.08852648738997,72.85868229377674
FIR-INDIA-2025-03565,2025-06-19 00:11:00,THEFT,THEFT incident reported in Delhi NCR,Delhi NCR,False,Delhi NCR,28.621458670728327,77.19900229951023
FIR-INDIA-2024-03566,2024-01-08 10:16:00,ASSAULT,ASSAULT incident reported in Chennai Metro,Chennai Metro,True,Chennai Metro,13.062359970739044,80.2715543100449
FIR-INDIA-2025-03567,2025-11-11 03:34:00,ROBBERY,ROBBERY incident reported in Ahmedabad,Ahmedabad,False,Ahmedabad,23.037670679429944,72.58823872220414
FIR-INDIA-2023-03568,2023-05-06 12:19:00,ASSAULT,ASSAULT incident reported in Bengaluru City,Bengaluru City,False,Bengaluru City,12.984067853022669,77.61338108497635
FIR-INDIA-2023-03569,2023-09-02 18:09:00,THEFT,THEFT incident reported in Hyderabad Metro,Hyderabad Metro,False,Hyderabad Metro,17.392321016387694,78.48376556855621
FIR-INDIA-2023-03570,2023-01-15 10:55:00,THEFT,THEFT incident reported in Chennai Metro,Chennai Metro,False,Chennai Metro,13.102848812053667,80.29746327416149
FIR-INDIA-2024-03571,2024-07-15 21:59:00,ASSAULT,ASSAULT incident reported in Chennai Metro,Chennai Metro,True,Chennai Metro,13.106527084892807,80.25503380754266
FIR-INDIA-2024-03572,2024-06-10 07:43:00,BURGLARY,BURGLARY incident reported in Hyderabad Metro,Hyderabad Metro,False,Hyderabad Metro,17.38339853168684,78.50458193715528
FIR-INDIA-2023-03573,2023-05-16 19:53:00,ASSAULT,ASSAULT incident reported in Ahmedabad,Ahmedabad,False,Ahmedabad,23.002252665751328,72.56211691000861
FIR-INDIA-2024-03574,2024-07-27 09:41:00,THEFT,THEFT incident reported in Delhi NCR,Delhi NCR,False,Delhi NCR,28.585627300937492,77.21395513278384
FIR-INDIA-2026-03575,2026-07-16 10:01:00,BURGLARY,BURGLARY incident reported in Delhi NCR,Delhi NCR,False,Delhi NCR,28.61817187649058,77.2194538268062
FIR-INDIA-2026-03576,2026-08-25 22:22:00,CYBER,CYBER incident reported in Mumbai Metro,Mumbai Metro,False,Mumbai Metro,19.070429440076282,72.87589023901786
FIR-INDIA-2026-03577,2026-02-08 14:12:00,BURGLARY,BURGLARY incident reported in Bengaluru City,Bengaluru City,False,Bengaluru City,12.987080893741375,77.61046035183858
FIR-INDIA-2023-03578,2023-09-30 04:13:00,THEFT,THEFT incident reported in Bengaluru City,Bengaluru City,False,Bengaluru City,12.974663441537217,77.60790726473637
FIR-INDIA-2025-03579,2025-05-07 02:19:00,ASSAULT,ASSAULT incident reported in Bengaluru City,Bengaluru City,True,Bengaluru City,12.977137187394597,77.59832131662262
FIR-INDIA-2023-03580,2023-04-21 04:43:00,THEFT,THEFT incident reported in Bengaluru City,Bengaluru City,False,Bengaluru City,12.958687629811141,77.58971534749652
FIR-INDIA-2024-03581,2024-09-08 11:33:00,ASSAULT,ASSAULT incident reported in Ahmedabad,Ahmedabad,False,Ahmedabad,23.026248326969164,72.57563457011796
FIR-INDIA-2023-03582,2023-12-17 08:46:00,THEFT,THEFT incident reported in Kolkata City,Kolkata City,False,Kolkata City,22.56589511030967,88.36912737488842
FIR-INDIA-2024-03583,2024-09-18 14:57:00,THEFT,THEFT incident reported in Chennai Metro,Chennai Metro,False,Chennai Metro,13.085693386280427,80.26376296645246
FIR-INDIA-2024-03584,2024-03-12 15:12:00,THEFT,THEFT incident reported in Mumbai Metro,Mumbai Metro,True,Mumbai Metro,19.064076002774925,72.85602333495437
FIR-INDIA-2024-03585,2024-10-24 04:05:00,ASSAULT,ASSAULT incident reported in Bengaluru City,Bengaluru City,False,Bengaluru City,13.010460690993883,77.60692708591596
FIR-INDIA-2024-03586,2024-08-24 08:50:00,ROBBERY,ROBBERY incident reported in Bengaluru City,Bengaluru City,False,Bengaluru City,12.995799136246577,77.60406446768383
FIR-INDIA-2026-03587,2026-05-24 18:57:00,THEFT,THEFT incident reported in Hyderabad Metro,Hyderabad Metro,False,Hyderabad Metro,17.360870490771134,78.48562591725495
FIR-INDIA-2025-03588,2025-10-16 09:05:00,CYBER,CYBER incident reported in Delhi NCR,Delhi NCR,True,Delhi NCR,28.624970123225797,77.21709735423427
FIR-INDIA-2025-03589,2025-01-18 11:24:00,CYBER,CYBER incident reported in Hyderabad Metro,Hyderabad Metro,False,Hyderabad Metro,17.368464018576123,78.4983908371379
FIR-INDIA-2025-03590,2025-05-08 22:07:00,ASSAULT,ASSAULT incident reported in Mumbai Metro,Mumbai Metro,False,Mumbai Metro,19.063072690943297,72.8736391212324
FIR-INDIA-2023-03591,2023-02-03 20:55:00,ASSAULT,ASSAULT incident reported in Delhi NCR,Delhi NCR,False,Delhi NCR,28.5996842631788,77.20871458677048
FIR-INDIA-2025-03592,2025-11-02 20:52:00,THEFT,THEFT incident reported in Kolkata City,Kolkata City,False,Kolkata City,22.573941252617953,88.36244483740704
FIR-INDIA-2023-03593,2023-05-12 17:20:00,ROBBERY,ROBBERY incident reported in Hyderabad Metro,Hyderabad Metro,False,Hyderabad Metro,17.389975804865646,78.47018481455008
FIR-INDIA-2023-03594,2023-06-28 18:11:00,CYBER,CYBER incident reported in Pune,Pune,False,Pune,18.5188398792834,73.87937742661998
FIR-INDIA-2023-03595,2023-04-16 21:19:00,ASSAULT,ASSAULT incident reported in Delhi NCR,Delhi NCR,False,Delhi NCR,28.62352007015275,77.20128863946114
FIR-INDIA-2025-03596,2025-04-09 13:57:00,ASSAULT,ASSAULT incident reported in Delhi NCR,Delhi NCR,False,Delhi NCR,28.623564469521707,77.19376440260974
FIR-INDIA-2026-03597,2026-06-15 14:58:00,BURGLARY,BURGLARY incident reported in Chennai Metro,Chennai Metro,True,Chennai Metro,13.086624147601606,80.2584238610613
FIR-INDIA-2023-03598,2023-04-26 02:13:00,CYBER,CYBER incident reported in Delhi NCR,Delhi NCR,False,Delhi NCR,28.60529525105706,77.22519570782146
FIR-INDIA-2023-03599,2023-06-17 23:15:00,ROBBERY,ROBBERY incident reported in Hyderabad Metro,Hyderabad Metro,False,Hyderabad Metro,17.381839582342575,78.4808333126708
FIR-INDIA-2026-03600,2026-03-31 08:58:00,ASSAULT,ASSAULT incident reported in Pune,Pune,True,Pune,18.523277540421827,73.86231832707281
FIR-INDIA-2025-03601,2025-08-03 04:14:00,BURGLARY,BURGLARY incident reported in Kolkata City,Kolkata City,True,Kolkata City,22.56904957882057,88.37452437114266
FIR-INDIA-2025-03602,2025-05-26 02:34:00,THEFT,THEFT incident reported in Kolkata City,Kolkata City,False,Kolkata City,22.56887252591411,88.36110270954804
FIR-INDIA-2026-03603,2026-05-26 13:20:00,ASSAULT,ASSAULT incident reported in Bengaluru City,Bengaluru City,False,Bengaluru City,13.002703156511672,77.59248255841396
FIR-INDIA-2024-03604,2024-06-10 08:41:00,THEFT,THEFT incident reported in Pune,Pune,False,Pune,18.516623690923172,73.87880413548423
FIR-INDIA-2026-03605,2026-04-26 01:33:00,THEFT,THEFT incident reported in Mumbai Metro,Mumbai Metro,False,Mumbai Metro,19.110164888218794,72.86310227544863
FIR-INDIA-2025-03606,2025-11-24 21:34:00,ASSAULT,ASSAULT incident reported in Kolkata City,Kolkata City,False,Kolkata City,22.60986916487849,88.34668255013369
FIR-INDIA-2023-03607,2023-06-23 18:41:00,THEFT,THEFT incident reported in Delhi NCR,Delhi NCR,True,Delhi NCR,28.60937320996094,77.18634049797198
FIR-INDIA-2023-03608,2023-11-27 12:37:00,THEFT,THEFT incident reported in Bengaluru City,Bengaluru City,False,Bengaluru City,12.976217891402117,77.59712488167425
FIR-INDIA-2023-03609,2023-04-18 06:38:00,BURGLARY,BURGLARY incident reported in Bengaluru City,Bengaluru City,True,Bengaluru City,12.963210626454307,77.58205257442418
FIR-INDIA-2023-03610,2023-07-19 05:39:00,CYBER,CYBER incident reported in Bengaluru City,Bengaluru City,False,Bengaluru City,12.980530554224643,77.55967728404096
FIR-INDIA-2024-03611,2024-04-23 13:09:00,THEFT,THEFT incident reported in Mumbai Metro,Mumbai Metro,False,Mumbai Metro,19.06932933261657,72.85917136266612
FIR-INDIA-2025-03612,2025-08-11 07:42:00,THEFT,THEFT incident reported in Mumbai Metro,Mumbai Metro,True,Mumbai Metro,19.06868158898721,72.8973777456292
FIR-INDIA-2023-03613,2023-09-06 07:48:00,ROBBERY,ROBBERY incident reported in Chennai Metro,Chennai Metro,False,Chennai Metro,13.094216065050572,80.26844646275518
FIR-INDIA-2025-03614,2025-07-13 15:39:00,ASSAULT,ASSAULT incident reported in Mumbai Metro,Mumbai Metro,False,Mumbai Metro,19.077049374264767,72.86371266183542
FIR-INDIA-2024-03615,2024-05-27 12:39:00,THEFT,THEFT incident reported in Bengaluru City,Bengaluru City,False,Bengaluru City,12.988774374653863,77.57328661745649
FIR-INDIA-2024-03616,2024-09-12 14:41:00,THEFT,THEFT incident reported in Mumbai Metro,Mumbai Metro,False,Mumbai Metro,19.066222051025335,72.87895201328932
FIR-INDIA-2025-03617,2025-04-19 22:41:00,ROBBERY,ROBBERY incident reported in Mumbai Metro,Mumbai Metro,False,Mumbai Metro,19.085118795470184,72.90613997538851
FIR-INDIA-2023-03618,2023-12-17 17:57:00,ASSAULT,ASSAULT incident reported in Delhi NCR,Delhi NCR,False,Delhi NCR,28.608655208671472,77.21401797976506
FIR-INDIA-2024-03619,2024-04-03 09:05:00,ROBBERY,ROBBERY incident reported in Mumbai Metro,Mumbai Metro,True,Mumbai Metro,19.077659704291644,72.89605181559354
FIR-INDIA-2026-03620,2026-05-29 23:21:00,ASSAULT,ASSAULT incident reported in Kolkata City,Kolkata City,True,Kolkata City,22.599004963296785,88.37330084856076
FIR-INDIA-2024-03621,2024-04-16 23:25:00,THEFT,THEFT incident reported in Ahmedabad,Ahmedabad,False,Ahmedabad,23.01478086731995,72.58817590352642
FIR-INDIA-2023-03622,2023-05-05 04:44:00,THEFT,THEFT incident reported in Kolkata City,Kolkata City,False,Kolkata City,22.578137825970305,88.36408102515259
FIR-INDIA-2025-03623,2025-02-14 21:53:00,THEFT,THEFT incident reported in Hyderabad Metro,Hyderabad Metro,False,Hyderabad Metro,17.379049025661086,78.48373457701096
FIR-INDIA-2023-03624,2023-05-30 08:54:00,THEFT,THEFT incident reported in Delhi NCR,Delhi NCR,False,Delhi NCR,28.604799922033763,77.20454806319616
FIR-INDIA-2025-03625,2025-12-30 15:09:00,OTHER,OTHER incident reported in Ahmedabad,Ahmedabad,False,Ahmedabad,23.02184495366699,72.59354885574552
FIR-INDIA-2024-03626,2024-05-22 16:00:00,CYBER,CYBER incident reported in Mumbai Metro,Mumbai Metro,False,Mumbai Metro,19.057922619756297,72.90040844364474
FIR-INDIA-2025-03627,2025-06-13 04:46:00,OTHER,OTHER incident reported in Bengaluru City,Bengaluru City,False,Bengaluru City,12.970915447721993,77.58284941757762
FIR-INDIA-2023-03628,2023-05-30 16:27:00,THEFT,THEFT incident reported in Bengaluru City,Bengaluru City,True,Bengaluru City,12.965763466443857,77.61024044869592
FIR-INDIA-2026-03629,2026-06-16 11:39:00,OTHER,OTHER incident reported in Hyderabad Metro,Hyderabad Metro,False,Hyderabad Metro,17.38943460708438,78.47781878058076
FIR-INDIA-2024-03630,2024-10-07 15:15:00,OTHER,OTHER incident reported in Ahmedabad,Ahmedabad,False,Ahmedabad,23.004132457008716,72.59077661131941
FIR-INDIA-2023-03631,2023-07-28 20:32:00,CYBER,CYBER incident reported in Pune,Pune,False,Pune,18.514132856874667,73.86537760074714
FIR-INDIA-2026-03632,2026-04-10 20:53:00,CYBER,CYBER incident reported in Chennai Metro,Chennai Metro,False,Chennai Metro,13.080489874073457,80.26348522427362
FIR-INDIA-2023-03633,2023-04-02 22:01:00,THEFT,THEFT incident reported in Delhi NCR,Delhi NCR,False,Delhi NCR,28.620639600201432,77.21143444918948
FIR-INDIA-2025-03634,2025-10-29 19:40:00,ASSAULT,ASSAULT incident reported in Bengaluru City,Bengaluru City,True,Bengaluru City,12.975620758272552,77.56574984364093
FIR-INDIA-2024-03635,2024-10-23 12:39:00,ROBBERY,ROBBERY incident reported in Ahmedabad,Ahmedabad,True,Ahmedabad,23.010870479079564,72.57394416322204
FIR-INDIA-2023-03636,2023-07-14 11:55:00,ASSAULT,ASSAULT incident reported in Bengaluru City,Bengaluru City,False,Bengaluru City,12.953828559187407,77.60725535567664
FIR-INDIA-2023-03637,2023-06-15 21:17:00,THEFT,THEFT incident reported in Kolkata City,Kolkata City,True,Kolkata City,22.57315467597728,88.36896163814724
FIR-INDIA-2024-03638,2024-11-29 11:05:00,ASSAULT,ASSAULT incident reported in Hyderabad Metro,Hyderabad Metro,False,Hyderabad Metro,17.3943861749963,78.49279251081038
FIR-INDIA-2024-03639,2024-12-24 14:12:00,THEFT,THEFT incident reported in Mumbai Metro,Mumbai Metro,False,Mumbai Metro,19.08364633292003,72.90981026481509
FIR-INDIA-2025-03640,2025-04-26 01:17:00,THEFT,THEFT incident reported in Kolkata City,Kolkata City,False,Kolkata City,22.59391776989085,88.34736176243747
FIR-INDIA-2023-03641,2023-07-06 21:04:00,THEFT,THEFT incident reported in Delhi NCR,Delhi NCR,False,Delhi NCR,28.591746474740248,77.2069594722235
FIR-INDIA-2026-03642,2026-05-28 00:10:00,ROBBERY,ROBBERY incident reported in Bengaluru City,Bengaluru City,True,Bengaluru City,12.984787201368441,77.6284091968133
FIR-INDIA-2024-03643,2024-10-03 09:10:00,ROBBERY,ROBBERY incident reported in Delhi NCR,Delhi NCR,False,Delhi NCR,28.616569153065264,77.21104129748859
FIR-INDIA-2026-03644,2026-01-01 13:06:00,ASSAULT,ASSAULT incident reported in Kolkata City,Kolkata City,False,Kolkata City,22.593139437871955,88.34877491376679
FIR-INDIA-2026-03645,2026-02-22 21:42:00,THEFT,THEFT incident reported in Mumbai Metro,Mumbai Metro,False,Mumbai Metro,19.07773973482108,72.87831583975228
FIR-INDIA-2025-03646,2025-07-03 21:24:00,BURGLARY,BURGLARY incident reported in Mumbai Metro,Mumbai Metro,False,Mumbai Metro,19.088154545208184,72.883460826565
FIR-INDIA-2024-03647,2024-04-16 19:46:00,BURGLARY,BURGLARY incident reported in Ahmedabad,Ahmedabad,True,Ahmedabad,23.009908831496322,72.5724089134909
FIR-INDIA-2024-03648,2024-07-18 20:56:00,CYBER,CYBER incident reported in Hyderabad Metro,Hyderabad Metro,True,Hyderabad Metro,17.401955785753458,78.47582628578523
FIR-INDIA-2025-03649,2025-06-19 12:35:00,CYBER,CYBER incident reported in Mumbai Metro,Mumbai Metro,True,Mumbai Metro,19.056200969553732,72.89766147476328
FIR-INDIA-2026-03650,2026-02-18 14:06:00,ASSAULT,ASSAULT incident reported in Hyderabad Metro,Hyderabad Metro,False,Hyderabad Metro,17.40564068325454,78.49921217796762
FIR-INDIA-2024-03651,2024-06-01 06:58:00,THEFT,THEFT incident reported in Chennai Metro,Chennai Metro,False,Chennai Metro,13.093932475653494,80.25929217494452
FIR-INDIA-2025-03652,2025-02-06 08:27:00,BURGLARY,BURGLARY incident reported in Kolkata City,Kolkata City,True,Kolkata City,22.5878181462614,88.3566371665603
FIR-INDIA-2023-03653,2023-06-16 04:20:00,THEFT,THEFT incident reported in Bengaluru City,Bengaluru City,False,Bengaluru City,12.982785128989802,77.59677648620156
FIR-INDIA-2025-03654,2025-05-28 01:06:00,ASSAULT,ASSAULT incident reported in Chennai Metro,Chennai Metro,True,Chennai Metro,13.09883103658061,80.2534182718117
FIR-INDIA-2023-03655,2023-07-13 22:47:00,BURGLARY,BURGLARY incident reported in Mumbai Metro,Mumbai Metro,False,Mumbai Metro,19.07195691823869,72.89174059627895
FIR-INDIA-2025-03656,2025-12-04 00:10:00,THEFT,THEFT incident reported in Ahmedabad,Ahmedabad,False,Ahmedabad,23.01122725219744,72.57188174505877
FIR-INDIA-2025-03657,2025-11-09 10:32:00,THEFT,THEFT incident reported in Mumbai Metro,Mumbai Metro,False,Mumbai Metro,19.08276750776809,72.86348555010444
FIR-INDIA-2025-03658,2025-06-09 06:25:00,ASSAULT,ASSAULT incident reported in Ahmedabad,Ahmedabad,False,Ahmedabad,23.04110283372035,72.57623503033983
FIR-INDIA-2024-03659,2024-11-18 04:20:00,THEFT,THEFT incident reported in Ahmedabad,Ahmedabad,False,Ahmedabad,23.01032676979669,72.59225416952447
FIR-INDIA-2026-03660,2026-06-25 13:13:00,ASSAULT,ASSAULT incident reported in Bengaluru City,Bengaluru City,True,Bengaluru City,12.975651977073303,77.5842092699354
FIR-INDIA-2026-03661,2026-02-10 20:28:00,BURGLARY,BURGLARY incident reported in Chennai Metro,Chennai Metro,False,Chennai Metro,13.105547369235211,80.25946514574315
FIR-INDIA-2025-03662,2025-09-27 04:39:00,BURGLARY,BURGLARY incident reported in Bengaluru City,Bengaluru City,False,Bengaluru City,12.986161721194142,77.59039931873863
FIR-INDIA-2024-03663,2024-08-15 15:41:00,ASSAULT,ASSAULT incident reported in Delhi NCR,Delhi NCR,True,Delhi NCR,28.6106372856826,77.2358653543922
FIR-INDIA-2025-03664,2025-12-26 14:07:00,THEFT,THEFT incident reported in Ahmedabad,Ahmedabad,False,Ahmedabad,23.01674413152557,72.55938449946774
FIR-INDIA-2024-03665,2024-10-18 05:10:00,BURGLARY,BURGLARY incident reported in Kolkata City,Kolkata City,False,Kolkata City,22.569070221659093,88.33934674178471
FIR-INDIA-2026-03666,2026-07-16 23:43:00,CYBER,CYBER incident reported in Bengaluru City,Bengaluru City,False,Bengaluru City,12.964651902589685,77.58252705959724
FIR-INDIA-2026-03667,2026-07-02 15:26:00,CYBER,CYBER incident reported in Mumbai Metro,Mumbai Metro,False,Mumbai Metro,19.073890955970175,72.87511956502178
FIR-INDIA-2025-03668,2025-04-23 07:29:00,THEFT,THEFT incident reported in Bengaluru City,Bengaluru City,False,Bengaluru City,12.981736248664452,77.60324586222885
FIR-INDIA-2023-03669,2023-08-13 05:25:00,ROBBERY,ROBBERY incident reported in Kolkata City,Kolkata City,False,Kolkata City,22.57089791319519,88.35077504656046
FIR-INDIA-2025-03670,2025-03-20 22:32:00,OTHER,OTHER incident reported in Bengaluru City,Bengaluru City,False,Bengaluru City,12.969234942649248,77.60313361614942
FIR-INDIA-2023-03671,2023-10-06 13:39:00,BURGLARY,BURGLARY incident reported in Kolkata City,Kolkata City,False,Kolkata City,22.5802961199882,88.35218015754435
FIR-INDIA-2025-03672,2025-04-14 12:16:00,ROBBERY,ROBBERY incident reported in Bengaluru City,Bengaluru City,False,Bengaluru City,12.969525771968787,77.58354790643037
FIR-INDIA-2026-03673,2026-08-06 18:37:00,ASSAULT,ASSAULT incident reported in Delhi NCR,Delhi NCR,True,Delhi NCR,28.59197419792569,77.20799992221755
FIR-INDIA-2025-03674,2025-02-13 20:23:00,BURGLARY,BURGLARY incident reported in Chennai Metro,Chennai Metro,True,Chennai Metro,13.095578694022096,80.26215907947835
FIR-INDIA-2025-03675,2025-07-11 10:47:00,BURGLARY,BURGLARY incident reported in Delhi NCR,Delhi NCR,True,Delhi NCR,28.638835029828353,77.2002252231777
FIR-INDIA-2024-03676,2024-01-22 21:16:00,CYBER,CYBER incident reported in Bengaluru City,Bengaluru City,False,Bengaluru City,12.961369589383281,77.62642943764735
FIR-INDIA-2024-03677,2024-05-12 16:51:00,ASSAULT,ASSAULT incident reported in Mumbai Metro,Mumbai Metro,False,Mumbai Metro,19.101385059320943,72.86984815736922
FIR-INDIA-2025-03678,2025-09-27 02:19:00,BURGLARY,BURGLARY incident reported in Mumbai Metro,Mumbai Metro,False,Mumbai Metro,19.076962503093736,72.88719726662765
FIR-INDIA-2024-03679,2024-10-02 11:18:00,BURGLARY,BURGLARY incident reported in Chennai Metro,Chennai Metro,True,Chennai Metro,13.073114226100348,80.29119735893644
FIR-INDIA-2023-03680,2023-05-24 09:06:00,ROBBERY,ROBBERY incident reported in Hyderabad Metro,Hyderabad Metro,False,Hyderabad Metro,17.3764976149253,78.49188773194592
FIR-INDIA-2024-03681,2024-12-03 15:26:00,THEFT,THEFT incident reported in Bengaluru City,Bengaluru City,False,Bengaluru City,12.957057207637023,77.58872157546458
FIR-INDIA-2023-03682,2023-02-02 12:19:00,THEFT,THEFT incident reported in Mumbai Metro,Mumbai Metro,False,Mumbai Metro,19.08526974850128,72.85941792768317
FIR-INDIA-2023-03683,2023-10-17 04:27:00,BURGLARY,BURGLARY incident reported in Bengaluru City,Bengaluru City,False,Bengaluru City,12.967189609610601,77.61326716860935
FIR-INDIA-2025-03684,2025-10-18 07:04:00,ROBBERY,ROBBERY incident reported in Bengaluru City,Bengaluru City,False,Bengaluru City,12.983881739958349,77.58766279788394
FIR-INDIA-2025-03685,2025-05-01 19:54:00,THEFT,THEFT incident reported in Kolkata City,Kolkata City,False,Kolkata City,22.58650983914255,88.35869388731156
FIR-INDIA-2025-03686,2025-02-02 19:40:00,BURGLARY,BURGLARY incident reported in Delhi NCR,Delhi NCR,False,Delhi NCR,28.63079930124796,77.20901052230055
FIR-INDIA-2023-03687,2023-12-19 05:40:00,CYBER,CYBER incident reported in Delhi NCR,Delhi NCR,False,Delhi NCR,28.61362599777385,77.22150853895224
FIR-INDIA-2023-03688,2023-09-22 10:41:00,ASSAULT,ASSAULT incident reported in Chennai Metro,Chennai Metro,False,Chennai Metro,13.079935142834218,80.29193959646253
FIR-INDIA-2024-03689,2024-08-16 07:21:00,ASSAULT,ASSAULT incident reported in Kolkata City,Kolkata City,False,Kolkata City,22.570612159510837,88.38503147342038
FIR-INDIA-2024-03690,2024-05-06 00:14:00,ASSAULT,ASSAULT incident reported in Chennai Metro,Chennai Metro,False,Chennai Metro,13.09104082584642,80.27389830689661
FIR-INDIA-2024-03691,2024-12-08 00:38:00,ASSAULT,ASSAULT incident reported in Hyderabad Metro,Hyderabad Metro,True,Hyderabad Metro,17.362257946179888,78.49802818024209
FIR-INDIA-2024-03692,2024-03-31 21:53:00,THEFT,THEFT incident reported in Hyderabad Metro,Hyderabad Metro,False,Hyderabad Metro,17.42598408063837,78.48578383127443
FIR-INDIA-2024-03693,2024-05-09 13:37:00,ROBBERY,ROBBERY incident reported in Hyderabad Metro,Hyderabad Metro,False,Hyderabad Metro,17.41779065432744,78.46840926735673
FIR-INDIA-2026-03694,2026-02-10 10:45:00,ASSAULT,ASSAULT incident reported in Pune,Pune,False,Pune,18.51992908633609,73.85837267828971
FIR-INDIA-2023-03695,2023-03-09 19:38:00,ASSAULT,ASSAULT incident reported in Chennai Metro,Chennai Metro,True,Chennai Metro,13.073779579050253,80.24636151858073
FIR-INDIA-2023-03696,2023-06-11 16:18:00,BURGLARY,BURGLARY incident reported in Bengaluru City,Bengaluru City,False,Bengaluru City,12.979194085199124,77.6165916713539
FIR-INDIA-2024-03697,2024-08-18 21:14:00,OTHER,OTHER incident reported in Chennai Metro,Chennai Metro,False,Chennai Metro,13.092257777604011,80.25542302751064
FIR-INDIA-2025-03698,2025-06-17 01:58:00,ASSAULT,ASSAULT incident reported in Chennai Metro,Chennai Metro,False,Chennai Metro,13.087367625248854,80.28946708368734
FIR-INDIA-2025-03699,2025-10-16 02:06:00,BURGLARY,BURGLARY incident reported in Chennai Metro,Chennai Metro,False,Chennai Metro,13.083988026275193,80.25965247645807
FIR-INDIA-2023-03700,2023-01-08 02:35:00,ASSAULT,ASSAULT incident reported in Kolkata City,Kolkata City,False,Kolkata City,22.56857746002994,88.33369367121789
FIR-INDIA-2025-03701,2025-08-19 22:52:00,BURGLARY,BURGLARY incident reported in Delhi NCR,Delhi NCR,False,Delhi NCR,28.619092815038655,77.2449088095459
FIR-INDIA-2025-03702,2025-12-05 04:01:00,THEFT,THEFT incident reported in Ahmedabad,Ahmedabad,False,Ahmedabad,23.018136852222295,72.56751727583116
FIR-INDIA-2026-03703,2026-06-19 21:10:00,OTHER,OTHER incident reported in Delhi NCR,Delhi NCR,True,Delhi NCR,28.63928465180782,77.21117001115262
FIR-INDIA-2023-03704,2023-10-08 05:54:00,ASSAULT,ASSAULT incident reported in Delhi NCR,Delhi NCR,False,Delhi NCR,28.610823485338997,77.21496000123595
FIR-INDIA-2024-03705,2024-07-20 04:58:00,ASSAULT,ASSAULT incident reported in Chennai Metro,Chennai Metro,False,Chennai Metro,13.103205641655471,80.27674891746068
FIR-INDIA-2024-03706,2024-07-21 10:31:00,ASSAULT,ASSAULT incident reported in Delhi NCR,Delhi NCR,False,Delhi NCR,28.605345483244896,77.18721544441593
FIR-INDIA-2024-03707,2024-03-04 14:29:00,THEFT,THEFT incident reported in Kolkata City,Kolkata City,False,Kolkata City,22.574059562805438,88.36147177968337
FIR-INDIA-2024-03708,2024-08-28 02:15:00,ROBBERY,ROBBERY incident reported in Bengaluru City,Bengaluru City,True,Bengaluru City,12.98782385091527,77.59198982305425
FIR-INDIA-2023-03709,2023-03-31 10:55:00,ROBBERY,ROBBERY incident reported in Mumbai Metro,Mumbai Metro,False,Mumbai Metro,19.060702499407725,72.87600241738149
FIR-INDIA-2025-03710,2025-10-16 22:15:00,ASSAULT,ASSAULT incident reported in Delhi NCR,Delhi NCR,False,Delhi NCR,28.607706778096592,77.22459110795288
FIR-INDIA-2025-03711,2025-06-11 08:10:00,OTHER,OTHER incident reported in Mumbai Metro,Mumbai Metro,False,Mumbai Metro,19.05547456948246,72.89638182000911
FIR-INDIA-2023-03712,2023-12-19 03:14:00,THEFT,THEFT incident reported in Chennai Metro,Chennai Metro,False,Chennai Metro,13.060691803808824,80.27007139284335
FIR-INDIA-2023-03713,2023-01-17 02:11:00,OTHER,OTHER incident reported in Hyderabad Metro,Hyderabad Metro,False,Hyderabad Metro,17.391716915093962,78.49846968580488
FIR-INDIA-2026-03714,2026-01-31 06:27:00,BURGLARY,BURGLARY incident reported in Mumbai Metro,Mumbai Metro,False,Mumbai Metro,19.087462318551655,72.87084430896509
FIR-INDIA-2025-03715,2025-06-17 01:35:00,ASSAULT,ASSAULT incident reported in Delhi NCR,Delhi NCR,False,Delhi NCR,28.59201862382243,77.20983382976486
FIR-INDIA-2023-03716,2023-08-18 01:09:00,BURGLARY,BURGLARY incident reported in Mumbai Metro,Mumbai Metro,False,Mumbai Metro,19.04220574129869,72.89010615366207
FIR-INDIA-2024-03717,2024-09-19 07:54:00,ASSAULT,ASSAULT incident reported in Kolkata City,Kolkata City,False,Kolkata City,22.56075249653426,88.37385140898532
FIR-INDIA-2024-03718,2024-01-11 22:09:00,ROBBERY,ROBBERY incident reported in Chennai Metro,Chennai Metro,True,Chennai Metro,13.109610197999977,80.27603165202967
FIR-INDIA-2024-03719,2024-04-21 07:21:00,CYBER,CYBER incident reported in Chennai Metro,Chennai Metro,True,Chennai Metro,13.077767106378527,80.26438240045255
FIR-INDIA-2024-03720,2024-07-11 21:25:00,ASSAULT,ASSAULT incident reported in Ahmedabad,Ahmedabad,False,Ahmedabad,23.024509726821655,72.57417883714918
FIR-INDIA-2025-03721,2025-09-08 19:03:00,CYBER,CYBER incident reported in Chennai Metro,Chennai Metro,False,Chennai Metro,13.073804306365075,80.26118845367114
FIR-INDIA-2024-03722,2024-09-13 20:52:00,OTHER,OTHER incident reported in Bengaluru City,Bengaluru City,True,Bengaluru City,12.92834740558881,77.5880317487724
FIR-INDIA-2023-03723,2023-02-21 05:20:00,ASSAULT,ASSAULT incident reported in Kolkata City,Kolkata City,True,Kolkata City,22.583478007428944,88.38822049514592
FIR-INDIA-2024-03724,2024-03-11 09:28:00,BURGLARY,BURGLARY incident reported in Kolkata City,Kolkata City,False,Kolkata City,22.568100491544005,88.35975469228606
FIR-INDIA-2023-03725,2023-01-06 05:05:00,THEFT,THEFT incident reported in Delhi NCR,Delhi NCR,False,Delhi NCR,28.612612921896204,77.22552023558126
FIR-INDIA-2025-03726,2025-09-01 11:05:00,THEFT,THEFT incident reported in Mumbai Metro,Mumbai Metro,False,Mumbai Metro,19.07969496362543,72.87404077031445
FIR-INDIA-2026-03727,2026-01-31 14:19:00,THEFT,THEFT incident reported in Delhi NCR,Delhi NCR,True,Delhi NCR,28.606853975740957,77.19421573558705
FIR-INDIA-2025-03728,2025-04-13 05:22:00,THEFT,THEFT incident reported in Delhi NCR,Delhi NCR,False,Delhi NCR,28.594349254238843,77.1827710869167
FIR-INDIA-2024-03729,2024-11-08 06:42:00,OTHER,OTHER incident reported in Chennai Metro,Chennai Metro,False,Chennai Metro,13.094287164296258,80.29373880218596
FIR-INDIA-2023-03730,2023-09-13 09:05:00,ASSAULT,ASSAULT incident reported in Hyderabad Metro,Hyderabad Metro,False,Hyderabad Metro,17.399177512555724,78.51826210598793
FIR-INDIA-2024-03731,2024-12-27 17:20:00,THEFT,THEFT incident reported in Hyderabad Metro,Hyderabad Metro,False,Hyderabad Metro,17.370539992232075,78.46860771220241
FIR-INDIA-2024-03732,2024-04-22 12:30:00,BURGLARY,BURGLARY incident reported in Bengaluru City,Bengaluru City,False,Bengaluru City,12.958674754311463,77.60905605784788
FIR-INDIA-2024-03733,2024-03-01 22:28:00,BURGLARY,BURGLARY incident reported in Ahmedabad,Ahmedabad,False,Ahmedabad,23.032228533895946,72.58107242925328
FIR-INDIA-2024-03734,2024-07-06 14:09:00,CYBER,CYBER incident reported in Hyderabad Metro,Hyderabad Metro,False,Hyderabad Metro,17.393514372189106,78.5116855081641
FIR-INDIA-2023-03735,2023-04-12 19:03:00,CYBER,CYBER incident reported in Bengaluru City,Bengaluru City,False,Bengaluru City,12.972943133093153,77.61353594744307
FIR-INDIA-2024-03736,2024-05-20 17:33:00,ROBBERY,ROBBERY incident reported in Mumbai Metro,Mumbai Metro,False,Mumbai Metro,19.10942902443506,72.88875262042136
FIR-INDIA-2025-03737,2025-10-01 18:09:00,THEFT,THEFT incident reported in Pune,Pune,False,Pune,18.51686258533034,73.85983270613951
FIR-INDIA-2024-03738,2024-08-15 05:08:00,CYBER,CYBER incident reported in Mumbai Metro,Mumbai Metro,True,Mumbai Metro,19.050493633380082,72.85951660917544
FIR-INDIA-2023-03739,2023-10-23 01:08:00,CYBER,CYBER incident reported in Hyderabad Metro,Hyderabad Metro,False,Hyderabad Metro,17.37593237531903,78.47072582055696
FIR-INDIA-2023-03740,2023-03-22 16:49:00,THEFT,THEFT incident reported in Bengaluru City,Bengaluru City,False,Bengaluru City,12.966277315650887,77.62898256942215
FIR-INDIA-2026-03741,2026-07-22 14:12:00,THEFT,THEFT incident reported in Mumbai Metro,Mumbai Metro,False,Mumbai Metro,19.05971031517186,72.87721259040747
FIR-INDIA-2023-03742,2023-05-25 18:32:00,OTHER,OTHER incident reported in Bengaluru City,Bengaluru City,False,Bengaluru City,12.946296166108455,77.59135790260096
FIR-INDIA-2025-03743,2025-10-09 11:18:00,THEFT,THEFT incident reported in Kolkata City,Kolkata City,True,Kolkata City,22.580077122714687,88.35175201193807
FIR-INDIA-2024-03744,2024-07-26 07:02:00,THEFT,THEFT incident reported in Bengaluru City,Bengaluru City,False,Bengaluru City,12.988881957444951,77.58744947873025
FIR-INDIA-2023-03745,2023-11-12 18:03:00,OTHER,OTHER incident reported in Bengaluru City,Bengaluru City,False,Bengaluru City,12.947749691874533,77.60107521600544
FIR-INDIA-2025-03746,2025-12-17 23:02:00,THEFT,THEFT incident reported in Kolkata City,Kolkata City,True,Kolkata City,22.566911691660824,88.380792940509
FIR-INDIA-2024-03747,2024-06-14 08:19:00,THEFT,THEFT incident reported in Chennai Metro,Chennai Metro,False,Chennai Metro,13.087526209392855,80.26762034056951
FIR-INDIA-2026-03748,2026-03-02 19:25:00,CYBER,CYBER incident reported in Mumbai Metro,Mumbai Metro,True,Mumbai Metro,19.045555216106873,72.87483141248867
FIR-INDIA-2025-03749,2025-12-14 09:58:00,ASSAULT,ASSAULT incident reported in Kolkata City,Kolkata City,False,Kolkata City,22.59153721146405,88.35747832889362
FIR-INDIA-2023-03750,2023-09-05 18:04:00,CYBER,CYBER incident reported in Bengaluru City,Bengaluru City,False,Bengaluru City,12.95087105740553,77.60607685117134
FIR-INDIA-2025-03751,2025-12-08 19:23:00,ROBBERY,ROBBERY incident reported in Delhi NCR,Delhi NCR,False,Delhi NCR,28.623782264551178,77.2326133138414
FIR-INDIA-2026-03752,2026-04-25 14:08:00,THEFT,THEFT incident reported in Kolkata City,Kolkata City,False,Kolkata City,22.568525428310284,88.36839487693331
FIR-INDIA-2023-03753,2023-09-13 07:22:00,CYBER,CYBER incident reported in Bengaluru City,Bengaluru City,False,Bengaluru City,12.956035015982286,77.58513779450277
FIR-INDIA-2024-03754,2024-03-17 23:44:00,THEFT,THEFT incident reported in Delhi NCR,Delhi NCR,False,Delhi NCR,28.60783702986377,77.22794281744049
FIR-INDIA-2025-03755,2025-12-09 05:47:00,THEFT,THEFT incident reported in Delhi NCR,Delhi NCR,True,Delhi NCR,28.61523633275675,77.20571590868424
FIR-INDIA-2024-03756,2024-10-14 22:07:00,ROBBERY,ROBBERY incident reported in Hyderabad Metro,Hyderabad Metro,True,Hyderabad Metro,17.36997155243582,78.4725060526025
FIR-INDIA-2025-03757,2025-07-17 00:36:00,CYBER,CYBER incident reported in Bengaluru City,Bengaluru City,False,Bengaluru City,12.98521225719938,77.58221055898042
FIR-INDIA-2025-03758,2025-05-29 18:43:00,BURGLARY,BURGLARY incident reported in Ahmedabad,Ahmedabad,False,Ahmedabad,23.063861226826994,72.56831244924189
FIR-INDIA-2023-03759,2023-03-20 07:58:00,THEFT,THEFT incident reported in Mumbai Metro,Mumbai Metro,False,Mumbai Metro,19.07386454519631,72.88287528069328
FIR-INDIA-2026-03760,2026-02-03 05:24:00,THEFT,THEFT incident reported in Delhi NCR,Delhi NCR,False,Delhi NCR,28.62168804607629,77.2330648072483
FIR-INDIA-2023-03761,2023-05-21 06:01:00,THEFT,THEFT incident reported in Bengaluru City,Bengaluru City,True,Bengaluru City,12.985924452663003,77.57702911730247
FIR-INDIA-2023-03762,2023-03-15 16:29:00,ASSAULT,ASSAULT incident reported in Pune,Pune,False,Pune,18.50156074360396,73.84554664538912
FIR-INDIA-2026-03763,2026-08-18 11:57:00,THEFT,THEFT incident reported in Chennai Metro,Chennai Metro,True,Chennai Metro,13.082621068954127,80.26783507663153
FIR-INDIA-2024-03764,2024-11-17 09:54:00,ASSAULT,ASSAULT incident reported in Bengaluru City,Bengaluru City,True,Bengaluru City,12.983947495560512,77.59137935328673
FIR-INDIA-2025-03765,2025-03-17 22:15:00,BURGLARY,BURGLARY incident reported in Kolkata City,Kolkata City,False,Kolkata City,22.53543736825954,88.35047496852503
FIR-INDIA-2023-03766,2023-06-04 05:45:00,THEFT,THEFT incident reported in Bengaluru City,Bengaluru City,True,Bengaluru City,12.963276139331674,77.60448712274194
FIR-INDIA-2024-03767,2024-10-22 14:40:00,THEFT,THEFT incident reported in Delhi NCR,Delhi NCR,False,Delhi NCR,28.608339218916072,77.19857252285159
FIR-INDIA-2024-03768,2024-04-29 04:16:00,THEFT,THEFT incident reported in Hyderabad Metro,Hyderabad Metro,False,Hyderabad Metro,17.35671714066373,78.50537250217751
FIR-INDIA-2024-03769,2024-01-13 23:55:00,ASSAULT,ASSAULT incident reported in Mumbai Metro,Mumbai Metro,True,Mumbai Metro,19.09301800285487,72.88889397849496
FIR-INDIA-2023-03770,2023-11-01 20:24:00,ROBBERY,ROBBERY incident reported in Chennai Metro,Chennai Metro,False,Chennai Metro,13.08243519537815,80.25992788272285
FIR-INDIA-2023-03771,2023-07-28 14:33:00,ASSAULT,ASSAULT incident reported in Delhi NCR,Delhi NCR,True,Delhi NCR,28.61012823486352,77.23345286497722
FIR-INDIA-2026-03772,2026-01-22 07:08:00,THEFT,THEFT incident reported in Delhi NCR,Delhi NCR,True,Delhi NCR,28.619675263334994,77.20201300708648
FIR-INDIA-2024-03773,2024-11-18 03:57:00,THEFT,THEFT incident reported in Hyderabad Metro,Hyderabad Metro,False,Hyderabad Metro,17.3549695629743,78.48670804799569
FIR-INDIA-2023-03774,2023-07-06 16:07:00,THEFT,THEFT incident reported in Delhi NCR,Delhi NCR,True,Delhi NCR,28.616488121332573,77.19173457656477
FIR-INDIA-2023-03775,2023-11-21 15:48:00,THEFT,THEFT incident reported in Pune,Pune,False,Pune,18.492709619173965,73.86114131112599
FIR-INDIA-2025-03776,2025-08-07 02:06:00,BURGLARY,BURGLARY incident reported in Ahmedabad,Ahmedabad,False,Ahmedabad,23.040216794724046,72.56044333323203
FIR-INDIA-2026-03777,2026-07-02 19:08:00,THEFT,THEFT incident reported in Mumbai Metro,Mumbai Metro,False,Mumbai Metro,19.06537293006204,72.87992595119925
FIR-INDIA-2023-03778,2023-06-09 17:40:00,THEFT,THEFT incident reported in Delhi NCR,Delhi NCR,False,Delhi NCR,28.628366936762664,77.21043332298946
FIR-INDIA-2023-03779,2023-10-04 19:50:00,BURGLARY,BURGLARY incident reported in Mumbai Metro,Mumbai Metro,False,Mumbai Metro,19.106250095054097,72.86442529190616
FIR-INDIA-2024-03780,2024-10-25 17:18:00,OTHER,OTHER incident reported in Mumbai Metro,Mumbai Metro,False,Mumbai Metro,19.063279293754434,72.90196484187561
FIR-INDIA-2023-03781,2023-01-31 01:55:00,ROBBERY,ROBBERY incident reported in Hyderabad Metro,Hyderabad Metro,True,Hyderabad Metro,17.37498100614556,78.4948844404153
FIR-INDIA-2023-03782,2023-05-24 01:05:00,OTHER,OTHER incident reported in Hyderabad Metro,Hyderabad Metro,True,Hyderabad Metro,17.390751401134022,78.48463699449765
FIR-INDIA-2024-03783,2024-10-27 04:57:00,ASSAULT,ASSAULT incident reported in Pune,Pune,False,Pune,18.514326150202123,73.8533177703096
FIR-INDIA-2023-03784,2023-08-21 09:16:00,CYBER,CYBER incident reported in Bengaluru City,Bengaluru City,False,Bengaluru City,12.956007288387054,77.58053303148577
FIR-INDIA-2023-03785,2023-11-24 02:48:00,ASSAULT,ASSAULT incident reported in Ahmedabad,Ahmedabad,False,Ahmedabad,23.02141304936846,72.55664482983595
FIR-INDIA-2023-03786,2023-09-20 23:41:00,ASSAULT,ASSAULT incident reported in Pune,Pune,False,Pune,18.541983447214914,73.86899109813157
FIR-INDIA-2024-03787,2024-01-31 01:03:00,ROBBERY,ROBBERY incident reported in Delhi NCR,Delhi NCR,True,Delhi NCR,28.61434363363385,77.21789694385353
FIR-INDIA-2024-03788,2024-04-10 12:25:00,OTHER,OTHER incident reported in Mumbai Metro,Mumbai Metro,False,Mumbai Metro,19.069010934282726,72.89351309748331
FIR-INDIA-2023-03789,2023-03-07 19:32:00,ASSAULT,ASSAULT incident reported in Bengaluru City,Bengaluru City,False,Bengaluru City,12.98012231051749,77.58749533450855
FIR-INDIA-2024-03790,2024-07-31 11:52:00,THEFT,THEFT incident reported in Bengaluru City,Bengaluru City,False,Bengaluru City,12.99073847674811,77.59201181152906
FIR-INDIA-2024-03791,2024-09-29 00:53:00,ASSAULT,ASSAULT incident reported in Delhi NCR,Delhi NCR,False,Delhi NCR,28.606396058693996,77.22124852080758
FIR-INDIA-2025-03792,2025-06-06 11:09:00,BURGLARY,BURGLARY incident reported in Pune,Pune,False,Pune,18.50725286788015,73.85629931426324
FIR-INDIA-2026-03793,2026-06-23 04:22:00,THEFT,THEFT incident reported in Hyderabad Metro,Hyderabad Metro,False,Hyderabad Metro,17.380385341649905,78.48804771266997
FIR-INDIA-2023-03794,2023-03-11 23:46:00,ASSAULT,ASSAULT incident reported in Kolkata City,Kolkata City,False,Kolkata City,22.57154013079953,88.36271310258259
FIR-INDIA-2023-03795,2023-12-30 00:32:00,THEFT,THEFT incident reported in Hyderabad Metro,Hyderabad Metro,False,Hyderabad Metro,17.38530085143194,78.49460467454217
FIR-INDIA-2025-03796,2025-05-06 00:29:00,ASSAULT,ASSAULT incident reported in Ahmedabad,Ahmedabad,False,Ahmedabad,22.99738197590592,72.54481709565982
FIR-INDIA-2026-03797,2026-07-21 18:32:00,ROBBERY,ROBBERY incident reported in Mumbai Metro,Mumbai Metro,True,Mumbai Metro,19.096252019977847,72.87875875237921
FIR-INDIA-2025-03798,2025-12-16 12:31:00,THEFT,THEFT incident reported in Mumbai Metro,Mumbai Metro,False,Mumbai Metro,19.04657210448138,72.88655838292618
FIR-INDIA-2025-03799,2025-07-27 04:56:00,OTHER,OTHER incident reported in Bengaluru City,Bengaluru City,False,Bengaluru City,12.960188552355321,77.58478043540309
FIR-INDIA-2023-03800,2023-12-03 13:08:00,THEFT,THEFT incident reported in Pune,Pune,True,Pune,18.522555393975274,73.86386202978795
FIR-INDIA-2023-03801,2023-01-26 15:04:00,THEFT,THEFT incident reported in Delhi NCR,Delhi NCR,False,Delhi NCR,28.613282409590813,77.21878775121347
FIR-INDIA-2025-03802,2025-01-22 17:48:00,ASSAULT,ASSAULT incident reported in Hyderabad Metro,Hyderabad Metro,False,Hyderabad Metro,17.366449741190664,78.46899633474891
FIR-INDIA-2024-03803,2024-06-16 10:13:00,ASSAULT,ASSAULT incident reported in Kolkata City,Kolkata City,False,Kolkata City,22.57452998820443,88.36503607045208
FIR-INDIA-2025-03804,2025-07-12 00:07:00,ASSAULT,ASSAULT incident reported in Mumbai Metro,Mumbai Metro,True,Mumbai Metro,19.090276416659083,72.88328578550674
FIR-INDIA-2023-03805,2023-10-28 18:13:00,THEFT,THEFT incident reported in Kolkata City,Kolkata City,True,Kolkata City,22.574829553156448,88.36380960505305
FIR-INDIA-2025-03806,2025-07-13 11:26:00,ROBBERY,ROBBERY incident reported in Kolkata City,Kolkata City,False,Kolkata City,22.595121098727287,88.34090225197532
FIR-INDIA-2024-03807,2024-01-02 18:08:00,THEFT,THEFT incident reported in Bengaluru City,Bengaluru City,False,Bengaluru City,12.950364307685943,77.57454051520367
FIR-INDIA-2024-03808,2024-11-01 22:13:00,ASSAULT,ASSAULT incident reported in Kolkata City,Kolkata City,False,Kolkata City,22.569845791254355,88.33979647912989
FIR-INDIA-2023-03809,2023-05-09 06:59:00,CYBER,CYBER incident reported in Hyderabad Metro,Hyderabad Metro,False,Hyderabad Metro,17.387661780220416,78.48177695554048
FIR-INDIA-2023-03810,2023-07-29 00:14:00,ASSAULT,ASSAULT incident reported in Delhi NCR,Delhi NCR,False,Delhi NCR,28.612645479204907,77.20070550837681
FIR-INDIA-2024-03811,2024-08-10 12:39:00,THEFT,THEFT incident reported in Delhi NCR,Delhi NCR,True,Delhi NCR,28.5715693836509,77.21155084757022
FIR-INDIA-2024-03812,2024-05-19 00:47:00,ROBBERY,ROBBERY incident reported in Mumbai Metro,Mumbai Metro,False,Mumbai Metro,19.053263756390567,72.87622806911233
FIR-INDIA-2024-03813,2024-05-20 16:28:00,THEFT,THEFT incident reported in Delhi NCR,Delhi NCR,True,Delhi NCR,28.60553458227311,77.20856108637389
FIR-INDIA-2024-03814,2024-01-20 17:30:00,BURGLARY,BURGLARY incident reported in Delhi NCR,Delhi NCR,False,Delhi NCR,28.639471591759676,77.22225578657176
FIR-INDIA-2026-03815,2026-08-09 00:59:00,THEFT,THEFT incident reported in Kolkata City,Kolkata City,True,Kolkata City,22.580023977530683,88.34634450509793
FIR-INDIA-2026-03816,2026-08-20 01:21:00,THEFT,THEFT incident reported in Hyderabad Metro,Hyderabad Metro,False,Hyderabad Metro,17.410027484624717,78.48684617834891
FIR-INDIA-2024-03817,2024-04-09 16:56:00,BURGLARY,BURGLARY incident reported in Mumbai Metro,Mumbai Metro,True,Mumbai Metro,19.079120603652456,72.86365599672683
FIR-INDIA-2025-03818,2025-08-12 04:00:00,ASSAULT,ASSAULT incident reported in Hyderabad Metro,Hyderabad Metro,False,Hyderabad Metro,17.386437890776335,78.43606465366062
FIR-INDIA-2023-03819,2023-07-06 17:31:00,THEFT,THEFT incident reported in Kolkata City,Kolkata City,False,Kolkata City,22.565723068253476,88.3781273386238
FIR-INDIA-2024-03820,2024-04-06 03:34:00,THEFT,THEFT incident reported in Mumbai Metro,Mumbai Metro,False,Mumbai Metro,19.070733987274394,72.87991506105837
FIR-INDIA-2024-03821,2024-12-09 12:00:00,BURGLARY,BURGLARY incident reported in Bengaluru City,Bengaluru City,True,Bengaluru City,12.99862926524596,77.60245716019544
FIR-INDIA-2024-03822,2024-07-03 20:53:00,ROBBERY,ROBBERY incident reported in Delhi NCR,Delhi NCR,True,Delhi NCR,28.616271368899735,77.1999022081229
FIR-INDIA-2023-03823,2023-01-22 13:31:00,THEFT,THEFT incident reported in Mumbai Metro,Mumbai Metro,False,Mumbai Metro,19.048832018135602,72.88325241008033
FIR-INDIA-2026-03824,2026-04-07 21:53:00,CYBER,CYBER incident reported in Hyderabad Metro,Hyderabad Metro,False,Hyderabad Metro,17.378676759324197,78.4733102519546
FIR-INDIA-2026-03825,2026-08-13 03:28:00,THEFT,THEFT incident reported in Pune,Pune,False,Pune,18.5034308330141,73.84809422194
FIR-INDIA-2026-03826,2026-02-21 10:17:00,ASSAULT,ASSAULT incident reported in Pune,Pune,False,Pune,18.54394270498933,73.84913268001631
FIR-INDIA-2026-03827,2026-01-30 16:46:00,CYBER,CYBER incident reported in Delhi NCR,Delhi NCR,False,Delhi NCR,28.61367888295491,77.21670581727217
FIR-INDIA-2023-03828,2023-01-20 15:41:00,CYBER,CYBER incident reported in Mumbai Metro,Mumbai Metro,False,Mumbai Metro,19.074341860532982,72.87276080492063
FIR-INDIA-2025-03829,2025-04-22 22:54:00,ASSAULT,ASSAULT incident reported in Chennai Metro,Chennai Metro,False,Chennai Metro,13.065995437974342,80.27787896647686
FIR-INDIA-2024-03830,2024-09-27 10:34:00,CYBER,CYBER incident reported in Mumbai Metro,Mumbai Metro,False,Mumbai Metro,19.057376148233406,72.8853786446371
FIR-INDIA-2024-03831,2024-01-17 11:28:00,THEFT,THEFT incident reported in Mumbai Metro,Mumbai Metro,False,Mumbai Metro,19.083262517257047,72.88676737261503
FIR-INDIA-2025-03832,2025-05-24 00:42:00,THEFT,THEFT incident reported in Mumbai Metro,Mumbai Metro,True,Mumbai Metro,19.07241700679951,72.8591031109783
FIR-INDIA-2025-03833,2025-04-22 04:38:00,ROBBERY,ROBBERY incident reported in Kolkata City,Kolkata City,False,Kolkata City,22.553961758762565,88.37544900519144
FIR-INDIA-2025-03834,2025-09-22 06:21:00,THEFT,THEFT incident reported in Bengaluru City,Bengaluru City,False,Bengaluru City,12.989270626982144,77.5878291272571
FIR-INDIA-2025-03835,2025-01-04 22:23:00,ASSAULT,ASSAULT incident reported in Bengaluru City,Bengaluru City,False,Bengaluru City,12.976191610244914,77.62285107741512
FIR-INDIA-2025-03836,2025-03-09 01:00:00,THEFT,THEFT incident reported in Delhi NCR,Delhi NCR,False,Delhi NCR,28.590921384299154,77.23728046053425
FIR-INDIA-2024-03837,2024-01-11 20:49:00,ROBBERY,ROBBERY incident reported in Kolkata City,Kolkata City,False,Kolkata City,22.561929748106504,88.38002709961305
FIR-INDIA-2023-03838,2023-03-17 20:51:00,THEFT,THEFT incident reported in Mumbai Metro,Mumbai Metro,False,Mumbai Metro,19.102821473889016,72.85144451056196
FIR-INDIA-2023-03839,2023-06-05 23:57:00,ASSAULT,ASSAULT incident reported in Mumbai Metro,Mumbai Metro,False,Mumbai Metro,19.07581426144422,72.86562509478549
FIR-INDIA-2024-03840,2024-08-21 10:33:00,THEFT,THEFT incident reported in Ahmedabad,Ahmedabad,False,Ahmedabad,23.032104075105675,72.56390001869589
FIR-INDIA-2026-03841,2026-06-03 19:21:00,ROBBERY,ROBBERY incident reported in Mumbai Metro,Mumbai Metro,True,Mumbai Metro,19.08262833080098,72.86789444670023
FIR-INDIA-2026-03842,2026-06-23 22:15:00,OTHER,OTHER incident reported in Mumbai Metro,Mumbai Metro,False,Mumbai Metro,19.05563600990368,72.8989206857784
FIR-INDIA-2026-03843,2026-06-16 02:13:00,THEFT,THEFT incident reported in Bengaluru City,Bengaluru City,True,Bengaluru City,12.99154537566588,77.6024697221994
FIR-INDIA-2024-03844,2024-06-20 14:55:00,THEFT,THEFT incident reported in Hyderabad Metro,Hyderabad Metro,False,Hyderabad Metro,17.41093959701058,78.4766262656063
FIR-INDIA-2025-03845,2025-06-28 00:04:00,THEFT,THEFT incident reported in Bengaluru City,Bengaluru City,False,Bengaluru City,12.984890211938247,77.57848300687803
FIR-INDIA-2025-03846,2025-01-14 00:42:00,BURGLARY,BURGLARY incident reported in Mumbai Metro,Mumbai Metro,False,Mumbai Metro,19.097850366622392,72.87089966644186
FIR-INDIA-2024-03847,2024-11-02 01:14:00,ASSAULT,ASSAULT incident reported in Delhi NCR,Delhi NCR,False,Delhi NCR,28.599781241173602,77.18553725824277
FIR-INDIA-2025-03848,2025-09-07 15:21:00,ASSAULT,ASSAULT incident reported in Kolkata City,Kolkata City,False,Kolkata City,22.55209395853303,88.36892939786927
FIR-INDIA-2025-03849,2025-07-12 07:29:00,ROBBERY,ROBBERY incident reported in Delhi NCR,Delhi NCR,False,Delhi NCR,28.632312085900125,77.19609310821328
FIR-INDIA-2023-03850,2023-05-18 13:24:00,CYBER,CYBER incident reported in Bengaluru City,Bengaluru City,False,Bengaluru City,13.006174201272001,77.59092166998826
FIR-INDIA-2024-03851,2024-05-12 07:06:00,CYBER,CYBER incident reported in Bengaluru City,Bengaluru City,False,Bengaluru City,12.996553226758705,77.60824993457861
FIR-INDIA-2023-03852,2023-07-06 03:44:00,THEFT,THEFT incident reported in Pune,Pune,True,Pune,18.53719560659531,73.86567892229495
FIR-INDIA-2026-03853,2026-05-19 03:53:00,ASSAULT,ASSAULT incident reported in Chennai Metro,Chennai Metro,False,Chennai Metro,13.10307705552629,80.24817290211575
FIR-INDIA-2026-03854,2026-04-06 14:58:00,THEFT,THEFT incident reported in Hyderabad Metro,Hyderabad Metro,False,Hyderabad Metro,17.377100028005977,78.48752795346213
FIR-INDIA-2024-03855,2024-05-08 16:22:00,OTHER,OTHER incident reported in Mumbai Metro,Mumbai Metro,False,Mumbai Metro,19.046470164169587,72.85902513275822
FIR-INDIA-2026-03856,2026-06-14 07:43:00,BURGLARY,BURGLARY incident reported in Kolkata City,Kolkata City,False,Kolkata City,22.561517462603554,88.38081014431968
FIR-INDIA-2026-03857,2026-02-15 07:52:00,THEFT,THEFT incident reported in Chennai Metro,Chennai Metro,True,Chennai Metro,13.10745872734431,80.27194435119674
FIR-INDIA-2023-03858,2023-04-17 18:43:00,THEFT,THEFT incident reported in Kolkata City,Kolkata City,False,Kolkata City,22.578857768326227,88.34092793915659
FIR-INDIA-2023-03859,2023-08-30 19:39:00,THEFT,THEFT incident reported in Mumbai Metro,Mumbai Metro,False,Mumbai Metro,19.074573933176797,72.89444064912713
FIR-INDIA-2023-03860,2023-10-25 00:05:00,CYBER,CYBER incident reported in Delhi NCR,Delhi NCR,False,Delhi NCR,28.642638312562966,77.19803969971521
FIR-INDIA-2024-03861,2024-03-28 13:17:00,THEFT,THEFT incident reported in Bengaluru City,Bengaluru City,False,Bengaluru City,12.94762288572875,77.59640053299573
FIR-INDIA-2023-03862,2023-04-15 08:25:00,ROBBERY,ROBBERY incident reported in Delhi NCR,Delhi NCR,False,Delhi NCR,28.609527762827376,77.21508263488283
FIR-INDIA-2025-03863,2025-10-28 14:09:00,ASSAULT,ASSAULT incident reported in Mumbai Metro,Mumbai Metro,False,Mumbai Metro,19.079345091684115,72.85807545149869
FIR-INDIA-2024-03864,2024-07-15 11:31:00,ASSAULT,ASSAULT incident reported in Hyderabad Metro,Hyderabad Metro,False,Hyderabad Metro,17.379032763529864,78.47453661867353
FIR-INDIA-2026-03865,2026-05-07 22:45:00,BURGLARY,BURGLARY incident reported in Pune,Pune,False,Pune,18.521735886368965,73.82945137631762
FIR-INDIA-2023-03866,2023-01-06 00:01:00,THEFT,THEFT incident reported in Delhi NCR,Delhi NCR,False,Delhi NCR,28.629546574321044,77.21042434702122
FIR-INDIA-2023-03867,2023-02-09 09:51:00,THEFT,THEFT incident reported in Delhi NCR,Delhi NCR,False,Delhi NCR,28.60303179599265,77.18736604978551
FIR-INDIA-2023-03868,2023-08-24 06:27:00,ASSAULT,ASSAULT incident reported in Ahmedabad,Ahmedabad,True,Ahmedabad,23.034185865415434,72.5677828386139
FIR-INDIA-2025-03869,2025-10-26 01:19:00,THEFT,THEFT incident reported in Hyderabad Metro,Hyderabad Metro,False,Hyderabad Metro,17.38960543883738,78.50861323651465
FIR-INDIA-2023-03870,2023-08-21 12:05:00,THEFT,THEFT incident reported in Chennai Metro,Chennai Metro,True,Chennai Metro,13.080098622463737,80.28382206417704
FIR-INDIA-2023-03871,2023-06-11 14:01:00,CYBER,CYBER incident reported in Kolkata City,Kolkata City,False,Kolkata City,22.59050884977054,88.34068979397333
FIR-INDIA-2025-03872,2025-09-30 05:43:00,THEFT,THEFT incident reported in Bengaluru City,Bengaluru City,True,Bengaluru City,12.993227752175498,77.59811395517464
FIR-INDIA-2025-03873,2025-02-13 09:19:00,ROBBERY,ROBBERY incident reported in Chennai Metro,Chennai Metro,False,Chennai Metro,13.09992683460539,80.25594217646106
FIR-INDIA-2023-03874,2023-04-22 03:20:00,BURGLARY,BURGLARY incident reported in Bengaluru City,Bengaluru City,True,Bengaluru City,12.977658073743482,77.60536210332508
FIR-INDIA-2025-03875,2025-08-20 06:52:00,THEFT,THEFT incident reported in Delhi NCR,Delhi NCR,False,Delhi NCR,28.622016153346703,77.19660225477674
FIR-INDIA-2025-03876,2025-06-14 18:16:00,ASSAULT,ASSAULT incident reported in Kolkata City,Kolkata City,False,Kolkata City,22.5465191837983,88.3650764729027
FIR-INDIA-2025-03877,2025-04-29 05:24:00,CYBER,CYBER incident reported in Bengaluru City,Bengaluru City,True,Bengaluru City,12.95676229045296,77.59491744400684
FIR-INDIA-2026-03878,2026-08-13 17:49:00,THEFT,THEFT incident reported in Kolkata City,Kolkata City,True,Kolkata City,22.572800530056327,88.36629736035613
FIR-INDIA-2023-03879,2023-07-03 10:05:00,ASSAULT,ASSAULT incident reported in Bengaluru City,Bengaluru City,False,Bengaluru City,12.968362770741367,77.57209068848185
FIR-INDIA-2024-03880,2024-09-08 05:07:00,THEFT,THEFT incident reported in Kolkata City,Kolkata City,True,Kolkata City,22.587129528315828,88.34787427308596
FIR-INDIA-2025-03881,2025-09-21 14:15:00,ASSAULT,ASSAULT incident reported in Bengaluru City,Bengaluru City,False,Bengaluru City,12.96660923525042,77.61958624851017
FIR-INDIA-2023-03882,2023-03-23 02:46:00,ASSAULT,ASSAULT incident reported in Hyderabad Metro,Hyderabad Metro,False,Hyderabad Metro,17.384439070520152,78.4778743634151
FIR-INDIA-2025-03883,2025-04-05 20:06:00,ROBBERY,ROBBERY incident reported in Delhi NCR,Delhi NCR,False,Delhi NCR,28.597383830145528,77.2089885051425
FIR-INDIA-2025-03884,2025-12-24 20:57:00,ASSAULT,ASSAULT incident reported in Mumbai Metro,Mumbai Metro,True,Mumbai Metro,19.047562187015068,72.86579059367027
FIR-INDIA-2023-03885,2023-06-10 21:16:00,THEFT,THEFT incident reported in Kolkata City,Kolkata City,True,Kolkata City,22.58699362106708,88.35904020109447
FIR-INDIA-2026-03886,2026-02-13 17:54:00,ASSAULT,ASSAULT incident reported in Hyderabad Metro,Hyderabad Metro,False,Hyderabad Metro,17.384767045408775,78.47561242848366
FIR-INDIA-2026-03887,2026-08-06 01:23:00,THEFT,THEFT incident reported in Mumbai Metro,Mumbai Metro,False,Mumbai Metro,19.045881453051642,72.86553993090021
FIR-INDIA-2025-03888,2025-01-21 07:44:00,ROBBERY,ROBBERY incident reported in Bengaluru City,Bengaluru City,True,Bengaluru City,12.948980823442124,77.61271281255597
FIR-INDIA-2023-03889,2023-01-21 14:15:00,CYBER,CYBER incident reported in Mumbai Metro,Mumbai Metro,False,Mumbai Metro,19.095701551341747,72.86369396986431
FIR-INDIA-2025-03890,2025-07-10 13:24:00,OTHER,OTHER incident reported in Bengaluru City,Bengaluru City,True,Bengaluru City,12.95712268460763,77.62534056389548
FIR-INDIA-2026-03891,2026-08-03 18:40:00,THEFT,THEFT incident reported in Kolkata City,Kolkata City,False,Kolkata City,22.57944549468465,88.36395927614448
FIR-INDIA-2025-03892,2025-01-25 20:18:00,CYBER,CYBER incident reported in Hyderabad Metro,Hyderabad Metro,False,Hyderabad Metro,17.4004556159866,78.47752001738289
FIR-INDIA-2023-03893,2023-08-27 02:08:00,CYBER,CYBER incident reported in Chennai Metro,Chennai Metro,False,Chennai Metro,13.08806448733246,80.27014176777942
FIR-INDIA-2024-03894,2024-02-04 03:06:00,CYBER,CYBER incident reported in Chennai Metro,Chennai Metro,False,Chennai Metro,13.063749139174156,80.27568569823572
FIR-INDIA-2026-03895,2026-01-31 21:09:00,ASSAULT,ASSAULT incident reported in Bengaluru City,Bengaluru City,False,Bengaluru City,12.96566264369122,77.5935201383169
FIR-INDIA-2026-03896,2026-03-02 12:06:00,ROBBERY,ROBBERY incident reported in Delhi NCR,Delhi NCR,True,Delhi NCR,28.593383741731586,77.21005347675505
FIR-INDIA-2025-03897,2025-02-24 13:08:00,CYBER,CYBER incident reported in Chennai Metro,Chennai Metro,False,Chennai Metro,13.108680382604105,80.28732553073979
FIR-INDIA-2026-03898,2026-06-21 08:25:00,THEFT,THEFT incident reported in Delhi NCR,Delhi NCR,False,Delhi NCR,28.60323739028221,77.23178125007581
FIR-INDIA-2023-03899,2023-03-17 23:18:00,BURGLARY,BURGLARY incident reported in Bengaluru City,Bengaluru City,False,Bengaluru City,12.962482255336733,77.60829879129885
FIR-INDIA-2026-03900,2026-02-02 20:28:00,THEFT,THEFT incident reported in Bengaluru City,Bengaluru City,True,Bengaluru City,12.987965004934198,77.58068970457084
FIR-INDIA-2026-03901,2026-04-04 03:14:00,THEFT,THEFT incident reported in Chennai Metro,Chennai Metro,False,Chennai Metro,13.084117929003844,80.30024059817298
FIR-INDIA-2024-03902,2024-11-12 06:30:00,ASSAULT,ASSAULT incident reported in Delhi NCR,Delhi NCR,False,Delhi NCR,28.638203826228487,77.23700948082995
FIR-INDIA-2025-03903,2025-01-12 09:26:00,ASSAULT,ASSAULT incident reported in Hyderabad Metro,Hyderabad Metro,False,Hyderabad Metro,17.37108004931406,78.48495768763088
FIR-INDIA-2025-03904,2025-07-02 14:45:00,THEFT,THEFT incident reported in Pune,Pune,False,Pune,18.51623317185776,73.85705190209514
FIR-INDIA-2024-03905,2024-12-07 19:42:00,ASSAULT,ASSAULT incident reported in Chennai Metro,Chennai Metro,False,Chennai Metro,13.104988718661746,80.25234261003934
FIR-INDIA-2023-03906,2023-12-16 06:19:00,CYBER,CYBER incident reported in Bengaluru City,Bengaluru City,True,Bengaluru City,12.957183439469562,77.60886170994115
FIR-INDIA-2023-03907,2023-11-28 14:08:00,THEFT,THEFT incident reported in Kolkata City,Kolkata City,False,Kolkata City,22.56635717837804,88.35053514916017
FIR-INDIA-2025-03908,2025-10-21 03:48:00,BURGLARY,BURGLARY incident reported in Ahmedabad,Ahmedabad,True,Ahmedabad,23.00461962369123,72.58997515560621
FIR-INDIA-2024-03909,2024-03-11 06:40:00,THEFT,THEFT incident reported in Bengaluru City,Bengaluru City,False,Bengaluru City,12.967394484141161,77.60322506570272
FIR-INDIA-2026-03910,2026-03-18 02:04:00,ROBBERY,ROBBERY incident reported in Chennai Metro,Chennai Metro,False,Chennai Metro,13.078301305088697,80.25900339418828
FIR-INDIA-2025-03911,2025-02-26 03:30:00,THEFT,THEFT incident reported in Chennai Metro,Chennai Metro,False,Chennai Metro,13.060449626488841,80.25716066197906
FIR-INDIA-2025-03912,2025-11-13 06:16:00,ASSAULT,ASSAULT incident reported in Bengaluru City,Bengaluru City,False,Bengaluru City,12.978730837844456,77.62442149383945
FIR-INDIA-2026-03913,2026-02-07 13:40:00,THEFT,THEFT incident reported in Mumbai Metro,Mumbai Metro,True,Mumbai Metro,19.06836627681463,72.9096740750991
FIR-INDIA-2026-03914,2026-08-04 19:36:00,THEFT,THEFT incident reported in Kolkata City,Kolkata City,True,Kolkata City,22.549151081924354,88.36953629521427
FIR-INDIA-2024-03915,2024-05-18 01:38:00,ASSAULT,ASSAULT incident reported in Ahmedabad,Ahmedabad,False,Ahmedabad,23.029826925407427,72.5882385963648
FIR-INDIA-2025-03916,2025-12-03 19:43:00,THEFT,THEFT incident reported in Delhi NCR,Delhi NCR,False,Delhi NCR,28.62350285547874,77.20670990260295
FIR-INDIA-2026-03917,2026-07-03 00:12:00,ROBBERY,ROBBERY incident reported in Chennai Metro,Chennai Metro,True,Chennai Metro,13.079918119952037,80.2352375733988
FIR-INDIA-2023-03918,2023-10-12 05:35:00,THEFT,THEFT incident reported in Bengaluru City,Bengaluru City,True,Bengaluru City,12.972546318058644,77.60706060963031
FIR-INDIA-2024-03919,2024-11-02 16:16:00,BURGLARY,BURGLARY incident reported in Kolkata City,Kolkata City,False,Kolkata City,22.59012260738347,88.35301023291119
FIR-INDIA-2026-03920,2026-03-23 04:04:00,THEFT,THEFT incident reported in Mumbai Metro,Mumbai Metro,False,Mumbai Metro,19.073662153040853,72.8676864378786
FIR-INDIA-2025-03921,2025-03-10 04:08:00,OTHER,OTHER incident reported in Bengaluru City,Bengaluru City,False,Bengaluru City,12.987234202328434,77.60929379898836
FIR-INDIA-2023-03922,2023-11-25 17:14:00,CYBER,CYBER incident reported in Mumbai Metro,Mumbai Metro,False,Mumbai Metro,19.096297742168915,72.87997843128923
FIR-INDIA-2025-03923,2025-06-14 17:16:00,THEFT,THEFT incident reported in Mumbai Metro,Mumbai Metro,True,Mumbai Metro,19.084498365110225,72.89063108397127
FIR-INDIA-2025-03924,2025-05-25 09:26:00,ASSAULT,ASSAULT incident reported in Delhi NCR,Delhi NCR,False,Delhi NCR,28.62719932182094,77.21901570258585
FIR-INDIA-2023-03925,2023-08-27 17:14:00,CYBER,CYBER incident reported in Delhi NCR,Delhi NCR,False,Delhi NCR,28.624715913803332,77.19098377170783
FIR-INDIA-2026-03926,2026-02-24 23:54:00,CYBER,CYBER incident reported in Bengaluru City,Bengaluru City,False,Bengaluru City,12.97383262961134,77.58509797986846
FIR-INDIA-2024-03927,2024-07-29 06:02:00,BURGLARY,BURGLARY incident reported in Hyderabad Metro,Hyderabad Metro,False,Hyderabad Metro,17.391658466545433,78.48866941603266
FIR-INDIA-2024-03928,2024-01-09 21:52:00,THEFT,THEFT incident reported in Mumbai Metro,Mumbai Metro,False,Mumbai Metro,19.07141927920141,72.88220151587431
FIR-INDIA-2023-03929,2023-08-29 23:23:00,THEFT,THEFT incident reported in Bengaluru City,Bengaluru City,True,Bengaluru City,12.97611347398315,77.57531682200624
FIR-INDIA-2025-03930,2025-05-17 13:56:00,CYBER,CYBER incident reported in Chennai Metro,Chennai Metro,False,Chennai Metro,13.111732514744148,80.28640434171017
FIR-INDIA-2023-03931,2023-04-29 04:03:00,CYBER,CYBER incident reported in Delhi NCR,Delhi NCR,False,Delhi NCR,28.600732437759333,77.21526538881164
FIR-INDIA-2023-03932,2023-03-14 19:38:00,CYBER,CYBER incident reported in Mumbai Metro,Mumbai Metro,False,Mumbai Metro,19.072157892974463,72.88575353622743
FIR-INDIA-2024-03933,2024-01-26 12:09:00,THEFT,THEFT incident reported in Delhi NCR,Delhi NCR,False,Delhi NCR,28.644574771574547,77.20517195328758
FIR-INDIA-2025-03934,2025-01-27 09:23:00,THEFT,THEFT incident reported in Delhi NCR,Delhi NCR,False,Delhi NCR,28.60764090748898,77.22235844680871
FIR-INDIA-2026-03935,2026-08-25 16:28:00,ASSAULT,ASSAULT incident reported in Kolkata City,Kolkata City,True,Kolkata City,22.575331641494145,88.35653520346149
FIR-INDIA-2025-03936,2025-12-07 22:31:00,THEFT,THEFT incident reported in Hyderabad Metro,Hyderabad Metro,False,Hyderabad Metro,17.36941305447623,78.49299352411646
FIR-INDIA-2024-03937,2024-04-02 20:55:00,THEFT,THEFT incident reported in Mumbai Metro,Mumbai Metro,True,Mumbai Metro,19.068795533683755,72.86108370575228
FIR-INDIA-2025-03938,2025-06-26 08:56:00,BURGLARY,BURGLARY incident reported in Kolkata City,Kolkata City,False,Kolkata City,22.565756311466547,88.36839150833742
FIR-INDIA-2025-03939,2025-09-29 10:09:00,THEFT,THEFT incident reported in Mumbai Metro,Mumbai Metro,False,Mumbai Metro,19.072714518130898,72.87029998087228
FIR-INDIA-2026-03940,2026-03-13 17:17:00,THEFT,THEFT incident reported in Delhi NCR,Delhi NCR,False,Delhi NCR,28.612420707261002,77.21373718265113
FIR-INDIA-2024-03941,2024-04-17 20:23:00,THEFT,THEFT incident reported in Bengaluru City,Bengaluru City,False,Bengaluru City,12.989073214036969,77.56738215432598
FIR-INDIA-2023-03942,2023-01-05 00:34:00,ROBBERY,ROBBERY incident reported in Delhi NCR,Delhi NCR,False,Delhi NCR,28.627455642869236,77.21363886932282
FIR-INDIA-2026-03943,2026-08-08 01:08:00,THEFT,THEFT incident reported in Ahmedabad,Ahmedabad,True,Ahmedabad,23.01149692014043,72.58147247601697
FIR-INDIA-2024-03944,2024-06-09 05:45:00,ASSAULT,ASSAULT incident reported in Chennai Metro,Chennai Metro,False,Chennai Metro,13.10834786314622,80.27855500763489
FIR-INDIA-2024-03945,2024-01-02 01:00:00,CYBER,CYBER incident reported in Ahmedabad,Ahmedabad,False,Ahmedabad,22.99636172843545,72.58765215610646
FIR-INDIA-2025-03946,2025-02-22 23:30:00,ASSAULT,ASSAULT incident reported in Mumbai Metro,Mumbai Metro,False,Mumbai Metro,19.104663144943473,72.8701477998961
FIR-INDIA-2025-03947,2025-03-30 18:45:00,ROBBERY,ROBBERY incident reported in Bengaluru City,Bengaluru City,True,Bengaluru City,12.978317056216316,77.59199096376969
FIR-INDIA-2024-03948,2024-05-24 13:48:00,ROBBERY,ROBBERY incident reported in Mumbai Metro,Mumbai Metro,False,Mumbai Metro,19.070989117331855,72.87102974270195
FIR-INDIA-2023-03949,2023-10-25 17:57:00,ASSAULT,ASSAULT incident reported in Kolkata City,Kolkata City,False,Kolkata City,22.5669627470732,88.36077729133702
FIR-INDIA-2026-03950,2026-03-20 05:03:00,BURGLARY,BURGLARY incident reported in Mumbai Metro,Mumbai Metro,True,Mumbai Metro,19.099147986307692,72.92543765710774
FIR-INDIA-2023-03951,2023-09-03 04:30:00,THEFT,THEFT incident reported in Kolkata City,Kolkata City,False,Kolkata City,22.60070128404397,88.34175345912905
FIR-INDIA-2026-03952,2026-06-26 02:00:00,THEFT,THEFT incident reported in Hyderabad Metro,Hyderabad Metro,False,Hyderabad Metro,17.34329856976007,78.49601635594561
FIR-INDIA-2024-03953,2024-09-17 07:52:00,ASSAULT,ASSAULT incident reported in Bengaluru City,Bengaluru City,True,Bengaluru City,12.978632128234104,77.5837601164883
FIR-INDIA-2025-03954,2025-10-19 19:26:00,BURGLARY,BURGLARY incident reported in Delhi NCR,Delhi NCR,False,Delhi NCR,28.62490600284994,77.19341345717794
FIR-INDIA-2024-03955,2024-06-08 18:35:00,BURGLARY,BURGLARY incident reported in Delhi NCR,Delhi NCR,False,Delhi NCR,28.604346217776303,77.2050074054965
FIR-INDIA-2023-03956,2023-03-16 08:19:00,THEFT,THEFT incident reported in Hyderabad Metro,Hyderabad Metro,False,Hyderabad Metro,17.387756099688126,78.48932836037771
FIR-INDIA-2025-03957,2025-02-23 13:58:00,THEFT,THEFT incident reported in Chennai Metro,Chennai Metro,False,Chennai Metro,13.072037662776829,80.25458441313775
FIR-INDIA-2025-03958,2025-04-26 06:22:00,THEFT,THEFT incident reported in Delhi NCR,Delhi NCR,True,Delhi NCR,28.58772776189515,77.19565510364247
FIR-INDIA-2023-03959,2023-06-28 04:24:00,ASSAULT,ASSAULT incident reported in Bengaluru City,Bengaluru City,False,Bengaluru City,12.958155547853258,77.59923867268486
FIR-INDIA-2023-03960,2023-12-11 01:05:00,BURGLARY,BURGLARY incident reported in Kolkata City,Kolkata City,True,Kolkata City,22.564610208842822,88.34915447434832
FIR-INDIA-2026-03961,2026-03-13 15:35:00,CYBER,CYBER incident reported in Chennai Metro,Chennai Metro,True,Chennai Metro,13.078784628033386,80.25916791263842
FIR-INDIA-2024-03962,2024-05-20 17:03:00,THEFT,THEFT incident reported in Hyderabad Metro,Hyderabad Metro,False,Hyderabad Metro,17.39781742541732,78.50944021329026
FIR-INDIA-2026-03963,2026-03-12 02:19:00,THEFT,THEFT incident reported in Chennai Metro,Chennai Metro,True,Chennai Metro,13.058243744889735,80.29831255886457
FIR-INDIA-2025-03964,2025-05-14 16:09:00,ROBBERY,ROBBERY incident reported in Ahmedabad,Ahmedabad,True,Ahmedabad,23.02001703211896,72.57762464379466
FIR-INDIA-2023-03965,2023-04-02 22:55:00,THEFT,THEFT incident reported in Delhi NCR,Delhi NCR,True,Delhi NCR,28.59848099858043,77.19924791789826
FIR-INDIA-2024-03966,2024-12-10 04:42:00,OTHER,OTHER incident reported in Chennai Metro,Chennai Metro,False,Chennai Metro,13.074089412233272,80.2615286984355
FIR-INDIA-2023-03967,2023-02-25 18:48:00,THEFT,THEFT incident reported in Kolkata City,Kolkata City,False,Kolkata City,22.557376248421082,88.30774557279041
FIR-INDIA-2025-03968,2025-06-06 17:45:00,ROBBERY,ROBBERY incident reported in Bengaluru City,Bengaluru City,False,Bengaluru City,12.996315530504567,77.58778831300327
FIR-INDIA-2026-03969,2026-06-15 15:47:00,THEFT,THEFT incident reported in Bengaluru City,Bengaluru City,False,Bengaluru City,12.972885445292235,77.59250098929238
FIR-INDIA-2025-03970,2025-04-09 15:15:00,ROBBERY,ROBBERY incident reported in Mumbai Metro,Mumbai Metro,False,Mumbai Metro,19.079576233645046,72.87760051675487
FIR-INDIA-2024-03971,2024-07-18 04:31:00,ROBBERY,ROBBERY incident reported in Chennai Metro,Chennai Metro,False,Chennai Metro,13.09076923525987,80.29190327835802
FIR-INDIA-2024-03972,2024-09-27 19:39:00,THEFT,THEFT incident reported in Bengaluru City,Bengaluru City,False,Bengaluru City,12.987143565787402,77.61092982296869
FIR-INDIA-2024-03973,2024-04-25 03:54:00,THEFT,THEFT incident reported in Bengaluru City,Bengaluru City,False,Bengaluru City,12.97128255938254,77.60373411160747
FIR-INDIA-2024-03974,2024-01-12 22:59:00,ASSAULT,ASSAULT incident reported in Chennai Metro,Chennai Metro,False,Chennai Metro,13.081510806535913,80.2662952023191
FIR-INDIA-2023-03975,2023-10-06 16:15:00,ROBBERY,ROBBERY incident reported in Delhi NCR,Delhi NCR,False,Delhi NCR,28.614591818761035,77.18859650101668
FIR-INDIA-2023-03976,2023-12-25 19:04:00,THEFT,THEFT incident reported in Ahmedabad,Ahmedabad,False,Ahmedabad,23.016493854726292,72.58969352035008
FIR-INDIA-2023-03977,2023-04-01 01:39:00,THEFT,THEFT incident reported in Chennai Metro,Chennai Metro,False,Chennai Metro,13.093470916062218,80.25387116108409
FIR-INDIA-2026-03978,2026-02-13 19:32:00,THEFT,THEFT incident reported in Kolkata City,Kolkata City,False,Kolkata City,22.552015730292062,88.35946534031447
FIR-INDIA-2024-03979,2024-12-29 12:02:00,ASSAULT,ASSAULT incident reported in Mumbai Metro,Mumbai Metro,False,Mumbai Metro,19.087927496272023,72.86595201414839
FIR-INDIA-2023-03980,2023-07-21 03:23:00,THEFT,THEFT incident reported in Kolkata City,Kolkata City,True,Kolkata City,22.592597145317434,88.37615490340474
FIR-INDIA-2024-03981,2024-11-01 20:42:00,THEFT,THEFT incident reported in Kolkata City,Kolkata City,False,Kolkata City,22.56253878276747,88.36335608235676
FIR-INDIA-2024-03982,2024-05-09 13:35:00,THEFT,THEFT incident reported in Mumbai Metro,Mumbai Metro,False,Mumbai Metro,19.08007365526484,72.89137469602711
FIR-INDIA-2023-03983,2023-10-07 23:54:00,ASSAULT,ASSAULT incident reported in Delhi NCR,Delhi NCR,False,Delhi NCR,28.605496454033066,77.24491017999436
FIR-INDIA-2025-03984,2025-06-27 14:55:00,THEFT,THEFT incident reported in Kolkata City,Kolkata City,True,Kolkata City,22.560132630599465,88.37463505121846
FIR-INDIA-2024-03985,2024-11-22 20:14:00,BURGLARY,BURGLARY incident reported in Hyderabad Metro,Hyderabad Metro,False,Hyderabad Metro,17.39878461547922,78.47574649054212
FIR-INDIA-2023-03986,2023-11-06 19:25:00,ROBBERY,ROBBERY incident reported in Bengaluru City,Bengaluru City,False,Bengaluru City,12.967193731807921,77.57922040646159
FIR-INDIA-2023-03987,2023-09-28 18:08:00,BURGLARY,BURGLARY incident reported in Pune,Pune,False,Pune,18.50475860607294,73.84454590639078
FIR-INDIA-2025-03988,2025-06-09 21:52:00,ASSAULT,ASSAULT incident reported in Delhi NCR,Delhi NCR,False,Delhi NCR,28.622568607745336,77.21879780957818
FIR-INDIA-2023-03989,2023-05-29 16:02:00,THEFT,THEFT incident reported in Mumbai Metro,Mumbai Metro,False,Mumbai Metro,19.045659602534947,72.87117059398312
FIR-INDIA-2025-03990,2025-04-24 08:30:00,ROBBERY,ROBBERY incident reported in Pune,Pune,False,Pune,18.508781698051266,73.83858146855272
FIR-INDIA-2023-03991,2023-07-30 12:34:00,THEFT,THEFT incident reported in Delhi NCR,Delhi NCR,True,Delhi NCR,28.608859848061293,77.20638769570411
FIR-INDIA-2023-03992,2023-06-26 08:48:00,THEFT,THEFT incident reported in Kolkata City,Kolkata City,False,Kolkata City,22.570063855379743,88.38036138828357
FIR-INDIA-2026-03993,2026-01-09 09:21:00,CYBER,CYBER incident reported in Hyderabad Metro,Hyderabad Metro,False,Hyderabad Metro,17.38040131640086,78.48622517816567
FIR-INDIA-2025-03994,2025-09-01 07:35:00,ASSAULT,ASSAULT incident reported in Delhi NCR,Delhi NCR,False,Delhi NCR,28.630156532975594,77.23415065002101
FIR-INDIA-2025-03995,2025-01-29 07:44:00,THEFT,THEFT incident reported in Delhi NCR,Delhi NCR,False,Delhi NCR,28.629149063053305,77.22406403677411
FIR-INDIA-2023-03996,2023-08-16 08:16:00,THEFT,THEFT incident reported in Bengaluru City,Bengaluru City,False,Bengaluru City,12.969650679417358,77.58549264420732
FIR-INDIA-2025-03997,2025-10-02 12:20:00,THEFT,THEFT incident reported in Mumbai Metro,Mumbai Metro,False,Mumbai Metro,19.09998451303097,72.8580994170261
FIR-INDIA-2024-03998,2024-05-03 08:14:00,THEFT,THEFT incident reported in Delhi NCR,Delhi NCR,False,Delhi NCR,28.62710123995298,77.21558223489792
FIR-INDIA-2024-03999,2024-01-30 05:57:00,ASSAULT,ASSAULT incident reported in Ahmedabad,Ahmedabad,False,Ahmedabad,23.036642400788065,72.57108731282942
FIR-INDIA-2026-04000,2026-07-09 19:52:00,BURGLARY,BURGLARY incident reported in Bengaluru City,Bengaluru City,False,Bengaluru City,12.999570169058074,77.6104547428222
FIR-INDIA-2023-04001,2023-04-03 21:20:00,THEFT,THEFT incident reported in Mumbai Metro,Mumbai Metro,True,Mumbai Metro,19.083018606000685,72.87733789037345
FIR-INDIA-2025-04002,2025-08-01 05:55:00,CYBER,CYBER incident reported in Bengaluru City,Bengaluru City,False,Bengaluru City,12.972157670756213,77.58121053872567
FIR-INDIA-2025-04003,2025-01-11 01:51:00,ASSAULT,ASSAULT incident reported in Mumbai Metro,Mumbai Metro,False,Mumbai Metro,19.071895643589023,72.90073268339502
FIR-INDIA-2026-04004,2026-07-12 18:11:00,ASSAULT,ASSAULT incident reported in Delhi NCR,Delhi NCR,False,Delhi NCR,28.628984142909452,77.20916872804997
FIR-INDIA-2023-04005,2023-05-22 19:01:00,ASSAULT,ASSAULT incident reported in Delhi NCR,Delhi NCR,False,Delhi NCR,28.607944943355317,77.20717910185022
FIR-INDIA-2026-04006,2026-03-02 02:47:00,ASSAULT,ASSAULT incident reported in Ahmedabad,Ahmedabad,False,Ahmedabad,23.02226054984458,72.59120712771436
FIR-INDIA-2025-04007,2025-10-23 21:52:00,BURGLARY,BURGLARY incident reported in Bengaluru City,Bengaluru City,False,Bengaluru City,12.966054963794488,77.57976175709754
FIR-INDIA-2025-04008,2025-04-23 08:23:00,THEFT,THEFT incident reported in Delhi NCR,Delhi NCR,False,Delhi NCR,28.617975665275694,77.23156348265542
FIR-INDIA-2026-04009,2026-04-04 21:38:00,THEFT,THEFT incident reported in Kolkata City,Kolkata City,True,Kolkata City,22.581208729998654,88.34549487913317
FIR-INDIA-2025-04010,2025-12-28 11:11:00,THEFT,THEFT incident reported in Mumbai Metro,Mumbai Metro,False,Mumbai Metro,19.070871875320655,72.88841677228729
FIR-INDIA-2024-04011,2024-02-19 09:15:00,ROBBERY,ROBBERY incident reported in Delhi NCR,Delhi NCR,False,Delhi NCR,28.609043334587696,77.1845588527392
FIR-INDIA-2024-04012,2024-10-24 04:50:00,THEFT,THEFT incident reported in Chennai Metro,Chennai Metro,True,Chennai Metro,13.105106973799417,80.25197395088837
FIR-INDIA-2026-04013,2026-05-01 03:41:00,THEFT,THEFT incident reported in Bengaluru City,Bengaluru City,True,Bengaluru City,12.981076832603373,77.58218079368191
FIR-INDIA-2023-04014,2023-02-05 07:25:00,CYBER,CYBER incident reported in Chennai Metro,Chennai Metro,False,Chennai Metro,13.103614513804619,80.2661170679961
FIR-INDIA-2026-04015,2026-02-05 09:14:00,BURGLARY,BURGLARY incident reported in Kolkata City,Kolkata City,False,Kolkata City,22.571671549359962,88.36473760161667
FIR-INDIA-2024-04016,2024-06-25 18:09:00,BURGLARY,BURGLARY incident reported in Ahmedabad,Ahmedabad,False,Ahmedabad,22.999722552597845,72.56913250386513
FIR-INDIA-2025-04017,2025-08-25 02:34:00,ROBBERY,ROBBERY incident reported in Bengaluru City,Bengaluru City,False,Bengaluru City,12.983728791340413,77.60528438405368
FIR-INDIA-2023-04018,2023-04-28 17:28:00,THEFT,THEFT incident reported in Delhi NCR,Delhi NCR,False,Delhi NCR,28.591717984081903,77.21552122483384
FIR-INDIA-2024-04019,2024-06-08 20:11:00,CYBER,CYBER incident reported in Pune,Pune,False,Pune,18.507368765123726,73.86154279898778
FIR-INDIA-2023-04020,2023-02-19 10:22:00,OTHER,OTHER incident reported in Mumbai Metro,Mumbai Metro,False,Mumbai Metro,19.072792295134427,72.89238445026463
FIR-INDIA-2024-04021,2024-09-01 15:23:00,THEFT,THEFT incident reported in Delhi NCR,Delhi NCR,False,Delhi NCR,28.617990927486655,77.22725046746507
FIR-INDIA-2025-04022,2025-09-27 18:41:00,BURGLARY,BURGLARY incident reported in Mumbai Metro,Mumbai Metro,False,Mumbai Metro,19.088376247269984,72.86298510703848
FIR-INDIA-2024-04023,2024-06-12 18:09:00,BURGLARY,BURGLARY incident reported in Bengaluru City,Bengaluru City,False,Bengaluru City,12.99548748289596,77.59026456395495
FIR-INDIA-2024-04024,2024-08-22 21:20:00,CYBER,CYBER incident reported in Ahmedabad,Ahmedabad,False,Ahmedabad,23.00154690967893,72.58267252002112
FIR-INDIA-2023-04025,2023-11-05 04:35:00,ROBBERY,ROBBERY incident reported in Delhi NCR,Delhi NCR,False,Delhi NCR,28.5987782105615,77.22761983339318
FIR-INDIA-2024-04026,2024-05-31 16:19:00,THEFT,THEFT incident reported in Kolkata City,Kolkata City,True,Kolkata City,22.575921854572016,88.36691832466333
FIR-INDIA-2026-04027,2026-01-18 01:36:00,ASSAULT,ASSAULT incident reported in Mumbai Metro,Mumbai Metro,True,Mumbai Metro,19.07161013189986,72.90642977962177
FIR-INDIA-2023-04028,2023-02-07 07:17:00,THEFT,THEFT incident reported in Mumbai Metro,Mumbai Metro,False,Mumbai Metro,19.083888506278484,72.86483246303223
FIR-INDIA-2023-04029,2023-06-05 03:19:00,CYBER,CYBER incident reported in Delhi NCR,Delhi NCR,False,Delhi NCR,28.604268410976164,77.21004490515398
FIR-INDIA-2023-04030,2023-05-08 20:15:00,BURGLARY,BURGLARY incident reported in Delhi NCR,Delhi NCR,True,Delhi NCR,28.61056423047971,77.18606749239314
FIR-INDIA-2025-04031,2025-05-01 21:56:00,OTHER,OTHER incident reported in Ahmedabad,Ahmedabad,False,Ahmedabad,23.027340572304368,72.57227417838962
FIR-INDIA-2026-04032,2026-08-14 05:45:00,THEFT,THEFT incident reported in Bengaluru City,Bengaluru City,False,Bengaluru City,12.99994859176548,77.60721903174056
FIR-INDIA-2026-04033,2026-01-22 22:45:00,THEFT,THEFT incident reported in Kolkata City,Kolkata City,False,Kolkata City,22.553557985507883,88.36031775066252
FIR-INDIA-2026-04034,2026-08-11 04:52:00,ASSAULT,ASSAULT incident reported in Bengaluru City,Bengaluru City,False,Bengaluru City,12.960684187049273,77.61059164400795
FIR-INDIA-2023-04035,2023-04-02 11:06:00,ASSAULT,ASSAULT incident reported in Chennai Metro,Chennai Metro,False,Chennai Metro,13.13481170713577,80.27641000534157
FIR-INDIA-2025-04036,2025-06-23 08:10:00,ROBBERY,ROBBERY incident reported in Delhi NCR,Delhi NCR,True,Delhi NCR,28.59541991839106,77.19807146955327
FIR-INDIA-2026-04037,2026-06-27 14:28:00,THEFT,THEFT incident reported in Bengaluru City,Bengaluru City,False,Bengaluru City,12.963688912882295,77.58638309638583
FIR-INDIA-2025-04038,2025-06-28 13:38:00,CYBER,CYBER incident reported in Bengaluru City,Bengaluru City,True,Bengaluru City,12.95889003565171,77.5806636975262
FIR-INDIA-2024-04039,2024-04-17 16:46:00,BURGLARY,BURGLARY incident reported in Chennai Metro,Chennai Metro,False,Chennai Metro,13.09719821357034,80.27965083927276
FIR-INDIA-2026-04040,2026-07-18 13:27:00,ASSAULT,ASSAULT incident reported in Chennai Metro,Chennai Metro,False,Chennai Metro,13.083094831437561,80.26364953342892
FIR-INDIA-2023-04041,2023-07-30 02:51:00,THEFT,THEFT incident reported in Kolkata City,Kolkata City,False,Kolkata City,22.562554345839835,88.35601350369728
FIR-INDIA-2023-04042,2023-04-17 15:36:00,THEFT,THEFT incident reported in Delhi NCR,Delhi NCR,False,Delhi NCR,28.58043802212089,77.18783032852183
FIR-INDIA-2023-04043,2023-11-19 06:35:00,ASSAULT,ASSAULT incident reported in Delhi NCR,Delhi NCR,False,Delhi NCR,28.611912067283587,77.22344796943844
FIR-INDIA-2026-04044,2026-05-10 23:01:00,ASSAULT,ASSAULT incident reported in Mumbai Metro,Mumbai Metro,True,Mumbai Metro,19.077664050973194,72.85355075895893
FIR-INDIA-2026-04045,2026-03-06 07:38:00,THEFT,THEFT incident reported in Pune,Pune,False,Pune,18.51543520219017,73.84616569763006
FIR-INDIA-2023-04046,2023-06-14 03:33:00,CYBER,CYBER incident reported in Chennai Metro,Chennai Metro,False,Chennai Metro,13.055751918046505,80.26346594053551
FIR-INDIA-2023-04047,2023-11-03 19:37:00,BURGLARY,BURGLARY incident reported in Chennai Metro,Chennai Metro,True,Chennai Metro,13.08116908080373,80.25527279119729
FIR-INDIA-2023-04048,2023-07-12 16:14:00,THEFT,THEFT incident reported in Hyderabad Metro,Hyderabad Metro,False,Hyderabad Metro,17.380833782087862,78.47318492892713
FIR-INDIA-2025-04049,2025-04-15 18:39:00,ROBBERY,ROBBERY incident reported in Hyderabad Metro,Hyderabad Metro,False,Hyderabad Metro,17.400580179891367,78.44703320130769
FIR-INDIA-2025-04050,2025-05-14 05:01:00,ROBBERY,ROBBERY incident reported in Kolkata City,Kolkata City,False,Kolkata City,22.571233831959887,88.37565229254315
FIR-INDIA-2024-04051,2024-07-11 05:52:00,ROBBERY,ROBBERY incident reported in Kolkata City,Kolkata City,False,Kolkata City,22.58262093387241,88.37550767487757
FIR-INDIA-2023-04052,2023-05-06 13:07:00,ROBBERY,ROBBERY incident reported in Kolkata City,Kolkata City,False,Kolkata City,22.586177324094567,88.36385288762037
FIR-INDIA-2023-04053,2023-03-23 21:57:00,ROBBERY,ROBBERY incident reported in Mumbai Metro,Mumbai Metro,False,Mumbai Metro,19.059979411994767,72.88286953456453
FIR-INDIA-2024-04054,2024-08-28 01:09:00,CYBER,CYBER incident reported in Delhi NCR,Delhi NCR,False,Delhi NCR,28.575751297825885,77.21604797996092
FIR-INDIA-2025-04055,2025-09-13 00:42:00,ROBBERY,ROBBERY incident reported in Mumbai Metro,Mumbai Metro,False,Mumbai Metro,19.068629419012137,72.87416737544525
FIR-INDIA-2026-04056,2026-08-24 21:38:00,ASSAULT,ASSAULT incident reported in Hyderabad Metro,Hyderabad Metro,False,Hyderabad Metro,17.41232189691952,78.47215187055984
FIR-INDIA-2024-04057,2024-01-31 22:34:00,THEFT,THEFT incident reported in Delhi NCR,Delhi NCR,False,Delhi NCR,28.607039825950764,77.198421765185
FIR-INDIA-2025-04058,2025-01-23 00:50:00,THEFT,THEFT incident reported in Chennai Metro,Chennai Metro,False,Chennai Metro,13.046355176507971,80.27951656888658
FIR-INDIA-2023-04059,2023-10-04 05:53:00,THEFT,THEFT incident reported in Bengaluru City,Bengaluru City,True,Bengaluru City,12.979115842950913,77.58425232178159
FIR-INDIA-2024-04060,2024-10-19 17:40:00,BURGLARY,BURGLARY incident reported in Mumbai Metro,Mumbai Metro,False,Mumbai Metro,19.042376951687697,72.87093141032136
FIR-INDIA-2025-04061,2025-07-17 00:41:00,CYBER,CYBER incident reported in Delhi NCR,Delhi NCR,False,Delhi NCR,28.60707768582878,77.19532093187105
FIR-INDIA-2023-04062,2023-09-09 04:22:00,ASSAULT,ASSAULT incident reported in Kolkata City,Kolkata City,False,Kolkata City,22.57843541260111,88.35322382137804
FIR-INDIA-2026-04063,2026-07-14 18:47:00,THEFT,THEFT incident reported in Kolkata City,Kolkata City,False,Kolkata City,22.591379865728978,88.3580199812288
FIR-INDIA-2024-04064,2024-02-06 02:09:00,ASSAULT,ASSAULT incident reported in Hyderabad Metro,Hyderabad Metro,False,Hyderabad Metro,17.402763985825178,78.48329339871871
FIR-INDIA-2025-04065,2025-12-30 12:31:00,ASSAULT,ASSAULT incident reported in Bengaluru City,Bengaluru City,False,Bengaluru City,12.977482429211333,77.58034918224094
FIR-INDIA-2025-04066,2025-05-29 23:31:00,THEFT,THEFT incident reported in Chennai Metro,Chennai Metro,False,Chennai Metro,13.080681174236988,80.24909537250157
FIR-INDIA-2025-04067,2025-07-31 12:00:00,ASSAULT,ASSAULT incident reported in Delhi NCR,Delhi NCR,False,Delhi NCR,28.62027208595596,77.18749339492425
FIR-INDIA-2025-04068,2025-02-17 18:59:00,ROBBERY,ROBBERY incident reported in Hyderabad Metro,Hyderabad Metro,False,Hyderabad Metro,17.403677690126575,78.51719163863791
FIR-INDIA-2024-04069,2024-11-19 19:37:00,ROBBERY,ROBBERY incident reported in Mumbai Metro,Mumbai Metro,True,Mumbai Metro,19.083279957309795,72.8863399193741
FIR-INDIA-2026-04070,2026-08-17 00:37:00,ROBBERY,ROBBERY incident reported in Kolkata City,Kolkata City,True,Kolkata City,22.56133250737431,88.3639575311849
FIR-INDIA-2023-04071,2023-04-09 04:35:00,THEFT,THEFT incident reported in Kolkata City,Kolkata City,True,Kolkata City,22.566641976047205,88.36394150793528
FIR-INDIA-2025-04072,2025-05-23 09:19:00,ASSAULT,ASSAULT incident reported in Bengaluru City,Bengaluru City,False,Bengaluru City,12.98361114814287,77.56257536698305
FIR-INDIA-2026-04073,2026-04-12 02:47:00,THEFT,THEFT incident reported in Hyderabad Metro,Hyderabad Metro,False,Hyderabad Metro,17.377661887138036,78.497512356498
FIR-INDIA-2023-04074,2023-01-21 19:37:00,ASSAULT,ASSAULT incident reported in Hyderabad Metro,Hyderabad Metro,False,Hyderabad Metro,17.37860742417482,78.49368964513347
FIR-INDIA-2026-04075,2026-04-19 04:02:00,THEFT,THEFT incident reported in Delhi NCR,Delhi NCR,True,Delhi NCR,28.603346813190537,77.24517054010647
FIR-INDIA-2024-04076,2024-06-17 08:57:00,THEFT,THEFT incident reported in Mumbai Metro,Mumbai Metro,False,Mumbai Metro,19.08456044368445,72.86263964570878
FIR-INDIA-2024-04077,2024-03-04 11:32:00,THEFT,THEFT incident reported in Hyderabad Metro,Hyderabad Metro,True,Hyderabad Metro,17.380120260343453,78.49450365097694
FIR-INDIA-2024-04078,2024-10-25 04:20:00,THEFT,THEFT incident reported in Chennai Metro,Chennai Metro,False,Chennai Metro,13.062981389346513,80.2857783561583
FIR-INDIA-2023-04079,2023-02-07 02:42:00,THEFT,THEFT incident reported in Delhi NCR,Delhi NCR,False,Delhi NCR,28.61783993732441,77.21071534879522
FIR-INDIA-2024-04080,2024-10-29 05:38:00,THEFT,THEFT incident reported in Delhi NCR,Delhi NCR,True,Delhi NCR,28.60759313972444,77.20010860752882
FIR-INDIA-2026-04081,2026-01-12 04:40:00,BURGLARY,BURGLARY incident reported in Delhi NCR,Delhi NCR,False,Delhi NCR,28.59215986781055,77.20412975945376
FIR-INDIA-2024-04082,2024-12-03 07:47:00,THEFT,THEFT incident reported in Kolkata City,Kolkata City,False,Kolkata City,22.56675287991382,88.3692732739716
FIR-INDIA-2023-04083,2023-06-27 23:24:00,ASSAULT,ASSAULT incident reported in Hyderabad Metro,Hyderabad Metro,False,Hyderabad Metro,17.38779085951315,78.49476082494276
FIR-INDIA-2025-04084,2025-09-02 22:44:00,THEFT,THEFT incident reported in Hyderabad Metro,Hyderabad Metro,False,Hyderabad Metro,17.38860160958386,78.48971093071086
FIR-INDIA-2024-04085,2024-11-18 04:37:00,BURGLARY,BURGLARY incident reported in Chennai Metro,Chennai Metro,False,Chennai Metro,13.057974838485368,80.25439902032721
FIR-INDIA-2025-04086,2025-06-25 20:14:00,THEFT,THEFT incident reported in Hyderabad Metro,Hyderabad Metro,False,Hyderabad Metro,17.392120342567313,78.48074836469458
FIR-INDIA-2026-04087,2026-04-24 11:25:00,ASSAULT,ASSAULT incident reported in Chennai Metro,Chennai Metro,False,Chennai Metro,13.0603466503679,80.27394487335164
FIR-INDIA-2023-04088,2023-11-02 22:37:00,THEFT,THEFT incident reported in Delhi NCR,Delhi NCR,True,Delhi NCR,28.626808199943916,77.21962015546818
FIR-INDIA-2024-04089,2024-10-11 08:01:00,THEFT,THEFT incident reported in Kolkata City,Kolkata City,False,Kolkata City,22.574137360103766,88.35352222416351
FIR-INDIA-2025-04090,2025-02-06 23:41:00,CYBER,CYBER incident reported in Bengaluru City,Bengaluru City,False,Bengaluru City,12.96826875491508,77.58098969175428
FIR-INDIA-2023-04091,2023-11-10 06:35:00,ROBBERY,ROBBERY incident reported in Mumbai Metro,Mumbai Metro,False,Mumbai Metro,19.098688009929127,72.89291385321897
FIR-INDIA-2024-04092,2024-12-31 08:48:00,ASSAULT,ASSAULT incident reported in Delhi NCR,Delhi NCR,False,Delhi NCR,28.591740263097567,77.2048259594773
FIR-INDIA-2024-04093,2024-08-23 15:11:00,CYBER,CYBER incident reported in Mumbai Metro,Mumbai Metro,True,Mumbai Metro,19.084726766826222,72.88545698242973
FIR-INDIA-2024-04094,2024-05-26 13:16:00,ASSAULT,ASSAULT incident reported in Pune,Pune,False,Pune,18.51094693518117,73.8621725223272
FIR-INDIA-2023-04095,2023-07-09 11:26:00,CYBER,CYBER incident reported in Ahmedabad,Ahmedabad,False,Ahmedabad,22.99971508385679,72.56615110495224
FIR-INDIA-2024-04096,2024-05-25 17:17:00,ASSAULT,ASSAULT incident reported in Pune,Pune,True,Pune,18.501447422921206,73.85473065710858
FIR-INDIA-2024-04097,2024-10-09 04:49:00,THEFT,THEFT incident reported in Kolkata City,Kolkata City,True,Kolkata City,22.58681842014391,88.38027789892429
FIR-INDIA-2026-04098,2026-03-29 07:52:00,OTHER,OTHER incident reported in Chennai Metro,Chennai Metro,False,Chennai Metro,13.062383186126313,80.25465626505999
FIR-INDIA-2025-04099,2025-07-04 03:23:00,BURGLARY,BURGLARY incident reported in Delhi NCR,Delhi NCR,False,Delhi NCR,28.62792686662852,77.21365764866238
FIR-INDIA-2025-04100,2025-12-26 05:09:00,THEFT,THEFT incident reported in Bengaluru City,Bengaluru City,True,Bengaluru City,12.965242784687973,77.58816501121274
FIR-INDIA-2026-04101,2026-01-26 16:50:00,THEFT,THEFT incident reported in Ahmedabad,Ahmedabad,False,Ahmedabad,23.018037682671398,72.57069877334484
FIR-INDIA-2024-04102,2024-01-23 06:40:00,THEFT,THEFT incident reported in Pune,Pune,False,Pune,18.510729187861415,73.85693140881264
FIR-INDIA-2025-04103,2025-02-07 14:07:00,ROBBERY,ROBBERY incident reported in Chennai Metro,Chennai Metro,False,Chennai Metro,13.079777331203235,80.27265147752293
FIR-INDIA-2024-04104,2024-08-26 13:37:00,ROBBERY,ROBBERY incident reported in Delhi NCR,Delhi NCR,False,Delhi NCR,28.620481208266504,77.21402009538444
FIR-INDIA-2025-04105,2025-12-02 20:04:00,ROBBERY,ROBBERY incident reported in Pune,Pune,False,Pune,18.509723620188254,73.86310083969505
FIR-INDIA-2024-04106,2024-10-07 16:36:00,ASSAULT,ASSAULT incident reported in Pune,Pune,False,Pune,18.51834882198368,73.84684598886976
FIR-INDIA-2025-04107,2025-09-14 16:30:00,BURGLARY,BURGLARY incident reported in Bengaluru City,Bengaluru City,False,Bengaluru City,12.9930736837609,77.5981755649382
FIR-INDIA-2026-04108,2026-03-18 23:08:00,THEFT,THEFT incident reported in Chennai Metro,Chennai Metro,False,Chennai Metro,13.083139791069863,80.27299051295509
FIR-INDIA-2023-04109,2023-07-28 03:02:00,ROBBERY,ROBBERY incident reported in Kolkata City,Kolkata City,True,Kolkata City,22.584350926432005,88.3545222814634
FIR-INDIA-2026-04110,2026-01-06 17:40:00,THEFT,THEFT incident reported in Mumbai Metro,Mumbai Metro,False,Mumbai Metro,19.080946728302013,72.89376025274127
FIR-INDIA-2025-04111,2025-12-12 01:11:00,CYBER,CYBER incident reported in Delhi NCR,Delhi NCR,False,Delhi NCR,28.5952568182365,77.20639771573511
FIR-INDIA-2025-04112,2025-10-30 11:01:00,THEFT,THEFT incident reported in Delhi NCR,Delhi NCR,True,Delhi NCR,28.6101086571108,77.18962915513225
FIR-INDIA-2023-04113,2023-10-08 01:59:00,THEFT,THEFT incident reported in Mumbai Metro,Mumbai Metro,False,Mumbai Metro,19.064838507290162,72.87620849187417
FIR-INDIA-2023-04114,2023-11-08 01:47:00,ASSAULT,ASSAULT incident reported in Mumbai Metro,Mumbai Metro,False,Mumbai Metro,19.08803644964787,72.88413041692537
FIR-INDIA-2024-04115,2024-11-11 15:40:00,ASSAULT,ASSAULT incident reported in Bengaluru City,Bengaluru City,False,Bengaluru City,13.011345582061214,77.57776868728229
FIR-INDIA-2024-04116,2024-11-08 00:27:00,THEFT,THEFT incident reported in Chennai Metro,Chennai Metro,True,Chennai Metro,13.082927604961492,80.2629685734011
FIR-INDIA-2024-04117,2024-10-15 12:50:00,BURGLARY,BURGLARY incident reported in Hyderabad Metro,Hyderabad Metro,False,Hyderabad Metro,17.370800771201935,78.48174441336413
FIR-INDIA-2024-04118,2024-06-25 01:30:00,ROBBERY,ROBBERY incident reported in Chennai Metro,Chennai Metro,False,Chennai Metro,13.075209741935675,80.27670873680935
FIR-INDIA-2025-04119,2025-03-07 10:18:00,THEFT,THEFT incident reported in Chennai Metro,Chennai Metro,True,Chennai Metro,13.089531880559083,80.25633035481577
FIR-INDIA-2026-04120,2026-02-06 10:52:00,THEFT,THEFT incident reported in Ahmedabad,Ahmedabad,False,Ahmedabad,23.031195917992605,72.55965145660201
FIR-INDIA-2024-04121,2024-12-08 03:33:00,ASSAULT,ASSAULT incident reported in Mumbai Metro,Mumbai Metro,True,Mumbai Metro,19.07023596407126,72.87572296349336
FIR-INDIA-2026-04122,2026-07-27 23:11:00,THEFT,THEFT incident reported in Chennai Metro,Chennai Metro,True,Chennai Metro,13.097049391232197,80.26776236420648
FIR-INDIA-2024-04123,2024-10-31 01:37:00,ROBBERY,ROBBERY incident reported in Pune,Pune,True,Pune,18.531662479851118,73.85965906394466
FIR-INDIA-2023-04124,2023-06-24 06:04:00,ASSAULT,ASSAULT incident reported in Hyderabad Metro,Hyderabad Metro,False,Hyderabad Metro,17.36672497178922,78.48776686659158
FIR-INDIA-2026-04125,2026-08-25 16:48:00,ASSAULT,ASSAULT incident reported in Mumbai Metro,Mumbai Metro,False,Mumbai Metro,19.07860385033544,72.87216753266902
FIR-INDIA-2026-04126,2026-03-28 07:00:00,THEFT,THEFT incident reported in Chennai Metro,Chennai Metro,False,Chennai Metro,13.06116823042379,80.27340594756626
FIR-INDIA-2025-04127,2025-12-30 23:42:00,THEFT,THEFT incident reported in Kolkata City,Kolkata City,False,Kolkata City,22.57485865291051,88.3599078564341
FIR-INDIA-2023-04128,2023-03-25 21:21:00,CYBER,CYBER incident reported in Hyderabad Metro,Hyderabad Metro,False,Hyderabad Metro,17.37649432684765,78.49521119093433
FIR-INDIA-2025-04129,2025-03-26 07:47:00,CYBER,CYBER incident reported in Mumbai Metro,Mumbai Metro,False,Mumbai Metro,19.071143239773082,72.88166035927958
FIR-INDIA-2024-04130,2024-07-25 16:48:00,ROBBERY,ROBBERY incident reported in Chennai Metro,Chennai Metro,False,Chennai Metro,13.0786851757355,80.25833287871242
FIR-INDIA-2025-04131,2025-07-29 20:56:00,THEFT,THEFT incident reported in Mumbai Metro,Mumbai Metro,False,Mumbai Metro,19.07543640752293,72.87255379664637
FIR-INDIA-2024-04132,2024-01-27 22:04:00,THEFT,THEFT incident reported in Mumbai Metro,Mumbai Metro,False,Mumbai Metro,19.05417380996318,72.87378002953204
FIR-INDIA-2026-04133,2026-01-16 19:35:00,BURGLARY,BURGLARY incident reported in Bengaluru City,Bengaluru City,False,Bengaluru City,12.980550100814256,77.57276803582997
FIR-INDIA-2025-04134,2025-12-15 16:13:00,ROBBERY,ROBBERY incident reported in Bengaluru City,Bengaluru City,False,Bengaluru City,12.980955661191656,77.58505501369973
FIR-INDIA-2025-04135,2025-08-12 07:25:00,OTHER,OTHER incident reported in Chennai Metro,Chennai Metro,False,Chennai Metro,13.087660455342245,80.26506024680704
FIR-INDIA-2026-04136,2026-03-31 05:56:00,THEFT,THEFT incident reported in Kolkata City,Kolkata City,False,Kolkata City,22.543335013797527,88.33268120311453
FIR-INDIA-2023-04137,2023-09-08 18:32:00,ROBBERY,ROBBERY incident reported in Bengaluru City,Bengaluru City,False,Bengaluru City,12.974224910270229,77.60312084232329
FIR-INDIA-2024-04138,2024-09-09 19:15:00,THEFT,THEFT incident reported in Kolkata City,Kolkata City,False,Kolkata City,22.581710995104352,88.37454419330862
FIR-INDIA-2023-04139,2023-11-28 04:32:00,THEFT,THEFT incident reported in Kolkata City,Kolkata City,False,Kolkata City,22.542565515646825,88.35391688365466
FIR-INDIA-2023-04140,2023-07-17 03:57:00,THEFT,THEFT incident reported in Chennai Metro,Chennai Metro,False,Chennai Metro,13.106671388954338,80.28482605695916
FIR-INDIA-2023-04141,2023-07-13 12:47:00,THEFT,THEFT incident reported in Hyderabad Metro,Hyderabad Metro,False,Hyderabad Metro,17.421392295940052,78.47189214662572
FIR-INDIA-2023-04142,2023-05-24 10:33:00,ASSAULT,ASSAULT incident reported in Delhi NCR,Delhi NCR,False,Delhi NCR,28.595870086733903,77.18686621631592
FIR-INDIA-2025-04143,2025-09-03 04:07:00,THEFT,THEFT incident reported in Delhi NCR,Delhi NCR,False,Delhi NCR,28.606888758975575,77.2211116712343
FIR-INDIA-2024-04144,2024-04-15 20:35:00,THEFT,THEFT incident reported in Kolkata City,Kolkata City,True,Kolkata City,22.571185430555975,88.3397730713344
FIR-INDIA-2024-04145,2024-06-17 00:54:00,ASSAULT,ASSAULT incident reported in Pune,Pune,True,Pune,18.502580810295782,73.84166619202182
FIR-INDIA-2023-04146,2023-06-15 12:31:00,ROBBERY,ROBBERY incident reported in Chennai Metro,Chennai Metro,False,Chennai Metro,13.073812490918682,80.28882837390809
FIR-INDIA-2025-04147,2025-11-14 19:26:00,BURGLARY,BURGLARY incident reported in Bengaluru City,Bengaluru City,False,Bengaluru City,12.978887015605382,77.6082329419708
FIR-INDIA-2025-04148,2025-12-29 08:12:00,THEFT,THEFT incident reported in Hyderabad Metro,Hyderabad Metro,True,Hyderabad Metro,17.41196298493979,78.47850067317763
FIR-INDIA-2023-04149,2023-02-27 19:00:00,CYBER,CYBER incident reported in Delhi NCR,Delhi NCR,False,Delhi NCR,28.610470400199908,77.1637915324192
FIR-INDIA-2023-04150,2023-03-18 00:13:00,THEFT,THEFT incident reported in Kolkata City,Kolkata City,False,Kolkata City,22.562063210420323,88.35372342063759
FIR-INDIA-2023-04151,2023-07-13 10:19:00,ASSAULT,ASSAULT incident reported in Mumbai Metro,Mumbai Metro,False,Mumbai Metro,19.075864756574223,72.89480028264477
FIR-INDIA-2024-04152,2024-06-12 04:17:00,ASSAULT,ASSAULT incident reported in Delhi NCR,Delhi NCR,True,Delhi NCR,28.596052241285534,77.21097149547995
FIR-INDIA-2024-04153,2024-08-25 14:13:00,CYBER,CYBER incident reported in Hyderabad Metro,Hyderabad Metro,False,Hyderabad Metro,17.38249861474627,78.45433892624928
FIR-INDIA-2025-04154,2025-02-12 14:18:00,CYBER,CYBER incident reported in Bengaluru City,Bengaluru City,False,Bengaluru City,12.963808594332631,77.60480414166999
FIR-INDIA-2023-04155,2023-11-14 06:18:00,CYBER,CYBER incident reported in Bengaluru City,Bengaluru City,True,Bengaluru City,12.952347604626757,77.62039950590024
FIR-INDIA-2023-04156,2023-06-23 07:04:00,ASSAULT,ASSAULT incident reported in Pune,Pune,True,Pune,18.529097403813534,73.85675569629127
FIR-INDIA-2024-04157,2024-08-30 10:46:00,BURGLARY,BURGLARY incident reported in Hyderabad Metro,Hyderabad Metro,True,Hyderabad Metro,17.401152643073544,78.4896179262205
FIR-INDIA-2025-04158,2025-09-04 12:43:00,THEFT,THEFT incident reported in Mumbai Metro,Mumbai Metro,False,Mumbai Metro,19.06746087052945,72.8736599305394
FIR-INDIA-2025-04159,2025-04-24 09:00:00,THEFT,THEFT incident reported in Chennai Metro,Chennai Metro,True,Chennai Metro,13.112981633961068,80.25077690813617
FIR-INDIA-2025-04160,2025-07-20 05:01:00,ASSAULT,ASSAULT incident reported in Ahmedabad,Ahmedabad,True,Ahmedabad,23.028512550986058,72.55335392363942
FIR-INDIA-2023-04161,2023-02-14 20:03:00,ROBBERY,ROBBERY incident reported in Mumbai Metro,Mumbai Metro,True,Mumbai Metro,19.07834354269708,72.88793774467439
FIR-INDIA-2023-04162,2023-10-28 04:01:00,CYBER,CYBER incident reported in Delhi NCR,Delhi NCR,False,Delhi NCR,28.59551537154644,77.18222296474929
FIR-INDIA-2026-04163,2026-06-09 17:02:00,ASSAULT,ASSAULT incident reported in Hyderabad Metro,Hyderabad Metro,False,Hyderabad Metro,17.399820632718136,78.5173280817666
FIR-INDIA-2025-04164,2025-11-10 20:29:00,THEFT,THEFT incident reported in Delhi NCR,Delhi NCR,False,Delhi NCR,28.595646000605594,77.22920557553596
FIR-INDIA-2026-04165,2026-02-18 04:51:00,THEFT,THEFT incident reported in Ahmedabad,Ahmedabad,False,Ahmedabad,23.02077088257915,72.5647175476511
FIR-INDIA-2023-04166,2023-03-20 21:29:00,THEFT,THEFT incident reported in Mumbai Metro,Mumbai Metro,False,Mumbai Metro,19.085118369057458,72.86113237287906
FIR-INDIA-2025-04167,2025-12-24 18:02:00,ASSAULT,ASSAULT incident reported in Delhi NCR,Delhi NCR,False,Delhi NCR,28.609464755882634,77.19433356735465
FIR-INDIA-2023-04168,2023-07-08 20:35:00,THEFT,THEFT incident reported in Delhi NCR,Delhi NCR,True,Delhi NCR,28.617966281750576,77.19980735449897
FIR-INDIA-2023-04169,2023-08-18 10:16:00,THEFT,THEFT incident reported in Delhi NCR,Delhi NCR,True,Delhi NCR,28.61304649421544,77.18015258216
FIR-INDIA-2024-04170,2024-07-22 00:59:00,THEFT,THEFT incident reported in Delhi NCR,Delhi NCR,False,Delhi NCR,28.626540539933643,77.17640359337014
FIR-INDIA-2023-04171,2023-11-10 05:41:00,ASSAULT,ASSAULT incident reported in Mumbai Metro,Mumbai Metro,False,Mumbai Metro,19.08769066171344,72.89565617556826
FIR-INDIA-2024-04172,2024-10-26 07:58:00,CYBER,CYBER incident reported in Delhi NCR,Delhi NCR,False,Delhi NCR,28.615153992964547,77.20334123009107
FIR-INDIA-2023-04173,2023-07-07 23:51:00,THEFT,THEFT incident reported in Bengaluru City,Bengaluru City,True,Bengaluru City,12.986544930344262,77.59182027442517
FIR-INDIA-2024-04174,2024-04-19 05:45:00,ASSAULT,ASSAULT incident reported in Delhi NCR,Delhi NCR,False,Delhi NCR,28.63231712863669,77.20739057359452
FIR-INDIA-2024-04175,2024-08-18 05:21:00,BURGLARY,BURGLARY incident reported in Chennai Metro,Chennai Metro,False,Chennai Metro,13.054874591725754,80.2624902127888
FIR-INDIA-2025-04176,2025-11-10 05:52:00,ROBBERY,ROBBERY incident reported in Delhi NCR,Delhi NCR,False,Delhi NCR,28.609122298121097,77.2133937061167
FIR-INDIA-2025-04177,2025-01-21 22:10:00,ASSAULT,ASSAULT incident reported in Pune,Pune,False,Pune,18.499224631415444,73.86040544470127
FIR-INDIA-2025-04178,2025-08-03 02:43:00,CYBER,CYBER incident reported in Mumbai Metro,Mumbai Metro,False,Mumbai Metro,19.0638337398741,72.86774053287735
FIR-INDIA-2024-04179,2024-04-14 08:26:00,THEFT,THEFT incident reported in Mumbai Metro,Mumbai Metro,False,Mumbai Metro,19.075599847310947,72.86553418651772
FIR-INDIA-2025-04180,2025-08-30 03:24:00,THEFT,THEFT incident reported in Mumbai Metro,Mumbai Metro,False,Mumbai Metro,19.038011237251816,72.90929618486634
FIR-INDIA-2026-04181,2026-06-01 19:01:00,THEFT,THEFT incident reported in Delhi NCR,Delhi NCR,False,Delhi NCR,28.622012907168685,77.20881984137999
FIR-INDIA-2025-04182,2025-11-27 19:56:00,THEFT,THEFT incident reported in Kolkata City,Kolkata City,False,Kolkata City,22.58912306539387,88.35000439018924
FIR-INDIA-2026-04183,2026-07-22 09:02:00,THEFT,THEFT incident reported in Delhi NCR,Delhi NCR,False,Delhi NCR,28.637627347870346,77.22823426145473
FIR-INDIA-2024-04184,2024-08-27 07:59:00,OTHER,OTHER incident reported in Mumbai Metro,Mumbai Metro,False,Mumbai Metro,19.069972954099555,72.86953028732985
FIR-INDIA-2024-04185,2024-08-14 16:41:00,BURGLARY,BURGLARY incident reported in Chennai Metro,Chennai Metro,True,Chennai Metro,13.096483328198893,80.24604731021866
FIR-INDIA-2025-04186,2025-05-17 01:46:00,BURGLARY,BURGLARY incident reported in Hyderabad Metro,Hyderabad Metro,False,Hyderabad Metro,17.387934544659114,78.4889787353691
FIR-INDIA-2026-04187,2026-04-20 22:30:00,CYBER,CYBER incident reported in Bengaluru City,Bengaluru City,False,Bengaluru City,12.953310607984337,77.57636436169958
FIR-INDIA-2024-04188,2024-04-17 22:29:00,THEFT,THEFT incident reported in Hyderabad Metro,Hyderabad Metro,False,Hyderabad Metro,17.37540976181641,78.49550244969251
FIR-INDIA-2025-04189,2025-06-07 21:15:00,THEFT,THEFT incident reported in Delhi NCR,Delhi NCR,False,Delhi NCR,28.615616807013016,77.2092173532774
FIR-INDIA-2024-04190,2024-11-29 15:18:00,ASSAULT,ASSAULT incident reported in Delhi NCR,Delhi NCR,False,Delhi NCR,28.608554057181664,77.1959608492516
FIR-INDIA-2023-04191,2023-05-17 07:57:00,BURGLARY,BURGLARY incident reported in Delhi NCR,Delhi NCR,False,Delhi NCR,28.615994096434747,77.24326213218643
FIR-INDIA-2025-04192,2025-03-12 01:16:00,CYBER,CYBER incident reported in Kolkata City,Kolkata City,True,Kolkata City,22.549411780618712,88.33225673532452
FIR-INDIA-2026-04193,2026-05-27 13:05:00,CYBER,CYBER incident reported in Mumbai Metro,Mumbai Metro,True,Mumbai Metro,19.048214409119556,72.87378250841105
FIR-INDIA-2023-04194,2023-12-14 19:01:00,ASSAULT,ASSAULT incident reported in Ahmedabad,Ahmedabad,False,Ahmedabad,23.022959660825332,72.58814123660188
FIR-INDIA-2024-04195,2024-05-05 01:02:00,THEFT,THEFT incident reported in Mumbai Metro,Mumbai Metro,False,Mumbai Metro,19.08035628110286,72.84659371919457
FIR-INDIA-2024-04196,2024-11-20 20:29:00,ROBBERY,ROBBERY incident reported in Kolkata City,Kolkata City,False,Kolkata City,22.571632587737284,88.37212770934616
FIR-INDIA-2024-04197,2024-10-04 00:15:00,CYBER,CYBER incident reported in Mumbai Metro,Mumbai Metro,False,Mumbai Metro,19.06736135442348,72.84886252438696
FIR-INDIA-2023-04198,2023-08-04 07:00:00,THEFT,THEFT incident reported in Hyderabad Metro,Hyderabad Metro,False,Hyderabad Metro,17.389843630483504,78.48150726577975
FIR-INDIA-2025-04199,2025-05-30 16:08:00,THEFT,THEFT incident reported in Mumbai Metro,Mumbai Metro,True,Mumbai Metro,19.081721850657832,72.86185045459854
FIR-INDIA-2026-04200,2026-08-07 06:25:00,THEFT,THEFT incident reported in Chennai Metro,Chennai Metro,False,Chennai Metro,13.0645178095903,80.25663769625396
FIR-INDIA-2025-04201,2025-10-02 14:14:00,ROBBERY,ROBBERY incident reported in Ahmedabad,Ahmedabad,False,Ahmedabad,23.00065370411858,72.55383447371725
FIR-INDIA-2023-04202,2023-07-05 16:07:00,THEFT,THEFT incident reported in Kolkata City,Kolkata City,False,Kolkata City,22.5787016007894,88.35940722714113
FIR-INDIA-2023-04203,2023-11-17 16:13:00,THEFT,THEFT incident reported in Ahmedabad,Ahmedabad,False,Ahmedabad,23.015615791719362,72.56989289640268
FIR-INDIA-2023-04204,2023-08-11 07:53:00,THEFT,THEFT incident reported in Ahmedabad,Ahmedabad,False,Ahmedabad,23.004450220256313,72.57715103213697
FIR-INDIA-2026-04205,2026-01-09 17:05:00,OTHER,OTHER incident reported in Chennai Metro,Chennai Metro,False,Chennai Metro,13.08929437458619,80.2557866437598
FIR-INDIA-2023-04206,2023-02-09 15:05:00,THEFT,THEFT incident reported in Pune,Pune,False,Pune,18.506717007532423,73.85580493977511
FIR-INDIA-2025-04207,2025-05-09 05:27:00,ASSAULT,ASSAULT incident reported in Kolkata City,Kolkata City,False,Kolkata City,22.593451277044053,88.37305432262539
FIR-INDIA-2025-04208,2025-11-26 09:12:00,ASSAULT,ASSAULT incident reported in Kolkata City,Kolkata City,False,Kolkata City,22.59505004249176,88.36739519005488
FIR-INDIA-2025-04209,2025-09-17 01:23:00,THEFT,THEFT incident reported in Ahmedabad,Ahmedabad,True,Ahmedabad,23.008969609200893,72.56585320469146
FIR-INDIA-2025-04210,2025-03-09 17:03:00,ASSAULT,ASSAULT incident reported in Bengaluru City,Bengaluru City,False,Bengaluru City,12.973685448996175,77.59299584414227
FIR-INDIA-2025-04211,2025-10-14 20:57:00,THEFT,THEFT incident reported in Hyderabad Metro,Hyderabad Metro,False,Hyderabad Metro,17.372343068270588,78.49017736161053
FIR-INDIA-2023-04212,2023-01-07 20:50:00,ASSAULT,ASSAULT incident reported in Pune,Pune,False,Pune,18.52309038453254,73.87519389499703
FIR-INDIA-2025-04213,2025-12-28 22:54:00,THEFT,THEFT incident reported in Hyderabad Metro,Hyderabad Metro,True,Hyderabad Metro,17.367972148275474,78.50396705100725
FIR-INDIA-2025-04214,2025-08-18 03:25:00,THEFT,THEFT incident reported in Chennai Metro,Chennai Metro,False,Chennai Metro,13.060507593834004,80.2529230937794
FIR-INDIA-2026-04215,2026-01-09 07:04:00,THEFT,THEFT incident reported in Kolkata City,Kolkata City,False,Kolkata City,22.555280187816386,88.3528419460263
FIR-INDIA-2023-04216,2023-04-29 15:11:00,ASSAULT,ASSAULT incident reported in Kolkata City,Kolkata City,True,Kolkata City,22.574431890993274,88.34941547269307
FIR-INDIA-2024-04217,2024-03-11 10:46:00,THEFT,THEFT incident reported in Mumbai Metro,Mumbai Metro,False,Mumbai Metro,19.051877611692046,72.8766735298404
FIR-INDIA-2025-04218,2025-03-11 23:42:00,THEFT,THEFT incident reported in Pune,Pune,True,Pune,18.51276337063393,73.88873625720734
FIR-INDIA-2026-04219,2026-08-27 18:42:00,THEFT,THEFT incident reported in Chennai Metro,Chennai Metro,False,Chennai Metro,13.063223147975254,80.29034974142478
FIR-INDIA-2023-04220,2023-05-27 03:08:00,THEFT,THEFT incident reported in Ahmedabad,Ahmedabad,False,Ahmedabad,23.03614805085001,72.58488409323716
FIR-INDIA-2023-04221,2023-10-11 09:43:00,THEFT,THEFT incident reported in Chennai Metro,Chennai Metro,False,Chennai Metro,13.087833924999416,80.28984330258082
FIR-INDIA-2024-04222,2024-05-22 15:36:00,THEFT,THEFT incident reported in Pune,Pune,False,Pune,18.503448437295493,73.82957117913044
FIR-INDIA-2024-04223,2024-07-26 13:42:00,THEFT,THEFT incident reported in Chennai Metro,Chennai Metro,False,Chennai Metro,13.078851969832103,80.2936482496614
FIR-INDIA-2026-04224,2026-08-23 06:25:00,ASSAULT,ASSAULT incident reported in Kolkata City,Kolkata City,False,Kolkata City,22.55896738443806,88.34948174543766
FIR-INDIA-2023-04225,2023-12-27 09:50:00,THEFT,THEFT incident reported in Bengaluru City,Bengaluru City,False,Bengaluru City,12.973222148359255,77.58932404923475
FIR-INDIA-2026-04226,2026-01-26 17:18:00,ASSAULT,ASSAULT incident reported in Hyderabad Metro,Hyderabad Metro,False,Hyderabad Metro,17.381319760560075,78.46509028211514
FIR-INDIA-2025-04227,2025-07-22 16:32:00,BURGLARY,BURGLARY incident reported in Bengaluru City,Bengaluru City,True,Bengaluru City,12.94281057468454,77.62305906998472
FIR-INDIA-2025-04228,2025-08-25 13:39:00,OTHER,OTHER incident reported in Mumbai Metro,Mumbai Metro,False,Mumbai Metro,19.074305015502087,72.87578939194242
FIR-INDIA-2024-04229,2024-11-17 07:56:00,THEFT,THEFT incident reported in Mumbai Metro,Mumbai Metro,True,Mumbai Metro,19.069938193371268,72.8765798388168
FIR-INDIA-2025-04230,2025-11-13 03:41:00,ASSAULT,ASSAULT incident reported in Delhi NCR,Delhi NCR,False,Delhi NCR,28.60351079349611,77.204706250156
FIR-INDIA-2026-04231,2026-07-28 07:54:00,THEFT,THEFT incident reported in Mumbai Metro,Mumbai Metro,False,Mumbai Metro,19.079661357037743,72.84245447207262
FIR-INDIA-2025-04232,2025-09-12 14:47:00,ASSAULT,ASSAULT incident reported in Bengaluru City,Bengaluru City,False,Bengaluru City,12.970995829610848,77.56298901143012
FIR-INDIA-2024-04233,2024-06-08 22:05:00,THEFT,THEFT incident reported in Hyderabad Metro,Hyderabad Metro,False,Hyderabad Metro,17.38219442423843,78.47886530487203
FIR-INDIA-2024-04234,2024-05-11 19:58:00,ASSAULT,ASSAULT incident reported in Mumbai Metro,Mumbai Metro,False,Mumbai Metro,19.085084853502384,72.86526679403116
FIR-INDIA-2026-04235,2026-08-15 15:40:00,CYBER,CYBER incident reported in Mumbai Metro,Mumbai Metro,True,Mumbai Metro,19.07772567841784,72.89107140838867
FIR-INDIA-2024-04236,2024-12-22 17:49:00,CYBER,CYBER incident reported in Delhi NCR,Delhi NCR,False,Delhi NCR,28.60904974293729,77.23122171939806
FIR-INDIA-2023-04237,2023-10-01 03:56:00,BURGLARY,BURGLARY incident reported in Hyderabad Metro,Hyderabad Metro,False,Hyderabad Metro,17.369033712859906,78.48563379598265
FIR-INDIA-2025-04238,2025-03-08 06:26:00,THEFT,THEFT incident reported in Mumbai Metro,Mumbai Metro,False,Mumbai Metro,19.102519038369785,72.87073036490865
FIR-INDIA-2026-04239,2026-05-30 23:07:00,THEFT,THEFT incident reported in Chennai Metro,Chennai Metro,False,Chennai Metro,13.096876391351568,80.25286531087639
FIR-INDIA-2025-04240,2025-03-29 23:18:00,THEFT,THEFT incident reported in Bengaluru City,Bengaluru City,False,Bengaluru City,13.002669233499182,77.59291156335352
FIR-INDIA-2024-04241,2024-03-15 20:14:00,OTHER,OTHER incident reported in Chennai Metro,Chennai Metro,True,Chennai Metro,13.111131766615465,80.26947013590089
FIR-INDIA-2025-04242,2025-10-08 04:43:00,BURGLARY,BURGLARY incident reported in Delhi NCR,Delhi NCR,False,Delhi NCR,28.629911329621038,77.21131091206412
FIR-INDIA-2023-04243,2023-10-23 13:25:00,ROBBERY,ROBBERY incident reported in Pune,Pune,False,Pune,18.52469315411786,73.84067925079461
FIR-INDIA-2025-04244,2025-08-17 06:33:00,THEFT,THEFT incident reported in Chennai Metro,Chennai Metro,False,Chennai Metro,13.095852218808966,80.27662424038283
FIR-INDIA-2023-04245,2023-07-09 10:47:00,BURGLARY,BURGLARY incident reported in Bengaluru City,Bengaluru City,False,Bengaluru City,12.964537163250615,77.6040853821572
FIR-INDIA-2023-04246,2023-12-27 14:14:00,THEFT,THEFT incident reported in Hyderabad Metro,Hyderabad Metro,False,Hyderabad Metro,17.363866869309316,78.48127204747074
FIR-INDIA-2025-04247,2025-05-24 03:17:00,THEFT,THEFT incident reported in Kolkata City,Kolkata City,False,Kolkata City,22.58266555432384,88.36172040818708
FIR-INDIA-2024-04248,2024-08-15 17:01:00,THEFT,THEFT incident reported in Ahmedabad,Ahmedabad,False,Ahmedabad,23.02860068742078,72.57614070103314
FIR-INDIA-2024-04249,2024-06-18 15:56:00,THEFT,THEFT incident reported in Kolkata City,Kolkata City,False,Kolkata City,22.56871253244167,88.3738807094655
FIR-INDIA-2023-04250,2023-11-15 18:29:00,THEFT,THEFT incident reported in Chennai Metro,Chennai Metro,True,Chennai Metro,13.084394185620447,80.25528808327843
FIR-INDIA-2025-04251,2025-02-28 14:08:00,THEFT,THEFT incident reported in Bengaluru City,Bengaluru City,False,Bengaluru City,13.01289697671206,77.5916062477142
FIR-INDIA-2025-04252,2025-08-20 18:33:00,THEFT,THEFT incident reported in Pune,Pune,False,Pune,18.499864214151312,73.84965223932227
FIR-INDIA-2026-04253,2026-05-28 13:15:00,THEFT,THEFT incident reported in Bengaluru City,Bengaluru City,False,Bengaluru City,12.953730353017164,77.61553381238501
FIR-INDIA-2026-04254,2026-07-29 01:47:00,THEFT,THEFT incident reported in Delhi NCR,Delhi NCR,False,Delhi NCR,28.612322453726776,77.17804345869266
FIR-INDIA-2023-04255,2023-05-24 07:07:00,ASSAULT,ASSAULT incident reported in Delhi NCR,Delhi NCR,True,Delhi NCR,28.61881174323262,77.22079848051169
FIR-INDIA-2025-04256,2025-03-07 03:01:00,THEFT,THEFT incident reported in Mumbai Metro,Mumbai Metro,True,Mumbai Metro,19.070655803725643,72.88782859057179
FIR-INDIA-2025-04257,2025-03-18 06:02:00,THEFT,THEFT incident reported in Pune,Pune,True,Pune,18.525633815811084,73.84411652330463
FIR-INDIA-2026-04258,2026-06-02 03:40:00,THEFT,THEFT incident reported in Delhi NCR,Delhi NCR,False,Delhi NCR,28.61288122306447,77.20789831549749
FIR-INDIA-2025-04259,2025-11-14 00:53:00,ASSAULT,ASSAULT incident reported in Mumbai Metro,Mumbai Metro,False,Mumbai Metro,19.08635800181825,72.88695301987869
FIR-INDIA-2025-04260,2025-05-28 02:54:00,THEFT,THEFT incident reported in Bengaluru City,Bengaluru City,False,Bengaluru City,12.970949713746394,77.57482284976217
FIR-INDIA-2026-04261,2026-04-17 16:07:00,ASSAULT,ASSAULT incident reported in Ahmedabad,Ahmedabad,True,Ahmedabad,23.00632227383142,72.59602422236004
FIR-INDIA-2024-04262,2024-07-10 13:06:00,BURGLARY,BURGLARY incident reported in Pune,Pune,False,Pune,18.51660617758014,73.82528635038321
FIR-INDIA-2024-04263,2024-05-14 20:19:00,THEFT,THEFT incident reported in Chennai Metro,Chennai Metro,False,Chennai Metro,13.057645960709856,80.277982367024
FIR-INDIA-2024-04264,2024-06-13 06:18:00,THEFT,THEFT incident reported in Mumbai Metro,Mumbai Metro,True,Mumbai Metro,19.080803912255153,72.88643024500789
FIR-INDIA-2024-04265,2024-05-12 22:15:00,BURGLARY,BURGLARY incident reported in Chennai Metro,Chennai Metro,False,Chennai Metro,13.114095894455302,80.26063648124948
FIR-INDIA-2024-04266,2024-08-06 20:39:00,THEFT,THEFT incident reported in Chennai Metro,Chennai Metro,False,Chennai Metro,13.08133241136014,80.30641952745373
FIR-INDIA-2025-04267,2025-10-03 20:33:00,CYBER,CYBER incident reported in Mumbai Metro,Mumbai Metro,False,Mumbai Metro,19.076286248161303,72.87251916135561
FIR-INDIA-2024-04268,2024-09-11 02:13:00,ROBBERY,ROBBERY incident reported in Bengaluru City,Bengaluru City,False,Bengaluru City,12.9764657833912,77.59486291657439
FIR-INDIA-2024-04269,2024-08-14 13:23:00,THEFT,THEFT incident reported in Bengaluru City,Bengaluru City,False,Bengaluru City,12.97339172097242,77.58736483119095
FIR-INDIA-2025-04270,2025-01-22 22:30:00,CYBER,CYBER incident reported in Ahmedabad,Ahmedabad,False,Ahmedabad,23.045042657127667,72.57848028830455
FIR-INDIA-2023-04271,2023-05-30 02:49:00,THEFT,THEFT incident reported in Mumbai Metro,Mumbai Metro,False,Mumbai Metro,19.083359079088584,72.89948937175072
FIR-INDIA-2025-04272,2025-08-26 02:26:00,THEFT,THEFT incident reported in Mumbai Metro,Mumbai Metro,True,Mumbai Metro,19.108475552116598,72.85198658418985
FIR-INDIA-2023-04273,2023-12-08 09:08:00,ROBBERY,ROBBERY incident reported in Mumbai Metro,Mumbai Metro,False,Mumbai Metro,19.064091441235863,72.8998331538827
FIR-INDIA-2026-04274,2026-01-24 06:49:00,THEFT,THEFT incident reported in Bengaluru City,Bengaluru City,True,Bengaluru City,12.996268762185538,77.58416033508075
FIR-INDIA-2023-04275,2023-05-27 22:47:00,BURGLARY,BURGLARY incident reported in Pune,Pune,False,Pune,18.53592932557554,73.89203699784484
FIR-INDIA-2024-04276,2024-12-20 21:10:00,ASSAULT,ASSAULT incident reported in Bengaluru City,Bengaluru City,False,Bengaluru City,12.959790075385897,77.59608443664763
FIR-INDIA-2025-04277,2025-04-06 06:12:00,THEFT,THEFT incident reported in Delhi NCR,Delhi NCR,False,Delhi NCR,28.607125603159435,77.21673191213277
FIR-INDIA-2025-04278,2025-12-13 12:39:00,BURGLARY,BURGLARY incident reported in Pune,Pune,False,Pune,18.51326059923208,73.87648421553399
FIR-INDIA-2026-04279,2026-07-28 20:19:00,ASSAULT,ASSAULT incident reported in Kolkata City,Kolkata City,False,Kolkata City,22.582419555250116,88.38223940694805
FIR-INDIA-2025-04280,2025-04-22 00:30:00,BURGLARY,BURGLARY incident reported in Chennai Metro,Chennai Metro,False,Chennai Metro,13.080035838674618,80.26093664148158
FIR-INDIA-2024-04281,2024-08-27 21:27:00,BURGLARY,BURGLARY incident reported in Bengaluru City,Bengaluru City,False,Bengaluru City,12.990433224682882,77.58074476765181
FIR-INDIA-2023-04282,2023-07-10 15:22:00,ROBBERY,ROBBERY incident reported in Delhi NCR,Delhi NCR,False,Delhi NCR,28.59277606275215,77.21219584479617
FIR-INDIA-2024-04283,2024-02-18 11:29:00,THEFT,THEFT incident reported in Pune,Pune,False,Pune,18.525198041459046,73.86249480223256
FIR-INDIA-2026-04284,2026-05-12 15:13:00,THEFT,THEFT incident reported in Chennai Metro,Chennai Metro,False,Chennai Metro,13.06656783239309,80.28503200676079
FIR-INDIA-2026-04285,2026-03-30 13:39:00,THEFT,THEFT incident reported in Hyderabad Metro,Hyderabad Metro,False,Hyderabad Metro,17.384816872979467,78.49421868001068
FIR-INDIA-2023-04286,2023-02-25 15:01:00,CYBER,CYBER incident reported in Delhi NCR,Delhi NCR,False,Delhi NCR,28.615094365659587,77.20307474519689
FIR-INDIA-2025-04287,2025-08-03 12:19:00,THEFT,THEFT incident reported in Bengaluru City,Bengaluru City,False,Bengaluru City,12.954685965846643,77.57757703774068
FIR-INDIA-2026-04288,2026-07-30 04:46:00,ROBBERY,ROBBERY incident reported in Ahmedabad,Ahmedabad,True,Ahmedabad,23.025871664072852,72.60428950463931
FIR-INDIA-2026-04289,2026-02-13 20:13:00,BURGLARY,BURGLARY incident reported in Chennai Metro,Chennai Metro,False,Chennai Metro,13.072408041263303,80.28728082809931
FIR-INDIA-2023-04290,2023-02-07 17:12:00,THEFT,THEFT incident reported in Delhi NCR,Delhi NCR,False,Delhi NCR,28.62769125724787,77.18980836234022
FIR-INDIA-2023-04291,2023-08-24 05:27:00,ROBBERY,ROBBERY incident reported in Mumbai Metro,Mumbai Metro,False,Mumbai Metro,19.06445325282851,72.9063686975265
FIR-INDIA-2024-04292,2024-09-19 01:08:00,OTHER,OTHER incident reported in Hyderabad Metro,Hyderabad Metro,False,Hyderabad Metro,17.354972884687434,78.49005392444191
FIR-INDIA-2023-04293,2023-07-28 13:24:00,ASSAULT,ASSAULT incident reported in Mumbai Metro,Mumbai Metro,False,Mumbai Metro,19.068404406453425,72.89170782295977
FIR-INDIA-2023-04294,2023-12-04 00:06:00,CYBER,CYBER incident reported in Kolkata City,Kolkata City,False,Kolkata City,22.573784356524836,88.36762121907356
FIR-INDIA-2023-04295,2023-02-04 04:29:00,THEFT,THEFT incident reported in Bengaluru City,Bengaluru City,False,Bengaluru City,13.002439293320883,77.61777590173173
FIR-INDIA-2026-04296,2026-08-02 10:54:00,THEFT,THEFT incident reported in Ahmedabad,Ahmedabad,False,Ahmedabad,23.028614672595577,72.60051533856193
FIR-INDIA-2023-04297,2023-12-13 14:43:00,OTHER,OTHER incident reported in Mumbai Metro,Mumbai Metro,False,Mumbai Metro,19.070868144850966,72.87517211727007
FIR-INDIA-2025-04298,2025-10-13 00:14:00,CYBER,CYBER incident reported in Chennai Metro,Chennai Metro,False,Chennai Metro,13.071692558438661,80.25513402315475
FIR-INDIA-2024-04299,2024-07-28 15:42:00,THEFT,THEFT incident reported in Hyderabad Metro,Hyderabad Metro,False,Hyderabad Metro,17.381317865862147,78.48950185069336
FIR-INDIA-2024-04300,2024-08-17 16:06:00,THEFT,THEFT incident reported in Mumbai Metro,Mumbai Metro,True,Mumbai Metro,19.055853765781883,72.8663905396052
FIR-INDIA-2024-04301,2024-12-03 08:24:00,THEFT,THEFT incident reported in Bengaluru City,Bengaluru City,False,Bengaluru City,12.968700837605283,77.56269997140122
FIR-INDIA-2023-04302,2023-05-31 04:42:00,THEFT,THEFT incident reported in Delhi NCR,Delhi NCR,True,Delhi NCR,28.60858669241862,77.21170286418432
FIR-INDIA-2024-04303,2024-03-23 04:00:00,CYBER,CYBER incident reported in Mumbai Metro,Mumbai Metro,False,Mumbai Metro,19.059512595235383,72.87834691416566
FIR-INDIA-2026-04304,2026-04-13 14:18:00,ROBBERY,ROBBERY incident reported in Delhi NCR,Delhi NCR,True,Delhi NCR,28.594496444423843,77.23429964839778
FIR-INDIA-2023-04305,2023-05-03 11:00:00,THEFT,THEFT incident reported in Delhi NCR,Delhi NCR,False,Delhi NCR,28.630125385886817,77.20644015267655
FIR-INDIA-2023-04306,2023-11-28 14:28:00,THEFT,THEFT incident reported in Hyderabad Metro,Hyderabad Metro,False,Hyderabad Metro,17.364258293739166,78.48044971912368
FIR-INDIA-2026-04307,2026-04-10 00:20:00,CYBER,CYBER incident reported in Bengaluru City,Bengaluru City,False,Bengaluru City,12.983628446715166,77.61286529075628
FIR-INDIA-2023-04308,2023-09-01 18:18:00,ASSAULT,ASSAULT incident reported in Bengaluru City,Bengaluru City,False,Bengaluru City,12.939448740470578,77.61414389588053
FIR-INDIA-2024-04309,2024-07-01 08:18:00,THEFT,THEFT incident reported in Hyderabad Metro,Hyderabad Metro,False,Hyderabad Metro,17.357167940193506,78.48062796902634
FIR-INDIA-2026-04310,2026-08-08 14:06:00,THEFT,THEFT incident reported in Bengaluru City,Bengaluru City,True,Bengaluru City,12.978094212820645,77.6008675612532
FIR-INDIA-2024-04311,2024-05-27 03:14:00,ASSAULT,ASSAULT incident reported in Pune,Pune,False,Pune,18.542833987839593,73.83016724338435
FIR-INDIA-2025-04312,2025-05-10 10:53:00,BURGLARY,BURGLARY incident reported in Mumbai Metro,Mumbai Metro,False,Mumbai Metro,19.067578083332208,72.83505473050023
FIR-INDIA-2025-04313,2025-12-11 05:00:00,THEFT,THEFT incident reported in Hyderabad Metro,Hyderabad Metro,False,Hyderabad Metro,17.369839548364304,78.49149192994427
FIR-INDIA-2024-04314,2024-04-03 12:04:00,ASSAULT,ASSAULT incident reported in Mumbai Metro,Mumbai Metro,True,Mumbai Metro,19.075782801991547,72.87635556948655
FIR-INDIA-2026-04315,2026-03-01 21:03:00,THEFT,THEFT incident reported in Chennai Metro,Chennai Metro,False,Chennai Metro,13.09823989717915,80.26093575362056
FIR-INDIA-2026-04316,2026-05-01 06:09:00,ASSAULT,ASSAULT incident reported in Chennai Metro,Chennai Metro,False,Chennai Metro,13.10449228878139,80.28081306381384
FIR-INDIA-2026-04317,2026-02-04 19:45:00,THEFT,THEFT incident reported in Kolkata City,Kolkata City,False,Kolkata City,22.56557807246179,88.37092334771063
FIR-INDIA-2025-04318,2025-04-11 01:43:00,OTHER,OTHER incident reported in Hyderabad Metro,Hyderabad Metro,False,Hyderabad Metro,17.385203714433356,78.49660482360933
FIR-INDIA-2024-04319,2024-12-29 06:01:00,ASSAULT,ASSAULT incident reported in Chennai Metro,Chennai Metro,False,Chennai Metro,13.074670367553292,80.27368640772009
FIR-INDIA-2025-04320,2025-11-13 11:15:00,ROBBERY,ROBBERY incident reported in Delhi NCR,Delhi NCR,False,Delhi NCR,28.629987754816742,77.20964239748658
FIR-INDIA-2023-04321,2023-12-01 11:57:00,BURGLARY,BURGLARY incident reported in Bengaluru City,Bengaluru City,False,Bengaluru City,12.989586784421993,77.58097259386851
FIR-INDIA-2024-04322,2024-07-10 16:27:00,CYBER,CYBER incident reported in Ahmedabad,Ahmedabad,False,Ahmedabad,23.060156919061093,72.56228642672932
FIR-INDIA-2025-04323,2025-07-08 11:56:00,CYBER,CYBER incident reported in Hyderabad Metro,Hyderabad Metro,False,Hyderabad Metro,17.416264091256924,78.47819919899503
FIR-INDIA-2026-04324,2026-07-02 08:47:00,OTHER,OTHER incident reported in Chennai Metro,Chennai Metro,False,Chennai Metro,13.069320840368889,80.2705926103389
FIR-INDIA-2023-04325,2023-04-12 23:18:00,THEFT,THEFT incident reported in Pune,Pune,False,Pune,18.488463837115955,73.84476076202849
FIR-INDIA-2023-04326,2023-04-18 11:04:00,ROBBERY,ROBBERY incident reported in Mumbai Metro,Mumbai Metro,False,Mumbai Metro,19.08889658248596,72.88922437006246
FIR-INDIA-2023-04327,2023-06-27 10:20:00,THEFT,THEFT incident reported in Chennai Metro,Chennai Metro,False,Chennai Metro,13.079116548221291,80.28521540790489
FIR-INDIA-2025-04328,2025-06-07 03:38:00,THEFT,THEFT incident reported in Mumbai Metro,Mumbai Metro,True,Mumbai Metro,19.08292193224597,72.86438195194707
FIR-INDIA-2024-04329,2024-06-19 07:34:00,ROBBERY,ROBBERY incident reported in Delhi NCR,Delhi NCR,False,Delhi NCR,28.61454185782675,77.20765389327786
FIR-INDIA-2023-04330,2023-02-21 12:20:00,CYBER,CYBER incident reported in Mumbai Metro,Mumbai Metro,False,Mumbai Metro,19.103193264385894,72.8693128335415
FIR-INDIA-2023-04331,2023-04-22 20:54:00,CYBER,CYBER incident reported in Chennai Metro,Chennai Metro,False,Chennai Metro,13.062704878618687,80.26761024956151
FIR-INDIA-2025-04332,2025-05-15 18:59:00,ASSAULT,ASSAULT incident reported in Delhi NCR,Delhi NCR,False,Delhi NCR,28.6309263064743,77.21669058840193
FIR-INDIA-2024-04333,2024-07-14 14:20:00,THEFT,THEFT incident reported in Bengaluru City,Bengaluru City,True,Bengaluru City,12.95689247851706,77.58026843624775
FIR-INDIA-2025-04334,2025-02-27 02:13:00,THEFT,THEFT incident reported in Chennai Metro,Chennai Metro,False,Chennai Metro,13.105299236478386,80.27916087770961
FIR-INDIA-2024-04335,2024-05-01 12:16:00,CYBER,CYBER incident reported in Hyderabad Metro,Hyderabad Metro,False,Hyderabad Metro,17.37349321100512,78.49995104494052
FIR-INDIA-2024-04336,2024-10-03 00:35:00,THEFT,THEFT incident reported in Mumbai Metro,Mumbai Metro,False,Mumbai Metro,19.081143617387227,72.87939940855914
FIR-INDIA-2023-04337,2023-08-10 12:06:00,THEFT,THEFT incident reported in Delhi NCR,Delhi NCR,False,Delhi NCR,28.620940922291897,77.2125369793628
FIR-INDIA-2024-04338,2024-08-20 10:29:00,BURGLARY,BURGLARY incident reported in Bengaluru City,Bengaluru City,False,Bengaluru City,12.961965306433683,77.56199112575639
FIR-INDIA-2026-04339,2026-06-01 04:31:00,CYBER,CYBER incident reported in Kolkata City,Kolkata City,False,Kolkata City,22.555567507542136,88.34112885919525
FIR-INDIA-2026-04340,2026-06-26 21:13:00,ASSAULT,ASSAULT incident reported in Mumbai Metro,Mumbai Metro,False,Mumbai Metro,19.068696947132754,72.88029119299684
FIR-INDIA-2026-04341,2026-05-29 18:07:00,THEFT,THEFT incident reported in Hyderabad Metro,Hyderabad Metro,False,Hyderabad Metro,17.381820647551997,78.49575691938642
FIR-INDIA-2025-04342,2025-01-01 03:17:00,THEFT,THEFT incident reported in Mumbai Metro,Mumbai Metro,False,Mumbai Metro,19.059094655284007,72.87377219290994
FIR-INDIA-2026-04343,2026-06-30 08:51:00,THEFT,THEFT incident reported in Ahmedabad,Ahmedabad,False,Ahmedabad,23.045217145256498,72.56894819372154
FIR-INDIA-2024-04344,2024-12-23 01:29:00,ASSAULT,ASSAULT incident reported in Delhi NCR,Delhi NCR,False,Delhi NCR,28.60350508351728,77.21581702028126
FIR-INDIA-2025-04345,2025-02-03 04:58:00,THEFT,THEFT incident reported in Bengaluru City,Bengaluru City,True,Bengaluru City,12.976116805496728,77.58488681054504
FIR-INDIA-2024-04346,2024-10-07 15:24:00,THEFT,THEFT incident reported in Mumbai Metro,Mumbai Metro,True,Mumbai Metro,19.079747624430258,72.88178521397947
FIR-INDIA-2023-04347,2023-09-27 02:15:00,ASSAULT,ASSAULT incident reported in Mumbai Metro,Mumbai Metro,True,Mumbai Metro,19.06505871415741,72.86420958757314
FIR-INDIA-2023-04348,2023-01-08 04:12:00,ASSAULT,ASSAULT incident reported in Mumbai Metro,Mumbai Metro,False,Mumbai Metro,19.112265772923482,72.88550775038802
FIR-INDIA-2025-04349,2025-03-13 10:13:00,BURGLARY,BURGLARY incident reported in Chennai Metro,Chennai Metro,False,Chennai Metro,13.06392184788526,80.23892769133774
FIR-INDIA-2026-04350,2026-06-11 18:54:00,ROBBERY,ROBBERY incident reported in Mumbai Metro,Mumbai Metro,False,Mumbai Metro,19.068823219895723,72.89036376829321
FIR-INDIA-2025-04351,2025-02-22 05:44:00,THEFT,THEFT incident reported in Mumbai Metro,Mumbai Metro,False,Mumbai Metro,19.064852398033835,72.87828572912481
FIR-INDIA-2026-04352,2026-02-15 01:34:00,THEFT,THEFT incident reported in Mumbai Metro,Mumbai Metro,False,Mumbai Metro,19.0759546292315,72.86133544350778
FIR-INDIA-2026-04353,2026-04-03 09:28:00,ROBBERY,ROBBERY incident reported in Kolkata City,Kolkata City,True,Kolkata City,22.57643218365755,88.35984744319049
FIR-INDIA-2025-04354,2025-11-07 02:52:00,CYBER,CYBER incident reported in Delhi NCR,Delhi NCR,False,Delhi NCR,28.614040844427517,77.21509134825948
FIR-INDIA-2025-04355,2025-05-26 01:15:00,THEFT,THEFT incident reported in Hyderabad Metro,Hyderabad Metro,True,Hyderabad Metro,17.369917446842937,78.49525927758114
FIR-INDIA-2026-04356,2026-08-13 05:38:00,ASSAULT,ASSAULT incident reported in Hyderabad Metro,Hyderabad Metro,False,Hyderabad Metro,17.365834599041346,78.51273391490116
FIR-INDIA-2023-04357,2023-07-19 16:05:00,ROBBERY,ROBBERY incident reported in Ahmedabad,Ahmedabad,False,Ahmedabad,23.01023185971941,72.59235349323022
FIR-INDIA-2025-04358,2025-03-03 07:27:00,THEFT,THEFT incident reported in Mumbai Metro,Mumbai Metro,False,Mumbai Metro,19.05934118563126,72.86165159619517
FIR-INDIA-2026-04359,2026-06-01 16:19:00,ASSAULT,ASSAULT incident reported in Mumbai Metro,Mumbai Metro,False,Mumbai Metro,19.07035539720973,72.8922210070142
FIR-INDIA-2026-04360,2026-06-07 23:20:00,ASSAULT,ASSAULT incident reported in Hyderabad Metro,Hyderabad Metro,False,Hyderabad Metro,17.39424410006147,78.49406105587396
FIR-INDIA-2023-04361,2023-06-16 21:07:00,THEFT,THEFT incident reported in Chennai Metro,Chennai Metro,False,Chennai Metro,13.093823451564928,80.2622623935317
FIR-INDIA-2023-04362,2023-05-24 00:20:00,OTHER,OTHER incident reported in Ahmedabad,Ahmedabad,True,Ahmedabad,23.041647713658342,72.56777460015404
FIR-INDIA-2025-04363,2025-01-08 01:26:00,CYBER,CYBER incident reported in Hyderabad Metro,Hyderabad Metro,False,Hyderabad Metro,17.363250309473692,78.47762304000683
FIR-INDIA-2026-04364,2026-07-30 12:00:00,CYBER,CYBER incident reported in Pune,Pune,True,Pune,18.542554060864326,73.87366973407003
FIR-INDIA-2024-04365,2024-06-14 20:10:00,ASSAULT,ASSAULT incident reported in Bengaluru City,Bengaluru City,False,Bengaluru City,12.988484323610884,77.62688404531666
FIR-INDIA-2024-04366,2024-12-20 15:45:00,THEFT,THEFT incident reported in Chennai Metro,Chennai Metro,False,Chennai Metro,13.092659730869476,80.26330940395515
FIR-INDIA-2025-04367,2025-01-09 07:16:00,BURGLARY,BURGLARY incident reported in Chennai Metro,Chennai Metro,False,Chennai Metro,13.091845842528507,80.27857864330838
FIR-INDIA-2024-04368,2024-03-27 20:30:00,OTHER,OTHER incident reported in Pune,Pune,True,Pune,18.540542369746618,73.82732848612999
FIR-INDIA-2024-04369,2024-05-03 23:57:00,THEFT,THEFT incident reported in Mumbai Metro,Mumbai Metro,True,Mumbai Metro,19.085988029221546,72.8634185062459
FIR-INDIA-2024-04370,2024-02-24 20:17:00,ASSAULT,ASSAULT incident reported in Delhi NCR,Delhi NCR,True,Delhi NCR,28.636428830880117,77.22027601514426
FIR-INDIA-2025-04371,2025-09-03 14:35:00,BURGLARY,BURGLARY incident reported in Delhi NCR,Delhi NCR,False,Delhi NCR,28.630168356003576,77.200468435457
FIR-INDIA-2025-04372,2025-10-18 15:52:00,THEFT,THEFT incident reported in Pune,Pune,True,Pune,18.518242634154888,73.87120652518642
FIR-INDIA-2026-04373,2026-02-06 14:53:00,THEFT,THEFT incident reported in Delhi NCR,Delhi NCR,False,Delhi NCR,28.58809485976692,77.20328761377132
FIR-INDIA-2025-04374,2025-12-31 03:52:00,THEFT,THEFT incident reported in Mumbai Metro,Mumbai Metro,False,Mumbai Metro,19.06772556197631,72.90927157226906
FIR-INDIA-2023-04375,2023-08-14 07:07:00,ASSAULT,ASSAULT incident reported in Delhi NCR,Delhi NCR,False,Delhi NCR,28.641543835139256,77.19087210722462
FIR-INDIA-2023-04376,2023-02-02 03:10:00,ROBBERY,ROBBERY incident reported in Bengaluru City,Bengaluru City,False,Bengaluru City,12.979752029575664,77.60651461994738
FIR-INDIA-2023-04377,2023-01-15 02:19:00,THEFT,THEFT incident reported in Chennai Metro,Chennai Metro,False,Chennai Metro,13.064393246686897,80.25682668532521
FIR-INDIA-2026-04378,2026-05-08 11:54:00,THEFT,THEFT incident reported in Ahmedabad,Ahmedabad,False,Ahmedabad,23.022042451293583,72.56401482456332
FIR-INDIA-2025-04379,2025-03-11 09:48:00,ASSAULT,ASSAULT incident reported in Hyderabad Metro,Hyderabad Metro,True,Hyderabad Metro,17.39143740468284,78.5156083534222
FIR-INDIA-2024-04380,2024-08-14 13:21:00,THEFT,THEFT incident reported in Delhi NCR,Delhi NCR,False,Delhi NCR,28.608823446975624,77.2210601662944
FIR-INDIA-2025-04381,2025-09-11 20:23:00,ASSAULT,ASSAULT incident reported in Delhi NCR,Delhi NCR,False,Delhi NCR,28.593907066633868,77.22584466769887
FIR-INDIA-2023-04382,2023-05-06 14:07:00,THEFT,THEFT incident reported in Ahmedabad,Ahmedabad,True,Ahmedabad,23.005110626062493,72.56372851461266
FIR-INDIA-2025-04383,2025-05-05 22:50:00,ASSAULT,ASSAULT incident reported in Delhi NCR,Delhi NCR,False,Delhi NCR,28.61564686565521,77.22018813092888
FIR-INDIA-2023-04384,2023-04-26 03:22:00,CYBER,CYBER incident reported in Chennai Metro,Chennai Metro,True,Chennai Metro,13.09746624293594,80.25414681641854
FIR-INDIA-2024-04385,2024-03-06 02:20:00,ROBBERY,ROBBERY incident reported in Hyderabad Metro,Hyderabad Metro,False,Hyderabad Metro,17.391345780926073,78.46970716538301
FIR-INDIA-2023-04386,2023-07-06 16:19:00,THEFT,THEFT incident reported in Ahmedabad,Ahmedabad,True,Ahmedabad,23.02490794979471,72.56216398365184
FIR-INDIA-2023-04387,2023-02-09 20:43:00,ROBBERY,ROBBERY incident reported in Bengaluru City,Bengaluru City,False,Bengaluru City,12.962989940574884,77.58354099765333
FIR-INDIA-2024-04388,2024-08-28 20:05:00,THEFT,THEFT incident reported in Mumbai Metro,Mumbai Metro,False,Mumbai Metro,19.07131286218982,72.84474491437764
FIR-INDIA-2024-04389,2024-05-09 01:09:00,THEFT,THEFT incident reported in Mumbai Metro,Mumbai Metro,False,Mumbai Metro,19.074926514394445,72.87639243971053
FIR-INDIA-2025-04390,2025-07-25 06:38:00,ROBBERY,ROBBERY incident reported in Kolkata City,Kolkata City,False,Kolkata City,22.557078929873274,88.3796120243022
FIR-INDIA-2025-04391,2025-06-16 13:36:00,ASSAULT,ASSAULT incident reported in Pune,Pune,False,Pune,18.512469502078435,73.87799809946043
FIR-INDIA-2024-04392,2024-01-15 08:45:00,OTHER,OTHER incident reported in Chennai Metro,Chennai Metro,False,Chennai Metro,13.103283668691937,80.28698069321439
FIR-INDIA-2024-04393,2024-10-04 15:57:00,THEFT,THEFT incident reported in Mumbai Metro,Mumbai Metro,False,Mumbai Metro,19.061905498307947,72.87600166767126
FIR-INDIA-2025-04394,2025-06-03 20:56:00,CYBER,CYBER incident reported in Mumbai Metro,Mumbai Metro,False,Mumbai Metro,19.046329333685595,72.86066552626306
FIR-INDIA-2026-04395,2026-08-04 07:23:00,CYBER,CYBER incident reported in Chennai Metro,Chennai Metro,False,Chennai Metro,13.08744720090122,80.27998804256823
FIR-INDIA-2023-04396,2023-07-07 12:23:00,THEFT,THEFT incident reported in Chennai Metro,Chennai Metro,False,Chennai Metro,13.070838248786947,80.26712884048663
FIR-INDIA-2023-04397,2023-02-27 07:28:00,THEFT,THEFT incident reported in Mumbai Metro,Mumbai Metro,False,Mumbai Metro,19.06937585521503,72.87569097433871
FIR-INDIA-2023-04398,2023-09-10 12:10:00,CYBER,CYBER incident reported in Chennai Metro,Chennai Metro,False,Chennai Metro,13.07965899131287,80.26735163506939
FIR-INDIA-2024-04399,2024-04-12 14:04:00,ROBBERY,ROBBERY incident reported in Bengaluru City,Bengaluru City,True,Bengaluru City,12.965494189541827,77.55984793831978
FIR-INDIA-2023-04400,2023-01-28 15:56:00,ASSAULT,ASSAULT incident reported in Hyderabad Metro,Hyderabad Metro,True,Hyderabad Metro,17.396438237326393,78.48777276484927
FIR-INDIA-2023-04401,2023-07-25 19:13:00,ASSAULT,ASSAULT incident reported in Kolkata City,Kolkata City,False,Kolkata City,22.566320343321824,88.36314485083788
FIR-INDIA-2025-04402,2025-05-20 03:18:00,ASSAULT,ASSAULT incident reported in Pune,Pune,True,Pune,18.503157248649853,73.88299432979323
FIR-INDIA-2023-04403,2023-07-09 02:34:00,THEFT,THEFT incident reported in Hyderabad Metro,Hyderabad Metro,False,Hyderabad Metro,17.390118587229956,78.49137809439713
FIR-INDIA-2023-04404,2023-11-17 19:18:00,THEFT,THEFT incident reported in Kolkata City,Kolkata City,False,Kolkata City,22.579074158751467,88.34062197184016
FIR-INDIA-2024-04405,2024-05-12 07:20:00,THEFT,THEFT incident reported in Delhi NCR,Delhi NCR,False,Delhi NCR,28.598305088846654,77.22518202706351
FIR-INDIA-2024-04406,2024-05-09 18:44:00,ASSAULT,ASSAULT incident reported in Mumbai Metro,Mumbai Metro,False,Mumbai Metro,19.088216086826293,72.89687265084983
FIR-INDIA-2026-04407,2026-05-01 14:22:00,BURGLARY,BURGLARY incident reported in Chennai Metro,Chennai Metro,False,Chennai Metro,13.090282276436884,80.25154976323732
FIR-INDIA-2025-04408,2025-11-13 11:48:00,ASSAULT,ASSAULT incident reported in Kolkata City,Kolkata City,False,Kolkata City,22.59669778913841,88.36161366965595
FIR-INDIA-2023-04409,2023-07-05 17:08:00,THEFT,THEFT incident reported in Hyderabad Metro,Hyderabad Metro,False,Hyderabad Metro,17.394831919187645,78.45540943290803
FIR-INDIA-2024-04410,2024-01-08 11:28:00,THEFT,THEFT incident reported in Bengaluru City,Bengaluru City,False,Bengaluru City,12.979765635774784,77.57875532814295
FIR-INDIA-2024-04411,2024-04-19 20:24:00,THEFT,THEFT incident reported in Pune,Pune,True,Pune,18.512326088008617,73.85212043784048
FIR-INDIA-2024-04412,2024-02-25 00:13:00,ASSAULT,ASSAULT incident reported in Mumbai Metro,Mumbai Metro,False,Mumbai Metro,19.06544931409129,72.86467069075466
FIR-INDIA-2025-04413,2025-05-14 17:07:00,THEFT,THEFT incident reported in Kolkata City,Kolkata City,False,Kolkata City,22.560121185420012,88.36278105290408
FIR-INDIA-2023-04414,2023-05-12 02:01:00,THEFT,THEFT incident reported in Bengaluru City,Bengaluru City,False,Bengaluru City,12.986775101848444,77.6077334762117
FIR-INDIA-2024-04415,2024-01-03 02:05:00,BURGLARY,BURGLARY incident reported in Chennai Metro,Chennai Metro,False,Chennai Metro,13.10517327008913,80.25534085415255
FIR-INDIA-2025-04416,2025-07-11 06:46:00,ROBBERY,ROBBERY incident reported in Delhi NCR,Delhi NCR,True,Delhi NCR,28.629202906507505,77.20937229435607
FIR-INDIA-2023-04417,2023-08-12 19:01:00,BURGLARY,BURGLARY incident reported in Pune,Pune,False,Pune,18.539475559653592,73.8360429646592
FIR-INDIA-2024-04418,2024-02-14 10:31:00,THEFT,THEFT incident reported in Bengaluru City,Bengaluru City,True,Bengaluru City,12.986718731245485,77.587820723578
FIR-INDIA-2023-04419,2023-05-27 10:38:00,CYBER,CYBER incident reported in Mumbai Metro,Mumbai Metro,False,Mumbai Metro,19.06781861609081,72.87448959983233
FIR-INDIA-2026-04420,2026-06-05 21:36:00,ROBBERY,ROBBERY incident reported in Ahmedabad,Ahmedabad,True,Ahmedabad,23.0248892424521,72.57053232927558
FIR-INDIA-2025-04421,2025-05-14 22:19:00,BURGLARY,BURGLARY incident reported in Mumbai Metro,Mumbai Metro,True,Mumbai Metro,19.077287059514568,72.8874049153701
FIR-INDIA-2025-04422,2025-04-23 09:48:00,BURGLARY,BURGLARY incident reported in Bengaluru City,Bengaluru City,False,Bengaluru City,12.983312347717778,77.59803820472884
FIR-INDIA-2025-04423,2025-11-20 03:51:00,ASSAULT,ASSAULT incident reported in Bengaluru City,Bengaluru City,False,Bengaluru City,12.95988155402699,77.59860273279828
FIR-INDIA-2025-04424,2025-12-19 00:00:00,ASSAULT,ASSAULT incident reported in Kolkata City,Kolkata City,False,Kolkata City,22.57660505096995,88.3697891842086
FIR-INDIA-2024-04425,2024-08-29 14:37:00,CYBER,CYBER incident reported in Kolkata City,Kolkata City,True,Kolkata City,22.564678632556397,88.3243063056954
FIR-INDIA-2023-04426,2023-08-22 15:33:00,THEFT,THEFT incident reported in Delhi NCR,Delhi NCR,False,Delhi NCR,28.612573438684514,77.2233053753115
FIR-INDIA-2024-04427,2024-12-24 16:55:00,THEFT,THEFT incident reported in Chennai Metro,Chennai Metro,False,Chennai Metro,13.10855205443047,80.2800368455436
FIR-INDIA-2025-04428,2025-10-17 01:27:00,THEFT,THEFT incident reported in Delhi NCR,Delhi NCR,False,Delhi NCR,28.633437792833412,77.22852482191843
FIR-INDIA-2026-04429,2026-01-07 18:05:00,CYBER,CYBER incident reported in Delhi NCR,Delhi NCR,False,Delhi NCR,28.613759099653606,77.18667798198331
FIR-INDIA-2024-04430,2024-06-08 17:25:00,BURGLARY,BURGLARY incident reported in Delhi NCR,Delhi NCR,False,Delhi NCR,28.617278443884842,77.1900339431668
FIR-INDIA-2026-04431,2026-05-31 20:43:00,THEFT,THEFT incident reported in Delhi NCR,Delhi NCR,True,Delhi NCR,28.60320845287614,77.2327433644558
FIR-INDIA-2025-04432,2025-04-17 22:50:00,THEFT,THEFT incident reported in Hyderabad Metro,Hyderabad Metro,False,Hyderabad Metro,17.390711734723794,78.52378882873222
FIR-INDIA-2024-04433,2024-03-13 01:04:00,THEFT,THEFT incident reported in Ahmedabad,Ahmedabad,False,Ahmedabad,23.05377605654071,72.5452579289835
FIR-INDIA-2024-04434,2024-12-26 05:41:00,THEFT,THEFT incident reported in Bengaluru City,Bengaluru City,True,Bengaluru City,12.956680729147113,77.61245086189038
FIR-INDIA-2024-04435,2024-06-08 20:39:00,THEFT,THEFT incident reported in Kolkata City,Kolkata City,False,Kolkata City,22.580282362708758,88.34661715687736
FIR-INDIA-2024-04436,2024-06-07 16:39:00,THEFT,THEFT incident reported in Chennai Metro,Chennai Metro,False,Chennai Metro,13.0745694578829,80.29033111140066
FIR-INDIA-2024-04437,2024-09-02 21:11:00,BURGLARY,BURGLARY incident reported in Delhi NCR,Delhi NCR,False,Delhi NCR,28.580557392530974,77.21392573372744
FIR-INDIA-2025-04438,2025-05-17 03:18:00,ASSAULT,ASSAULT incident reported in Bengaluru City,Bengaluru City,False,Bengaluru City,12.972074543108512,77.57721515626159
FIR-INDIA-2025-04439,2025-01-27 22:34:00,THEFT,THEFT incident reported in Kolkata City,Kolkata City,False,Kolkata City,22.577920714764275,88.36808653474978
FIR-INDIA-2024-04440,2024-03-22 01:26:00,CYBER,CYBER incident reported in Ahmedabad,Ahmedabad,False,Ahmedabad,23.014574582543386,72.56178300262687
FIR-INDIA-2023-04441,2023-04-17 12:13:00,THEFT,THEFT incident reported in Delhi NCR,Delhi NCR,False,Delhi NCR,28.640598212384184,77.22108025772255
FIR-INDIA-2025-04442,2025-03-19 05:47:00,BURGLARY,BURGLARY incident reported in Delhi NCR,Delhi NCR,False,Delhi NCR,28.618569748008888,77.21367085271216
FIR-INDIA-2026-04443,2026-07-29 17:18:00,THEFT,THEFT incident reported in Bengaluru City,Bengaluru City,False,Bengaluru City,12.968208673757495,77.58137108100237
FIR-INDIA-2024-04444,2024-01-25 14:15:00,THEFT,THEFT incident reported in Delhi NCR,Delhi NCR,False,Delhi NCR,28.650120111002973,77.22908871093952
FIR-INDIA-2024-04445,2024-11-30 21:08:00,ASSAULT,ASSAULT incident reported in Chennai Metro,Chennai Metro,False,Chennai Metro,13.112044224670209,80.25071611528074
FIR-INDIA-2026-04446,2026-04-21 11:17:00,ROBBERY,ROBBERY incident reported in Hyderabad Metro,Hyderabad Metro,False,Hyderabad Metro,17.40430076707619,78.48802281133983
FIR-INDIA-2024-04447,2024-09-16 03:04:00,ROBBERY,ROBBERY incident reported in Pune,Pune,False,Pune,18.52081521138993,73.86300891417176
FIR-INDIA-2024-04448,2024-02-04 12:18:00,ASSAULT,ASSAULT incident reported in Bengaluru City,Bengaluru City,True,Bengaluru City,12.978837715433269,77.58234123085285
FIR-INDIA-2023-04449,2023-09-26 08:46:00,THEFT,THEFT incident reported in Ahmedabad,Ahmedabad,False,Ahmedabad,23.048990265829175,72.5889295780913
FIR-INDIA-2025-04450,2025-06-19 07:49:00,THEFT,THEFT incident reported in Delhi NCR,Delhi NCR,False,Delhi NCR,28.627369718699793,77.19253842262735
FIR-INDIA-2024-04451,2024-05-19 23:00:00,THEFT,THEFT incident reported in Hyderabad Metro,Hyderabad Metro,False,Hyderabad Metro,17.39155601556497,78.4942806159848
FIR-INDIA-2025-04452,2025-08-12 08:48:00,THEFT,THEFT incident reported in Delhi NCR,Delhi NCR,False,Delhi NCR,28.62242957537779,77.21966435237414
FIR-INDIA-2025-04453,2025-04-05 17:45:00,THEFT,THEFT incident reported in Kolkata City,Kolkata City,False,Kolkata City,22.549151369039766,88.38759931252692
FIR-INDIA-2024-04454,2024-02-29 20:04:00,THEFT,THEFT incident reported in Hyderabad Metro,Hyderabad Metro,False,Hyderabad Metro,17.412225243059776,78.49233854731061
FIR-INDIA-2024-04455,2024-03-30 00:21:00,BURGLARY,BURGLARY incident reported in Chennai Metro,Chennai Metro,True,Chennai Metro,13.07551613726219,80.30414323631324
FIR-INDIA-2026-04456,2026-07-03 20:58:00,ASSAULT,ASSAULT incident reported in Delhi NCR,Delhi NCR,False,Delhi NCR,28.6137335237915,77.2180085414332
FIR-INDIA-2025-04457,2025-10-28 21:25:00,THEFT,THEFT incident reported in Chennai Metro,Chennai Metro,False,Chennai Metro,13.092420037240263,80.2687030973718
FIR-INDIA-2026-04458,2026-01-09 19:05:00,THEFT,THEFT incident reported in Delhi NCR,Delhi NCR,True,Delhi NCR,28.572608030297264,77.2071563249096
FIR-INDIA-2024-04459,2024-05-15 04:12:00,ROBBERY,ROBBERY incident reported in Bengaluru City,Bengaluru City,False,Bengaluru City,12.968555413660884,77.59357703897224
FIR-INDIA-2025-04460,2025-09-06 10:53:00,THEFT,THEFT incident reported in Hyderabad Metro,Hyderabad Metro,False,Hyderabad Metro,17.37937886709968,78.47029342766314
FIR-INDIA-2023-04461,2023-08-11 00:05:00,ASSAULT,ASSAULT incident reported in Mumbai Metro,Mumbai Metro,False,Mumbai Metro,19.06275529068485,72.86628260817913
FIR-INDIA-2023-04462,2023-07-27 06:17:00,ROBBERY,ROBBERY incident reported in Bengaluru City,Bengaluru City,False,Bengaluru City,12.990929339365648,77.60157064983885
FIR-INDIA-2024-04463,2024-07-18 07:53:00,CYBER,CYBER incident reported in Hyderabad Metro,Hyderabad Metro,False,Hyderabad Metro,17.37645698858661,78.49501119377456
FIR-INDIA-2023-04464,2023-04-11 04:10:00,THEFT,THEFT incident reported in Bengaluru City,Bengaluru City,False,Bengaluru City,12.973963710779783,77.59886812445845
FIR-INDIA-2023-04465,2023-05-10 21:05:00,BURGLARY,BURGLARY incident reported in Delhi NCR,Delhi NCR,True,Delhi NCR,28.61427945410679,77.21848337679647
FIR-INDIA-2026-04466,2026-04-25 21:37:00,ASSAULT,ASSAULT incident reported in Bengaluru City,Bengaluru City,False,Bengaluru City,12.975452061957576,77.60308179000832
FIR-INDIA-2024-04467,2024-04-11 22:24:00,THEFT,THEFT incident reported in Delhi NCR,Delhi NCR,True,Delhi NCR,28.605021347832217,77.20371476642666
FIR-INDIA-2024-04468,2024-02-16 01:48:00,ROBBERY,ROBBERY incident reported in Mumbai Metro,Mumbai Metro,False,Mumbai Metro,19.063993226858283,72.86877217828173
FIR-INDIA-2023-04469,2023-10-20 03:12:00,THEFT,THEFT incident reported in Kolkata City,Kolkata City,False,Kolkata City,22.578986957083647,88.35967122436438
FIR-INDIA-2026-04470,2026-04-30 14:18:00,ROBBERY,ROBBERY incident reported in Chennai Metro,Chennai Metro,False,Chennai Metro,13.090180444329562,80.26959930415407
FIR-INDIA-2026-04471,2026-04-02 22:39:00,ASSAULT,ASSAULT incident reported in Delhi NCR,Delhi NCR,False,Delhi NCR,28.617308005018483,77.22242029574556
FIR-INDIA-2026-04472,2026-08-24 03:33:00,ASSAULT,ASSAULT incident reported in Hyderabad Metro,Hyderabad Metro,False,Hyderabad Metro,17.402143263817216,78.49674061358802
FIR-INDIA-2023-04473,2023-03-05 02:00:00,ROBBERY,ROBBERY incident reported in Delhi NCR,Delhi NCR,False,Delhi NCR,28.617446864826505,77.19920254393233
FIR-INDIA-2023-04474,2023-03-28 16:23:00,ROBBERY,ROBBERY incident reported in Bengaluru City,Bengaluru City,True,Bengaluru City,12.989823989800268,77.61622599973755
FIR-INDIA-2025-04475,2025-02-04 00:07:00,ASSAULT,ASSAULT incident reported in Mumbai Metro,Mumbai Metro,False,Mumbai Metro,19.078191881241985,72.88451797552644
FIR-INDIA-2025-04476,2025-06-16 10:22:00,ROBBERY,ROBBERY incident reported in Chennai Metro,Chennai Metro,False,Chennai Metro,13.090516881705982,80.26123543651991
FIR-INDIA-2025-04477,2025-01-05 23:14:00,ASSAULT,ASSAULT incident reported in Bengaluru City,Bengaluru City,False,Bengaluru City,12.991729954308267,77.58557344024528
FIR-INDIA-2025-04478,2025-08-23 00:12:00,BURGLARY,BURGLARY incident reported in Hyderabad Metro,Hyderabad Metro,False,Hyderabad Metro,17.392561303921266,78.47388457284903
FIR-INDIA-2024-04479,2024-08-13 18:29:00,THEFT,THEFT incident reported in Chennai Metro,Chennai Metro,False,Chennai Metro,13.085721278688247,80.27700607088454
FIR-INDIA-2026-04480,2026-04-14 04:56:00,THEFT,THEFT incident reported in Bengaluru City,Bengaluru City,False,Bengaluru City,12.972652521547921,77.57409417558732
FIR-INDIA-2024-04481,2024-11-12 07:20:00,ROBBERY,ROBBERY incident reported in Chennai Metro,Chennai Metro,True,Chennai Metro,13.092161346238736,80.27640615494494
FIR-INDIA-2025-04482,2025-04-27 07:20:00,BURGLARY,BURGLARY incident reported in Mumbai Metro,Mumbai Metro,False,Mumbai Metro,19.09039890034807,72.8701305963216
FIR-INDIA-2026-04483,2026-06-27 02:43:00,ASSAULT,ASSAULT incident reported in Kolkata City,Kolkata City,False,Kolkata City,22.575063810871026,88.3673621391356
FIR-INDIA-2024-04484,2024-06-08 00:13:00,THEFT,THEFT incident reported in Hyderabad Metro,Hyderabad Metro,True,Hyderabad Metro,17.38742676763279,78.49054159175483
FIR-INDIA-2023-04485,2023-08-04 02:33:00,ASSAULT,ASSAULT incident reported in Ahmedabad,Ahmedabad,True,Ahmedabad,23.004435248266002,72.57101339164038
FIR-INDIA-2024-04486,2024-04-26 15:31:00,THEFT,THEFT incident reported in Mumbai Metro,Mumbai Metro,True,Mumbai Metro,19.094847122295185,72.87688596701034
FIR-INDIA-2023-04487,2023-09-10 01:16:00,BURGLARY,BURGLARY incident reported in Chennai Metro,Chennai Metro,True,Chennai Metro,13.083208484417836,80.2658456399951
FIR-INDIA-2023-04488,2023-02-12 10:50:00,ASSAULT,ASSAULT incident reported in Chennai Metro,Chennai Metro,False,Chennai Metro,13.103644089502584,80.28330465538433
FIR-INDIA-2023-04489,2023-03-30 03:48:00,ROBBERY,ROBBERY incident reported in Delhi NCR,Delhi NCR,False,Delhi NCR,28.629154134454474,77.20361291378175
FIR-INDIA-2023-04490,2023-12-09 12:50:00,BURGLARY,BURGLARY incident reported in Hyderabad Metro,Hyderabad Metro,False,Hyderabad Metro,17.401779634820986,78.49886125636834
FIR-INDIA-2026-04491,2026-04-07 03:43:00,ROBBERY,ROBBERY incident reported in Kolkata City,Kolkata City,False,Kolkata City,22.569451992051192,88.3588462776898
FIR-INDIA-2026-04492,2026-04-08 03:25:00,BURGLARY,BURGLARY incident reported in Hyderabad Metro,Hyderabad Metro,False,Hyderabad Metro,17.38185420500594,78.47680261106429
FIR-INDIA-2025-04493,2025-07-25 15:53:00,OTHER,OTHER incident reported in Delhi NCR,Delhi NCR,False,Delhi NCR,28.584730667423184,77.18967156449075
FIR-INDIA-2023-04494,2023-04-10 00:14:00,ASSAULT,ASSAULT incident reported in Ahmedabad,Ahmedabad,False,Ahmedabad,23.000000682266165,72.57405436591601
FIR-INDIA-2024-04495,2024-12-24 04:13:00,BURGLARY,BURGLARY incident reported in Kolkata City,Kolkata City,False,Kolkata City,22.56341734910908,88.38162324654913
FIR-INDIA-2024-04496,2024-12-05 12:19:00,THEFT,THEFT incident reported in Delhi NCR,Delhi NCR,True,Delhi NCR,28.621716122947085,77.23393326033805
FIR-INDIA-2026-04497,2026-08-22 11:24:00,ROBBERY,ROBBERY incident reported in Bengaluru City,Bengaluru City,False,Bengaluru City,12.987533421366399,77.58697671613176
FIR-INDIA-2026-04498,2026-06-10 14:18:00,THEFT,THEFT incident reported in Ahmedabad,Ahmedabad,True,Ahmedabad,23.041748543272355,72.57028396251218
FIR-INDIA-2023-04499,2023-07-17 10:41:00,THEFT,THEFT incident reported in Delhi NCR,Delhi NCR,False,Delhi NCR,28.594856279241338,77.19550900756134
FIR-INDIA-2023-04500,2023-11-26 16:37:00,ASSAULT,ASSAULT incident reported in Ahmedabad,Ahmedabad,False,Ahmedabad,23.022153449526353,72.59072438381402
FIR-INDIA-2023-04501,2023-10-31 02:45:00,ROBBERY,ROBBERY incident reported in Chennai Metro,Chennai Metro,False,Chennai Metro,13.101388441017264,80.27434364922651
FIR-INDIA-2023-04502,2023-01-18 01:28:00,THEFT,THEFT incident reported in Kolkata City,Kolkata City,False,Kolkata City,22.578944436801446,88.35495588048782
FIR-INDIA-2024-04503,2024-01-23 22:41:00,THEFT,THEFT incident reported in Hyderabad Metro,Hyderabad Metro,False,Hyderabad Metro,17.37893463723012,78.45821758398912
FIR-INDIA-2026-04504,2026-01-22 16:41:00,ROBBERY,ROBBERY incident reported in Mumbai Metro,Mumbai Metro,False,Mumbai Metro,19.08911802922889,72.87294276947947
FIR-INDIA-2025-04505,2025-07-19 05:31:00,CYBER,CYBER incident reported in Pune,Pune,True,Pune,18.498149390238876,73.87616773765713
FIR-INDIA-2026-04506,2026-06-16 01:26:00,ASSAULT,ASSAULT incident reported in Mumbai Metro,Mumbai Metro,False,Mumbai Metro,19.080866286621493,72.8749026531594
FIR-INDIA-2023-04507,2023-08-13 01:31:00,THEFT,THEFT incident reported in Bengaluru City,Bengaluru City,False,Bengaluru City,12.970428279419863,77.59997129993911
FIR-INDIA-2025-04508,2025-04-29 00:23:00,THEFT,THEFT incident reported in Bengaluru City,Bengaluru City,True,Bengaluru City,12.966481577461842,77.59007673573066
FIR-INDIA-2024-04509,2024-06-07 09:32:00,THEFT,THEFT incident reported in Mumbai Metro,Mumbai Metro,False,Mumbai Metro,19.07820014274524,72.87532464169408
FIR-INDIA-2023-04510,2023-09-22 23:24:00,THEFT,THEFT incident reported in Mumbai Metro,Mumbai Metro,True,Mumbai Metro,19.04563903809832,72.88930986994502
FIR-INDIA-2025-04511,2025-06-12 15:03:00,ASSAULT,ASSAULT incident reported in Kolkata City,Kolkata City,False,Kolkata City,22.581512301080952,88.37702842917629
FIR-INDIA-2024-04512,2024-10-28 00:59:00,THEFT,THEFT incident reported in Bengaluru City,Bengaluru City,False,Bengaluru City,12.95396021770056,77.6097599685057
FIR-INDIA-2025-04513,2025-01-16 21:30:00,ASSAULT,ASSAULT incident reported in Kolkata City,Kolkata City,False,Kolkata City,22.56025552032941,88.3837789144456
FIR-INDIA-2023-04514,2023-02-23 17:24:00,ASSAULT,ASSAULT incident reported in Delhi NCR,Delhi NCR,False,Delhi NCR,28.617635419046763,77.20089645028195
FIR-INDIA-2024-04515,2024-12-07 10:23:00,THEFT,THEFT incident reported in Chennai Metro,Chennai Metro,False,Chennai Metro,13.087642249464876,80.25723210991167
FIR-INDIA-2026-04516,2026-01-31 12:52:00,ROBBERY,ROBBERY incident reported in Delhi NCR,Delhi NCR,False,Delhi NCR,28.62139583653089,77.21324665234035
FIR-INDIA-2023-04517,2023-02-03 12:28:00,BURGLARY,BURGLARY incident reported in Kolkata City,Kolkata City,True,Kolkata City,22.57293929315561,88.36847086675405
FIR-INDIA-2026-04518,2026-06-16 12:46:00,BURGLARY,BURGLARY incident reported in Chennai Metro,Chennai Metro,False,Chennai Metro,13.083285383487455,80.25288791733682
FIR-INDIA-2024-04519,2024-10-01 08:29:00,THEFT,THEFT incident reported in Hyderabad Metro,Hyderabad Metro,False,Hyderabad Metro,17.381062174209042,78.48864030289995
FIR-INDIA-2024-04520,2024-12-14 15:52:00,CYBER,CYBER incident reported in Bengaluru City,Bengaluru City,False,Bengaluru City,12.98104545668254,77.59157965120698
FIR-INDIA-2023-04521,2023-01-03 12:22:00,ROBBERY,ROBBERY incident reported in Delhi NCR,Delhi NCR,False,Delhi NCR,28.640000266895075,77.2122280269302
FIR-INDIA-2025-04522,2025-09-16 02:27:00,ASSAULT,ASSAULT incident reported in Bengaluru City,Bengaluru City,False,Bengaluru City,12.965768635483785,77.58822962007427
FIR-INDIA-2026-04523,2026-01-17 16:10:00,BURGLARY,BURGLARY incident reported in Bengaluru City,Bengaluru City,False,Bengaluru City,12.953663850436746,77.58847677085306
FIR-INDIA-2023-04524,2023-12-01 21:06:00,OTHER,OTHER incident reported in Hyderabad Metro,Hyderabad Metro,False,Hyderabad Metro,17.370611315525554,78.47705603715373
FIR-INDIA-2023-04525,2023-02-12 13:53:00,THEFT,THEFT incident reported in Bengaluru City,Bengaluru City,False,Bengaluru City,12.967753244186396,77.61179649926392
FIR-INDIA-2024-04526,2024-11-25 07:05:00,ROBBERY,ROBBERY incident reported in Delhi NCR,Delhi NCR,False,Delhi NCR,28.583983293275136,77.21423108588219
FIR-INDIA-2024-04527,2024-01-28 06:45:00,THEFT,THEFT incident reported in Kolkata City,Kolkata City,False,Kolkata City,22.605702924234677,88.35504871767397
FIR-INDIA-2023-04528,2023-05-12 09:22:00,ROBBERY,ROBBERY incident reported in Delhi NCR,Delhi NCR,False,Delhi NCR,28.58190667772758,77.20422016314679
FIR-INDIA-2026-04529,2026-05-09 12:05:00,ASSAULT,ASSAULT incident reported in Bengaluru City,Bengaluru City,True,Bengaluru City,12.949962770029266,77.59149170451303
FIR-INDIA-2025-04530,2025-01-10 15:57:00,ROBBERY,ROBBERY incident reported in Delhi NCR,Delhi NCR,False,Delhi NCR,28.635733998631178,77.19131733049643
FIR-INDIA-2024-04531,2024-05-23 10:17:00,BURGLARY,BURGLARY incident reported in Kolkata City,Kolkata City,True,Kolkata City,22.58886900083633,88.35851053636631
FIR-INDIA-2024-04532,2024-08-19 10:35:00,THEFT,THEFT incident reported in Pune,Pune,False,Pune,18.52243454557401,73.84783520424358
FIR-INDIA-2025-04533,2025-03-25 19:35:00,ASSAULT,ASSAULT incident reported in Delhi NCR,Delhi NCR,False,Delhi NCR,28.62016358705693,77.18223581196087
FIR-INDIA-2025-04534,2025-12-05 11:26:00,OTHER,OTHER incident reported in Bengaluru City,Bengaluru City,True,Bengaluru City,12.995109800380375,77.5982172176461
FIR-INDIA-2024-04535,2024-08-01 01:39:00,BURGLARY,BURGLARY incident reported in Bengaluru City,Bengaluru City,False,Bengaluru City,12.971193191840499,77.59573909697984
FIR-INDIA-2024-04536,2024-04-08 04:50:00,ASSAULT,ASSAULT incident reported in Mumbai Metro,Mumbai Metro,False,Mumbai Metro,19.085630912524163,72.88174772271996
FIR-INDIA-2026-04537,2026-04-13 14:01:00,CYBER,CYBER incident reported in Kolkata City,Kolkata City,True,Kolkata City,22.563301617555073,88.36545879313513
FIR-INDIA-2026-04538,2026-08-10 13:11:00,THEFT,THEFT incident reported in Mumbai Metro,Mumbai Metro,False,Mumbai Metro,19.073358698895614,72.87468717742846
FIR-INDIA-2024-04539,2024-08-25 09:35:00,ASSAULT,ASSAULT incident reported in Chennai Metro,Chennai Metro,False,Chennai Metro,13.055455129180393,80.25624709838725
FIR-INDIA-2025-04540,2025-12-08 17:01:00,BURGLARY,BURGLARY incident reported in Kolkata City,Kolkata City,False,Kolkata City,22.575797249491682,88.34012939914517
FIR-INDIA-2026-04541,2026-08-12 07:56:00,ROBBERY,ROBBERY incident reported in Chennai Metro,Chennai Metro,False,Chennai Metro,13.089007130124312,80.274489449008
FIR-INDIA-2026-04542,2026-01-17 07:20:00,BURGLARY,BURGLARY incident reported in Bengaluru City,Bengaluru City,False,Bengaluru City,12.960792128376202,77.61415134664347
FIR-INDIA-2025-04543,2025-08-20 16:44:00,OTHER,OTHER incident reported in Mumbai Metro,Mumbai Metro,True,Mumbai Metro,19.087045426985252,72.88918369174527
FIR-INDIA-2023-04544,2023-08-18 20:05:00,ASSAULT,ASSAULT incident reported in Delhi NCR,Delhi NCR,False,Delhi NCR,28.620859159233024,77.20972724455036
FIR-INDIA-2023-04545,2023-11-26 10:10:00,THEFT,THEFT incident reported in Delhi NCR,Delhi NCR,True,Delhi NCR,28.61709057834028,77.21092554929191
FIR-INDIA-2025-04546,2025-04-07 11:57:00,THEFT,THEFT incident reported in Chennai Metro,Chennai Metro,False,Chennai Metro,13.101491349824858,80.28161715273681
FIR-INDIA-2023-04547,2023-10-09 19:08:00,ASSAULT,ASSAULT incident reported in Bengaluru City,Bengaluru City,False,Bengaluru City,12.961530916355395,77.61959231808406
FIR-INDIA-2024-04548,2024-11-19 14:52:00,CYBER,CYBER incident reported in Mumbai Metro,Mumbai Metro,False,Mumbai Metro,19.082000601683053,72.89459020505616
FIR-INDIA-2026-04549,2026-03-06 22:31:00,THEFT,THEFT incident reported in Kolkata City,Kolkata City,False,Kolkata City,22.576598329148396,88.38769300982683
FIR-INDIA-2024-04550,2024-11-25 18:07:00,ASSAULT,ASSAULT incident reported in Chennai Metro,Chennai Metro,False,Chennai Metro,13.090069183000628,80.26394287619469
FIR-INDIA-2024-04551,2024-10-06 08:30:00,THEFT,THEFT incident reported in Chennai Metro,Chennai Metro,False,Chennai Metro,13.061355262362762,80.29447198005833
FIR-INDIA-2026-04552,2026-02-19 00:36:00,THEFT,THEFT incident reported in Mumbai Metro,Mumbai Metro,False,Mumbai Metro,19.086372642590735,72.87485047303406
FIR-INDIA-2026-04553,2026-02-21 23:41:00,ASSAULT,ASSAULT incident reported in Chennai Metro,Chennai Metro,True,Chennai Metro,13.080866617489873,80.2857880863693
FIR-INDIA-2026-04554,2026-01-13 12:49:00,ROBBERY,ROBBERY incident reported in Ahmedabad,Ahmedabad,True,Ahmedabad,23.040665082577643,72.58554531978308
FIR-INDIA-2024-04555,2024-08-22 15:09:00,THEFT,THEFT incident reported in Delhi NCR,Delhi NCR,False,Delhi NCR,28.62360163229063,77.20854203664496
FIR-INDIA-2023-04556,2023-11-06 15:39:00,ASSAULT,ASSAULT incident reported in Bengaluru City,Bengaluru City,False,Bengaluru City,12.992293747900558,77.564413823006
FIR-INDIA-2024-04557,2024-12-27 15:02:00,ASSAULT,ASSAULT incident reported in Bengaluru City,Bengaluru City,True,Bengaluru City,12.959787067172458,77.61250728924342
FIR-INDIA-2024-04558,2024-12-21 06:11:00,BURGLARY,BURGLARY incident reported in Kolkata City,Kolkata City,False,Kolkata City,22.577461938801317,88.38898182420401
FIR-INDIA-2026-04559,2026-02-13 17:22:00,ASSAULT,ASSAULT incident reported in Chennai Metro,Chennai Metro,False,Chennai Metro,13.082330218460005,80.26526537149822
FIR-INDIA-2023-04560,2023-05-23 02:42:00,ROBBERY,ROBBERY incident reported in Pune,Pune,False,Pune,18.528504640562307,73.86040805001178
FIR-INDIA-2023-04561,2023-12-13 23:14:00,THEFT,THEFT incident reported in Bengaluru City,Bengaluru City,False,Bengaluru City,12.97256084496438,77.5976123233078
FIR-INDIA-2024-04562,2024-05-11 21:38:00,THEFT,THEFT incident reported in Delhi NCR,Delhi NCR,False,Delhi NCR,28.601161113220673,77.1694707747782
FIR-INDIA-2026-04563,2026-07-15 11:00:00,CYBER,CYBER incident reported in Kolkata City,Kolkata City,True,Kolkata City,22.560231552592125,88.38246835816712
FIR-INDIA-2025-04564,2025-02-03 17:17:00,ASSAULT,ASSAULT incident reported in Bengaluru City,Bengaluru City,False,Bengaluru City,12.964626616439055,77.5889601842306
FIR-INDIA-2023-04565,2023-06-19 15:32:00,ROBBERY,ROBBERY incident reported in Kolkata City,Kolkata City,False,Kolkata City,22.55286411263971,88.37053030417897
FIR-INDIA-2023-04566,2023-09-24 20:26:00,THEFT,THEFT incident reported in Delhi NCR,Delhi NCR,False,Delhi NCR,28.600788550537544,77.21608329836025
FIR-INDIA-2023-04567,2023-01-30 12:28:00,CYBER,CYBER incident reported in Delhi NCR,Delhi NCR,False,Delhi NCR,28.617059848972225,77.2023296345444
FIR-INDIA-2025-04568,2025-10-21 17:45:00,THEFT,THEFT incident reported in Ahmedabad,Ahmedabad,False,Ahmedabad,23.00430681132881,72.59159297471544
FIR-INDIA-2023-04569,2023-07-19 06:49:00,ROBBERY,ROBBERY incident reported in Hyderabad Metro,Hyderabad Metro,True,Hyderabad Metro,17.39384738238519,78.5028929425357
FIR-INDIA-2023-04570,2023-07-09 01:43:00,BURGLARY,BURGLARY incident reported in Hyderabad Metro,Hyderabad Metro,False,Hyderabad Metro,17.410798355906138,78.50031617973953
FIR-INDIA-2025-04571,2025-03-07 10:53:00,THEFT,THEFT incident reported in Hyderabad Metro,Hyderabad Metro,False,Hyderabad Metro,17.366199785778637,78.47674335225304
FIR-INDIA-2026-04572,2026-06-05 01:22:00,ROBBERY,ROBBERY incident reported in Ahmedabad,Ahmedabad,False,Ahmedabad,22.99287443079751,72.58814180365665
FIR-INDIA-2024-04573,2024-01-09 14:55:00,ASSAULT,ASSAULT incident reported in Mumbai Metro,Mumbai Metro,False,Mumbai Metro,19.093590263446316,72.87216934463522
FIR-INDIA-2024-04574,2024-04-30 00:42:00,THEFT,THEFT incident reported in Bengaluru City,Bengaluru City,False,Bengaluru City,12.996007624744069,77.57942756020111
FIR-INDIA-2026-04575,2026-03-06 15:17:00,THEFT,THEFT incident reported in Mumbai Metro,Mumbai Metro,False,Mumbai Metro,19.067531333198893,72.88689992738732
FIR-INDIA-2025-04576,2025-10-16 22:10:00,THEFT,THEFT incident reported in Chennai Metro,Chennai Metro,True,Chennai Metro,13.078933689688993,80.25265660363182
FIR-INDIA-2024-04577,2024-03-18 04:39:00,THEFT,THEFT incident reported in Kolkata City,Kolkata City,True,Kolkata City,22.579325981135458,88.37603692605542
FIR-INDIA-2025-04578,2025-01-05 09:42:00,THEFT,THEFT incident reported in Pune,Pune,False,Pune,18.501190424504667,73.88992902924748
FIR-INDIA-2024-04579,2024-06-12 11:24:00,CYBER,CYBER incident reported in Bengaluru City,Bengaluru City,False,Bengaluru City,12.97144432834447,77.62178038542828
FIR-INDIA-2026-04580,2026-01-23 03:45:00,THEFT,THEFT incident reported in Bengaluru City,Bengaluru City,False,Bengaluru City,12.981184616014744,77.59096052159028
FIR-INDIA-2024-04581,2024-06-22 19:52:00,ROBBERY,ROBBERY incident reported in Bengaluru City,Bengaluru City,False,Bengaluru City,12.978305741873555,77.6149550473809
FIR-INDIA-2024-04582,2024-09-30 15:29:00,THEFT,THEFT incident reported in Pune,Pune,False,Pune,18.506832931874246,73.86992711649337
FIR-INDIA-2026-04583,2026-03-21 18:52:00,CYBER,CYBER incident reported in Chennai Metro,Chennai Metro,False,Chennai Metro,13.067408234500267,80.26828169552317
FIR-INDIA-2024-04584,2024-12-08 10:56:00,THEFT,THEFT incident reported in Kolkata City,Kolkata City,True,Kolkata City,22.566147163680355,88.36306736086878
FIR-INDIA-2023-04585,2023-04-11 03:22:00,THEFT,THEFT incident reported in Mumbai Metro,Mumbai Metro,False,Mumbai Metro,19.093501845227685,72.89089369824494
FIR-INDIA-2026-04586,2026-01-03 09:26:00,ROBBERY,ROBBERY incident reported in Bengaluru City,Bengaluru City,False,Bengaluru City,12.968861508615563,77.60407566745404
FIR-INDIA-2025-04587,2025-02-09 18:09:00,ASSAULT,ASSAULT incident reported in Kolkata City,Kolkata City,False,Kolkata City,22.56640164457149,88.33307411981208
FIR-INDIA-2026-04588,2026-03-24 08:11:00,ROBBERY,ROBBERY incident reported in Bengaluru City,Bengaluru City,True,Bengaluru City,12.992282005104101,77.59817908322684
FIR-INDIA-2023-04589,2023-10-06 06:56:00,ASSAULT,ASSAULT incident reported in Bengaluru City,Bengaluru City,False,Bengaluru City,12.946773013247245,77.6052705532941
FIR-INDIA-2025-04590,2025-08-08 16:29:00,ROBBERY,ROBBERY incident reported in Ahmedabad,Ahmedabad,False,Ahmedabad,23.016353700548727,72.57752245171277
FIR-INDIA-2024-04591,2024-03-16 22:05:00,THEFT,THEFT incident reported in Mumbai Metro,Mumbai Metro,False,Mumbai Metro,19.05989389209675,72.87811719709326
FIR-INDIA-2025-04592,2025-03-21 15:19:00,ASSAULT,ASSAULT incident reported in Bengaluru City,Bengaluru City,True,Bengaluru City,12.989429413417207,77.58637747350902
FIR-INDIA-2023-04593,2023-08-18 21:11:00,CYBER,CYBER incident reported in Kolkata City,Kolkata City,False,Kolkata City,22.587702980967588,88.36278331916395
FIR-INDIA-2026-04594,2026-07-31 06:55:00,ROBBERY,ROBBERY incident reported in Delhi NCR,Delhi NCR,False,Delhi NCR,28.604606277519448,77.21197367439412
FIR-INDIA-2025-04595,2025-09-18 22:24:00,THEFT,THEFT incident reported in Bengaluru City,Bengaluru City,False,Bengaluru City,12.958621473537523,77.60349312057602
FIR-INDIA-2025-04596,2025-09-06 01:42:00,ASSAULT,ASSAULT incident reported in Hyderabad Metro,Hyderabad Metro,False,Hyderabad Metro,17.394360762670228,78.48296013457148
FIR-INDIA-2025-04597,2025-02-27 11:09:00,THEFT,THEFT incident reported in Ahmedabad,Ahmedabad,False,Ahmedabad,23.00643844960318,72.57000835084683
FIR-INDIA-2023-04598,2023-04-09 16:20:00,OTHER,OTHER incident reported in Pune,Pune,True,Pune,18.532609260288254,73.87102213031338
FIR-INDIA-2023-04599,2023-04-06 20:07:00,THEFT,THEFT incident reported in Delhi NCR,Delhi NCR,False,Delhi NCR,28.62407372548128,77.22521125090205
FIR-INDIA-2024-04600,2024-10-26 23:22:00,THEFT,THEFT incident reported in Chennai Metro,Chennai Metro,True,Chennai Metro,13.089407656453087,80.26188944357175
FIR-INDIA-2026-04601,2026-01-22 01:40:00,ASSAULT,ASSAULT incident reported in Chennai Metro,Chennai Metro,False,Chennai Metro,13.0752214958354,80.26709430047623
FIR-INDIA-2024-04602,2024-06-06 03:57:00,BURGLARY,BURGLARY incident reported in Mumbai Metro,Mumbai Metro,False,Mumbai Metro,19.073028557315308,72.90461124393943
FIR-INDIA-2024-04603,2024-03-15 17:33:00,CYBER,CYBER incident reported in Hyderabad Metro,Hyderabad Metro,False,Hyderabad Metro,17.38846810400165,78.46956017046791
FIR-INDIA-2025-04604,2025-06-04 07:54:00,ASSAULT,ASSAULT incident reported in Kolkata City,Kolkata City,False,Kolkata City,22.58625109739612,88.36977341661265
FIR-INDIA-2023-04605,2023-12-06 01:41:00,THEFT,THEFT incident reported in Hyderabad Metro,Hyderabad Metro,False,Hyderabad Metro,17.38132308156667,78.47795295940158
FIR-INDIA-2024-04606,2024-02-24 03:17:00,THEFT,THEFT incident reported in Pune,Pune,True,Pune,18.51005964225397,73.85031907605577
FIR-INDIA-2025-04607,2025-05-26 11:34:00,BURGLARY,BURGLARY incident reported in Delhi NCR,Delhi NCR,False,Delhi NCR,28.575489824144203,77.22711610852026
FIR-INDIA-2023-04608,2023-06-15 15:14:00,OTHER,OTHER incident reported in Hyderabad Metro,Hyderabad Metro,False,Hyderabad Metro,17.38346675969598,78.4625095517957
FIR-INDIA-2024-04609,2024-04-23 07:05:00,THEFT,THEFT incident reported in Kolkata City,Kolkata City,False,Kolkata City,22.558604885171214,88.34881220951968
FIR-INDIA-2024-04610,2024-08-27 07:20:00,ROBBERY,ROBBERY incident reported in Chennai Metro,Chennai Metro,False,Chennai Metro,13.087742830301034,80.29541643833377
FIR-INDIA-2023-04611,2023-10-21 10:22:00,ASSAULT,ASSAULT incident reported in Ahmedabad,Ahmedabad,False,Ahmedabad,23.02878027108899,72.5716937647244
FIR-INDIA-2026-04612,2026-01-18 12:13:00,BURGLARY,BURGLARY incident reported in Kolkata City,Kolkata City,False,Kolkata City,22.556159685192743,88.35292775851995
FIR-INDIA-2023-04613,2023-02-23 20:05:00,ASSAULT,ASSAULT incident reported in Chennai Metro,Chennai Metro,False,Chennai Metro,13.109962851002594,80.27815562144475
FIR-INDIA-2023-04614,2023-03-25 04:41:00,THEFT,THEFT incident reported in Delhi NCR,Delhi NCR,False,Delhi NCR,28.601508613684377,77.21027110062907
FIR-INDIA-2023-04615,2023-01-17 09:06:00,ASSAULT,ASSAULT incident reported in Kolkata City,Kolkata City,True,Kolkata City,22.56373314459813,88.3458744304103
FIR-INDIA-2024-04616,2024-03-21 15:09:00,ROBBERY,ROBBERY incident reported in Pune,Pune,True,Pune,18.500074989482314,73.86557546350501
FIR-INDIA-2023-04617,2023-12-04 06:27:00,ASSAULT,ASSAULT incident reported in Kolkata City,Kolkata City,False,Kolkata City,22.57688186622335,88.3524414958582
FIR-INDIA-2024-04618,2024-04-21 19:46:00,ROBBERY,ROBBERY incident reported in Kolkata City,Kolkata City,False,Kolkata City,22.58434253286386,88.35615999011358
FIR-INDIA-2026-04619,2026-08-17 09:24:00,ASSAULT,ASSAULT incident reported in Kolkata City,Kolkata City,False,Kolkata City,22.573576696392003,88.3686223273448
FIR-INDIA-2025-04620,2025-06-01 10:21:00,ASSAULT,ASSAULT incident reported in Delhi NCR,Delhi NCR,False,Delhi NCR,28.60824281762378,77.16829503674009
FIR-INDIA-2023-04621,2023-11-02 16:56:00,BURGLARY,BURGLARY incident reported in Hyderabad Metro,Hyderabad Metro,False,Hyderabad Metro,17.383721246511413,78.48647913190112
FIR-INDIA-2023-04622,2023-11-27 02:15:00,THEFT,THEFT incident reported in Chennai Metro,Chennai Metro,False,Chennai Metro,13.061291405393046,80.25718203335558
FIR-INDIA-2025-04623,2025-09-14 11:38:00,CYBER,CYBER incident reported in Mumbai Metro,Mumbai Metro,False,Mumbai Metro,19.070915014223264,72.86951747639507
FIR-INDIA-2024-04624,2024-04-25 19:27:00,BURGLARY,BURGLARY incident reported in Chennai Metro,Chennai Metro,False,Chennai Metro,13.082342781797724,80.25235402895227
FIR-INDIA-2024-04625,2024-06-25 03:37:00,ASSAULT,ASSAULT incident reported in Hyderabad Metro,Hyderabad Metro,True,Hyderabad Metro,17.389594567102677,78.47066899634451
FIR-INDIA-2024-04626,2024-12-07 11:57:00,ROBBERY,ROBBERY incident reported in Bengaluru City,Bengaluru City,False,Bengaluru City,12.98005691001032,77.60325271468275
FIR-INDIA-2024-04627,2024-04-01 06:49:00,THEFT,THEFT incident reported in Bengaluru City,Bengaluru City,False,Bengaluru City,12.954513438979005,77.61669462123724
FIR-INDIA-2026-04628,2026-05-27 14:00:00,OTHER,OTHER incident reported in Kolkata City,Kolkata City,True,Kolkata City,22.587622402460752,88.35539294977556
FIR-INDIA-2025-04629,2025-11-23 08:09:00,CYBER,CYBER incident reported in Chennai Metro,Chennai Metro,False,Chennai Metro,13.071597272018687,80.24743780340143
FIR-INDIA-2024-04630,2024-04-29 05:54:00,THEFT,THEFT incident reported in Mumbai Metro,Mumbai Metro,False,Mumbai Metro,19.073752627124534,72.86211415025379
FIR-INDIA-2023-04631,2023-09-12 10:04:00,ROBBERY,ROBBERY incident reported in Bengaluru City,Bengaluru City,True,Bengaluru City,12.977638797446733,77.57739962685034
FIR-INDIA-2025-04632,2025-08-17 17:47:00,BURGLARY,BURGLARY incident reported in Chennai Metro,Chennai Metro,False,Chennai Metro,13.084496100815784,80.26011438011388
FIR-INDIA-2025-04633,2025-02-04 03:21:00,CYBER,CYBER incident reported in Mumbai Metro,Mumbai Metro,False,Mumbai Metro,19.06782676383596,72.879417133098
FIR-INDIA-2025-04634,2025-05-12 02:18:00,THEFT,THEFT incident reported in Mumbai Metro,Mumbai Metro,True,Mumbai Metro,19.080743248152896,72.88216920416221
FIR-INDIA-2023-04635,2023-06-18 23:56:00,CYBER,CYBER incident reported in Delhi NCR,Delhi NCR,False,Delhi NCR,28.60984740739293,77.21346158631036
FIR-INDIA-2025-04636,2025-12-24 05:54:00,THEFT,THEFT incident reported in Bengaluru City,Bengaluru City,False,Bengaluru City,12.984369368684622,77.59240260052499
FIR-INDIA-2025-04637,2025-06-22 12:53:00,CYBER,CYBER incident reported in Delhi NCR,Delhi NCR,False,Delhi NCR,28.625171245483244,77.19827803244644
FIR-INDIA-2023-04638,2023-06-18 11:08:00,OTHER,OTHER incident reported in Mumbai Metro,Mumbai Metro,False,Mumbai Metro,19.101056468857635,72.88269949239823
FIR-INDIA-2023-04639,2023-02-18 11:11:00,ROBBERY,ROBBERY incident reported in Mumbai Metro,Mumbai Metro,True,Mumbai Metro,19.048675445449504,72.87960264206367
FIR-INDIA-2025-04640,2025-10-10 17:24:00,BURGLARY,BURGLARY incident reported in Chennai Metro,Chennai Metro,False,Chennai Metro,13.092686717828776,80.26589723955308
FIR-INDIA-2024-04641,2024-07-22 04:54:00,THEFT,THEFT incident reported in Bengaluru City,Bengaluru City,False,Bengaluru City,13.008622951876307,77.58305833280524
FIR-INDIA-2025-04642,2025-08-28 18:00:00,THEFT,THEFT incident reported in Delhi NCR,Delhi NCR,True,Delhi NCR,28.61718584212778,77.21502296161783
FIR-INDIA-2023-04643,2023-05-27 07:38:00,ASSAULT,ASSAULT incident reported in Kolkata City,Kolkata City,False,Kolkata City,22.56729647724339,88.3630082031476
FIR-INDIA-2026-04644,2026-07-02 08:04:00,ASSAULT,ASSAULT incident reported in Kolkata City,Kolkata City,False,Kolkata City,22.576300246842145,88.36383232323671
FIR-INDIA-2025-04645,2025-08-12 23:41:00,ROBBERY,ROBBERY incident reported in Hyderabad Metro,Hyderabad Metro,False,Hyderabad Metro,17.4032484505456,78.48777578251435
FIR-INDIA-2024-04646,2024-03-21 12:09:00,ASSAULT,ASSAULT incident reported in Hyderabad Metro,Hyderabad Metro,False,Hyderabad Metro,17.371032488203266,78.5033372136336
FIR-INDIA-2023-04647,2023-05-24 04:06:00,THEFT,THEFT incident reported in Delhi NCR,Delhi NCR,False,Delhi NCR,28.611451897433646,77.20140693881184
FIR-INDIA-2023-04648,2023-08-07 21:18:00,ROBBERY,ROBBERY incident reported in Kolkata City,Kolkata City,True,Kolkata City,22.557167972686937,88.36404707261771
FIR-INDIA-2026-04649,2026-04-22 18:30:00,THEFT,THEFT incident reported in Mumbai Metro,Mumbai Metro,False,Mumbai Metro,19.07556614307065,72.8831417248427
FIR-INDIA-2025-04650,2025-12-22 17:08:00,ASSAULT,ASSAULT incident reported in Mumbai Metro,Mumbai Metro,False,Mumbai Metro,19.065018294090326,72.886757218423
FIR-INDIA-2026-04651,2026-08-23 09:24:00,CYBER,CYBER incident reported in Delhi NCR,Delhi NCR,False,Delhi NCR,28.6039934902904,77.2175148623351
FIR-INDIA-2026-04652,2026-06-22 00:05:00,ASSAULT,ASSAULT incident reported in Mumbai Metro,Mumbai Metro,False,Mumbai Metro,19.114568206644297,72.86576044997233
FIR-INDIA-2023-04653,2023-12-07 01:40:00,BURGLARY,BURGLARY incident reported in Kolkata City,Kolkata City,True,Kolkata City,22.564437699340402,88.40135241634778
FIR-INDIA-2024-04654,2024-08-08 13:27:00,BURGLARY,BURGLARY incident reported in Hyderabad Metro,Hyderabad Metro,False,Hyderabad Metro,17.367435464710322,78.46812546969494
FIR-INDIA-2023-04655,2023-03-16 06:38:00,THEFT,THEFT incident reported in Kolkata City,Kolkata City,False,Kolkata City,22.561883906364233,88.33910005876153
FIR-INDIA-2024-04656,2024-07-30 17:43:00,THEFT,THEFT incident reported in Hyderabad Metro,Hyderabad Metro,False,Hyderabad Metro,17.3662851128564,78.48877511172059
FIR-INDIA-2023-04657,2023-08-05 07:38:00,THEFT,THEFT incident reported in Bengaluru City,Bengaluru City,True,Bengaluru City,12.959122554526227,77.61896863792701
FIR-INDIA-2025-04658,2025-01-27 09:24:00,ROBBERY,ROBBERY incident reported in Chennai Metro,Chennai Metro,True,Chennai Metro,13.080330298666784,80.27096272114476
FIR-INDIA-2025-04659,2025-07-11 12:37:00,BURGLARY,BURGLARY incident reported in Hyderabad Metro,Hyderabad Metro,False,Hyderabad Metro,17.37522532830302,78.48615746761845
FIR-INDIA-2023-04660,2023-12-31 06:58:00,ASSAULT,ASSAULT incident reported in Pune,Pune,False,Pune,18.51873517763041,73.85875594129097
FIR-INDIA-2025-04661,2025-08-22 03:41:00,THEFT,THEFT incident reported in Bengaluru City,Bengaluru City,False,Bengaluru City,12.981116911389298,77.62742149019664
FIR-INDIA-2023-04662,2023-08-24 19:52:00,ASSAULT,ASSAULT incident reported in Mumbai Metro,Mumbai Metro,True,Mumbai Metro,19.076567633654076,72.87802914837566
FIR-INDIA-2023-04663,2023-09-03 01:00:00,BURGLARY,BURGLARY incident reported in Kolkata City,Kolkata City,True,Kolkata City,22.569323885267416,88.35215118338498
FIR-INDIA-2025-04664,2025-06-01 05:23:00,THEFT,THEFT incident reported in Hyderabad Metro,Hyderabad Metro,False,Hyderabad Metro,17.3727768314131,78.49883800857607
FIR-INDIA-2026-04665,2026-04-08 06:41:00,CYBER,CYBER incident reported in Ahmedabad,Ahmedabad,True,Ahmedabad,23.032770499650322,72.59816334054796
FIR-INDIA-2025-04666,2025-03-16 09:45:00,ASSAULT,ASSAULT incident reported in Bengaluru City,Bengaluru City,False,Bengaluru City,12.97604094134763,77.58788514028852
FIR-INDIA-2024-04667,2024-03-06 01:43:00,ROBBERY,ROBBERY incident reported in Chennai Metro,Chennai Metro,True,Chennai Metro,13.050901598025078,80.27145612555293
FIR-INDIA-2023-04668,2023-06-09 13:02:00,ASSAULT,ASSAULT incident reported in Ahmedabad,Ahmedabad,False,Ahmedabad,23.01106934778571,72.57881959422825
FIR-INDIA-2023-04669,2023-09-26 10:50:00,ASSAULT,ASSAULT incident reported in Chennai Metro,Chennai Metro,False,Chennai Metro,13.062718582083255,80.29149316154282
FIR-INDIA-2024-04670,2024-01-02 14:07:00,THEFT,THEFT incident reported in Delhi NCR,Delhi NCR,True,Delhi NCR,28.619935727032644,77.23826632551513
FIR-INDIA-2024-04671,2024-08-13 20:25:00,ASSAULT,ASSAULT incident reported in Kolkata City,Kolkata City,True,Kolkata City,22.5604185143987,88.3662458093406
FIR-INDIA-2023-04672,2023-05-28 13:57:00,ROBBERY,ROBBERY incident reported in Kolkata City,Kolkata City,False,Kolkata City,22.57504729206335,88.39565127544462
FIR-INDIA-2025-04673,2025-02-13 02:13:00,THEFT,THEFT incident reported in Pune,Pune,False,Pune,18.528932472911396,73.87802298818107
FIR-INDIA-2023-04674,2023-09-14 02:22:00,ASSAULT,ASSAULT incident reported in Mumbai Metro,Mumbai Metro,False,Mumbai Metro,19.08550219796043,72.88414077601138
FIR-INDIA-2024-04675,2024-04-27 04:06:00,THEFT,THEFT incident reported in Mumbai Metro,Mumbai Metro,True,Mumbai Metro,19.063891218663066,72.89170342619572
FIR-INDIA-2023-04676,2023-01-15 10:18:00,THEFT,THEFT incident reported in Mumbai Metro,Mumbai Metro,False,Mumbai Metro,19.065847695961462,72.89441000816981
FIR-INDIA-2024-04677,2024-01-21 11:11:00,THEFT,THEFT incident reported in Delhi NCR,Delhi NCR,True,Delhi NCR,28.605644024102876,77.22380150985272
FIR-INDIA-2024-04678,2024-03-10 07:25:00,THEFT,THEFT incident reported in Chennai Metro,Chennai Metro,False,Chennai Metro,13.073260201835186,80.26805102282891
FIR-INDIA-2024-04679,2024-11-26 14:10:00,ASSAULT,ASSAULT incident reported in Delhi NCR,Delhi NCR,False,Delhi NCR,28.592093009170327,77.22539362096818
FIR-INDIA-2023-04680,2023-11-17 11:50:00,THEFT,THEFT incident reported in Hyderabad Metro,Hyderabad Metro,False,Hyderabad Metro,17.40402602906328,78.4870328067499
FIR-INDIA-2023-04681,2023-07-10 18:21:00,ROBBERY,ROBBERY incident reported in Delhi NCR,Delhi NCR,False,Delhi NCR,28.625580725987877,77.22438944914084
FIR-INDIA-2026-04682,2026-08-21 04:56:00,ASSAULT,ASSAULT incident reported in Hyderabad Metro,Hyderabad Metro,False,Hyderabad Metro,17.383531835737696,78.49494747808714
FIR-INDIA-2025-04683,2025-07-19 04:38:00,ASSAULT,ASSAULT incident reported in Delhi NCR,Delhi NCR,False,Delhi NCR,28.609156408219757,77.20436044830889
FIR-INDIA-2023-04684,2023-08-28 01:30:00,CYBER,CYBER incident reported in Pune,Pune,False,Pune,18.4989151277971,73.85853609955629
FIR-INDIA-2024-04685,2024-04-29 07:17:00,THEFT,THEFT incident reported in Chennai Metro,Chennai Metro,False,Chennai Metro,13.066574517937175,80.28579221207346
FIR-INDIA-2023-04686,2023-12-24 23:40:00,OTHER,OTHER incident reported in Chennai Metro,Chennai Metro,False,Chennai Metro,13.088605410733754,80.25998703329235
FIR-INDIA-2024-04687,2024-09-07 03:06:00,BURGLARY,BURGLARY incident reported in Mumbai Metro,Mumbai Metro,False,Mumbai Metro,19.063476480245736,72.87975654595485
FIR-INDIA-2024-04688,2024-09-29 07:27:00,ASSAULT,ASSAULT incident reported in Kolkata City,Kolkata City,False,Kolkata City,22.572609815854246,88.3651335696582
FIR-INDIA-2024-04689,2024-05-02 07:16:00,OTHER,OTHER incident reported in Bengaluru City,Bengaluru City,False,Bengaluru City,12.99679490842275,77.60014547598185
FIR-INDIA-2023-04690,2023-12-12 16:14:00,ASSAULT,ASSAULT incident reported in Chennai Metro,Chennai Metro,False,Chennai Metro,13.049004696708971,80.27538538122576
FIR-INDIA-2023-04691,2023-07-01 12:48:00,CYBER,CYBER incident reported in Mumbai Metro,Mumbai Metro,False,Mumbai Metro,19.075297748429943,72.88807449594194
FIR-INDIA-2024-04692,2024-08-22 13:45:00,OTHER,OTHER incident reported in Mumbai Metro,Mumbai Metro,False,Mumbai Metro,19.05336753003088,72.88408993881616
FIR-INDIA-2023-04693,2023-12-09 02:51:00,THEFT,THEFT incident reported in Bengaluru City,Bengaluru City,True,Bengaluru City,12.969305745403894,77.58042269162796
FIR-INDIA-2023-04694,2023-07-31 08:39:00,CYBER,CYBER incident reported in Mumbai Metro,Mumbai Metro,True,Mumbai Metro,19.082627956331578,72.89522219397459
FIR-INDIA-2026-04695,2026-05-05 08:49:00,BURGLARY,BURGLARY incident reported in Hyderabad Metro,Hyderabad Metro,False,Hyderabad Metro,17.4054196011721,78.50472173728983
FIR-INDIA-2024-04696,2024-09-18 21:44:00,CYBER,CYBER incident reported in Delhi NCR,Delhi NCR,False,Delhi NCR,28.617999959117146,77.20780694799784
FIR-INDIA-2025-04697,2025-10-10 16:12:00,THEFT,THEFT incident reported in Mumbai Metro,Mumbai Metro,False,Mumbai Metro,19.075573669962633,72.8773817652387
FIR-INDIA-2024-04698,2024-04-05 07:57:00,ASSAULT,ASSAULT incident reported in Mumbai Metro,Mumbai Metro,False,Mumbai Metro,19.09683914292243,72.86971133327941
FIR-INDIA-2024-04699,2024-02-15 16:03:00,ROBBERY,ROBBERY incident reported in Ahmedabad,Ahmedabad,False,Ahmedabad,23.0293497943528,72.55759406535645
FIR-INDIA-2023-04700,2023-11-08 01:21:00,THEFT,THEFT incident reported in Ahmedabad,Ahmedabad,False,Ahmedabad,23.032662033413988,72.55899473269272
FIR-INDIA-2024-04701,2024-12-19 04:08:00,OTHER,OTHER incident reported in Pune,Pune,False,Pune,18.513351927314755,73.85779925524942
FIR-INDIA-2024-04702,2024-12-10 09:31:00,ASSAULT,ASSAULT incident reported in Delhi NCR,Delhi NCR,False,Delhi NCR,28.629680985648392,77.22651700168778
FIR-INDIA-2025-04703,2025-05-12 19:32:00,BURGLARY,BURGLARY incident reported in Bengaluru City,Bengaluru City,True,Bengaluru City,12.964189269137224,77.59893039923148
FIR-INDIA-2025-04704,2025-11-12 13:10:00,OTHER,OTHER incident reported in Hyderabad Metro,Hyderabad Metro,False,Hyderabad Metro,17.384995296803172,78.52258749084746
FIR-INDIA-2023-04705,2023-11-03 06:13:00,ASSAULT,ASSAULT incident reported in Pune,Pune,False,Pune,18.50808124524268,73.84023103344028
FIR-INDIA-2023-04706,2023-07-06 04:16:00,BURGLARY,BURGLARY incident reported in Bengaluru City,Bengaluru City,False,Bengaluru City,12.95382072889114,77.59227710811942
FIR-INDIA-2025-04707,2025-02-03 18:20:00,BURGLARY,BURGLARY incident reported in Mumbai Metro,Mumbai Metro,False,Mumbai Metro,19.066936616654857,72.85540032973657
FIR-INDIA-2023-04708,2023-05-16 16:53:00,CYBER,CYBER incident reported in Mumbai Metro,Mumbai Metro,False,Mumbai Metro,19.061444873011702,72.8918319068374
FIR-INDIA-2023-04709,2023-10-19 00:41:00,BURGLARY,BURGLARY incident reported in Delhi NCR,Delhi NCR,False,Delhi NCR,28.63240111586148,77.19378761825244
FIR-INDIA-2025-04710,2025-04-20 06:48:00,THEFT,THEFT incident reported in Bengaluru City,Bengaluru City,True,Bengaluru City,12.972250460671896,77.57755329606032
FIR-INDIA-2023-04711,2023-02-25 02:08:00,BURGLARY,BURGLARY incident reported in Mumbai Metro,Mumbai Metro,False,Mumbai Metro,19.04643223739631,72.85673839112467
FIR-INDIA-2023-04712,2023-03-10 16:16:00,BURGLARY,BURGLARY incident reported in Pune,Pune,False,Pune,18.514350662833913,73.84129140994595
FIR-INDIA-2023-04713,2023-09-10 02:22:00,BURGLARY,BURGLARY incident reported in Chennai Metro,Chennai Metro,False,Chennai Metro,13.097516927459955,80.275263375743
FIR-INDIA-2025-04714,2025-01-18 08:51:00,ASSAULT,ASSAULT incident reported in Kolkata City,Kolkata City,False,Kolkata City,22.565068005014194,88.37467366700888
FIR-INDIA-2023-04715,2023-10-08 02:12:00,ASSAULT,ASSAULT incident reported in Delhi NCR,Delhi NCR,False,Delhi NCR,28.65002277983287,77.19986091832357
FIR-INDIA-2023-04716,2023-06-22 20:02:00,THEFT,THEFT incident reported in Hyderabad Metro,Hyderabad Metro,False,Hyderabad Metro,17.390482023553655,78.4707254100277
FIR-INDIA-2023-04717,2023-11-16 23:08:00,OTHER,OTHER incident reported in Bengaluru City,Bengaluru City,False,Bengaluru City,12.976224268393638,77.58125694388808
FIR-INDIA-2024-04718,2024-11-01 23:12:00,OTHER,OTHER incident reported in Bengaluru City,Bengaluru City,False,Bengaluru City,12.954372041154093,77.61245788119996
FIR-INDIA-2025-04719,2025-10-27 16:13:00,THEFT,THEFT incident reported in Delhi NCR,Delhi NCR,False,Delhi NCR,28.61847662480518,77.23946522143682
FIR-INDIA-2025-04720,2025-11-16 13:56:00,ROBBERY,ROBBERY incident reported in Hyderabad Metro,Hyderabad Metro,False,Hyderabad Metro,17.39841749835829,78.49065000175442
FIR-INDIA-2024-04721,2024-05-08 19:05:00,ROBBERY,ROBBERY incident reported in Chennai Metro,Chennai Metro,False,Chennai Metro,13.11157658652474,80.23712737034288
FIR-INDIA-2026-04722,2026-03-25 00:06:00,ASSAULT,ASSAULT incident reported in Pune,Pune,True,Pune,18.534509217560778,73.83972896568781
FIR-INDIA-2023-04723,2023-06-25 05:48:00,BURGLARY,BURGLARY incident reported in Delhi NCR,Delhi NCR,False,Delhi NCR,28.632874331029527,77.21278851351667
FIR-INDIA-2026-04724,2026-05-06 13:36:00,ASSAULT,ASSAULT incident reported in Bengaluru City,Bengaluru City,False,Bengaluru City,12.968488490943685,77.57069735869379
FIR-INDIA-2023-04725,2023-01-02 09:38:00,ASSAULT,ASSAULT incident reported in Bengaluru City,Bengaluru City,True,Bengaluru City,12.995946203473867,77.60588481738884
FIR-INDIA-2025-04726,2025-10-10 15:02:00,THEFT,THEFT incident reported in Hyderabad Metro,Hyderabad Metro,False,Hyderabad Metro,17.37034469016563,78.48519670342324
FIR-INDIA-2024-04727,2024-03-09 11:39:00,THEFT,THEFT incident reported in Mumbai Metro,Mumbai Metro,False,Mumbai Metro,19.082446091550302,72.87017282097658
FIR-INDIA-2024-04728,2024-06-20 02:57:00,THEFT,THEFT incident reported in Pune,Pune,False,Pune,18.53904055674837,73.84011525117629
FIR-INDIA-2024-04729,2024-10-29 07:06:00,ROBBERY,ROBBERY incident reported in Mumbai Metro,Mumbai Metro,False,Mumbai Metro,19.07095385849271,72.85974581604539
FIR-INDIA-2025-04730,2025-10-07 13:00:00,ASSAULT,ASSAULT incident reported in Pune,Pune,False,Pune,18.50190225124452,73.8751027930869
FIR-INDIA-2024-04731,2024-11-15 12:02:00,THEFT,THEFT incident reported in Bengaluru City,Bengaluru City,False,Bengaluru City,12.961901777206053,77.6104096838313
FIR-INDIA-2023-04732,2023-11-08 15:35:00,ASSAULT,ASSAULT incident reported in Delhi NCR,Delhi NCR,False,Delhi NCR,28.608278013017188,77.24246198037638
FIR-INDIA-2023-04733,2023-07-14 23:05:00,OTHER,OTHER incident reported in Hyderabad Metro,Hyderabad Metro,False,Hyderabad Metro,17.37267085978463,78.48686021481547
FIR-INDIA-2023-04734,2023-10-05 14:38:00,ROBBERY,ROBBERY incident reported in Delhi NCR,Delhi NCR,True,Delhi NCR,28.572695261345046,77.21287843510694
FIR-INDIA-2024-04735,2024-12-19 19:46:00,ROBBERY,ROBBERY incident reported in Chennai Metro,Chennai Metro,True,Chennai Metro,13.082281081250455,80.28115467711214
FIR-INDIA-2025-04736,2025-09-14 09:03:00,BURGLARY,BURGLARY incident reported in Delhi NCR,Delhi NCR,False,Delhi NCR,28.6115377780151,77.20038350877684
FIR-INDIA-2024-04737,2024-11-08 05:22:00,THEFT,THEFT incident reported in Bengaluru City,Bengaluru City,False,Bengaluru City,12.974366734134039,77.56524631386074
FIR-INDIA-2025-04738,2025-08-29 18:45:00,THEFT,THEFT incident reported in Bengaluru City,Bengaluru City,False,Bengaluru City,12.987053511166236,77.62206576774311
FIR-INDIA-2026-04739,2026-02-10 02:23:00,CYBER,CYBER incident reported in Delhi NCR,Delhi NCR,False,Delhi NCR,28.629607790373484,77.22421966851702
FIR-INDIA-2025-04740,2025-11-29 10:12:00,ASSAULT,ASSAULT incident reported in Mumbai Metro,Mumbai Metro,False,Mumbai Metro,19.089174128412402,72.87381783405615
FIR-INDIA-2026-04741,2026-02-04 15:42:00,ASSAULT,ASSAULT incident reported in Hyderabad Metro,Hyderabad Metro,False,Hyderabad Metro,17.386739300943876,78.47568512963532
FIR-INDIA-2025-04742,2025-05-16 14:02:00,BURGLARY,BURGLARY incident reported in Hyderabad Metro,Hyderabad Metro,True,Hyderabad Metro,17.3859553091023,78.50188164773475
FIR-INDIA-2023-04743,2023-11-27 05:03:00,ASSAULT,ASSAULT incident reported in Mumbai Metro,Mumbai Metro,False,Mumbai Metro,19.057141720003944,72.88343488643137
FIR-INDIA-2025-04744,2025-08-06 18:24:00,THEFT,THEFT incident reported in Mumbai Metro,Mumbai Metro,True,Mumbai Metro,19.087809772871932,72.88949982384295
FIR-INDIA-2024-04745,2024-11-08 01:12:00,THEFT,THEFT incident reported in Chennai Metro,Chennai Metro,False,Chennai Metro,13.093736678413839,80.26448698134675
FIR-INDIA-2024-04746,2024-03-05 22:00:00,THEFT,THEFT incident reported in Bengaluru City,Bengaluru City,False,Bengaluru City,12.97622359882764,77.59692690721594
FIR-INDIA-2025-04747,2025-08-25 02:31:00,THEFT,THEFT incident reported in Hyderabad Metro,Hyderabad Metro,False,Hyderabad Metro,17.39594245337364,78.47558903326534
FIR-INDIA-2025-04748,2025-05-06 11:48:00,ASSAULT,ASSAULT incident reported in Mumbai Metro,Mumbai Metro,False,Mumbai Metro,19.073019620004843,72.89930548907358
FIR-INDIA-2024-04749,2024-03-11 23:04:00,CYBER,CYBER incident reported in Kolkata City,Kolkata City,False,Kolkata City,22.581438270535717,88.35691214357206
FIR-INDIA-2023-04750,2023-11-12 00:09:00,ASSAULT,ASSAULT incident reported in Mumbai Metro,Mumbai Metro,False,Mumbai Metro,19.073270826629805,72.88020836612411
FIR-INDIA-2025-04751,2025-01-29 08:44:00,OTHER,OTHER incident reported in Ahmedabad,Ahmedabad,True,Ahmedabad,23.01892006648141,72.55526437339418
FIR-INDIA-2025-04752,2025-12-08 22:59:00,THEFT,THEFT incident reported in Hyderabad Metro,Hyderabad Metro,False,Hyderabad Metro,17.392260233620576,78.47338067614122
FIR-INDIA-2023-04753,2023-05-13 20:30:00,THEFT,THEFT incident reported in Kolkata City,Kolkata City,False,Kolkata City,22.558091069391413,88.39329141677078
FIR-INDIA-2024-04754,2024-06-20 19:48:00,THEFT,THEFT incident reported in Delhi NCR,Delhi NCR,False,Delhi NCR,28.57681960636066,77.20902604137271
FIR-INDIA-2024-04755,2024-01-18 02:57:00,BURGLARY,BURGLARY incident reported in Kolkata City,Kolkata City,False,Kolkata City,22.580592014378706,88.35483728364424
FIR-INDIA-2024-04756,2024-08-10 19:24:00,THEFT,THEFT incident reported in Hyderabad Metro,Hyderabad Metro,False,Hyderabad Metro,17.387242181173203,78.49525297546737
FIR-INDIA-2023-04757,2023-12-26 23:10:00,THEFT,THEFT incident reported in Bengaluru City,Bengaluru City,False,Bengaluru City,12.97320222157312,77.59477825045273
FIR-INDIA-2026-04758,2026-01-24 02:44:00,ASSAULT,ASSAULT incident reported in Chennai Metro,Chennai Metro,False,Chennai Metro,13.079269609292082,80.25783056735176
FIR-INDIA-2026-04759,2026-03-31 10:41:00,BURGLARY,BURGLARY incident reported in Hyderabad Metro,Hyderabad Metro,False,Hyderabad Metro,17.40361154399274,78.48453008235239
FIR-INDIA-2024-04760,2024-04-06 06:58:00,ROBBERY,ROBBERY incident reported in Bengaluru City,Bengaluru City,True,Bengaluru City,12.959570019745891,77.6091776807752
FIR-INDIA-2023-04761,2023-11-16 15:40:00,ROBBERY,ROBBERY incident reported in Delhi NCR,Delhi NCR,False,Delhi NCR,28.592130511472586,77.21940578146462
FIR-INDIA-2023-04762,2023-10-05 10:14:00,CYBER,CYBER incident reported in Pune,Pune,False,Pune,18.529852586762647,73.8828192003927
FIR-INDIA-2026-04763,2026-08-07 17:12:00,ASSAULT,ASSAULT incident reported in Delhi NCR,Delhi NCR,False,Delhi NCR,28.616365068434988,77.22814853484483
FIR-INDIA-2024-04764,2024-03-11 09:07:00,ASSAULT,ASSAULT incident reported in Chennai Metro,Chennai Metro,False,Chennai Metro,13.073429768112518,80.27953835872738
FIR-INDIA-2024-04765,2024-08-21 23:28:00,OTHER,OTHER incident reported in Kolkata City,Kolkata City,True,Kolkata City,22.593646635957878,88.38346752801093
FIR-INDIA-2023-04766,2023-05-10 15:47:00,THEFT,THEFT incident reported in Delhi NCR,Delhi NCR,False,Delhi NCR,28.62035758896945,77.18234824442446
FIR-INDIA-2024-04767,2024-10-24 22:25:00,OTHER,OTHER incident reported in Hyderabad Metro,Hyderabad Metro,True,Hyderabad Metro,17.40746494869998,78.50018290460677
FIR-INDIA-2023-04768,2023-11-26 22:44:00,ROBBERY,ROBBERY incident reported in Hyderabad Metro,Hyderabad Metro,True,Hyderabad Metro,17.381034068753507,78.49441935634293
FIR-INDIA-2025-04769,2025-02-04 04:10:00,OTHER,OTHER incident reported in Hyderabad Metro,Hyderabad Metro,False,Hyderabad Metro,17.37921670849181,78.49011560414861
FIR-INDIA-2023-04770,2023-05-07 08:54:00,ASSAULT,ASSAULT incident reported in Delhi NCR,Delhi NCR,False,Delhi NCR,28.60009737097108,77.20833907828369
FIR-INDIA-2026-04771,2026-01-30 05:58:00,ASSAULT,ASSAULT incident reported in Mumbai Metro,Mumbai Metro,False,Mumbai Metro,19.083960386790697,72.8842853297462
FIR-INDIA-2026-04772,2026-03-02 15:36:00,ASSAULT,ASSAULT incident reported in Kolkata City,Kolkata City,True,Kolkata City,22.57277052641348,88.36736104821935
FIR-INDIA-2025-04773,2025-10-09 07:48:00,ASSAULT,ASSAULT incident reported in Mumbai Metro,Mumbai Metro,False,Mumbai Metro,19.07190477668901,72.8956312243636
FIR-INDIA-2024-04774,2024-07-26 01:37:00,ROBBERY,ROBBERY incident reported in Mumbai Metro,Mumbai Metro,False,Mumbai Metro,19.06647493136118,72.86825343949205
FIR-INDIA-2023-04775,2023-05-08 00:44:00,THEFT,THEFT incident reported in Kolkata City,Kolkata City,False,Kolkata City,22.57394234214978,88.35310933884847
FIR-INDIA-2023-04776,2023-11-21 23:28:00,CYBER,CYBER incident reported in Hyderabad Metro,Hyderabad Metro,False,Hyderabad Metro,17.358956250254288,78.49705394026257
FIR-INDIA-2024-04777,2024-06-03 09:41:00,THEFT,THEFT incident reported in Chennai Metro,Chennai Metro,False,Chennai Metro,13.090717090497488,80.28686409011826
FIR-INDIA-2025-04778,2025-05-11 08:52:00,ASSAULT,ASSAULT incident reported in Delhi NCR,Delhi NCR,False,Delhi NCR,28.629799445661995,77.20295625365898
FIR-INDIA-2025-04779,2025-10-26 08:34:00,BURGLARY,BURGLARY incident reported in Chennai Metro,Chennai Metro,False,Chennai Metro,13.092977529432492,80.25235762080862
FIR-INDIA-2025-04780,2025-10-18 04:31:00,ROBBERY,ROBBERY incident reported in Delhi NCR,Delhi NCR,True,Delhi NCR,28.582308839365528,77.20075532050585
FIR-INDIA-2024-04781,2024-03-10 13:31:00,ASSAULT,ASSAULT incident reported in Bengaluru City,Bengaluru City,False,Bengaluru City,12.981118579053973,77.58360209558114
FIR-INDIA-2024-04782,2024-07-18 09:39:00,THEFT,THEFT incident reported in Hyderabad Metro,Hyderabad Metro,False,Hyderabad Metro,17.40753708245269,78.48189423109687
FIR-INDIA-2023-04783,2023-04-03 04:52:00,CYBER,CYBER incident reported in Delhi NCR,Delhi NCR,False,Delhi NCR,28.622044685808387,77.17896095552798
FIR-INDIA-2025-04784,2025-11-13 22:06:00,OTHER,OTHER incident reported in Delhi NCR,Delhi NCR,False,Delhi NCR,28.60069780366219,77.21672914012723
FIR-INDIA-2024-04785,2024-03-06 17:36:00,OTHER,OTHER incident reported in Delhi NCR,Delhi NCR,False,Delhi NCR,28.615570882445006,77.21733584705765
FIR-INDIA-2025-04786,2025-10-03 22:13:00,THEFT,THEFT incident reported in Bengaluru City,Bengaluru City,True,Bengaluru City,12.960615599077878,77.59899377520276
FIR-INDIA-2025-04787,2025-11-28 18:19:00,OTHER,OTHER incident reported in Ahmedabad,Ahmedabad,False,Ahmedabad,23.015765003294653,72.56819305536551
FIR-INDIA-2026-04788,2026-02-23 00:25:00,BURGLARY,BURGLARY incident reported in Chennai Metro,Chennai Metro,True,Chennai Metro,13.05856093686571,80.28605618780131
FIR-INDIA-2026-04789,2026-04-26 20:23:00,ASSAULT,ASSAULT incident reported in Delhi NCR,Delhi NCR,False,Delhi NCR,28.62209425619417,77.20491835853191
FIR-INDIA-2023-04790,2023-01-01 03:08:00,ASSAULT,ASSAULT incident reported in Bengaluru City,Bengaluru City,False,Bengaluru City,12.96435422745699,77.60041592375195
FIR-INDIA-2025-04791,2025-08-29 15:09:00,THEFT,THEFT incident reported in Chennai Metro,Chennai Metro,False,Chennai Metro,13.09084759593138,80.25630839471432
FIR-INDIA-2025-04792,2025-06-19 19:47:00,ROBBERY,ROBBERY incident reported in Chennai Metro,Chennai Metro,False,Chennai Metro,13.055645144759904,80.28862917897855
FIR-INDIA-2024-04793,2024-08-19 14:20:00,ROBBERY,ROBBERY incident reported in Ahmedabad,Ahmedabad,False,Ahmedabad,23.0296856062897,72.56892541112062
FIR-INDIA-2025-04794,2025-01-02 18:58:00,THEFT,THEFT incident reported in Delhi NCR,Delhi NCR,False,Delhi NCR,28.59270727890492,77.20584804376868
FIR-INDIA-2023-04795,2023-05-12 16:29:00,THEFT,THEFT incident reported in Chennai Metro,Chennai Metro,True,Chennai Metro,13.070725721021788,80.2836607121028
FIR-INDIA-2024-04796,2024-06-03 21:55:00,CYBER,CYBER incident reported in Chennai Metro,Chennai Metro,False,Chennai Metro,13.093605330200017,80.2502055096959
FIR-INDIA-2024-04797,2024-07-10 07:54:00,CYBER,CYBER incident reported in Kolkata City,Kolkata City,True,Kolkata City,22.609884854307023,88.38729293861
FIR-INDIA-2024-04798,2024-01-30 20:15:00,ROBBERY,ROBBERY incident reported in Chennai Metro,Chennai Metro,False,Chennai Metro,13.073065559276682,80.25968643910129
FIR-INDIA-2023-04799,2023-02-24 05:56:00,ASSAULT,ASSAULT incident reported in Bengaluru City,Bengaluru City,False,Bengaluru City,12.946812678562083,77.59490008081622
FIR-INDIA-2026-04800,2026-05-10 15:35:00,THEFT,THEFT incident reported in Chennai Metro,Chennai Metro,True,Chennai Metro,13.079841269495672,80.23686761228903
FIR-INDIA-2026-04801,2026-06-02 16:01:00,ASSAULT,ASSAULT incident reported in Mumbai Metro,Mumbai Metro,False,Mumbai Metro,19.08933237454629,72.89112733140674
FIR-INDIA-2023-04802,2023-07-18 07:57:00,CYBER,CYBER incident reported in Bengaluru City,Bengaluru City,False,Bengaluru City,12.992626516372805,77.58410098067353
FIR-INDIA-2023-04803,2023-05-21 06:39:00,THEFT,THEFT incident reported in Chennai Metro,Chennai Metro,False,Chennai Metro,13.079732633283687,80.26072482758194
FIR-INDIA-2023-04804,2023-12-04 19:15:00,ROBBERY,ROBBERY incident reported in Chennai Metro,Chennai Metro,True,Chennai Metro,13.086600166817368,80.2796926455567
FIR-INDIA-2023-04805,2023-02-20 07:27:00,CYBER,CYBER incident reported in Delhi NCR,Delhi NCR,True,Delhi NCR,28.592147450491275,77.20699332328239
FIR-INDIA-2023-04806,2023-11-30 19:29:00,CYBER,CYBER incident reported in Bengaluru City,Bengaluru City,False,Bengaluru City,12.984944780966876,77.60518183116841
FIR-INDIA-2024-04807,2024-09-06 00:31:00,BURGLARY,BURGLARY incident reported in Chennai Metro,Chennai Metro,False,Chennai Metro,13.083022128830118,80.26448427935053
FIR-INDIA-2023-04808,2023-10-19 04:00:00,OTHER,OTHER incident reported in Bengaluru City,Bengaluru City,False,Bengaluru City,12.981267290406468,77.58456903087065
FIR-INDIA-2024-04809,2024-01-20 16:01:00,BURGLARY,BURGLARY incident reported in Pune,Pune,False,Pune,18.4971892364883,73.84442861062398
FIR-INDIA-2025-04810,2025-03-19 03:14:00,THEFT,THEFT incident reported in Hyderabad Metro,Hyderabad Metro,False,Hyderabad Metro,17.38230950160306,78.4856651088107
FIR-INDIA-2024-04811,2024-01-26 13:31:00,THEFT,THEFT incident reported in Mumbai Metro,Mumbai Metro,False,Mumbai Metro,19.084758355308466,72.89059596032335
FIR-INDIA-2024-04812,2024-12-22 01:54:00,ROBBERY,ROBBERY incident reported in Chennai Metro,Chennai Metro,False,Chennai Metro,13.088688302412923,80.26210776127189
FIR-INDIA-2023-04813,2023-03-20 03:53:00,ASSAULT,ASSAULT incident reported in Delhi NCR,Delhi NCR,True,Delhi NCR,28.618153095348244,77.20263124578561
FIR-INDIA-2024-04814,2024-06-27 15:56:00,THEFT,THEFT incident reported in Delhi NCR,Delhi NCR,True,Delhi NCR,28.58897416308535,77.23333618664756
FIR-INDIA-2023-04815,2023-01-11 19:50:00,CYBER,CYBER incident reported in Delhi NCR,Delhi NCR,False,Delhi NCR,28.61939403451412,77.20433108267468
FIR-INDIA-2026-04816,2026-03-12 23:35:00,OTHER,OTHER incident reported in Chennai Metro,Chennai Metro,False,Chennai Metro,13.07517585185721,80.27657910256582
FIR-INDIA-2026-04817,2026-08-21 14:55:00,CYBER,CYBER incident reported in Delhi NCR,Delhi NCR,False,Delhi NCR,28.59989006420613,77.2044496349596
FIR-INDIA-2023-04818,2023-07-29 04:42:00,THEFT,THEFT incident reported in Hyderabad Metro,Hyderabad Metro,True,Hyderabad Metro,17.39179070154695,78.48850486423632
FIR-INDIA-2026-04819,2026-05-22 01:47:00,ASSAULT,ASSAULT incident reported in Chennai Metro,Chennai Metro,False,Chennai Metro,13.07366425852484,80.27063476125119
FIR-INDIA-2024-04820,2024-12-11 20:45:00,ASSAULT,ASSAULT incident reported in Kolkata City,Kolkata City,False,Kolkata City,22.594111482778736,88.39371189960173
FIR-INDIA-2025-04821,2025-08-12 19:28:00,ASSAULT,ASSAULT incident reported in Delhi NCR,Delhi NCR,False,Delhi NCR,28.566063293023642,77.20282105315881
FIR-INDIA-2025-04822,2025-07-10 04:23:00,BURGLARY,BURGLARY incident reported in Kolkata City,Kolkata City,False,Kolkata City,22.605053561760865,88.38863939123038
FIR-INDIA-2023-04823,2023-03-23 09:06:00,THEFT,THEFT incident reported in Pune,Pune,False,Pune,18.5126437510012,73.85896171938134
FIR-INDIA-2023-04824,2023-07-09 06:35:00,ASSAULT,ASSAULT incident reported in Delhi NCR,Delhi NCR,True,Delhi NCR,28.622001827357774,77.20860221157825
FIR-INDIA-2023-04825,2023-10-09 10:22:00,THEFT,THEFT incident reported in Ahmedabad,Ahmedabad,False,Ahmedabad,23.01857148910867,72.57330393132638
FIR-INDIA-2024-04826,2024-08-18 12:04:00,THEFT,THEFT incident reported in Chennai Metro,Chennai Metro,False,Chennai Metro,13.086145962710708,80.29747912091965
FIR-INDIA-2023-04827,2023-09-03 13:35:00,THEFT,THEFT incident reported in Kolkata City,Kolkata City,False,Kolkata City,22.57112839318443,88.36507544317207
FIR-INDIA-2025-04828,2025-01-29 18:34:00,ASSAULT,ASSAULT incident reported in Bengaluru City,Bengaluru City,False,Bengaluru City,12.946619550321122,77.61537070383416
FIR-INDIA-2023-04829,2023-01-03 04:38:00,THEFT,THEFT incident reported in Hyderabad Metro,Hyderabad Metro,False,Hyderabad Metro,17.4014483744603,78.4797237622962
FIR-INDIA-2024-04830,2024-04-07 02:21:00,ASSAULT,ASSAULT incident reported in Delhi NCR,Delhi NCR,False,Delhi NCR,28.64018950009055,77.20248791649456
FIR-INDIA-2024-04831,2024-04-08 23:01:00,OTHER,OTHER incident reported in Mumbai Metro,Mumbai Metro,False,Mumbai Metro,19.0486249563924,72.866863403878
FIR-INDIA-2026-04832,2026-08-04 18:44:00,ASSAULT,ASSAULT incident reported in Delhi NCR,Delhi NCR,True,Delhi NCR,28.625403320777508,77.22633071061885
FIR-INDIA-2023-04833,2023-06-21 11:53:00,THEFT,THEFT incident reported in Bengaluru City,Bengaluru City,False,Bengaluru City,12.975399129441314,77.60021935570713
FIR-INDIA-2023-04834,2023-03-26 23:35:00,ASSAULT,ASSAULT incident reported in Chennai Metro,Chennai Metro,True,Chennai Metro,13.100857851758041,80.29876392169133
FIR-INDIA-2023-04835,2023-11-01 03:58:00,THEFT,THEFT incident reported in Hyderabad Metro,Hyderabad Metro,True,Hyderabad Metro,17.377747868597925,78.49980419671698
FIR-INDIA-2026-04836,2026-03-26 06:50:00,THEFT,THEFT incident reported in Mumbai Metro,Mumbai Metro,False,Mumbai Metro,19.075144284074003,72.89388421780698
FIR-INDIA-2026-04837,2026-07-23 08:48:00,ROBBERY,ROBBERY incident reported in Ahmedabad,Ahmedabad,False,Ahmedabad,23.072597692548563,72.57432037993682
FIR-INDIA-2025-04838,2025-09-22 00:52:00,ROBBERY,ROBBERY incident reported in Delhi NCR,Delhi NCR,False,Delhi NCR,28.60188251589705,77.20964297886097
FIR-INDIA-2023-04839,2023-09-20 00:21:00,ASSAULT,ASSAULT incident reported in Delhi NCR,Delhi NCR,False,Delhi NCR,28.62439933344601,77.2154806089998
FIR-INDIA-2023-04840,2023-03-04 21:55:00,THEFT,THEFT incident reported in Delhi NCR,Delhi NCR,False,Delhi NCR,28.616405444896163,77.2050176459884
FIR-INDIA-2023-04841,2023-05-12 14:09:00,ASSAULT,ASSAULT incident reported in Kolkata City,Kolkata City,False,Kolkata City,22.597653451800927,88.38881909569706
FIR-INDIA-2026-04842,2026-08-08 23:44:00,THEFT,THEFT incident reported in Bengaluru City,Bengaluru City,True,Bengaluru City,12.976858455665921,77.57419406866174
FIR-INDIA-2026-04843,2026-04-30 21:01:00,CYBER,CYBER incident reported in Bengaluru City,Bengaluru City,False,Bengaluru City,12.955518884755868,77.5762340459618
FIR-INDIA-2023-04844,2023-06-08 15:39:00,THEFT,THEFT incident reported in Delhi NCR,Delhi NCR,True,Delhi NCR,28.625262570538695,77.21501175651896
FIR-INDIA-2025-04845,2025-04-10 05:32:00,THEFT,THEFT incident reported in Delhi NCR,Delhi NCR,False,Delhi NCR,28.59443841263487,77.219809932835
FIR-INDIA-2026-04846,2026-06-11 13:57:00,CYBER,CYBER incident reported in Chennai Metro,Chennai Metro,True,Chennai Metro,13.056242347576259,80.30423315333626
FIR-INDIA-2025-04847,2025-09-22 21:43:00,ASSAULT,ASSAULT incident reported in Kolkata City,Kolkata City,False,Kolkata City,22.57710836010785,88.35307285154282
FIR-INDIA-2026-04848,2026-08-09 10:29:00,THEFT,THEFT incident reported in Pune,Pune,False,Pune,18.502563258043267,73.86663478610551
FIR-INDIA-2026-04849,2026-01-06 01:35:00,THEFT,THEFT incident reported in Bengaluru City,Bengaluru City,False,Bengaluru City,12.963364625541244,77.59702810689315
FIR-INDIA-2025-04850,2025-01-13 04:23:00,ROBBERY,ROBBERY incident reported in Delhi NCR,Delhi NCR,False,Delhi NCR,28.59932081855391,77.2087378536943
FIR-INDIA-2026-04851,2026-03-16 03:08:00,THEFT,THEFT incident reported in Delhi NCR,Delhi NCR,True,Delhi NCR,28.615149809598545,77.2195056572194
FIR-INDIA-2026-04852,2026-04-24 22:18:00,THEFT,THEFT incident reported in Chennai Metro,Chennai Metro,False,Chennai Metro,13.079678949291441,80.2757391408857
FIR-INDIA-2026-04853,2026-04-17 12:40:00,OTHER,OTHER incident reported in Bengaluru City,Bengaluru City,False,Bengaluru City,12.965934454788055,77.62793641127558
FIR-INDIA-2025-04854,2025-06-24 00:35:00,OTHER,OTHER incident reported in Chennai Metro,Chennai Metro,True,Chennai Metro,13.067681681053982,80.29764425138374
FIR-INDIA-2025-04855,2025-02-26 05:17:00,THEFT,THEFT incident reported in Chennai Metro,Chennai Metro,True,Chennai Metro,13.097353347557688,80.28322527411785
FIR-INDIA-2024-04856,2024-09-30 21:57:00,ROBBERY,ROBBERY incident reported in Mumbai Metro,Mumbai Metro,False,Mumbai Metro,19.074682815244515,72.86345534944746
FIR-INDIA-2024-04857,2024-09-15 12:22:00,ASSAULT,ASSAULT incident reported in Ahmedabad,Ahmedabad,False,Ahmedabad,23.034082064749494,72.59462332146866
FIR-INDIA-2026-04858,2026-03-17 10:30:00,ROBBERY,ROBBERY incident reported in Chennai Metro,Chennai Metro,False,Chennai Metro,13.074570090078486,80.2639246125781
FIR-INDIA-2023-04859,2023-10-02 02:54:00,CYBER,CYBER incident reported in Delhi NCR,Delhi NCR,False,Delhi NCR,28.61193974240959,77.22942070956593
FIR-INDIA-2023-04860,2023-03-05 00:19:00,ROBBERY,ROBBERY incident reported in Delhi NCR,Delhi NCR,True,Delhi NCR,28.63330206649222,77.22366817072836
FIR-INDIA-2026-04861,2026-08-19 19:55:00,THEFT,THEFT incident reported in Kolkata City,Kolkata City,False,Kolkata City,22.553503612093508,88.36536344554433
FIR-INDIA-2023-04862,2023-11-30 07:46:00,ASSAULT,ASSAULT incident reported in Bengaluru City,Bengaluru City,True,Bengaluru City,12.985252436479188,77.5985432409253
FIR-INDIA-2026-04863,2026-05-21 21:57:00,BURGLARY,BURGLARY incident reported in Chennai Metro,Chennai Metro,False,Chennai Metro,13.068942490791645,80.300426430045
FIR-INDIA-2026-04864,2026-04-30 00:30:00,ROBBERY,ROBBERY incident reported in Mumbai Metro,Mumbai Metro,False,Mumbai Metro,19.048408716693245,72.84927658308152
FIR-INDIA-2024-04865,2024-08-31 19:07:00,BURGLARY,BURGLARY incident reported in Bengaluru City,Bengaluru City,False,Bengaluru City,12.989626847789744,77.61362321586884
FIR-INDIA-2025-04866,2025-08-11 19:45:00,CYBER,CYBER incident reported in Mumbai Metro,Mumbai Metro,True,Mumbai Metro,19.060612636236712,72.88660051262995
FIR-INDIA-2024-04867,2024-05-06 18:41:00,ROBBERY,ROBBERY incident reported in Delhi NCR,Delhi NCR,False,Delhi NCR,28.617802208037048,77.21941632132338
FIR-INDIA-2026-04868,2026-06-27 08:46:00,ASSAULT,ASSAULT incident reported in Delhi NCR,Delhi NCR,False,Delhi NCR,28.614377963127975,77.19286647721698
FIR-INDIA-2026-04869,2026-01-20 07:01:00,THEFT,THEFT incident reported in Hyderabad Metro,Hyderabad Metro,False,Hyderabad Metro,17.381242932949696,78.48554199374163
FIR-INDIA-2026-04870,2026-06-19 18:08:00,ASSAULT,ASSAULT incident reported in Kolkata City,Kolkata City,False,Kolkata City,22.56677699879799,88.3525315832476
FIR-INDIA-2025-04871,2025-08-14 01:05:00,THEFT,THEFT incident reported in Mumbai Metro,Mumbai Metro,False,Mumbai Metro,19.068961223713618,72.86426174971261
FIR-INDIA-2024-04872,2024-08-30 00:38:00,THEFT,THEFT incident reported in Pune,Pune,False,Pune,18.510571570552543,73.85695230909649
FIR-INDIA-2023-04873,2023-11-23 12:02:00,ASSAULT,ASSAULT incident reported in Delhi NCR,Delhi NCR,False,Delhi NCR,28.590523463537615,77.1964895153643
FIR-INDIA-2026-04874,2026-06-26 09:53:00,BURGLARY,BURGLARY incident reported in Kolkata City,Kolkata City,False,Kolkata City,22.574442220004673,88.37539378187984
FIR-INDIA-2025-04875,2025-01-03 08:36:00,BURGLARY,BURGLARY incident reported in Delhi NCR,Delhi NCR,False,Delhi NCR,28.59610128883004,77.22197975694878
FIR-INDIA-2026-04876,2026-06-28 17:47:00,BURGLARY,BURGLARY incident reported in Ahmedabad,Ahmedabad,False,Ahmedabad,23.02961492508995,72.58274699651952
FIR-INDIA-2026-04877,2026-04-23 21:26:00,OTHER,OTHER incident reported in Hyderabad Metro,Hyderabad Metro,True,Hyderabad Metro,17.380489988360075,78.46633390522098
FIR-INDIA-2026-04878,2026-04-28 18:07:00,THEFT,THEFT incident reported in Bengaluru City,Bengaluru City,False,Bengaluru City,12.98668414416515,77.60025952025855
FIR-INDIA-2023-04879,2023-10-05 06:46:00,ASSAULT,ASSAULT incident reported in Hyderabad Metro,Hyderabad Metro,False,Hyderabad Metro,17.36826646458611,78.4688965811963
FIR-INDIA-2023-04880,2023-12-22 11:17:00,THEFT,THEFT incident reported in Delhi NCR,Delhi NCR,True,Delhi NCR,28.580755893535617,77.19685435982989
FIR-INDIA-2023-04881,2023-07-29 14:39:00,THEFT,THEFT incident reported in Bengaluru City,Bengaluru City,False,Bengaluru City,12.979578204829537,77.6064178535089
FIR-INDIA-2023-04882,2023-04-23 13:42:00,ASSAULT,ASSAULT incident reported in Kolkata City,Kolkata City,False,Kolkata City,22.578516490020878,88.35034728895373
FIR-INDIA-2026-04883,2026-02-23 02:40:00,ROBBERY,ROBBERY incident reported in Bengaluru City,Bengaluru City,False,Bengaluru City,12.995565122162569,77.57545334103132
FIR-INDIA-2026-04884,2026-08-25 18:50:00,BURGLARY,BURGLARY incident reported in Mumbai Metro,Mumbai Metro,False,Mumbai Metro,19.068768789194024,72.88765248242318
FIR-INDIA-2023-04885,2023-12-26 15:33:00,THEFT,THEFT incident reported in Ahmedabad,Ahmedabad,False,Ahmedabad,23.023222608588814,72.57979023309049
FIR-INDIA-2024-04886,2024-01-30 23:29:00,THEFT,THEFT incident reported in Kolkata City,Kolkata City,False,Kolkata City,22.58709752015102,88.35959660772119
FIR-INDIA-2024-04887,2024-02-09 00:46:00,CYBER,CYBER incident reported in Mumbai Metro,Mumbai Metro,False,Mumbai Metro,19.07162676622447,72.87284503962964
FIR-INDIA-2024-04888,2024-10-02 11:33:00,CYBER,CYBER incident reported in Kolkata City,Kolkata City,False,Kolkata City,22.55327317357263,88.37787560111303
FIR-INDIA-2025-04889,2025-09-13 01:18:00,THEFT,THEFT incident reported in Hyderabad Metro,Hyderabad Metro,False,Hyderabad Metro,17.406005344234387,78.48493291965185
FIR-INDIA-2024-04890,2024-06-07 22:06:00,THEFT,THEFT incident reported in Mumbai Metro,Mumbai Metro,False,Mumbai Metro,19.06482164263041,72.88234407873978
FIR-INDIA-2024-04891,2024-01-17 04:27:00,ASSAULT,ASSAULT incident reported in Mumbai Metro,Mumbai Metro,False,Mumbai Metro,19.110698968452265,72.87947605939361
FIR-INDIA-2026-04892,2026-06-17 19:45:00,THEFT,THEFT incident reported in Bengaluru City,Bengaluru City,False,Bengaluru City,12.970702263138037,77.59011348233868
FIR-INDIA-2023-04893,2023-05-23 04:27:00,CYBER,CYBER incident reported in Mumbai Metro,Mumbai Metro,False,Mumbai Metro,19.058970284681617,72.87013201053169
FIR-INDIA-2023-04894,2023-06-12 16:53:00,BURGLARY,BURGLARY incident reported in Hyderabad Metro,Hyderabad Metro,False,Hyderabad Metro,17.394023550078053,78.47977160572334
FIR-INDIA-2025-04895,2025-02-16 09:58:00,THEFT,THEFT incident reported in Mumbai Metro,Mumbai Metro,False,Mumbai Metro,19.10654262594081,72.89250893773313
FIR-INDIA-2023-04896,2023-11-10 16:45:00,ASSAULT,ASSAULT incident reported in Pune,Pune,False,Pune,18.531464684215383,73.84466199900865
FIR-INDIA-2024-04897,2024-01-18 16:54:00,THEFT,THEFT incident reported in Delhi NCR,Delhi NCR,False,Delhi NCR,28.608339145948765,77.22232267199662
FIR-INDIA-2026-04898,2026-06-14 21:22:00,ASSAULT,ASSAULT incident reported in Kolkata City,Kolkata City,True,Kolkata City,22.572737525024845,88.35924639522608
FIR-INDIA-2026-04899,2026-07-08 08:34:00,THEFT,THEFT incident reported in Mumbai Metro,Mumbai Metro,False,Mumbai Metro,19.0865110708488,72.88956833306204
FIR-INDIA-2024-04900,2024-03-20 23:55:00,THEFT,THEFT incident reported in Delhi NCR,Delhi NCR,True,Delhi NCR,28.647371740567333,77.20324237169007
FIR-INDIA-2024-04901,2024-07-20 12:34:00,ASSAULT,ASSAULT incident reported in Delhi NCR,Delhi NCR,True,Delhi NCR,28.58788795392832,77.22681875670982
FIR-INDIA-2026-04902,2026-05-31 20:03:00,THEFT,THEFT incident reported in Chennai Metro,Chennai Metro,False,Chennai Metro,13.07883565505898,80.27874879105589
FIR-INDIA-2023-04903,2023-07-31 00:48:00,ASSAULT,ASSAULT incident reported in Mumbai Metro,Mumbai Metro,False,Mumbai Metro,19.09801059863622,72.90065176389531
FIR-INDIA-2025-04904,2025-09-21 15:24:00,ASSAULT,ASSAULT incident reported in Chennai Metro,Chennai Metro,False,Chennai Metro,13.089307742978193,80.24266016848006
FIR-INDIA-2025-04905,2025-07-25 17:03:00,ASSAULT,ASSAULT incident reported in Mumbai Metro,Mumbai Metro,False,Mumbai Metro,19.07556856901476,72.8937764558896
FIR-INDIA-2025-04906,2025-02-27 07:58:00,CYBER,CYBER incident reported in Chennai Metro,Chennai Metro,True,Chennai Metro,13.083877658427859,80.2674277242297
FIR-INDIA-2025-04907,2025-08-22 06:29:00,THEFT,THEFT incident reported in Pune,Pune,False,Pune,18.525306676123297,73.82282134062017
FIR-INDIA-2025-04908,2025-10-05 23:33:00,CYBER,CYBER incident reported in Kolkata City,Kolkata City,False,Kolkata City,22.607407514225915,88.3848331803407
FIR-INDIA-2024-04909,2024-02-14 06:11:00,THEFT,THEFT incident reported in Chennai Metro,Chennai Metro,False,Chennai Metro,13.073529107074918,80.26239322684947
FIR-INDIA-2025-04910,2025-03-19 14:31:00,ASSAULT,ASSAULT incident reported in Bengaluru City,Bengaluru City,False,Bengaluru City,12.963012339166385,77.61070663710328
FIR-INDIA-2025-04911,2025-06-18 14:45:00,OTHER,OTHER incident reported in Chennai Metro,Chennai Metro,False,Chennai Metro,13.078428525368645,80.29562452091204
FIR-INDIA-2025-04912,2025-02-09 10:17:00,ROBBERY,ROBBERY incident reported in Bengaluru City,Bengaluru City,False,Bengaluru City,12.983750280055135,77.57891302785286
FIR-INDIA-2026-04913,2026-08-04 07:49:00,THEFT,THEFT incident reported in Ahmedabad,Ahmedabad,False,Ahmedabad,23.021097375419384,72.58264512099106
FIR-INDIA-2023-04914,2023-12-10 17:32:00,CYBER,CYBER incident reported in Delhi NCR,Delhi NCR,False,Delhi NCR,28.62063139075428,77.17351918270472
FIR-INDIA-2024-04915,2024-04-18 00:10:00,CYBER,CYBER incident reported in Bengaluru City,Bengaluru City,False,Bengaluru City,12.955449559173617,77.57932851644243
FIR-INDIA-2026-04916,2026-05-09 20:14:00,BURGLARY,BURGLARY incident reported in Delhi NCR,Delhi NCR,False,Delhi NCR,28.612025467326163,77.22472844114877
FIR-INDIA-2023-04917,2023-09-24 02:50:00,THEFT,THEFT incident reported in Mumbai Metro,Mumbai Metro,False,Mumbai Metro,19.088761711553573,72.89167208849723
FIR-INDIA-2023-04918,2023-02-08 05:17:00,ASSAULT,ASSAULT incident reported in Mumbai Metro,Mumbai Metro,True,Mumbai Metro,19.082917758919503,72.87334892348014
FIR-INDIA-2023-04919,2023-05-08 23:25:00,CYBER,CYBER incident reported in Mumbai Metro,Mumbai Metro,True,Mumbai Metro,19.063092079823914,72.86264325942045
FIR-INDIA-2025-04920,2025-03-25 16:00:00,BURGLARY,BURGLARY incident reported in Pune,Pune,False,Pune,18.521900079018334,73.86720755767145
FIR-INDIA-2023-04921,2023-08-11 09:35:00,ROBBERY,ROBBERY incident reported in Chennai Metro,Chennai Metro,True,Chennai Metro,13.087996770835618,80.278097475768
FIR-INDIA-2025-04922,2025-08-05 17:39:00,OTHER,OTHER incident reported in Chennai Metro,Chennai Metro,False,Chennai Metro,13.084403550004069,80.23800672796581
FIR-INDIA-2023-04923,2023-06-25 10:46:00,CYBER,CYBER incident reported in Hyderabad Metro,Hyderabad Metro,False,Hyderabad Metro,17.407681782431833,78.45878230321655
FIR-INDIA-2023-04924,2023-12-06 08:45:00,THEFT,THEFT incident reported in Hyderabad Metro,Hyderabad Metro,False,Hyderabad Metro,17.377567890137428,78.48868379106341
FIR-INDIA-2023-04925,2023-12-15 16:48:00,ROBBERY,ROBBERY incident reported in Kolkata City,Kolkata City,False,Kolkata City,22.591910180941795,88.35013273588477
FIR-INDIA-2026-04926,2026-07-05 10:33:00,THEFT,THEFT incident reported in Chennai Metro,Chennai Metro,True,Chennai Metro,13.06154944209467,80.28367098892333
FIR-INDIA-2025-04927,2025-10-16 04:04:00,ROBBERY,ROBBERY incident reported in Delhi NCR,Delhi NCR,False,Delhi NCR,28.60362755390274,77.21857975141559
FIR-INDIA-2024-04928,2024-06-25 09:15:00,ASSAULT,ASSAULT incident reported in Hyderabad Metro,Hyderabad Metro,False,Hyderabad Metro,17.39895212187487,78.48569874435007
FIR-INDIA-2023-04929,2023-07-18 09:40:00,CYBER,CYBER incident reported in Hyderabad Metro,Hyderabad Metro,False,Hyderabad Metro,17.386158830862467,78.48416437819131
FIR-INDIA-2024-04930,2024-08-07 20:48:00,ASSAULT,ASSAULT incident reported in Bengaluru City,Bengaluru City,True,Bengaluru City,12.947808209310583,77.5830423558652
FIR-INDIA-2025-04931,2025-09-02 12:44:00,ASSAULT,ASSAULT incident reported in Bengaluru City,Bengaluru City,False,Bengaluru City,12.962095722184326,77.61479597676248
FIR-INDIA-2026-04932,2026-08-26 22:13:00,BURGLARY,BURGLARY incident reported in Bengaluru City,Bengaluru City,False,Bengaluru City,12.959068953483046,77.61574992845362
FIR-INDIA-2024-04933,2024-03-28 10:18:00,ASSAULT,ASSAULT incident reported in Delhi NCR,Delhi NCR,True,Delhi NCR,28.62519921068571,77.19764945750536
FIR-INDIA-2023-04934,2023-12-29 14:34:00,ROBBERY,ROBBERY incident reported in Pune,Pune,True,Pune,18.495974690401802,73.84881028399127
FIR-INDIA-2024-04935,2024-12-11 18:29:00,ASSAULT,ASSAULT incident reported in Mumbai Metro,Mumbai Metro,False,Mumbai Metro,19.06790135525552,72.88785461395567
FIR-INDIA-2023-04936,2023-08-14 23:16:00,THEFT,THEFT incident reported in Kolkata City,Kolkata City,False,Kolkata City,22.55466701759194,88.34481519345444
FIR-INDIA-2024-04937,2024-03-03 22:13:00,ASSAULT,ASSAULT incident reported in Hyderabad Metro,Hyderabad Metro,False,Hyderabad Metro,17.41140850190875,78.5063608620192
FIR-INDIA-2025-04938,2025-05-14 15:02:00,BURGLARY,BURGLARY incident reported in Delhi NCR,Delhi NCR,False,Delhi NCR,28.589065048619986,77.22490338923788
FIR-INDIA-2026-04939,2026-06-10 07:10:00,ROBBERY,ROBBERY incident reported in Hyderabad Metro,Hyderabad Metro,False,Hyderabad Metro,17.387465709520015,78.47869673002386
FIR-INDIA-2023-04940,2023-12-03 03:54:00,ROBBERY,ROBBERY incident reported in Kolkata City,Kolkata City,False,Kolkata City,22.59271675404218,88.40771363586941
FIR-INDIA-2024-04941,2024-12-29 05:17:00,CYBER,CYBER incident reported in Bengaluru City,Bengaluru City,False,Bengaluru City,12.978839543846137,77.58089721668821
FIR-INDIA-2025-04942,2025-07-09 13:29:00,BURGLARY,BURGLARY incident reported in Chennai Metro,Chennai Metro,False,Chennai Metro,13.060157967865507,80.27756056106531
FIR-INDIA-2023-04943,2023-08-29 03:30:00,THEFT,THEFT incident reported in Pune,Pune,False,Pune,18.51188298833625,73.84065734419035
FIR-INDIA-2025-04944,2025-03-25 20:02:00,THEFT,THEFT incident reported in Delhi NCR,Delhi NCR,True,Delhi NCR,28.620263371581398,77.19443448269449
FIR-INDIA-2023-04945,2023-09-05 00:45:00,ASSAULT,ASSAULT incident reported in Bengaluru City,Bengaluru City,False,Bengaluru City,12.941028985055812,77.59548907206607
FIR-INDIA-2023-04946,2023-04-23 13:14:00,BURGLARY,BURGLARY incident reported in Mumbai Metro,Mumbai Metro,False,Mumbai Metro,19.070719475528126,72.87781549450169
FIR-INDIA-2026-04947,2026-05-11 11:53:00,ASSAULT,ASSAULT incident reported in Delhi NCR,Delhi NCR,True,Delhi NCR,28.626324568277592,77.19075740056368
FIR-INDIA-2023-04948,2023-12-15 02:41:00,ASSAULT,ASSAULT incident reported in Bengaluru City,Bengaluru City,False,Bengaluru City,12.978790157693032,77.607012260675
FIR-INDIA-2024-04949,2024-02-27 19:34:00,CYBER,CYBER incident reported in Chennai Metro,Chennai Metro,True,Chennai Metro,13.080739748578425,80.26311349416514
FIR-INDIA-2024-04950,2024-12-30 03:00:00,OTHER,OTHER incident reported in Chennai Metro,Chennai Metro,False,Chennai Metro,13.105703152685797,80.26480712768966
FIR-INDIA-2024-04951,2024-07-01 09:33:00,OTHER,OTHER incident reported in Mumbai Metro,Mumbai Metro,False,Mumbai Metro,19.08521614430296,72.8675884745292
FIR-INDIA-2026-04952,2026-05-21 08:00:00,THEFT,THEFT incident reported in Delhi NCR,Delhi NCR,False,Delhi NCR,28.618725773579335,77.21381341010729
FIR-INDIA-2023-04953,2023-09-02 11:54:00,THEFT,THEFT incident reported in Bengaluru City,Bengaluru City,False,Bengaluru City,12.947441286254142,77.59971944653581
FIR-INDIA-2023-04954,2023-01-08 12:06:00,THEFT,THEFT incident reported in Ahmedabad,Ahmedabad,False,Ahmedabad,23.03811363410591,72.57458798300082
FIR-INDIA-2026-04955,2026-02-14 00:57:00,BURGLARY,BURGLARY incident reported in Mumbai Metro,Mumbai Metro,False,Mumbai Metro,19.090973121628668,72.87117955126605
FIR-INDIA-2024-04956,2024-02-04 18:04:00,ASSAULT,ASSAULT incident reported in Mumbai Metro,Mumbai Metro,False,Mumbai Metro,19.086774602520748,72.8639739944682
FIR-INDIA-2025-04957,2025-12-12 23:59:00,ROBBERY,ROBBERY incident reported in Ahmedabad,Ahmedabad,False,Ahmedabad,23.03698092091898,72.59089883144816
FIR-INDIA-2023-04958,2023-03-14 17:50:00,THEFT,THEFT incident reported in Ahmedabad,Ahmedabad,False,Ahmedabad,23.033152589218485,72.58688314919051
FIR-INDIA-2025-04959,2025-01-13 19:08:00,ROBBERY,ROBBERY incident reported in Hyderabad Metro,Hyderabad Metro,True,Hyderabad Metro,17.389096744384602,78.50027283498316
FIR-INDIA-2026-04960,2026-07-13 07:11:00,THEFT,THEFT incident reported in Kolkata City,Kolkata City,False,Kolkata City,22.558307717260814,88.37326929612097
FIR-INDIA-2025-04961,2025-12-27 00:44:00,THEFT,THEFT incident reported in Kolkata City,Kolkata City,False,Kolkata City,22.589387498239038,88.39198037474694
FIR-INDIA-2025-04962,2025-04-09 11:18:00,THEFT,THEFT incident reported in Bengaluru City,Bengaluru City,True,Bengaluru City,12.960438594047929,77.586857506913
FIR-INDIA-2023-04963,2023-06-28 19:24:00,THEFT,THEFT incident reported in Kolkata City,Kolkata City,False,Kolkata City,22.580673780567672,88.35017079042409
FIR-INDIA-2023-04964,2023-06-09 15:21:00,BURGLARY,BURGLARY incident reported in Bengaluru City,Bengaluru City,True,Bengaluru City,12.951279805109314,77.59282547855632
FIR-INDIA-2024-04965,2024-06-03 09:57:00,ROBBERY,ROBBERY incident reported in Bengaluru City,Bengaluru City,False,Bengaluru City,12.964198445743119,77.5670025038064
FIR-INDIA-2024-04966,2024-04-29 04:10:00,THEFT,THEFT incident reported in Bengaluru City,Bengaluru City,True,Bengaluru City,12.970496871322789,77.57706800349094
FIR-INDIA-2023-04967,2023-06-23 07:36:00,ASSAULT,ASSAULT incident reported in Chennai Metro,Chennai Metro,False,Chennai Metro,13.073278042172934,80.27948387271164
FIR-INDIA-2023-04968,2023-03-07 05:36:00,ASSAULT,ASSAULT incident reported in Bengaluru City,Bengaluru City,False,Bengaluru City,12.974291557515041,77.57548314184224
FIR-INDIA-2026-04969,2026-03-09 11:36:00,THEFT,THEFT incident reported in Hyderabad Metro,Hyderabad Metro,False,Hyderabad Metro,17.391868401172978,78.48113383823863
FIR-INDIA-2025-04970,2025-08-20 04:09:00,ASSAULT,ASSAULT incident reported in Mumbai Metro,Mumbai Metro,False,Mumbai Metro,19.066870508931977,72.87983890613678
FIR-INDIA-2026-04971,2026-01-15 08:51:00,ASSAULT,ASSAULT incident reported in Kolkata City,Kolkata City,False,Kolkata City,22.58256695552634,88.34924465657272
FIR-INDIA-2025-04972,2025-11-20 11:01:00,ASSAULT,ASSAULT incident reported in Kolkata City,Kolkata City,False,Kolkata City,22.574765544556847,88.35925178044467
FIR-INDIA-2025-04973,2025-09-10 13:38:00,ASSAULT,ASSAULT incident reported in Hyderabad Metro,Hyderabad Metro,False,Hyderabad Metro,17.373857324587405,78.471528329787
FIR-INDIA-2026-04974,2026-04-23 10:14:00,CYBER,CYBER incident reported in Kolkata City,Kolkata City,True,Kolkata City,22.565885960752965,88.39369474109661
FIR-INDIA-2025-04975,2025-02-23 05:58:00,ASSAULT,ASSAULT incident reported in Chennai Metro,Chennai Metro,True,Chennai Metro,13.088906061862877,80.27943973317393
FIR-INDIA-2023-04976,2023-09-29 12:03:00,OTHER,OTHER incident reported in Kolkata City,Kolkata City,False,Kolkata City,22.54353560353474,88.34656055601556
FIR-INDIA-2026-04977,2026-01-16 09:19:00,THEFT,THEFT incident reported in Bengaluru City,Bengaluru City,False,Bengaluru City,12.972878689468054,77.57285251209335
FIR-INDIA-2025-04978,2025-12-10 06:49:00,THEFT,THEFT incident reported in Pune,Pune,True,Pune,18.521067042731232,73.88121066087089
FIR-INDIA-2024-04979,2024-11-14 19:40:00,ASSAULT,ASSAULT incident reported in Mumbai Metro,Mumbai Metro,False,Mumbai Metro,19.05119433777216,72.88911872382539
FIR-INDIA-2025-04980,2025-01-06 12:00:00,OTHER,OTHER incident reported in Delhi NCR,Delhi NCR,False,Delhi NCR,28.639436582419474,77.22474702563464
FIR-INDIA-2026-04981,2026-04-08 13:05:00,THEFT,THEFT incident reported in Mumbai Metro,Mumbai Metro,False,Mumbai Metro,19.06368187741735,72.85912408619012
FIR-INDIA-2025-04982,2025-04-02 03:47:00,CYBER,CYBER incident reported in Chennai Metro,Chennai Metro,False,Chennai Metro,13.074023421378135,80.27611207307038
FIR-INDIA-2023-04983,2023-11-25 06:46:00,THEFT,THEFT incident reported in Bengaluru City,Bengaluru City,False,Bengaluru City,12.971170150883156,77.5949107103025
FIR-INDIA-2025-04984,2025-06-06 12:44:00,THEFT,THEFT incident reported in Delhi NCR,Delhi NCR,False,Delhi NCR,28.633433241938967,77.21325658721096
FIR-INDIA-2026-04985,2026-05-23 20:27:00,OTHER,OTHER incident reported in Kolkata City,Kolkata City,False,Kolkata City,22.575166314239592,88.35826392584502
FIR-INDIA-2024-04986,2024-09-02 22:15:00,ASSAULT,ASSAULT incident reported in Chennai Metro,Chennai Metro,False,Chennai Metro,13.090500825804796,80.26122293955348
FIR-INDIA-2023-04987,2023-07-14 12:41:00,CYBER,CYBER incident reported in Mumbai Metro,Mumbai Metro,True,Mumbai Metro,19.07034779531943,72.88674781529917
FIR-INDIA-2025-04988,2025-12-03 19:58:00,THEFT,THEFT incident reported in Chennai Metro,Chennai Metro,False,Chennai Metro,13.105888109787468,80.25748017391884
FIR-INDIA-2023-04989,2023-06-09 05:19:00,ROBBERY,ROBBERY incident reported in Mumbai Metro,Mumbai Metro,False,Mumbai Metro,19.066146478525738,72.88610571647916
FIR-INDIA-2023-04990,2023-12-21 20:33:00,BURGLARY,BURGLARY incident reported in Delhi NCR,Delhi NCR,False,Delhi NCR,28.62335454400565,77.19668100800898
FIR-INDIA-2023-04991,2023-04-02 08:43:00,ROBBERY,ROBBERY incident reported in Mumbai Metro,Mumbai Metro,False,Mumbai Metro,19.04716256672467,72.87118074311503
FIR-INDIA-2024-04992,2024-09-22 12:27:00,THEFT,THEFT incident reported in Bengaluru City,Bengaluru City,False,Bengaluru City,12.987828719819401,77.58116397462597
FIR-INDIA-2024-04993,2024-01-14 01:57:00,ROBBERY,ROBBERY incident reported in Ahmedabad,Ahmedabad,True,Ahmedabad,23.0113905855708,72.57737213549272
FIR-INDIA-2024-04994,2024-02-24 08:33:00,THEFT,THEFT incident reported in Delhi NCR,Delhi NCR,False,Delhi NCR,28.614547227283687,77.23644537096924
FIR-INDIA-2023-04995,2023-07-20 11:50:00,BURGLARY,BURGLARY incident reported in Mumbai Metro,Mumbai Metro,False,Mumbai Metro,19.060654427926206,72.87468390069412
FIR-INDIA-2026-04996,2026-01-16 22:46:00,ASSAULT,ASSAULT incident reported in Mumbai Metro,Mumbai Metro,False,Mumbai Metro,19.05326985018682,72.93526948240337
FIR-INDIA-2025-04997,2025-03-24 02:20:00,CYBER,CYBER incident reported in Pune,Pune,True,Pune,18.527741605054942,73.85650250808344
FIR-INDIA-2023-04998,2023-02-24 21:55:00,ASSAULT,ASSAULT incident reported in Chennai Metro,Chennai Metro,True,Chennai Metro,13.119070782528658,80.26788650325278
FIR-INDIA-2026-04999,2026-03-02 12:21:00,ROBBERY,ROBBERY incident reported in Kolkata City,Kolkata City,False,Kolkata City,22.59727961086477,88.38424251075381
