ID,Date,Primary Type,Description,Location Description,Arrest,District,Latitude,Longitude
"FIR No. 0295/2025, P.S. Colaba/CST",2025-05-24 20:12:00,BURGLARY,BURGLARY incident reported in South Mumbai (Colaba/CST),South Mumbai (Colaba/CST),False,South Mumbai (Colaba/CST),18.936703120511662,72.86261768372636
"FIR No. 0069/2026, P.S. Bandra",2026-05-01 14:53:00,ASSAULT,ASSAULT incident reported in Western Suburbs (Bandra),Western Suburbs (Bandra),True,Western Suburbs (Bandra),19.07987525761309,72.84052904945375
"FIR No. 0021/2023, P.S. Kurla",2023-12-12 00:13:00,THEFT,THEFT incident reported in Eastern Suburbs (Kurla),Eastern Suburbs (Kurla),False,Eastern Suburbs (Kurla),19.05820830057853,72.87447605290612
"FIR No. 0523/2026, P.S. Bandra",2026-06-07 07:17:00,THEFT,THEFT incident reported in Western Suburbs (Bandra),Western Suburbs (Bandra),False,Western Suburbs (Bandra),19.045959729760323,72.83753736600863
"FIR No. 0581/2023, P.S. Bandra",2023-10-22 14:16:00,CYBER,CYBER incident reported in Western Suburbs (Bandra),Western Suburbs (Bandra),False,Western Suburbs (Bandra),19.058874571742784,72.8513831897523
"FIR No. 0552/2025, P.S. Colaba/CST",2025-08-23 13:01:00,THEFT,THEFT incident reported in South Mumbai (Colaba/CST),South Mumbai (Colaba/CST),True,South Mumbai (Colaba/CST),18.91305156352321,72.84017378718143
"FIR No. 0706/2024, P.S. Dadar",2024-11-29 17:07:00,ROBBERY,ROBBERY incident reported in Central Mumbai (Dadar),Central Mumbai (Dadar),False,Central Mumbai (Dadar),18.988958880575872,72.82404593664937
"FIR No. 0259/2025, P.S. Colaba/CST",2025-07-09 02:02:00,ASSAULT,ASSAULT incident reported in South Mumbai (Colaba/CST),South Mumbai (Colaba/CST),True,South Mumbai (Colaba/CST),18.94268952386861,72.84299542970437
"FIR No. 0497/2023, P.S. Bandra",2023-06-16 20:30:00,ROBBERY,ROBBERY incident reported in Western Suburbs (Bandra),Western Suburbs (Bandra),False,Western Suburbs (Bandra),19.028527179281564,72.82360505096227
89830112/2026,2026-05-07 09:27:00,THEFT,THEFT incident reported in Central Mumbai (Dadar),Central Mumbai (Dadar),False,Central Mumbai (Dadar),18.998924667670018,72.84710395766689
"FIR No. 0055/2026, P.S. Colaba/CST",2026-05-13 07:03:00,ROBBERY,ROBBERY incident reported in South Mumbai (Colaba/CST),South Mumbai (Colaba/CST),False,South Mumbai (Colaba/CST),18.92867795850572,72.81266162649374
"FIR No. 0518/2025, P.S. Bandra",2025-10-06 05:34:00,OTHER,OTHER incident reported in Western Suburbs (Bandra),Western Suburbs (Bandra),False,Western Suburbs (Bandra),19.074548196626893,72.82740922040196
89375503/2025,2025-03-06 12:00:00,BURGLARY,BURGLARY incident reported in Western Suburbs (Bandra),Western Suburbs (Bandra),True,Western Suburbs (Bandra),19.056526052057936,72.82693122147089
"FIR No. 0071/2025, P.S. Colaba/CST",2025-12-03 18:03:00,THEFT,THEFT incident reported in South Mumbai (Colaba/CST),South Mumbai (Colaba/CST),False,South Mumbai (Colaba/CST),18.89099071739296,72.83782088733933
"FIR No. 0399/2025, P.S. Andheri",2025-04-26 22:02:00,THEFT,THEFT incident reported in Western Suburbs (Andheri),Western Suburbs (Andheri),True,Western Suburbs (Andheri),19.122444699451066,72.83920467262114
"FIR No. 0297/2023, P.S. Bandra",2023-04-14 13:38:00,THEFT,THEFT incident reported in Western Suburbs (Bandra),Western Suburbs (Bandra),False,Western Suburbs (Bandra),19.042458908047625,72.79745962502798
"FIR No. 0200/2025, P.S. Colaba/CST",2025-09-14 03:38:00,CYBER,CYBER incident reported in South Mumbai (Colaba/CST),South Mumbai (Colaba/CST),False,South Mumbai (Colaba/CST),18.94013994716257,72.84817095406166
"FIR No. 0438/2024, P.S. Dadar",2024-08-10 16:23:00,THEFT,THEFT incident reported in Central Mumbai (Dadar),Central Mumbai (Dadar),False,Central Mumbai (Dadar),19.035206980635696,72.85771924083573
"FIR No. 0378/2024, P.S. Andheri",2024-11-29 23:08:00,ROBBERY,ROBBERY incident reported in Western Suburbs (Andheri),Western Suburbs (Andheri),False,Western Suburbs (Andheri),19.11576644119268,72.85137425812546
"FIR No. 0447/2023, P.S. Andheri",2023-07-04 03:15:00,ROBBERY,ROBBERY incident reported in Western Suburbs (Andheri),Western Suburbs (Andheri),False,Western Suburbs (Andheri),19.102961414753263,72.85164240731807
"FIR No. 0346/2023, P.S. Malad",2023-11-08 13:46:00,CYBER,CYBER incident reported in Northern Suburbs (Malad),Northern Suburbs (Malad),False,Northern Suburbs (Malad),19.162230988430444,72.8573871311519
"FIR No. 0398/2023, P.S. Andheri",2023-09-16 22:40:00,ROBBERY,ROBBERY incident reported in Western Suburbs (Andheri),Western Suburbs (Andheri),False,Western Suburbs (Andheri),19.101429410900828,72.85379964424072
"FIR No. 0092/2026, P.S. Bandra",2026-01-22 00:22:00,ROBBERY,ROBBERY incident reported in Western Suburbs (Bandra),Western Suburbs (Bandra),False,Western Suburbs (Bandra),19.07262925111117,72.82161993088917
"FIR No. 0091/2024, P.S. Malad",2024-02-21 00:37:00,ROBBERY,ROBBERY incident reported in Northern Suburbs (Malad),Northern Suburbs (Malad),False,Northern Suburbs (Malad),19.1712072002984,72.83033178909976
"FIR No. 0156/2023, P.S. Kurla",2023-02-22 15:38:00,BURGLARY,BURGLARY incident reported in Eastern Suburbs (Kurla),Eastern Suburbs (Kurla),True,Eastern Suburbs (Kurla),19.058530401523267,72.89684303899935
"FIR No. 0497/2023, P.S. Colaba/CST",2023-10-14 03:02:00,THEFT,THEFT incident reported in South Mumbai (Colaba/CST),South Mumbai (Colaba/CST),False,South Mumbai (Colaba/CST),18.9168290400202,72.84094508663371
"FIR No. 0333/2025, P.S. Kurla",2025-05-22 09:27:00,BURGLARY,BURGLARY incident reported in Eastern Suburbs (Kurla),Eastern Suburbs (Kurla),True,Eastern Suburbs (Kurla),19.05826714254381,72.87696768263383
"FIR No. 0381/2024, P.S. Dadar",2024-10-14 03:58:00,BURGLARY,BURGLARY incident reported in Central Mumbai (Dadar),Central Mumbai (Dadar),True,Central Mumbai (Dadar),19.027640783972345,72.84364782427721
87544956/2023,2023-01-15 20:16:00,THEFT,THEFT incident reported in Eastern Suburbs (Kurla),Eastern Suburbs (Kurla),False,Eastern Suburbs (Kurla),19.06581433026822,72.89091276502536
"FIR No. 0032/2024, P.S. Andheri",2024-01-15 19:19:00,ASSAULT,ASSAULT incident reported in Western Suburbs (Andheri),Western Suburbs (Andheri),False,Western Suburbs (Andheri),19.11904463255351,72.86084955466639
"FIR No. 0137/2024, P.S. Dadar",2024-04-26 06:46:00,CYBER,CYBER incident reported in Central Mumbai (Dadar),Central Mumbai (Dadar),False,Central Mumbai (Dadar),19.003377108390044,72.8428123492447
"FIR No. 0072/2024, P.S. Malad",2024-05-19 12:26:00,THEFT,THEFT incident reported in Northern Suburbs (Malad),Northern Suburbs (Malad),False,Northern Suburbs (Malad),19.18737545261623,72.81484677733043
"FIR No. 0039/2025, P.S. Colaba/CST",2025-09-20 02:45:00,ROBBERY,ROBBERY incident reported in South Mumbai (Colaba/CST),South Mumbai (Colaba/CST),True,South Mumbai (Colaba/CST),18.931482096494864,72.86291031567264
81912178/2023,2023-01-24 20:10:00,CYBER,CYBER incident reported in South Mumbai (Colaba/CST),South Mumbai (Colaba/CST),False,South Mumbai (Colaba/CST),18.939602425227925,72.82070851802173
"FIR No. 0040/2023, P.S. Colaba/CST",2023-01-29 00:10:00,THEFT,THEFT incident reported in South Mumbai (Colaba/CST),South Mumbai (Colaba/CST),False,South Mumbai (Colaba/CST),18.903510733236025,72.83088200066578
"FIR No. 0191/2024, P.S. Colaba/CST",2024-11-09 22:26:00,ASSAULT,ASSAULT incident reported in South Mumbai (Colaba/CST),South Mumbai (Colaba/CST),False,South Mumbai (Colaba/CST),18.91515630774872,72.81574018846187
"FIR No. 0563/2023, P.S. Colaba/CST",2023-10-26 07:22:00,THEFT,THEFT incident reported in South Mumbai (Colaba/CST),South Mumbai (Colaba/CST),False,South Mumbai (Colaba/CST),18.94732753247173,72.83245922098081
"FIR No. 0377/2024, P.S. Andheri",2024-09-18 01:02:00,THEFT,THEFT incident reported in Western Suburbs (Andheri),Western Suburbs (Andheri),True,Western Suburbs (Andheri),19.13588334524029,72.83990213199375
"FIR No. 0003/2024, P.S. Kurla",2024-10-25 04:11:00,OTHER,OTHER incident reported in Eastern Suburbs (Kurla),Eastern Suburbs (Kurla),False,Eastern Suburbs (Kurla),19.050419285362203,72.89919911551534
86233344/2026,2026-06-25 16:09:00,ASSAULT,ASSAULT incident reported in Western Suburbs (Andheri),Western Suburbs (Andheri),False,Western Suburbs (Andheri),19.108784994621647,72.84818693019785
"FIR No. 0308/2023, P.S. Bandra",2023-03-09 01:48:00,THEFT,THEFT incident reported in Western Suburbs (Bandra),Western Suburbs (Bandra),False,Western Suburbs (Bandra),19.08266749335384,72.81912317662966
"FIR No. 0018/2025, P.S. Malad",2025-01-16 09:12:00,THEFT,THEFT incident reported in Northern Suburbs (Malad),Northern Suburbs (Malad),False,Northern Suburbs (Malad),19.186628334954463,72.84935337996968
"FIR No. 0982/2024, P.S. Kurla",2024-12-20 12:13:00,ASSAULT,ASSAULT incident reported in Eastern Suburbs (Kurla),Eastern Suburbs (Kurla),False,Eastern Suburbs (Kurla),19.070988527463427,72.86916270117892
"FIR No. 0142/2023, P.S. Dadar",2023-02-22 00:38:00,ASSAULT,ASSAULT incident reported in Central Mumbai (Dadar),Central Mumbai (Dadar),False,Central Mumbai (Dadar),19.00294823243837,72.85336326794744
"FIR No. 0016/2023, P.S. Andheri",2023-02-21 17:01:00,BURGLARY,BURGLARY incident reported in Western Suburbs (Andheri),Western Suburbs (Andheri),True,Western Suburbs (Andheri),19.123041027212924,72.84551234656384
"FIR No. 0024/2023, P.S. Andheri",2023-11-07 15:26:00,THEFT,THEFT incident reported in Western Suburbs (Andheri),Western Suburbs (Andheri),False,Western Suburbs (Andheri),19.144807866141893,72.85247057952974
"FIR No. 1183/2025, P.S. Andheri",2025-11-04 04:04:00,THEFT,THEFT incident reported in Western Suburbs (Andheri),Western Suburbs (Andheri),False,Western Suburbs (Andheri),19.146236153625217,72.84149530522139
"FIR No. 0410/2023, P.S. Kurla",2023-07-06 04:13:00,CYBER,CYBER incident reported in Eastern Suburbs (Kurla),Eastern Suburbs (Kurla),False,Eastern Suburbs (Kurla),19.03882600102696,72.88046109652518
"FIR No. 0104/2024, P.S. Dadar",2024-03-20 22:37:00,THEFT,THEFT incident reported in Central Mumbai (Dadar),Central Mumbai (Dadar),False,Central Mumbai (Dadar),19.02797181735237,72.87587774252887
"FIR No. 0643/2025, P.S. Bandra",2025-10-21 07:06:00,THEFT,THEFT incident reported in Western Suburbs (Bandra),Western Suburbs (Bandra),True,Western Suburbs (Bandra),19.04779785367636,72.8372116817351
"FIR No. 0063/2026, P.S. Kurla",2026-01-18 17:02:00,THEFT,THEFT incident reported in Eastern Suburbs (Kurla),Eastern Suburbs (Kurla),False,Eastern Suburbs (Kurla),19.06526026911753,72.87673179818836
"FIR No. 0013/2025, P.S. Colaba/CST",2025-08-27 08:16:00,THEFT,THEFT incident reported in South Mumbai (Colaba/CST),South Mumbai (Colaba/CST),True,South Mumbai (Colaba/CST),18.91776990970433,72.8463426030043
"FIR No. 0142/2025, P.S. Kurla",2025-03-12 23:10:00,ROBBERY,ROBBERY incident reported in Eastern Suburbs (Kurla),Eastern Suburbs (Kurla),False,Eastern Suburbs (Kurla),19.064305838734807,72.88849044736355
"FIR No. 0649/2024, P.S. Bandra",2024-12-16 02:13:00,ROBBERY,ROBBERY incident reported in Western Suburbs (Bandra),Western Suburbs (Bandra),False,Western Suburbs (Bandra),19.07505089924324,72.80833450352924
"FIR No. 0212/2025, P.S. Colaba/CST",2025-04-12 07:03:00,THEFT,THEFT incident reported in South Mumbai (Colaba/CST),South Mumbai (Colaba/CST),False,South Mumbai (Colaba/CST),18.92285256397396,72.83364858429162
"FIR No. 0582/2024, P.S. Andheri",2024-11-02 15:28:00,THEFT,THEFT incident reported in Western Suburbs (Andheri),Western Suburbs (Andheri),True,Western Suburbs (Andheri),19.12585653893286,72.82202225406557
"FIR No. 0259/2024, P.S. Andheri",2024-11-04 23:06:00,ASSAULT,ASSAULT incident reported in Western Suburbs (Andheri),Western Suburbs (Andheri),False,Western Suburbs (Andheri),19.113111575126304,72.82092624336381
"FIR No. 0248/2026, P.S. Dadar",2026-06-12 03:15:00,CYBER,CYBER incident reported in Central Mumbai (Dadar),Central Mumbai (Dadar),False,Central Mumbai (Dadar),19.005665744641032,72.83525901512573
"FIR No. 0662/2025, P.S. Andheri",2025-07-22 03:02:00,ASSAULT,ASSAULT incident reported in Western Suburbs (Andheri),Western Suburbs (Andheri),True,Western Suburbs (Andheri),19.113599981076185,72.84348074103072
"FIR No. 0063/2023, P.S. Colaba/CST",2023-04-14 23:38:00,THEFT,THEFT incident reported in South Mumbai (Colaba/CST),South Mumbai (Colaba/CST),False,South Mumbai (Colaba/CST),18.941987880154585,72.82405194008464
"FIR No. 0172/2023, P.S. Malad",2023-08-03 05:17:00,ROBBERY,ROBBERY incident reported in Northern Suburbs (Malad),Northern Suburbs (Malad),False,Northern Suburbs (Malad),19.1583234959721,72.83395633868372
"FIR No. 0236/2023, P.S. Andheri",2023-12-25 16:31:00,THEFT,THEFT incident reported in Western Suburbs (Andheri),Western Suburbs (Andheri),True,Western Suburbs (Andheri),19.12204111686439,72.84013379952893
"FIR No. 0232/2025, P.S. Colaba/CST",2025-10-10 02:36:00,THEFT,THEFT incident reported in South Mumbai (Colaba/CST),South Mumbai (Colaba/CST),False,South Mumbai (Colaba/CST),18.911862108197,72.84287862498009
"FIR No. 0074/2023, P.S. Bandra",2023-06-14 14:47:00,ROBBERY,ROBBERY incident reported in Western Suburbs (Bandra),Western Suburbs (Bandra),False,Western Suburbs (Bandra),19.04328063189769,72.85320787059065
"FIR No. 0732/2023, P.S. Andheri",2023-10-09 19:29:00,THEFT,THEFT incident reported in Western Suburbs (Andheri),Western Suburbs (Andheri),True,Western Suburbs (Andheri),19.127278518599592,72.84291728683296
"FIR No. 0136/2024, P.S. Bandra",2024-07-14 03:37:00,THEFT,THEFT incident reported in Western Suburbs (Bandra),Western Suburbs (Bandra),False,Western Suburbs (Bandra),19.0762726025957,72.83456557320545
"FIR No. 0067/2023, P.S. Dadar",2023-03-08 23:09:00,THEFT,THEFT incident reported in Central Mumbai (Dadar),Central Mumbai (Dadar),False,Central Mumbai (Dadar),19.01397628884008,72.83807333452735
"FIR No. 0432/2026, P.S. Andheri",2026-05-16 03:07:00,ASSAULT,ASSAULT incident reported in Western Suburbs (Andheri),Western Suburbs (Andheri),True,Western Suburbs (Andheri),19.150092765857103,72.827687641978
87058399/2023,2023-05-17 16:15:00,BURGLARY,BURGLARY incident reported in Northern Suburbs (Malad),Northern Suburbs (Malad),False,Northern Suburbs (Malad),19.18719720791045,72.86058876519803
82110795/2024,2024-08-31 00:41:00,ASSAULT,ASSAULT incident reported in Western Suburbs (Andheri),Western Suburbs (Andheri),False,Western Suburbs (Andheri),19.11587288565939,72.85819769719801
"FIR No. 0465/2025, P.S. Kurla",2025-10-28 13:21:00,THEFT,THEFT incident reported in Eastern Suburbs (Kurla),Eastern Suburbs (Kurla),False,Eastern Suburbs (Kurla),19.086227948699506,72.85312281749107
"FIR No. 0552/2024, P.S. Colaba/CST",2024-06-26 09:18:00,BURGLARY,BURGLARY incident reported in South Mumbai (Colaba/CST),South Mumbai (Colaba/CST),False,South Mumbai (Colaba/CST),18.940019386657543,72.86534799512339
"FIR No. 0062/2026, P.S. Colaba/CST",2026-03-30 04:01:00,THEFT,THEFT incident reported in South Mumbai (Colaba/CST),South Mumbai (Colaba/CST),True,South Mumbai (Colaba/CST),18.93600985334968,72.808764233278
"FIR No. 0182/2023, P.S. Colaba/CST",2023-10-24 10:34:00,THEFT,THEFT incident reported in South Mumbai (Colaba/CST),South Mumbai (Colaba/CST),True,South Mumbai (Colaba/CST),18.926236239804066,72.815451600323
80012000/2024,2024-05-09 11:27:00,THEFT,THEFT incident reported in Western Suburbs (Andheri),Western Suburbs (Andheri),False,Western Suburbs (Andheri),19.0990049974826,72.88072459428228
"FIR No. 0334/2023, P.S. Andheri",2023-06-03 01:21:00,THEFT,THEFT incident reported in Western Suburbs (Andheri),Western Suburbs (Andheri),False,Western Suburbs (Andheri),19.076650883494327,72.83590812104336
"FIR No. 0364/2024, P.S. Kurla",2024-06-21 08:37:00,BURGLARY,BURGLARY incident reported in Eastern Suburbs (Kurla),Eastern Suburbs (Kurla),False,Eastern Suburbs (Kurla),19.08576887500338,72.875664650517
88272498/2023,2023-01-04 09:46:00,THEFT,THEFT incident reported in South Mumbai (Colaba/CST),South Mumbai (Colaba/CST),True,South Mumbai (Colaba/CST),18.94402985509973,72.82576511312531
"FIR No. 0151/2023, P.S. Malad",2023-02-22 04:01:00,ASSAULT,ASSAULT incident reported in Northern Suburbs (Malad),Northern Suburbs (Malad),False,Northern Suburbs (Malad),19.189847316303112,72.85870517843115
"FIR No. 0568/2024, P.S. Colaba/CST",2024-08-01 06:30:00,ROBBERY,ROBBERY incident reported in South Mumbai (Colaba/CST),South Mumbai (Colaba/CST),False,South Mumbai (Colaba/CST),18.92392293860631,72.84845328962551
"FIR No. 0059/2025, P.S. Kurla",2025-04-13 00:25:00,THEFT,THEFT incident reported in Eastern Suburbs (Kurla),Eastern Suburbs (Kurla),False,Eastern Suburbs (Kurla),19.06226836296948,72.88445557871118
"FIR No. 0133/2024, P.S. Andheri",2024-05-25 11:00:00,ASSAULT,ASSAULT incident reported in Western Suburbs (Andheri),Western Suburbs (Andheri),False,Western Suburbs (Andheri),19.123275501080567,72.83823519888668
"FIR No. 0002/2023, P.S. Andheri",2023-08-08 06:32:00,THEFT,THEFT incident reported in Western Suburbs (Andheri),Western Suburbs (Andheri),False,Western Suburbs (Andheri),19.11151231179949,72.8771857128647
"FIR No. 0044/2026, P.S. Dadar",2026-01-15 21:50:00,BURGLARY,BURGLARY incident reported in Central Mumbai (Dadar),Central Mumbai (Dadar),True,Central Mumbai (Dadar),19.023964994678423,72.83302895538228
"FIR No. 0061/2024, P.S. Colaba/CST",2024-06-30 14:11:00,CYBER,CYBER incident reported in South Mumbai (Colaba/CST),South Mumbai (Colaba/CST),False,South Mumbai (Colaba/CST),18.915629628575523,72.82291403165513
86726590/2025,2025-03-16 15:38:00,THEFT,THEFT incident reported in Northern Suburbs (Malad),Northern Suburbs (Malad),False,Northern Suburbs (Malad),19.15370713112448,72.87260966603046
"FIR No. 0224/2023, P.S. Colaba/CST",2023-10-18 14:20:00,ASSAULT,ASSAULT incident reported in South Mumbai (Colaba/CST),South Mumbai (Colaba/CST),False,South Mumbai (Colaba/CST),18.92345705258093,72.8405422348406
"FIR No. 0061/2024, P.S. Colaba/CST",2024-01-31 15:56:00,ROBBERY,ROBBERY incident reported in South Mumbai (Colaba/CST),South Mumbai (Colaba/CST),True,South Mumbai (Colaba/CST),18.891627189619047,72.83999813588706
"FIR No. 0233/2026, P.S. Andheri",2026-05-17 18:13:00,THEFT,THEFT incident reported in Western Suburbs (Andheri),Western Suburbs (Andheri),True,Western Suburbs (Andheri),19.099730632696712,72.84928751284014
"FIR No. 0291/2023, P.S. Dadar",2023-05-14 17:14:00,ROBBERY,ROBBERY incident reported in Central Mumbai (Dadar),Central Mumbai (Dadar),False,Central Mumbai (Dadar),19.05010265149247,72.86151763335066
"FIR No. 0263/2023, P.S. Colaba/CST",2023-03-13 00:43:00,ROBBERY,ROBBERY incident reported in South Mumbai (Colaba/CST),South Mumbai (Colaba/CST),True,South Mumbai (Colaba/CST),18.95112566752022,72.84176978129238
"FIR No. 0214/2024, P.S. Andheri",2024-09-04 17:32:00,ASSAULT,ASSAULT incident reported in Western Suburbs (Andheri),Western Suburbs (Andheri),False,Western Suburbs (Andheri),19.127120122904987,72.86624147422471
"FIR No. 0013/2023, P.S. Colaba/CST",2023-06-24 21:27:00,THEFT,THEFT incident reported in South Mumbai (Colaba/CST),South Mumbai (Colaba/CST),False,South Mumbai (Colaba/CST),18.96778759872205,72.84923454062483
"FIR No. 0607/2024, P.S. Bandra",2024-08-30 17:18:00,ASSAULT,ASSAULT incident reported in Western Suburbs (Bandra),Western Suburbs (Bandra),True,Western Suburbs (Bandra),19.085724695021103,72.84323060570954
"FIR No. 0132/2026, P.S. Colaba/CST",2026-02-25 08:53:00,CYBER,CYBER incident reported in South Mumbai (Colaba/CST),South Mumbai (Colaba/CST),False,South Mumbai (Colaba/CST),18.92688078107013,72.81930168974301
"FIR No. 0839/2024, P.S. Andheri",2024-12-04 23:51:00,BURGLARY,BURGLARY incident reported in Western Suburbs (Andheri),Western Suburbs (Andheri),False,Western Suburbs (Andheri),19.134162603636643,72.84782312790725
"FIR No. 0124/2023, P.S. Colaba/CST",2023-05-26 20:34:00,THEFT,THEFT incident reported in South Mumbai (Colaba/CST),South Mumbai (Colaba/CST),False,South Mumbai (Colaba/CST),18.933258810163824,72.84848333142853
"FIR No. 0111/2025, P.S. Kurla",2025-12-19 21:49:00,ASSAULT,ASSAULT incident reported in Eastern Suburbs (Kurla),Eastern Suburbs (Kurla),False,Eastern Suburbs (Kurla),19.081412175297405,72.882208970123
85152080/2025,2025-06-09 11:45:00,ASSAULT,ASSAULT incident reported in Western Suburbs (Andheri),Western Suburbs (Andheri),False,Western Suburbs (Andheri),19.11073782488017,72.85752285243815
"FIR No. 0258/2024, P.S. Malad",2024-12-11 22:34:00,THEFT,THEFT incident reported in Northern Suburbs (Malad),Northern Suburbs (Malad),False,Northern Suburbs (Malad),19.192151163778195,72.85061919417691
"FIR No. 0082/2024, P.S. Andheri",2024-11-08 18:58:00,THEFT,THEFT incident reported in Western Suburbs (Andheri),Western Suburbs (Andheri),True,Western Suburbs (Andheri),19.11413210592663,72.84736659997169
"FIR No. 0515/2026, P.S. Andheri",2026-06-07 15:27:00,BURGLARY,BURGLARY incident reported in Western Suburbs (Andheri),Western Suburbs (Andheri),False,Western Suburbs (Andheri),19.08873856691502,72.87283985948179
84335851/2025,2025-09-11 23:43:00,ASSAULT,ASSAULT incident reported in Central Mumbai (Dadar),Central Mumbai (Dadar),True,Central Mumbai (Dadar),19.00909891867472,72.86126068650461
"FIR No. 0452/2024, P.S. Andheri",2024-07-10 11:42:00,THEFT,THEFT incident reported in Western Suburbs (Andheri),Western Suburbs (Andheri),False,Western Suburbs (Andheri),19.09284434956345,72.82326916686611
"FIR No. 0178/2025, P.S. Kurla",2025-04-02 05:12:00,ASSAULT,ASSAULT incident reported in Eastern Suburbs (Kurla),Eastern Suburbs (Kurla),True,Eastern Suburbs (Kurla),19.084384205355786,72.84391374843581
"FIR No. 0367/2024, P.S. Malad",2024-09-18 08:36:00,ASSAULT,ASSAULT incident reported in Northern Suburbs (Malad),Northern Suburbs (Malad),False,Northern Suburbs (Malad),19.15108471639799,72.82673402476593
"FIR No. 0130/2025, P.S. Colaba/CST",2025-02-15 13:19:00,THEFT,THEFT incident reported in South Mumbai (Colaba/CST),South Mumbai (Colaba/CST),False,South Mumbai (Colaba/CST),18.944906117414767,72.83238224530999
"FIR No. 0033/2026, P.S. Malad",2026-04-05 08:58:00,THEFT,THEFT incident reported in Northern Suburbs (Malad),Northern Suburbs (Malad),False,Northern Suburbs (Malad),19.17624964536304,72.83187208977567
"FIR No. 0378/2024, P.S. Bandra",2024-06-07 08:52:00,ASSAULT,ASSAULT incident reported in Western Suburbs (Bandra),Western Suburbs (Bandra),False,Western Suburbs (Bandra),19.044932340465703,72.83012140156936
"FIR No. 0726/2024, P.S. Bandra",2024-09-24 16:38:00,THEFT,THEFT incident reported in Western Suburbs (Bandra),Western Suburbs (Bandra),False,Western Suburbs (Bandra),19.06420078573053,72.8083419957218
81663194/2026,2026-03-02 10:00:00,ASSAULT,ASSAULT incident reported in Western Suburbs (Andheri),Western Suburbs (Andheri),True,Western Suburbs (Andheri),19.099874438256176,72.86795099558033
"FIR No. 0079/2024, P.S. Colaba/CST",2024-01-17 15:04:00,THEFT,THEFT incident reported in South Mumbai (Colaba/CST),South Mumbai (Colaba/CST),False,South Mumbai (Colaba/CST),18.93106768534416,72.8236691130784
"FIR No. 0182/2026, P.S. Malad",2026-07-12 12:59:00,THEFT,THEFT incident reported in Northern Suburbs (Malad),Northern Suburbs (Malad),False,Northern Suburbs (Malad),19.16693090563877,72.85991750030054
"FIR No. 0221/2025, P.S. Colaba/CST",2025-02-03 12:14:00,ROBBERY,ROBBERY incident reported in South Mumbai (Colaba/CST),South Mumbai (Colaba/CST),True,South Mumbai (Colaba/CST),18.9412458459231,72.82916547183086
"FIR No. 0297/2024, P.S. Bandra",2024-11-09 16:02:00,THEFT,THEFT incident reported in Western Suburbs (Bandra),Western Suburbs (Bandra),False,Western Suburbs (Bandra),19.049879193349817,72.86479067581955
"FIR No. 1154/2025, P.S. Dadar",2025-10-20 05:57:00,THEFT,THEFT incident reported in Central Mumbai (Dadar),Central Mumbai (Dadar),False,Central Mumbai (Dadar),19.004261379216327,72.85335995268709
"FIR No. 0439/2026, P.S. Bandra",2026-07-11 09:27:00,CYBER,CYBER incident reported in Western Suburbs (Bandra),Western Suburbs (Bandra),False,Western Suburbs (Bandra),19.07539424057038,72.85308924707311
"FIR No. 0226/2024, P.S. Kurla",2024-05-07 02:30:00,BURGLARY,BURGLARY incident reported in Eastern Suburbs (Kurla),Eastern Suburbs (Kurla),False,Eastern Suburbs (Kurla),19.07212372251942,72.84790371048267
"FIR No. 0295/2023, P.S. Bandra",2023-08-27 12:11:00,ROBBERY,ROBBERY incident reported in Western Suburbs (Bandra),Western Suburbs (Bandra),False,Western Suburbs (Bandra),19.03165791970751,72.84310846005515
"FIR No. 0339/2025, P.S. Dadar",2025-06-14 10:09:00,THEFT,THEFT incident reported in Central Mumbai (Dadar),Central Mumbai (Dadar),False,Central Mumbai (Dadar),19.0291297134525,72.823283761384
"FIR No. 0486/2023, P.S. Colaba/CST",2023-07-20 05:31:00,THEFT,THEFT incident reported in South Mumbai (Colaba/CST),South Mumbai (Colaba/CST),False,South Mumbai (Colaba/CST),18.902589536117247,72.82184419301375
"FIR No. 1056/2025, P.S. Andheri",2025-12-13 10:52:00,THEFT,THEFT incident reported in Western Suburbs (Andheri),Western Suburbs (Andheri),False,Western Suburbs (Andheri),19.098193562091343,72.81163761058669
86352369/2026,2026-07-28 18:47:00,ASSAULT,ASSAULT incident reported in Western Suburbs (Andheri),Western Suburbs (Andheri),False,Western Suburbs (Andheri),19.116305768353925,72.84010958318179
80777641/2023,2023-05-20 20:01:00,CYBER,CYBER incident reported in Northern Suburbs (Malad),Northern Suburbs (Malad),False,Northern Suburbs (Malad),19.15454183161866,72.83077467086821
"FIR No. 0103/2023, P.S. Bandra",2023-02-17 18:48:00,OTHER,OTHER incident reported in Western Suburbs (Bandra),Western Suburbs (Bandra),False,Western Suburbs (Bandra),19.083098462804177,72.83856940247541
"FIR No. 0986/2025, P.S. Andheri",2025-12-30 00:28:00,OTHER,OTHER incident reported in Western Suburbs (Andheri),Western Suburbs (Andheri),False,Western Suburbs (Andheri),19.117091898960272,72.83989597220936
85690787/2026,2026-04-10 10:00:00,ASSAULT,ASSAULT incident reported in Central Mumbai (Dadar),Central Mumbai (Dadar),True,Central Mumbai (Dadar),19.04218624207646,72.87596653572358
"FIR No. 0396/2023, P.S. Kurla",2023-09-07 02:06:00,THEFT,THEFT incident reported in Eastern Suburbs (Kurla),Eastern Suburbs (Kurla),True,Eastern Suburbs (Kurla),19.045256051532764,72.85739330819216
"FIR No. 0081/2025, P.S. Bandra",2025-04-16 16:21:00,BURGLARY,BURGLARY incident reported in Western Suburbs (Bandra),Western Suburbs (Bandra),False,Western Suburbs (Bandra),19.05439609666005,72.820265114829
"FIR No. 0797/2023, P.S. Andheri",2023-12-22 17:31:00,ASSAULT,ASSAULT incident reported in Western Suburbs (Andheri),Western Suburbs (Andheri),True,Western Suburbs (Andheri),19.101778950787388,72.82427532153335
"FIR No. 0413/2026, P.S. Colaba/CST",2026-06-14 12:48:00,CYBER,CYBER incident reported in South Mumbai (Colaba/CST),South Mumbai (Colaba/CST),False,South Mumbai (Colaba/CST),18.95204588097256,72.83739560171625
89683619/2025,2025-06-02 18:51:00,ROBBERY,ROBBERY incident reported in South Mumbai (Colaba/CST),South Mumbai (Colaba/CST),False,South Mumbai (Colaba/CST),18.88081505317973,72.82811307914002
89457557/2023,2023-01-12 05:28:00,THEFT,THEFT incident reported in Western Suburbs (Bandra),Western Suburbs (Bandra),True,Western Suburbs (Bandra),19.052395872049505,72.81923695802362
"FIR No. 0452/2023, P.S. Andheri",2023-11-27 17:32:00,ASSAULT,ASSAULT incident reported in Western Suburbs (Andheri),Western Suburbs (Andheri),True,Western Suburbs (Andheri),19.12766990031644,72.86345392790973
89585575/2024,2024-02-23 11:26:00,ROBBERY,ROBBERY incident reported in Northern Suburbs (Malad),Northern Suburbs (Malad),False,Northern Suburbs (Malad),19.180213278990404,72.82676838462858
"FIR No. 0142/2023, P.S. Bandra",2023-02-20 08:18:00,CYBER,CYBER incident reported in Western Suburbs (Bandra),Western Suburbs (Bandra),False,Western Suburbs (Bandra),19.05273245659788,72.84346338919973
"FIR No. 0171/2026, P.S. Colaba/CST",2026-07-06 07:14:00,THEFT,THEFT incident reported in South Mumbai (Colaba/CST),South Mumbai (Colaba/CST),False,South Mumbai (Colaba/CST),18.94803517232693,72.79990225046316
"FIR No. 0475/2023, P.S. Colaba/CST",2023-07-15 15:59:00,ASSAULT,ASSAULT incident reported in South Mumbai (Colaba/CST),South Mumbai (Colaba/CST),False,South Mumbai (Colaba/CST),18.92673306145333,72.82459957973101
87882475/2023,2023-01-20 04:45:00,ASSAULT,ASSAULT incident reported in South Mumbai (Colaba/CST),South Mumbai (Colaba/CST),False,South Mumbai (Colaba/CST),18.938371317873564,72.82443508675662
"FIR No. 0060/2023, P.S. Kurla",2023-05-11 03:33:00,ASSAULT,ASSAULT incident reported in Eastern Suburbs (Kurla),Eastern Suburbs (Kurla),False,Eastern Suburbs (Kurla),19.05633224106228,72.8702836199198
"FIR No. 0040/2024, P.S. Bandra",2024-03-09 01:31:00,BURGLARY,BURGLARY incident reported in Western Suburbs (Bandra),Western Suburbs (Bandra),True,Western Suburbs (Bandra),19.0441124012444,72.82642950937955
"FIR No. 0020/2026, P.S. Colaba/CST",2026-01-29 21:43:00,THEFT,THEFT incident reported in South Mumbai (Colaba/CST),South Mumbai (Colaba/CST),False,South Mumbai (Colaba/CST),18.91745484999416,72.8201189646263
"FIR No. 0685/2024, P.S. Colaba/CST",2024-07-28 22:06:00,BURGLARY,BURGLARY incident reported in South Mumbai (Colaba/CST),South Mumbai (Colaba/CST),False,South Mumbai (Colaba/CST),18.92488360826138,72.82389321468952
"FIR No. 0344/2023, P.S. Malad",2023-04-21 04:48:00,ROBBERY,ROBBERY incident reported in Northern Suburbs (Malad),Northern Suburbs (Malad),True,Northern Suburbs (Malad),19.1739927455834,72.83235517176827
"FIR No. 0254/2026, P.S. Kurla",2026-04-26 17:27:00,THEFT,THEFT incident reported in Eastern Suburbs (Kurla),Eastern Suburbs (Kurla),False,Eastern Suburbs (Kurla),19.073735257166103,72.86040996632552
83507993/2024,2024-04-20 13:17:00,THEFT,THEFT incident reported in Western Suburbs (Bandra),Western Suburbs (Bandra),False,Western Suburbs (Bandra),19.052741615607,72.82958818680096
80932151/2024,2024-05-31 12:11:00,THEFT,THEFT incident reported in Central Mumbai (Dadar),Central Mumbai (Dadar),False,Central Mumbai (Dadar),19.011380935410905,72.82305469181094
"FIR No. 0493/2025, P.S. Colaba/CST",2025-10-22 21:08:00,ROBBERY,ROBBERY incident reported in South Mumbai (Colaba/CST),South Mumbai (Colaba/CST),True,South Mumbai (Colaba/CST),18.92440828589877,72.81898693464251
"FIR No. 0078/2026, P.S. Andheri",2026-01-18 00:04:00,OTHER,OTHER incident reported in Western Suburbs (Andheri),Western Suburbs (Andheri),False,Western Suburbs (Andheri),19.0886851917662,72.84342679630682
89517522/2026,2026-07-13 07:19:00,ASSAULT,ASSAULT incident reported in Western Suburbs (Andheri),Western Suburbs (Andheri),True,Western Suburbs (Andheri),19.12862948956356,72.8431452693501
"FIR No. 0040/2026, P.S. Malad",2026-01-30 12:08:00,ASSAULT,ASSAULT incident reported in Northern Suburbs (Malad),Northern Suburbs (Malad),False,Northern Suburbs (Malad),19.16513508890817,72.84635351833391
"FIR No. 0079/2023, P.S. Colaba/CST",2023-03-23 16:37:00,THEFT,THEFT incident reported in South Mumbai (Colaba/CST),South Mumbai (Colaba/CST),True,South Mumbai (Colaba/CST),18.91865348459164,72.83165867627456
"FIR No. 0609/2024, P.S. Colaba/CST",2024-08-02 10:08:00,CYBER,CYBER incident reported in South Mumbai (Colaba/CST),South Mumbai (Colaba/CST),False,South Mumbai (Colaba/CST),18.949076183085587,72.82504313357451
"FIR No. 0074/2026, P.S. Kurla",2026-02-03 06:39:00,BURGLARY,BURGLARY incident reported in Eastern Suburbs (Kurla),Eastern Suburbs (Kurla),False,Eastern Suburbs (Kurla),19.060414564476112,72.8749429529419
"FIR No. 0520/2025, P.S. Kurla",2025-10-16 01:22:00,THEFT,THEFT incident reported in Eastern Suburbs (Kurla),Eastern Suburbs (Kurla),True,Eastern Suburbs (Kurla),19.07194898719816,72.8898365273915
86758302/2026,2026-06-23 17:00:00,CYBER,CYBER incident reported in Northern Suburbs (Malad),Northern Suburbs (Malad),True,Northern Suburbs (Malad),19.16160583521565,72.86919804482751
"FIR No. 0080/2023, P.S. Colaba/CST",2023-06-07 17:55:00,ASSAULT,ASSAULT incident reported in South Mumbai (Colaba/CST),South Mumbai (Colaba/CST),False,South Mumbai (Colaba/CST),18.92159575923172,72.83746055950527
"FIR No. 0649/2025, P.S. Colaba/CST",2025-08-11 01:28:00,THEFT,THEFT incident reported in South Mumbai (Colaba/CST),South Mumbai (Colaba/CST),False,South Mumbai (Colaba/CST),18.94632337233091,72.83369510426033
"FIR No. 0154/2024, P.S. Colaba/CST",2024-02-16 17:40:00,BURGLARY,BURGLARY incident reported in South Mumbai (Colaba/CST),South Mumbai (Colaba/CST),False,South Mumbai (Colaba/CST),18.93283068177,72.83116237715682
"FIR No. 0046/2024, P.S. Kurla",2024-08-13 01:37:00,THEFT,THEFT incident reported in Eastern Suburbs (Kurla),Eastern Suburbs (Kurla),False,Eastern Suburbs (Kurla),19.067811099826383,72.88900656298316
"FIR No. 0037/2023, P.S. Bandra",2023-01-19 09:56:00,BURGLARY,BURGLARY incident reported in Western Suburbs (Bandra),Western Suburbs (Bandra),True,Western Suburbs (Bandra),19.08932819525241,72.82954735684987
"FIR No. 0479/2023, P.S. Dadar",2023-06-28 05:49:00,THEFT,THEFT incident reported in Central Mumbai (Dadar),Central Mumbai (Dadar),False,Central Mumbai (Dadar),19.03788026003702,72.84683979342479
"FIR No. 0134/2025, P.S. Colaba/CST",2025-03-24 21:57:00,CYBER,CYBER incident reported in South Mumbai (Colaba/CST),South Mumbai (Colaba/CST),False,South Mumbai (Colaba/CST),18.94337513465324,72.81569449944651
"FIR No. 0290/2026, P.S. Bandra",2026-07-09 15:52:00,BURGLARY,BURGLARY incident reported in Western Suburbs (Bandra),Western Suburbs (Bandra),False,Western Suburbs (Bandra),19.0457522869636,72.84150485689177
"FIR No. 0678/2024, P.S. Bandra",2024-08-28 03:16:00,OTHER,OTHER incident reported in Western Suburbs (Bandra),Western Suburbs (Bandra),False,Western Suburbs (Bandra),19.04317559951372,72.8357037824972
"FIR No. 0789/2026, P.S. Andheri",2026-08-09 22:31:00,THEFT,THEFT incident reported in Western Suburbs (Andheri),Western Suburbs (Andheri),False,Western Suburbs (Andheri),19.135712853250624,72.8565547247487
"FIR No. 0297/2024, P.S. Bandra",2024-08-16 06:32:00,ASSAULT,ASSAULT incident reported in Western Suburbs (Bandra),Western Suburbs (Bandra),False,Western Suburbs (Bandra),19.068920454545854,72.83367659657074
"FIR No. 0480/2026, P.S. Bandra",2026-08-14 21:08:00,ROBBERY,ROBBERY incident reported in Western Suburbs (Bandra),Western Suburbs (Bandra),True,Western Suburbs (Bandra),19.05602435070879,72.83946911173919
"FIR No. 0330/2024, P.S. Kurla",2024-08-03 22:02:00,THEFT,THEFT incident reported in Eastern Suburbs (Kurla),Eastern Suburbs (Kurla),True,Eastern Suburbs (Kurla),19.082655355449724,72.85504864741287
"FIR No. 0020/2024, P.S. Andheri",2024-04-24 10:32:00,ROBBERY,ROBBERY incident reported in Western Suburbs (Andheri),Western Suburbs (Andheri),True,Western Suburbs (Andheri),19.11464960133755,72.84026256294602
"FIR No. 0542/2023, P.S. Bandra",2023-05-22 18:21:00,THEFT,THEFT incident reported in Western Suburbs (Bandra),Western Suburbs (Bandra),True,Western Suburbs (Bandra),19.0329404637534,72.81628746315683
"FIR No. 0211/2024, P.S. Bandra",2024-03-23 15:10:00,BURGLARY,BURGLARY incident reported in Western Suburbs (Bandra),Western Suburbs (Bandra),False,Western Suburbs (Bandra),19.035872811992007,72.80366045195099
"FIR No. 0332/2025, P.S. Andheri",2025-09-11 10:54:00,THEFT,THEFT incident reported in Western Suburbs (Andheri),Western Suburbs (Andheri),True,Western Suburbs (Andheri),19.13591541751048,72.84809756856112
"FIR No. 0128/2026, P.S. Malad",2026-03-05 11:20:00,ASSAULT,ASSAULT incident reported in Northern Suburbs (Malad),Northern Suburbs (Malad),False,Northern Suburbs (Malad),19.176437300215664,72.85155995067073
"FIR No. 0029/2025, P.S. Kurla",2025-07-08 11:34:00,BURGLARY,BURGLARY incident reported in Eastern Suburbs (Kurla),Eastern Suburbs (Kurla),False,Eastern Suburbs (Kurla),19.0753269491228,72.89328196683847
"FIR No. 0278/2026, P.S. Dadar",2026-04-23 16:09:00,THEFT,THEFT incident reported in Central Mumbai (Dadar),Central Mumbai (Dadar),False,Central Mumbai (Dadar),18.98681381388361,72.85523146750846
82427868/2025,2025-08-24 16:39:00,THEFT,THEFT incident reported in South Mumbai (Colaba/CST),South Mumbai (Colaba/CST),False,South Mumbai (Colaba/CST),18.906162500006555,72.84093956082916
"FIR No. 0300/2025, P.S. Dadar",2025-03-25 04:15:00,OTHER,OTHER incident reported in Central Mumbai (Dadar),Central Mumbai (Dadar),False,Central Mumbai (Dadar),19.007881384515866,72.82814234949399
81005638/2026,2026-02-28 10:45:00,ROBBERY,ROBBERY incident reported in Western Suburbs (Andheri),Western Suburbs (Andheri),False,Western Suburbs (Andheri),19.12318981654949,72.82330608583476
87179358/2025,2025-12-07 10:07:00,CYBER,CYBER incident reported in Eastern Suburbs (Kurla),Eastern Suburbs (Kurla),False,Eastern Suburbs (Kurla),19.08298125155757,72.89301103361225
88064830/2025,2025-08-27 06:49:00,THEFT,THEFT incident reported in Western Suburbs (Bandra),Western Suburbs (Bandra),False,Western Suburbs (Bandra),19.025814694048773,72.85303039453885
"FIR No. 0184/2026, P.S. Malad",2026-02-10 10:24:00,THEFT,THEFT incident reported in Northern Suburbs (Malad),Northern Suburbs (Malad),False,Northern Suburbs (Malad),19.18826777286251,72.85714395349343
"FIR No. 0317/2026, P.S. Bandra",2026-06-12 11:20:00,ASSAULT,ASSAULT incident reported in Western Suburbs (Bandra),Western Suburbs (Bandra),False,Western Suburbs (Bandra),19.075741422229424,72.83933563255678
"FIR No. 0065/2026, P.S. Kurla",2026-03-16 19:52:00,ROBBERY,ROBBERY incident reported in Eastern Suburbs (Kurla),Eastern Suburbs (Kurla),False,Eastern Suburbs (Kurla),19.052661263658475,72.87578046785272
"FIR No. 0479/2023, P.S. Andheri",2023-08-11 00:04:00,CYBER,CYBER incident reported in Western Suburbs (Andheri),Western Suburbs (Andheri),False,Western Suburbs (Andheri),19.1395966577524,72.8569531341632
"FIR No. 0148/2024, P.S. Andheri",2024-05-17 16:32:00,THEFT,THEFT incident reported in Western Suburbs (Andheri),Western Suburbs (Andheri),True,Western Suburbs (Andheri),19.13474821474319,72.87403870808213
"FIR No. 0443/2023, P.S. Bandra",2023-09-21 14:32:00,ASSAULT,ASSAULT incident reported in Western Suburbs (Bandra),Western Suburbs (Bandra),False,Western Suburbs (Bandra),19.077560451233,72.83849454408956
"FIR No. 0356/2025, P.S. Bandra",2025-07-06 11:53:00,ASSAULT,ASSAULT incident reported in Western Suburbs (Bandra),Western Suburbs (Bandra),False,Western Suburbs (Bandra),19.06247896379497,72.83941538070343
84473519/2024,2024-02-03 17:17:00,ASSAULT,ASSAULT incident reported in Western Suburbs (Bandra),Western Suburbs (Bandra),False,Western Suburbs (Bandra),19.09262190142644,72.85714994079034
"FIR No. 0076/2026, P.S. Andheri",2026-03-24 23:51:00,THEFT,THEFT incident reported in Western Suburbs (Andheri),Western Suburbs (Andheri),False,Western Suburbs (Andheri),19.136590396527964,72.83980262667271
"FIR No. 0248/2026, P.S. Colaba/CST",2026-03-05 02:56:00,THEFT,THEFT incident reported in South Mumbai (Colaba/CST),South Mumbai (Colaba/CST),True,South Mumbai (Colaba/CST),18.925668782408508,72.86848056867831
86538065/2023,2023-09-09 11:23:00,ASSAULT,ASSAULT incident reported in South Mumbai (Colaba/CST),South Mumbai (Colaba/CST),False,South Mumbai (Colaba/CST),18.931241251802003,72.82735296306863
"FIR No. 0146/2026, P.S. Andheri",2026-04-26 17:47:00,ROBBERY,ROBBERY incident reported in Western Suburbs (Andheri),Western Suburbs (Andheri),False,Western Suburbs (Andheri),19.13774559840806,72.84324038953457
"FIR No. 0589/2024, P.S. Malad",2024-08-21 17:23:00,ASSAULT,ASSAULT incident reported in Northern Suburbs (Malad),Northern Suburbs (Malad),False,Northern Suburbs (Malad),19.180212391574365,72.8246504360368
"FIR No. 0404/2024, P.S. Andheri",2024-08-15 03:32:00,ROBBERY,ROBBERY incident reported in Western Suburbs (Andheri),Western Suburbs (Andheri),True,Western Suburbs (Andheri),19.106319955694783,72.84058388040918
"FIR No. 0052/2025, P.S. Malad",2025-01-24 15:22:00,THEFT,THEFT incident reported in Northern Suburbs (Malad),Northern Suburbs (Malad),True,Northern Suburbs (Malad),19.1754900675995,72.84577277309285
"FIR No. 0292/2026, P.S. Kurla",2026-04-20 09:16:00,ASSAULT,ASSAULT incident reported in Eastern Suburbs (Kurla),Eastern Suburbs (Kurla),False,Eastern Suburbs (Kurla),19.047139120385783,72.91934518424377
"FIR No. 0393/2025, P.S. Bandra",2025-12-28 03:11:00,THEFT,THEFT incident reported in Western Suburbs (Bandra),Western Suburbs (Bandra),False,Western Suburbs (Bandra),19.052642599109245,72.84902425922229
88183617/2023,2023-10-06 21:06:00,THEFT,THEFT incident reported in Western Suburbs (Bandra),Western Suburbs (Bandra),False,Western Suburbs (Bandra),19.063372792056835,72.82599359825434
"FIR No. 0226/2024, P.S. Colaba/CST",2024-04-14 15:54:00,THEFT,THEFT incident reported in South Mumbai (Colaba/CST),South Mumbai (Colaba/CST),False,South Mumbai (Colaba/CST),18.947473571422048,72.84940322958099
"FIR No. 0119/2023, P.S. Malad",2023-05-18 11:23:00,THEFT,THEFT incident reported in Northern Suburbs (Malad),Northern Suburbs (Malad),False,Northern Suburbs (Malad),19.13409364800462,72.83027162760514
"FIR No. 0412/2026, P.S. Kurla",2026-07-14 02:36:00,THEFT,THEFT incident reported in Eastern Suburbs (Kurla),Eastern Suburbs (Kurla),False,Eastern Suburbs (Kurla),19.06578178776809,72.88079185723085
"FIR No. 0023/2023, P.S. Colaba/CST",2023-07-16 17:49:00,THEFT,THEFT incident reported in South Mumbai (Colaba/CST),South Mumbai (Colaba/CST),False,South Mumbai (Colaba/CST),18.93109756593636,72.81869291512545
"FIR No. 0459/2023, P.S. Andheri",2023-11-28 22:52:00,THEFT,THEFT incident reported in Western Suburbs (Andheri),Western Suburbs (Andheri),True,Western Suburbs (Andheri),19.13502002416998,72.87157944529046
"FIR No. 0080/2024, P.S. Andheri",2024-01-09 19:23:00,THEFT,THEFT incident reported in Western Suburbs (Andheri),Western Suburbs (Andheri),False,Western Suburbs (Andheri),19.104262880480896,72.85515645866053
86623507/2026,2026-04-24 23:42:00,ASSAULT,ASSAULT incident reported in South Mumbai (Colaba/CST),South Mumbai (Colaba/CST),False,South Mumbai (Colaba/CST),18.94443579772756,72.81259044350651
"FIR No. 0078/2026, P.S. Colaba/CST",2026-01-22 09:10:00,THEFT,THEFT incident reported in South Mumbai (Colaba/CST),South Mumbai (Colaba/CST),False,South Mumbai (Colaba/CST),18.958210176244343,72.81205459471778
"FIR No. 0225/2026, P.S. Andheri",2026-03-02 19:57:00,CYBER,CYBER incident reported in Western Suburbs (Andheri),Western Suburbs (Andheri),False,Western Suburbs (Andheri),19.11427515687365,72.83817102690199
"FIR No. 0410/2025, P.S. Kurla",2025-09-03 10:49:00,THEFT,THEFT incident reported in Eastern Suburbs (Kurla),Eastern Suburbs (Kurla),False,Eastern Suburbs (Kurla),19.05470353752216,72.85967131276884
"FIR No. 0009/2023, P.S. Dadar",2023-02-12 20:02:00,THEFT,THEFT incident reported in Central Mumbai (Dadar),Central Mumbai (Dadar),False,Central Mumbai (Dadar),19.00650447647148,72.83539008217544
"FIR No. 0269/2024, P.S. Kurla",2024-05-24 10:13:00,BURGLARY,BURGLARY incident reported in Eastern Suburbs (Kurla),Eastern Suburbs (Kurla),False,Eastern Suburbs (Kurla),19.08813658437733,72.8849871586873
"FIR No. 0102/2024, P.S. Colaba/CST",2024-03-01 11:58:00,THEFT,THEFT incident reported in South Mumbai (Colaba/CST),South Mumbai (Colaba/CST),False,South Mumbai (Colaba/CST),18.971464928739472,72.81254546993148
"FIR No. 0120/2023, P.S. Colaba/CST",2023-06-25 22:08:00,OTHER,OTHER incident reported in South Mumbai (Colaba/CST),South Mumbai (Colaba/CST),False,South Mumbai (Colaba/CST),18.91691849789035,72.84661350309219
"FIR No. 0565/2024, P.S. Kurla",2024-10-17 14:01:00,THEFT,THEFT incident reported in Eastern Suburbs (Kurla),Eastern Suburbs (Kurla),True,Eastern Suburbs (Kurla),19.05805902948629,72.88918500390025
"FIR No. 0190/2026, P.S. Colaba/CST",2026-07-15 02:06:00,THEFT,THEFT incident reported in South Mumbai (Colaba/CST),South Mumbai (Colaba/CST),False,South Mumbai (Colaba/CST),18.93510572149368,72.79945104286656
"FIR No. 0117/2023, P.S. Colaba/CST",2023-07-30 17:04:00,THEFT,THEFT incident reported in South Mumbai (Colaba/CST),South Mumbai (Colaba/CST),False,South Mumbai (Colaba/CST),18.896038145887065,72.81858431968891
"FIR No. 0031/2024, P.S. Bandra",2024-03-04 06:55:00,THEFT,THEFT incident reported in Western Suburbs (Bandra),Western Suburbs (Bandra),True,Western Suburbs (Bandra),19.052068016329866,72.86702809667473
"FIR No. 0207/2023, P.S. Andheri",2023-03-13 06:31:00,THEFT,THEFT incident reported in Western Suburbs (Andheri),Western Suburbs (Andheri),False,Western Suburbs (Andheri),19.138573126096937,72.83572453793505
"FIR No. 0159/2023, P.S. Colaba/CST",2023-02-17 21:15:00,CYBER,CYBER incident reported in South Mumbai (Colaba/CST),South Mumbai (Colaba/CST),False,South Mumbai (Colaba/CST),18.97463153945657,72.83261780980922
"FIR No. 0171/2026, P.S. Bandra",2026-02-11 05:27:00,ASSAULT,ASSAULT incident reported in Western Suburbs (Bandra),Western Suburbs (Bandra),False,Western Suburbs (Bandra),19.0647093289876,72.85492079663352
"FIR No. 0367/2023, P.S. Andheri",2023-05-10 13:17:00,BURGLARY,BURGLARY incident reported in Western Suburbs (Andheri),Western Suburbs (Andheri),False,Western Suburbs (Andheri),19.10772714366859,72.85664949710095
83751709/2024,2024-01-10 16:31:00,THEFT,THEFT incident reported in Western Suburbs (Andheri),Western Suburbs (Andheri),True,Western Suburbs (Andheri),19.11892035836802,72.85662478115674
"FIR No. 0588/2026, P.S. Kurla",2026-07-07 01:10:00,THEFT,THEFT incident reported in Eastern Suburbs (Kurla),Eastern Suburbs (Kurla),False,Eastern Suburbs (Kurla),19.07685616569593,72.87590524999369
"FIR No. 0081/2024, P.S. Andheri",2024-01-07 13:42:00,BURGLARY,BURGLARY incident reported in Western Suburbs (Andheri),Western Suburbs (Andheri),False,Western Suburbs (Andheri),19.10621634927565,72.84996318701309
"FIR No. 0843/2025, P.S. Malad",2025-09-08 12:32:00,ROBBERY,ROBBERY incident reported in Northern Suburbs (Malad),Northern Suburbs (Malad),False,Northern Suburbs (Malad),19.163169462883268,72.84653384504902
84795505/2023,2023-01-19 09:03:00,ASSAULT,ASSAULT incident reported in Central Mumbai (Dadar),Central Mumbai (Dadar),False,Central Mumbai (Dadar),19.02857704706524,72.85423885266603
"FIR No. 0147/2025, P.S. Colaba/CST",2025-07-20 11:37:00,THEFT,THEFT incident reported in South Mumbai (Colaba/CST),South Mumbai (Colaba/CST),True,South Mumbai (Colaba/CST),18.956731564419503,72.84775593267194
"FIR No. 0361/2023, P.S. Bandra",2023-10-08 21:35:00,THEFT,THEFT incident reported in Western Suburbs (Bandra),Western Suburbs (Bandra),False,Western Suburbs (Bandra),19.06871361597188,72.84331546938785
"FIR No. 0283/2025, P.S. Andheri",2025-04-09 02:47:00,CYBER,CYBER incident reported in Western Suburbs (Andheri),Western Suburbs (Andheri),False,Western Suburbs (Andheri),19.13940311306844,72.88397053900084
82439749/2024,2024-05-18 09:29:00,THEFT,THEFT incident reported in Eastern Suburbs (Kurla),Eastern Suburbs (Kurla),False,Eastern Suburbs (Kurla),19.084856749625686,72.90774565673544
"FIR No. 0088/2023, P.S. Bandra",2023-01-06 14:30:00,OTHER,OTHER incident reported in Western Suburbs (Bandra),Western Suburbs (Bandra),False,Western Suburbs (Bandra),19.05378890807877,72.84470427896674
"FIR No. 0030/2023, P.S. Andheri",2023-02-20 00:34:00,CYBER,CYBER incident reported in Western Suburbs (Andheri),Western Suburbs (Andheri),False,Western Suburbs (Andheri),19.105582257224256,72.82461142402587
"FIR No. 0092/2024, P.S. Colaba/CST",2024-09-21 22:22:00,THEFT,THEFT incident reported in South Mumbai (Colaba/CST),South Mumbai (Colaba/CST),False,South Mumbai (Colaba/CST),18.943588938918925,72.83292586230186
82151111/2023,2023-09-07 06:36:00,ROBBERY,ROBBERY incident reported in Western Suburbs (Bandra),Western Suburbs (Bandra),False,Western Suburbs (Bandra),19.055710649496422,72.82715678312658
87944409/2025,2025-11-20 22:42:00,THEFT,THEFT incident reported in Western Suburbs (Andheri),Western Suburbs (Andheri),True,Western Suburbs (Andheri),19.09170111952204,72.82905034061352
"FIR No. 0125/2024, P.S. Andheri",2024-05-31 20:19:00,ASSAULT,ASSAULT incident reported in Western Suburbs (Andheri),Western Suburbs (Andheri),False,Western Suburbs (Andheri),19.131158890649505,72.8434616234377
"FIR No. 0126/2023, P.S. Colaba/CST",2023-04-18 07:06:00,THEFT,THEFT incident reported in South Mumbai (Colaba/CST),South Mumbai (Colaba/CST),False,South Mumbai (Colaba/CST),18.9463711783495,72.82072019007298
87829107/2023,2023-11-17 15:25:00,BURGLARY,BURGLARY incident reported in South Mumbai (Colaba/CST),South Mumbai (Colaba/CST),True,South Mumbai (Colaba/CST),18.940539008127818,72.84610868555667
"FIR No. 0115/2023, P.S. Colaba/CST",2023-03-26 20:08:00,THEFT,THEFT incident reported in South Mumbai (Colaba/CST),South Mumbai (Colaba/CST),False,South Mumbai (Colaba/CST),18.91802684361339,72.85168527289397
"FIR No. 0073/2024, P.S. Andheri",2024-03-03 15:17:00,THEFT,THEFT incident reported in Western Suburbs (Andheri),Western Suburbs (Andheri),False,Western Suburbs (Andheri),19.09814153631223,72.8661634757136
89468228/2023,2023-10-31 12:11:00,THEFT,THEFT incident reported in Western Suburbs (Bandra),Western Suburbs (Bandra),True,Western Suburbs (Bandra),19.071676755534128,72.83619687170761
"FIR No. 0220/2026, P.S. Colaba/CST",2026-05-10 15:06:00,THEFT,THEFT incident reported in South Mumbai (Colaba/CST),South Mumbai (Colaba/CST),False,South Mumbai (Colaba/CST),18.941153312894084,72.82713900176049
"FIR No. 0207/2025, P.S. Colaba/CST",2025-07-06 03:38:00,THEFT,THEFT incident reported in South Mumbai (Colaba/CST),South Mumbai (Colaba/CST),True,South Mumbai (Colaba/CST),18.949238668730302,72.83532988601964
"FIR No. 0116/2025, P.S. Malad",2025-04-15 17:35:00,THEFT,THEFT incident reported in Northern Suburbs (Malad),Northern Suburbs (Malad),True,Northern Suburbs (Malad),19.177153247199232,72.83907339307392
88182392/2024,2024-05-13 14:21:00,BURGLARY,BURGLARY incident reported in Western Suburbs (Bandra),Western Suburbs (Bandra),False,Western Suburbs (Bandra),19.057557804185603,72.82842043169559
"FIR No. 0035/2025, P.S. Kurla",2025-01-19 11:07:00,CYBER,CYBER incident reported in Eastern Suburbs (Kurla),Eastern Suburbs (Kurla),False,Eastern Suburbs (Kurla),19.034403517186032,72.87858863578175
"FIR No. 0449/2023, P.S. Colaba/CST",2023-11-15 17:45:00,CYBER,CYBER incident reported in South Mumbai (Colaba/CST),South Mumbai (Colaba/CST),False,South Mumbai (Colaba/CST),18.940203761376047,72.82648788574532
"FIR No. 0078/2023, P.S. Andheri",2023-01-29 14:26:00,THEFT,THEFT incident reported in Western Suburbs (Andheri),Western Suburbs (Andheri),False,Western Suburbs (Andheri),19.098066487384347,72.84735854208834
"FIR No. 0272/2023, P.S. Andheri",2023-05-24 04:53:00,ASSAULT,ASSAULT incident reported in Western Suburbs (Andheri),Western Suburbs (Andheri),False,Western Suburbs (Andheri),19.10741492782052,72.88186743854149
"FIR No. 0541/2025, P.S. Colaba/CST",2025-12-18 03:30:00,ASSAULT,ASSAULT incident reported in South Mumbai (Colaba/CST),South Mumbai (Colaba/CST),False,South Mumbai (Colaba/CST),18.93597860057193,72.81154248232734
"FIR No. 0271/2025, P.S. Bandra",2025-12-18 09:24:00,THEFT,THEFT incident reported in Western Suburbs (Bandra),Western Suburbs (Bandra),False,Western Suburbs (Bandra),19.067545027619914,72.8528361554898
"FIR No. 0599/2024, P.S. Malad",2024-08-05 08:01:00,ROBBERY,ROBBERY incident reported in Northern Suburbs (Malad),Northern Suburbs (Malad),False,Northern Suburbs (Malad),19.17931252121146,72.84995145199534
"FIR No. 0637/2025, P.S. Malad",2025-11-04 08:10:00,BURGLARY,BURGLARY incident reported in Northern Suburbs (Malad),Northern Suburbs (Malad),True,Northern Suburbs (Malad),19.173979224473825,72.85904225049364
"FIR No. 0453/2024, P.S. Colaba/CST",2024-05-18 15:23:00,THEFT,THEFT incident reported in South Mumbai (Colaba/CST),South Mumbai (Colaba/CST),False,South Mumbai (Colaba/CST),18.911439248028,72.82059783758322
80504472/2026,2026-03-03 14:53:00,ROBBERY,ROBBERY incident reported in Western Suburbs (Andheri),Western Suburbs (Andheri),True,Western Suburbs (Andheri),19.12979209384499,72.85344222204291
"FIR No. 0007/2026, P.S. Andheri",2026-01-03 09:12:00,BURGLARY,BURGLARY incident reported in Western Suburbs (Andheri),Western Suburbs (Andheri),False,Western Suburbs (Andheri),19.12867834103841,72.83751469339263
87010449/2024,2024-12-28 06:11:00,ASSAULT,ASSAULT incident reported in South Mumbai (Colaba/CST),South Mumbai (Colaba/CST),False,South Mumbai (Colaba/CST),18.921186619872845,72.82341564965134
"FIR No. 0080/2025, P.S. Colaba/CST",2025-12-09 18:39:00,THEFT,THEFT incident reported in South Mumbai (Colaba/CST),South Mumbai (Colaba/CST),False,South Mumbai (Colaba/CST),18.92623869422015,72.84452053808533
"FIR No. 0074/2025, P.S. Bandra",2025-02-15 05:35:00,ROBBERY,ROBBERY incident reported in Western Suburbs (Bandra),Western Suburbs (Bandra),True,Western Suburbs (Bandra),19.06912017485186,72.8563909371104
88760166/2026,2026-06-16 08:23:00,ASSAULT,ASSAULT incident reported in South Mumbai (Colaba/CST),South Mumbai (Colaba/CST),False,South Mumbai (Colaba/CST),18.927164319062204,72.82410624153525
"FIR No. 0097/2023, P.S. Kurla",2023-03-27 06:18:00,THEFT,THEFT incident reported in Eastern Suburbs (Kurla),Eastern Suburbs (Kurla),False,Eastern Suburbs (Kurla),19.08822305174916,72.88102553135356
"FIR No. 0056/2025, P.S. Malad",2025-01-13 23:44:00,CYBER,CYBER incident reported in Northern Suburbs (Malad),Northern Suburbs (Malad),False,Northern Suburbs (Malad),19.195188112964832,72.86016281871574
"FIR No. 0307/2023, P.S. Bandra",2023-07-06 04:39:00,THEFT,THEFT incident reported in Western Suburbs (Bandra),Western Suburbs (Bandra),False,Western Suburbs (Bandra),19.051566705092704,72.81903480521488
"FIR No. 0504/2024, P.S. Malad",2024-12-08 20:20:00,OTHER,OTHER incident reported in Northern Suburbs (Malad),Northern Suburbs (Malad),True,Northern Suburbs (Malad),19.20938716958531,72.82832777951018
84933443/2023,2023-10-25 22:42:00,CYBER,CYBER incident reported in Eastern Suburbs (Kurla),Eastern Suburbs (Kurla),False,Eastern Suburbs (Kurla),19.07131355511764,72.8925336771267
"FIR No. 0023/2024, P.S. Dadar",2024-02-14 00:15:00,THEFT,THEFT incident reported in Central Mumbai (Dadar),Central Mumbai (Dadar),False,Central Mumbai (Dadar),19.00964188998216,72.81606445709573
82204882/2026,2026-04-11 02:34:00,ROBBERY,ROBBERY incident reported in South Mumbai (Colaba/CST),South Mumbai (Colaba/CST),False,South Mumbai (Colaba/CST),18.950590343053538,72.8579169510204
"FIR No. 0405/2024, P.S. Malad",2024-11-26 00:11:00,ASSAULT,ASSAULT incident reported in Northern Suburbs (Malad),Northern Suburbs (Malad),True,Northern Suburbs (Malad),19.166597436401023,72.8440792786564
"FIR No. 0021/2024, P.S. Colaba/CST",2024-05-11 18:12:00,BURGLARY,BURGLARY incident reported in South Mumbai (Colaba/CST),South Mumbai (Colaba/CST),False,South Mumbai (Colaba/CST),18.91602958291265,72.81376260321174
81443819/2025,2025-04-03 21:55:00,THEFT,THEFT incident reported in South Mumbai (Colaba/CST),South Mumbai (Colaba/CST),False,South Mumbai (Colaba/CST),18.91304792416836,72.81146381330338
"FIR No. 0345/2025, P.S. Andheri",2025-04-28 08:49:00,ASSAULT,ASSAULT incident reported in Western Suburbs (Andheri),Western Suburbs (Andheri),False,Western Suburbs (Andheri),19.122332571309578,72.84254488079574
85264586/2024,2024-02-27 10:23:00,THEFT,THEFT incident reported in Central Mumbai (Dadar),Central Mumbai (Dadar),True,Central Mumbai (Dadar),19.01244415284048,72.83612074604899
82017882/2024,2024-08-28 06:13:00,THEFT,THEFT incident reported in Western Suburbs (Andheri),Western Suburbs (Andheri),True,Western Suburbs (Andheri),19.10932765433272,72.84455700642687
"FIR No. 0479/2023, P.S. Bandra",2023-07-07 16:39:00,CYBER,CYBER incident reported in Western Suburbs (Bandra),Western Suburbs (Bandra),False,Western Suburbs (Bandra),19.063819738548595,72.8336407251599
"FIR No. 0678/2024, P.S. Andheri",2024-12-02 08:10:00,CYBER,CYBER incident reported in Western Suburbs (Andheri),Western Suburbs (Andheri),False,Western Suburbs (Andheri),19.09418523680542,72.82520815483828
"FIR No. 0204/2025, P.S. Colaba/CST",2025-05-01 07:38:00,THEFT,THEFT incident reported in South Mumbai (Colaba/CST),South Mumbai (Colaba/CST),False,South Mumbai (Colaba/CST),18.943934844674352,72.81180082123646
"FIR No. 0565/2025, P.S. Andheri",2025-09-01 19:28:00,ROBBERY,ROBBERY incident reported in Western Suburbs (Andheri),Western Suburbs (Andheri),False,Western Suburbs (Andheri),19.15268719498369,72.8376273514772
84386438/2024,2024-11-04 11:38:00,CYBER,CYBER incident reported in South Mumbai (Colaba/CST),South Mumbai (Colaba/CST),False,South Mumbai (Colaba/CST),18.948189355428102,72.85597221725627
"FIR No. 0837/2025, P.S. Dadar",2025-12-29 04:09:00,ROBBERY,ROBBERY incident reported in Central Mumbai (Dadar),Central Mumbai (Dadar),True,Central Mumbai (Dadar),18.992025768174056,72.81327475868733
"FIR No. 0789/2023, P.S. Bandra",2023-09-04 01:55:00,CYBER,CYBER incident reported in Western Suburbs (Bandra),Western Suburbs (Bandra),False,Western Suburbs (Bandra),19.06082657299404,72.83427581764167
"FIR No. 0066/2023, P.S. Malad",2023-04-12 01:51:00,ASSAULT,ASSAULT incident reported in Northern Suburbs (Malad),Northern Suburbs (Malad),False,Northern Suburbs (Malad),19.18322613140265,72.83813473183609
88149322/2025,2025-04-15 05:54:00,THEFT,THEFT incident reported in Northern Suburbs (Malad),Northern Suburbs (Malad),True,Northern Suburbs (Malad),19.17047993001941,72.83608795473027
"FIR No. 0269/2025, P.S. Colaba/CST",2025-05-21 19:24:00,ASSAULT,ASSAULT incident reported in South Mumbai (Colaba/CST),South Mumbai (Colaba/CST),False,South Mumbai (Colaba/CST),18.95397273221388,72.82909477686098
"FIR No. 0559/2025, P.S. Malad",2025-11-29 18:11:00,ASSAULT,ASSAULT incident reported in Northern Suburbs (Malad),Northern Suburbs (Malad),False,Northern Suburbs (Malad),19.196958556814,72.85832637835335
"FIR No. 0074/2026, P.S. Andheri",2026-01-06 13:38:00,THEFT,THEFT incident reported in Western Suburbs (Andheri),Western Suburbs (Andheri),True,Western Suburbs (Andheri),19.10157614683643,72.84736030343824
"FIR No. 0035/2024, P.S. Colaba/CST",2024-01-26 06:20:00,THEFT,THEFT incident reported in South Mumbai (Colaba/CST),South Mumbai (Colaba/CST),False,South Mumbai (Colaba/CST),18.91630706049836,72.82490228590991
"FIR No. 0290/2026, P.S. Malad",2026-03-04 13:39:00,OTHER,OTHER incident reported in Northern Suburbs (Malad),Northern Suburbs (Malad),False,Northern Suburbs (Malad),19.159329721211737,72.86218878987285
"FIR No. 0365/2026, P.S. Dadar",2026-07-16 05:39:00,OTHER,OTHER incident reported in Central Mumbai (Dadar),Central Mumbai (Dadar),False,Central Mumbai (Dadar),19.02391005896471,72.87871978798623
"FIR No. 0632/2026, P.S. Kurla",2026-07-04 08:45:00,BURGLARY,BURGLARY incident reported in Eastern Suburbs (Kurla),Eastern Suburbs (Kurla),False,Eastern Suburbs (Kurla),19.06212050787356,72.88956657853781
"FIR No. 0157/2023, P.S. Kurla",2023-05-16 15:00:00,THEFT,THEFT incident reported in Eastern Suburbs (Kurla),Eastern Suburbs (Kurla),False,Eastern Suburbs (Kurla),19.0652742649215,72.88377389637861
"FIR No. 0650/2023, P.S. Colaba/CST",2023-07-02 20:25:00,THEFT,THEFT incident reported in South Mumbai (Colaba/CST),South Mumbai (Colaba/CST),False,South Mumbai (Colaba/CST),18.92907072810118,72.83733514013554
"FIR No. 0371/2024, P.S. Dadar",2024-06-07 00:44:00,ASSAULT,ASSAULT incident reported in Central Mumbai (Dadar),Central Mumbai (Dadar),False,Central Mumbai (Dadar),19.00991812842999,72.84431895700045
"FIR No. 0636/2023, P.S. Colaba/CST",2023-10-17 12:42:00,ASSAULT,ASSAULT incident reported in South Mumbai (Colaba/CST),South Mumbai (Colaba/CST),False,South Mumbai (Colaba/CST),18.932955734216645,72.80940346023739
"FIR No. 0050/2026, P.S. Malad",2026-08-20 02:36:00,THEFT,THEFT incident reported in Northern Suburbs (Malad),Northern Suburbs (Malad),False,Northern Suburbs (Malad),19.191042325805626,72.86069698095311
"FIR No. 0208/2025, P.S. Colaba/CST",2025-03-23 15:25:00,ROBBERY,ROBBERY incident reported in South Mumbai (Colaba/CST),South Mumbai (Colaba/CST),False,South Mumbai (Colaba/CST),18.90348896041279,72.83952311691229
"FIR No. 0392/2024, P.S. Andheri",2024-04-12 22:59:00,ROBBERY,ROBBERY incident reported in Western Suburbs (Andheri),Western Suburbs (Andheri),False,Western Suburbs (Andheri),19.13047427968558,72.83440532608657
"FIR No. 0149/2026, P.S. Dadar",2026-07-03 09:59:00,OTHER,OTHER incident reported in Central Mumbai (Dadar),Central Mumbai (Dadar),True,Central Mumbai (Dadar),19.0144323513928,72.86355608413474
87317474/2024,2024-09-15 13:47:00,THEFT,THEFT incident reported in Western Suburbs (Andheri),Western Suburbs (Andheri),False,Western Suburbs (Andheri),19.1043292171106,72.8694594611167
"FIR No. 0053/2026, P.S. Andheri",2026-06-24 14:21:00,BURGLARY,BURGLARY incident reported in Western Suburbs (Andheri),Western Suburbs (Andheri),False,Western Suburbs (Andheri),19.121277180067818,72.84127608782865
"FIR No. 0251/2025, P.S. Kurla",2025-09-15 04:28:00,ROBBERY,ROBBERY incident reported in Eastern Suburbs (Kurla),Eastern Suburbs (Kurla),False,Eastern Suburbs (Kurla),19.05726510034173,72.89411734111006
"FIR No. 0038/2023, P.S. Colaba/CST",2023-12-01 02:39:00,CYBER,CYBER incident reported in South Mumbai (Colaba/CST),South Mumbai (Colaba/CST),True,South Mumbai (Colaba/CST),18.949280189112063,72.8446618326592
83353255/2025,2025-04-05 07:18:00,THEFT,THEFT incident reported in Western Suburbs (Bandra),Western Suburbs (Bandra),False,Western Suburbs (Bandra),19.07522564018707,72.83829732418944
"FIR No. 0786/2023, P.S. Dadar",2023-10-10 22:59:00,ASSAULT,ASSAULT incident reported in Central Mumbai (Dadar),Central Mumbai (Dadar),False,Central Mumbai (Dadar),19.03171105781104,72.84880782825614
89630139/2026,2026-01-25 20:34:00,THEFT,THEFT incident reported in Eastern Suburbs (Kurla),Eastern Suburbs (Kurla),True,Eastern Suburbs (Kurla),19.06320076034329,72.88473210428442
"FIR No. 0030/2025, P.S. Andheri",2025-10-26 03:38:00,THEFT,THEFT incident reported in Western Suburbs (Andheri),Western Suburbs (Andheri),False,Western Suburbs (Andheri),19.12308514514191,72.82979021433871
"FIR No. 0035/2023, P.S. Andheri",2023-03-28 12:19:00,BURGLARY,BURGLARY incident reported in Western Suburbs (Andheri),Western Suburbs (Andheri),False,Western Suburbs (Andheri),19.12818956865766,72.87445489740776
"FIR No. 0498/2024, P.S. Colaba/CST",2024-07-03 13:40:00,CYBER,CYBER incident reported in South Mumbai (Colaba/CST),South Mumbai (Colaba/CST),False,South Mumbai (Colaba/CST),18.93026016215328,72.850684763015
"FIR No. 0469/2024, P.S. Colaba/CST",2024-09-02 03:04:00,THEFT,THEFT incident reported in South Mumbai (Colaba/CST),South Mumbai (Colaba/CST),True,South Mumbai (Colaba/CST),18.93203453957165,72.8329105601561
"FIR No. 0002/2024, P.S. Kurla",2024-05-07 00:55:00,ASSAULT,ASSAULT incident reported in Eastern Suburbs (Kurla),Eastern Suburbs (Kurla),True,Eastern Suburbs (Kurla),19.08106508952778,72.89472054635927
"FIR No. 0377/2026, P.S. Colaba/CST",2026-07-20 11:18:00,THEFT,THEFT incident reported in South Mumbai (Colaba/CST),South Mumbai (Colaba/CST),False,South Mumbai (Colaba/CST),18.94071969555518,72.81493264108823
"FIR No. 0116/2026, P.S. Colaba/CST",2026-02-27 22:38:00,CYBER,CYBER incident reported in South Mumbai (Colaba/CST),South Mumbai (Colaba/CST),True,South Mumbai (Colaba/CST),18.916328155541443,72.79985576990863
"FIR No. 0332/2023, P.S. Andheri",2023-07-14 04:38:00,BURGLARY,BURGLARY incident reported in Western Suburbs (Andheri),Western Suburbs (Andheri),False,Western Suburbs (Andheri),19.13614292045976,72.83531168762097
"FIR No. 0062/2026, P.S. Dadar",2026-01-23 14:20:00,ROBBERY,ROBBERY incident reported in Central Mumbai (Dadar),Central Mumbai (Dadar),False,Central Mumbai (Dadar),19.02909660398264,72.86108788511949
"FIR No. 0532/2025, P.S. Colaba/CST",2025-10-12 08:56:00,CYBER,CYBER incident reported in South Mumbai (Colaba/CST),South Mumbai (Colaba/CST),False,South Mumbai (Colaba/CST),18.956198597299448,72.81697568500884
"FIR No. 0121/2025, P.S. Andheri",2025-05-07 18:32:00,ASSAULT,ASSAULT incident reported in Western Suburbs (Andheri),Western Suburbs (Andheri),False,Western Suburbs (Andheri),19.11799447815567,72.8485579936267
"FIR No. 0154/2026, P.S. Dadar",2026-02-12 20:39:00,THEFT,THEFT incident reported in Central Mumbai (Dadar),Central Mumbai (Dadar),False,Central Mumbai (Dadar),19.02107040087802,72.87073594009739
"FIR No. 0334/2024, P.S. Andheri",2024-03-20 07:49:00,ASSAULT,ASSAULT incident reported in Western Suburbs (Andheri),Western Suburbs (Andheri),False,Western Suburbs (Andheri),19.129112350779348,72.83945822611088
"FIR No. 0284/2023, P.S. Colaba/CST",2023-11-07 11:34:00,THEFT,THEFT incident reported in South Mumbai (Colaba/CST),South Mumbai (Colaba/CST),False,South Mumbai (Colaba/CST),18.909541498591604,72.84157508722933
"FIR No. 0263/2023, P.S. Colaba/CST",2023-03-03 03:03:00,THEFT,THEFT incident reported in South Mumbai (Colaba/CST),South Mumbai (Colaba/CST),True,South Mumbai (Colaba/CST),18.93219282533935,72.85121850800041
"FIR No. 0200/2025, P.S. Bandra",2025-10-09 13:05:00,THEFT,THEFT incident reported in Western Suburbs (Bandra),Western Suburbs (Bandra),False,Western Suburbs (Bandra),19.04633012702744,72.82595655973105
81192042/2024,2024-08-08 20:39:00,THEFT,THEFT incident reported in Western Suburbs (Bandra),Western Suburbs (Bandra),False,Western Suburbs (Bandra),19.04754327732932,72.82813427245847
"FIR No. 0138/2026, P.S. Colaba/CST",2026-06-26 07:52:00,OTHER,OTHER incident reported in South Mumbai (Colaba/CST),South Mumbai (Colaba/CST),False,South Mumbai (Colaba/CST),18.93901057229462,72.84069407738373
"FIR No. 0234/2025, P.S. Kurla",2025-07-08 10:03:00,ASSAULT,ASSAULT incident reported in Eastern Suburbs (Kurla),Eastern Suburbs (Kurla),False,Eastern Suburbs (Kurla),19.060264180673062,72.89599022353528
"FIR No. 1159/2023, P.S. Andheri",2023-12-08 15:21:00,BURGLARY,BURGLARY incident reported in Western Suburbs (Andheri),Western Suburbs (Andheri),False,Western Suburbs (Andheri),19.112868044243008,72.83760438124555
"FIR No. 0280/2023, P.S. Dadar",2023-12-10 03:16:00,ASSAULT,ASSAULT incident reported in Central Mumbai (Dadar),Central Mumbai (Dadar),False,Central Mumbai (Dadar),19.045719909403903,72.84839519771545
81541801/2026,2026-07-18 14:38:00,CYBER,CYBER incident reported in Northern Suburbs (Malad),Northern Suburbs (Malad),False,Northern Suburbs (Malad),19.189220659245272,72.86004176938057
"FIR No. 0176/2024, P.S. Colaba/CST",2024-08-11 00:26:00,ASSAULT,ASSAULT incident reported in South Mumbai (Colaba/CST),South Mumbai (Colaba/CST),True,South Mumbai (Colaba/CST),18.938650687522568,72.83670880039976
"FIR No. 0159/2024, P.S. Colaba/CST",2024-11-26 21:36:00,ROBBERY,ROBBERY incident reported in South Mumbai (Colaba/CST),South Mumbai (Colaba/CST),False,South Mumbai (Colaba/CST),18.92708690000241,72.81564428232645
88610061/2025,2025-04-09 05:28:00,BURGLARY,BURGLARY incident reported in Central Mumbai (Dadar),Central Mumbai (Dadar),False,Central Mumbai (Dadar),19.0184746686915,72.8659634871905
"FIR No. 0249/2023, P.S. Bandra",2023-03-09 03:04:00,THEFT,THEFT incident reported in Western Suburbs (Bandra),Western Suburbs (Bandra),True,Western Suburbs (Bandra),19.08707314380695,72.83489510133141
83570361/2024,2024-08-06 10:39:00,ASSAULT,ASSAULT incident reported in Western Suburbs (Andheri),Western Suburbs (Andheri),False,Western Suburbs (Andheri),19.125936997675705,72.8445558195981
83844086/2023,2023-03-01 21:15:00,BURGLARY,BURGLARY incident reported in Western Suburbs (Andheri),Western Suburbs (Andheri),False,Western Suburbs (Andheri),19.12120246370901,72.82858114423641
"FIR No. 0351/2025, P.S. Colaba/CST",2025-09-27 03:10:00,ASSAULT,ASSAULT incident reported in South Mumbai (Colaba/CST),South Mumbai (Colaba/CST),False,South Mumbai (Colaba/CST),18.91046028071947,72.83608598131799
"FIR No. 0111/2023, P.S. Kurla",2023-04-03 09:41:00,THEFT,THEFT incident reported in Eastern Suburbs (Kurla),Eastern Suburbs (Kurla),False,Eastern Suburbs (Kurla),19.069369970454023,72.89249603481011
"FIR No. 0052/2025, P.S. Kurla",2025-01-28 23:16:00,ASSAULT,ASSAULT incident reported in Eastern Suburbs (Kurla),Eastern Suburbs (Kurla),True,Eastern Suburbs (Kurla),19.063840093787853,72.8762316604839
"FIR No. 0101/2023, P.S. Dadar",2023-02-16 10:31:00,ASSAULT,ASSAULT incident reported in Central Mumbai (Dadar),Central Mumbai (Dadar),False,Central Mumbai (Dadar),19.01161472617074,72.85868257694935
86467590/2023,2023-12-19 14:48:00,THEFT,THEFT incident reported in Northern Suburbs (Malad),Northern Suburbs (Malad),False,Northern Suburbs (Malad),19.156202546368107,72.85790393579879
"FIR No. 0856/2024, P.S. Colaba/CST",2024-12-25 15:51:00,THEFT,THEFT incident reported in South Mumbai (Colaba/CST),South Mumbai (Colaba/CST),True,South Mumbai (Colaba/CST),18.942107864673147,72.80968633803013
"FIR No. 0130/2023, P.S. Dadar",2023-04-15 20:15:00,THEFT,THEFT incident reported in Central Mumbai (Dadar),Central Mumbai (Dadar),False,Central Mumbai (Dadar),19.019954438602525,72.82802023110851
"FIR No. 0111/2025, P.S. Kurla",2025-05-29 04:51:00,THEFT,THEFT incident reported in Eastern Suburbs (Kurla),Eastern Suburbs (Kurla),False,Eastern Suburbs (Kurla),19.06411575229988,72.9069116262838
"FIR No. 0031/2024, P.S. Andheri",2024-08-21 04:22:00,THEFT,THEFT incident reported in Western Suburbs (Andheri),Western Suburbs (Andheri),False,Western Suburbs (Andheri),19.103549319057464,72.84574172081719
"FIR No. 0250/2024, P.S. Dadar",2024-11-23 16:48:00,ASSAULT,ASSAULT incident reported in Central Mumbai (Dadar),Central Mumbai (Dadar),False,Central Mumbai (Dadar),18.99859482040514,72.8452578703386
"FIR No. 0053/2025, P.S. Malad",2025-02-07 14:42:00,CYBER,CYBER incident reported in Northern Suburbs (Malad),Northern Suburbs (Malad),True,Northern Suburbs (Malad),19.188142120285587,72.84305750648453
82421750/2026,2026-02-13 21:43:00,THEFT,THEFT incident reported in Western Suburbs (Bandra),Western Suburbs (Bandra),False,Western Suburbs (Bandra),19.04555465624839,72.84952535552978
"FIR No. 0034/2025, P.S. Bandra",2025-01-08 20:24:00,THEFT,THEFT incident reported in Western Suburbs (Bandra),Western Suburbs (Bandra),False,Western Suburbs (Bandra),19.055103141842324,72.84357813463913
"FIR No. 0154/2023, P.S. Kurla",2023-06-10 04:21:00,ROBBERY,ROBBERY incident reported in Eastern Suburbs (Kurla),Eastern Suburbs (Kurla),True,Eastern Suburbs (Kurla),19.08146689504043,72.881307455903
83959251/2025,2025-05-01 18:45:00,ROBBERY,ROBBERY incident reported in Central Mumbai (Dadar),Central Mumbai (Dadar),False,Central Mumbai (Dadar),19.033304849420443,72.84793147868542
"FIR No. 0030/2025, P.S. Dadar",2025-08-18 22:55:00,CYBER,CYBER incident reported in Central Mumbai (Dadar),Central Mumbai (Dadar),True,Central Mumbai (Dadar),19.01865216156894,72.8484549999678
"FIR No. 0310/2024, P.S. Colaba/CST",2024-05-13 01:49:00,THEFT,THEFT incident reported in South Mumbai (Colaba/CST),South Mumbai (Colaba/CST),False,South Mumbai (Colaba/CST),18.92063651655897,72.84702483802786
"FIR No. 0059/2025, P.S. Bandra",2025-01-02 02:42:00,ASSAULT,ASSAULT incident reported in Western Suburbs (Bandra),Western Suburbs (Bandra),False,Western Suburbs (Bandra),19.103286265407952,72.81855847590667
"FIR No. 0346/2026, P.S. Malad",2026-05-06 06:00:00,ASSAULT,ASSAULT incident reported in Northern Suburbs (Malad),Northern Suburbs (Malad),False,Northern Suburbs (Malad),19.17451622490994,72.83865276777148
"FIR No. 0436/2025, P.S. Colaba/CST",2025-10-22 23:35:00,ASSAULT,ASSAULT incident reported in South Mumbai (Colaba/CST),South Mumbai (Colaba/CST),False,South Mumbai (Colaba/CST),18.92386616340109,72.85455149645269
"FIR No. 0076/2025, P.S. Andheri",2025-03-12 15:31:00,CYBER,CYBER incident reported in Western Suburbs (Andheri),Western Suburbs (Andheri),False,Western Suburbs (Andheri),19.125344944327384,72.82902241983342
"FIR No. 0694/2023, P.S. Colaba/CST",2023-11-29 22:11:00,THEFT,THEFT incident reported in South Mumbai (Colaba/CST),South Mumbai (Colaba/CST),False,South Mumbai (Colaba/CST),18.93489173861548,72.83848937878992
"FIR No. 0005/2023, P.S. Kurla",2023-05-13 13:46:00,CYBER,CYBER incident reported in Eastern Suburbs (Kurla),Eastern Suburbs (Kurla),False,Eastern Suburbs (Kurla),19.059047955955617,72.8562804309625
"FIR No. 0078/2025, P.S. Colaba/CST",2025-01-10 22:09:00,ROBBERY,ROBBERY incident reported in South Mumbai (Colaba/CST),South Mumbai (Colaba/CST),False,South Mumbai (Colaba/CST),18.92278694851653,72.85117850681516
"FIR No. 0372/2024, P.S. Bandra",2024-05-21 09:17:00,ASSAULT,ASSAULT incident reported in Western Suburbs (Bandra),Western Suburbs (Bandra),False,Western Suburbs (Bandra),19.04143484590457,72.84736865215135
"FIR No. 0023/2025, P.S. Dadar",2025-01-10 00:13:00,THEFT,THEFT incident reported in Central Mumbai (Dadar),Central Mumbai (Dadar),False,Central Mumbai (Dadar),19.016789780133468,72.85657535553878
"FIR No. 0342/2025, P.S. Kurla",2025-04-26 23:33:00,THEFT,THEFT incident reported in Eastern Suburbs (Kurla),Eastern Suburbs (Kurla),False,Eastern Suburbs (Kurla),19.06561288449992,72.88117132226878
"FIR No. 0031/2024, P.S. Colaba/CST",2024-01-06 22:30:00,THEFT,THEFT incident reported in South Mumbai (Colaba/CST),South Mumbai (Colaba/CST),False,South Mumbai (Colaba/CST),18.953635161226856,72.85715712860203
"FIR No. 0615/2025, P.S. Dadar",2025-09-12 09:44:00,ASSAULT,ASSAULT incident reported in Central Mumbai (Dadar),Central Mumbai (Dadar),False,Central Mumbai (Dadar),19.01311930309256,72.83961786138991
"FIR No. 0070/2026, P.S. Bandra",2026-01-17 13:09:00,THEFT,THEFT incident reported in Western Suburbs (Bandra),Western Suburbs (Bandra),False,Western Suburbs (Bandra),19.068672991206416,72.80853276105087
83711377/2023,2023-01-03 23:26:00,BURGLARY,BURGLARY incident reported in South Mumbai (Colaba/CST),South Mumbai (Colaba/CST),False,South Mumbai (Colaba/CST),18.91621096198281,72.83597957716057
"FIR No. 0239/2026, P.S. Andheri",2026-03-22 03:57:00,CYBER,CYBER incident reported in Western Suburbs (Andheri),Western Suburbs (Andheri),False,Western Suburbs (Andheri),19.12292337411206,72.86402244538414
"FIR No. 0015/2024, P.S. Colaba/CST",2024-01-23 22:53:00,ASSAULT,ASSAULT incident reported in South Mumbai (Colaba/CST),South Mumbai (Colaba/CST),False,South Mumbai (Colaba/CST),18.94092664790225,72.84968163410272
"FIR No. 0084/2026, P.S. Andheri",2026-04-16 15:58:00,THEFT,THEFT incident reported in Western Suburbs (Andheri),Western Suburbs (Andheri),True,Western Suburbs (Andheri),19.11283625714864,72.81151815452253
"FIR No. 0036/2025, P.S. Andheri",2025-01-06 07:11:00,ASSAULT,ASSAULT incident reported in Western Suburbs (Andheri),Western Suburbs (Andheri),True,Western Suburbs (Andheri),19.12199667628191,72.80826948078128
"FIR No. 0505/2025, P.S. Andheri",2025-11-27 01:10:00,CYBER,CYBER incident reported in Western Suburbs (Andheri),Western Suburbs (Andheri),True,Western Suburbs (Andheri),19.11639147065281,72.84254697140409
"FIR No. 0059/2025, P.S. Bandra",2025-02-16 21:33:00,BURGLARY,BURGLARY incident reported in Western Suburbs (Bandra),Western Suburbs (Bandra),False,Western Suburbs (Bandra),19.08672865155207,72.83530854917704
"FIR No. 0153/2025, P.S. Andheri",2025-03-23 07:05:00,THEFT,THEFT incident reported in Western Suburbs (Andheri),Western Suburbs (Andheri),True,Western Suburbs (Andheri),19.099032847309594,72.85162311047704
"FIR No. 0229/2024, P.S. Colaba/CST",2024-05-29 21:15:00,THEFT,THEFT incident reported in South Mumbai (Colaba/CST),South Mumbai (Colaba/CST),True,South Mumbai (Colaba/CST),18.90975764138978,72.83105100427545
"FIR No. 0159/2023, P.S. Colaba/CST",2023-06-28 05:29:00,BURGLARY,BURGLARY incident reported in South Mumbai (Colaba/CST),South Mumbai (Colaba/CST),True,South Mumbai (Colaba/CST),18.956169195505847,72.83496765654738
82880204/2026,2026-04-10 02:28:00,ASSAULT,ASSAULT incident reported in South Mumbai (Colaba/CST),South Mumbai (Colaba/CST),False,South Mumbai (Colaba/CST),18.95127927054336,72.8239990521609
"FIR No. 0066/2024, P.S. Dadar",2024-06-19 12:06:00,THEFT,THEFT incident reported in Central Mumbai (Dadar),Central Mumbai (Dadar),True,Central Mumbai (Dadar),18.99759298247942,72.84650095225345
"FIR No. 0450/2024, P.S. Andheri",2024-10-18 02:46:00,CYBER,CYBER incident reported in Western Suburbs (Andheri),Western Suburbs (Andheri),False,Western Suburbs (Andheri),19.108870372303286,72.8459416064098
"FIR No. 0390/2023, P.S. Kurla",2023-04-10 00:19:00,THEFT,THEFT incident reported in Eastern Suburbs (Kurla),Eastern Suburbs (Kurla),False,Eastern Suburbs (Kurla),19.0706416561698,72.89818944735077
85158813/2026,2026-04-08 04:24:00,ASSAULT,ASSAULT incident reported in Northern Suburbs (Malad),Northern Suburbs (Malad),False,Northern Suburbs (Malad),19.1800271030693,72.82775300562199
82103342/2023,2023-03-28 09:32:00,BURGLARY,BURGLARY incident reported in Northern Suburbs (Malad),Northern Suburbs (Malad),False,Northern Suburbs (Malad),19.16295201887445,72.84962328465232
"FIR No. 0117/2023, P.S. Colaba/CST",2023-06-07 02:07:00,ROBBERY,ROBBERY incident reported in South Mumbai (Colaba/CST),South Mumbai (Colaba/CST),True,South Mumbai (Colaba/CST),18.93669494674864,72.79595102625129
"FIR No. 0636/2026, P.S. Bandra",2026-06-13 18:54:00,THEFT,THEFT incident reported in Western Suburbs (Bandra),Western Suburbs (Bandra),False,Western Suburbs (Bandra),19.052664024041388,72.8485679392384
84611320/2025,2025-01-26 13:09:00,THEFT,THEFT incident reported in Northern Suburbs (Malad),Northern Suburbs (Malad),True,Northern Suburbs (Malad),19.17107049735853,72.87580154827371
"FIR No. 1195/2025, P.S. Colaba/CST",2025-12-30 02:12:00,THEFT,THEFT incident reported in South Mumbai (Colaba/CST),South Mumbai (Colaba/CST),True,South Mumbai (Colaba/CST),18.94029029081796,72.79910328468414
85484286/2025,2025-07-21 16:03:00,CYBER,CYBER incident reported in Western Suburbs (Bandra),Western Suburbs (Bandra),False,Western Suburbs (Bandra),19.02183323640044,72.83486535455926
81806308/2023,2023-05-12 02:51:00,THEFT,THEFT incident reported in Western Suburbs (Bandra),Western Suburbs (Bandra),True,Western Suburbs (Bandra),19.054493630586727,72.81490341131044
"FIR No. 0077/2025, P.S. Malad",2025-06-20 11:31:00,BURGLARY,BURGLARY incident reported in Northern Suburbs (Malad),Northern Suburbs (Malad),False,Northern Suburbs (Malad),19.176958186713385,72.84579131182532
"FIR No. 0069/2023, P.S. Malad",2023-10-16 15:16:00,ROBBERY,ROBBERY incident reported in Northern Suburbs (Malad),Northern Suburbs (Malad),True,Northern Suburbs (Malad),19.172138875786263,72.84067943477098
84018616/2023,2023-11-12 20:08:00,BURGLARY,BURGLARY incident reported in Central Mumbai (Dadar),Central Mumbai (Dadar),True,Central Mumbai (Dadar),19.006987079291395,72.85771419461243
"FIR No. 0861/2025, P.S. Bandra",2025-10-04 03:45:00,CYBER,CYBER incident reported in Western Suburbs (Bandra),Western Suburbs (Bandra),False,Western Suburbs (Bandra),19.04403241686017,72.82439263698055
"FIR No. 0023/2026, P.S. Colaba/CST",2026-01-11 07:48:00,THEFT,THEFT incident reported in South Mumbai (Colaba/CST),South Mumbai (Colaba/CST),False,South Mumbai (Colaba/CST),18.91621403453767,72.84633782697267
86714670/2025,2025-01-03 01:07:00,BURGLARY,BURGLARY incident reported in Western Suburbs (Andheri),Western Suburbs (Andheri),False,Western Suburbs (Andheri),19.13151141993092,72.83903928997913
86122614/2023,2023-12-26 02:33:00,ROBBERY,ROBBERY incident reported in Western Suburbs (Andheri),Western Suburbs (Andheri),False,Western Suburbs (Andheri),19.102388117507168,72.85065524618142
"FIR No. 0002/2026, P.S. Malad",2026-02-23 13:21:00,ASSAULT,ASSAULT incident reported in Northern Suburbs (Malad),Northern Suburbs (Malad),False,Northern Suburbs (Malad),19.196404268362645,72.84699350915362
"FIR No. 0034/2026, P.S. Dadar",2026-07-03 02:10:00,THEFT,THEFT incident reported in Central Mumbai (Dadar),Central Mumbai (Dadar),False,Central Mumbai (Dadar),19.01392218258271,72.86961617460894
"FIR No. 0496/2024, P.S. Dadar",2024-11-13 01:00:00,ROBBERY,ROBBERY incident reported in Central Mumbai (Dadar),Central Mumbai (Dadar),False,Central Mumbai (Dadar),19.032241558418185,72.87455782045699
"FIR No. 0031/2024, P.S. Andheri",2024-03-13 17:36:00,THEFT,THEFT incident reported in Western Suburbs (Andheri),Western Suburbs (Andheri),False,Western Suburbs (Andheri),19.09571184679783,72.83980720497549
89887561/2023,2023-01-29 06:02:00,CYBER,CYBER incident reported in Western Suburbs (Andheri),Western Suburbs (Andheri),False,Western Suburbs (Andheri),19.129521195723623,72.82823541214448
"FIR No. 0056/2023, P.S. Bandra",2023-02-05 07:11:00,THEFT,THEFT incident reported in Western Suburbs (Bandra),Western Suburbs (Bandra),False,Western Suburbs (Bandra),19.04778228668829,72.84344943331516
"FIR No. 0122/2023, P.S. Colaba/CST",2023-09-08 21:59:00,ASSAULT,ASSAULT incident reported in South Mumbai (Colaba/CST),South Mumbai (Colaba/CST),True,South Mumbai (Colaba/CST),18.91095761719048,72.84751199289376
"FIR No. 0444/2024, P.S. Kurla",2024-12-14 05:53:00,THEFT,THEFT incident reported in Eastern Suburbs (Kurla),Eastern Suburbs (Kurla),False,Eastern Suburbs (Kurla),19.042323011970723,72.8764609315526
"FIR No. 0193/2024, P.S. Colaba/CST",2024-03-07 18:01:00,THEFT,THEFT incident reported in South Mumbai (Colaba/CST),South Mumbai (Colaba/CST),False,South Mumbai (Colaba/CST),18.95713004334306,72.8213494553047
83415330/2025,2025-06-08 06:54:00,ASSAULT,ASSAULT incident reported in Western Suburbs (Bandra),Western Suburbs (Bandra),False,Western Suburbs (Bandra),19.066311736327226,72.8249208618711
80863065/2026,2026-02-04 14:13:00,THEFT,THEFT incident reported in South Mumbai (Colaba/CST),South Mumbai (Colaba/CST),False,South Mumbai (Colaba/CST),18.954128537629902,72.8439664438895
"FIR No. 0119/2024, P.S. Bandra",2024-12-26 19:00:00,THEFT,THEFT incident reported in Western Suburbs (Bandra),Western Suburbs (Bandra),False,Western Suburbs (Bandra),19.06462976385134,72.82111862006577
83914351/2024,2024-12-20 09:55:00,THEFT,THEFT incident reported in Western Suburbs (Bandra),Western Suburbs (Bandra),False,Western Suburbs (Bandra),19.07157036622276,72.83134311438847
"FIR No. 0288/2025, P.S. Colaba/CST",2025-06-15 11:49:00,THEFT,THEFT incident reported in South Mumbai (Colaba/CST),South Mumbai (Colaba/CST),False,South Mumbai (Colaba/CST),18.93117131915429,72.81780421152378
"FIR No. 0067/2026, P.S. Colaba/CST",2026-04-19 02:17:00,CYBER,CYBER incident reported in South Mumbai (Colaba/CST),South Mumbai (Colaba/CST),True,South Mumbai (Colaba/CST),18.925416237783605,72.8270560289214
85657745/2024,2024-09-07 13:11:00,THEFT,THEFT incident reported in Central Mumbai (Dadar),Central Mumbai (Dadar),False,Central Mumbai (Dadar),19.00988946025489,72.83825364357533
"FIR No. 0007/2023, P.S. Colaba/CST",2023-03-18 20:04:00,THEFT,THEFT incident reported in South Mumbai (Colaba/CST),South Mumbai (Colaba/CST),False,South Mumbai (Colaba/CST),18.934343455959315,72.82412984172416
"FIR No. 0106/2023, P.S. Dadar",2023-03-13 07:04:00,BURGLARY,BURGLARY incident reported in Central Mumbai (Dadar),Central Mumbai (Dadar),False,Central Mumbai (Dadar),19.034741234102498,72.84483592672983
80220603/2025,2025-05-07 04:35:00,THEFT,THEFT incident reported in Western Suburbs (Andheri),Western Suburbs (Andheri),False,Western Suburbs (Andheri),19.123176446240628,72.84584914525888
82212957/2024,2024-07-10 15:43:00,OTHER,OTHER incident reported in Western Suburbs (Andheri),Western Suburbs (Andheri),True,Western Suburbs (Andheri),19.127193458186305,72.87307467742286
"FIR No. 0100/2026, P.S. Colaba/CST",2026-02-02 16:00:00,THEFT,THEFT incident reported in South Mumbai (Colaba/CST),South Mumbai (Colaba/CST),False,South Mumbai (Colaba/CST),18.94263132157893,72.84188875557307
"FIR No. 0165/2025, P.S. Andheri",2025-09-12 07:03:00,BURGLARY,BURGLARY incident reported in Western Suburbs (Andheri),Western Suburbs (Andheri),False,Western Suburbs (Andheri),19.135866083813927,72.84644174632255
"FIR No. 0325/2024, P.S. Andheri",2024-05-06 07:01:00,BURGLARY,BURGLARY incident reported in Western Suburbs (Andheri),Western Suburbs (Andheri),False,Western Suburbs (Andheri),19.126420276023502,72.86156336641001
"FIR No. 0262/2025, P.S. Malad",2025-08-26 07:23:00,ASSAULT,ASSAULT incident reported in Northern Suburbs (Malad),Northern Suburbs (Malad),False,Northern Suburbs (Malad),19.161867104286816,72.84193294110233
"FIR No. 0067/2023, P.S. Colaba/CST",2023-02-03 03:28:00,ROBBERY,ROBBERY incident reported in South Mumbai (Colaba/CST),South Mumbai (Colaba/CST),False,South Mumbai (Colaba/CST),18.934620006719545,72.85924055392047
"FIR No. 0146/2026, P.S. Kurla",2026-08-12 19:22:00,THEFT,THEFT incident reported in Eastern Suburbs (Kurla),Eastern Suburbs (Kurla),False,Eastern Suburbs (Kurla),19.07311480406396,72.87582689423627
88989553/2024,2024-07-13 10:21:00,ROBBERY,ROBBERY incident reported in Eastern Suburbs (Kurla),Eastern Suburbs (Kurla),False,Eastern Suburbs (Kurla),19.06980664358553,72.8781294616918
"FIR No. 0007/2024, P.S. Dadar",2024-01-15 09:20:00,OTHER,OTHER incident reported in Central Mumbai (Dadar),Central Mumbai (Dadar),True,Central Mumbai (Dadar),19.005403713558263,72.82073201535562
"FIR No. 0280/2023, P.S. Dadar",2023-07-30 23:48:00,ROBBERY,ROBBERY incident reported in Central Mumbai (Dadar),Central Mumbai (Dadar),False,Central Mumbai (Dadar),19.002203415339967,72.82033591819192
86203118/2024,2024-06-04 13:01:00,ASSAULT,ASSAULT incident reported in South Mumbai (Colaba/CST),South Mumbai (Colaba/CST),False,South Mumbai (Colaba/CST),18.91041542782,72.80416040783886
"FIR No. 0503/2023, P.S. Kurla",2023-11-05 19:44:00,THEFT,THEFT incident reported in Eastern Suburbs (Kurla),Eastern Suburbs (Kurla),True,Eastern Suburbs (Kurla),19.0818113931733,72.87674423030302
"FIR No. 0318/2026, P.S. Andheri",2026-05-27 22:05:00,ASSAULT,ASSAULT incident reported in Western Suburbs (Andheri),Western Suburbs (Andheri),False,Western Suburbs (Andheri),19.108066341414784,72.87027868077628
"FIR No. 0292/2026, P.S. Colaba/CST",2026-06-15 18:03:00,THEFT,THEFT incident reported in South Mumbai (Colaba/CST),South Mumbai (Colaba/CST),True,South Mumbai (Colaba/CST),18.92496260749306,72.82832668321845
"FIR No. 0528/2025, P.S. Andheri",2025-08-03 09:48:00,THEFT,THEFT incident reported in Western Suburbs (Andheri),Western Suburbs (Andheri),False,Western Suburbs (Andheri),19.112860041484844,72.8463019845776
"FIR No. 0008/2023, P.S. Kurla",2023-03-31 11:31:00,ROBBERY,ROBBERY incident reported in Eastern Suburbs (Kurla),Eastern Suburbs (Kurla),False,Eastern Suburbs (Kurla),19.09142396531555,72.87054287369602
"FIR No. 0041/2023, P.S. Colaba/CST",2023-04-29 19:40:00,ASSAULT,ASSAULT incident reported in South Mumbai (Colaba/CST),South Mumbai (Colaba/CST),False,South Mumbai (Colaba/CST),18.94670804890728,72.82999540873146
87612310/2024,2024-12-19 06:03:00,ASSAULT,ASSAULT incident reported in Western Suburbs (Andheri),Western Suburbs (Andheri),False,Western Suburbs (Andheri),19.12993399346252,72.84854938032703
"FIR No. 0346/2023, P.S. Colaba/CST",2023-09-11 11:50:00,THEFT,THEFT incident reported in South Mumbai (Colaba/CST),South Mumbai (Colaba/CST),False,South Mumbai (Colaba/CST),18.94514865294732,72.82769319796154
"FIR No. 0214/2025, P.S. Andheri",2025-10-10 07:14:00,OTHER,OTHER incident reported in Western Suburbs (Andheri),Western Suburbs (Andheri),False,Western Suburbs (Andheri),19.100789530309584,72.87546299461367
86017221/2023,2023-01-29 05:13:00,CYBER,CYBER incident reported in Western Suburbs (Bandra),Western Suburbs (Bandra),False,Western Suburbs (Bandra),19.064267189036304,72.84009806423596
"FIR No. 0052/2025, P.S. Bandra",2025-01-11 01:44:00,THEFT,THEFT incident reported in Western Suburbs (Bandra),Western Suburbs (Bandra),True,Western Suburbs (Bandra),19.07186876029174,72.83247692602217
"FIR No. 0015/2025, P.S. Colaba/CST",2025-06-07 04:37:00,THEFT,THEFT incident reported in South Mumbai (Colaba/CST),South Mumbai (Colaba/CST),True,South Mumbai (Colaba/CST),18.91173864146933,72.83138175705658
88064350/2024,2024-08-20 15:27:00,ASSAULT,ASSAULT incident reported in Eastern Suburbs (Kurla),Eastern Suburbs (Kurla),False,Eastern Suburbs (Kurla),19.0924909348934,72.87279144178564
"FIR No. 0379/2024, P.S. Colaba/CST",2024-10-02 09:05:00,BURGLARY,BURGLARY incident reported in South Mumbai (Colaba/CST),South Mumbai (Colaba/CST),False,South Mumbai (Colaba/CST),18.933599125262667,72.83484051079854
89280089/2023,2023-01-08 20:16:00,CYBER,CYBER incident reported in Northern Suburbs (Malad),Northern Suburbs (Malad),True,Northern Suburbs (Malad),19.18128165325531,72.84506304438375
84859838/2026,2026-08-04 12:15:00,CYBER,CYBER incident reported in Western Suburbs (Bandra),Western Suburbs (Bandra),False,Western Suburbs (Bandra),19.069794650105475,72.84899385237038
"FIR No. 0524/2023, P.S. Colaba/CST",2023-10-19 20:32:00,THEFT,THEFT incident reported in South Mumbai (Colaba/CST),South Mumbai (Colaba/CST),True,South Mumbai (Colaba/CST),18.94288485669888,72.82485490671743
88015509/2025,2025-11-15 01:13:00,OTHER,OTHER incident reported in Western Suburbs (Bandra),Western Suburbs (Bandra),False,Western Suburbs (Bandra),19.051040366129616,72.82474339342741
"FIR No. 0779/2025, P.S. Kurla",2025-11-19 08:20:00,THEFT,THEFT incident reported in Eastern Suburbs (Kurla),Eastern Suburbs (Kurla),False,Eastern Suburbs (Kurla),19.053623430215133,72.87280302478244
"FIR No. 0149/2026, P.S. Andheri",2026-04-08 20:01:00,ASSAULT,ASSAULT incident reported in Western Suburbs (Andheri),Western Suburbs (Andheri),False,Western Suburbs (Andheri),19.13121519893976,72.82870191232224
"FIR No. 0064/2025, P.S. Malad",2025-08-03 09:55:00,ASSAULT,ASSAULT incident reported in Northern Suburbs (Malad),Northern Suburbs (Malad),True,Northern Suburbs (Malad),19.16822509290545,72.85920375862926
"FIR No. 0286/2025, P.S. Colaba/CST",2025-12-16 16:46:00,THEFT,THEFT incident reported in South Mumbai (Colaba/CST),South Mumbai (Colaba/CST),True,South Mumbai (Colaba/CST),18.93426351994249,72.82578133361059
"FIR No. 0243/2024, P.S. Bandra",2024-04-05 22:35:00,THEFT,THEFT incident reported in Western Suburbs (Bandra),Western Suburbs (Bandra),False,Western Suburbs (Bandra),19.043613884583024,72.82599861250303
"FIR No. 0971/2023, P.S. Bandra",2023-12-03 02:29:00,BURGLARY,BURGLARY incident reported in Western Suburbs (Bandra),Western Suburbs (Bandra),False,Western Suburbs (Bandra),19.0857242438784,72.83299950955382
"FIR No. 0069/2024, P.S. Dadar",2024-03-12 05:24:00,CYBER,CYBER incident reported in Central Mumbai (Dadar),Central Mumbai (Dadar),True,Central Mumbai (Dadar),19.038923805478515,72.86274485529191
"FIR No. 0026/2023, P.S. Bandra",2023-08-29 03:47:00,THEFT,THEFT incident reported in Western Suburbs (Bandra),Western Suburbs (Bandra),False,Western Suburbs (Bandra),19.06339945145988,72.85582611808603
"FIR No. 0195/2023, P.S. Bandra",2023-02-18 20:26:00,BURGLARY,BURGLARY incident reported in Western Suburbs (Bandra),Western Suburbs (Bandra),False,Western Suburbs (Bandra),19.08856409751792,72.82745898039194
"FIR No. 0151/2026, P.S. Bandra",2026-03-25 22:23:00,ASSAULT,ASSAULT incident reported in Western Suburbs (Bandra),Western Suburbs (Bandra),True,Western Suburbs (Bandra),19.06110196916202,72.85380806131339
"FIR No. 0161/2026, P.S. Dadar",2026-03-16 14:19:00,ASSAULT,ASSAULT incident reported in Central Mumbai (Dadar),Central Mumbai (Dadar),True,Central Mumbai (Dadar),19.01975581048473,72.86180609378955
88644452/2024,2024-10-09 05:39:00,BURGLARY,BURGLARY incident reported in Northern Suburbs (Malad),Northern Suburbs (Malad),False,Northern Suburbs (Malad),19.18264129998916,72.85232529235468
83181439/2023,2023-12-19 00:35:00,THEFT,THEFT incident reported in Western Suburbs (Andheri),Western Suburbs (Andheri),True,Western Suburbs (Andheri),19.12156581533993,72.8256994620814
"FIR No. 0413/2023, P.S. Colaba/CST",2023-05-14 22:33:00,ASSAULT,ASSAULT incident reported in South Mumbai (Colaba/CST),South Mumbai (Colaba/CST),True,South Mumbai (Colaba/CST),18.94053399940996,72.8419751026415
"FIR No. 0086/2023, P.S. Bandra",2023-03-01 05:05:00,THEFT,THEFT incident reported in Western Suburbs (Bandra),Western Suburbs (Bandra),True,Western Suburbs (Bandra),19.074676146922307,72.82832045885587
87500387/2026,2026-03-14 17:59:00,ASSAULT,ASSAULT incident reported in Central Mumbai (Dadar),Central Mumbai (Dadar),False,Central Mumbai (Dadar),19.011294610063462,72.85291667208635
"FIR No. 0670/2025, P.S. Bandra",2025-09-25 00:02:00,THEFT,THEFT incident reported in Western Suburbs (Bandra),Western Suburbs (Bandra),False,Western Suburbs (Bandra),19.03933447482998,72.84114077792314
"FIR No. 0089/2024, P.S. Andheri",2024-02-04 16:03:00,ASSAULT,ASSAULT incident reported in Western Suburbs (Andheri),Western Suburbs (Andheri),False,Western Suburbs (Andheri),19.113650808399427,72.851683065246
86556194/2025,2025-01-01 15:41:00,ASSAULT,ASSAULT incident reported in Eastern Suburbs (Kurla),Eastern Suburbs (Kurla),False,Eastern Suburbs (Kurla),19.083559624656424,72.87390591652392
"FIR No. 0004/2025, P.S. Kurla",2025-10-24 14:59:00,THEFT,THEFT incident reported in Eastern Suburbs (Kurla),Eastern Suburbs (Kurla),False,Eastern Suburbs (Kurla),19.06347034111845,72.90197494036553
82081389/2025,2025-02-26 17:01:00,ASSAULT,ASSAULT incident reported in Western Suburbs (Andheri),Western Suburbs (Andheri),False,Western Suburbs (Andheri),19.12330446992491,72.8408945712546
"FIR No. 0092/2024, P.S. Colaba/CST",2024-05-14 08:20:00,BURGLARY,BURGLARY incident reported in South Mumbai (Colaba/CST),South Mumbai (Colaba/CST),True,South Mumbai (Colaba/CST),18.908351352415423,72.83040325893397
"FIR No. 0711/2024, P.S. Malad",2024-10-08 08:43:00,ASSAULT,ASSAULT incident reported in Northern Suburbs (Malad),Northern Suburbs (Malad),True,Northern Suburbs (Malad),19.20610207368678,72.84811556045618
"FIR No. 0069/2023, P.S. Colaba/CST",2023-09-24 10:09:00,THEFT,THEFT incident reported in South Mumbai (Colaba/CST),South Mumbai (Colaba/CST),False,South Mumbai (Colaba/CST),18.93508488221945,72.82757276853118
82203114/2025,2025-11-03 07:55:00,THEFT,THEFT incident reported in South Mumbai (Colaba/CST),South Mumbai (Colaba/CST),True,South Mumbai (Colaba/CST),18.91708420550926,72.82954116911824
"FIR No. 0425/2023, P.S. Kurla",2023-09-04 13:36:00,THEFT,THEFT incident reported in Eastern Suburbs (Kurla),Eastern Suburbs (Kurla),True,Eastern Suburbs (Kurla),19.08278307193588,72.86755598314984
"FIR No. 0234/2026, P.S. Andheri",2026-02-20 01:48:00,ASSAULT,ASSAULT incident reported in Western Suburbs (Andheri),Western Suburbs (Andheri),False,Western Suburbs (Andheri),19.10719942715836,72.83600236517894
"FIR No. 0483/2025, P.S. Malad",2025-07-22 23:56:00,THEFT,THEFT incident reported in Northern Suburbs (Malad),Northern Suburbs (Malad),False,Northern Suburbs (Malad),19.19711725800712,72.84988325927368
"FIR No. 0232/2026, P.S. Andheri",2026-07-14 22:16:00,THEFT,THEFT incident reported in Western Suburbs (Andheri),Western Suburbs (Andheri),True,Western Suburbs (Andheri),19.12319914472309,72.84240544724162
"FIR No. 0507/2024, P.S. Kurla",2024-05-05 14:20:00,ROBBERY,ROBBERY incident reported in Eastern Suburbs (Kurla),Eastern Suburbs (Kurla),False,Eastern Suburbs (Kurla),19.059799145967983,72.89661120766925
"FIR No. 1078/2024, P.S. Malad",2024-12-12 15:24:00,CYBER,CYBER incident reported in Northern Suburbs (Malad),Northern Suburbs (Malad),True,Northern Suburbs (Malad),19.19126632064258,72.84693812928052
83791984/2026,2026-03-04 20:58:00,ASSAULT,ASSAULT incident reported in Western Suburbs (Bandra),Western Suburbs (Bandra),False,Western Suburbs (Bandra),19.04954542424681,72.8506409546537
"FIR No. 0249/2023, P.S. Kurla",2023-05-12 00:58:00,CYBER,CYBER incident reported in Eastern Suburbs (Kurla),Eastern Suburbs (Kurla),False,Eastern Suburbs (Kurla),19.06474126035817,72.91603384822191
"FIR No. 0314/2026, P.S. Malad",2026-04-07 13:50:00,ASSAULT,ASSAULT incident reported in Northern Suburbs (Malad),Northern Suburbs (Malad),False,Northern Suburbs (Malad),19.16477743114776,72.86094300143752
"FIR No. 0027/2024, P.S. Dadar",2024-10-02 23:41:00,BURGLARY,BURGLARY incident reported in Central Mumbai (Dadar),Central Mumbai (Dadar),False,Central Mumbai (Dadar),19.028272549452044,72.82660608990405
"FIR No. 0077/2023, P.S. Dadar",2023-12-03 23:31:00,ASSAULT,ASSAULT incident reported in Central Mumbai (Dadar),Central Mumbai (Dadar),True,Central Mumbai (Dadar),19.004293843465742,72.86175147434105
"FIR No. 0067/2026, P.S. Kurla",2026-02-04 10:09:00,ASSAULT,ASSAULT incident reported in Eastern Suburbs (Kurla),Eastern Suburbs (Kurla),False,Eastern Suburbs (Kurla),19.042498556532443,72.89071446349273
"FIR No. 0394/2026, P.S. Kurla",2026-07-30 11:12:00,THEFT,THEFT incident reported in Eastern Suburbs (Kurla),Eastern Suburbs (Kurla),True,Eastern Suburbs (Kurla),19.063053904022336,72.86371522753927
"FIR No. 0374/2025, P.S. Kurla",2025-05-19 03:33:00,CYBER,CYBER incident reported in Eastern Suburbs (Kurla),Eastern Suburbs (Kurla),False,Eastern Suburbs (Kurla),19.07093980338789,72.86908175080434
"FIR No. 0522/2024, P.S. Kurla",2024-08-28 07:47:00,THEFT,THEFT incident reported in Eastern Suburbs (Kurla),Eastern Suburbs (Kurla),False,Eastern Suburbs (Kurla),19.08390811829396,72.88345179934586
"FIR No. 0136/2026, P.S. Dadar",2026-02-19 00:20:00,THEFT,THEFT incident reported in Central Mumbai (Dadar),Central Mumbai (Dadar),False,Central Mumbai (Dadar),19.01564721233666,72.84949989386142
"FIR No. 0314/2025, P.S. Bandra",2025-05-23 19:48:00,THEFT,THEFT incident reported in Western Suburbs (Bandra),Western Suburbs (Bandra),False,Western Suburbs (Bandra),19.054890088051504,72.82604088249023
"FIR No. 0050/2026, P.S. Bandra",2026-02-25 23:54:00,ASSAULT,ASSAULT incident reported in Western Suburbs (Bandra),Western Suburbs (Bandra),False,Western Suburbs (Bandra),19.07695340473757,72.84644501313093
"FIR No. 0172/2025, P.S. Bandra",2025-09-05 22:02:00,THEFT,THEFT incident reported in Western Suburbs (Bandra),Western Suburbs (Bandra),False,Western Suburbs (Bandra),19.07251063984757,72.84303773098951
"FIR No. 0489/2024, P.S. Dadar",2024-08-10 04:14:00,THEFT,THEFT incident reported in Central Mumbai (Dadar),Central Mumbai (Dadar),True,Central Mumbai (Dadar),18.98804833113057,72.87115540609656
"FIR No. 0492/2025, P.S. Colaba/CST",2025-06-21 18:35:00,OTHER,OTHER incident reported in South Mumbai (Colaba/CST),South Mumbai (Colaba/CST),False,South Mumbai (Colaba/CST),18.94476758077946,72.84613534736953
"FIR No. 0660/2025, P.S. Colaba/CST",2025-11-20 23:12:00,CYBER,CYBER incident reported in South Mumbai (Colaba/CST),South Mumbai (Colaba/CST),False,South Mumbai (Colaba/CST),18.955368045028003,72.83906141033187
"FIR No. 0399/2026, P.S. Dadar",2026-07-23 10:09:00,THEFT,THEFT incident reported in Central Mumbai (Dadar),Central Mumbai (Dadar),False,Central Mumbai (Dadar),19.037415352850623,72.84876005554918
"FIR No. 0402/2023, P.S. Bandra",2023-09-19 21:46:00,THEFT,THEFT incident reported in Western Suburbs (Bandra),Western Suburbs (Bandra),False,Western Suburbs (Bandra),19.083600921625656,72.82202119533137
"FIR No. 0318/2024, P.S. Andheri",2024-12-03 01:13:00,ASSAULT,ASSAULT incident reported in Western Suburbs (Andheri),Western Suburbs (Andheri),False,Western Suburbs (Andheri),19.12902190016722,72.81770938099547
"FIR No. 0145/2023, P.S. Colaba/CST",2023-07-23 05:15:00,THEFT,THEFT incident reported in South Mumbai (Colaba/CST),South Mumbai (Colaba/CST),False,South Mumbai (Colaba/CST),18.922979686025453,72.86545597922047
"FIR No. 0652/2026, P.S. Dadar",2026-07-22 04:17:00,BURGLARY,BURGLARY incident reported in Central Mumbai (Dadar),Central Mumbai (Dadar),False,Central Mumbai (Dadar),18.994380064723497,72.83846590066861
"FIR No. 0377/2023, P.S. Andheri",2023-06-05 12:18:00,THEFT,THEFT incident reported in Western Suburbs (Andheri),Western Suburbs (Andheri),False,Western Suburbs (Andheri),19.099656427147497,72.8380719253744
88283520/2025,2025-04-24 02:10:00,ASSAULT,ASSAULT incident reported in South Mumbai (Colaba/CST),South Mumbai (Colaba/CST),True,South Mumbai (Colaba/CST),18.92002708529328,72.81743030317317
"FIR No. 0906/2023, P.S. Bandra",2023-11-26 16:48:00,ROBBERY,ROBBERY incident reported in Western Suburbs (Bandra),Western Suburbs (Bandra),False,Western Suburbs (Bandra),19.044301155239832,72.84448097131079
82966677/2026,2026-03-14 05:24:00,ASSAULT,ASSAULT incident reported in Western Suburbs (Andheri),Western Suburbs (Andheri),False,Western Suburbs (Andheri),19.09904964128498,72.83506050440322
83545383/2025,2025-05-02 22:01:00,THEFT,THEFT incident reported in Eastern Suburbs (Kurla),Eastern Suburbs (Kurla),False,Eastern Suburbs (Kurla),19.05950402975879,72.86010971451549
"FIR No. 0015/2025, P.S. Dadar",2025-01-22 16:41:00,THEFT,THEFT incident reported in Central Mumbai (Dadar),Central Mumbai (Dadar),False,Central Mumbai (Dadar),19.02235376681984,72.86448458219495
"FIR No. 0023/2023, P.S. Bandra",2023-05-27 19:05:00,ASSAULT,ASSAULT incident reported in Western Suburbs (Bandra),Western Suburbs (Bandra),True,Western Suburbs (Bandra),19.06978112730216,72.81927075874995
"FIR No. 0487/2025, P.S. Bandra",2025-07-22 19:21:00,ROBBERY,ROBBERY incident reported in Western Suburbs (Bandra),Western Suburbs (Bandra),True,Western Suburbs (Bandra),19.07200940123067,72.83997912847184
"FIR No. 0190/2024, P.S. Colaba/CST",2024-05-10 20:54:00,ROBBERY,ROBBERY incident reported in South Mumbai (Colaba/CST),South Mumbai (Colaba/CST),False,South Mumbai (Colaba/CST),18.91745443801099,72.83388513902385
"FIR No. 0304/2025, P.S. Kurla",2025-09-19 11:55:00,ROBBERY,ROBBERY incident reported in Eastern Suburbs (Kurla),Eastern Suburbs (Kurla),False,Eastern Suburbs (Kurla),19.06104787579318,72.8641937923083
"FIR No. 1113/2025, P.S. Colaba/CST",2025-11-26 22:45:00,ASSAULT,ASSAULT incident reported in South Mumbai (Colaba/CST),South Mumbai (Colaba/CST),False,South Mumbai (Colaba/CST),18.95626067183028,72.83347373301247
"FIR No. 0199/2025, P.S. Dadar",2025-03-03 17:23:00,ROBBERY,ROBBERY incident reported in Central Mumbai (Dadar),Central Mumbai (Dadar),False,Central Mumbai (Dadar),19.0126666668224,72.86211059386547
"FIR No. 0237/2023, P.S. Kurla",2023-03-25 22:17:00,THEFT,THEFT incident reported in Eastern Suburbs (Kurla),Eastern Suburbs (Kurla),False,Eastern Suburbs (Kurla),19.08363040921488,72.88813913036637
"FIR No. 0468/2023, P.S. Bandra",2023-10-12 12:29:00,ASSAULT,ASSAULT incident reported in Western Suburbs (Bandra),Western Suburbs (Bandra),False,Western Suburbs (Bandra),19.041674264911048,72.85375158304319
"FIR No. 0326/2026, P.S. Colaba/CST",2026-05-21 19:56:00,ROBBERY,ROBBERY incident reported in South Mumbai (Colaba/CST),South Mumbai (Colaba/CST),True,South Mumbai (Colaba/CST),18.94064909066681,72.8296747458122
"FIR No. 0647/2025, P.S. Bandra",2025-12-16 20:14:00,ROBBERY,ROBBERY incident reported in Western Suburbs (Bandra),Western Suburbs (Bandra),False,Western Suburbs (Bandra),19.05932134764648,72.8682378330271
86315027/2026,2026-07-26 01:16:00,BURGLARY,BURGLARY incident reported in Eastern Suburbs (Kurla),Eastern Suburbs (Kurla),False,Eastern Suburbs (Kurla),19.05128896080539,72.86448425342854
"FIR No. 1151/2025, P.S. Malad",2025-12-06 01:31:00,THEFT,THEFT incident reported in Northern Suburbs (Malad),Northern Suburbs (Malad),True,Northern Suburbs (Malad),19.218743230590164,72.87300899288897
83539161/2025,2025-12-19 20:36:00,ROBBERY,ROBBERY incident reported in South Mumbai (Colaba/CST),South Mumbai (Colaba/CST),False,South Mumbai (Colaba/CST),18.9266405612756,72.8221728444706
"FIR No. 0072/2026, P.S. Kurla",2026-02-14 00:09:00,OTHER,OTHER incident reported in Eastern Suburbs (Kurla),Eastern Suburbs (Kurla),False,Eastern Suburbs (Kurla),19.07187918023067,72.89960277021196
"FIR No. 0042/2026, P.S. Colaba/CST",2026-02-13 19:34:00,ASSAULT,ASSAULT incident reported in South Mumbai (Colaba/CST),South Mumbai (Colaba/CST),False,South Mumbai (Colaba/CST),18.93139657628812,72.82661817103843
"FIR No. 0066/2025, P.S. Bandra",2025-03-08 03:51:00,BURGLARY,BURGLARY incident reported in Western Suburbs (Bandra),Western Suburbs (Bandra),False,Western Suburbs (Bandra),19.05229117740408,72.86163678100947
"FIR No. 0074/2026, P.S. Kurla",2026-02-02 15:06:00,THEFT,THEFT incident reported in Eastern Suburbs (Kurla),Eastern Suburbs (Kurla),False,Eastern Suburbs (Kurla),19.066035623132187,72.86626884954435
88795172/2024,2024-02-22 05:25:00,ASSAULT,ASSAULT incident reported in Central Mumbai (Dadar),Central Mumbai (Dadar),False,Central Mumbai (Dadar),19.03065297037482,72.84923965349812
"FIR No. 0586/2025, P.S. Malad",2025-07-27 09:49:00,ROBBERY,ROBBERY incident reported in Northern Suburbs (Malad),Northern Suburbs (Malad),False,Northern Suburbs (Malad),19.210439445081377,72.84172636958017
"FIR No. 0086/2023, P.S. Malad",2023-12-10 04:06:00,ROBBERY,ROBBERY incident reported in Northern Suburbs (Malad),Northern Suburbs (Malad),False,Northern Suburbs (Malad),19.18013738717728,72.86138793094031
87753911/2024,2024-12-22 01:41:00,THEFT,THEFT incident reported in Western Suburbs (Bandra),Western Suburbs (Bandra),False,Western Suburbs (Bandra),19.03656377332929,72.8166674080405
"FIR No. 0657/2023, P.S. Dadar",2023-11-14 08:53:00,THEFT,THEFT incident reported in Central Mumbai (Dadar),Central Mumbai (Dadar),False,Central Mumbai (Dadar),19.004477993341084,72.82219818297969
"FIR No. 0959/2025, P.S. Andheri",2025-11-16 14:00:00,THEFT,THEFT incident reported in Western Suburbs (Andheri),Western Suburbs (Andheri),True,Western Suburbs (Andheri),19.11257684998701,72.8589856951058
"FIR No. 0131/2026, P.S. Kurla",2026-07-29 00:23:00,ASSAULT,ASSAULT incident reported in Eastern Suburbs (Kurla),Eastern Suburbs (Kurla),False,Eastern Suburbs (Kurla),19.072400567736064,72.87578980764088
"FIR No. 0170/2023, P.S. Malad",2023-03-21 07:32:00,THEFT,THEFT incident reported in Northern Suburbs (Malad),Northern Suburbs (Malad),True,Northern Suburbs (Malad),19.17763109050558,72.86167120138337
"FIR No. 0661/2023, P.S. Colaba/CST",2023-08-05 09:09:00,THEFT,THEFT incident reported in South Mumbai (Colaba/CST),South Mumbai (Colaba/CST),False,South Mumbai (Colaba/CST),18.917511432104305,72.82067173336976
"FIR No. 0200/2023, P.S. Kurla",2023-06-12 21:12:00,THEFT,THEFT incident reported in Eastern Suburbs (Kurla),Eastern Suburbs (Kurla),False,Eastern Suburbs (Kurla),19.08254808584221,72.87710975757646
"FIR No. 0167/2024, P.S. Andheri",2024-07-12 12:32:00,ASSAULT,ASSAULT incident reported in Western Suburbs (Andheri),Western Suburbs (Andheri),True,Western Suburbs (Andheri),19.11105910612917,72.871639380099
80325746/2023,2023-01-31 15:49:00,OTHER,OTHER incident reported in Northern Suburbs (Malad),Northern Suburbs (Malad),True,Northern Suburbs (Malad),19.169038080903785,72.83718718454216
"FIR No. 0121/2025, P.S. Kurla",2025-02-07 21:29:00,THEFT,THEFT incident reported in Eastern Suburbs (Kurla),Eastern Suburbs (Kurla),False,Eastern Suburbs (Kurla),19.073478962707,72.8619118515787
"FIR No. 0092/2023, P.S. Bandra",2023-02-19 03:41:00,THEFT,THEFT incident reported in Western Suburbs (Bandra),Western Suburbs (Bandra),False,Western Suburbs (Bandra),19.076463794434755,72.80821900302405
"FIR No. 0778/2024, P.S. Colaba/CST",2024-09-17 20:59:00,BURGLARY,BURGLARY incident reported in South Mumbai (Colaba/CST),South Mumbai (Colaba/CST),False,South Mumbai (Colaba/CST),18.92452084719029,72.82395994980581
"FIR No. 0178/2025, P.S. Bandra",2025-09-10 03:44:00,ASSAULT,ASSAULT incident reported in Western Suburbs (Bandra),Western Suburbs (Bandra),True,Western Suburbs (Bandra),19.04025582736932,72.81617035526631
"FIR No. 0041/2025, P.S. Bandra",2025-01-24 20:20:00,BURGLARY,BURGLARY incident reported in Western Suburbs (Bandra),Western Suburbs (Bandra),False,Western Suburbs (Bandra),19.0613406739913,72.8574745201673
"FIR No. 0140/2026, P.S. Andheri",2026-04-18 15:54:00,THEFT,THEFT incident reported in Western Suburbs (Andheri),Western Suburbs (Andheri),True,Western Suburbs (Andheri),19.09681035458004,72.86078657206971
"FIR No. 0226/2024, P.S. Bandra",2024-05-17 16:43:00,ASSAULT,ASSAULT incident reported in Western Suburbs (Bandra),Western Suburbs (Bandra),False,Western Suburbs (Bandra),19.072358379517127,72.81327463091678
"FIR No. 0287/2024, P.S. Andheri",2024-08-03 01:28:00,THEFT,THEFT incident reported in Western Suburbs (Andheri),Western Suburbs (Andheri),False,Western Suburbs (Andheri),19.124820702190988,72.86613490453094
"FIR No. 0044/2025, P.S. Bandra",2025-07-12 04:55:00,THEFT,THEFT incident reported in Western Suburbs (Bandra),Western Suburbs (Bandra),False,Western Suburbs (Bandra),19.05051347442306,72.8379321935239
"FIR No. 0380/2024, P.S. Colaba/CST",2024-07-17 06:53:00,ASSAULT,ASSAULT incident reported in South Mumbai (Colaba/CST),South Mumbai (Colaba/CST),False,South Mumbai (Colaba/CST),18.943136884266952,72.82711763061832
88690732/2025,2025-02-17 00:58:00,BURGLARY,BURGLARY incident reported in South Mumbai (Colaba/CST),South Mumbai (Colaba/CST),False,South Mumbai (Colaba/CST),18.934308758628774,72.81160768909359
85057308/2023,2023-03-09 00:08:00,OTHER,OTHER incident reported in Western Suburbs (Andheri),Western Suburbs (Andheri),False,Western Suburbs (Andheri),19.11366790457548,72.83313224238105
"FIR No. 0869/2024, P.S. Colaba/CST",2024-10-20 09:12:00,THEFT,THEFT incident reported in South Mumbai (Colaba/CST),South Mumbai (Colaba/CST),True,South Mumbai (Colaba/CST),18.95035668913556,72.80087148814205
"FIR No. 0296/2026, P.S. Malad",2026-05-13 21:55:00,THEFT,THEFT incident reported in Northern Suburbs (Malad),Northern Suburbs (Malad),False,Northern Suburbs (Malad),19.16979580083547,72.84270889554224
"FIR No. 0134/2024, P.S. Colaba/CST",2024-02-08 15:11:00,ASSAULT,ASSAULT incident reported in South Mumbai (Colaba/CST),South Mumbai (Colaba/CST),False,South Mumbai (Colaba/CST),18.948950895179298,72.84174527360354
"FIR No. 0271/2023, P.S. Dadar",2023-08-08 12:18:00,BURGLARY,BURGLARY incident reported in Central Mumbai (Dadar),Central Mumbai (Dadar),False,Central Mumbai (Dadar),19.00263483230525,72.85899850926246
"FIR No. 0067/2025, P.S. Bandra",2025-03-06 01:06:00,ROBBERY,ROBBERY incident reported in Western Suburbs (Bandra),Western Suburbs (Bandra),True,Western Suburbs (Bandra),19.06813761383799,72.8226449490963
"FIR No. 0063/2026, P.S. Dadar",2026-08-05 22:45:00,THEFT,THEFT incident reported in Central Mumbai (Dadar),Central Mumbai (Dadar),True,Central Mumbai (Dadar),19.03153393170021,72.8409616902879
"FIR No. 0017/2024, P.S. Kurla",2024-04-12 07:34:00,THEFT,THEFT incident reported in Eastern Suburbs (Kurla),Eastern Suburbs (Kurla),False,Eastern Suburbs (Kurla),19.067716101364645,72.88682979673945
"FIR No. 0310/2026, P.S. Colaba/CST",2026-04-05 10:56:00,ASSAULT,ASSAULT incident reported in South Mumbai (Colaba/CST),South Mumbai (Colaba/CST),False,South Mumbai (Colaba/CST),18.93870818650437,72.85976600799641
"FIR No. 0065/2024, P.S. Dadar",2024-01-19 03:01:00,ASSAULT,ASSAULT incident reported in Central Mumbai (Dadar),Central Mumbai (Dadar),False,Central Mumbai (Dadar),19.035828321445702,72.864374528085
"FIR No. 0143/2024, P.S. Dadar",2024-11-19 13:46:00,BURGLARY,BURGLARY incident reported in Central Mumbai (Dadar),Central Mumbai (Dadar),False,Central Mumbai (Dadar),19.04427007481057,72.83981990780867
86952235/2025,2025-04-23 22:08:00,THEFT,THEFT incident reported in South Mumbai (Colaba/CST),South Mumbai (Colaba/CST),False,South Mumbai (Colaba/CST),18.932968081506825,72.83107579517896
"FIR No. 0465/2025, P.S. Andheri",2025-12-28 02:24:00,BURGLARY,BURGLARY incident reported in Western Suburbs (Andheri),Western Suburbs (Andheri),False,Western Suburbs (Andheri),19.09338642008101,72.8383239247657
"FIR No. 0597/2024, P.S. Bandra",2024-08-08 19:25:00,ASSAULT,ASSAULT incident reported in Western Suburbs (Bandra),Western Suburbs (Bandra),True,Western Suburbs (Bandra),19.05820180923612,72.84242757539565
"FIR No. 0038/2026, P.S. Colaba/CST",2026-01-24 07:46:00,THEFT,THEFT incident reported in South Mumbai (Colaba/CST),South Mumbai (Colaba/CST),False,South Mumbai (Colaba/CST),18.95280416523068,72.85306927526729
81287107/2024,2024-03-12 12:51:00,ROBBERY,ROBBERY incident reported in Western Suburbs (Andheri),Western Suburbs (Andheri),False,Western Suburbs (Andheri),19.11042715414425,72.82929421270101
"FIR No. 0356/2024, P.S. Bandra",2024-11-11 00:44:00,THEFT,THEFT incident reported in Western Suburbs (Bandra),Western Suburbs (Bandra),True,Western Suburbs (Bandra),19.07468064404388,72.84561123403934
80559197/2025,2025-01-23 22:55:00,THEFT,THEFT incident reported in South Mumbai (Colaba/CST),South Mumbai (Colaba/CST),False,South Mumbai (Colaba/CST),18.913059511925645,72.85135256696464
"FIR No. 0176/2023, P.S. Colaba/CST",2023-04-09 10:59:00,CYBER,CYBER incident reported in South Mumbai (Colaba/CST),South Mumbai (Colaba/CST),False,South Mumbai (Colaba/CST),18.930373900917832,72.8153250532588
"FIR No. 0587/2026, P.S. Andheri",2026-06-06 02:53:00,BURGLARY,BURGLARY incident reported in Western Suburbs (Andheri),Western Suburbs (Andheri),True,Western Suburbs (Andheri),19.10548427222111,72.84629141095316
"FIR No. 0072/2023, P.S. Colaba/CST",2023-01-30 09:56:00,THEFT,THEFT incident reported in South Mumbai (Colaba/CST),South Mumbai (Colaba/CST),False,South Mumbai (Colaba/CST),18.94956079401426,72.8326841199754
"FIR No. 1322/2025, P.S. Bandra",2025-12-07 14:39:00,THEFT,THEFT incident reported in Western Suburbs (Bandra),Western Suburbs (Bandra),False,Western Suburbs (Bandra),19.08651534003105,72.83734505206019
"FIR No. 0236/2025, P.S. Bandra",2025-04-25 15:08:00,THEFT,THEFT incident reported in Western Suburbs (Bandra),Western Suburbs (Bandra),False,Western Suburbs (Bandra),19.07458531490955,72.80384676734815
"FIR No. 0181/2026, P.S. Bandra",2026-05-25 23:19:00,OTHER,OTHER incident reported in Western Suburbs (Bandra),Western Suburbs (Bandra),False,Western Suburbs (Bandra),19.06936360206373,72.80995282605593
"FIR No. 0072/2024, P.S. Kurla",2024-01-04 15:49:00,CYBER,CYBER incident reported in Eastern Suburbs (Kurla),Eastern Suburbs (Kurla),False,Eastern Suburbs (Kurla),19.0829954500593,72.86859781015403
89613598/2025,2025-07-10 18:01:00,OTHER,OTHER incident reported in Western Suburbs (Andheri),Western Suburbs (Andheri),False,Western Suburbs (Andheri),19.12599745898782,72.86998425258813
"FIR No. 0276/2025, P.S. Bandra",2025-05-05 14:04:00,THEFT,THEFT incident reported in Western Suburbs (Bandra),Western Suburbs (Bandra),False,Western Suburbs (Bandra),19.07238223983345,72.81996014860097
"FIR No. 0318/2023, P.S. Andheri",2023-04-20 22:49:00,BURGLARY,BURGLARY incident reported in Western Suburbs (Andheri),Western Suburbs (Andheri),False,Western Suburbs (Andheri),19.12007776148421,72.85508433982899
"FIR No. 0816/2024, P.S. Andheri",2024-10-27 18:40:00,ASSAULT,ASSAULT incident reported in Western Suburbs (Andheri),Western Suburbs (Andheri),True,Western Suburbs (Andheri),19.111794580968454,72.85299526829414
"FIR No. 0316/2023, P.S. Bandra",2023-09-30 18:03:00,CYBER,CYBER incident reported in Western Suburbs (Bandra),Western Suburbs (Bandra),False,Western Suburbs (Bandra),19.060793512570022,72.86371193175151
"FIR No. 0408/2023, P.S. Andheri",2023-10-01 22:20:00,BURGLARY,BURGLARY incident reported in Western Suburbs (Andheri),Western Suburbs (Andheri),False,Western Suburbs (Andheri),19.123005413574376,72.85767647292111
"FIR No. 0281/2024, P.S. Bandra",2024-05-23 00:22:00,CYBER,CYBER incident reported in Western Suburbs (Bandra),Western Suburbs (Bandra),False,Western Suburbs (Bandra),19.079923898110888,72.8393255224607
"FIR No. 0033/2023, P.S. Dadar",2023-11-29 20:23:00,ASSAULT,ASSAULT incident reported in Central Mumbai (Dadar),Central Mumbai (Dadar),False,Central Mumbai (Dadar),19.019174839444315,72.82950416369967
81165598/2023,2023-12-11 15:03:00,ASSAULT,ASSAULT incident reported in Central Mumbai (Dadar),Central Mumbai (Dadar),False,Central Mumbai (Dadar),18.992207354866505,72.85517913847954
"FIR No. 0225/2024, P.S. Bandra",2024-06-14 16:29:00,BURGLARY,BURGLARY incident reported in Western Suburbs (Bandra),Western Suburbs (Bandra),False,Western Suburbs (Bandra),19.03058677467508,72.85207947139769
"FIR No. 0045/2024, P.S. Bandra",2024-04-29 16:27:00,THEFT,THEFT incident reported in Western Suburbs (Bandra),Western Suburbs (Bandra),True,Western Suburbs (Bandra),19.081804101691088,72.86108784238863
"FIR No. 0018/2025, P.S. Bandra",2025-01-23 22:43:00,THEFT,THEFT incident reported in Western Suburbs (Bandra),Western Suburbs (Bandra),False,Western Suburbs (Bandra),19.069971253902608,72.848827387615
85889673/2024,2024-08-30 02:39:00,THEFT,THEFT incident reported in South Mumbai (Colaba/CST),South Mumbai (Colaba/CST),False,South Mumbai (Colaba/CST),18.950483308510314,72.79278299119444
"FIR No. 0093/2023, P.S. Bandra",2023-05-03 00:22:00,THEFT,THEFT incident reported in Western Suburbs (Bandra),Western Suburbs (Bandra),True,Western Suburbs (Bandra),19.076029089581823,72.83809315190238
"FIR No. 0424/2025, P.S. Dadar",2025-06-15 15:16:00,ROBBERY,ROBBERY incident reported in Central Mumbai (Dadar),Central Mumbai (Dadar),False,Central Mumbai (Dadar),19.00551236938989,72.82688555824326
81865808/2025,2025-04-16 07:01:00,THEFT,THEFT incident reported in South Mumbai (Colaba/CST),South Mumbai (Colaba/CST),True,South Mumbai (Colaba/CST),18.94566398454469,72.81273403884036
"FIR No. 0027/2023, P.S. Dadar",2023-04-02 10:04:00,BURGLARY,BURGLARY incident reported in Central Mumbai (Dadar),Central Mumbai (Dadar),False,Central Mumbai (Dadar),19.02500944586066,72.83179984424325
"FIR No. 0110/2026, P.S. Andheri",2026-01-15 22:51:00,THEFT,THEFT incident reported in Western Suburbs (Andheri),Western Suburbs (Andheri),False,Western Suburbs (Andheri),19.10336268594443,72.84225633852103
"FIR No. 0148/2026, P.S. Kurla",2026-03-24 01:57:00,BURGLARY,BURGLARY incident reported in Eastern Suburbs (Kurla),Eastern Suburbs (Kurla),True,Eastern Suburbs (Kurla),19.08271554920715,72.8933503249547
88921354/2023,2023-10-14 02:03:00,BURGLARY,BURGLARY incident reported in Western Suburbs (Bandra),Western Suburbs (Bandra),False,Western Suburbs (Bandra),19.06088725287964,72.8549803048252
"FIR No. 0700/2024, P.S. Andheri",2024-07-01 06:54:00,ROBBERY,ROBBERY incident reported in Western Suburbs (Andheri),Western Suburbs (Andheri),True,Western Suburbs (Andheri),19.116905605169777,72.84499696523267
"FIR No. 0312/2024, P.S. Andheri",2024-08-25 19:15:00,OTHER,OTHER incident reported in Western Suburbs (Andheri),Western Suburbs (Andheri),False,Western Suburbs (Andheri),19.10048505724782,72.82135069875157
"FIR No. 0005/2024, P.S. Kurla",2024-03-28 04:18:00,ASSAULT,ASSAULT incident reported in Eastern Suburbs (Kurla),Eastern Suburbs (Kurla),False,Eastern Suburbs (Kurla),19.06093512686367,72.89164866385303
"FIR No. 0284/2025, P.S. Colaba/CST",2025-09-01 02:01:00,THEFT,THEFT incident reported in South Mumbai (Colaba/CST),South Mumbai (Colaba/CST),True,South Mumbai (Colaba/CST),18.96915217345689,72.82771137817407
"FIR No. 0089/2024, P.S. Malad",2024-02-08 08:17:00,OTHER,OTHER incident reported in Northern Suburbs (Malad),Northern Suburbs (Malad),True,Northern Suburbs (Malad),19.174383334456035,72.84434839272518
"FIR No. 0161/2025, P.S. Bandra",2025-03-28 19:36:00,ASSAULT,ASSAULT incident reported in Western Suburbs (Bandra),Western Suburbs (Bandra),False,Western Suburbs (Bandra),19.04469195163061,72.85101174250335
81855106/2024,2024-04-19 10:42:00,ROBBERY,ROBBERY incident reported in Western Suburbs (Andheri),Western Suburbs (Andheri),False,Western Suburbs (Andheri),19.12430871725089,72.86953431895243
"FIR No. 0160/2026, P.S. Colaba/CST",2026-08-17 17:02:00,ROBBERY,ROBBERY incident reported in South Mumbai (Colaba/CST),South Mumbai (Colaba/CST),False,South Mumbai (Colaba/CST),18.94158936768669,72.80507723946104
"FIR No. 0178/2026, P.S. Andheri",2026-06-02 12:19:00,ROBBERY,ROBBERY incident reported in Western Suburbs (Andheri),Western Suburbs (Andheri),False,Western Suburbs (Andheri),19.13314177831681,72.86531127637114
"FIR No. 0403/2024, P.S. Andheri",2024-10-17 21:40:00,ROBBERY,ROBBERY incident reported in Western Suburbs (Andheri),Western Suburbs (Andheri),False,Western Suburbs (Andheri),19.10190959409401,72.84832147076436
87733637/2024,2024-08-04 20:33:00,THEFT,THEFT incident reported in Central Mumbai (Dadar),Central Mumbai (Dadar),False,Central Mumbai (Dadar),19.02344295417841,72.82136478424802
81799006/2025,2025-01-20 16:46:00,THEFT,THEFT incident reported in South Mumbai (Colaba/CST),South Mumbai (Colaba/CST),False,South Mumbai (Colaba/CST),18.935569883728053,72.83870613401366
86124480/2023,2023-10-26 03:51:00,BURGLARY,BURGLARY incident reported in Western Suburbs (Andheri),Western Suburbs (Andheri),False,Western Suburbs (Andheri),19.09861425332158,72.83661770130034
"FIR No. 0022/2026, P.S. Colaba/CST",2026-04-30 02:48:00,BURGLARY,BURGLARY incident reported in South Mumbai (Colaba/CST),South Mumbai (Colaba/CST),True,South Mumbai (Colaba/CST),18.926062015767503,72.82705644924926
"FIR No. 0153/2025, P.S. Kurla",2025-05-17 03:11:00,OTHER,OTHER incident reported in Eastern Suburbs (Kurla),Eastern Suburbs (Kurla),False,Eastern Suburbs (Kurla),19.06806177677453,72.91123836811654
"FIR No. 0352/2024, P.S. Colaba/CST",2024-05-29 07:23:00,ASSAULT,ASSAULT incident reported in South Mumbai (Colaba/CST),South Mumbai (Colaba/CST),False,South Mumbai (Colaba/CST),18.93038927546424,72.82615517231251
"FIR No. 0120/2023, P.S. Kurla",2023-05-14 11:55:00,THEFT,THEFT incident reported in Eastern Suburbs (Kurla),Eastern Suburbs (Kurla),False,Eastern Suburbs (Kurla),19.07553207255617,72.88556106524105
"FIR No. 0072/2024, P.S. Bandra",2024-02-16 20:26:00,BURGLARY,BURGLARY incident reported in Western Suburbs (Bandra),Western Suburbs (Bandra),False,Western Suburbs (Bandra),19.04940979032865,72.8397287111791
"FIR No. 0090/2024, P.S. Kurla",2024-09-20 15:14:00,CYBER,CYBER incident reported in Eastern Suburbs (Kurla),Eastern Suburbs (Kurla),True,Eastern Suburbs (Kurla),19.08239182646386,72.9061553772137
"FIR No. 0172/2023, P.S. Kurla",2023-03-27 16:03:00,CYBER,CYBER incident reported in Eastern Suburbs (Kurla),Eastern Suburbs (Kurla),False,Eastern Suburbs (Kurla),19.0906475443894,72.88021296925137
82758932/2025,2025-12-13 06:56:00,BURGLARY,BURGLARY incident reported in Central Mumbai (Dadar),Central Mumbai (Dadar),False,Central Mumbai (Dadar),19.03412629130564,72.83578591543761
"FIR No. 0174/2025, P.S. Andheri",2025-05-28 17:15:00,ROBBERY,ROBBERY incident reported in Western Suburbs (Andheri),Western Suburbs (Andheri),False,Western Suburbs (Andheri),19.11631923622029,72.86261963652223
"FIR No. 0033/2024, P.S. Bandra",2024-06-23 15:59:00,CYBER,CYBER incident reported in Western Suburbs (Bandra),Western Suburbs (Bandra),True,Western Suburbs (Bandra),19.080701832170675,72.84307032152086
84878197/2024,2024-01-11 10:46:00,ASSAULT,ASSAULT incident reported in Northern Suburbs (Malad),Northern Suburbs (Malad),False,Northern Suburbs (Malad),19.17288090679879,72.84233819210709
"FIR No. 0066/2024, P.S. Colaba/CST",2024-02-05 12:38:00,ASSAULT,ASSAULT incident reported in South Mumbai (Colaba/CST),South Mumbai (Colaba/CST),False,South Mumbai (Colaba/CST),18.94752312133314,72.83038400683867
"FIR No. 0426/2026, P.S. Andheri",2026-04-21 15:03:00,ROBBERY,ROBBERY incident reported in Western Suburbs (Andheri),Western Suburbs (Andheri),False,Western Suburbs (Andheri),19.12916931822855,72.84974059626502
"FIR No. 0044/2026, P.S. Colaba/CST",2026-07-22 13:22:00,OTHER,OTHER incident reported in South Mumbai (Colaba/CST),South Mumbai (Colaba/CST),True,South Mumbai (Colaba/CST),18.931316806975147,72.855373724654
"FIR No. 0057/2023, P.S. Malad",2023-05-08 17:35:00,THEFT,THEFT incident reported in Northern Suburbs (Malad),Northern Suburbs (Malad),False,Northern Suburbs (Malad),19.18905865708416,72.82245829429455
"FIR No. 0434/2025, P.S. Colaba/CST",2025-09-20 13:09:00,ASSAULT,ASSAULT incident reported in South Mumbai (Colaba/CST),South Mumbai (Colaba/CST),True,South Mumbai (Colaba/CST),18.9147476036474,72.81174457926424
"FIR No. 0003/2026, P.S. Andheri",2026-02-17 04:25:00,OTHER,OTHER incident reported in Western Suburbs (Andheri),Western Suburbs (Andheri),False,Western Suburbs (Andheri),19.12214272688563,72.83373746971232
85286542/2024,2024-02-04 22:41:00,ASSAULT,ASSAULT incident reported in Northern Suburbs (Malad),Northern Suburbs (Malad),False,Northern Suburbs (Malad),19.167384360304712,72.82673928056737
87011892/2023,2023-09-22 11:52:00,ASSAULT,ASSAULT incident reported in Eastern Suburbs (Kurla),Eastern Suburbs (Kurla),True,Eastern Suburbs (Kurla),19.094055888523148,72.88986678037588
"FIR No. 0518/2023, P.S. Andheri",2023-08-22 04:07:00,ASSAULT,ASSAULT incident reported in Western Suburbs (Andheri),Western Suburbs (Andheri),False,Western Suburbs (Andheri),19.106134878945465,72.83379627766571
81445896/2023,2023-03-24 08:43:00,ROBBERY,ROBBERY incident reported in Western Suburbs (Bandra),Western Suburbs (Bandra),False,Western Suburbs (Bandra),19.07073665828325,72.84541565403286
"FIR No. 0748/2023, P.S. Bandra",2023-12-20 01:18:00,THEFT,THEFT incident reported in Western Suburbs (Bandra),Western Suburbs (Bandra),False,Western Suburbs (Bandra),19.04832267388212,72.8294516958296
"FIR No. 0498/2023, P.S. Bandra",2023-11-20 03:53:00,THEFT,THEFT incident reported in Western Suburbs (Bandra),Western Suburbs (Bandra),False,Western Suburbs (Bandra),19.09240443948073,72.85512555681757
"FIR No. 1153/2023, P.S. Kurla",2023-12-18 07:09:00,ROBBERY,ROBBERY incident reported in Eastern Suburbs (Kurla),Eastern Suburbs (Kurla),False,Eastern Suburbs (Kurla),19.06851668239624,72.9074115997377
"FIR No. 0223/2025, P.S. Andheri",2025-10-13 20:38:00,CYBER,CYBER incident reported in Western Suburbs (Andheri),Western Suburbs (Andheri),False,Western Suburbs (Andheri),19.141022177802142,72.86145072557396
"FIR No. 0101/2026, P.S. Andheri",2026-07-01 17:10:00,CYBER,CYBER incident reported in Western Suburbs (Andheri),Western Suburbs (Andheri),False,Western Suburbs (Andheri),19.12927589890581,72.84059526726166
"FIR No. 0049/2024, P.S. Colaba/CST",2024-02-16 08:26:00,THEFT,THEFT incident reported in South Mumbai (Colaba/CST),South Mumbai (Colaba/CST),True,South Mumbai (Colaba/CST),18.94920817023617,72.85112480702499
85774447/2024,2024-07-07 22:06:00,CYBER,CYBER incident reported in Western Suburbs (Andheri),Western Suburbs (Andheri),True,Western Suburbs (Andheri),19.086740772666875,72.86911527367215
80471739/2025,2025-09-14 02:41:00,THEFT,THEFT incident reported in Western Suburbs (Bandra),Western Suburbs (Bandra),False,Western Suburbs (Bandra),19.06619896579439,72.85072181378375
"FIR No. 0034/2023, P.S. Dadar",2023-01-24 00:08:00,ASSAULT,ASSAULT incident reported in Central Mumbai (Dadar),Central Mumbai (Dadar),False,Central Mumbai (Dadar),19.00235858805917,72.84987524612197
88715260/2024,2024-11-03 10:11:00,ASSAULT,ASSAULT incident reported in Northern Suburbs (Malad),Northern Suburbs (Malad),False,Northern Suburbs (Malad),19.16086664566888,72.86839633821904
81967258/2023,2023-06-29 05:51:00,THEFT,THEFT incident reported in South Mumbai (Colaba/CST),South Mumbai (Colaba/CST),False,South Mumbai (Colaba/CST),18.934172219503825,72.84065194473374
"FIR No. 0114/2024, P.S. Andheri",2024-05-16 01:30:00,THEFT,THEFT incident reported in Western Suburbs (Andheri),Western Suburbs (Andheri),False,Western Suburbs (Andheri),19.10490540326434,72.85378959086114
"FIR No. 0275/2023, P.S. Malad",2023-04-30 06:26:00,ASSAULT,ASSAULT incident reported in Northern Suburbs (Malad),Northern Suburbs (Malad),True,Northern Suburbs (Malad),19.18005425242504,72.86432887732012
82667421/2026,2026-01-17 06:10:00,ROBBERY,ROBBERY incident reported in Western Suburbs (Andheri),Western Suburbs (Andheri),True,Western Suburbs (Andheri),19.14088778908984,72.84286234593745
"FIR No. 0238/2026, P.S. Malad",2026-05-27 09:56:00,THEFT,THEFT incident reported in Northern Suburbs (Malad),Northern Suburbs (Malad),False,Northern Suburbs (Malad),19.195183787924424,72.86249853645639
"FIR No. 0225/2024, P.S. Colaba/CST",2024-03-24 23:33:00,THEFT,THEFT incident reported in South Mumbai (Colaba/CST),South Mumbai (Colaba/CST),False,South Mumbai (Colaba/CST),18.92520252815796,72.84217241600365
86078990/2023,2023-09-16 00:13:00,ASSAULT,ASSAULT incident reported in Central Mumbai (Dadar),Central Mumbai (Dadar),True,Central Mumbai (Dadar),19.01391658645711,72.82336853008289
"FIR No. 0090/2025, P.S. Dadar",2025-05-24 04:07:00,CYBER,CYBER incident reported in Central Mumbai (Dadar),Central Mumbai (Dadar),False,Central Mumbai (Dadar),19.01170741951889,72.84649581891601
"FIR No. 1005/2024, P.S. Colaba/CST",2024-12-28 10:41:00,THEFT,THEFT incident reported in South Mumbai (Colaba/CST),South Mumbai (Colaba/CST),False,South Mumbai (Colaba/CST),18.928687572126297,72.8454621703457
"FIR No. 0111/2023, P.S. Bandra",2023-03-19 07:24:00,THEFT,THEFT incident reported in Western Suburbs (Bandra),Western Suburbs (Bandra),False,Western Suburbs (Bandra),19.05933523000612,72.8242104454124
"FIR No. 0586/2024, P.S. Kurla",2024-09-05 23:51:00,ASSAULT,ASSAULT incident reported in Eastern Suburbs (Kurla),Eastern Suburbs (Kurla),True,Eastern Suburbs (Kurla),19.080814465434447,72.86298054736922
89607641/2025,2025-01-04 19:13:00,ASSAULT,ASSAULT incident reported in Northern Suburbs (Malad),Northern Suburbs (Malad),False,Northern Suburbs (Malad),19.14700973479104,72.84039468136424
"FIR No. 0326/2025, P.S. Bandra",2025-05-12 18:07:00,CYBER,CYBER incident reported in Western Suburbs (Bandra),Western Suburbs (Bandra),True,Western Suburbs (Bandra),19.05284226934384,72.82481387033532
"FIR No. 0317/2024, P.S. Colaba/CST",2024-06-13 04:02:00,ROBBERY,ROBBERY incident reported in South Mumbai (Colaba/CST),South Mumbai (Colaba/CST),True,South Mumbai (Colaba/CST),18.93570969164641,72.83463188887673
"FIR No. 0080/2024, P.S. Malad",2024-04-03 08:42:00,THEFT,THEFT incident reported in Northern Suburbs (Malad),Northern Suburbs (Malad),False,Northern Suburbs (Malad),19.18042962285866,72.86322512092309
"FIR No. 0563/2025, P.S. Dadar",2025-12-15 04:18:00,ROBBERY,ROBBERY incident reported in Central Mumbai (Dadar),Central Mumbai (Dadar),False,Central Mumbai (Dadar),19.00849160354215,72.83381856152414
84321669/2026,2026-07-03 10:09:00,THEFT,THEFT incident reported in Western Suburbs (Bandra),Western Suburbs (Bandra),False,Western Suburbs (Bandra),19.01474502789172,72.82412175297009
"FIR No. 0087/2024, P.S. Colaba/CST",2024-02-08 06:08:00,CYBER,CYBER incident reported in South Mumbai (Colaba/CST),South Mumbai (Colaba/CST),False,South Mumbai (Colaba/CST),18.945864996688456,72.8303533206154
"FIR No. 0022/2025, P.S. Malad",2025-02-19 23:03:00,ASSAULT,ASSAULT incident reported in Northern Suburbs (Malad),Northern Suburbs (Malad),False,Northern Suburbs (Malad),19.16503004049692,72.85970221579962
"FIR No. 0035/2024, P.S. Malad",2024-01-09 21:30:00,BURGLARY,BURGLARY incident reported in Northern Suburbs (Malad),Northern Suburbs (Malad),False,Northern Suburbs (Malad),19.172985786159938,72.82949525813994
"FIR No. 0044/2024, P.S. Colaba/CST",2024-01-26 16:15:00,THEFT,THEFT incident reported in South Mumbai (Colaba/CST),South Mumbai (Colaba/CST),False,South Mumbai (Colaba/CST),18.93270753809053,72.81296541366352
"FIR No. 0361/2026, P.S. Colaba/CST",2026-06-18 22:22:00,THEFT,THEFT incident reported in South Mumbai (Colaba/CST),South Mumbai (Colaba/CST),False,South Mumbai (Colaba/CST),18.93486184879364,72.84757089393025
"FIR No. 0281/2025, P.S. Bandra",2025-08-11 07:34:00,THEFT,THEFT incident reported in Western Suburbs (Bandra),Western Suburbs (Bandra),False,Western Suburbs (Bandra),19.074210602212418,72.81706535119628
"FIR No. 1029/2023, P.S. Malad",2023-11-03 08:58:00,OTHER,OTHER incident reported in Northern Suburbs (Malad),Northern Suburbs (Malad),True,Northern Suburbs (Malad),19.18770777313822,72.84810282976002
"FIR No. 0176/2025, P.S. Colaba/CST",2025-04-17 19:38:00,THEFT,THEFT incident reported in South Mumbai (Colaba/CST),South Mumbai (Colaba/CST),False,South Mumbai (Colaba/CST),18.928994488193585,72.83174521947875
"FIR No. 0372/2026, P.S. Colaba/CST",2026-05-14 04:56:00,ROBBERY,ROBBERY incident reported in South Mumbai (Colaba/CST),South Mumbai (Colaba/CST),True,South Mumbai (Colaba/CST),18.916355217046547,72.85187832888941
"FIR No. 0495/2024, P.S. Colaba/CST",2024-06-17 07:51:00,BURGLARY,BURGLARY incident reported in South Mumbai (Colaba/CST),South Mumbai (Colaba/CST),False,South Mumbai (Colaba/CST),18.91938844401245,72.81298159295885
"FIR No. 0562/2023, P.S. Colaba/CST",2023-08-11 02:08:00,ROBBERY,ROBBERY incident reported in South Mumbai (Colaba/CST),South Mumbai (Colaba/CST),False,South Mumbai (Colaba/CST),18.93407232386549,72.83356699623415
"FIR No. 0127/2023, P.S. Kurla",2023-02-22 13:04:00,OTHER,OTHER incident reported in Eastern Suburbs (Kurla),Eastern Suburbs (Kurla),False,Eastern Suburbs (Kurla),19.08827830245332,72.86631726373369
81597570/2026,2026-06-10 11:22:00,OTHER,OTHER incident reported in Western Suburbs (Bandra),Western Suburbs (Bandra),False,Western Suburbs (Bandra),19.069165503814308,72.84039273880946
"FIR No. 0008/2023, P.S. Dadar",2023-03-09 22:40:00,BURGLARY,BURGLARY incident reported in Central Mumbai (Dadar),Central Mumbai (Dadar),False,Central Mumbai (Dadar),19.02496621238259,72.84190769668626
"FIR No. 0130/2023, P.S. Andheri",2023-02-25 14:27:00,THEFT,THEFT incident reported in Western Suburbs (Andheri),Western Suburbs (Andheri),True,Western Suburbs (Andheri),19.143530006824506,72.84656009787604
"FIR No. 0227/2026, P.S. Malad",2026-04-01 14:23:00,BURGLARY,BURGLARY incident reported in Northern Suburbs (Malad),Northern Suburbs (Malad),True,Northern Suburbs (Malad),19.16613901971311,72.81833681131411
86463609/2023,2023-03-30 21:18:00,BURGLARY,BURGLARY incident reported in Western Suburbs (Bandra),Western Suburbs (Bandra),False,Western Suburbs (Bandra),19.05332559130825,72.81732996028951
"FIR No. 0177/2023, P.S. Colaba/CST",2023-04-08 21:32:00,CYBER,CYBER incident reported in South Mumbai (Colaba/CST),South Mumbai (Colaba/CST),False,South Mumbai (Colaba/CST),18.948675270860203,72.83392715721403
81665272/2026,2026-05-28 07:51:00,ASSAULT,ASSAULT incident reported in Eastern Suburbs (Kurla),Eastern Suburbs (Kurla),True,Eastern Suburbs (Kurla),19.07096324620274,72.8633349228028
"FIR No. 0794/2025, P.S. Kurla",2025-10-19 17:34:00,ROBBERY,ROBBERY incident reported in Eastern Suburbs (Kurla),Eastern Suburbs (Kurla),False,Eastern Suburbs (Kurla),19.075883745906737,72.86511056893998
"FIR No. 0692/2025, P.S. Bandra",2025-12-07 09:43:00,THEFT,THEFT incident reported in Western Suburbs (Bandra),Western Suburbs (Bandra),False,Western Suburbs (Bandra),19.0556368462942,72.83982693003254
"FIR No. 0615/2024, P.S. Bandra",2024-10-10 14:33:00,BURGLARY,BURGLARY incident reported in Western Suburbs (Bandra),Western Suburbs (Bandra),False,Western Suburbs (Bandra),19.058885053373803,72.81392229943532
83012200/2026,2026-06-05 04:00:00,BURGLARY,BURGLARY incident reported in Western Suburbs (Andheri),Western Suburbs (Andheri),True,Western Suburbs (Andheri),19.10695342070883,72.85380302113893
"FIR No. 0099/2023, P.S. Colaba/CST",2023-12-03 02:52:00,OTHER,OTHER incident reported in South Mumbai (Colaba/CST),South Mumbai (Colaba/CST),False,South Mumbai (Colaba/CST),18.918210409661903,72.8422982866454
88724600/2025,2025-03-29 08:24:00,THEFT,THEFT incident reported in Northern Suburbs (Malad),Northern Suburbs (Malad),False,Northern Suburbs (Malad),19.17926212104668,72.86062951144537
"FIR No. 0119/2024, P.S. Andheri",2024-03-17 00:17:00,OTHER,OTHER incident reported in Western Suburbs (Andheri),Western Suburbs (Andheri),False,Western Suburbs (Andheri),19.13593903870469,72.83381004119875
81265783/2024,2024-01-19 20:18:00,THEFT,THEFT incident reported in South Mumbai (Colaba/CST),South Mumbai (Colaba/CST),True,South Mumbai (Colaba/CST),18.941600995132607,72.7995510781895
80202654/2024,2024-06-09 18:39:00,THEFT,THEFT incident reported in Western Suburbs (Andheri),Western Suburbs (Andheri),True,Western Suburbs (Andheri),19.10898512013196,72.8455162817586
"FIR No. 0212/2023, P.S. Malad",2023-09-08 13:45:00,THEFT,THEFT incident reported in Northern Suburbs (Malad),Northern Suburbs (Malad),False,Northern Suburbs (Malad),19.184199023570795,72.83733403225159
"FIR No. 0222/2025, P.S. Colaba/CST",2025-06-03 03:42:00,CYBER,CYBER incident reported in South Mumbai (Colaba/CST),South Mumbai (Colaba/CST),False,South Mumbai (Colaba/CST),18.93150145141688,72.8517014912013
"FIR No. 0708/2023, P.S. Bandra",2023-12-06 10:35:00,THEFT,THEFT incident reported in Western Suburbs (Bandra),Western Suburbs (Bandra),False,Western Suburbs (Bandra),19.052027195861346,72.83029884279865
"FIR No. 0114/2025, P.S. Kurla",2025-04-08 20:25:00,THEFT,THEFT incident reported in Eastern Suburbs (Kurla),Eastern Suburbs (Kurla),False,Eastern Suburbs (Kurla),19.089270250273817,72.87307343223314
"FIR No. 0946/2025, P.S. Kurla",2025-12-07 06:23:00,ROBBERY,ROBBERY incident reported in Eastern Suburbs (Kurla),Eastern Suburbs (Kurla),True,Eastern Suburbs (Kurla),19.08014161029223,72.91644835778617
"FIR No. 0134/2026, P.S. Malad",2026-04-21 22:41:00,ASSAULT,ASSAULT incident reported in Northern Suburbs (Malad),Northern Suburbs (Malad),False,Northern Suburbs (Malad),19.18370457850143,72.8676486721942
"FIR No. 0644/2025, P.S. Andheri",2025-11-15 13:05:00,ASSAULT,ASSAULT incident reported in Western Suburbs (Andheri),Western Suburbs (Andheri),True,Western Suburbs (Andheri),19.122656122448088,72.83348976762274
"FIR No. 0442/2024, P.S. Colaba/CST",2024-04-09 09:13:00,THEFT,THEFT incident reported in South Mumbai (Colaba/CST),South Mumbai (Colaba/CST),False,South Mumbai (Colaba/CST),18.932487198441454,72.83730382227658
"FIR No. 0166/2026, P.S. Bandra",2026-05-23 20:52:00,THEFT,THEFT incident reported in Western Suburbs (Bandra),Western Suburbs (Bandra),True,Western Suburbs (Bandra),19.036866516393022,72.87233685369046
"FIR No. 0385/2026, P.S. Kurla",2026-08-24 19:22:00,ASSAULT,ASSAULT incident reported in Eastern Suburbs (Kurla),Eastern Suburbs (Kurla),True,Eastern Suburbs (Kurla),19.078723100555653,72.86231383938588
"FIR No. 0400/2025, P.S. Bandra",2025-09-07 07:50:00,ASSAULT,ASSAULT incident reported in Western Suburbs (Bandra),Western Suburbs (Bandra),True,Western Suburbs (Bandra),19.062838813583603,72.84101284153283
"FIR No. 0794/2025, P.S. Andheri",2025-08-11 17:34:00,THEFT,THEFT incident reported in Western Suburbs (Andheri),Western Suburbs (Andheri),False,Western Suburbs (Andheri),19.12014286089658,72.85349090575623
"FIR No. 0126/2024, P.S. Andheri",2024-04-18 11:01:00,OTHER,OTHER incident reported in Western Suburbs (Andheri),Western Suburbs (Andheri),True,Western Suburbs (Andheri),19.151531083047686,72.86584745262655
"FIR No. 0664/2024, P.S. Kurla",2024-12-12 16:55:00,THEFT,THEFT incident reported in Eastern Suburbs (Kurla),Eastern Suburbs (Kurla),False,Eastern Suburbs (Kurla),19.07514847843608,72.89751636527711
"FIR No. 0180/2025, P.S. Andheri",2025-11-21 13:50:00,THEFT,THEFT incident reported in Western Suburbs (Andheri),Western Suburbs (Andheri),False,Western Suburbs (Andheri),19.138956853520043,72.86460044917963
"FIR No. 0348/2023, P.S. Malad",2023-08-18 12:24:00,THEFT,THEFT incident reported in Northern Suburbs (Malad),Northern Suburbs (Malad),True,Northern Suburbs (Malad),19.157793027150262,72.86095592547137
"FIR No. 0487/2026, P.S. Andheri",2026-07-03 21:02:00,ROBBERY,ROBBERY incident reported in Western Suburbs (Andheri),Western Suburbs (Andheri),True,Western Suburbs (Andheri),19.10431703282609,72.86089074764757
"FIR No. 0541/2023, P.S. Colaba/CST",2023-08-29 23:50:00,CYBER,CYBER incident reported in South Mumbai (Colaba/CST),South Mumbai (Colaba/CST),True,South Mumbai (Colaba/CST),18.921361831853314,72.81174077251289
"FIR No. 0051/2026, P.S. Dadar",2026-07-31 12:15:00,THEFT,THEFT incident reported in Central Mumbai (Dadar),Central Mumbai (Dadar),False,Central Mumbai (Dadar),19.03223588087536,72.8586163699224
"FIR No. 0843/2024, P.S. Bandra",2024-10-04 09:47:00,THEFT,THEFT incident reported in Western Suburbs (Bandra),Western Suburbs (Bandra),True,Western Suburbs (Bandra),19.031490084708373,72.82066182836247
"FIR No. 0551/2025, P.S. Andheri",2025-08-17 08:50:00,ASSAULT,ASSAULT incident reported in Western Suburbs (Andheri),Western Suburbs (Andheri),False,Western Suburbs (Andheri),19.12491372529671,72.84951382061767
"FIR No. 0325/2024, P.S. Andheri",2024-07-22 13:52:00,THEFT,THEFT incident reported in Western Suburbs (Andheri),Western Suburbs (Andheri),False,Western Suburbs (Andheri),19.14925587323936,72.8447975195336
"FIR No. 0002/2023, P.S. Colaba/CST",2023-03-27 11:45:00,OTHER,OTHER incident reported in South Mumbai (Colaba/CST),South Mumbai (Colaba/CST),False,South Mumbai (Colaba/CST),18.939902927729147,72.83978903709804
"FIR No. 0054/2023, P.S. Colaba/CST",2023-05-17 19:49:00,ASSAULT,ASSAULT incident reported in South Mumbai (Colaba/CST),South Mumbai (Colaba/CST),True,South Mumbai (Colaba/CST),18.93530541882616,72.8172342440992
87783972/2023,2023-01-14 19:03:00,ASSAULT,ASSAULT incident reported in Western Suburbs (Bandra),Western Suburbs (Bandra),False,Western Suburbs (Bandra),19.071311573391903,72.82592255830197
"FIR No. 0033/2024, P.S. Andheri",2024-06-24 20:09:00,THEFT,THEFT incident reported in Western Suburbs (Andheri),Western Suburbs (Andheri),True,Western Suburbs (Andheri),19.120077540682587,72.83735939774333
"FIR No. 0407/2023, P.S. Andheri",2023-08-09 22:47:00,ROBBERY,ROBBERY incident reported in Western Suburbs (Andheri),Western Suburbs (Andheri),False,Western Suburbs (Andheri),19.12086490283525,72.8609041000053
"FIR No. 0169/2026, P.S. Bandra",2026-05-01 10:35:00,BURGLARY,BURGLARY incident reported in Western Suburbs (Bandra),Western Suburbs (Bandra),False,Western Suburbs (Bandra),19.05437936692602,72.84453020558779
"FIR No. 0366/2025, P.S. Colaba/CST",2025-12-12 16:03:00,ASSAULT,ASSAULT incident reported in South Mumbai (Colaba/CST),South Mumbai (Colaba/CST),False,South Mumbai (Colaba/CST),18.944928739365977,72.83676551383626
"FIR No. 0059/2026, P.S. Bandra",2026-02-21 22:18:00,THEFT,THEFT incident reported in Western Suburbs (Bandra),Western Suburbs (Bandra),False,Western Suburbs (Bandra),19.05519003106896,72.84200692733457
"FIR No. 0193/2026, P.S. Andheri",2026-04-19 12:35:00,ROBBERY,ROBBERY incident reported in Western Suburbs (Andheri),Western Suburbs (Andheri),False,Western Suburbs (Andheri),19.09883440390367,72.8326871067271
"FIR No. 0118/2024, P.S. Colaba/CST",2024-06-16 17:53:00,THEFT,THEFT incident reported in South Mumbai (Colaba/CST),South Mumbai (Colaba/CST),False,South Mumbai (Colaba/CST),18.93805380166832,72.83320789669541
"FIR No. 0072/2026, P.S. Andheri",2026-07-16 15:28:00,THEFT,THEFT incident reported in Western Suburbs (Andheri),Western Suburbs (Andheri),False,Western Suburbs (Andheri),19.11930581510458,72.86500986656397
"FIR No. 0462/2026, P.S. Bandra",2026-07-03 00:29:00,THEFT,THEFT incident reported in Western Suburbs (Bandra),Western Suburbs (Bandra),False,Western Suburbs (Bandra),19.08489349166685,72.86390981914727
"FIR No. 0020/2024, P.S. Kurla",2024-02-07 19:48:00,CYBER,CYBER incident reported in Eastern Suburbs (Kurla),Eastern Suburbs (Kurla),True,Eastern Suburbs (Kurla),19.07095472229884,72.835150026531
"FIR No. 0378/2026, P.S. Colaba/CST",2026-08-08 10:04:00,CYBER,CYBER incident reported in South Mumbai (Colaba/CST),South Mumbai (Colaba/CST),False,South Mumbai (Colaba/CST),18.91550461181835,72.82387538965699
83818034/2025,2025-06-14 13:41:00,THEFT,THEFT incident reported in Eastern Suburbs (Kurla),Eastern Suburbs (Kurla),True,Eastern Suburbs (Kurla),19.070513456706,72.87867039737611
"FIR No. 0157/2023, P.S. Dadar",2023-07-15 18:35:00,THEFT,THEFT incident reported in Central Mumbai (Dadar),Central Mumbai (Dadar),False,Central Mumbai (Dadar),19.018997668701363,72.83993258842739
"FIR No. 0426/2023, P.S. Bandra",2023-08-30 03:56:00,THEFT,THEFT incident reported in Western Suburbs (Bandra),Western Suburbs (Bandra),False,Western Suburbs (Bandra),19.06579555459601,72.83269117767522
"FIR No. 0005/2023, P.S. Colaba/CST",2023-08-21 23:06:00,THEFT,THEFT incident reported in South Mumbai (Colaba/CST),South Mumbai (Colaba/CST),False,South Mumbai (Colaba/CST),18.93806233814923,72.84270982781692
82577012/2024,2024-10-22 23:27:00,ROBBERY,ROBBERY incident reported in Eastern Suburbs (Kurla),Eastern Suburbs (Kurla),False,Eastern Suburbs (Kurla),19.057802262577088,72.86115390937286
"FIR No. 0433/2025, P.S. Andheri",2025-06-15 03:13:00,OTHER,OTHER incident reported in Western Suburbs (Andheri),Western Suburbs (Andheri),True,Western Suburbs (Andheri),19.136864680033835,72.8399469712753
"FIR No. 0018/2026, P.S. Kurla",2026-01-07 22:29:00,BURGLARY,BURGLARY incident reported in Eastern Suburbs (Kurla),Eastern Suburbs (Kurla),False,Eastern Suburbs (Kurla),19.0542224588294,72.89393232688592
"FIR No. 0128/2024, P.S. Kurla",2024-06-01 04:59:00,THEFT,THEFT incident reported in Eastern Suburbs (Kurla),Eastern Suburbs (Kurla),False,Eastern Suburbs (Kurla),19.057535170864707,72.85560105203206
88387951/2024,2024-09-05 08:41:00,THEFT,THEFT incident reported in Eastern Suburbs (Kurla),Eastern Suburbs (Kurla),False,Eastern Suburbs (Kurla),19.07074230841472,72.87112903530459
"FIR No. 0136/2025, P.S. Bandra",2025-10-21 13:57:00,CYBER,CYBER incident reported in Western Suburbs (Bandra),Western Suburbs (Bandra),True,Western Suburbs (Bandra),19.06358155462053,72.83564491746887
84306081/2024,2024-12-17 07:36:00,ROBBERY,ROBBERY incident reported in Western Suburbs (Bandra),Western Suburbs (Bandra),False,Western Suburbs (Bandra),19.06584793606481,72.83869004940746
82894472/2024,2024-06-16 06:40:00,THEFT,THEFT incident reported in South Mumbai (Colaba/CST),South Mumbai (Colaba/CST),False,South Mumbai (Colaba/CST),18.96144250449464,72.82079350029308
"FIR No. 0443/2024, P.S. Bandra",2024-09-15 18:11:00,BURGLARY,BURGLARY incident reported in Western Suburbs (Bandra),Western Suburbs (Bandra),False,Western Suburbs (Bandra),19.04836173927452,72.83261362724414
"FIR No. 0539/2025, P.S. Bandra",2025-12-17 19:12:00,THEFT,THEFT incident reported in Western Suburbs (Bandra),Western Suburbs (Bandra),False,Western Suburbs (Bandra),19.06607962327456,72.79352761777884
"FIR No. 0401/2024, P.S. Andheri",2024-05-18 05:56:00,THEFT,THEFT incident reported in Western Suburbs (Andheri),Western Suburbs (Andheri),False,Western Suburbs (Andheri),19.13657209651186,72.83563810973067
"FIR No. 0028/2025, P.S. Malad",2025-10-23 09:04:00,OTHER,OTHER incident reported in Northern Suburbs (Malad),Northern Suburbs (Malad),False,Northern Suburbs (Malad),19.13841768130608,72.86173454554448
"FIR No. 0141/2026, P.S. Bandra",2026-04-28 18:00:00,THEFT,THEFT incident reported in Western Suburbs (Bandra),Western Suburbs (Bandra),False,Western Suburbs (Bandra),19.07049911626419,72.82262929661262
"FIR No. 0010/2024, P.S. Andheri",2024-04-14 23:30:00,THEFT,THEFT incident reported in Western Suburbs (Andheri),Western Suburbs (Andheri),False,Western Suburbs (Andheri),19.10818260800044,72.84760385094043
"FIR No. 0096/2026, P.S. Bandra",2026-03-03 21:30:00,THEFT,THEFT incident reported in Western Suburbs (Bandra),Western Suburbs (Bandra),False,Western Suburbs (Bandra),19.06923303042848,72.86650165402403
82888088/2026,2026-03-23 22:30:00,ASSAULT,ASSAULT incident reported in Eastern Suburbs (Kurla),Eastern Suburbs (Kurla),False,Eastern Suburbs (Kurla),19.0590605816192,72.90065363216223
"FIR No. 0886/2023, P.S. Colaba/CST",2023-10-04 00:54:00,CYBER,CYBER incident reported in South Mumbai (Colaba/CST),South Mumbai (Colaba/CST),False,South Mumbai (Colaba/CST),18.91500932625492,72.83089469934949
"FIR No. 0513/2024, P.S. Malad",2024-09-28 13:22:00,ROBBERY,ROBBERY incident reported in Northern Suburbs (Malad),Northern Suburbs (Malad),True,Northern Suburbs (Malad),19.17326439979516,72.84062715634202
"FIR No. 0390/2023, P.S. Andheri",2023-09-12 22:44:00,ASSAULT,ASSAULT incident reported in Western Suburbs (Andheri),Western Suburbs (Andheri),False,Western Suburbs (Andheri),19.11044158332721,72.8337910264129
"FIR No. 0184/2025, P.S. Colaba/CST",2025-05-03 09:12:00,THEFT,THEFT incident reported in South Mumbai (Colaba/CST),South Mumbai (Colaba/CST),False,South Mumbai (Colaba/CST),18.93124213726912,72.82469630075119
85204706/2024,2024-01-24 23:55:00,ROBBERY,ROBBERY incident reported in Northern Suburbs (Malad),Northern Suburbs (Malad),True,Northern Suburbs (Malad),19.158228349021645,72.86223455083707
81364205/2023,2023-07-30 06:59:00,THEFT,THEFT incident reported in Western Suburbs (Andheri),Western Suburbs (Andheri),False,Western Suburbs (Andheri),19.111612544539813,72.83746671479015
80926410/2026,2026-04-30 17:20:00,THEFT,THEFT incident reported in South Mumbai (Colaba/CST),South Mumbai (Colaba/CST),False,South Mumbai (Colaba/CST),18.93802100784392,72.83524974589814
"FIR No. 0243/2026, P.S. Bandra",2026-04-13 21:33:00,ASSAULT,ASSAULT incident reported in Western Suburbs (Bandra),Western Suburbs (Bandra),True,Western Suburbs (Bandra),19.03308964297864,72.82587391319007
"FIR No. 0465/2024, P.S. Bandra",2024-07-21 06:05:00,BURGLARY,BURGLARY incident reported in Western Suburbs (Bandra),Western Suburbs (Bandra),False,Western Suburbs (Bandra),19.074854842190835,72.82116022476507
"FIR No. 0084/2024, P.S. Andheri",2024-03-04 10:28:00,THEFT,THEFT incident reported in Western Suburbs (Andheri),Western Suburbs (Andheri),False,Western Suburbs (Andheri),19.134689061462563,72.83228397729972
82988742/2024,2024-10-22 17:44:00,CYBER,CYBER incident reported in South Mumbai (Colaba/CST),South Mumbai (Colaba/CST),False,South Mumbai (Colaba/CST),18.94995187871353,72.83053574851515
"FIR No. 0121/2026, P.S. Andheri",2026-05-27 08:58:00,THEFT,THEFT incident reported in Western Suburbs (Andheri),Western Suburbs (Andheri),True,Western Suburbs (Andheri),19.1262446146951,72.82271862893884
"FIR No. 0153/2025, P.S. Malad",2025-08-20 04:07:00,BURGLARY,BURGLARY incident reported in Northern Suburbs (Malad),Northern Suburbs (Malad),False,Northern Suburbs (Malad),19.17217070348699,72.83500540732176
"FIR No. 0673/2024, P.S. Malad",2024-10-14 02:31:00,THEFT,THEFT incident reported in Northern Suburbs (Malad),Northern Suburbs (Malad),True,Northern Suburbs (Malad),19.17536614329306,72.85474947736914
"FIR No. 0306/2023, P.S. Bandra",2023-12-25 11:11:00,ASSAULT,ASSAULT incident reported in Western Suburbs (Bandra),Western Suburbs (Bandra),False,Western Suburbs (Bandra),19.040625006267785,72.83977366250573
"FIR No. 0397/2026, P.S. Colaba/CST",2026-07-04 16:22:00,CYBER,CYBER incident reported in South Mumbai (Colaba/CST),South Mumbai (Colaba/CST),False,South Mumbai (Colaba/CST),18.94994291955274,72.85215604082889
"FIR No. 0313/2026, P.S. Bandra",2026-07-03 06:09:00,ASSAULT,ASSAULT incident reported in Western Suburbs (Bandra),Western Suburbs (Bandra),False,Western Suburbs (Bandra),19.07032928839635,72.82378556209508
"FIR No. 0106/2024, P.S. Andheri",2024-05-05 21:44:00,ROBBERY,ROBBERY incident reported in Western Suburbs (Andheri),Western Suburbs (Andheri),False,Western Suburbs (Andheri),19.134139003763377,72.87605558823931
"FIR No. 0203/2025, P.S. Colaba/CST",2025-04-29 18:19:00,ROBBERY,ROBBERY incident reported in South Mumbai (Colaba/CST),South Mumbai (Colaba/CST),False,South Mumbai (Colaba/CST),18.9427843804652,72.79557924275329
"FIR No. 0402/2023, P.S. Colaba/CST",2023-11-07 17:26:00,THEFT,THEFT incident reported in South Mumbai (Colaba/CST),South Mumbai (Colaba/CST),False,South Mumbai (Colaba/CST),18.9209155557357,72.85593450019557
86974665/2024,2024-03-06 09:59:00,ASSAULT,ASSAULT incident reported in Eastern Suburbs (Kurla),Eastern Suburbs (Kurla),False,Eastern Suburbs (Kurla),19.084621024757297,72.88147154402166
"FIR No. 0263/2023, P.S. Andheri",2023-08-16 18:10:00,THEFT,THEFT incident reported in Western Suburbs (Andheri),Western Suburbs (Andheri),False,Western Suburbs (Andheri),19.09663014393388,72.85328686988744
"FIR No. 0456/2023, P.S. Andheri",2023-06-17 08:53:00,ROBBERY,ROBBERY incident reported in Western Suburbs (Andheri),Western Suburbs (Andheri),False,Western Suburbs (Andheri),19.11880820761873,72.85718481845869
"FIR No. 0297/2023, P.S. Malad",2023-03-21 02:13:00,ASSAULT,ASSAULT incident reported in Northern Suburbs (Malad),Northern Suburbs (Malad),False,Northern Suburbs (Malad),19.185351205845816,72.83578136152778
"FIR No. 0592/2023, P.S. Andheri",2023-09-13 08:59:00,ROBBERY,ROBBERY incident reported in Western Suburbs (Andheri),Western Suburbs (Andheri),False,Western Suburbs (Andheri),19.0977531578421,72.85942288676443
"FIR No. 0055/2026, P.S. Kurla",2026-02-12 10:03:00,ROBBERY,ROBBERY incident reported in Eastern Suburbs (Kurla),Eastern Suburbs (Kurla),True,Eastern Suburbs (Kurla),19.080608457864063,72.85568029632194
"FIR No. 0149/2024, P.S. Kurla",2024-05-17 20:08:00,THEFT,THEFT incident reported in Eastern Suburbs (Kurla),Eastern Suburbs (Kurla),True,Eastern Suburbs (Kurla),19.061626110591025,72.88502877778403
"FIR No. 0041/2024, P.S. Andheri",2024-03-01 14:05:00,ASSAULT,ASSAULT incident reported in Western Suburbs (Andheri),Western Suburbs (Andheri),False,Western Suburbs (Andheri),19.13002650433609,72.85863701228112
"FIR No. 0448/2023, P.S. Colaba/CST",2023-06-01 00:21:00,THEFT,THEFT incident reported in South Mumbai (Colaba/CST),South Mumbai (Colaba/CST),False,South Mumbai (Colaba/CST),18.94597493651004,72.82725420832948
"FIR No. 0451/2025, P.S. Dadar",2025-08-06 13:22:00,ROBBERY,ROBBERY incident reported in Central Mumbai (Dadar),Central Mumbai (Dadar),False,Central Mumbai (Dadar),19.02657380842005,72.8340368451864
"FIR No. 0283/2024, P.S. Colaba/CST",2024-05-14 17:58:00,ASSAULT,ASSAULT incident reported in South Mumbai (Colaba/CST),South Mumbai (Colaba/CST),False,South Mumbai (Colaba/CST),18.941935718970047,72.8214070606742
"FIR No. 0356/2024, P.S. Dadar",2024-10-14 07:31:00,THEFT,THEFT incident reported in Central Mumbai (Dadar),Central Mumbai (Dadar),False,Central Mumbai (Dadar),19.036710693602025,72.86987498803747
83120095/2023,2023-11-13 10:18:00,ROBBERY,ROBBERY incident reported in Eastern Suburbs (Kurla),Eastern Suburbs (Kurla),False,Eastern Suburbs (Kurla),19.07010443324156,72.9107475119769
"FIR No. 0083/2025, P.S. Kurla",2025-01-26 13:44:00,BURGLARY,BURGLARY incident reported in Eastern Suburbs (Kurla),Eastern Suburbs (Kurla),True,Eastern Suburbs (Kurla),19.08218968186429,72.88544803476836
"FIR No. 0318/2024, P.S. Colaba/CST",2024-10-05 05:13:00,OTHER,OTHER incident reported in South Mumbai (Colaba/CST),South Mumbai (Colaba/CST),False,South Mumbai (Colaba/CST),18.94896474327336,72.82202280880806
"FIR No. 0048/2025, P.S. Colaba/CST",2025-03-26 13:22:00,CYBER,CYBER incident reported in South Mumbai (Colaba/CST),South Mumbai (Colaba/CST),False,South Mumbai (Colaba/CST),18.912197309217262,72.81659225467332
"FIR No. 0296/2025, P.S. Colaba/CST",2025-06-19 11:32:00,BURGLARY,BURGLARY incident reported in South Mumbai (Colaba/CST),South Mumbai (Colaba/CST),False,South Mumbai (Colaba/CST),18.91681686741961,72.81666720280207
86205101/2026,2026-05-30 18:09:00,THEFT,THEFT incident reported in Western Suburbs (Andheri),Western Suburbs (Andheri),False,Western Suburbs (Andheri),19.11075742365551,72.87008462285708
"FIR No. 0073/2025, P.S. Bandra",2025-04-17 05:31:00,THEFT,THEFT incident reported in Western Suburbs (Bandra),Western Suburbs (Bandra),False,Western Suburbs (Bandra),19.044610668696865,72.82158776828096
85784142/2023,2023-10-02 13:30:00,THEFT,THEFT incident reported in Central Mumbai (Dadar),Central Mumbai (Dadar),True,Central Mumbai (Dadar),19.02428013521299,72.85242952086524
"FIR No. 0292/2025, P.S. Bandra",2025-08-24 10:40:00,THEFT,THEFT incident reported in Western Suburbs (Bandra),Western Suburbs (Bandra),False,Western Suburbs (Bandra),19.04650853088974,72.84149755530089
"FIR No. 0504/2023, P.S. Andheri",2023-09-25 08:03:00,THEFT,THEFT incident reported in Western Suburbs (Andheri),Western Suburbs (Andheri),True,Western Suburbs (Andheri),19.135539282482924,72.83826418028364
81132463/2025,2025-07-19 13:06:00,THEFT,THEFT incident reported in Eastern Suburbs (Kurla),Eastern Suburbs (Kurla),False,Eastern Suburbs (Kurla),19.08497273168688,72.85696748867453
"FIR No. 0046/2023, P.S. Dadar",2023-07-08 12:24:00,BURGLARY,BURGLARY incident reported in Central Mumbai (Dadar),Central Mumbai (Dadar),False,Central Mumbai (Dadar),19.02742003045551,72.83927390927886
"FIR No. 0118/2024, P.S. Malad",2024-05-26 00:13:00,BURGLARY,BURGLARY incident reported in Northern Suburbs (Malad),Northern Suburbs (Malad),True,Northern Suburbs (Malad),19.16270720811028,72.88110883766441
"FIR No. 0803/2023, P.S. Bandra",2023-09-08 15:08:00,BURGLARY,BURGLARY incident reported in Western Suburbs (Bandra),Western Suburbs (Bandra),False,Western Suburbs (Bandra),19.053571438833256,72.80088811683615
"FIR No. 0405/2025, P.S. Kurla",2025-04-29 08:02:00,THEFT,THEFT incident reported in Eastern Suburbs (Kurla),Eastern Suburbs (Kurla),False,Eastern Suburbs (Kurla),19.068428737383503,72.89106179944416
"FIR No. 0236/2026, P.S. Colaba/CST",2026-08-13 18:56:00,THEFT,THEFT incident reported in South Mumbai (Colaba/CST),South Mumbai (Colaba/CST),True,South Mumbai (Colaba/CST),18.9157306489067,72.79625128801288
"FIR No. 0388/2024, P.S. Kurla",2024-06-09 02:57:00,THEFT,THEFT incident reported in Eastern Suburbs (Kurla),Eastern Suburbs (Kurla),False,Eastern Suburbs (Kurla),19.067958039492684,72.88501372625498
"FIR No. 0277/2026, P.S. Malad",2026-07-29 22:49:00,BURGLARY,BURGLARY incident reported in Northern Suburbs (Malad),Northern Suburbs (Malad),True,Northern Suburbs (Malad),19.15380160832497,72.85409587784967
"FIR No. 0100/2023, P.S. Dadar",2023-04-23 19:34:00,ASSAULT,ASSAULT incident reported in Central Mumbai (Dadar),Central Mumbai (Dadar),True,Central Mumbai (Dadar),19.022272089470203,72.84269867149092
"FIR No. 0577/2024, P.S. Andheri",2024-08-11 03:12:00,ASSAULT,ASSAULT incident reported in Western Suburbs (Andheri),Western Suburbs (Andheri),False,Western Suburbs (Andheri),19.12051960024057,72.87663996773811
"FIR No. 0928/2024, P.S. Dadar",2024-12-09 02:40:00,CYBER,CYBER incident reported in Central Mumbai (Dadar),Central Mumbai (Dadar),False,Central Mumbai (Dadar),19.0087569945611,72.854887567875
"FIR No. 1099/2024, P.S. Bandra",2024-12-07 05:18:00,THEFT,THEFT incident reported in Western Suburbs (Bandra),Western Suburbs (Bandra),False,Western Suburbs (Bandra),19.06228696699936,72.82908257141128
"FIR No. 0188/2026, P.S. Dadar",2026-03-28 15:38:00,ASSAULT,ASSAULT incident reported in Central Mumbai (Dadar),Central Mumbai (Dadar),False,Central Mumbai (Dadar),19.032971646560583,72.84371774324003
"FIR No. 0612/2024, P.S. Colaba/CST",2024-08-23 15:22:00,ASSAULT,ASSAULT incident reported in South Mumbai (Colaba/CST),South Mumbai (Colaba/CST),False,South Mumbai (Colaba/CST),18.94628655937811,72.84197429935601
84127683/2024,2024-02-11 22:22:00,THEFT,THEFT incident reported in Western Suburbs (Andheri),Western Suburbs (Andheri),True,Western Suburbs (Andheri),19.13124203252138,72.85981745837789
"FIR No. 0230/2023, P.S. Colaba/CST",2023-05-14 08:04:00,CYBER,CYBER incident reported in South Mumbai (Colaba/CST),South Mumbai (Colaba/CST),True,South Mumbai (Colaba/CST),18.953071639393563,72.84179801574268
"FIR No. 0493/2024, P.S. Kurla",2024-10-08 09:01:00,BURGLARY,BURGLARY incident reported in Eastern Suburbs (Kurla),Eastern Suburbs (Kurla),False,Eastern Suburbs (Kurla),19.081872097830985,72.85451860584712
"FIR No. 0183/2024, P.S. Andheri",2024-03-24 13:53:00,THEFT,THEFT incident reported in Western Suburbs (Andheri),Western Suburbs (Andheri),False,Western Suburbs (Andheri),19.10891621372969,72.85091588540331
"FIR No. 0361/2025, P.S. Bandra",2025-08-30 01:01:00,ASSAULT,ASSAULT incident reported in Western Suburbs (Bandra),Western Suburbs (Bandra),False,Western Suburbs (Bandra),19.050238116799264,72.8284153453895
84448676/2023,2023-01-31 19:37:00,THEFT,THEFT incident reported in Western Suburbs (Andheri),Western Suburbs (Andheri),True,Western Suburbs (Andheri),19.11868166522652,72.84230286892391
"FIR No. 0437/2026, P.S. Bandra",2026-06-04 10:57:00,ROBBERY,ROBBERY incident reported in Western Suburbs (Bandra),Western Suburbs (Bandra),False,Western Suburbs (Bandra),19.05200121974597,72.82986961762037
"FIR No. 0124/2023, P.S. Kurla",2023-02-23 13:23:00,BURGLARY,BURGLARY incident reported in Eastern Suburbs (Kurla),Eastern Suburbs (Kurla),False,Eastern Suburbs (Kurla),19.063105633248536,72.90336818152443
81457297/2024,2024-05-09 01:14:00,ASSAULT,ASSAULT incident reported in Central Mumbai (Dadar),Central Mumbai (Dadar),False,Central Mumbai (Dadar),19.03039135223172,72.84364618495
86833217/2025,2025-06-07 06:11:00,CYBER,CYBER incident reported in South Mumbai (Colaba/CST),South Mumbai (Colaba/CST),False,South Mumbai (Colaba/CST),18.920316933721864,72.84952228153242
"FIR No. 0001/2025, P.S. Andheri",2025-06-18 20:27:00,THEFT,THEFT incident reported in Western Suburbs (Andheri),Western Suburbs (Andheri),False,Western Suburbs (Andheri),19.123334135983267,72.84501411871474
"FIR No. 0880/2025, P.S. Bandra",2025-12-06 07:36:00,CYBER,CYBER incident reported in Western Suburbs (Bandra),Western Suburbs (Bandra),True,Western Suburbs (Bandra),19.06283531908636,72.82210606617915
82852292/2024,2024-11-25 12:48:00,THEFT,THEFT incident reported in South Mumbai (Colaba/CST),South Mumbai (Colaba/CST),False,South Mumbai (Colaba/CST),18.91875302446507,72.82553624203484
"FIR No. 0710/2023, P.S. Andheri",2023-11-11 05:54:00,ASSAULT,ASSAULT incident reported in Western Suburbs (Andheri),Western Suburbs (Andheri),False,Western Suburbs (Andheri),19.10315778069048,72.8126426487874
"FIR No. 0285/2026, P.S. Bandra",2026-04-26 02:15:00,ROBBERY,ROBBERY incident reported in Western Suburbs (Bandra),Western Suburbs (Bandra),False,Western Suburbs (Bandra),19.07448752632828,72.85715590325493
"FIR No. 0318/2024, P.S. Bandra",2024-05-14 13:35:00,ROBBERY,ROBBERY incident reported in Western Suburbs (Bandra),Western Suburbs (Bandra),False,Western Suburbs (Bandra),19.06311467849784,72.86797316367144
"FIR No. 0023/2026, P.S. Kurla",2026-04-02 17:32:00,CYBER,CYBER incident reported in Eastern Suburbs (Kurla),Eastern Suburbs (Kurla),False,Eastern Suburbs (Kurla),19.05787698984449,72.86833642169326
"FIR No. 0107/2026, P.S. Bandra",2026-07-24 18:10:00,THEFT,THEFT incident reported in Western Suburbs (Bandra),Western Suburbs (Bandra),True,Western Suburbs (Bandra),19.062778639674587,72.84807154372228
"FIR No. 0319/2025, P.S. Kurla",2025-07-23 14:06:00,THEFT,THEFT incident reported in Eastern Suburbs (Kurla),Eastern Suburbs (Kurla),False,Eastern Suburbs (Kurla),19.08182612011284,72.86950179961373
"FIR No. 0072/2023, P.S. Kurla",2023-01-25 18:10:00,CYBER,CYBER incident reported in Eastern Suburbs (Kurla),Eastern Suburbs (Kurla),False,Eastern Suburbs (Kurla),19.070607011693426,72.87659727225702
"FIR No. 0777/2023, P.S. Bandra",2023-07-23 22:41:00,CYBER,CYBER incident reported in Western Suburbs (Bandra),Western Suburbs (Bandra),False,Western Suburbs (Bandra),19.0451399838572,72.83383549134057
"FIR No. 0058/2023, P.S. Bandra",2023-01-11 22:05:00,CYBER,CYBER incident reported in Western Suburbs (Bandra),Western Suburbs (Bandra),False,Western Suburbs (Bandra),19.040315352519936,72.83343658584971
"FIR No. 0525/2025, P.S. Kurla",2025-12-01 00:44:00,THEFT,THEFT incident reported in Eastern Suburbs (Kurla),Eastern Suburbs (Kurla),True,Eastern Suburbs (Kurla),19.070070492908265,72.84631447416282
"FIR No. 0758/2024, P.S. Kurla",2024-08-19 20:53:00,THEFT,THEFT incident reported in Eastern Suburbs (Kurla),Eastern Suburbs (Kurla),False,Eastern Suburbs (Kurla),19.06488629726112,72.88402054723925
83587802/2024,2024-03-15 07:08:00,ROBBERY,ROBBERY incident reported in Western Suburbs (Andheri),Western Suburbs (Andheri),False,Western Suburbs (Andheri),19.12110518362665,72.84837764481469
"FIR No. 0219/2024, P.S. Colaba/CST",2024-10-19 01:27:00,CYBER,CYBER incident reported in South Mumbai (Colaba/CST),South Mumbai (Colaba/CST),True,South Mumbai (Colaba/CST),18.92933753586809,72.8373721897012
"FIR No. 0822/2023, P.S. Bandra",2023-09-25 09:54:00,THEFT,THEFT incident reported in Western Suburbs (Bandra),Western Suburbs (Bandra),True,Western Suburbs (Bandra),19.0603566201432,72.8333004172426
"FIR No. 0704/2024, P.S. Bandra",2024-12-27 17:36:00,ASSAULT,ASSAULT incident reported in Western Suburbs (Bandra),Western Suburbs (Bandra),False,Western Suburbs (Bandra),19.0624115875459,72.8274090679984
84912162/2023,2023-05-24 12:45:00,ASSAULT,ASSAULT incident reported in Western Suburbs (Andheri),Western Suburbs (Andheri),False,Western Suburbs (Andheri),19.14104223596477,72.84974954711221
"FIR No. 0078/2024, P.S. Bandra",2024-05-17 00:31:00,BURGLARY,BURGLARY incident reported in Western Suburbs (Bandra),Western Suburbs (Bandra),False,Western Suburbs (Bandra),19.0767918896908,72.85549885836694
"FIR No. 0224/2026, P.S. Andheri",2026-06-28 04:21:00,ROBBERY,ROBBERY incident reported in Western Suburbs (Andheri),Western Suburbs (Andheri),True,Western Suburbs (Andheri),19.11841776054869,72.82496739485934
"FIR No. 0347/2025, P.S. Colaba/CST",2025-06-01 19:01:00,ROBBERY,ROBBERY incident reported in South Mumbai (Colaba/CST),South Mumbai (Colaba/CST),False,South Mumbai (Colaba/CST),18.9550009711862,72.85548765774038
"FIR No. 0007/2026, P.S. Andheri",2026-03-19 22:24:00,BURGLARY,BURGLARY incident reported in Western Suburbs (Andheri),Western Suburbs (Andheri),False,Western Suburbs (Andheri),19.11734492443289,72.84578693194862
"FIR No. 0544/2023, P.S. Colaba/CST",2023-11-23 11:20:00,ASSAULT,ASSAULT incident reported in South Mumbai (Colaba/CST),South Mumbai (Colaba/CST),False,South Mumbai (Colaba/CST),18.94431875439693,72.83757076398196
"FIR No. 0234/2026, P.S. Colaba/CST",2026-03-21 22:58:00,BURGLARY,BURGLARY incident reported in South Mumbai (Colaba/CST),South Mumbai (Colaba/CST),False,South Mumbai (Colaba/CST),18.93864133129288,72.8281253064612
88428613/2026,2026-06-19 08:37:00,CYBER,CYBER incident reported in Western Suburbs (Bandra),Western Suburbs (Bandra),False,Western Suburbs (Bandra),19.056208352266577,72.8331385284906
84719660/2023,2023-06-01 01:49:00,ROBBERY,ROBBERY incident reported in Northern Suburbs (Malad),Northern Suburbs (Malad),False,Northern Suburbs (Malad),19.18656761270982,72.83304565270272
88719903/2026,2026-08-15 06:37:00,ASSAULT,ASSAULT incident reported in Western Suburbs (Andheri),Western Suburbs (Andheri),False,Western Suburbs (Andheri),19.1166437950472,72.85092370464847
"FIR No. 0110/2024, P.S. Colaba/CST",2024-02-12 03:41:00,THEFT,THEFT incident reported in South Mumbai (Colaba/CST),South Mumbai (Colaba/CST),True,South Mumbai (Colaba/CST),18.9250656744971,72.81867928421202
"FIR No. 0933/2025, P.S. Dadar",2025-11-03 01:13:00,THEFT,THEFT incident reported in Central Mumbai (Dadar),Central Mumbai (Dadar),False,Central Mumbai (Dadar),19.000273601774943,72.8656821887434
"FIR No. 0889/2025, P.S. Andheri",2025-10-26 15:29:00,ASSAULT,ASSAULT incident reported in Western Suburbs (Andheri),Western Suburbs (Andheri),True,Western Suburbs (Andheri),19.115964022411937,72.86389113636979
"FIR No. 0168/2025, P.S. Colaba/CST",2025-03-03 21:33:00,ROBBERY,ROBBERY incident reported in South Mumbai (Colaba/CST),South Mumbai (Colaba/CST),False,South Mumbai (Colaba/CST),18.928624549219183,72.83495223052958
"FIR No. 0060/2026, P.S. Kurla",2026-04-29 11:22:00,THEFT,THEFT incident reported in Eastern Suburbs (Kurla),Eastern Suburbs (Kurla),True,Eastern Suburbs (Kurla),19.08371590108547,72.9261621425849
"FIR No. 0563/2024, P.S. Dadar",2024-10-18 11:35:00,THEFT,THEFT incident reported in Central Mumbai (Dadar),Central Mumbai (Dadar),False,Central Mumbai (Dadar),19.03982084864326,72.83988718749487
"FIR No. 0978/2023, P.S. Kurla",2023-11-18 00:35:00,THEFT,THEFT incident reported in Eastern Suburbs (Kurla),Eastern Suburbs (Kurla),True,Eastern Suburbs (Kurla),19.09077311238625,72.89516636553718
85515731/2026,2026-07-09 07:19:00,ASSAULT,ASSAULT incident reported in Central Mumbai (Dadar),Central Mumbai (Dadar),False,Central Mumbai (Dadar),19.02593339375281,72.85215225713608
"FIR No. 1019/2025, P.S. Colaba/CST",2025-12-15 07:07:00,THEFT,THEFT incident reported in South Mumbai (Colaba/CST),South Mumbai (Colaba/CST),False,South Mumbai (Colaba/CST),18.9229329443214,72.81442474761707
"FIR No. 0196/2025, P.S. Malad",2025-06-04 02:17:00,THEFT,THEFT incident reported in Northern Suburbs (Malad),Northern Suburbs (Malad),False,Northern Suburbs (Malad),19.1748157450343,72.84910261107133
"FIR No. 0298/2024, P.S. Bandra",2024-04-02 05:52:00,THEFT,THEFT incident reported in Western Suburbs (Bandra),Western Suburbs (Bandra),False,Western Suburbs (Bandra),19.079487752902804,72.84980521913637
87509212/2024,2024-04-22 10:28:00,THEFT,THEFT incident reported in Central Mumbai (Dadar),Central Mumbai (Dadar),False,Central Mumbai (Dadar),19.00239847696232,72.83684757401616
"FIR No. 0465/2024, P.S. Bandra",2024-12-30 02:54:00,THEFT,THEFT incident reported in Western Suburbs (Bandra),Western Suburbs (Bandra),False,Western Suburbs (Bandra),19.062855398803844,72.85985080154033
88728178/2025,2025-10-05 21:48:00,ASSAULT,ASSAULT incident reported in Central Mumbai (Dadar),Central Mumbai (Dadar),False,Central Mumbai (Dadar),19.034980092807864,72.84041724519535
"FIR No. 0177/2025, P.S. Bandra",2025-05-07 12:22:00,ASSAULT,ASSAULT incident reported in Western Suburbs (Bandra),Western Suburbs (Bandra),True,Western Suburbs (Bandra),19.07753727880011,72.83487040944185
88710595/2023,2023-04-02 12:29:00,THEFT,THEFT incident reported in South Mumbai (Colaba/CST),South Mumbai (Colaba/CST),False,South Mumbai (Colaba/CST),18.949981939035755,72.80609721784799
"FIR No. 0032/2023, P.S. Bandra",2023-08-07 11:34:00,ROBBERY,ROBBERY incident reported in Western Suburbs (Bandra),Western Suburbs (Bandra),False,Western Suburbs (Bandra),19.047966295615097,72.83478316870452
"FIR No. 0155/2025, P.S. Colaba/CST",2025-07-03 07:22:00,ROBBERY,ROBBERY incident reported in South Mumbai (Colaba/CST),South Mumbai (Colaba/CST),False,South Mumbai (Colaba/CST),18.924010160157128,72.8329316140048
"FIR No. 0256/2024, P.S. Andheri",2024-09-17 06:27:00,BURGLARY,BURGLARY incident reported in Western Suburbs (Andheri),Western Suburbs (Andheri),False,Western Suburbs (Andheri),19.111745733073363,72.84244796424343
"FIR No. 0962/2025, P.S. Andheri",2025-10-02 06:18:00,BURGLARY,BURGLARY incident reported in Western Suburbs (Andheri),Western Suburbs (Andheri),True,Western Suburbs (Andheri),19.154352414742142,72.84045595219396
"FIR No. 0174/2025, P.S. Colaba/CST",2025-04-23 05:44:00,BURGLARY,BURGLARY incident reported in South Mumbai (Colaba/CST),South Mumbai (Colaba/CST),True,South Mumbai (Colaba/CST),18.92901661513695,72.8339571710998
"FIR No. 0160/2025, P.S. Andheri",2025-08-17 04:48:00,THEFT,THEFT incident reported in Western Suburbs (Andheri),Western Suburbs (Andheri),False,Western Suburbs (Andheri),19.0854936369384,72.83577427849309
"FIR No. 0074/2025, P.S. Malad",2025-09-09 21:55:00,THEFT,THEFT incident reported in Northern Suburbs (Malad),Northern Suburbs (Malad),False,Northern Suburbs (Malad),19.16372490991278,72.83687912947764
"FIR No. 0176/2026, P.S. Dadar",2026-04-27 18:38:00,ROBBERY,ROBBERY incident reported in Central Mumbai (Dadar),Central Mumbai (Dadar),False,Central Mumbai (Dadar),18.998207609609143,72.83994695518807
"FIR No. 0555/2025, P.S. Colaba/CST",2025-06-03 05:56:00,THEFT,THEFT incident reported in South Mumbai (Colaba/CST),South Mumbai (Colaba/CST),False,South Mumbai (Colaba/CST),18.914760323978843,72.82085010701715
84810860/2023,2023-08-14 10:07:00,THEFT,THEFT incident reported in Western Suburbs (Andheri),Western Suburbs (Andheri),False,Western Suburbs (Andheri),19.122530950640407,72.84135961412397
"FIR No. 0546/2024, P.S. Colaba/CST",2024-06-21 06:48:00,THEFT,THEFT incident reported in South Mumbai (Colaba/CST),South Mumbai (Colaba/CST),True,South Mumbai (Colaba/CST),18.9606461967766,72.82646736031451
"FIR No. 0068/2023, P.S. Dadar",2023-04-29 21:38:00,ASSAULT,ASSAULT incident reported in Central Mumbai (Dadar),Central Mumbai (Dadar),False,Central Mumbai (Dadar),18.99643502209598,72.83669086668962
83327767/2024,2024-12-28 14:06:00,OTHER,OTHER incident reported in South Mumbai (Colaba/CST),South Mumbai (Colaba/CST),False,South Mumbai (Colaba/CST),18.92878002305348,72.83236143435208
"FIR No. 0218/2025, P.S. Bandra",2025-04-26 14:19:00,ROBBERY,ROBBERY incident reported in Western Suburbs (Bandra),Western Suburbs (Bandra),False,Western Suburbs (Bandra),19.04315800544166,72.83805279081942
"FIR No. 0379/2024, P.S. Andheri",2024-11-04 06:50:00,THEFT,THEFT incident reported in Western Suburbs (Andheri),Western Suburbs (Andheri),True,Western Suburbs (Andheri),19.11627544007597,72.88058804076175
"FIR No. 0852/2023, P.S. Bandra",2023-12-05 10:57:00,THEFT,THEFT incident reported in Western Suburbs (Bandra),Western Suburbs (Bandra),False,Western Suburbs (Bandra),19.037480443998856,72.85202429932285
"FIR No. 1093/2024, P.S. Dadar",2024-11-22 12:32:00,THEFT,THEFT incident reported in Central Mumbai (Dadar),Central Mumbai (Dadar),True,Central Mumbai (Dadar),19.02411696601336,72.8275142575656
84390382/2024,2024-07-15 15:30:00,BURGLARY,BURGLARY incident reported in Western Suburbs (Andheri),Western Suburbs (Andheri),False,Western Suburbs (Andheri),19.10609435843079,72.84386822790782
"FIR No. 0166/2026, P.S. Andheri",2026-03-12 17:25:00,ASSAULT,ASSAULT incident reported in Western Suburbs (Andheri),Western Suburbs (Andheri),True,Western Suburbs (Andheri),19.128662924326186,72.86006223935388
"FIR No. 0176/2023, P.S. Malad",2023-09-08 01:25:00,THEFT,THEFT incident reported in Northern Suburbs (Malad),Northern Suburbs (Malad),False,Northern Suburbs (Malad),19.153524071699064,72.82523205512624
"FIR No. 0403/2024, P.S. Kurla",2024-04-23 14:23:00,ROBBERY,ROBBERY incident reported in Eastern Suburbs (Kurla),Eastern Suburbs (Kurla),False,Eastern Suburbs (Kurla),19.069616792813942,72.91135341522862
86423729/2025,2025-01-15 01:29:00,ROBBERY,ROBBERY incident reported in South Mumbai (Colaba/CST),South Mumbai (Colaba/CST),True,South Mumbai (Colaba/CST),18.94243415840768,72.82982784112592
"FIR No. 0024/2024, P.S. Bandra",2024-01-29 22:47:00,THEFT,THEFT incident reported in Western Suburbs (Bandra),Western Suburbs (Bandra),True,Western Suburbs (Bandra),19.07943392586272,72.8366447576984
"FIR No. 0024/2023, P.S. Andheri",2023-01-20 08:33:00,THEFT,THEFT incident reported in Western Suburbs (Andheri),Western Suburbs (Andheri),False,Western Suburbs (Andheri),19.108537736483303,72.8101195547414
"FIR No. 0363/2023, P.S. Dadar",2023-11-18 04:16:00,THEFT,THEFT incident reported in Central Mumbai (Dadar),Central Mumbai (Dadar),True,Central Mumbai (Dadar),19.02428289891982,72.85419670717066
"FIR No. 0122/2023, P.S. Bandra",2023-06-06 01:01:00,THEFT,THEFT incident reported in Western Suburbs (Bandra),Western Suburbs (Bandra),True,Western Suburbs (Bandra),19.063597010042344,72.81680660656377
"FIR No. 0163/2024, P.S. Andheri",2024-04-04 20:24:00,THEFT,THEFT incident reported in Western Suburbs (Andheri),Western Suburbs (Andheri),False,Western Suburbs (Andheri),19.12965548445553,72.84591641379271
"FIR No. 0073/2026, P.S. Dadar",2026-03-16 16:31:00,BURGLARY,BURGLARY incident reported in Central Mumbai (Dadar),Central Mumbai (Dadar),False,Central Mumbai (Dadar),19.020624091759668,72.84374297836665
"FIR No. 0366/2023, P.S. Dadar",2023-09-10 00:46:00,THEFT,THEFT incident reported in Central Mumbai (Dadar),Central Mumbai (Dadar),False,Central Mumbai (Dadar),19.02639437183903,72.85028367668727
"FIR No. 0159/2025, P.S. Malad",2025-08-16 17:03:00,ROBBERY,ROBBERY incident reported in Northern Suburbs (Malad),Northern Suburbs (Malad),False,Northern Suburbs (Malad),19.166263884809748,72.84206783979073
"FIR No. 0726/2024, P.S. Bandra",2024-10-03 18:53:00,BURGLARY,BURGLARY incident reported in Western Suburbs (Bandra),Western Suburbs (Bandra),True,Western Suburbs (Bandra),19.071611861896912,72.84794267372484
"FIR No. 0269/2024, P.S. Bandra",2024-04-08 12:21:00,ASSAULT,ASSAULT incident reported in Western Suburbs (Bandra),Western Suburbs (Bandra),False,Western Suburbs (Bandra),19.0649235323182,72.82941252901526
"FIR No. 0054/2026, P.S. Bandra",2026-02-21 07:34:00,CYBER,CYBER incident reported in Western Suburbs (Bandra),Western Suburbs (Bandra),False,Western Suburbs (Bandra),19.0487502032355,72.87960577777575
"FIR No. 0072/2024, P.S. Bandra",2024-09-06 11:56:00,ASSAULT,ASSAULT incident reported in Western Suburbs (Bandra),Western Suburbs (Bandra),False,Western Suburbs (Bandra),19.062970276725576,72.81700503516622
"FIR No. 0037/2023, P.S. Bandra",2023-05-31 18:50:00,THEFT,THEFT incident reported in Western Suburbs (Bandra),Western Suburbs (Bandra),False,Western Suburbs (Bandra),19.05681852194536,72.82864128478606
"FIR No. 0283/2025, P.S. Malad",2025-08-30 20:44:00,BURGLARY,BURGLARY incident reported in Northern Suburbs (Malad),Northern Suburbs (Malad),False,Northern Suburbs (Malad),19.14869916835007,72.83487546495412
"FIR No. 1092/2024, P.S. Malad",2024-10-03 02:51:00,ASSAULT,ASSAULT incident reported in Northern Suburbs (Malad),Northern Suburbs (Malad),False,Northern Suburbs (Malad),19.1561144163816,72.83220061549262
"FIR No. 0943/2023, P.S. Dadar",2023-09-01 20:15:00,ASSAULT,ASSAULT incident reported in Central Mumbai (Dadar),Central Mumbai (Dadar),True,Central Mumbai (Dadar),19.02472186112056,72.84381772757635
89521485/2024,2024-08-26 15:13:00,THEFT,THEFT incident reported in Western Suburbs (Bandra),Western Suburbs (Bandra),False,Western Suburbs (Bandra),19.042193821245004,72.83459953444697
"FIR No. 0100/2024, P.S. Colaba/CST",2024-01-18 02:58:00,ROBBERY,ROBBERY incident reported in South Mumbai (Colaba/CST),South Mumbai (Colaba/CST),True,South Mumbai (Colaba/CST),18.921195479045068,72.83156893265568
"FIR No. 0759/2026, P.S. Dadar",2026-07-15 06:55:00,BURGLARY,BURGLARY incident reported in Central Mumbai (Dadar),Central Mumbai (Dadar),False,Central Mumbai (Dadar),19.01275139540805,72.85779950252105
"FIR No. 0479/2024, P.S. Bandra",2024-06-10 02:20:00,THEFT,THEFT incident reported in Western Suburbs (Bandra),Western Suburbs (Bandra),False,Western Suburbs (Bandra),19.058173514502872,72.84895272339813
"FIR No. 0075/2026, P.S. Bandra",2026-02-22 04:59:00,ASSAULT,ASSAULT incident reported in Western Suburbs (Bandra),Western Suburbs (Bandra),False,Western Suburbs (Bandra),19.07350247345988,72.81748652847207
88146086/2025,2025-12-03 16:26:00,ASSAULT,ASSAULT incident reported in Western Suburbs (Andheri),Western Suburbs (Andheri),False,Western Suburbs (Andheri),19.113534777701155,72.85374413201872
"FIR No. 0695/2025, P.S. Andheri",2025-07-11 02:31:00,OTHER,OTHER incident reported in Western Suburbs (Andheri),Western Suburbs (Andheri),False,Western Suburbs (Andheri),19.12798893987357,72.87993260083188
"FIR No. 0321/2025, P.S. Kurla",2025-04-04 02:29:00,ROBBERY,ROBBERY incident reported in Eastern Suburbs (Kurla),Eastern Suburbs (Kurla),False,Eastern Suburbs (Kurla),19.06791746105588,72.84579513647955
"FIR No. 0183/2025, P.S. Kurla",2025-12-10 06:47:00,ROBBERY,ROBBERY incident reported in Eastern Suburbs (Kurla),Eastern Suburbs (Kurla),False,Eastern Suburbs (Kurla),19.05925866241039,72.89845218546995
"FIR No. 0176/2023, P.S. Bandra",2023-05-28 12:04:00,ASSAULT,ASSAULT incident reported in Western Suburbs (Bandra),Western Suburbs (Bandra),False,Western Suburbs (Bandra),19.061529624680283,72.83449260680476
"FIR No. 0184/2024, P.S. Colaba/CST",2024-02-05 14:54:00,THEFT,THEFT incident reported in South Mumbai (Colaba/CST),South Mumbai (Colaba/CST),False,South Mumbai (Colaba/CST),18.94402907204635,72.82721552583767
"FIR No. 0173/2026, P.S. Colaba/CST",2026-04-13 06:57:00,BURGLARY,BURGLARY incident reported in South Mumbai (Colaba/CST),South Mumbai (Colaba/CST),True,South Mumbai (Colaba/CST),18.94502462132855,72.82732444973459
"FIR No. 0006/2025, P.S. Colaba/CST",2025-03-24 00:26:00,THEFT,THEFT incident reported in South Mumbai (Colaba/CST),South Mumbai (Colaba/CST),False,South Mumbai (Colaba/CST),18.971627537109008,72.85876810413295
"FIR No. 0077/2026, P.S. Andheri",2026-03-05 12:34:00,THEFT,THEFT incident reported in Western Suburbs (Andheri),Western Suburbs (Andheri),False,Western Suburbs (Andheri),19.11918091737174,72.80742488054605
"FIR No. 0349/2024, P.S. Andheri",2024-04-01 07:35:00,THEFT,THEFT incident reported in Western Suburbs (Andheri),Western Suburbs (Andheri),True,Western Suburbs (Andheri),19.12350421926713,72.85680974638447
"FIR No. 0443/2026, P.S. Colaba/CST",2026-05-26 07:35:00,THEFT,THEFT incident reported in South Mumbai (Colaba/CST),South Mumbai (Colaba/CST),False,South Mumbai (Colaba/CST),18.9123957949193,72.81298045115058
"FIR No. 0675/2025, P.S. Andheri",2025-09-18 09:50:00,THEFT,THEFT incident reported in Western Suburbs (Andheri),Western Suburbs (Andheri),False,Western Suburbs (Andheri),19.110775973196844,72.86322116778582
"FIR No. 0022/2025, P.S. Colaba/CST",2025-06-06 22:48:00,ASSAULT,ASSAULT incident reported in South Mumbai (Colaba/CST),South Mumbai (Colaba/CST),True,South Mumbai (Colaba/CST),18.9260382887032,72.86580054599683
"FIR No. 0147/2023, P.S. Andheri",2023-04-05 06:18:00,CYBER,CYBER incident reported in Western Suburbs (Andheri),Western Suburbs (Andheri),False,Western Suburbs (Andheri),19.116836945231288,72.8762629372492
83013045/2023,2023-11-27 04:32:00,ASSAULT,ASSAULT incident reported in Eastern Suburbs (Kurla),Eastern Suburbs (Kurla),False,Eastern Suburbs (Kurla),19.066166407817366,72.88737607400274
"FIR No. 0054/2026, P.S. Dadar",2026-05-03 07:06:00,ROBBERY,ROBBERY incident reported in Central Mumbai (Dadar),Central Mumbai (Dadar),False,Central Mumbai (Dadar),19.01362809201987,72.84275604140562
"FIR No. 0098/2025, P.S. Bandra",2025-02-22 06:20:00,BURGLARY,BURGLARY incident reported in Western Suburbs (Bandra),Western Suburbs (Bandra),False,Western Suburbs (Bandra),19.079162568357187,72.83427829268489
"FIR No. 0364/2023, P.S. Malad",2023-04-29 04:22:00,THEFT,THEFT incident reported in Northern Suburbs (Malad),Northern Suburbs (Malad),False,Northern Suburbs (Malad),19.15793094570381,72.83019198390778
82533796/2026,2026-08-07 07:30:00,ROBBERY,ROBBERY incident reported in South Mumbai (Colaba/CST),South Mumbai (Colaba/CST),False,South Mumbai (Colaba/CST),18.90491516579069,72.85015179035267
"FIR No. 0548/2025, P.S. Malad",2025-12-09 04:53:00,ROBBERY,ROBBERY incident reported in Northern Suburbs (Malad),Northern Suburbs (Malad),False,Northern Suburbs (Malad),19.15193480088614,72.86174267534902
"FIR No. 0701/2025, P.S. Andheri",2025-12-09 20:56:00,ASSAULT,ASSAULT incident reported in Western Suburbs (Andheri),Western Suburbs (Andheri),False,Western Suburbs (Andheri),19.11328460038844,72.85722364403576
"FIR No. 0046/2024, P.S. Bandra",2024-03-09 19:12:00,ASSAULT,ASSAULT incident reported in Western Suburbs (Bandra),Western Suburbs (Bandra),False,Western Suburbs (Bandra),19.07038913551649,72.83852060045143
"FIR No. 0039/2025, P.S. Andheri",2025-01-15 00:32:00,THEFT,THEFT incident reported in Western Suburbs (Andheri),Western Suburbs (Andheri),False,Western Suburbs (Andheri),19.12805942963869,72.82365814740628
"FIR No. 0179/2025, P.S. Colaba/CST",2025-11-06 09:07:00,ASSAULT,ASSAULT incident reported in South Mumbai (Colaba/CST),South Mumbai (Colaba/CST),False,South Mumbai (Colaba/CST),18.936349687566093,72.84127739638683
"FIR No. 0351/2024, P.S. Bandra",2024-05-31 09:20:00,THEFT,THEFT incident reported in Western Suburbs (Bandra),Western Suburbs (Bandra),True,Western Suburbs (Bandra),19.05800823776035,72.8151117090517
"FIR No. 0040/2024, P.S. Malad",2024-01-15 03:13:00,THEFT,THEFT incident reported in Northern Suburbs (Malad),Northern Suburbs (Malad),True,Northern Suburbs (Malad),19.197891323270312,72.83951230401017
"FIR No. 0544/2025, P.S. Colaba/CST",2025-08-28 07:00:00,ASSAULT,ASSAULT incident reported in South Mumbai (Colaba/CST),South Mumbai (Colaba/CST),False,South Mumbai (Colaba/CST),18.93585569782136,72.81959981534446
"FIR No. 0439/2024, P.S. Bandra",2024-08-28 20:58:00,ASSAULT,ASSAULT incident reported in Western Suburbs (Bandra),Western Suburbs (Bandra),True,Western Suburbs (Bandra),19.075511830538527,72.8400017464898
82501252/2025,2025-07-26 06:15:00,BURGLARY,BURGLARY incident reported in Western Suburbs (Bandra),Western Suburbs (Bandra),False,Western Suburbs (Bandra),19.060278092836928,72.81949541116961
"FIR No. 0297/2024, P.S. Kurla",2024-06-25 09:26:00,BURGLARY,BURGLARY incident reported in Eastern Suburbs (Kurla),Eastern Suburbs (Kurla),False,Eastern Suburbs (Kurla),19.087205128953745,72.8952823717556
"FIR No. 0305/2024, P.S. Bandra",2024-10-28 01:29:00,CYBER,CYBER incident reported in Western Suburbs (Bandra),Western Suburbs (Bandra),False,Western Suburbs (Bandra),19.08625012035968,72.8432945728943
"FIR No. 0264/2026, P.S. Andheri",2026-07-26 22:42:00,ASSAULT,ASSAULT incident reported in Western Suburbs (Andheri),Western Suburbs (Andheri),False,Western Suburbs (Andheri),19.11740860854473,72.85795564217798
"FIR No. 0069/2023, P.S. Kurla",2023-06-07 11:01:00,THEFT,THEFT incident reported in Eastern Suburbs (Kurla),Eastern Suburbs (Kurla),False,Eastern Suburbs (Kurla),19.09580869587508,72.88753813984181
"FIR No. 0270/2023, P.S. Bandra",2023-11-06 21:46:00,THEFT,THEFT incident reported in Western Suburbs (Bandra),Western Suburbs (Bandra),True,Western Suburbs (Bandra),19.04586563493321,72.83099917201116
"FIR No. 0274/2024, P.S. Bandra",2024-08-23 07:01:00,ASSAULT,ASSAULT incident reported in Western Suburbs (Bandra),Western Suburbs (Bandra),False,Western Suburbs (Bandra),19.046682952518665,72.84364127841953
"FIR No. 0144/2023, P.S. Andheri",2023-03-22 12:42:00,THEFT,THEFT incident reported in Western Suburbs (Andheri),Western Suburbs (Andheri),False,Western Suburbs (Andheri),19.0833938190903,72.82650001601307
88322340/2025,2025-06-28 09:42:00,ASSAULT,ASSAULT incident reported in Western Suburbs (Andheri),Western Suburbs (Andheri),False,Western Suburbs (Andheri),19.10878721579198,72.83664532877167
86880426/2023,2023-07-22 02:51:00,BURGLARY,BURGLARY incident reported in Eastern Suburbs (Kurla),Eastern Suburbs (Kurla),True,Eastern Suburbs (Kurla),19.06736916251826,72.88114961436733
"FIR No. 0450/2024, P.S. Kurla",2024-08-19 06:21:00,BURGLARY,BURGLARY incident reported in Eastern Suburbs (Kurla),Eastern Suburbs (Kurla),False,Eastern Suburbs (Kurla),19.042881450708844,72.91369082405305
"FIR No. 0439/2024, P.S. Dadar",2024-10-15 03:19:00,THEFT,THEFT incident reported in Central Mumbai (Dadar),Central Mumbai (Dadar),False,Central Mumbai (Dadar),19.00451419349283,72.8186581378637
"FIR No. 0149/2024, P.S. Bandra",2024-03-10 22:30:00,THEFT,THEFT incident reported in Western Suburbs (Bandra),Western Suburbs (Bandra),False,Western Suburbs (Bandra),19.066209756006387,72.84034213249699
82728754/2026,2026-06-24 11:05:00,THEFT,THEFT incident reported in Western Suburbs (Bandra),Western Suburbs (Bandra),False,Western Suburbs (Bandra),19.075938055758662,72.84088487846205
"FIR No. 0247/2025, P.S. Andheri",2025-10-16 21:26:00,CYBER,CYBER incident reported in Western Suburbs (Andheri),Western Suburbs (Andheri),False,Western Suburbs (Andheri),19.12238129926541,72.8371642506738
82682070/2025,2025-07-09 15:55:00,THEFT,THEFT incident reported in Eastern Suburbs (Kurla),Eastern Suburbs (Kurla),False,Eastern Suburbs (Kurla),19.05932505410953,72.89930944583091
85979008/2025,2025-01-28 01:47:00,ROBBERY,ROBBERY incident reported in Western Suburbs (Andheri),Western Suburbs (Andheri),False,Western Suburbs (Andheri),19.113607053794823,72.84565003243162
86285200/2023,2023-07-21 10:59:00,CYBER,CYBER incident reported in South Mumbai (Colaba/CST),South Mumbai (Colaba/CST),True,South Mumbai (Colaba/CST),18.92282963602561,72.81814474236477
"FIR No. 0077/2024, P.S. Colaba/CST",2024-01-04 03:58:00,THEFT,THEFT incident reported in South Mumbai (Colaba/CST),South Mumbai (Colaba/CST),False,South Mumbai (Colaba/CST),18.921872318436204,72.84559949187339
83033115/2025,2025-09-22 14:06:00,THEFT,THEFT incident reported in Western Suburbs (Bandra),Western Suburbs (Bandra),False,Western Suburbs (Bandra),19.0300498083484,72.82246460378676
"FIR No. 0153/2026, P.S. Dadar",2026-04-01 22:23:00,THEFT,THEFT incident reported in Central Mumbai (Dadar),Central Mumbai (Dadar),False,Central Mumbai (Dadar),19.019011347478727,72.83286583140998
"FIR No. 0231/2025, P.S. Bandra",2025-04-12 00:58:00,OTHER,OTHER incident reported in Western Suburbs (Bandra),Western Suburbs (Bandra),False,Western Suburbs (Bandra),19.07787715360492,72.84494276911315
"FIR No. 0138/2025, P.S. Bandra",2025-06-30 01:42:00,THEFT,THEFT incident reported in Western Suburbs (Bandra),Western Suburbs (Bandra),False,Western Suburbs (Bandra),19.048612585432515,72.8303503705454
"FIR No. 0012/2024, P.S. Colaba/CST",2024-06-06 06:39:00,THEFT,THEFT incident reported in South Mumbai (Colaba/CST),South Mumbai (Colaba/CST),False,South Mumbai (Colaba/CST),18.924984687504946,72.81909002335966
"FIR No. 0030/2024, P.S. Bandra",2024-05-23 20:00:00,ROBBERY,ROBBERY incident reported in Western Suburbs (Bandra),Western Suburbs (Bandra),False,Western Suburbs (Bandra),19.043271028758564,72.83058851375108
"FIR No. 0311/2023, P.S. Dadar",2023-07-01 13:56:00,ROBBERY,ROBBERY incident reported in Central Mumbai (Dadar),Central Mumbai (Dadar),False,Central Mumbai (Dadar),19.04617830745012,72.84591358631478
"FIR No. 0454/2026, P.S. Andheri",2026-05-04 02:46:00,ROBBERY,ROBBERY incident reported in Western Suburbs (Andheri),Western Suburbs (Andheri),False,Western Suburbs (Andheri),19.119491899808608,72.8515622180479
80713316/2026,2026-07-06 04:56:00,BURGLARY,BURGLARY incident reported in Eastern Suburbs (Kurla),Eastern Suburbs (Kurla),False,Eastern Suburbs (Kurla),19.074615734995483,72.91271449567219
"FIR No. 0449/2025, P.S. Andheri",2025-10-10 05:49:00,CYBER,CYBER incident reported in Western Suburbs (Andheri),Western Suburbs (Andheri),False,Western Suburbs (Andheri),19.099771151620505,72.86047693927357
"FIR No. 0271/2026, P.S. Kurla",2026-05-16 08:15:00,BURGLARY,BURGLARY incident reported in Eastern Suburbs (Kurla),Eastern Suburbs (Kurla),False,Eastern Suburbs (Kurla),19.03684971518239,72.87567533279169
"FIR No. 0812/2025, P.S. Andheri",2025-09-26 03:41:00,OTHER,OTHER incident reported in Western Suburbs (Andheri),Western Suburbs (Andheri),True,Western Suburbs (Andheri),19.097794448094625,72.82875795084607
"FIR No. 0183/2025, P.S. Kurla",2025-05-09 22:59:00,ASSAULT,ASSAULT incident reported in Eastern Suburbs (Kurla),Eastern Suburbs (Kurla),False,Eastern Suburbs (Kurla),19.0887471892475,72.88031303210073
"FIR No. 0165/2026, P.S. Colaba/CST",2026-02-23 01:24:00,THEFT,THEFT incident reported in South Mumbai (Colaba/CST),South Mumbai (Colaba/CST),False,South Mumbai (Colaba/CST),18.925400376016626,72.81557677960896
"FIR No. 0549/2025, P.S. Colaba/CST",2025-08-25 15:03:00,OTHER,OTHER incident reported in South Mumbai (Colaba/CST),South Mumbai (Colaba/CST),True,South Mumbai (Colaba/CST),18.94539414279765,72.8165592443207
"FIR No. 0146/2023, P.S. Bandra",2023-10-26 15:23:00,OTHER,OTHER incident reported in Western Suburbs (Bandra),Western Suburbs (Bandra),False,Western Suburbs (Bandra),19.030201991493986,72.809046511653
"FIR No. 0497/2024, P.S. Colaba/CST",2024-06-01 14:47:00,THEFT,THEFT incident reported in South Mumbai (Colaba/CST),South Mumbai (Colaba/CST),False,South Mumbai (Colaba/CST),18.93631196086302,72.82589291058285
"FIR No. 0477/2024, P.S. Andheri",2024-05-03 00:19:00,THEFT,THEFT incident reported in Western Suburbs (Andheri),Western Suburbs (Andheri),True,Western Suburbs (Andheri),19.138255201327347,72.86028240566812
"FIR No. 0619/2025, P.S. Colaba/CST",2025-09-23 08:04:00,THEFT,THEFT incident reported in South Mumbai (Colaba/CST),South Mumbai (Colaba/CST),True,South Mumbai (Colaba/CST),18.94169640848039,72.83069426999356
"FIR No. 0441/2025, P.S. Kurla",2025-07-03 21:21:00,ASSAULT,ASSAULT incident reported in Eastern Suburbs (Kurla),Eastern Suburbs (Kurla),True,Eastern Suburbs (Kurla),19.076896507902905,72.86165831832722
"FIR No. 0032/2025, P.S. Andheri",2025-01-31 11:59:00,CYBER,CYBER incident reported in Western Suburbs (Andheri),Western Suburbs (Andheri),False,Western Suburbs (Andheri),19.1343546729004,72.84336551786632
"FIR No. 0143/2024, P.S. Bandra",2024-02-20 21:02:00,THEFT,THEFT incident reported in Western Suburbs (Bandra),Western Suburbs (Bandra),True,Western Suburbs (Bandra),19.057206421704453,72.83474627656254
82188129/2024,2024-01-18 07:17:00,CYBER,CYBER incident reported in South Mumbai (Colaba/CST),South Mumbai (Colaba/CST),True,South Mumbai (Colaba/CST),18.91049986358288,72.82054437553109
82104423/2025,2025-06-21 20:35:00,ROBBERY,ROBBERY incident reported in Western Suburbs (Andheri),Western Suburbs (Andheri),False,Western Suburbs (Andheri),19.133468577236744,72.82804489340499
"FIR No. 0185/2025, P.S. Andheri",2025-04-02 10:34:00,THEFT,THEFT incident reported in Western Suburbs (Andheri),Western Suburbs (Andheri),True,Western Suburbs (Andheri),19.12526041579156,72.84723937460514
"FIR No. 0445/2023, P.S. Bandra",2023-09-26 10:08:00,THEFT,THEFT incident reported in Western Suburbs (Bandra),Western Suburbs (Bandra),False,Western Suburbs (Bandra),19.062582105932883,72.84609122712666
"FIR No. 0455/2023, P.S. Colaba/CST",2023-06-23 16:23:00,CYBER,CYBER incident reported in South Mumbai (Colaba/CST),South Mumbai (Colaba/CST),False,South Mumbai (Colaba/CST),18.96474435007985,72.80508984009417
87232005/2023,2023-01-06 11:50:00,BURGLARY,BURGLARY incident reported in Western Suburbs (Andheri),Western Suburbs (Andheri),False,Western Suburbs (Andheri),19.10009957855365,72.85118184165455
80986131/2025,2025-07-11 09:24:00,THEFT,THEFT incident reported in Eastern Suburbs (Kurla),Eastern Suburbs (Kurla),False,Eastern Suburbs (Kurla),19.06459497047853,72.88340474624145
80362403/2025,2025-09-14 09:42:00,ROBBERY,ROBBERY incident reported in Central Mumbai (Dadar),Central Mumbai (Dadar),False,Central Mumbai (Dadar),19.01244683124934,72.84804626690348
89509281/2024,2024-08-11 14:45:00,CYBER,CYBER incident reported in South Mumbai (Colaba/CST),South Mumbai (Colaba/CST),False,South Mumbai (Colaba/CST),18.95152993490152,72.8476723321248
86676008/2026,2026-06-22 15:26:00,ASSAULT,ASSAULT incident reported in Eastern Suburbs (Kurla),Eastern Suburbs (Kurla),False,Eastern Suburbs (Kurla),19.059684343091227,72.87800602606956
"FIR No. 0739/2024, P.S. Kurla",2024-10-08 01:51:00,THEFT,THEFT incident reported in Eastern Suburbs (Kurla),Eastern Suburbs (Kurla),True,Eastern Suburbs (Kurla),19.07124674343669,72.91157495934434
"FIR No. 0394/2026, P.S. Andheri",2026-05-30 05:18:00,THEFT,THEFT incident reported in Western Suburbs (Andheri),Western Suburbs (Andheri),False,Western Suburbs (Andheri),19.105135085301985,72.84940535165015
"FIR No. 0128/2024, P.S. Andheri",2024-04-28 10:25:00,THEFT,THEFT incident reported in Western Suburbs (Andheri),Western Suburbs (Andheri),False,Western Suburbs (Andheri),19.11886843359302,72.858768905452
"FIR No. 0153/2024, P.S. Bandra",2024-03-05 04:12:00,ROBBERY,ROBBERY incident reported in Western Suburbs (Bandra),Western Suburbs (Bandra),False,Western Suburbs (Bandra),19.061468920753548,72.82741276648748
"FIR No. 0078/2023, P.S. Dadar",2023-01-11 20:23:00,ASSAULT,ASSAULT incident reported in Central Mumbai (Dadar),Central Mumbai (Dadar),False,Central Mumbai (Dadar),19.03477018842794,72.86436123582054
"FIR No. 0192/2023, P.S. Colaba/CST",2023-03-15 23:31:00,BURGLARY,BURGLARY incident reported in South Mumbai (Colaba/CST),South Mumbai (Colaba/CST),True,South Mumbai (Colaba/CST),18.940067347551707,72.82289597541832
"FIR No. 0463/2025, P.S. Kurla",2025-05-02 03:44:00,BURGLARY,BURGLARY incident reported in Eastern Suburbs (Kurla),Eastern Suburbs (Kurla),False,Eastern Suburbs (Kurla),19.07453026729886,72.8903823042302
"FIR No. 0274/2026, P.S. Andheri",2026-04-26 15:55:00,THEFT,THEFT incident reported in Western Suburbs (Andheri),Western Suburbs (Andheri),False,Western Suburbs (Andheri),19.12989571199672,72.81649310359794
"FIR No. 0375/2023, P.S. Kurla",2023-11-13 01:03:00,THEFT,THEFT incident reported in Eastern Suburbs (Kurla),Eastern Suburbs (Kurla),False,Eastern Suburbs (Kurla),19.047402712732083,72.90960559695964
86579007/2024,2024-05-07 11:11:00,THEFT,THEFT incident reported in Northern Suburbs (Malad),Northern Suburbs (Malad),False,Northern Suburbs (Malad),19.17520816225516,72.86489345763123
"FIR No. 0522/2025, P.S. Bandra",2025-09-21 02:55:00,THEFT,THEFT incident reported in Western Suburbs (Bandra),Western Suburbs (Bandra),False,Western Suburbs (Bandra),19.06618974552373,72.82845167205423
"FIR No. 0074/2023, P.S. Colaba/CST",2023-10-03 16:48:00,ROBBERY,ROBBERY incident reported in South Mumbai (Colaba/CST),South Mumbai (Colaba/CST),True,South Mumbai (Colaba/CST),18.932385651867698,72.87050525772555
"FIR No. 0433/2023, P.S. Andheri",2023-07-15 04:46:00,ASSAULT,ASSAULT incident reported in Western Suburbs (Andheri),Western Suburbs (Andheri),False,Western Suburbs (Andheri),19.12938602430919,72.83673112895386
"FIR No. 0212/2026, P.S. Bandra",2026-06-23 01:58:00,THEFT,THEFT incident reported in Western Suburbs (Bandra),Western Suburbs (Bandra),False,Western Suburbs (Bandra),19.04641526221321,72.82895879429353
"FIR No. 0073/2025, P.S. Bandra",2025-07-17 01:51:00,THEFT,THEFT incident reported in Western Suburbs (Bandra),Western Suburbs (Bandra),False,Western Suburbs (Bandra),19.07037549622366,72.84251721837207
"FIR No. 0074/2024, P.S. Bandra",2024-01-09 06:09:00,CYBER,CYBER incident reported in Western Suburbs (Bandra),Western Suburbs (Bandra),False,Western Suburbs (Bandra),19.0625583121342,72.80896247290795
"FIR No. 0056/2023, P.S. Colaba/CST",2023-02-06 15:11:00,THEFT,THEFT incident reported in South Mumbai (Colaba/CST),South Mumbai (Colaba/CST),True,South Mumbai (Colaba/CST),18.91752084404048,72.83091409331297
"FIR No. 1021/2025, P.S. Bandra",2025-11-06 23:40:00,BURGLARY,BURGLARY incident reported in Western Suburbs (Bandra),Western Suburbs (Bandra),False,Western Suburbs (Bandra),19.03931140167785,72.82115621750773
"FIR No. 0306/2025, P.S. Colaba/CST",2025-12-01 10:05:00,THEFT,THEFT incident reported in South Mumbai (Colaba/CST),South Mumbai (Colaba/CST),False,South Mumbai (Colaba/CST),18.926771067377505,72.83614530905167
87387020/2023,2023-01-23 21:00:00,BURGLARY,BURGLARY incident reported in South Mumbai (Colaba/CST),South Mumbai (Colaba/CST),False,South Mumbai (Colaba/CST),18.93397588268725,72.80977868776719
"FIR No. 0041/2023, P.S. Bandra",2023-01-03 08:45:00,ASSAULT,ASSAULT incident reported in Western Suburbs (Bandra),Western Suburbs (Bandra),True,Western Suburbs (Bandra),19.08926251075182,72.83532139051188
"FIR No. 0018/2024, P.S. Dadar",2024-01-01 07:06:00,CYBER,CYBER incident reported in Central Mumbai (Dadar),Central Mumbai (Dadar),False,Central Mumbai (Dadar),19.02888810498674,72.84072453892696
81241699/2026,2026-03-31 12:36:00,ASSAULT,ASSAULT incident reported in Central Mumbai (Dadar),Central Mumbai (Dadar),False,Central Mumbai (Dadar),19.01431379652805,72.8309646074226
"FIR No. 0542/2026, P.S. Malad",2026-08-18 00:55:00,THEFT,THEFT incident reported in Northern Suburbs (Malad),Northern Suburbs (Malad),True,Northern Suburbs (Malad),19.163933058170603,72.82462578061457
"FIR No. 0300/2026, P.S. Colaba/CST",2026-04-20 16:39:00,THEFT,THEFT incident reported in South Mumbai (Colaba/CST),South Mumbai (Colaba/CST),False,South Mumbai (Colaba/CST),18.945083145501705,72.84234111321167
"FIR No. 0494/2025, P.S. Bandra",2025-08-20 19:40:00,ASSAULT,ASSAULT incident reported in Western Suburbs (Bandra),Western Suburbs (Bandra),False,Western Suburbs (Bandra),19.06657653619412,72.8467981959048
"FIR No. 0043/2023, P.S. Colaba/CST",2023-04-21 18:24:00,BURGLARY,BURGLARY incident reported in South Mumbai (Colaba/CST),South Mumbai (Colaba/CST),False,South Mumbai (Colaba/CST),18.90236725976215,72.8450755104071
"FIR No. 0131/2025, P.S. Dadar",2025-03-06 05:06:00,CYBER,CYBER incident reported in Central Mumbai (Dadar),Central Mumbai (Dadar),False,Central Mumbai (Dadar),19.00795484772647,72.85041329983152
"FIR No. 0074/2023, P.S. Colaba/CST",2023-07-31 06:35:00,BURGLARY,BURGLARY incident reported in South Mumbai (Colaba/CST),South Mumbai (Colaba/CST),False,South Mumbai (Colaba/CST),18.90863841190077,72.86015376188024
"FIR No. 0016/2023, P.S. Colaba/CST",2023-03-04 12:04:00,THEFT,THEFT incident reported in South Mumbai (Colaba/CST),South Mumbai (Colaba/CST),True,South Mumbai (Colaba/CST),18.95405416971752,72.80866919942693
"FIR No. 0844/2025, P.S. Dadar",2025-10-21 13:50:00,ASSAULT,ASSAULT incident reported in Central Mumbai (Dadar),Central Mumbai (Dadar),True,Central Mumbai (Dadar),19.026815177545032,72.85134238739006
"FIR No. 0131/2026, P.S. Kurla",2026-03-18 15:25:00,OTHER,OTHER incident reported in Eastern Suburbs (Kurla),Eastern Suburbs (Kurla),False,Eastern Suburbs (Kurla),19.07734691654884,72.88688765023736
84668612/2023,2023-08-23 13:40:00,ASSAULT,ASSAULT incident reported in Northern Suburbs (Malad),Northern Suburbs (Malad),True,Northern Suburbs (Malad),19.20077754592667,72.84595566134914
87793363/2026,2026-07-12 21:57:00,THEFT,THEFT incident reported in Western Suburbs (Bandra),Western Suburbs (Bandra),False,Western Suburbs (Bandra),19.06981928439788,72.84717164945538
87120497/2026,2026-02-07 21:50:00,ROBBERY,ROBBERY incident reported in Eastern Suburbs (Kurla),Eastern Suburbs (Kurla),False,Eastern Suburbs (Kurla),19.06870107718352,72.85271325952635
"FIR No. 0822/2024, P.S. Dadar",2024-11-23 23:07:00,ASSAULT,ASSAULT incident reported in Central Mumbai (Dadar),Central Mumbai (Dadar),True,Central Mumbai (Dadar),18.995416061574343,72.82816671305106
"FIR No. 0419/2025, P.S. Malad",2025-08-29 19:40:00,ROBBERY,ROBBERY incident reported in Northern Suburbs (Malad),Northern Suburbs (Malad),False,Northern Suburbs (Malad),19.19492114977599,72.85407020674417
"FIR No. 0318/2026, P.S. Colaba/CST",2026-04-26 23:44:00,THEFT,THEFT incident reported in South Mumbai (Colaba/CST),South Mumbai (Colaba/CST),False,South Mumbai (Colaba/CST),18.925899220765626,72.84046125269374
"FIR No. 0254/2023, P.S. Colaba/CST",2023-04-14 19:43:00,ASSAULT,ASSAULT incident reported in South Mumbai (Colaba/CST),South Mumbai (Colaba/CST),False,South Mumbai (Colaba/CST),18.962697727032968,72.8023520031825
"FIR No. 0003/2023, P.S. Malad",2023-02-11 20:25:00,ASSAULT,ASSAULT incident reported in Northern Suburbs (Malad),Northern Suburbs (Malad),False,Northern Suburbs (Malad),19.15893307180199,72.85018832329354
"FIR No. 0082/2025, P.S. Malad",2025-09-09 13:44:00,THEFT,THEFT incident reported in Northern Suburbs (Malad),Northern Suburbs (Malad),False,Northern Suburbs (Malad),19.14845796086352,72.83636795540593
"FIR No. 0052/2025, P.S. Colaba/CST",2025-08-30 19:35:00,THEFT,THEFT incident reported in South Mumbai (Colaba/CST),South Mumbai (Colaba/CST),False,South Mumbai (Colaba/CST),18.91755306503551,72.82403592542695
"FIR No. 0004/2023, P.S. Colaba/CST",2023-07-09 06:40:00,BURGLARY,BURGLARY incident reported in South Mumbai (Colaba/CST),South Mumbai (Colaba/CST),False,South Mumbai (Colaba/CST),18.93659737118226,72.82512091485212
"FIR No. 0311/2025, P.S. Andheri",2025-11-13 07:01:00,ROBBERY,ROBBERY incident reported in Western Suburbs (Andheri),Western Suburbs (Andheri),False,Western Suburbs (Andheri),19.10766642273624,72.86043619810638
84547049/2026,2026-07-18 19:31:00,ASSAULT,ASSAULT incident reported in Western Suburbs (Bandra),Western Suburbs (Bandra),False,Western Suburbs (Bandra),19.04259872375484,72.8195971586435
"FIR No. 0478/2023, P.S. Andheri",2023-08-30 23:03:00,THEFT,THEFT incident reported in Western Suburbs (Andheri),Western Suburbs (Andheri),False,Western Suburbs (Andheri),19.131433981123248,72.85497863601007
"FIR No. 0347/2023, P.S. Colaba/CST",2023-09-16 19:31:00,ASSAULT,ASSAULT incident reported in South Mumbai (Colaba/CST),South Mumbai (Colaba/CST),False,South Mumbai (Colaba/CST),18.92610551392708,72.82459452863097
"FIR No. 0164/2026, P.S. Andheri",2026-02-02 11:06:00,CYBER,CYBER incident reported in Western Suburbs (Andheri),Western Suburbs (Andheri),True,Western Suburbs (Andheri),19.10272687728732,72.83589544784533
84010794/2025,2025-10-02 10:05:00,THEFT,THEFT incident reported in Eastern Suburbs (Kurla),Eastern Suburbs (Kurla),False,Eastern Suburbs (Kurla),19.094523980750203,72.88586791936544
"FIR No. 0644/2024, P.S. Bandra",2024-06-15 11:19:00,ASSAULT,ASSAULT incident reported in Western Suburbs (Bandra),Western Suburbs (Bandra),False,Western Suburbs (Bandra),19.05133147493088,72.83108874083871
83596268/2025,2025-07-06 18:05:00,THEFT,THEFT incident reported in Western Suburbs (Andheri),Western Suburbs (Andheri),False,Western Suburbs (Andheri),19.102677339317225,72.86727214035828
"FIR No. 0568/2026, P.S. Kurla",2026-07-03 17:07:00,ASSAULT,ASSAULT incident reported in Eastern Suburbs (Kurla),Eastern Suburbs (Kurla),False,Eastern Suburbs (Kurla),19.067824755141864,72.8907720467497
"FIR No. 0242/2024, P.S. Colaba/CST",2024-03-18 04:47:00,THEFT,THEFT incident reported in South Mumbai (Colaba/CST),South Mumbai (Colaba/CST),False,South Mumbai (Colaba/CST),18.93349383471841,72.8445905173427
"FIR No. 0225/2023, P.S. Colaba/CST",2023-05-04 03:27:00,BURGLARY,BURGLARY incident reported in South Mumbai (Colaba/CST),South Mumbai (Colaba/CST),False,South Mumbai (Colaba/CST),18.94503710538794,72.8452261704527
"FIR No. 0034/2026, P.S. Andheri",2026-08-01 17:51:00,ASSAULT,ASSAULT incident reported in Western Suburbs (Andheri),Western Suburbs (Andheri),False,Western Suburbs (Andheri),19.11579826139544,72.83682923770384
"FIR No. 0268/2025, P.S. Colaba/CST",2025-07-26 21:12:00,THEFT,THEFT incident reported in South Mumbai (Colaba/CST),South Mumbai (Colaba/CST),False,South Mumbai (Colaba/CST),18.93091292972693,72.83252609684152
"FIR No. 0202/2026, P.S. Kurla",2026-03-22 22:40:00,ASSAULT,ASSAULT incident reported in Eastern Suburbs (Kurla),Eastern Suburbs (Kurla),False,Eastern Suburbs (Kurla),19.042439025231555,72.87820943741701
"FIR No. 0269/2026, P.S. Bandra",2026-07-14 21:58:00,THEFT,THEFT incident reported in Western Suburbs (Bandra),Western Suburbs (Bandra),False,Western Suburbs (Bandra),19.05915539156983,72.84734196925264
87393305/2025,2025-03-06 06:31:00,THEFT,THEFT incident reported in Eastern Suburbs (Kurla),Eastern Suburbs (Kurla),False,Eastern Suburbs (Kurla),19.064482752791875,72.88002398311684
"FIR No. 0043/2023, P.S. Kurla",2023-03-27 16:05:00,THEFT,THEFT incident reported in Eastern Suburbs (Kurla),Eastern Suburbs (Kurla),False,Eastern Suburbs (Kurla),19.07428426872564,72.87894409171
"FIR No. 0161/2023, P.S. Colaba/CST",2023-03-26 08:06:00,THEFT,THEFT incident reported in South Mumbai (Colaba/CST),South Mumbai (Colaba/CST),False,South Mumbai (Colaba/CST),18.91293801527607,72.83767771576834
"FIR No. 0108/2026, P.S. Kurla",2026-04-05 13:36:00,OTHER,OTHER incident reported in Eastern Suburbs (Kurla),Eastern Suburbs (Kurla),False,Eastern Suburbs (Kurla),19.073588896007863,72.8742380817974
"FIR No. 0522/2024, P.S. Dadar",2024-11-29 15:16:00,ASSAULT,ASSAULT incident reported in Central Mumbai (Dadar),Central Mumbai (Dadar),False,Central Mumbai (Dadar),19.014165357494,72.86221017645319
"FIR No. 0228/2025, P.S. Bandra",2025-03-16 14:56:00,OTHER,OTHER incident reported in Western Suburbs (Bandra),Western Suburbs (Bandra),False,Western Suburbs (Bandra),19.08240905665687,72.82892188993975
"FIR No. 0207/2026, P.S. Kurla",2026-06-21 13:13:00,ASSAULT,ASSAULT incident reported in Eastern Suburbs (Kurla),Eastern Suburbs (Kurla),False,Eastern Suburbs (Kurla),19.07071970998028,72.87793926624018
"FIR No. 0143/2026, P.S. Andheri",2026-02-03 20:38:00,CYBER,CYBER incident reported in Western Suburbs (Andheri),Western Suburbs (Andheri),True,Western Suburbs (Andheri),19.13125626876723,72.8363577192225
"FIR No. 0930/2025, P.S. Andheri",2025-08-29 05:11:00,ASSAULT,ASSAULT incident reported in Western Suburbs (Andheri),Western Suburbs (Andheri),False,Western Suburbs (Andheri),19.08583552818313,72.86050279505915
"FIR No. 0119/2026, P.S. Bandra",2026-04-16 17:05:00,THEFT,THEFT incident reported in Western Suburbs (Bandra),Western Suburbs (Bandra),True,Western Suburbs (Bandra),19.070987167451698,72.83491983958251
"FIR No. 0485/2024, P.S. Colaba/CST",2024-12-21 02:38:00,ROBBERY,ROBBERY incident reported in South Mumbai (Colaba/CST),South Mumbai (Colaba/CST),False,South Mumbai (Colaba/CST),18.934615960952264,72.86483224021525
"FIR No. 0161/2023, P.S. Malad",2023-07-14 06:55:00,THEFT,THEFT incident reported in Northern Suburbs (Malad),Northern Suburbs (Malad),False,Northern Suburbs (Malad),19.177403189627363,72.85610855097009
"FIR No. 0283/2023, P.S. Andheri",2023-10-19 08:51:00,THEFT,THEFT incident reported in Western Suburbs (Andheri),Western Suburbs (Andheri),True,Western Suburbs (Andheri),19.098651670541525,72.83461534183053
"FIR No. 0355/2024, P.S. Andheri",2024-05-19 18:58:00,THEFT,THEFT incident reported in Western Suburbs (Andheri),Western Suburbs (Andheri),False,Western Suburbs (Andheri),19.08178261309752,72.8186869733001
"FIR No. 0374/2023, P.S. Colaba/CST",2023-04-05 21:35:00,ASSAULT,ASSAULT incident reported in South Mumbai (Colaba/CST),South Mumbai (Colaba/CST),True,South Mumbai (Colaba/CST),18.91052388468311,72.83001182918096
"FIR No. 0070/2026, P.S. Dadar",2026-05-30 11:25:00,OTHER,OTHER incident reported in Central Mumbai (Dadar),Central Mumbai (Dadar),False,Central Mumbai (Dadar),19.016580381386245,72.84239988298599
85762884/2026,2026-01-07 05:03:00,ROBBERY,ROBBERY incident reported in South Mumbai (Colaba/CST),South Mumbai (Colaba/CST),False,South Mumbai (Colaba/CST),18.95566388672061,72.83458916626304
83944088/2024,2024-03-19 01:49:00,THEFT,THEFT incident reported in Western Suburbs (Bandra),Western Suburbs (Bandra),False,Western Suburbs (Bandra),19.041166009611004,72.84019807627921
"FIR No. 0206/2023, P.S. Andheri",2023-05-02 22:07:00,THEFT,THEFT incident reported in Western Suburbs (Andheri),Western Suburbs (Andheri),False,Western Suburbs (Andheri),19.123764392046866,72.86088921613755
"FIR No. 0383/2026, P.S. Dadar",2026-07-31 16:57:00,ASSAULT,ASSAULT incident reported in Central Mumbai (Dadar),Central Mumbai (Dadar),False,Central Mumbai (Dadar),19.016670757424155,72.8561594855806
"FIR No. 0122/2023, P.S. Colaba/CST",2023-05-28 08:20:00,THEFT,THEFT incident reported in South Mumbai (Colaba/CST),South Mumbai (Colaba/CST),False,South Mumbai (Colaba/CST),18.914866950262468,72.8265091824361
"FIR No. 0130/2023, P.S. Malad",2023-11-08 23:11:00,THEFT,THEFT incident reported in Northern Suburbs (Malad),Northern Suburbs (Malad),False,Northern Suburbs (Malad),19.17222177984704,72.86514098212993
"FIR No. 0052/2023, P.S. Colaba/CST",2023-03-16 20:01:00,ASSAULT,ASSAULT incident reported in South Mumbai (Colaba/CST),South Mumbai (Colaba/CST),False,South Mumbai (Colaba/CST),18.96387320065108,72.81250962746337
"FIR No. 0393/2024, P.S. Colaba/CST",2024-09-12 06:59:00,THEFT,THEFT incident reported in South Mumbai (Colaba/CST),South Mumbai (Colaba/CST),True,South Mumbai (Colaba/CST),18.948033830651102,72.83040029367132
"FIR No. 0882/2024, P.S. Colaba/CST",2024-11-09 17:21:00,ASSAULT,ASSAULT incident reported in South Mumbai (Colaba/CST),South Mumbai (Colaba/CST),False,South Mumbai (Colaba/CST),18.93434452301713,72.84095117759693
"FIR No. 0267/2025, P.S. Malad",2025-07-28 07:21:00,CYBER,CYBER incident reported in Northern Suburbs (Malad),Northern Suburbs (Malad),False,Northern Suburbs (Malad),19.194627043074576,72.85093310778035
"FIR No. 0308/2026, P.S. Malad",2026-06-01 04:41:00,ROBBERY,ROBBERY incident reported in Northern Suburbs (Malad),Northern Suburbs (Malad),True,Northern Suburbs (Malad),19.19494599850353,72.83321849041587
"FIR No. 0138/2024, P.S. Colaba/CST",2024-10-24 03:13:00,BURGLARY,BURGLARY incident reported in South Mumbai (Colaba/CST),South Mumbai (Colaba/CST),False,South Mumbai (Colaba/CST),18.923570231374143,72.80942770842927
"FIR No. 0796/2024, P.S. Andheri",2024-12-03 09:01:00,BURGLARY,BURGLARY incident reported in Western Suburbs (Andheri),Western Suburbs (Andheri),False,Western Suburbs (Andheri),19.11139553276225,72.85365054958658
"FIR No. 0538/2023, P.S. Bandra",2023-08-06 10:35:00,THEFT,THEFT incident reported in Western Suburbs (Bandra),Western Suburbs (Bandra),False,Western Suburbs (Bandra),19.06572335975676,72.82259581527661
"FIR No. 0202/2023, P.S. Colaba/CST",2023-04-09 13:18:00,BURGLARY,BURGLARY incident reported in South Mumbai (Colaba/CST),South Mumbai (Colaba/CST),True,South Mumbai (Colaba/CST),18.91114557510536,72.82150936563544
"FIR No. 0035/2023, P.S. Bandra",2023-06-28 16:55:00,ASSAULT,ASSAULT incident reported in Western Suburbs (Bandra),Western Suburbs (Bandra),False,Western Suburbs (Bandra),19.061633876616387,72.82422262616588
"FIR No. 0402/2023, P.S. Colaba/CST",2023-08-24 20:05:00,OTHER,OTHER incident reported in South Mumbai (Colaba/CST),South Mumbai (Colaba/CST),False,South Mumbai (Colaba/CST),18.92354503506704,72.84064541976146
"FIR No. 0226/2025, P.S. Dadar",2025-10-08 07:29:00,OTHER,OTHER incident reported in Central Mumbai (Dadar),Central Mumbai (Dadar),False,Central Mumbai (Dadar),19.02545001948957,72.85663494853682
"FIR No. 0293/2026, P.S. Bandra",2026-04-26 07:54:00,CYBER,CYBER incident reported in Western Suburbs (Bandra),Western Suburbs (Bandra),False,Western Suburbs (Bandra),19.06853611023132,72.83633311479603
"FIR No. 0220/2024, P.S. Colaba/CST",2024-08-02 14:33:00,ASSAULT,ASSAULT incident reported in South Mumbai (Colaba/CST),South Mumbai (Colaba/CST),False,South Mumbai (Colaba/CST),18.914052596267062,72.82426856948786
"FIR No. 0815/2024, P.S. Colaba/CST",2024-11-14 18:31:00,ASSAULT,ASSAULT incident reported in South Mumbai (Colaba/CST),South Mumbai (Colaba/CST),False,South Mumbai (Colaba/CST),18.925986960830805,72.82061067710461
"FIR No. 0067/2024, P.S. Dadar",2024-02-08 12:45:00,ROBBERY,ROBBERY incident reported in Central Mumbai (Dadar),Central Mumbai (Dadar),False,Central Mumbai (Dadar),19.005152235175448,72.84663644993208
"FIR No. 0101/2025, P.S. Colaba/CST",2025-03-09 16:23:00,THEFT,THEFT incident reported in South Mumbai (Colaba/CST),South Mumbai (Colaba/CST),True,South Mumbai (Colaba/CST),18.95868448756429,72.84270030793947
"FIR No. 0274/2023, P.S. Dadar",2023-07-31 12:28:00,THEFT,THEFT incident reported in Central Mumbai (Dadar),Central Mumbai (Dadar),False,Central Mumbai (Dadar),18.999703769555065,72.85669835487394
"FIR No. 0437/2024, P.S. Colaba/CST",2024-07-16 23:14:00,ASSAULT,ASSAULT incident reported in South Mumbai (Colaba/CST),South Mumbai (Colaba/CST),False,South Mumbai (Colaba/CST),18.92632372537335,72.8192799928626
"FIR No. 0002/2023, P.S. Kurla",2023-01-23 16:12:00,THEFT,THEFT incident reported in Eastern Suburbs (Kurla),Eastern Suburbs (Kurla),False,Eastern Suburbs (Kurla),19.07350375117999,72.85927268898156
"FIR No. 0396/2026, P.S. Bandra",2026-08-14 01:47:00,THEFT,THEFT incident reported in Western Suburbs (Bandra),Western Suburbs (Bandra),False,Western Suburbs (Bandra),19.064775909618195,72.81083226160516
85285193/2023,2023-07-23 14:07:00,THEFT,THEFT incident reported in Western Suburbs (Andheri),Western Suburbs (Andheri),False,Western Suburbs (Andheri),19.096825607373656,72.83964024974595
"FIR No. 0449/2025, P.S. Kurla",2025-07-18 10:43:00,THEFT,THEFT incident reported in Eastern Suburbs (Kurla),Eastern Suburbs (Kurla),False,Eastern Suburbs (Kurla),19.09135696553477,72.87344592972917
85339124/2026,2026-02-21 04:12:00,THEFT,THEFT incident reported in Western Suburbs (Bandra),Western Suburbs (Bandra),True,Western Suburbs (Bandra),19.063827132517385,72.85954718869887
82275127/2026,2026-08-03 22:01:00,ASSAULT,ASSAULT incident reported in South Mumbai (Colaba/CST),South Mumbai (Colaba/CST),False,South Mumbai (Colaba/CST),18.92855466292024,72.82696721497125
"FIR No. 0049/2025, P.S. Andheri",2025-01-27 15:10:00,ASSAULT,ASSAULT incident reported in Western Suburbs (Andheri),Western Suburbs (Andheri),True,Western Suburbs (Andheri),19.115703339310617,72.84454855097844
"FIR No. 0162/2023, P.S. Bandra",2023-11-14 02:56:00,ROBBERY,ROBBERY incident reported in Western Suburbs (Bandra),Western Suburbs (Bandra),False,Western Suburbs (Bandra),19.04014258779901,72.83330352400195
"FIR No. 0126/2025, P.S. Kurla",2025-08-26 10:36:00,THEFT,THEFT incident reported in Eastern Suburbs (Kurla),Eastern Suburbs (Kurla),False,Eastern Suburbs (Kurla),19.051974506104205,72.87347025888228
"FIR No. 0384/2024, P.S. Malad",2024-06-10 01:51:00,ASSAULT,ASSAULT incident reported in Northern Suburbs (Malad),Northern Suburbs (Malad),True,Northern Suburbs (Malad),19.18828554265362,72.85441121308494
"FIR No. 0544/2026, P.S. Malad",2026-08-07 14:25:00,ROBBERY,ROBBERY incident reported in Northern Suburbs (Malad),Northern Suburbs (Malad),False,Northern Suburbs (Malad),19.19422001326932,72.86647048824442
"FIR No. 0207/2026, P.S. Andheri",2026-06-30 19:36:00,THEFT,THEFT incident reported in Western Suburbs (Andheri),Western Suburbs (Andheri),False,Western Suburbs (Andheri),19.084427216303464,72.8322552724039
"FIR No. 0216/2026, P.S. Malad",2026-06-21 22:34:00,THEFT,THEFT incident reported in Northern Suburbs (Malad),Northern Suburbs (Malad),True,Northern Suburbs (Malad),19.184130653531074,72.85945893381464
"FIR No. 0021/2026, P.S. Colaba/CST",2026-01-26 11:01:00,ASSAULT,ASSAULT incident reported in South Mumbai (Colaba/CST),South Mumbai (Colaba/CST),False,South Mumbai (Colaba/CST),18.900259190649354,72.83440308414359
"FIR No. 0151/2026, P.S. Andheri",2026-06-08 12:32:00,THEFT,THEFT incident reported in Western Suburbs (Andheri),Western Suburbs (Andheri),True,Western Suburbs (Andheri),19.13838649307567,72.83522415095196
86823866/2026,2026-02-18 12:49:00,CYBER,CYBER incident reported in Western Suburbs (Andheri),Western Suburbs (Andheri),True,Western Suburbs (Andheri),19.11074703520441,72.83198459651892
83132864/2025,2025-12-26 06:04:00,THEFT,THEFT incident reported in South Mumbai (Colaba/CST),South Mumbai (Colaba/CST),True,South Mumbai (Colaba/CST),18.94834589349103,72.8164147456151
82962600/2023,2023-02-10 22:28:00,ASSAULT,ASSAULT incident reported in Northern Suburbs (Malad),Northern Suburbs (Malad),False,Northern Suburbs (Malad),19.16885035682373,72.83414020366098
"FIR No. 0096/2025, P.S. Bandra",2025-08-30 07:10:00,ASSAULT,ASSAULT incident reported in Western Suburbs (Bandra),Western Suburbs (Bandra),False,Western Suburbs (Bandra),19.05317976945716,72.86860311736413
"FIR No. 0593/2023, P.S. Bandra",2023-09-19 07:10:00,THEFT,THEFT incident reported in Western Suburbs (Bandra),Western Suburbs (Bandra),False,Western Suburbs (Bandra),19.083730855673704,72.81956861523089
"FIR No. 0036/2023, P.S. Andheri",2023-11-17 16:53:00,OTHER,OTHER incident reported in Western Suburbs (Andheri),Western Suburbs (Andheri),False,Western Suburbs (Andheri),19.10955233063518,72.86601526323365
80618560/2023,2023-07-06 22:05:00,ROBBERY,ROBBERY incident reported in Western Suburbs (Andheri),Western Suburbs (Andheri),True,Western Suburbs (Andheri),19.11898692986009,72.8437534875974
"FIR No. 0031/2023, P.S. Malad",2023-01-14 08:10:00,OTHER,OTHER incident reported in Northern Suburbs (Malad),Northern Suburbs (Malad),False,Northern Suburbs (Malad),19.162603563968936,72.84511614771078
"FIR No. 0846/2025, P.S. Dadar",2025-10-31 04:19:00,CYBER,CYBER incident reported in Central Mumbai (Dadar),Central Mumbai (Dadar),False,Central Mumbai (Dadar),19.026250527580576,72.84583639194935
84152134/2024,2024-12-17 14:07:00,THEFT,THEFT incident reported in South Mumbai (Colaba/CST),South Mumbai (Colaba/CST),False,South Mumbai (Colaba/CST),18.937565567619952,72.86446409274693
"FIR No. 0144/2024, P.S. Malad",2024-10-11 13:31:00,THEFT,THEFT incident reported in Northern Suburbs (Malad),Northern Suburbs (Malad),True,Northern Suburbs (Malad),19.130468427675552,72.86424821873253
"FIR No. 0545/2023, P.S. Andheri",2023-06-12 22:20:00,THEFT,THEFT incident reported in Western Suburbs (Andheri),Western Suburbs (Andheri),True,Western Suburbs (Andheri),19.096428470985344,72.85055948243026
"FIR No. 0080/2025, P.S. Andheri",2025-01-07 15:52:00,THEFT,THEFT incident reported in Western Suburbs (Andheri),Western Suburbs (Andheri),True,Western Suburbs (Andheri),19.122867901537987,72.84906149668167
"FIR No. 0027/2025, P.S. Bandra",2025-11-03 03:42:00,BURGLARY,BURGLARY incident reported in Western Suburbs (Bandra),Western Suburbs (Bandra),False,Western Suburbs (Bandra),19.047363778474224,72.83890758683354
"FIR No. 0058/2026, P.S. Colaba/CST",2026-03-29 08:18:00,THEFT,THEFT incident reported in South Mumbai (Colaba/CST),South Mumbai (Colaba/CST),False,South Mumbai (Colaba/CST),18.95921126632092,72.81111429058896
86451145/2024,2024-05-06 05:52:00,THEFT,THEFT incident reported in Western Suburbs (Bandra),Western Suburbs (Bandra),False,Western Suburbs (Bandra),19.04709983446244,72.83574771465447
"FIR No. 0010/2023, P.S. Colaba/CST",2023-02-24 12:55:00,ASSAULT,ASSAULT incident reported in South Mumbai (Colaba/CST),South Mumbai (Colaba/CST),False,South Mumbai (Colaba/CST),18.9321722110395,72.84117664364405
"FIR No. 0059/2023, P.S. Kurla",2023-01-30 06:55:00,THEFT,THEFT incident reported in Eastern Suburbs (Kurla),Eastern Suburbs (Kurla),False,Eastern Suburbs (Kurla),19.06454361708305,72.86835146657094
"FIR No. 0260/2023, P.S. Colaba/CST",2023-03-08 19:41:00,BURGLARY,BURGLARY incident reported in South Mumbai (Colaba/CST),South Mumbai (Colaba/CST),False,South Mumbai (Colaba/CST),18.918453968033884,72.81453989982396
"FIR No. 0561/2026, P.S. Colaba/CST",2026-07-29 04:28:00,THEFT,THEFT incident reported in South Mumbai (Colaba/CST),South Mumbai (Colaba/CST),False,South Mumbai (Colaba/CST),18.94020811553241,72.83055766008783
"FIR No. 0247/2024, P.S. Kurla",2024-06-07 04:21:00,ASSAULT,ASSAULT incident reported in Eastern Suburbs (Kurla),Eastern Suburbs (Kurla),False,Eastern Suburbs (Kurla),19.07554434088741,72.88252397223208
"FIR No. 0066/2026, P.S. Andheri",2026-07-27 13:53:00,CYBER,CYBER incident reported in Western Suburbs (Andheri),Western Suburbs (Andheri),False,Western Suburbs (Andheri),19.13423383225038,72.84469716520425
"FIR No. 0078/2023, P.S. Malad",2023-02-22 01:18:00,ASSAULT,ASSAULT incident reported in Northern Suburbs (Malad),Northern Suburbs (Malad),False,Northern Suburbs (Malad),19.16860159878184,72.85745551308106
83491728/2023,2023-09-23 11:59:00,OTHER,OTHER incident reported in Western Suburbs (Bandra),Western Suburbs (Bandra),False,Western Suburbs (Bandra),19.09643146934326,72.84220062239234
"FIR No. 0654/2024, P.S. Andheri",2024-11-19 14:41:00,BURGLARY,BURGLARY incident reported in Western Suburbs (Andheri),Western Suburbs (Andheri),True,Western Suburbs (Andheri),19.10613351849512,72.85951728654398
88356839/2026,2026-01-09 00:00:00,THEFT,THEFT incident reported in Western Suburbs (Andheri),Western Suburbs (Andheri),False,Western Suburbs (Andheri),19.140336840201392,72.85426811380839
"FIR No. 0220/2023, P.S. Dadar",2023-02-10 15:49:00,THEFT,THEFT incident reported in Central Mumbai (Dadar),Central Mumbai (Dadar),False,Central Mumbai (Dadar),19.038269503514258,72.85175996104196
"FIR No. 0352/2025, P.S. Colaba/CST",2025-05-24 01:05:00,ROBBERY,ROBBERY incident reported in South Mumbai (Colaba/CST),South Mumbai (Colaba/CST),False,South Mumbai (Colaba/CST),18.91539807338498,72.84251484768163
"FIR No. 0195/2025, P.S. Kurla",2025-04-17 05:14:00,THEFT,THEFT incident reported in Eastern Suburbs (Kurla),Eastern Suburbs (Kurla),False,Eastern Suburbs (Kurla),19.05282822446216,72.85394126796675
"FIR No. 0259/2025, P.S. Dadar",2025-03-22 04:04:00,ROBBERY,ROBBERY incident reported in Central Mumbai (Dadar),Central Mumbai (Dadar),False,Central Mumbai (Dadar),19.015626585071463,72.86065244765403
83825324/2025,2025-03-28 12:49:00,ASSAULT,ASSAULT incident reported in South Mumbai (Colaba/CST),South Mumbai (Colaba/CST),False,South Mumbai (Colaba/CST),18.935260771128767,72.82318922316827
"FIR No. 0221/2023, P.S. Colaba/CST",2023-05-06 12:59:00,THEFT,THEFT incident reported in South Mumbai (Colaba/CST),South Mumbai (Colaba/CST),False,South Mumbai (Colaba/CST),18.92717391099632,72.82615718824255
"FIR No. 0069/2024, P.S. Colaba/CST",2024-05-28 03:43:00,ASSAULT,ASSAULT incident reported in South Mumbai (Colaba/CST),South Mumbai (Colaba/CST),True,South Mumbai (Colaba/CST),18.92391777845793,72.84078513678062
"FIR No. 0155/2026, P.S. Andheri",2026-02-08 05:25:00,ASSAULT,ASSAULT incident reported in Western Suburbs (Andheri),Western Suburbs (Andheri),False,Western Suburbs (Andheri),19.117098919598508,72.81735478294995
"FIR No. 0018/2025, P.S. Dadar",2025-04-07 18:10:00,BURGLARY,BURGLARY incident reported in Central Mumbai (Dadar),Central Mumbai (Dadar),False,Central Mumbai (Dadar),19.033299774362035,72.83553474999263
"FIR No. 0054/2024, P.S. Bandra",2024-02-29 06:03:00,THEFT,THEFT incident reported in Western Suburbs (Bandra),Western Suburbs (Bandra),False,Western Suburbs (Bandra),19.034218383717704,72.83821892732291
"FIR No. 0260/2025, P.S. Kurla",2025-03-25 23:46:00,THEFT,THEFT incident reported in Eastern Suburbs (Kurla),Eastern Suburbs (Kurla),False,Eastern Suburbs (Kurla),19.06578799925221,72.87723652930019
"FIR No. 0090/2023, P.S. Bandra",2023-10-30 19:11:00,OTHER,OTHER incident reported in Western Suburbs (Bandra),Western Suburbs (Bandra),False,Western Suburbs (Bandra),19.069504774881544,72.83672655456299
"FIR No. 0001/2026, P.S. Andheri",2026-01-11 22:26:00,BURGLARY,BURGLARY incident reported in Western Suburbs (Andheri),Western Suburbs (Andheri),False,Western Suburbs (Andheri),19.118418730843693,72.8475361443026
"FIR No. 0271/2023, P.S. Dadar",2023-08-27 14:42:00,OTHER,OTHER incident reported in Central Mumbai (Dadar),Central Mumbai (Dadar),False,Central Mumbai (Dadar),18.98086075205872,72.83861685657928
"FIR No. 0580/2026, P.S. Colaba/CST",2026-07-06 10:39:00,ASSAULT,ASSAULT incident reported in South Mumbai (Colaba/CST),South Mumbai (Colaba/CST),False,South Mumbai (Colaba/CST),18.91898833832053,72.85110066052576
"FIR No. 0008/2024, P.S. Dadar",2024-03-11 04:27:00,THEFT,THEFT incident reported in Central Mumbai (Dadar),Central Mumbai (Dadar),False,Central Mumbai (Dadar),19.00275639747445,72.85528236608938
84961098/2024,2024-11-17 21:13:00,ASSAULT,ASSAULT incident reported in Central Mumbai (Dadar),Central Mumbai (Dadar),True,Central Mumbai (Dadar),18.993828102881324,72.84511291067874
"FIR No. 0271/2023, P.S. Colaba/CST",2023-03-18 09:04:00,THEFT,THEFT incident reported in South Mumbai (Colaba/CST),South Mumbai (Colaba/CST),True,South Mumbai (Colaba/CST),18.90520506727705,72.84915065717468
"FIR No. 0145/2025, P.S. Kurla",2025-10-22 14:04:00,THEFT,THEFT incident reported in Eastern Suburbs (Kurla),Eastern Suburbs (Kurla),False,Eastern Suburbs (Kurla),19.080157796053925,72.89085127493746
"FIR No. 0138/2025, P.S. Malad",2025-05-26 23:44:00,THEFT,THEFT incident reported in Northern Suburbs (Malad),Northern Suburbs (Malad),False,Northern Suburbs (Malad),19.19245923976972,72.84346206383613
"FIR No. 0752/2024, P.S. Colaba/CST",2024-11-07 20:20:00,THEFT,THEFT incident reported in South Mumbai (Colaba/CST),South Mumbai (Colaba/CST),False,South Mumbai (Colaba/CST),18.94067212107028,72.83486809239135
"FIR No. 0017/2023, P.S. Bandra",2023-02-26 23:35:00,THEFT,THEFT incident reported in Western Suburbs (Bandra),Western Suburbs (Bandra),False,Western Suburbs (Bandra),19.03574401011862,72.79789106115965
"FIR No. 0011/2025, P.S. Malad",2025-01-05 22:46:00,ASSAULT,ASSAULT incident reported in Northern Suburbs (Malad),Northern Suburbs (Malad),True,Northern Suburbs (Malad),19.185137087133565,72.83275504725103
"FIR No. 0196/2026, P.S. Andheri",2026-04-04 11:41:00,THEFT,THEFT incident reported in Western Suburbs (Andheri),Western Suburbs (Andheri),False,Western Suburbs (Andheri),19.122709383568807,72.84016811604033
"FIR No. 0598/2025, P.S. Andheri",2025-07-25 15:19:00,THEFT,THEFT incident reported in Western Suburbs (Andheri),Western Suburbs (Andheri),False,Western Suburbs (Andheri),19.12926015975061,72.85228706347722
"FIR No. 0052/2025, P.S. Andheri",2025-02-15 06:51:00,CYBER,CYBER incident reported in Western Suburbs (Andheri),Western Suburbs (Andheri),False,Western Suburbs (Andheri),19.123830176243093,72.8337418705119
"FIR No. 0231/2023, P.S. Bandra",2023-12-27 05:36:00,THEFT,THEFT incident reported in Western Suburbs (Bandra),Western Suburbs (Bandra),False,Western Suburbs (Bandra),19.05664844910603,72.82044277825668
80705118/2024,2024-05-27 12:20:00,OTHER,OTHER incident reported in Western Suburbs (Bandra),Western Suburbs (Bandra),False,Western Suburbs (Bandra),19.071321795855106,72.86101084807251
"FIR No. 0053/2023, P.S. Bandra",2023-03-18 15:43:00,THEFT,THEFT incident reported in Western Suburbs (Bandra),Western Suburbs (Bandra),False,Western Suburbs (Bandra),19.042704287227743,72.82143128833447
86776856/2026,2026-02-16 09:35:00,THEFT,THEFT incident reported in South Mumbai (Colaba/CST),South Mumbai (Colaba/CST),False,South Mumbai (Colaba/CST),18.934505456423025,72.81168265133961
84991059/2026,2026-06-08 10:59:00,THEFT,THEFT incident reported in Northern Suburbs (Malad),Northern Suburbs (Malad),False,Northern Suburbs (Malad),19.165422567541928,72.8528459039389
84338669/2023,2023-07-04 19:11:00,BURGLARY,BURGLARY incident reported in Western Suburbs (Andheri),Western Suburbs (Andheri),False,Western Suburbs (Andheri),19.1049142195731,72.84010212746117
"FIR No. 0142/2026, P.S. Kurla",2026-06-20 12:18:00,ROBBERY,ROBBERY incident reported in Eastern Suburbs (Kurla),Eastern Suburbs (Kurla),False,Eastern Suburbs (Kurla),19.08592743934959,72.88416218744672
85277101/2023,2023-02-01 00:35:00,THEFT,THEFT incident reported in Western Suburbs (Andheri),Western Suburbs (Andheri),False,Western Suburbs (Andheri),19.147274269541573,72.83243918712407
"FIR No. 0226/2025, P.S. Bandra",2025-03-05 18:57:00,BURGLARY,BURGLARY incident reported in Western Suburbs (Bandra),Western Suburbs (Bandra),True,Western Suburbs (Bandra),19.06422319309972,72.83978128178224
"FIR No. 0103/2024, P.S. Kurla",2024-10-17 14:39:00,BURGLARY,BURGLARY incident reported in Eastern Suburbs (Kurla),Eastern Suburbs (Kurla),False,Eastern Suburbs (Kurla),19.08129993851273,72.88393177333344
86470236/2026,2026-04-08 19:41:00,BURGLARY,BURGLARY incident reported in South Mumbai (Colaba/CST),South Mumbai (Colaba/CST),False,South Mumbai (Colaba/CST),18.9415400407997,72.83032328392825
"FIR No. 0680/2023, P.S. Colaba/CST",2023-12-22 09:14:00,ROBBERY,ROBBERY incident reported in South Mumbai (Colaba/CST),South Mumbai (Colaba/CST),False,South Mumbai (Colaba/CST),18.918357632373507,72.81375461885833
"FIR No. 0470/2023, P.S. Andheri",2023-09-21 13:01:00,THEFT,THEFT incident reported in Western Suburbs (Andheri),Western Suburbs (Andheri),False,Western Suburbs (Andheri),19.12090096351125,72.85856435138366
85894490/2025,2025-08-10 02:34:00,THEFT,THEFT incident reported in Northern Suburbs (Malad),Northern Suburbs (Malad),True,Northern Suburbs (Malad),19.17450247166109,72.8453028170961
"FIR No. 0022/2026, P.S. Andheri",2026-08-04 03:21:00,THEFT,THEFT incident reported in Western Suburbs (Andheri),Western Suburbs (Andheri),True,Western Suburbs (Andheri),19.12030502243967,72.86389537833507
"FIR No. 0163/2023, P.S. Colaba/CST",2023-10-01 16:32:00,ROBBERY,ROBBERY incident reported in South Mumbai (Colaba/CST),South Mumbai (Colaba/CST),False,South Mumbai (Colaba/CST),18.90608091519015,72.81507394443751
"FIR No. 0048/2023, P.S. Dadar",2023-01-04 17:31:00,ROBBERY,ROBBERY incident reported in Central Mumbai (Dadar),Central Mumbai (Dadar),False,Central Mumbai (Dadar),19.03272573316356,72.86574697263173
"FIR No. 0374/2023, P.S. Bandra",2023-10-14 17:23:00,THEFT,THEFT incident reported in Western Suburbs (Bandra),Western Suburbs (Bandra),False,Western Suburbs (Bandra),19.043403037767227,72.82516553101757
"FIR No. 0089/2026, P.S. Kurla",2026-01-17 01:21:00,BURGLARY,BURGLARY incident reported in Eastern Suburbs (Kurla),Eastern Suburbs (Kurla),False,Eastern Suburbs (Kurla),19.07509817966113,72.8780913003243
"FIR No. 0134/2023, P.S. Bandra",2023-12-09 02:43:00,ROBBERY,ROBBERY incident reported in Western Suburbs (Bandra),Western Suburbs (Bandra),False,Western Suburbs (Bandra),19.076034238593667,72.84398071778938
"FIR No. 0080/2026, P.S. Colaba/CST",2026-01-01 10:49:00,ROBBERY,ROBBERY incident reported in South Mumbai (Colaba/CST),South Mumbai (Colaba/CST),False,South Mumbai (Colaba/CST),18.94661833854785,72.82837929932418
"FIR No. 0063/2026, P.S. Kurla",2026-05-26 10:57:00,THEFT,THEFT incident reported in Eastern Suburbs (Kurla),Eastern Suburbs (Kurla),True,Eastern Suburbs (Kurla),19.0697092856882,72.86997387901424
"FIR No. 0295/2023, P.S. Bandra",2023-09-20 12:31:00,CYBER,CYBER incident reported in Western Suburbs (Bandra),Western Suburbs (Bandra),False,Western Suburbs (Bandra),19.08028853239681,72.83591001668943
"FIR No. 0048/2026, P.S. Kurla",2026-07-20 09:06:00,THEFT,THEFT incident reported in Eastern Suburbs (Kurla),Eastern Suburbs (Kurla),True,Eastern Suburbs (Kurla),19.06051300725594,72.88816104462789
"FIR No. 1199/2023, P.S. Dadar",2023-12-28 19:15:00,OTHER,OTHER incident reported in Central Mumbai (Dadar),Central Mumbai (Dadar),False,Central Mumbai (Dadar),19.016867487559093,72.85429139117805
"FIR No. 0179/2025, P.S. Malad",2025-05-22 17:30:00,THEFT,THEFT incident reported in Northern Suburbs (Malad),Northern Suburbs (Malad),False,Northern Suburbs (Malad),19.19280262463249,72.83792857881157
"FIR No. 1000/2025, P.S. Bandra",2025-11-10 02:11:00,THEFT,THEFT incident reported in Western Suburbs (Bandra),Western Suburbs (Bandra),False,Western Suburbs (Bandra),19.042489882020217,72.85101654837909
"FIR No. 0147/2023, P.S. Dadar",2023-03-03 10:05:00,CYBER,CYBER incident reported in Central Mumbai (Dadar),Central Mumbai (Dadar),False,Central Mumbai (Dadar),18.996752133104145,72.86638915185706
"FIR No. 0430/2025, P.S. Colaba/CST",2025-10-02 12:56:00,THEFT,THEFT incident reported in South Mumbai (Colaba/CST),South Mumbai (Colaba/CST),True,South Mumbai (Colaba/CST),18.935095511384173,72.80024866439527
"FIR No. 0654/2025, P.S. Malad",2025-09-28 18:06:00,CYBER,CYBER incident reported in Northern Suburbs (Malad),Northern Suburbs (Malad),False,Northern Suburbs (Malad),19.161384676829563,72.85355369938878
"FIR No. 0486/2023, P.S. Malad",2023-07-02 15:56:00,THEFT,THEFT incident reported in Northern Suburbs (Malad),Northern Suburbs (Malad),False,Northern Suburbs (Malad),19.17413877526696,72.8664533441876
"FIR No. 0284/2023, P.S. Dadar",2023-05-10 20:18:00,BURGLARY,BURGLARY incident reported in Central Mumbai (Dadar),Central Mumbai (Dadar),True,Central Mumbai (Dadar),19.01526232704237,72.84327448675633
"FIR No. 0190/2025, P.S. Kurla",2025-03-23 02:15:00,THEFT,THEFT incident reported in Eastern Suburbs (Kurla),Eastern Suburbs (Kurla),False,Eastern Suburbs (Kurla),19.058926488214635,72.89001185916037
"FIR No. 0822/2023, P.S. Kurla",2023-12-04 03:15:00,THEFT,THEFT incident reported in Eastern Suburbs (Kurla),Eastern Suburbs (Kurla),False,Eastern Suburbs (Kurla),19.098753393409947,72.89008718077572
"FIR No. 0016/2024, P.S. Bandra",2024-02-01 14:38:00,THEFT,THEFT incident reported in Western Suburbs (Bandra),Western Suburbs (Bandra),False,Western Suburbs (Bandra),19.05400057578616,72.83927526121629
"FIR No. 0232/2024, P.S. Andheri",2024-08-08 00:33:00,THEFT,THEFT incident reported in Western Suburbs (Andheri),Western Suburbs (Andheri),True,Western Suburbs (Andheri),19.11875157289601,72.85806982587162
"FIR No. 0192/2024, P.S. Colaba/CST",2024-05-28 23:58:00,THEFT,THEFT incident reported in South Mumbai (Colaba/CST),South Mumbai (Colaba/CST),False,South Mumbai (Colaba/CST),18.94461625283642,72.81596091383915
"FIR No. 0303/2023, P.S. Malad",2023-09-04 21:05:00,ASSAULT,ASSAULT incident reported in Northern Suburbs (Malad),Northern Suburbs (Malad),True,Northern Suburbs (Malad),19.174145028075905,72.84921145214686
"FIR No. 0365/2024, P.S. Andheri",2024-08-14 09:42:00,THEFT,THEFT incident reported in Western Suburbs (Andheri),Western Suburbs (Andheri),True,Western Suburbs (Andheri),19.130616365942217,72.82377499158676
"FIR No. 0156/2026, P.S. Kurla",2026-06-30 22:01:00,THEFT,THEFT incident reported in Eastern Suburbs (Kurla),Eastern Suburbs (Kurla),False,Eastern Suburbs (Kurla),19.05756327910717,72.85586246260037
83308580/2025,2025-06-13 17:51:00,ASSAULT,ASSAULT incident reported in Central Mumbai (Dadar),Central Mumbai (Dadar),False,Central Mumbai (Dadar),19.026380182550945,72.8341406256483
"FIR No. 0069/2026, P.S. Colaba/CST",2026-03-25 00:17:00,ASSAULT,ASSAULT incident reported in South Mumbai (Colaba/CST),South Mumbai (Colaba/CST),True,South Mumbai (Colaba/CST),18.92288912909445,72.82211253144033
"FIR No. 0449/2025, P.S. Dadar",2025-06-13 19:58:00,THEFT,THEFT incident reported in Central Mumbai (Dadar),Central Mumbai (Dadar),True,Central Mumbai (Dadar),19.027038809050428,72.85053876007413
"FIR No. 0011/2024, P.S. Colaba/CST",2024-05-21 16:18:00,THEFT,THEFT incident reported in South Mumbai (Colaba/CST),South Mumbai (Colaba/CST),False,South Mumbai (Colaba/CST),18.93284255881276,72.82715336054721
"FIR No. 0478/2024, P.S. Malad",2024-10-12 02:41:00,THEFT,THEFT incident reported in Northern Suburbs (Malad),Northern Suburbs (Malad),False,Northern Suburbs (Malad),19.166003170509107,72.83971417989542
"FIR No. 0087/2025, P.S. Kurla",2025-02-23 16:27:00,THEFT,THEFT incident reported in Eastern Suburbs (Kurla),Eastern Suburbs (Kurla),False,Eastern Suburbs (Kurla),19.08386638167738,72.87131819225584
"FIR No. 0172/2023, P.S. Andheri",2023-03-29 13:09:00,ASSAULT,ASSAULT incident reported in Western Suburbs (Andheri),Western Suburbs (Andheri),True,Western Suburbs (Andheri),19.10282845406441,72.85501291086474
"FIR No. 0619/2024, P.S. Colaba/CST",2024-08-29 17:43:00,THEFT,THEFT incident reported in South Mumbai (Colaba/CST),South Mumbai (Colaba/CST),False,South Mumbai (Colaba/CST),18.950199034821853,72.85094013170627
"FIR No. 0021/2023, P.S. Kurla",2023-05-31 13:45:00,CYBER,CYBER incident reported in Eastern Suburbs (Kurla),Eastern Suburbs (Kurla),True,Eastern Suburbs (Kurla),19.070737893148173,72.87706837459277
"FIR No. 0447/2026, P.S. Bandra",2026-06-11 17:05:00,ASSAULT,ASSAULT incident reported in Western Suburbs (Bandra),Western Suburbs (Bandra),True,Western Suburbs (Bandra),19.06446791197007,72.82292575747489
"FIR No. 0311/2025, P.S. Kurla",2025-08-22 05:16:00,ROBBERY,ROBBERY incident reported in Eastern Suburbs (Kurla),Eastern Suburbs (Kurla),False,Eastern Suburbs (Kurla),19.08256685996923,72.90047281911843
"FIR No. 0254/2025, P.S. Colaba/CST",2025-08-13 18:07:00,BURGLARY,BURGLARY incident reported in South Mumbai (Colaba/CST),South Mumbai (Colaba/CST),False,South Mumbai (Colaba/CST),18.89217453029743,72.82490429084201
80854402/2024,2024-10-18 17:55:00,ROBBERY,ROBBERY incident reported in Eastern Suburbs (Kurla),Eastern Suburbs (Kurla),False,Eastern Suburbs (Kurla),19.07402063050697,72.8837384856572
"FIR No. 0018/2024, P.S. Colaba/CST",2024-04-25 17:54:00,ROBBERY,ROBBERY incident reported in South Mumbai (Colaba/CST),South Mumbai (Colaba/CST),True,South Mumbai (Colaba/CST),18.93341365219084,72.82944806578652
"FIR No. 0011/2023, P.S. Bandra",2023-03-30 10:35:00,ASSAULT,ASSAULT incident reported in Western Suburbs (Bandra),Western Suburbs (Bandra),True,Western Suburbs (Bandra),19.050605859771807,72.83686911268244
81538004/2024,2024-02-01 07:12:00,THEFT,THEFT incident reported in Western Suburbs (Bandra),Western Suburbs (Bandra),True,Western Suburbs (Bandra),19.03790443515452,72.81217873438001
"FIR No. 0084/2024, P.S. Andheri",2024-03-19 18:28:00,THEFT,THEFT incident reported in Western Suburbs (Andheri),Western Suburbs (Andheri),True,Western Suburbs (Andheri),19.09390640760988,72.82681724371372
"FIR No. 0313/2025, P.S. Andheri",2025-05-06 20:19:00,BURGLARY,BURGLARY incident reported in Western Suburbs (Andheri),Western Suburbs (Andheri),False,Western Suburbs (Andheri),19.11329963846448,72.80905781020415
"FIR No. 0190/2024, P.S. Dadar",2024-10-03 00:48:00,BURGLARY,BURGLARY incident reported in Central Mumbai (Dadar),Central Mumbai (Dadar),True,Central Mumbai (Dadar),19.02768842660961,72.8529746611444
82825426/2023,2023-11-06 09:55:00,CYBER,CYBER incident reported in South Mumbai (Colaba/CST),South Mumbai (Colaba/CST),False,South Mumbai (Colaba/CST),18.91005969708776,72.8570974796486
"FIR No. 0583/2026, P.S. Kurla",2026-06-12 01:05:00,ASSAULT,ASSAULT incident reported in Eastern Suburbs (Kurla),Eastern Suburbs (Kurla),False,Eastern Suburbs (Kurla),19.06713151321092,72.8818097913018
"FIR No. 0068/2026, P.S. Bandra",2026-07-23 07:29:00,THEFT,THEFT incident reported in Western Suburbs (Bandra),Western Suburbs (Bandra),False,Western Suburbs (Bandra),19.071635868570027,72.83790388596722
"FIR No. 0476/2026, P.S. Malad",2026-08-11 21:11:00,CYBER,CYBER incident reported in Northern Suburbs (Malad),Northern Suburbs (Malad),False,Northern Suburbs (Malad),19.190802615483783,72.83286835746276
84654343/2026,2026-07-31 06:52:00,CYBER,CYBER incident reported in South Mumbai (Colaba/CST),South Mumbai (Colaba/CST),True,South Mumbai (Colaba/CST),18.939524914308592,72.79736433041855
"FIR No. 0025/2025, P.S. Kurla",2025-01-22 06:20:00,CYBER,CYBER incident reported in Eastern Suburbs (Kurla),Eastern Suburbs (Kurla),True,Eastern Suburbs (Kurla),19.09237616862951,72.87586116348116
"FIR No. 0167/2026, P.S. Colaba/CST",2026-02-13 23:00:00,THEFT,THEFT incident reported in South Mumbai (Colaba/CST),South Mumbai (Colaba/CST),False,South Mumbai (Colaba/CST),18.96114198486003,72.85151244082766
81418435/2025,2025-01-08 11:14:00,CYBER,CYBER incident reported in Northern Suburbs (Malad),Northern Suburbs (Malad),True,Northern Suburbs (Malad),19.17851431716215,72.86311216307445
"FIR No. 0059/2025, P.S. Dadar",2025-02-15 17:55:00,THEFT,THEFT incident reported in Central Mumbai (Dadar),Central Mumbai (Dadar),True,Central Mumbai (Dadar),19.028584838104937,72.84018960509272
"FIR No. 0139/2025, P.S. Colaba/CST",2025-06-19 00:23:00,THEFT,THEFT incident reported in South Mumbai (Colaba/CST),South Mumbai (Colaba/CST),True,South Mumbai (Colaba/CST),18.942769659154887,72.79770284891721
"FIR No. 0562/2023, P.S. Colaba/CST",2023-12-13 01:12:00,THEFT,THEFT incident reported in South Mumbai (Colaba/CST),South Mumbai (Colaba/CST),False,South Mumbai (Colaba/CST),18.90479650859293,72.8307069160512
"FIR No. 0015/2024, P.S. Andheri",2024-01-03 23:10:00,BURGLARY,BURGLARY incident reported in Western Suburbs (Andheri),Western Suburbs (Andheri),True,Western Suburbs (Andheri),19.12284955074832,72.85896113219684
"FIR No. 0134/2023, P.S. Colaba/CST",2023-12-19 20:09:00,THEFT,THEFT incident reported in South Mumbai (Colaba/CST),South Mumbai (Colaba/CST),False,South Mumbai (Colaba/CST),18.93988676956001,72.82483784715285
"FIR No. 0480/2023, P.S. Kurla",2023-06-10 14:35:00,ASSAULT,ASSAULT incident reported in Eastern Suburbs (Kurla),Eastern Suburbs (Kurla),False,Eastern Suburbs (Kurla),19.07612628672531,72.86561386618878
"FIR No. 0001/2025, P.S. Colaba/CST",2025-03-08 08:29:00,OTHER,OTHER incident reported in South Mumbai (Colaba/CST),South Mumbai (Colaba/CST),False,South Mumbai (Colaba/CST),18.920768515227223,72.84958942684939
"FIR No. 0701/2026, P.S. Bandra",2026-07-08 20:05:00,ROBBERY,ROBBERY incident reported in Western Suburbs (Bandra),Western Suburbs (Bandra),True,Western Suburbs (Bandra),19.058103275748465,72.82301478305486
"FIR No. 0058/2023, P.S. Dadar",2023-01-27 23:43:00,ROBBERY,ROBBERY incident reported in Central Mumbai (Dadar),Central Mumbai (Dadar),False,Central Mumbai (Dadar),19.019243015200026,72.83776515900949
"FIR No. 0011/2023, P.S. Bandra",2023-12-20 03:57:00,THEFT,THEFT incident reported in Western Suburbs (Bandra),Western Suburbs (Bandra),False,Western Suburbs (Bandra),19.046807407972366,72.82748609610199
"FIR No. 0130/2026, P.S. Kurla",2026-03-21 15:19:00,ASSAULT,ASSAULT incident reported in Eastern Suburbs (Kurla),Eastern Suburbs (Kurla),True,Eastern Suburbs (Kurla),19.0665211528566,72.89608391930217
"FIR No. 0161/2024, P.S. Kurla",2024-02-11 10:04:00,ASSAULT,ASSAULT incident reported in Eastern Suburbs (Kurla),Eastern Suburbs (Kurla),True,Eastern Suburbs (Kurla),19.073474606929526,72.88647708041749
"FIR No. 0578/2024, P.S. Andheri",2024-11-04 15:31:00,THEFT,THEFT incident reported in Western Suburbs (Andheri),Western Suburbs (Andheri),False,Western Suburbs (Andheri),19.11245889844596,72.82217294514263
"FIR No. 0415/2025, P.S. Malad",2025-06-12 09:03:00,THEFT,THEFT incident reported in Northern Suburbs (Malad),Northern Suburbs (Malad),True,Northern Suburbs (Malad),19.172579602440965,72.84498125400812
"FIR No. 0271/2023, P.S. Bandra",2023-12-19 01:38:00,ROBBERY,ROBBERY incident reported in Western Suburbs (Bandra),Western Suburbs (Bandra),False,Western Suburbs (Bandra),19.076766853723186,72.85570637726453
"FIR No. 0385/2026, P.S. Kurla",2026-06-25 10:24:00,ROBBERY,ROBBERY incident reported in Eastern Suburbs (Kurla),Eastern Suburbs (Kurla),False,Eastern Suburbs (Kurla),19.10377145565091,72.882850483319
"FIR No. 0214/2026, P.S. Malad",2026-08-18 07:16:00,THEFT,THEFT incident reported in Northern Suburbs (Malad),Northern Suburbs (Malad),True,Northern Suburbs (Malad),19.191760345306644,72.85403588145475
"FIR No. 0083/2024, P.S. Colaba/CST",2024-09-23 14:45:00,BURGLARY,BURGLARY incident reported in South Mumbai (Colaba/CST),South Mumbai (Colaba/CST),False,South Mumbai (Colaba/CST),18.93906219642513,72.827046189612
"FIR No. 0078/2026, P.S. Colaba/CST",2026-01-17 22:35:00,ROBBERY,ROBBERY incident reported in South Mumbai (Colaba/CST),South Mumbai (Colaba/CST),False,South Mumbai (Colaba/CST),18.9518842276996,72.83632320714224
89922152/2023,2023-01-07 11:31:00,THEFT,THEFT incident reported in Eastern Suburbs (Kurla),Eastern Suburbs (Kurla),False,Eastern Suburbs (Kurla),19.068335265305706,72.87617595292734
"FIR No. 0200/2023, P.S. Andheri",2023-10-24 04:25:00,ASSAULT,ASSAULT incident reported in Western Suburbs (Andheri),Western Suburbs (Andheri),False,Western Suburbs (Andheri),19.13517111658998,72.83756536293028
"FIR No. 0373/2023, P.S. Colaba/CST",2023-09-10 17:36:00,CYBER,CYBER incident reported in South Mumbai (Colaba/CST),South Mumbai (Colaba/CST),False,South Mumbai (Colaba/CST),18.917856978028173,72.82650732023029
82946671/2023,2023-06-07 16:55:00,ASSAULT,ASSAULT incident reported in Western Suburbs (Andheri),Western Suburbs (Andheri),True,Western Suburbs (Andheri),19.133674598728003,72.8455649228285
"FIR No. 1054/2023, P.S. Colaba/CST",2023-10-07 11:49:00,ASSAULT,ASSAULT incident reported in South Mumbai (Colaba/CST),South Mumbai (Colaba/CST),False,South Mumbai (Colaba/CST),18.930787635461908,72.83813723028148
"FIR No. 0191/2025, P.S. Andheri",2025-10-08 08:00:00,ASSAULT,ASSAULT incident reported in Western Suburbs (Andheri),Western Suburbs (Andheri),False,Western Suburbs (Andheri),19.12961829001992,72.83513174151197
"FIR No. 0222/2025, P.S. Colaba/CST",2025-04-12 23:01:00,OTHER,OTHER incident reported in South Mumbai (Colaba/CST),South Mumbai (Colaba/CST),False,South Mumbai (Colaba/CST),18.924967456241102,72.8305430220926
"FIR No. 0284/2026, P.S. Andheri",2026-05-25 10:56:00,BURGLARY,BURGLARY incident reported in Western Suburbs (Andheri),Western Suburbs (Andheri),True,Western Suburbs (Andheri),19.11416077036157,72.83808888295457
"FIR No. 0550/2023, P.S. Colaba/CST",2023-11-07 13:54:00,THEFT,THEFT incident reported in South Mumbai (Colaba/CST),South Mumbai (Colaba/CST),False,South Mumbai (Colaba/CST),18.93239813288312,72.83318339333353
"FIR No. 0506/2023, P.S. Colaba/CST",2023-09-05 15:23:00,OTHER,OTHER incident reported in South Mumbai (Colaba/CST),South Mumbai (Colaba/CST),False,South Mumbai (Colaba/CST),18.937826111941494,72.81534415644347
"FIR No. 0055/2023, P.S. Andheri",2023-07-14 13:06:00,CYBER,CYBER incident reported in Western Suburbs (Andheri),Western Suburbs (Andheri),False,Western Suburbs (Andheri),19.11168306869681,72.84820580891989
"FIR No. 0146/2026, P.S. Colaba/CST",2026-02-04 08:33:00,THEFT,THEFT incident reported in South Mumbai (Colaba/CST),South Mumbai (Colaba/CST),False,South Mumbai (Colaba/CST),18.93095553416577,72.83715462209366
"FIR No. 0065/2026, P.S. Colaba/CST",2026-02-01 06:28:00,ASSAULT,ASSAULT incident reported in South Mumbai (Colaba/CST),South Mumbai (Colaba/CST),False,South Mumbai (Colaba/CST),18.947878908296666,72.81511900917283
"FIR No. 0422/2023, P.S. Colaba/CST",2023-05-12 04:39:00,THEFT,THEFT incident reported in South Mumbai (Colaba/CST),South Mumbai (Colaba/CST),True,South Mumbai (Colaba/CST),18.94013710562874,72.84862612059565
89454848/2024,2024-09-11 17:37:00,THEFT,THEFT incident reported in South Mumbai (Colaba/CST),South Mumbai (Colaba/CST),True,South Mumbai (Colaba/CST),18.905236730573325,72.8195682309883
"FIR No. 0233/2026, P.S. Bandra",2026-07-25 14:03:00,ASSAULT,ASSAULT incident reported in Western Suburbs (Bandra),Western Suburbs (Bandra),False,Western Suburbs (Bandra),19.055749851729487,72.83261115452437
"FIR No. 0526/2025, P.S. Andheri",2025-08-30 16:37:00,THEFT,THEFT incident reported in Western Suburbs (Andheri),Western Suburbs (Andheri),True,Western Suburbs (Andheri),19.118257022191976,72.83908685797032
"FIR No. 0055/2024, P.S. Colaba/CST",2024-02-15 09:23:00,ROBBERY,ROBBERY incident reported in South Mumbai (Colaba/CST),South Mumbai (Colaba/CST),False,South Mumbai (Colaba/CST),18.92590491319046,72.82637450596694
"FIR No. 0144/2025, P.S. Andheri",2025-03-05 15:18:00,THEFT,THEFT incident reported in Western Suburbs (Andheri),Western Suburbs (Andheri),False,Western Suburbs (Andheri),19.09964336669065,72.84345615982464
"FIR No. 0305/2024, P.S. Bandra",2024-05-30 12:04:00,THEFT,THEFT incident reported in Western Suburbs (Bandra),Western Suburbs (Bandra),True,Western Suburbs (Bandra),19.03589682098502,72.84442671939752
83320906/2024,2024-02-14 02:12:00,BURGLARY,BURGLARY incident reported in Western Suburbs (Bandra),Western Suburbs (Bandra),False,Western Suburbs (Bandra),19.06249783788482,72.82392437915182
"FIR No. 0571/2026, P.S. Bandra",2026-08-10 19:02:00,THEFT,THEFT incident reported in Western Suburbs (Bandra),Western Suburbs (Bandra),False,Western Suburbs (Bandra),19.056541054962764,72.81408991631254
"FIR No. 0197/2026, P.S. Bandra",2026-02-21 08:39:00,ASSAULT,ASSAULT incident reported in Western Suburbs (Bandra),Western Suburbs (Bandra),True,Western Suburbs (Bandra),19.05645528287536,72.84925456936028
"FIR No. 0417/2024, P.S. Colaba/CST",2024-10-28 09:41:00,ASSAULT,ASSAULT incident reported in South Mumbai (Colaba/CST),South Mumbai (Colaba/CST),False,South Mumbai (Colaba/CST),18.93359926297673,72.84182921985708
"FIR No. 0095/2024, P.S. Kurla",2024-01-22 22:05:00,THEFT,THEFT incident reported in Eastern Suburbs (Kurla),Eastern Suburbs (Kurla),True,Eastern Suburbs (Kurla),19.08087983128177,72.87084271116952
"FIR No. 0185/2025, P.S. Bandra",2025-07-06 13:36:00,ASSAULT,ASSAULT incident reported in Western Suburbs (Bandra),Western Suburbs (Bandra),False,Western Suburbs (Bandra),19.059245102499343,72.83234186178548
"FIR No. 0603/2026, P.S. Bandra",2026-08-25 07:23:00,THEFT,THEFT incident reported in Western Suburbs (Bandra),Western Suburbs (Bandra),False,Western Suburbs (Bandra),19.083219102614272,72.82786515932315
82837780/2023,2023-02-21 03:07:00,OTHER,OTHER incident reported in South Mumbai (Colaba/CST),South Mumbai (Colaba/CST),False,South Mumbai (Colaba/CST),18.953838776434647,72.83562368111087
86034908/2025,2025-01-14 06:25:00,THEFT,THEFT incident reported in Western Suburbs (Andheri),Western Suburbs (Andheri),False,Western Suburbs (Andheri),19.105438416161256,72.8477749098555
87761551/2025,2025-08-19 09:12:00,BURGLARY,BURGLARY incident reported in Eastern Suburbs (Kurla),Eastern Suburbs (Kurla),False,Eastern Suburbs (Kurla),19.07134293929707,72.86424651320556
"FIR No. 0637/2024, P.S. Colaba/CST",2024-12-22 05:58:00,CYBER,CYBER incident reported in South Mumbai (Colaba/CST),South Mumbai (Colaba/CST),False,South Mumbai (Colaba/CST),18.94391070108271,72.84932242993824
"FIR No. 0265/2026, P.S. Andheri",2026-08-28 00:24:00,THEFT,THEFT incident reported in Western Suburbs (Andheri),Western Suburbs (Andheri),False,Western Suburbs (Andheri),19.12611236028851,72.82409893950485
"FIR No. 0045/2023, P.S. Colaba/CST",2023-07-31 09:27:00,THEFT,THEFT incident reported in South Mumbai (Colaba/CST),South Mumbai (Colaba/CST),False,South Mumbai (Colaba/CST),18.926688279986248,72.83437372945926
"FIR No. 0021/2025, P.S. Andheri",2025-01-07 00:52:00,ROBBERY,ROBBERY incident reported in Western Suburbs (Andheri),Western Suburbs (Andheri),True,Western Suburbs (Andheri),19.11087286318975,72.85274888441218
"FIR No. 0207/2025, P.S. Colaba/CST",2025-03-06 20:33:00,THEFT,THEFT incident reported in South Mumbai (Colaba/CST),South Mumbai (Colaba/CST),False,South Mumbai (Colaba/CST),18.945585722495448,72.81753950069493
82284684/2023,2023-11-08 12:12:00,THEFT,THEFT incident reported in Northern Suburbs (Malad),Northern Suburbs (Malad),False,Northern Suburbs (Malad),19.18141089148184,72.83570860829475
"FIR No. 0496/2025, P.S. Bandra",2025-09-25 12:02:00,BURGLARY,BURGLARY incident reported in Western Suburbs (Bandra),Western Suburbs (Bandra),True,Western Suburbs (Bandra),19.06909808508152,72.83238547137016
84234829/2025,2025-10-22 20:48:00,BURGLARY,BURGLARY incident reported in Western Suburbs (Bandra),Western Suburbs (Bandra),True,Western Suburbs (Bandra),19.08674490919945,72.86647660790575
"FIR No. 0003/2025, P.S. Colaba/CST",2025-01-08 12:15:00,BURGLARY,BURGLARY incident reported in South Mumbai (Colaba/CST),South Mumbai (Colaba/CST),True,South Mumbai (Colaba/CST),18.931880243637377,72.82763766508026
"FIR No. 0306/2025, P.S. Bandra",2025-12-15 19:46:00,THEFT,THEFT incident reported in Western Suburbs (Bandra),Western Suburbs (Bandra),True,Western Suburbs (Bandra),19.064171011063493,72.83116268574864
"FIR No. 1031/2023, P.S. Kurla",2023-12-13 13:25:00,ASSAULT,ASSAULT incident reported in Eastern Suburbs (Kurla),Eastern Suburbs (Kurla),True,Eastern Suburbs (Kurla),19.075560312299643,72.87250126538608
"FIR No. 0353/2026, P.S. Kurla",2026-06-30 16:25:00,THEFT,THEFT incident reported in Eastern Suburbs (Kurla),Eastern Suburbs (Kurla),False,Eastern Suburbs (Kurla),19.07610530444945,72.89930416598497
"FIR No. 0532/2025, P.S. Bandra",2025-06-29 14:18:00,BURGLARY,BURGLARY incident reported in Western Suburbs (Bandra),Western Suburbs (Bandra),False,Western Suburbs (Bandra),19.060563901937964,72.84160521182831
"FIR No. 0049/2026, P.S. Malad",2026-01-12 02:25:00,OTHER,OTHER incident reported in Northern Suburbs (Malad),Northern Suburbs (Malad),False,Northern Suburbs (Malad),19.17099794821909,72.82040962882587
"FIR No. 0342/2025, P.S. Colaba/CST",2025-03-19 05:04:00,THEFT,THEFT incident reported in South Mumbai (Colaba/CST),South Mumbai (Colaba/CST),False,South Mumbai (Colaba/CST),18.926448485689047,72.8128403797106
"FIR No. 0036/2026, P.S. Malad",2026-03-16 21:22:00,THEFT,THEFT incident reported in Northern Suburbs (Malad),Northern Suburbs (Malad),False,Northern Suburbs (Malad),19.19879488420049,72.83108816094278
"FIR No. 0244/2026, P.S. Bandra",2026-08-14 21:19:00,THEFT,THEFT incident reported in Western Suburbs (Bandra),Western Suburbs (Bandra),True,Western Suburbs (Bandra),19.05815967496624,72.8550597559642
"FIR No. 0132/2023, P.S. Malad",2023-02-10 18:00:00,BURGLARY,BURGLARY incident reported in Northern Suburbs (Malad),Northern Suburbs (Malad),False,Northern Suburbs (Malad),19.19288498678604,72.8564582544427
"FIR No. 0121/2026, P.S. Kurla",2026-04-18 12:38:00,BURGLARY,BURGLARY incident reported in Eastern Suburbs (Kurla),Eastern Suburbs (Kurla),False,Eastern Suburbs (Kurla),19.05578507092308,72.90636179931643
"FIR No. 0059/2023, P.S. Colaba/CST",2023-01-29 23:20:00,THEFT,THEFT incident reported in South Mumbai (Colaba/CST),South Mumbai (Colaba/CST),True,South Mumbai (Colaba/CST),18.9301717374862,72.82944029143215
"FIR No. 0284/2023, P.S. Colaba/CST",2023-05-01 01:22:00,OTHER,OTHER incident reported in South Mumbai (Colaba/CST),South Mumbai (Colaba/CST),True,South Mumbai (Colaba/CST),18.90116985442983,72.8462065293755
"FIR No. 0071/2024, P.S. Kurla",2024-05-20 11:02:00,THEFT,THEFT incident reported in Eastern Suburbs (Kurla),Eastern Suburbs (Kurla),False,Eastern Suburbs (Kurla),19.10103056176894,72.87733175446797
"FIR No. 0082/2023, P.S. Kurla",2023-12-25 11:24:00,CYBER,CYBER incident reported in Eastern Suburbs (Kurla),Eastern Suburbs (Kurla),False,Eastern Suburbs (Kurla),19.089104114715926,72.86832496027792
"FIR No. 0755/2023, P.S. Colaba/CST",2023-09-09 20:31:00,THEFT,THEFT incident reported in South Mumbai (Colaba/CST),South Mumbai (Colaba/CST),False,South Mumbai (Colaba/CST),18.937024745687086,72.85932419129547
"FIR No. 0089/2023, P.S. Colaba/CST",2023-11-04 09:03:00,ASSAULT,ASSAULT incident reported in South Mumbai (Colaba/CST),South Mumbai (Colaba/CST),False,South Mumbai (Colaba/CST),18.91810845551492,72.84038465134634
"FIR No. 0105/2024, P.S. Andheri",2024-02-06 22:56:00,THEFT,THEFT incident reported in Western Suburbs (Andheri),Western Suburbs (Andheri),False,Western Suburbs (Andheri),19.123933359335687,72.84776693546087
"FIR No. 0560/2025, P.S. Bandra",2025-07-12 09:45:00,THEFT,THEFT incident reported in Western Suburbs (Bandra),Western Suburbs (Bandra),False,Western Suburbs (Bandra),19.038020978457368,72.84457040447342
"FIR No. 0150/2023, P.S. Andheri",2023-03-22 19:13:00,ASSAULT,ASSAULT incident reported in Western Suburbs (Andheri),Western Suburbs (Andheri),False,Western Suburbs (Andheri),19.092157315853377,72.83433235335093
"FIR No. 0005/2026, P.S. Bandra",2026-02-28 14:04:00,OTHER,OTHER incident reported in Western Suburbs (Bandra),Western Suburbs (Bandra),True,Western Suburbs (Bandra),19.07491927713288,72.85197994406467
"FIR No. 0102/2025, P.S. Kurla",2025-01-02 11:59:00,THEFT,THEFT incident reported in Eastern Suburbs (Kurla),Eastern Suburbs (Kurla),True,Eastern Suburbs (Kurla),19.07667042394753,72.88536219001918
"FIR No. 0724/2023, P.S. Bandra",2023-09-17 21:30:00,THEFT,THEFT incident reported in Western Suburbs (Bandra),Western Suburbs (Bandra),False,Western Suburbs (Bandra),19.038794837442587,72.79762573465483
83974210/2024,2024-05-17 08:50:00,THEFT,THEFT incident reported in Western Suburbs (Andheri),Western Suburbs (Andheri),False,Western Suburbs (Andheri),19.11767714453834,72.83708267510633
"FIR No. 0296/2025, P.S. Colaba/CST",2025-11-15 01:45:00,CYBER,CYBER incident reported in South Mumbai (Colaba/CST),South Mumbai (Colaba/CST),False,South Mumbai (Colaba/CST),18.958283777922844,72.83954376623146
"FIR No. 0477/2024, P.S. Bandra",2024-12-21 16:38:00,CYBER,CYBER incident reported in Western Suburbs (Bandra),Western Suburbs (Bandra),True,Western Suburbs (Bandra),19.069990140943027,72.81731213952573
"FIR No. 0088/2024, P.S. Bandra",2024-12-03 14:40:00,THEFT,THEFT incident reported in Western Suburbs (Bandra),Western Suburbs (Bandra),False,Western Suburbs (Bandra),19.07110178874076,72.84315641860904
"FIR No. 0306/2024, P.S. Colaba/CST",2024-05-06 03:24:00,BURGLARY,BURGLARY incident reported in South Mumbai (Colaba/CST),South Mumbai (Colaba/CST),False,South Mumbai (Colaba/CST),18.9204292758815,72.83478245205725
"FIR No. 0359/2024, P.S. Dadar",2024-10-16 01:03:00,BURGLARY,BURGLARY incident reported in Central Mumbai (Dadar),Central Mumbai (Dadar),True,Central Mumbai (Dadar),19.01188918842461,72.84912790674242
"FIR No. 0380/2023, P.S. Dadar",2023-09-14 02:43:00,THEFT,THEFT incident reported in Central Mumbai (Dadar),Central Mumbai (Dadar),False,Central Mumbai (Dadar),19.02288435625513,72.83477239008357
"FIR No. 0294/2025, P.S. Bandra",2025-03-08 14:57:00,THEFT,THEFT incident reported in Western Suburbs (Bandra),Western Suburbs (Bandra),True,Western Suburbs (Bandra),19.074889346303177,72.82344168488973
"FIR No. 0693/2024, P.S. Colaba/CST",2024-11-12 21:00:00,THEFT,THEFT incident reported in South Mumbai (Colaba/CST),South Mumbai (Colaba/CST),False,South Mumbai (Colaba/CST),18.91319005640252,72.82862424831505
"FIR No. 0026/2025, P.S. Andheri",2025-02-15 12:36:00,THEFT,THEFT incident reported in Western Suburbs (Andheri),Western Suburbs (Andheri),True,Western Suburbs (Andheri),19.130197571682213,72.84487227506595
"FIR No. 0092/2026, P.S. Colaba/CST",2026-02-23 05:57:00,THEFT,THEFT incident reported in South Mumbai (Colaba/CST),South Mumbai (Colaba/CST),False,South Mumbai (Colaba/CST),18.947641573358293,72.83763524977093
"FIR No. 0324/2025, P.S. Andheri",2025-10-08 11:38:00,ROBBERY,ROBBERY incident reported in Western Suburbs (Andheri),Western Suburbs (Andheri),False,Western Suburbs (Andheri),19.10971768286743,72.86221410847979
"FIR No. 0517/2025, P.S. Malad",2025-06-23 08:21:00,CYBER,CYBER incident reported in Northern Suburbs (Malad),Northern Suburbs (Malad),True,Northern Suburbs (Malad),19.153822087289644,72.85352210180359
"FIR No. 0064/2024, P.S. Dadar",2024-05-05 04:16:00,BURGLARY,BURGLARY incident reported in Central Mumbai (Dadar),Central Mumbai (Dadar),True,Central Mumbai (Dadar),19.009102088170323,72.85183933260774
"FIR No. 0641/2025, P.S. Colaba/CST",2025-06-01 03:38:00,BURGLARY,BURGLARY incident reported in South Mumbai (Colaba/CST),South Mumbai (Colaba/CST),False,South Mumbai (Colaba/CST),18.924343505867373,72.81664576454821
"FIR No. 0084/2023, P.S. Bandra",2023-10-07 05:38:00,CYBER,CYBER incident reported in Western Suburbs (Bandra),Western Suburbs (Bandra),False,Western Suburbs (Bandra),19.04137725960193,72.8488196639488
"FIR No. 0452/2024, P.S. Malad",2024-10-05 20:26:00,ASSAULT,ASSAULT incident reported in Northern Suburbs (Malad),Northern Suburbs (Malad),True,Northern Suburbs (Malad),19.20190915154277,72.8689345893108
"FIR No. 0026/2026, P.S. Bandra",2026-03-30 21:24:00,THEFT,THEFT incident reported in Western Suburbs (Bandra),Western Suburbs (Bandra),True,Western Suburbs (Bandra),19.05400557667932,72.83295602569376
"FIR No. 0029/2026, P.S. Dadar",2026-01-22 17:23:00,THEFT,THEFT incident reported in Central Mumbai (Dadar),Central Mumbai (Dadar),True,Central Mumbai (Dadar),19.00488803121853,72.8452048917896
"FIR No. 0076/2024, P.S. Andheri",2024-09-14 13:30:00,ASSAULT,ASSAULT incident reported in Western Suburbs (Andheri),Western Suburbs (Andheri),True,Western Suburbs (Andheri),19.11400009142567,72.84495750499953
"FIR No. 0055/2023, P.S. Andheri",2023-01-25 05:08:00,THEFT,THEFT incident reported in Western Suburbs (Andheri),Western Suburbs (Andheri),False,Western Suburbs (Andheri),19.1179399549156,72.8291832692768
"FIR No. 0368/2025, P.S. Colaba/CST",2025-05-20 11:58:00,THEFT,THEFT incident reported in South Mumbai (Colaba/CST),South Mumbai (Colaba/CST),True,South Mumbai (Colaba/CST),18.91273510352978,72.79885737399218
"FIR No. 0521/2024, P.S. Bandra",2024-08-07 22:56:00,BURGLARY,BURGLARY incident reported in Western Suburbs (Bandra),Western Suburbs (Bandra),True,Western Suburbs (Bandra),19.05664440731334,72.83175635225673
"FIR No. 0013/2025, P.S. Malad",2025-03-10 06:02:00,THEFT,THEFT incident reported in Northern Suburbs (Malad),Northern Suburbs (Malad),False,Northern Suburbs (Malad),19.157454537752404,72.85731250905536
81622622/2026,2026-05-31 14:17:00,BURGLARY,BURGLARY incident reported in South Mumbai (Colaba/CST),South Mumbai (Colaba/CST),False,South Mumbai (Colaba/CST),18.936086921500426,72.84260167821547
"FIR No. 0708/2025, P.S. Kurla",2025-09-03 00:51:00,THEFT,THEFT incident reported in Eastern Suburbs (Kurla),Eastern Suburbs (Kurla),False,Eastern Suburbs (Kurla),19.06871593365596,72.91911066591064
"FIR No. 0180/2023, P.S. Colaba/CST",2023-12-15 11:38:00,THEFT,THEFT incident reported in South Mumbai (Colaba/CST),South Mumbai (Colaba/CST),False,South Mumbai (Colaba/CST),18.95296765811913,72.83219576893701
"FIR No. 0422/2025, P.S. Colaba/CST",2025-10-27 17:03:00,ASSAULT,ASSAULT incident reported in South Mumbai (Colaba/CST),South Mumbai (Colaba/CST),False,South Mumbai (Colaba/CST),18.906609658874576,72.81382703685928
"FIR No. 0634/2024, P.S. Kurla",2024-09-02 04:39:00,ROBBERY,ROBBERY incident reported in Eastern Suburbs (Kurla),Eastern Suburbs (Kurla),True,Eastern Suburbs (Kurla),19.09672184903369,72.90996815046725
82960546/2023,2023-01-01 06:01:00,ASSAULT,ASSAULT incident reported in Central Mumbai (Dadar),Central Mumbai (Dadar),True,Central Mumbai (Dadar),19.009152506363023,72.84832983943393
"FIR No. 0318/2023, P.S. Colaba/CST",2023-08-15 12:05:00,ASSAULT,ASSAULT incident reported in South Mumbai (Colaba/CST),South Mumbai (Colaba/CST),True,South Mumbai (Colaba/CST),18.93161987532716,72.82891785947609
"FIR No. 0129/2026, P.S. Dadar",2026-06-12 00:15:00,THEFT,THEFT incident reported in Central Mumbai (Dadar),Central Mumbai (Dadar),False,Central Mumbai (Dadar),18.98073331277611,72.84312628630938
"FIR No. 0411/2025, P.S. Colaba/CST",2025-11-18 13:11:00,ROBBERY,ROBBERY incident reported in South Mumbai (Colaba/CST),South Mumbai (Colaba/CST),True,South Mumbai (Colaba/CST),18.912737674658874,72.83869723395398
"FIR No. 0326/2025, P.S. Kurla",2025-12-09 20:27:00,THEFT,THEFT incident reported in Eastern Suburbs (Kurla),Eastern Suburbs (Kurla),True,Eastern Suburbs (Kurla),19.079365824306244,72.87672007503053
"FIR No. 0402/2023, P.S. Kurla",2023-06-06 15:43:00,ASSAULT,ASSAULT incident reported in Eastern Suburbs (Kurla),Eastern Suburbs (Kurla),False,Eastern Suburbs (Kurla),19.045011128625543,72.86736381330338
88136055/2026,2026-01-17 11:39:00,THEFT,THEFT incident reported in Eastern Suburbs (Kurla),Eastern Suburbs (Kurla),False,Eastern Suburbs (Kurla),19.070352059087327,72.8883300848407
"FIR No. 0185/2023, P.S. Andheri",2023-03-16 06:51:00,THEFT,THEFT incident reported in Western Suburbs (Andheri),Western Suburbs (Andheri),False,Western Suburbs (Andheri),19.11628143045165,72.81671617732194
"FIR No. 0364/2024, P.S. Malad",2024-08-14 23:18:00,OTHER,OTHER incident reported in Northern Suburbs (Malad),Northern Suburbs (Malad),True,Northern Suburbs (Malad),19.177294292957875,72.86009413545244
"FIR No. 0398/2024, P.S. Dadar",2024-07-21 05:01:00,THEFT,THEFT incident reported in Central Mumbai (Dadar),Central Mumbai (Dadar),False,Central Mumbai (Dadar),19.019794187869994,72.85201501436052
"FIR No. 0149/2024, P.S. Kurla",2024-02-23 01:15:00,ROBBERY,ROBBERY incident reported in Eastern Suburbs (Kurla),Eastern Suburbs (Kurla),True,Eastern Suburbs (Kurla),19.05682673962139,72.89090949443923
"FIR No. 0087/2023, P.S. Bandra",2023-01-21 12:38:00,OTHER,OTHER incident reported in Western Suburbs (Bandra),Western Suburbs (Bandra),True,Western Suburbs (Bandra),19.0513783015754,72.82685337040333
"FIR No. 0051/2026, P.S. Kurla",2026-01-05 13:22:00,CYBER,CYBER incident reported in Eastern Suburbs (Kurla),Eastern Suburbs (Kurla),False,Eastern Suburbs (Kurla),19.06501235133411,72.88045774702697
"FIR No. 0665/2026, P.S. Andheri",2026-07-22 09:06:00,BURGLARY,BURGLARY incident reported in Western Suburbs (Andheri),Western Suburbs (Andheri),False,Western Suburbs (Andheri),19.132915778911062,72.85260080255082
"FIR No. 0308/2025, P.S. Bandra",2025-06-06 01:25:00,ASSAULT,ASSAULT incident reported in Western Suburbs (Bandra),Western Suburbs (Bandra),False,Western Suburbs (Bandra),19.039473592926967,72.84957789463647
86001099/2023,2023-03-18 10:18:00,THEFT,THEFT incident reported in Western Suburbs (Andheri),Western Suburbs (Andheri),False,Western Suburbs (Andheri),19.12880539572961,72.84536070290778
"FIR No. 0247/2024, P.S. Andheri",2024-09-02 14:26:00,THEFT,THEFT incident reported in Western Suburbs (Andheri),Western Suburbs (Andheri),True,Western Suburbs (Andheri),19.10442432312583,72.83886251736249
85677658/2023,2023-10-25 15:29:00,ASSAULT,ASSAULT incident reported in Western Suburbs (Bandra),Western Suburbs (Bandra),False,Western Suburbs (Bandra),19.06001791950114,72.84329898554812
"FIR No. 0130/2023, P.S. Colaba/CST",2023-08-03 09:11:00,ROBBERY,ROBBERY incident reported in South Mumbai (Colaba/CST),South Mumbai (Colaba/CST),False,South Mumbai (Colaba/CST),18.938786623539382,72.81120395701785
"FIR No. 0271/2023, P.S. Colaba/CST",2023-04-30 02:32:00,THEFT,THEFT incident reported in South Mumbai (Colaba/CST),South Mumbai (Colaba/CST),False,South Mumbai (Colaba/CST),18.95087742279932,72.84600657224262
88245881/2023,2023-05-03 05:15:00,ASSAULT,ASSAULT incident reported in Central Mumbai (Dadar),Central Mumbai (Dadar),False,Central Mumbai (Dadar),19.042935298559645,72.8371349218426
"FIR No. 0296/2025, P.S. Bandra",2025-04-01 05:55:00,ROBBERY,ROBBERY incident reported in Western Suburbs (Bandra),Western Suburbs (Bandra),False,Western Suburbs (Bandra),19.07725360883265,72.85090846920802
"FIR No. 0268/2025, P.S. Dadar",2025-08-23 02:56:00,THEFT,THEFT incident reported in Central Mumbai (Dadar),Central Mumbai (Dadar),True,Central Mumbai (Dadar),19.015749344119328,72.86071336568762
88512233/2025,2025-10-15 02:10:00,OTHER,OTHER incident reported in Western Suburbs (Andheri),Western Suburbs (Andheri),False,Western Suburbs (Andheri),19.11971398266194,72.84090726703332
85386939/2024,2024-05-23 07:07:00,CYBER,CYBER incident reported in Northern Suburbs (Malad),Northern Suburbs (Malad),False,Northern Suburbs (Malad),19.175202281753684,72.837692858987
87957114/2024,2024-04-03 07:46:00,CYBER,CYBER incident reported in Western Suburbs (Andheri),Western Suburbs (Andheri),True,Western Suburbs (Andheri),19.111377347188867,72.84799139956924
"FIR No. 0238/2026, P.S. Colaba/CST",2026-06-09 14:01:00,BURGLARY,BURGLARY incident reported in South Mumbai (Colaba/CST),South Mumbai (Colaba/CST),False,South Mumbai (Colaba/CST),18.94342787304735,72.84300744351609
"FIR No. 0056/2023, P.S. Andheri",2023-01-27 05:19:00,THEFT,THEFT incident reported in Western Suburbs (Andheri),Western Suburbs (Andheri),False,Western Suburbs (Andheri),19.109276573997377,72.84418369657456
88745025/2023,2023-05-21 16:46:00,ROBBERY,ROBBERY incident reported in Western Suburbs (Andheri),Western Suburbs (Andheri),False,Western Suburbs (Andheri),19.101478205388272,72.85777263504914
"FIR No. 0345/2024, P.S. Colaba/CST",2024-05-05 05:37:00,ROBBERY,ROBBERY incident reported in South Mumbai (Colaba/CST),South Mumbai (Colaba/CST),False,South Mumbai (Colaba/CST),18.927841690411466,72.83872600804197
"FIR No. 0291/2024, P.S. Bandra",2024-04-06 18:42:00,BURGLARY,BURGLARY incident reported in Western Suburbs (Bandra),Western Suburbs (Bandra),True,Western Suburbs (Bandra),19.07768795084268,72.80376527527467
"FIR No. 0455/2024, P.S. Kurla",2024-06-20 13:34:00,THEFT,THEFT incident reported in Eastern Suburbs (Kurla),Eastern Suburbs (Kurla),False,Eastern Suburbs (Kurla),19.057635755599968,72.8811167845267
"FIR No. 0191/2024, P.S. Malad",2024-12-11 17:34:00,ASSAULT,ASSAULT incident reported in Northern Suburbs (Malad),Northern Suburbs (Malad),False,Northern Suburbs (Malad),19.15066360269049,72.86013536848965
"FIR No. 0392/2023, P.S. Andheri",2023-07-23 05:20:00,BURGLARY,BURGLARY incident reported in Western Suburbs (Andheri),Western Suburbs (Andheri),True,Western Suburbs (Andheri),19.119780006441857,72.83884757912358
"FIR No. 0536/2024, P.S. Dadar",2024-07-09 08:46:00,CYBER,CYBER incident reported in Central Mumbai (Dadar),Central Mumbai (Dadar),False,Central Mumbai (Dadar),18.98847302397515,72.85423326127142
"FIR No. 0018/2024, P.S. Andheri",2024-02-23 08:03:00,ASSAULT,ASSAULT incident reported in Western Suburbs (Andheri),Western Suburbs (Andheri),False,Western Suburbs (Andheri),19.13417394794074,72.84618051856374
"FIR No. 0091/2024, P.S. Kurla",2024-02-13 20:40:00,THEFT,THEFT incident reported in Eastern Suburbs (Kurla),Eastern Suburbs (Kurla),False,Eastern Suburbs (Kurla),19.072661877335488,72.89391450433433
89842143/2026,2026-06-16 14:47:00,ASSAULT,ASSAULT incident reported in Western Suburbs (Andheri),Western Suburbs (Andheri),True,Western Suburbs (Andheri),19.12501497053741,72.87327055453447
"FIR No. 0513/2024, P.S. Malad",2024-12-24 04:19:00,ASSAULT,ASSAULT incident reported in Northern Suburbs (Malad),Northern Suburbs (Malad),False,Northern Suburbs (Malad),19.180614486379486,72.85207501782799
"FIR No. 0075/2023, P.S. Kurla",2023-06-10 04:22:00,THEFT,THEFT incident reported in Eastern Suburbs (Kurla),Eastern Suburbs (Kurla),False,Eastern Suburbs (Kurla),19.033766886918464,72.88237361883694
"FIR No. 0040/2023, P.S. Malad",2023-11-03 17:23:00,THEFT,THEFT incident reported in Northern Suburbs (Malad),Northern Suburbs (Malad),False,Northern Suburbs (Malad),19.163165551687392,72.85979821188405
"FIR No. 0273/2023, P.S. Malad",2023-06-21 20:23:00,CYBER,CYBER incident reported in Northern Suburbs (Malad),Northern Suburbs (Malad),True,Northern Suburbs (Malad),19.18638839787717,72.83119044329221
"FIR No. 0109/2025, P.S. Colaba/CST",2025-05-14 18:18:00,CYBER,CYBER incident reported in South Mumbai (Colaba/CST),South Mumbai (Colaba/CST),True,South Mumbai (Colaba/CST),18.95105623767416,72.82194284375431
"FIR No. 0219/2026, P.S. Kurla",2026-03-05 20:56:00,ROBBERY,ROBBERY incident reported in Eastern Suburbs (Kurla),Eastern Suburbs (Kurla),False,Eastern Suburbs (Kurla),19.06033429468115,72.89262596529036
"FIR No. 0224/2024, P.S. Bandra",2024-03-27 02:29:00,OTHER,OTHER incident reported in Western Suburbs (Bandra),Western Suburbs (Bandra),True,Western Suburbs (Bandra),19.073748040045267,72.80610368927368
82122676/2024,2024-11-25 10:05:00,ASSAULT,ASSAULT incident reported in Western Suburbs (Bandra),Western Suburbs (Bandra),True,Western Suburbs (Bandra),19.04201604588481,72.8424391307816
"FIR No. 0125/2023, P.S. Bandra",2023-03-13 16:21:00,THEFT,THEFT incident reported in Western Suburbs (Bandra),Western Suburbs (Bandra),False,Western Suburbs (Bandra),19.07504823224281,72.82403667509043
88502096/2024,2024-01-17 01:51:00,THEFT,THEFT incident reported in Western Suburbs (Bandra),Western Suburbs (Bandra),False,Western Suburbs (Bandra),19.05931955423614,72.80254473903133
"FIR No. 0941/2024, P.S. Colaba/CST",2024-11-27 19:52:00,BURGLARY,BURGLARY incident reported in South Mumbai (Colaba/CST),South Mumbai (Colaba/CST),False,South Mumbai (Colaba/CST),18.94871301452493,72.81675647504058
"FIR No. 0576/2026, P.S. Kurla",2026-08-10 01:35:00,THEFT,THEFT incident reported in Eastern Suburbs (Kurla),Eastern Suburbs (Kurla),False,Eastern Suburbs (Kurla),19.048129267255327,72.87250885208344
"FIR No. 0163/2023, P.S. Colaba/CST",2023-02-19 15:22:00,ASSAULT,ASSAULT incident reported in South Mumbai (Colaba/CST),South Mumbai (Colaba/CST),False,South Mumbai (Colaba/CST),18.936828508524727,72.81517515635001
"FIR No. 0661/2023, P.S. Andheri",2023-09-05 02:27:00,THEFT,THEFT incident reported in Western Suburbs (Andheri),Western Suburbs (Andheri),True,Western Suburbs (Andheri),19.13585518754042,72.84952507834126
"FIR No. 0049/2025, P.S. Colaba/CST",2025-01-23 03:48:00,ASSAULT,ASSAULT incident reported in South Mumbai (Colaba/CST),South Mumbai (Colaba/CST),False,South Mumbai (Colaba/CST),18.93228685392561,72.81858507246598
"FIR No. 0158/2024, P.S. Bandra",2024-03-19 06:41:00,BURGLARY,BURGLARY incident reported in Western Suburbs (Bandra),Western Suburbs (Bandra),False,Western Suburbs (Bandra),19.0759495222144,72.83277579907404
"FIR No. 0232/2024, P.S. Kurla",2024-09-23 11:52:00,CYBER,CYBER incident reported in Eastern Suburbs (Kurla),Eastern Suburbs (Kurla),False,Eastern Suburbs (Kurla),19.05539764913597,72.88699459089963
"FIR No. 0500/2023, P.S. Malad",2023-05-28 23:57:00,ASSAULT,ASSAULT incident reported in Northern Suburbs (Malad),Northern Suburbs (Malad),False,Northern Suburbs (Malad),19.17864616723963,72.83186234490717
"FIR No. 0048/2023, P.S. Kurla",2023-01-18 22:02:00,THEFT,THEFT incident reported in Eastern Suburbs (Kurla),Eastern Suburbs (Kurla),True,Eastern Suburbs (Kurla),19.05486006643243,72.86483833021164
83129547/2024,2024-10-27 02:36:00,THEFT,THEFT incident reported in Northern Suburbs (Malad),Northern Suburbs (Malad),False,Northern Suburbs (Malad),19.164795657269668,72.85607756160354
"FIR No. 0282/2023, P.S. Colaba/CST",2023-06-15 04:48:00,THEFT,THEFT incident reported in South Mumbai (Colaba/CST),South Mumbai (Colaba/CST),False,South Mumbai (Colaba/CST),18.9288251120138,72.83724570609913
80525832/2024,2024-07-24 17:32:00,THEFT,THEFT incident reported in South Mumbai (Colaba/CST),South Mumbai (Colaba/CST),False,South Mumbai (Colaba/CST),18.935723956333284,72.82502426598828
"FIR No. 0025/2026, P.S. Dadar",2026-01-22 04:59:00,THEFT,THEFT incident reported in Central Mumbai (Dadar),Central Mumbai (Dadar),False,Central Mumbai (Dadar),18.99852861491189,72.86230218491465
"FIR No. 0044/2026, P.S. Colaba/CST",2026-05-04 09:19:00,THEFT,THEFT incident reported in South Mumbai (Colaba/CST),South Mumbai (Colaba/CST),False,South Mumbai (Colaba/CST),18.94355728875254,72.85880875629563
"FIR No. 0212/2025, P.S. Bandra",2025-07-25 23:21:00,ASSAULT,ASSAULT incident reported in Western Suburbs (Bandra),Western Suburbs (Bandra),False,Western Suburbs (Bandra),19.06097890102687,72.83668676688242
"FIR No. 0302/2026, P.S. Andheri",2026-08-01 12:14:00,ASSAULT,ASSAULT incident reported in Western Suburbs (Andheri),Western Suburbs (Andheri),False,Western Suburbs (Andheri),19.107721664010683,72.8563700963232
83897504/2025,2025-12-14 08:19:00,CYBER,CYBER incident reported in South Mumbai (Colaba/CST),South Mumbai (Colaba/CST),False,South Mumbai (Colaba/CST),18.90246295703376,72.83687078591355
86536237/2025,2025-12-15 10:15:00,ASSAULT,ASSAULT incident reported in Western Suburbs (Bandra),Western Suburbs (Bandra),False,Western Suburbs (Bandra),19.077345375067218,72.86008602670034
"FIR No. 0594/2024, P.S. Dadar",2024-10-10 15:01:00,THEFT,THEFT incident reported in Central Mumbai (Dadar),Central Mumbai (Dadar),True,Central Mumbai (Dadar),19.01182563814949,72.86696391210481
83664997/2025,2025-09-01 15:27:00,THEFT,THEFT incident reported in Central Mumbai (Dadar),Central Mumbai (Dadar),False,Central Mumbai (Dadar),18.9902545812438,72.86819646269295
"FIR No. 0054/2024, P.S. Colaba/CST",2024-01-23 09:21:00,THEFT,THEFT incident reported in South Mumbai (Colaba/CST),South Mumbai (Colaba/CST),True,South Mumbai (Colaba/CST),18.92994707141374,72.81141546601164
"FIR No. 0400/2024, P.S. Kurla",2024-12-11 03:25:00,THEFT,THEFT incident reported in Eastern Suburbs (Kurla),Eastern Suburbs (Kurla),False,Eastern Suburbs (Kurla),19.07782237701816,72.88727811172248
"FIR No. 0217/2024, P.S. Kurla",2024-09-13 22:33:00,THEFT,THEFT incident reported in Eastern Suburbs (Kurla),Eastern Suburbs (Kurla),False,Eastern Suburbs (Kurla),19.06217986876422,72.85760407261992
"FIR No. 0489/2023, P.S. Malad",2023-08-12 14:12:00,THEFT,THEFT incident reported in Northern Suburbs (Malad),Northern Suburbs (Malad),False,Northern Suburbs (Malad),19.168472269654103,72.81163932188862
84699982/2025,2025-12-23 05:49:00,THEFT,THEFT incident reported in Western Suburbs (Bandra),Western Suburbs (Bandra),True,Western Suburbs (Bandra),19.0811147758861,72.8478964440424
"FIR No. 0074/2025, P.S. Bandra",2025-02-14 22:00:00,THEFT,THEFT incident reported in Western Suburbs (Bandra),Western Suburbs (Bandra),False,Western Suburbs (Bandra),19.067253490780253,72.82954256357633
"FIR No. 1152/2023, P.S. Kurla",2023-12-28 10:30:00,THEFT,THEFT incident reported in Eastern Suburbs (Kurla),Eastern Suburbs (Kurla),False,Eastern Suburbs (Kurla),19.07880133713683,72.87421530480853
"FIR No. 0462/2025, P.S. Bandra",2025-07-22 16:52:00,THEFT,THEFT incident reported in Western Suburbs (Bandra),Western Suburbs (Bandra),False,Western Suburbs (Bandra),19.07030284964215,72.83265324721303
"FIR No. 0047/2023, P.S. Colaba/CST",2023-05-03 05:27:00,CYBER,CYBER incident reported in South Mumbai (Colaba/CST),South Mumbai (Colaba/CST),True,South Mumbai (Colaba/CST),18.93906761227659,72.82865330737326
"FIR No. 0299/2024, P.S. Bandra",2024-04-06 00:40:00,THEFT,THEFT incident reported in Western Suburbs (Bandra),Western Suburbs (Bandra),False,Western Suburbs (Bandra),19.04230668143499,72.85716713834265
"FIR No. 0642/2024, P.S. Colaba/CST",2024-11-13 12:19:00,OTHER,OTHER incident reported in South Mumbai (Colaba/CST),South Mumbai (Colaba/CST),True,South Mumbai (Colaba/CST),18.903081569812816,72.82983446246051
"FIR No. 0155/2025, P.S. Colaba/CST",2025-06-09 14:12:00,THEFT,THEFT incident reported in South Mumbai (Colaba/CST),South Mumbai (Colaba/CST),True,South Mumbai (Colaba/CST),18.9285035238306,72.85873946289968
89534978/2026,2026-08-18 17:51:00,THEFT,THEFT incident reported in Western Suburbs (Bandra),Western Suburbs (Bandra),False,Western Suburbs (Bandra),19.07767847454555,72.84333976027212
"FIR No. 0134/2026, P.S. Bandra",2026-08-04 04:16:00,THEFT,THEFT incident reported in Western Suburbs (Bandra),Western Suburbs (Bandra),True,Western Suburbs (Bandra),19.052351967315115,72.856921468355
"FIR No. 0504/2023, P.S. Kurla",2023-12-07 20:50:00,ASSAULT,ASSAULT incident reported in Eastern Suburbs (Kurla),Eastern Suburbs (Kurla),False,Eastern Suburbs (Kurla),19.067856262802355,72.88322723767507
"FIR No. 0120/2024, P.S. Malad",2024-07-19 07:03:00,ASSAULT,ASSAULT incident reported in Northern Suburbs (Malad),Northern Suburbs (Malad),False,Northern Suburbs (Malad),19.18030628228439,72.86616782036775
"FIR No. 0351/2026, P.S. Andheri",2026-04-22 11:35:00,BURGLARY,BURGLARY incident reported in Western Suburbs (Andheri),Western Suburbs (Andheri),False,Western Suburbs (Andheri),19.112320138760857,72.84172046689761
"FIR No. 0559/2025, P.S. Andheri",2025-09-25 15:18:00,ASSAULT,ASSAULT incident reported in Western Suburbs (Andheri),Western Suburbs (Andheri),False,Western Suburbs (Andheri),19.135875932376447,72.85676341500131
"FIR No. 0047/2023, P.S. Kurla",2023-02-25 23:32:00,THEFT,THEFT incident reported in Eastern Suburbs (Kurla),Eastern Suburbs (Kurla),False,Eastern Suburbs (Kurla),19.095532847290187,72.88000465308373
"FIR No. 0034/2024, P.S. Colaba/CST",2024-01-20 17:13:00,CYBER,CYBER incident reported in South Mumbai (Colaba/CST),South Mumbai (Colaba/CST),True,South Mumbai (Colaba/CST),18.942548166560872,72.83900902184416
85236268/2025,2025-10-30 15:46:00,ROBBERY,ROBBERY incident reported in Central Mumbai (Dadar),Central Mumbai (Dadar),False,Central Mumbai (Dadar),19.01274901584919,72.85221435286368
"FIR No. 0156/2023, P.S. Kurla",2023-04-17 21:52:00,THEFT,THEFT incident reported in Eastern Suburbs (Kurla),Eastern Suburbs (Kurla),False,Eastern Suburbs (Kurla),19.050038758468045,72.88706837662282
"FIR No. 0158/2025, P.S. Andheri",2025-11-07 15:22:00,THEFT,THEFT incident reported in Western Suburbs (Andheri),Western Suburbs (Andheri),False,Western Suburbs (Andheri),19.12429067949941,72.8293605142343
"FIR No. 0122/2024, P.S. Colaba/CST",2024-03-22 15:15:00,CYBER,CYBER incident reported in South Mumbai (Colaba/CST),South Mumbai (Colaba/CST),False,South Mumbai (Colaba/CST),18.92448724919223,72.8328571032189
"FIR No. 0004/2026, P.S. Andheri",2026-07-24 16:57:00,THEFT,THEFT incident reported in Western Suburbs (Andheri),Western Suburbs (Andheri),False,Western Suburbs (Andheri),19.11317273141941,72.86706714638234
"FIR No. 0270/2023, P.S. Bandra",2023-12-27 22:22:00,THEFT,THEFT incident reported in Western Suburbs (Bandra),Western Suburbs (Bandra),False,Western Suburbs (Bandra),19.08314771305296,72.82252002782974
"FIR No. 0130/2023, P.S. Bandra",2023-11-05 22:38:00,ASSAULT,ASSAULT incident reported in Western Suburbs (Bandra),Western Suburbs (Bandra),False,Western Suburbs (Bandra),19.07339613987519,72.82091117145666
"FIR No. 0256/2026, P.S. Kurla",2026-08-12 04:42:00,OTHER,OTHER incident reported in Eastern Suburbs (Kurla),Eastern Suburbs (Kurla),False,Eastern Suburbs (Kurla),19.08519265555103,72.91092224336742
"FIR No. 0039/2023, P.S. Bandra",2023-03-04 23:12:00,ROBBERY,ROBBERY incident reported in Western Suburbs (Bandra),Western Suburbs (Bandra),False,Western Suburbs (Bandra),19.07938644386901,72.85429889618821
"FIR No. 0064/2024, P.S. Kurla",2024-02-04 12:44:00,BURGLARY,BURGLARY incident reported in Eastern Suburbs (Kurla),Eastern Suburbs (Kurla),True,Eastern Suburbs (Kurla),19.076362268355627,72.8553282026106
"FIR No. 0050/2023, P.S. Kurla",2023-04-26 07:03:00,THEFT,THEFT incident reported in Eastern Suburbs (Kurla),Eastern Suburbs (Kurla),True,Eastern Suburbs (Kurla),19.06955911587769,72.8943849701919
"FIR No. 0097/2024, P.S. Bandra",2024-11-13 16:05:00,OTHER,OTHER incident reported in Western Suburbs (Bandra),Western Suburbs (Bandra),False,Western Suburbs (Bandra),19.078711817373883,72.83706465493567
"FIR No. 0252/2024, P.S. Kurla",2024-04-25 07:51:00,CYBER,CYBER incident reported in Eastern Suburbs (Kurla),Eastern Suburbs (Kurla),False,Eastern Suburbs (Kurla),19.075721185712464,72.89798188573079
"FIR No. 0152/2024, P.S. Bandra",2024-02-11 18:05:00,ROBBERY,ROBBERY incident reported in Western Suburbs (Bandra),Western Suburbs (Bandra),False,Western Suburbs (Bandra),19.055635249775587,72.81970861040335
"FIR No. 0330/2023, P.S. Andheri",2023-05-02 07:33:00,ASSAULT,ASSAULT incident reported in Western Suburbs (Andheri),Western Suburbs (Andheri),True,Western Suburbs (Andheri),19.124797012819457,72.82599986489035
"FIR No. 0762/2025, P.S. Kurla",2025-10-20 21:06:00,THEFT,THEFT incident reported in Eastern Suburbs (Kurla),Eastern Suburbs (Kurla),True,Eastern Suburbs (Kurla),19.0635260264824,72.86847656543364
"FIR No. 0096/2025, P.S. Colaba/CST",2025-01-13 18:16:00,ASSAULT,ASSAULT incident reported in South Mumbai (Colaba/CST),South Mumbai (Colaba/CST),False,South Mumbai (Colaba/CST),18.96220016805277,72.84078627846806
"FIR No. 1158/2024, P.S. Colaba/CST",2024-12-28 19:52:00,THEFT,THEFT incident reported in South Mumbai (Colaba/CST),South Mumbai (Colaba/CST),False,South Mumbai (Colaba/CST),18.92776608355713,72.8357194171189
83729599/2023,2023-04-04 01:09:00,ROBBERY,ROBBERY incident reported in South Mumbai (Colaba/CST),South Mumbai (Colaba/CST),False,South Mumbai (Colaba/CST),18.926408300801445,72.84139602807883
"FIR No. 0136/2024, P.S. Dadar",2024-08-13 16:06:00,ROBBERY,ROBBERY incident reported in Central Mumbai (Dadar),Central Mumbai (Dadar),False,Central Mumbai (Dadar),19.00247700554379,72.86423192587829
"FIR No. 0022/2025, P.S. Dadar",2025-08-27 13:04:00,THEFT,THEFT incident reported in Central Mumbai (Dadar),Central Mumbai (Dadar),False,Central Mumbai (Dadar),19.033402862520976,72.86852581011449
"FIR No. 0910/2025, P.S. Dadar",2025-11-14 12:15:00,THEFT,THEFT incident reported in Central Mumbai (Dadar),Central Mumbai (Dadar),False,Central Mumbai (Dadar),19.006566654597457,72.8471962136718
"FIR No. 0511/2023, P.S. Kurla",2023-07-04 10:54:00,ROBBERY,ROBBERY incident reported in Eastern Suburbs (Kurla),Eastern Suburbs (Kurla),False,Eastern Suburbs (Kurla),19.07821999172297,72.87915046459345
"FIR No. 0003/2024, P.S. Dadar",2024-11-28 05:24:00,THEFT,THEFT incident reported in Central Mumbai (Dadar),Central Mumbai (Dadar),False,Central Mumbai (Dadar),19.02495742546071,72.85836351324771
"FIR No. 0025/2023, P.S. Andheri",2023-01-25 05:05:00,THEFT,THEFT incident reported in Western Suburbs (Andheri),Western Suburbs (Andheri),True,Western Suburbs (Andheri),19.11451237372105,72.82461242302091
"FIR No. 0134/2023, P.S. Kurla",2023-02-15 16:27:00,ASSAULT,ASSAULT incident reported in Eastern Suburbs (Kurla),Eastern Suburbs (Kurla),False,Eastern Suburbs (Kurla),19.05670353499522,72.87314264528696
"FIR No. 0192/2024, P.S. Colaba/CST",2024-04-18 17:04:00,THEFT,THEFT incident reported in South Mumbai (Colaba/CST),South Mumbai (Colaba/CST),False,South Mumbai (Colaba/CST),18.922129483175897,72.84470116994554
"FIR No. 0289/2024, P.S. Colaba/CST",2024-06-13 22:29:00,ROBBERY,ROBBERY incident reported in South Mumbai (Colaba/CST),South Mumbai (Colaba/CST),False,South Mumbai (Colaba/CST),18.92203705328024,72.84042128919994
"FIR No. 0381/2026, P.S. Andheri",2026-06-05 10:35:00,THEFT,THEFT incident reported in Western Suburbs (Andheri),Western Suburbs (Andheri),True,Western Suburbs (Andheri),19.098769744217595,72.847031878783
"FIR No. 0089/2024, P.S. Bandra",2024-05-30 07:33:00,CYBER,CYBER incident reported in Western Suburbs (Bandra),Western Suburbs (Bandra),False,Western Suburbs (Bandra),19.044358671161508,72.82281035384483
"FIR No. 0239/2025, P.S. Colaba/CST",2025-08-19 04:08:00,ASSAULT,ASSAULT incident reported in South Mumbai (Colaba/CST),South Mumbai (Colaba/CST),False,South Mumbai (Colaba/CST),18.93674340855021,72.83767337068925
"FIR No. 0088/2024, P.S. Kurla",2024-03-01 07:52:00,ASSAULT,ASSAULT incident reported in Eastern Suburbs (Kurla),Eastern Suburbs (Kurla),False,Eastern Suburbs (Kurla),19.098623049455973,72.86427787571908
"FIR No. 0216/2026, P.S. Colaba/CST",2026-05-05 23:36:00,THEFT,THEFT incident reported in South Mumbai (Colaba/CST),South Mumbai (Colaba/CST),True,South Mumbai (Colaba/CST),18.95004023355001,72.82859656511562
"FIR No. 0413/2024, P.S. Bandra",2024-11-10 06:16:00,CYBER,CYBER incident reported in Western Suburbs (Bandra),Western Suburbs (Bandra),False,Western Suburbs (Bandra),19.051971412187694,72.82697828504192
80839192/2026,2026-07-11 06:50:00,ASSAULT,ASSAULT incident reported in South Mumbai (Colaba/CST),South Mumbai (Colaba/CST),False,South Mumbai (Colaba/CST),18.93727139840926,72.83732862417398
83774995/2023,2023-01-10 10:50:00,BURGLARY,BURGLARY incident reported in Eastern Suburbs (Kurla),Eastern Suburbs (Kurla),True,Eastern Suburbs (Kurla),19.07689786624781,72.86737278818713
"FIR No. 0229/2024, P.S. Andheri",2024-05-07 03:52:00,THEFT,THEFT incident reported in Western Suburbs (Andheri),Western Suburbs (Andheri),False,Western Suburbs (Andheri),19.11257479798319,72.85458630758639
"FIR No. 0595/2025, P.S. Bandra",2025-10-17 06:21:00,THEFT,THEFT incident reported in Western Suburbs (Bandra),Western Suburbs (Bandra),False,Western Suburbs (Bandra),19.04783282750704,72.82267686059768
"FIR No. 0347/2025, P.S. Dadar",2025-07-26 09:58:00,THEFT,THEFT incident reported in Central Mumbai (Dadar),Central Mumbai (Dadar),False,Central Mumbai (Dadar),19.038344685595533,72.8400959463218
"FIR No. 0002/2025, P.S. Malad",2025-02-06 19:57:00,OTHER,OTHER incident reported in Northern Suburbs (Malad),Northern Suburbs (Malad),False,Northern Suburbs (Malad),19.18709331030028,72.84990951514538
"FIR No. 0114/2023, P.S. Colaba/CST",2023-03-13 07:30:00,THEFT,THEFT incident reported in South Mumbai (Colaba/CST),South Mumbai (Colaba/CST),False,South Mumbai (Colaba/CST),18.92135717475019,72.84043479500589
"FIR No. 0012/2025, P.S. Dadar",2025-01-28 15:42:00,ROBBERY,ROBBERY incident reported in Central Mumbai (Dadar),Central Mumbai (Dadar),False,Central Mumbai (Dadar),19.01899344083432,72.83496258952998
"FIR No. 0027/2024, P.S. Colaba/CST",2024-05-27 06:18:00,THEFT,THEFT incident reported in South Mumbai (Colaba/CST),South Mumbai (Colaba/CST),False,South Mumbai (Colaba/CST),18.9388100183738,72.83435395984063
"FIR No. 0401/2025, P.S. Andheri",2025-11-05 20:26:00,ASSAULT,ASSAULT incident reported in Western Suburbs (Andheri),Western Suburbs (Andheri),False,Western Suburbs (Andheri),19.125315643129905,72.84877547764908
"FIR No. 0459/2023, P.S. Bandra",2023-07-16 02:55:00,CYBER,CYBER incident reported in Western Suburbs (Bandra),Western Suburbs (Bandra),False,Western Suburbs (Bandra),19.06745388627364,72.83697705591078
87455977/2025,2025-12-02 10:37:00,ASSAULT,ASSAULT incident reported in Western Suburbs (Bandra),Western Suburbs (Bandra),False,Western Suburbs (Bandra),19.045314168830384,72.83286204354977
"FIR No. 0215/2024, P.S. Colaba/CST",2024-11-18 16:58:00,THEFT,THEFT incident reported in South Mumbai (Colaba/CST),South Mumbai (Colaba/CST),False,South Mumbai (Colaba/CST),18.92834604704048,72.82513926426235
"FIR No. 0018/2026, P.S. Andheri",2026-03-28 16:52:00,ASSAULT,ASSAULT incident reported in Western Suburbs (Andheri),Western Suburbs (Andheri),False,Western Suburbs (Andheri),19.13117959513201,72.8515066991225
"FIR No. 0371/2024, P.S. Dadar",2024-09-23 01:04:00,THEFT,THEFT incident reported in Central Mumbai (Dadar),Central Mumbai (Dadar),False,Central Mumbai (Dadar),19.00582670982871,72.85640616926085
"FIR No. 0094/2026, P.S. Kurla",2026-02-06 18:35:00,ROBBERY,ROBBERY incident reported in Eastern Suburbs (Kurla),Eastern Suburbs (Kurla),True,Eastern Suburbs (Kurla),19.076654397484408,72.87238906321498
"FIR No. 0126/2025, P.S. Andheri",2025-06-28 22:14:00,CYBER,CYBER incident reported in Western Suburbs (Andheri),Western Suburbs (Andheri),False,Western Suburbs (Andheri),19.112872641368664,72.85916092589868
"FIR No. 0119/2025, P.S. Colaba/CST",2025-06-06 08:04:00,CYBER,CYBER incident reported in South Mumbai (Colaba/CST),South Mumbai (Colaba/CST),False,South Mumbai (Colaba/CST),18.952523923892187,72.8300714406128
"FIR No. 0199/2023, P.S. Bandra",2023-05-11 21:28:00,OTHER,OTHER incident reported in Western Suburbs (Bandra),Western Suburbs (Bandra),True,Western Suburbs (Bandra),19.04987325587517,72.8314621885508
"FIR No. 0593/2023, P.S. Colaba/CST",2023-10-22 04:22:00,ASSAULT,ASSAULT incident reported in South Mumbai (Colaba/CST),South Mumbai (Colaba/CST),False,South Mumbai (Colaba/CST),18.93498339922624,72.82062783688434
"FIR No. 0013/2026, P.S. Dadar",2026-01-04 20:23:00,THEFT,THEFT incident reported in Central Mumbai (Dadar),Central Mumbai (Dadar),False,Central Mumbai (Dadar),19.013446672406182,72.84928863852207
"FIR No. 0144/2023, P.S. Bandra",2023-03-06 03:35:00,ASSAULT,ASSAULT incident reported in Western Suburbs (Bandra),Western Suburbs (Bandra),False,Western Suburbs (Bandra),19.057490746336697,72.85934064235754
"FIR No. 0110/2026, P.S. Colaba/CST",2026-07-04 13:08:00,ASSAULT,ASSAULT incident reported in South Mumbai (Colaba/CST),South Mumbai (Colaba/CST),False,South Mumbai (Colaba/CST),18.89531712033144,72.83652511675565
"FIR No. 0192/2026, P.S. Kurla",2026-04-09 11:08:00,ASSAULT,ASSAULT incident reported in Eastern Suburbs (Kurla),Eastern Suburbs (Kurla),False,Eastern Suburbs (Kurla),19.07162962533744,72.87970554033598
"FIR No. 0111/2025, P.S. Malad",2025-05-20 04:26:00,ASSAULT,ASSAULT incident reported in Northern Suburbs (Malad),Northern Suburbs (Malad),True,Northern Suburbs (Malad),19.18362930489325,72.85845220444571
"FIR No. 0521/2023, P.S. Malad",2023-05-03 13:34:00,ROBBERY,ROBBERY incident reported in Northern Suburbs (Malad),Northern Suburbs (Malad),False,Northern Suburbs (Malad),19.190972069437965,72.85094839857582
"FIR No. 0204/2024, P.S. Colaba/CST",2024-06-10 11:52:00,THEFT,THEFT incident reported in South Mumbai (Colaba/CST),South Mumbai (Colaba/CST),False,South Mumbai (Colaba/CST),18.94701112845089,72.83358757257122
85906337/2023,2023-04-22 23:25:00,CYBER,CYBER incident reported in Central Mumbai (Dadar),Central Mumbai (Dadar),True,Central Mumbai (Dadar),19.058079476471782,72.86471384286304
"FIR No. 0247/2024, P.S. Andheri",2024-05-09 11:28:00,ASSAULT,ASSAULT incident reported in Western Suburbs (Andheri),Western Suburbs (Andheri),False,Western Suburbs (Andheri),19.127685004230145,72.84911839528851
"FIR No. 1111/2024, P.S. Dadar",2024-12-19 16:15:00,THEFT,THEFT incident reported in Central Mumbai (Dadar),Central Mumbai (Dadar),True,Central Mumbai (Dadar),18.99836438160422,72.86317440469291
"FIR No. 0294/2026, P.S. Colaba/CST",2026-03-13 15:21:00,ASSAULT,ASSAULT incident reported in South Mumbai (Colaba/CST),South Mumbai (Colaba/CST),False,South Mumbai (Colaba/CST),18.95553153209568,72.84721813559649
"FIR No. 0506/2025, P.S. Kurla",2025-10-11 15:06:00,THEFT,THEFT incident reported in Eastern Suburbs (Kurla),Eastern Suburbs (Kurla),False,Eastern Suburbs (Kurla),19.05976359012425,72.87635023094542
"FIR No. 0311/2023, P.S. Bandra",2023-04-02 13:36:00,OTHER,OTHER incident reported in Western Suburbs (Bandra),Western Suburbs (Bandra),False,Western Suburbs (Bandra),19.056593356187875,72.81238350184822
82855630/2026,2026-07-04 04:20:00,THEFT,THEFT incident reported in South Mumbai (Colaba/CST),South Mumbai (Colaba/CST),True,South Mumbai (Colaba/CST),18.94473152500637,72.8405146237517
84105443/2025,2025-03-04 11:42:00,THEFT,THEFT incident reported in South Mumbai (Colaba/CST),South Mumbai (Colaba/CST),False,South Mumbai (Colaba/CST),18.93601450742307,72.83626323513099
"FIR No. 0183/2023, P.S. Andheri",2023-12-28 12:52:00,THEFT,THEFT incident reported in Western Suburbs (Andheri),Western Suburbs (Andheri),False,Western Suburbs (Andheri),19.095658242745632,72.8702223512464
"FIR No. 0580/2024, P.S. Colaba/CST",2024-10-20 11:24:00,THEFT,THEFT incident reported in South Mumbai (Colaba/CST),South Mumbai (Colaba/CST),False,South Mumbai (Colaba/CST),18.920136987814224,72.83959690214058
"FIR No. 0279/2025, P.S. Kurla",2025-10-21 09:20:00,ASSAULT,ASSAULT incident reported in Eastern Suburbs (Kurla),Eastern Suburbs (Kurla),False,Eastern Suburbs (Kurla),19.09447349470464,72.90485709193351
"FIR No. 0051/2023, P.S. Kurla",2023-12-30 07:36:00,THEFT,THEFT incident reported in Eastern Suburbs (Kurla),Eastern Suburbs (Kurla),False,Eastern Suburbs (Kurla),19.074382353902173,72.8390688649058
"FIR No. 0010/2023, P.S. Bandra",2023-01-10 16:20:00,BURGLARY,BURGLARY incident reported in Western Suburbs (Bandra),Western Suburbs (Bandra),False,Western Suburbs (Bandra),19.06097155592595,72.85734112217084
"FIR No. 0101/2026, P.S. Colaba/CST",2026-07-27 09:24:00,THEFT,THEFT incident reported in South Mumbai (Colaba/CST),South Mumbai (Colaba/CST),False,South Mumbai (Colaba/CST),18.96093567091025,72.83896133865782
82042677/2023,2023-10-03 20:30:00,ASSAULT,ASSAULT incident reported in Western Suburbs (Bandra),Western Suburbs (Bandra),False,Western Suburbs (Bandra),19.07307888020889,72.83302296214498
"FIR No. 0270/2023, P.S. Colaba/CST",2023-03-02 10:34:00,CYBER,CYBER incident reported in South Mumbai (Colaba/CST),South Mumbai (Colaba/CST),False,South Mumbai (Colaba/CST),18.92122876875988,72.83874842087504
"FIR No. 0260/2023, P.S. Colaba/CST",2023-07-27 18:09:00,THEFT,THEFT incident reported in South Mumbai (Colaba/CST),South Mumbai (Colaba/CST),False,South Mumbai (Colaba/CST),18.90217688606593,72.8126563756273
80248092/2025,2025-09-25 13:31:00,ASSAULT,ASSAULT incident reported in South Mumbai (Colaba/CST),South Mumbai (Colaba/CST),False,South Mumbai (Colaba/CST),18.96623085065559,72.82882343191562
"FIR No. 0334/2026, P.S. Andheri",2026-04-19 13:23:00,OTHER,OTHER incident reported in Western Suburbs (Andheri),Western Suburbs (Andheri),False,Western Suburbs (Andheri),19.11900489463148,72.89808039695761
"FIR No. 0030/2024, P.S. Colaba/CST",2024-01-20 02:19:00,ROBBERY,ROBBERY incident reported in South Mumbai (Colaba/CST),South Mumbai (Colaba/CST),False,South Mumbai (Colaba/CST),18.9281331032638,72.84619144302583
"FIR No. 0616/2025, P.S. Andheri",2025-10-29 10:34:00,ASSAULT,ASSAULT incident reported in Western Suburbs (Andheri),Western Suburbs (Andheri),False,Western Suburbs (Andheri),19.134631913087777,72.86108708061202
"FIR No. 0296/2025, P.S. Colaba/CST",2025-06-28 05:20:00,THEFT,THEFT incident reported in South Mumbai (Colaba/CST),South Mumbai (Colaba/CST),False,South Mumbai (Colaba/CST),18.93394605325,72.84780322827906
"FIR No. 0277/2026, P.S. Andheri",2026-04-05 18:18:00,BURGLARY,BURGLARY incident reported in Western Suburbs (Andheri),Western Suburbs (Andheri),False,Western Suburbs (Andheri),19.1215198711903,72.8488101414375
"FIR No. 0496/2025, P.S. Andheri",2025-12-28 11:37:00,BURGLARY,BURGLARY incident reported in Western Suburbs (Andheri),Western Suburbs (Andheri),False,Western Suburbs (Andheri),19.107961560645,72.85696521196517
"FIR No. 0037/2025, P.S. Dadar",2025-04-19 01:32:00,THEFT,THEFT incident reported in Central Mumbai (Dadar),Central Mumbai (Dadar),False,Central Mumbai (Dadar),19.019870208101985,72.86476749380009
"FIR No. 0142/2025, P.S. Kurla",2025-03-08 23:43:00,ASSAULT,ASSAULT incident reported in Eastern Suburbs (Kurla),Eastern Suburbs (Kurla),False,Eastern Suburbs (Kurla),19.07775176210151,72.8753269086909
82673979/2025,2025-10-02 18:41:00,BURGLARY,BURGLARY incident reported in Northern Suburbs (Malad),Northern Suburbs (Malad),False,Northern Suburbs (Malad),19.15025472974296,72.84197063236701
86253689/2026,2026-04-12 16:08:00,THEFT,THEFT incident reported in Western Suburbs (Andheri),Western Suburbs (Andheri),False,Western Suburbs (Andheri),19.134711789045603,72.85514475423007
"FIR No. 0909/2024, P.S. Andheri",2024-09-15 18:33:00,THEFT,THEFT incident reported in Western Suburbs (Andheri),Western Suburbs (Andheri),False,Western Suburbs (Andheri),19.112171229307044,72.86166244094753
"FIR No. 0055/2024, P.S. Malad",2024-02-24 13:38:00,ASSAULT,ASSAULT incident reported in Northern Suburbs (Malad),Northern Suburbs (Malad),False,Northern Suburbs (Malad),19.18061061550532,72.84486837633972
"FIR No. 0270/2023, P.S. Colaba/CST",2023-03-26 17:46:00,THEFT,THEFT incident reported in South Mumbai (Colaba/CST),South Mumbai (Colaba/CST),False,South Mumbai (Colaba/CST),18.93123540331768,72.82437485596654
"FIR No. 0193/2023, P.S. Bandra",2023-08-10 16:19:00,OTHER,OTHER incident reported in Western Suburbs (Bandra),Western Suburbs (Bandra),True,Western Suburbs (Bandra),19.05058835883565,72.85923763820678
"FIR No. 0143/2025, P.S. Colaba/CST",2025-03-04 14:11:00,ASSAULT,ASSAULT incident reported in South Mumbai (Colaba/CST),South Mumbai (Colaba/CST),False,South Mumbai (Colaba/CST),18.941103623666983,72.82499584606012
87903410/2023,2023-11-07 10:34:00,THEFT,THEFT incident reported in South Mumbai (Colaba/CST),South Mumbai (Colaba/CST),False,South Mumbai (Colaba/CST),18.9500297389201,72.82516185021615
85755482/2023,2023-10-05 23:28:00,THEFT,THEFT incident reported in Central Mumbai (Dadar),Central Mumbai (Dadar),True,Central Mumbai (Dadar),19.009153280361367,72.82828829380267
"FIR No. 0312/2026, P.S. Bandra",2026-04-05 21:42:00,OTHER,OTHER incident reported in Western Suburbs (Bandra),Western Suburbs (Bandra),False,Western Suburbs (Bandra),19.05116952042433,72.8540690918243
"FIR No. 0087/2023, P.S. Dadar",2023-07-08 01:19:00,THEFT,THEFT incident reported in Central Mumbai (Dadar),Central Mumbai (Dadar),False,Central Mumbai (Dadar),18.99337642899992,72.83919093661144
"FIR No. 0018/2023, P.S. Bandra",2023-01-30 09:54:00,CYBER,CYBER incident reported in Western Suburbs (Bandra),Western Suburbs (Bandra),False,Western Suburbs (Bandra),19.0462069763929,72.83291155901536
"FIR No. 0163/2024, P.S. Andheri",2024-03-30 11:29:00,ASSAULT,ASSAULT incident reported in Western Suburbs (Andheri),Western Suburbs (Andheri),False,Western Suburbs (Andheri),19.11746447973229,72.81891061232213
"FIR No. 0114/2023, P.S. Bandra",2023-02-10 16:37:00,THEFT,THEFT incident reported in Western Suburbs (Bandra),Western Suburbs (Bandra),False,Western Suburbs (Bandra),19.060102402319284,72.83968001749285
87303699/2026,2026-02-17 12:00:00,ASSAULT,ASSAULT incident reported in Western Suburbs (Andheri),Western Suburbs (Andheri),False,Western Suburbs (Andheri),19.0989358001204,72.8618941055133
87328575/2023,2023-05-30 18:31:00,ASSAULT,ASSAULT incident reported in South Mumbai (Colaba/CST),South Mumbai (Colaba/CST),True,South Mumbai (Colaba/CST),18.95580733943389,72.81959782596843
83834666/2023,2023-01-20 13:15:00,ROBBERY,ROBBERY incident reported in South Mumbai (Colaba/CST),South Mumbai (Colaba/CST),False,South Mumbai (Colaba/CST),18.944747166831025,72.82099525213624
"FIR No. 0147/2025, P.S. Dadar",2025-03-09 07:01:00,THEFT,THEFT incident reported in Central Mumbai (Dadar),Central Mumbai (Dadar),False,Central Mumbai (Dadar),19.01927740348151,72.83615107457588
"FIR No. 0678/2026, P.S. Andheri",2026-08-13 01:33:00,THEFT,THEFT incident reported in Western Suburbs (Andheri),Western Suburbs (Andheri),False,Western Suburbs (Andheri),19.10632160345682,72.8548460541964
85951899/2025,2025-10-10 07:55:00,THEFT,THEFT incident reported in Western Suburbs (Andheri),Western Suburbs (Andheri),False,Western Suburbs (Andheri),19.10584526218068,72.86239564819424
"FIR No. 0304/2024, P.S. Andheri",2024-06-28 22:01:00,ASSAULT,ASSAULT incident reported in Western Suburbs (Andheri),Western Suburbs (Andheri),False,Western Suburbs (Andheri),19.10264208614118,72.85287477959051
"FIR No. 0564/2023, P.S. Andheri",2023-10-19 22:34:00,THEFT,THEFT incident reported in Western Suburbs (Andheri),Western Suburbs (Andheri),False,Western Suburbs (Andheri),19.11757717266037,72.85427206787617
84824738/2023,2023-05-19 04:14:00,ROBBERY,ROBBERY incident reported in Western Suburbs (Bandra),Western Suburbs (Bandra),True,Western Suburbs (Bandra),19.062693103267787,72.82269700551629
"FIR No. 0445/2025, P.S. Dadar",2025-07-30 18:09:00,ASSAULT,ASSAULT incident reported in Central Mumbai (Dadar),Central Mumbai (Dadar),False,Central Mumbai (Dadar),18.99405109002705,72.84038632348535
"FIR No. 0771/2023, P.S. Kurla",2023-08-11 06:26:00,THEFT,THEFT incident reported in Eastern Suburbs (Kurla),Eastern Suburbs (Kurla),False,Eastern Suburbs (Kurla),19.066407757321635,72.85382155389105
"FIR No. 0590/2026, P.S. Colaba/CST",2026-07-06 08:36:00,THEFT,THEFT incident reported in South Mumbai (Colaba/CST),South Mumbai (Colaba/CST),False,South Mumbai (Colaba/CST),18.92568081940679,72.84134530363248
"FIR No. 0362/2023, P.S. Bandra",2023-07-06 14:39:00,THEFT,THEFT incident reported in Western Suburbs (Bandra),Western Suburbs (Bandra),False,Western Suburbs (Bandra),19.075711691799075,72.8150464228579
"FIR No. 0198/2023, P.S. Kurla",2023-06-28 12:52:00,ASSAULT,ASSAULT incident reported in Eastern Suburbs (Kurla),Eastern Suburbs (Kurla),False,Eastern Suburbs (Kurla),19.05141488168147,72.86886465565789
"FIR No. 0115/2026, P.S. Colaba/CST",2026-04-26 04:08:00,BURGLARY,BURGLARY incident reported in South Mumbai (Colaba/CST),South Mumbai (Colaba/CST),False,South Mumbai (Colaba/CST),18.932725031310373,72.81503775100722
83698113/2026,2026-07-31 17:50:00,THEFT,THEFT incident reported in South Mumbai (Colaba/CST),South Mumbai (Colaba/CST),False,South Mumbai (Colaba/CST),18.94370136594499,72.8493444159108
"FIR No. 0101/2024, P.S. Andheri",2024-10-10 07:35:00,THEFT,THEFT incident reported in Western Suburbs (Andheri),Western Suburbs (Andheri),True,Western Suburbs (Andheri),19.12121212642993,72.85489332211657
"FIR No. 0047/2024, P.S. Andheri",2024-03-09 13:43:00,THEFT,THEFT incident reported in Western Suburbs (Andheri),Western Suburbs (Andheri),True,Western Suburbs (Andheri),19.11108772725836,72.82931329908433
"FIR No. 0147/2024, P.S. Bandra",2024-07-22 03:39:00,CYBER,CYBER incident reported in Western Suburbs (Bandra),Western Suburbs (Bandra),True,Western Suburbs (Bandra),19.05680368200042,72.83540954914574
"FIR No. 0061/2026, P.S. Malad",2026-07-09 20:52:00,ASSAULT,ASSAULT incident reported in Northern Suburbs (Malad),Northern Suburbs (Malad),False,Northern Suburbs (Malad),19.18229239998671,72.83697639619288
"FIR No. 0176/2026, P.S. Kurla",2026-03-30 23:22:00,THEFT,THEFT incident reported in Eastern Suburbs (Kurla),Eastern Suburbs (Kurla),True,Eastern Suburbs (Kurla),19.041607131271885,72.87267847288237
"FIR No. 0401/2026, P.S. Andheri",2026-04-04 22:03:00,THEFT,THEFT incident reported in Western Suburbs (Andheri),Western Suburbs (Andheri),False,Western Suburbs (Andheri),19.122796518743005,72.86629726753314
82101102/2025,2025-09-06 04:22:00,ASSAULT,ASSAULT incident reported in South Mumbai (Colaba/CST),South Mumbai (Colaba/CST),True,South Mumbai (Colaba/CST),18.920175129586298,72.80613702356092
"FIR No. 0234/2023, P.S. Kurla",2023-07-14 18:16:00,BURGLARY,BURGLARY incident reported in Eastern Suburbs (Kurla),Eastern Suburbs (Kurla),False,Eastern Suburbs (Kurla),19.08790107572345,72.8717342604468
"FIR No. 0538/2024, P.S. Bandra",2024-08-16 21:04:00,CYBER,CYBER incident reported in Western Suburbs (Bandra),Western Suburbs (Bandra),False,Western Suburbs (Bandra),19.060998037710245,72.84065270974583
"FIR No. 0363/2025, P.S. Colaba/CST",2025-07-22 01:24:00,BURGLARY,BURGLARY incident reported in South Mumbai (Colaba/CST),South Mumbai (Colaba/CST),True,South Mumbai (Colaba/CST),18.953946414245348,72.81847245300492
"FIR No. 0009/2025, P.S. Bandra",2025-01-09 20:37:00,ASSAULT,ASSAULT incident reported in Western Suburbs (Bandra),Western Suburbs (Bandra),True,Western Suburbs (Bandra),19.046180543530618,72.82723179679954
"FIR No. 0054/2026, P.S. Bandra",2026-05-09 07:00:00,ASSAULT,ASSAULT incident reported in Western Suburbs (Bandra),Western Suburbs (Bandra),False,Western Suburbs (Bandra),19.021526464263133,72.81299692796262
"FIR No. 0074/2023, P.S. Andheri",2023-07-20 22:15:00,THEFT,THEFT incident reported in Western Suburbs (Andheri),Western Suburbs (Andheri),False,Western Suburbs (Andheri),19.088131034631107,72.85385691803702
"FIR No. 0608/2023, P.S. Colaba/CST",2023-10-13 07:55:00,ASSAULT,ASSAULT incident reported in South Mumbai (Colaba/CST),South Mumbai (Colaba/CST),True,South Mumbai (Colaba/CST),18.94855900228329,72.81990397301256
82092557/2023,2023-07-02 08:55:00,ROBBERY,ROBBERY incident reported in Western Suburbs (Andheri),Western Suburbs (Andheri),False,Western Suburbs (Andheri),19.129866494581464,72.83799386013641
"FIR No. 0374/2025, P.S. Kurla",2025-09-04 19:56:00,BURGLARY,BURGLARY incident reported in Eastern Suburbs (Kurla),Eastern Suburbs (Kurla),False,Eastern Suburbs (Kurla),19.107484187699484,72.8659021405613
"FIR No. 0225/2024, P.S. Andheri",2024-06-26 03:05:00,THEFT,THEFT incident reported in Western Suburbs (Andheri),Western Suburbs (Andheri),True,Western Suburbs (Andheri),19.120497508691614,72.8394741588414
"FIR No. 0147/2025, P.S. Malad",2025-03-29 08:22:00,BURGLARY,BURGLARY incident reported in Northern Suburbs (Malad),Northern Suburbs (Malad),False,Northern Suburbs (Malad),19.18484785994184,72.8362392097636
"FIR No. 0318/2025, P.S. Malad",2025-05-14 10:11:00,THEFT,THEFT incident reported in Northern Suburbs (Malad),Northern Suburbs (Malad),False,Northern Suburbs (Malad),19.181540120765977,72.86953885285827
"FIR No. 0188/2026, P.S. Bandra",2026-07-04 05:08:00,THEFT,THEFT incident reported in Western Suburbs (Bandra),Western Suburbs (Bandra),False,Western Suburbs (Bandra),19.033154443781463,72.82294003683255
"FIR No. 0315/2024, P.S. Colaba/CST",2024-12-08 21:18:00,ROBBERY,ROBBERY incident reported in South Mumbai (Colaba/CST),South Mumbai (Colaba/CST),True,South Mumbai (Colaba/CST),18.92449988663977,72.81555404652131
"FIR No. 0255/2023, P.S. Colaba/CST",2023-07-20 07:19:00,ROBBERY,ROBBERY incident reported in South Mumbai (Colaba/CST),South Mumbai (Colaba/CST),False,South Mumbai (Colaba/CST),18.933393913675467,72.82999456821638
89003623/2023,2023-10-17 09:30:00,ASSAULT,ASSAULT incident reported in Western Suburbs (Bandra),Western Suburbs (Bandra),False,Western Suburbs (Bandra),19.035973454463985,72.85238761869813
"FIR No. 0145/2023, P.S. Andheri",2023-05-06 01:04:00,OTHER,OTHER incident reported in Western Suburbs (Andheri),Western Suburbs (Andheri),False,Western Suburbs (Andheri),19.12290877600581,72.82779752849395
"FIR No. 0655/2025, P.S. Colaba/CST",2025-09-20 10:38:00,ASSAULT,ASSAULT incident reported in South Mumbai (Colaba/CST),South Mumbai (Colaba/CST),False,South Mumbai (Colaba/CST),18.97130078218156,72.84194289105885
88381362/2023,2023-01-23 21:58:00,THEFT,THEFT incident reported in Western Suburbs (Andheri),Western Suburbs (Andheri),False,Western Suburbs (Andheri),19.09825918129136,72.85305770488705
"FIR No. 0579/2025, P.S. Bandra",2025-10-10 14:53:00,THEFT,THEFT incident reported in Western Suburbs (Bandra),Western Suburbs (Bandra),True,Western Suburbs (Bandra),19.08075049958479,72.82742900118377
"FIR No. 1149/2024, P.S. Bandra",2024-12-05 00:53:00,ROBBERY,ROBBERY incident reported in Western Suburbs (Bandra),Western Suburbs (Bandra),False,Western Suburbs (Bandra),19.0795443381812,72.82396635478901
"FIR No. 0107/2026, P.S. Colaba/CST",2026-03-16 07:14:00,THEFT,THEFT incident reported in South Mumbai (Colaba/CST),South Mumbai (Colaba/CST),True,South Mumbai (Colaba/CST),18.90854905649457,72.82991996174161
"FIR No. 0227/2025, P.S. Andheri",2025-03-15 08:14:00,THEFT,THEFT incident reported in Western Suburbs (Andheri),Western Suburbs (Andheri),False,Western Suburbs (Andheri),19.120308014845776,72.87223355693202
"FIR No. 0183/2024, P.S. Colaba/CST",2024-06-25 07:04:00,ROBBERY,ROBBERY incident reported in South Mumbai (Colaba/CST),South Mumbai (Colaba/CST),True,South Mumbai (Colaba/CST),18.94669071341213,72.81872873556325
"FIR No. 0027/2025, P.S. Kurla",2025-05-07 23:38:00,THEFT,THEFT incident reported in Eastern Suburbs (Kurla),Eastern Suburbs (Kurla),True,Eastern Suburbs (Kurla),19.067248006529724,72.89605826931002
"FIR No. 0451/2024, P.S. Bandra",2024-07-21 20:04:00,ASSAULT,ASSAULT incident reported in Western Suburbs (Bandra),Western Suburbs (Bandra),False,Western Suburbs (Bandra),19.05738049959124,72.85044309088666
89380587/2026,2026-07-29 12:00:00,ASSAULT,ASSAULT incident reported in Eastern Suburbs (Kurla),Eastern Suburbs (Kurla),True,Eastern Suburbs (Kurla),19.073692167143143,72.87315182373109
"FIR No. 0548/2023, P.S. Colaba/CST",2023-08-15 01:27:00,THEFT,THEFT incident reported in South Mumbai (Colaba/CST),South Mumbai (Colaba/CST),True,South Mumbai (Colaba/CST),18.91975507948201,72.8263763158281
"FIR No. 0068/2026, P.S. Bandra",2026-02-10 12:39:00,THEFT,THEFT incident reported in Western Suburbs (Bandra),Western Suburbs (Bandra),False,Western Suburbs (Bandra),19.045113795515896,72.81986914686644
80463689/2024,2024-06-20 14:33:00,ASSAULT,ASSAULT incident reported in Northern Suburbs (Malad),Northern Suburbs (Malad),False,Northern Suburbs (Malad),19.152567453069736,72.84111425588596
"FIR No. 0584/2025, P.S. Dadar",2025-12-05 11:33:00,THEFT,THEFT incident reported in Central Mumbai (Dadar),Central Mumbai (Dadar),False,Central Mumbai (Dadar),19.02262579523307,72.83603932121251
"FIR No. 0068/2026, P.S. Andheri",2026-03-20 06:09:00,THEFT,THEFT incident reported in Western Suburbs (Andheri),Western Suburbs (Andheri),False,Western Suburbs (Andheri),19.116743024627773,72.85738595137825
"FIR No. 0009/2025, P.S. Colaba/CST",2025-02-16 12:45:00,THEFT,THEFT incident reported in South Mumbai (Colaba/CST),South Mumbai (Colaba/CST),False,South Mumbai (Colaba/CST),18.925296731691496,72.82841433919997
"FIR No. 0139/2023, P.S. Dadar",2023-02-06 16:44:00,BURGLARY,BURGLARY incident reported in Central Mumbai (Dadar),Central Mumbai (Dadar),True,Central Mumbai (Dadar),19.03223324222626,72.85564015011877
86348727/2024,2024-01-27 21:57:00,ROBBERY,ROBBERY incident reported in Central Mumbai (Dadar),Central Mumbai (Dadar),False,Central Mumbai (Dadar),19.03350775815396,72.86942525300744
"FIR No. 0435/2024, P.S. Colaba/CST",2024-06-25 14:56:00,ROBBERY,ROBBERY incident reported in South Mumbai (Colaba/CST),South Mumbai (Colaba/CST),True,South Mumbai (Colaba/CST),18.91693867145031,72.83071539992288
"FIR No. 0162/2026, P.S. Dadar",2026-02-21 15:06:00,THEFT,THEFT incident reported in Central Mumbai (Dadar),Central Mumbai (Dadar),False,Central Mumbai (Dadar),19.002962815173618,72.8557411938467
"FIR No. 0265/2023, P.S. Dadar",2023-08-19 02:13:00,CYBER,CYBER incident reported in Central Mumbai (Dadar),Central Mumbai (Dadar),True,Central Mumbai (Dadar),19.027375655669104,72.85558747633156
"FIR No. 0619/2023, P.S. Andheri",2023-08-07 19:00:00,ASSAULT,ASSAULT incident reported in Western Suburbs (Andheri),Western Suburbs (Andheri),True,Western Suburbs (Andheri),19.11025173111501,72.85715492862155
"FIR No. 0229/2025, P.S. Dadar",2025-08-25 11:45:00,THEFT,THEFT incident reported in Central Mumbai (Dadar),Central Mumbai (Dadar),False,Central Mumbai (Dadar),19.029450648809853,72.83532312705795
88863581/2025,2025-01-15 16:25:00,CYBER,CYBER incident reported in Western Suburbs (Andheri),Western Suburbs (Andheri),False,Western Suburbs (Andheri),19.130222944941487,72.8342070236634
"FIR No. 0702/2025, P.S. Bandra",2025-08-12 05:33:00,BURGLARY,BURGLARY incident reported in Western Suburbs (Bandra),Western Suburbs (Bandra),False,Western Suburbs (Bandra),19.070885669305017,72.85735806253057
"FIR No. 0022/2023, P.S. Bandra",2023-03-07 04:06:00,BURGLARY,BURGLARY incident reported in Western Suburbs (Bandra),Western Suburbs (Bandra),True,Western Suburbs (Bandra),19.07756978200329,72.81399470545301
89134261/2023,2023-09-02 16:28:00,ROBBERY,ROBBERY incident reported in Western Suburbs (Bandra),Western Suburbs (Bandra),False,Western Suburbs (Bandra),19.06600281585233,72.83750411021917
"FIR No. 0109/2025, P.S. Andheri",2025-02-17 10:51:00,ASSAULT,ASSAULT incident reported in Western Suburbs (Andheri),Western Suburbs (Andheri),False,Western Suburbs (Andheri),19.11600215555679,72.85958678752618
"FIR No. 0544/2025, P.S. Colaba/CST",2025-07-03 17:07:00,THEFT,THEFT incident reported in South Mumbai (Colaba/CST),South Mumbai (Colaba/CST),False,South Mumbai (Colaba/CST),18.91677162638969,72.81097222054618
"FIR No. 0476/2025, P.S. Bandra",2025-09-17 10:35:00,ASSAULT,ASSAULT incident reported in Western Suburbs (Bandra),Western Suburbs (Bandra),False,Western Suburbs (Bandra),19.090513200586727,72.8415119299312
"FIR No. 0118/2026, P.S. Bandra",2026-02-23 21:28:00,THEFT,THEFT incident reported in Western Suburbs (Bandra),Western Suburbs (Bandra),False,Western Suburbs (Bandra),19.06479824820746,72.8735772301637
85170639/2024,2024-07-04 08:33:00,BURGLARY,BURGLARY incident reported in Northern Suburbs (Malad),Northern Suburbs (Malad),False,Northern Suburbs (Malad),19.144975877565187,72.86101520364738
83769017/2024,2024-09-23 21:12:00,THEFT,THEFT incident reported in Western Suburbs (Bandra),Western Suburbs (Bandra),False,Western Suburbs (Bandra),19.04304548456449,72.83811590519801
89817504/2026,2026-06-28 18:24:00,BURGLARY,BURGLARY incident reported in Western Suburbs (Andheri),Western Suburbs (Andheri),False,Western Suburbs (Andheri),19.11503241199233,72.8527247655535
"FIR No. 0168/2024, P.S. Andheri",2024-06-19 17:01:00,THEFT,THEFT incident reported in Western Suburbs (Andheri),Western Suburbs (Andheri),False,Western Suburbs (Andheri),19.10119392994,72.85233964072857
88536305/2025,2025-10-07 00:34:00,OTHER,OTHER incident reported in Western Suburbs (Bandra),Western Suburbs (Bandra),False,Western Suburbs (Bandra),19.041608424254967,72.87078229221626
"FIR No. 0143/2024, P.S. Kurla",2024-10-08 00:54:00,ROBBERY,ROBBERY incident reported in Eastern Suburbs (Kurla),Eastern Suburbs (Kurla),True,Eastern Suburbs (Kurla),19.078116556892795,72.87995946604468
"FIR No. 0514/2026, P.S. Kurla",2026-07-10 22:59:00,THEFT,THEFT incident reported in Eastern Suburbs (Kurla),Eastern Suburbs (Kurla),True,Eastern Suburbs (Kurla),19.08788304561499,72.87333695716463
84247245/2025,2025-05-04 00:52:00,THEFT,THEFT incident reported in South Mumbai (Colaba/CST),South Mumbai (Colaba/CST),False,South Mumbai (Colaba/CST),18.93463224015876,72.81980398953137
"FIR No. 0448/2025, P.S. Colaba/CST",2025-07-13 23:33:00,ROBBERY,ROBBERY incident reported in South Mumbai (Colaba/CST),South Mumbai (Colaba/CST),False,South Mumbai (Colaba/CST),18.923663098071422,72.8150779955655
"FIR No. 0280/2024, P.S. Bandra",2024-03-06 21:16:00,ROBBERY,ROBBERY incident reported in Western Suburbs (Bandra),Western Suburbs (Bandra),False,Western Suburbs (Bandra),19.029429144805235,72.82927386730667
"FIR No. 0632/2023, P.S. Colaba/CST",2023-06-20 18:55:00,THEFT,THEFT incident reported in South Mumbai (Colaba/CST),South Mumbai (Colaba/CST),False,South Mumbai (Colaba/CST),18.93058783091305,72.84265624623809
"FIR No. 0371/2025, P.S. Malad",2025-04-24 22:35:00,THEFT,THEFT incident reported in Northern Suburbs (Malad),Northern Suburbs (Malad),True,Northern Suburbs (Malad),19.160981546556425,72.87237626730992
"FIR No. 0140/2025, P.S. Bandra",2025-05-06 07:06:00,THEFT,THEFT incident reported in Western Suburbs (Bandra),Western Suburbs (Bandra),False,Western Suburbs (Bandra),19.05003100853572,72.84470401569655
"FIR No. 0230/2023, P.S. Colaba/CST",2023-04-24 01:24:00,ROBBERY,ROBBERY incident reported in South Mumbai (Colaba/CST),South Mumbai (Colaba/CST),False,South Mumbai (Colaba/CST),18.93109275910543,72.84029931154332
"FIR No. 0272/2026, P.S. Bandra",2026-04-16 08:31:00,ROBBERY,ROBBERY incident reported in Western Suburbs (Bandra),Western Suburbs (Bandra),False,Western Suburbs (Bandra),19.055910498759555,72.82817151854998
"FIR No. 0033/2026, P.S. Kurla",2026-02-07 07:40:00,THEFT,THEFT incident reported in Eastern Suburbs (Kurla),Eastern Suburbs (Kurla),True,Eastern Suburbs (Kurla),19.055032962918823,72.87882158651969
"FIR No. 0176/2025, P.S. Andheri",2025-03-16 05:00:00,THEFT,THEFT incident reported in Western Suburbs (Andheri),Western Suburbs (Andheri),False,Western Suburbs (Andheri),19.135396777582528,72.86665714817961
"FIR No. 0018/2024, P.S. Bandra",2024-02-01 07:07:00,OTHER,OTHER incident reported in Western Suburbs (Bandra),Western Suburbs (Bandra),False,Western Suburbs (Bandra),19.04625549190463,72.83421195092302
"FIR No. 0101/2024, P.S. Dadar",2024-03-09 14:36:00,OTHER,OTHER incident reported in Central Mumbai (Dadar),Central Mumbai (Dadar),False,Central Mumbai (Dadar),19.02013649507065,72.83974698824747
"FIR No. 0147/2023, P.S. Dadar",2023-03-06 10:46:00,ASSAULT,ASSAULT incident reported in Central Mumbai (Dadar),Central Mumbai (Dadar),False,Central Mumbai (Dadar),19.02613930948745,72.85482778091273
"FIR No. 0525/2025, P.S. Malad",2025-07-17 03:33:00,ASSAULT,ASSAULT incident reported in Northern Suburbs (Malad),Northern Suburbs (Malad),False,Northern Suburbs (Malad),19.183403114386163,72.84909003675111
"FIR No. 0031/2025, P.S. Bandra",2025-04-06 15:47:00,ROBBERY,ROBBERY incident reported in Western Suburbs (Bandra),Western Suburbs (Bandra),False,Western Suburbs (Bandra),19.085757584359182,72.83086498629943
"FIR No. 0620/2025, P.S. Colaba/CST",2025-10-15 05:23:00,THEFT,THEFT incident reported in South Mumbai (Colaba/CST),South Mumbai (Colaba/CST),False,South Mumbai (Colaba/CST),18.919864549369144,72.84379231243447
"FIR No. 0198/2023, P.S. Andheri",2023-02-08 03:20:00,THEFT,THEFT incident reported in Western Suburbs (Andheri),Western Suburbs (Andheri),False,Western Suburbs (Andheri),19.09178473543254,72.82738680359797
"FIR No. 0324/2023, P.S. Bandra",2023-07-30 19:08:00,THEFT,THEFT incident reported in Western Suburbs (Bandra),Western Suburbs (Bandra),False,Western Suburbs (Bandra),19.092276881774094,72.84357216200895
"FIR No. 0105/2026, P.S. Kurla",2026-06-03 19:18:00,ASSAULT,ASSAULT incident reported in Eastern Suburbs (Kurla),Eastern Suburbs (Kurla),True,Eastern Suburbs (Kurla),19.082705063243445,72.85453669128289
"FIR No. 0288/2023, P.S. Kurla",2023-12-04 03:34:00,ASSAULT,ASSAULT incident reported in Eastern Suburbs (Kurla),Eastern Suburbs (Kurla),False,Eastern Suburbs (Kurla),19.05287333037152,72.84870671690159
"FIR No. 0058/2024, P.S. Dadar",2024-02-21 11:19:00,BURGLARY,BURGLARY incident reported in Central Mumbai (Dadar),Central Mumbai (Dadar),False,Central Mumbai (Dadar),19.051494734683576,72.86290795038593
"FIR No. 0202/2024, P.S. Colaba/CST",2024-08-04 10:22:00,THEFT,THEFT incident reported in South Mumbai (Colaba/CST),South Mumbai (Colaba/CST),False,South Mumbai (Colaba/CST),18.90983703421011,72.82019419637535
"FIR No. 0208/2023, P.S. Andheri",2023-04-23 14:39:00,THEFT,THEFT incident reported in Western Suburbs (Andheri),Western Suburbs (Andheri),False,Western Suburbs (Andheri),19.12156946810219,72.84287778407113
"FIR No. 0352/2024, P.S. Andheri",2024-06-12 18:06:00,THEFT,THEFT incident reported in Western Suburbs (Andheri),Western Suburbs (Andheri),True,Western Suburbs (Andheri),19.130238174357714,72.8615881773992
"FIR No. 0017/2026, P.S. Kurla",2026-03-10 04:24:00,ASSAULT,ASSAULT incident reported in Eastern Suburbs (Kurla),Eastern Suburbs (Kurla),False,Eastern Suburbs (Kurla),19.03884207449994,72.87962896115764
"FIR No. 0224/2024, P.S. Colaba/CST",2024-12-03 15:26:00,ASSAULT,ASSAULT incident reported in South Mumbai (Colaba/CST),South Mumbai (Colaba/CST),False,South Mumbai (Colaba/CST),18.93394408319207,72.82202424045744
"FIR No. 0133/2026, P.S. Colaba/CST",2026-02-16 15:05:00,CYBER,CYBER incident reported in South Mumbai (Colaba/CST),South Mumbai (Colaba/CST),False,South Mumbai (Colaba/CST),18.934113433808225,72.81973743954308
81143666/2023,2023-10-16 04:31:00,THEFT,THEFT incident reported in Central Mumbai (Dadar),Central Mumbai (Dadar),False,Central Mumbai (Dadar),19.02243905102414,72.86629535135528
83857514/2025,2025-10-25 12:16:00,ASSAULT,ASSAULT incident reported in Northern Suburbs (Malad),Northern Suburbs (Malad),True,Northern Suburbs (Malad),19.17510159102217,72.8899171407289
"FIR No. 0106/2025, P.S. Colaba/CST",2025-04-28 16:30:00,THEFT,THEFT incident reported in South Mumbai (Colaba/CST),South Mumbai (Colaba/CST),True,South Mumbai (Colaba/CST),18.93903741516204,72.80744257448266
"FIR No. 0024/2025, P.S. Bandra",2025-02-11 06:42:00,ASSAULT,ASSAULT incident reported in Western Suburbs (Bandra),Western Suburbs (Bandra),True,Western Suburbs (Bandra),19.0726450691382,72.82084193538928
86922086/2023,2023-05-16 15:39:00,THEFT,THEFT incident reported in Western Suburbs (Andheri),Western Suburbs (Andheri),False,Western Suburbs (Andheri),19.098685670389163,72.83760846656875
"FIR No. 0093/2024, P.S. Colaba/CST",2024-02-22 05:40:00,ASSAULT,ASSAULT incident reported in South Mumbai (Colaba/CST),South Mumbai (Colaba/CST),False,South Mumbai (Colaba/CST),18.938441685541715,72.82003161413932
"FIR No. 0020/2025, P.S. Colaba/CST",2025-03-01 11:21:00,ROBBERY,ROBBERY incident reported in South Mumbai (Colaba/CST),South Mumbai (Colaba/CST),False,South Mumbai (Colaba/CST),18.937779712829848,72.83058608655803
88847677/2023,2023-07-17 21:34:00,ROBBERY,ROBBERY incident reported in Eastern Suburbs (Kurla),Eastern Suburbs (Kurla),False,Eastern Suburbs (Kurla),19.099185487613163,72.88409002024808
"FIR No. 0362/2025, P.S. Bandra",2025-11-01 15:51:00,CYBER,CYBER incident reported in Western Suburbs (Bandra),Western Suburbs (Bandra),False,Western Suburbs (Bandra),19.070229933165585,72.8500320181811
"FIR No. 0036/2024, P.S. Colaba/CST",2024-11-01 00:53:00,THEFT,THEFT incident reported in South Mumbai (Colaba/CST),South Mumbai (Colaba/CST),False,South Mumbai (Colaba/CST),18.922035289330434,72.82212936960815
"FIR No. 0790/2025, P.S. Dadar",2025-12-12 17:33:00,THEFT,THEFT incident reported in Central Mumbai (Dadar),Central Mumbai (Dadar),True,Central Mumbai (Dadar),19.03045664504657,72.86095808380063
"FIR No. 0254/2023, P.S. Kurla",2023-03-15 17:23:00,ROBBERY,ROBBERY incident reported in Eastern Suburbs (Kurla),Eastern Suburbs (Kurla),False,Eastern Suburbs (Kurla),19.06156988474846,72.87760180156496
"FIR No. 0415/2024, P.S. Bandra",2024-06-11 02:24:00,THEFT,THEFT incident reported in Western Suburbs (Bandra),Western Suburbs (Bandra),True,Western Suburbs (Bandra),19.046815150568523,72.83938343971474
88035253/2025,2025-07-13 09:38:00,THEFT,THEFT incident reported in Western Suburbs (Bandra),Western Suburbs (Bandra),False,Western Suburbs (Bandra),19.07927177037652,72.83104799185014
89599557/2023,2023-07-24 17:31:00,ROBBERY,ROBBERY incident reported in Western Suburbs (Bandra),Western Suburbs (Bandra),False,Western Suburbs (Bandra),19.08967077655677,72.84916054438641
"FIR No. 0297/2023, P.S. Malad",2023-05-07 21:02:00,ROBBERY,ROBBERY incident reported in Northern Suburbs (Malad),Northern Suburbs (Malad),True,Northern Suburbs (Malad),19.188500934634128,72.86706251029688
"FIR No. 0287/2025, P.S. Colaba/CST",2025-05-18 18:14:00,CYBER,CYBER incident reported in South Mumbai (Colaba/CST),South Mumbai (Colaba/CST),True,South Mumbai (Colaba/CST),18.921059125584087,72.82367637572634
"FIR No. 0112/2023, P.S. Bandra",2023-02-28 02:20:00,CYBER,CYBER incident reported in Western Suburbs (Bandra),Western Suburbs (Bandra),False,Western Suburbs (Bandra),19.070998679491577,72.83461902313545
81218524/2024,2024-10-02 23:50:00,ROBBERY,ROBBERY incident reported in Northern Suburbs (Malad),Northern Suburbs (Malad),False,Northern Suburbs (Malad),19.182463391779088,72.86413438000882
88317384/2026,2026-04-25 23:39:00,ROBBERY,ROBBERY incident reported in Western Suburbs (Bandra),Western Suburbs (Bandra),False,Western Suburbs (Bandra),19.055282146464428,72.82986454589567
"FIR No. 0605/2023, P.S. Andheri",2023-12-14 17:16:00,ROBBERY,ROBBERY incident reported in Western Suburbs (Andheri),Western Suburbs (Andheri),True,Western Suburbs (Andheri),19.102634226893706,72.83680093216073
"FIR No. 0422/2023, P.S. Kurla",2023-04-21 05:59:00,ASSAULT,ASSAULT incident reported in Eastern Suburbs (Kurla),Eastern Suburbs (Kurla),False,Eastern Suburbs (Kurla),19.07437810710162,72.87214188778022
"FIR No. 0608/2024, P.S. Colaba/CST",2024-12-06 02:33:00,CYBER,CYBER incident reported in South Mumbai (Colaba/CST),South Mumbai (Colaba/CST),False,South Mumbai (Colaba/CST),18.944841883788765,72.83928176286605
"FIR No. 0661/2024, P.S. Bandra",2024-10-14 05:35:00,THEFT,THEFT incident reported in Western Suburbs (Bandra),Western Suburbs (Bandra),False,Western Suburbs (Bandra),19.07347698594236,72.85125648332122
"FIR No. 0516/2026, P.S. Bandra",2026-08-14 20:06:00,THEFT,THEFT incident reported in Western Suburbs (Bandra),Western Suburbs (Bandra),False,Western Suburbs (Bandra),19.067500015648665,72.85056791365348
"FIR No. 0334/2026, P.S. Kurla",2026-06-29 11:58:00,ASSAULT,ASSAULT incident reported in Eastern Suburbs (Kurla),Eastern Suburbs (Kurla),True,Eastern Suburbs (Kurla),19.061307007424723,72.89610730414772
"FIR No. 0451/2023, P.S. Colaba/CST",2023-07-02 03:10:00,ASSAULT,ASSAULT incident reported in South Mumbai (Colaba/CST),South Mumbai (Colaba/CST),False,South Mumbai (Colaba/CST),18.92052453011708,72.79267358265187
"FIR No. 0210/2023, P.S. Malad",2023-12-20 01:26:00,THEFT,THEFT incident reported in Northern Suburbs (Malad),Northern Suburbs (Malad),True,Northern Suburbs (Malad),19.164058940301683,72.8476780322902
"FIR No. 0043/2026, P.S. Kurla",2026-02-15 16:52:00,ASSAULT,ASSAULT incident reported in Eastern Suburbs (Kurla),Eastern Suburbs (Kurla),False,Eastern Suburbs (Kurla),19.06194332397444,72.88027273938353
"FIR No. 0358/2023, P.S. Dadar",2023-09-30 11:01:00,ROBBERY,ROBBERY incident reported in Central Mumbai (Dadar),Central Mumbai (Dadar),True,Central Mumbai (Dadar),19.020702275708544,72.81961832646651
"FIR No. 0553/2025, P.S. Colaba/CST",2025-12-23 03:05:00,OTHER,OTHER incident reported in South Mumbai (Colaba/CST),South Mumbai (Colaba/CST),False,South Mumbai (Colaba/CST),18.912260966946352,72.8221120039115
"FIR No. 1182/2023, P.S. Colaba/CST",2023-12-05 17:37:00,THEFT,THEFT incident reported in South Mumbai (Colaba/CST),South Mumbai (Colaba/CST),False,South Mumbai (Colaba/CST),18.922325308723025,72.84677353293212
"FIR No. 0380/2026, P.S. Andheri",2026-06-08 11:51:00,THEFT,THEFT incident reported in Western Suburbs (Andheri),Western Suburbs (Andheri),False,Western Suburbs (Andheri),19.08517606988414,72.87637610418636
"FIR No. 0792/2023, P.S. Malad",2023-11-04 12:17:00,THEFT,THEFT incident reported in Northern Suburbs (Malad),Northern Suburbs (Malad),False,Northern Suburbs (Malad),19.18313040266048,72.84229999599039
86774420/2023,2023-04-12 05:17:00,CYBER,CYBER incident reported in South Mumbai (Colaba/CST),South Mumbai (Colaba/CST),False,South Mumbai (Colaba/CST),18.949538156024143,72.78730247627874
84348968/2023,2023-08-03 11:58:00,BURGLARY,BURGLARY incident reported in Central Mumbai (Dadar),Central Mumbai (Dadar),False,Central Mumbai (Dadar),19.01265206464723,72.86587925344809
"FIR No. 0235/2023, P.S. Bandra",2023-10-03 10:49:00,THEFT,THEFT incident reported in Western Suburbs (Bandra),Western Suburbs (Bandra),False,Western Suburbs (Bandra),19.02484370395361,72.80573604623577
"FIR No. 0316/2026, P.S. Bandra",2026-06-14 18:42:00,THEFT,THEFT incident reported in Western Suburbs (Bandra),Western Suburbs (Bandra),True,Western Suburbs (Bandra),19.07577439494091,72.84072153703946
"FIR No. 0200/2023, P.S. Dadar",2023-05-21 20:33:00,ASSAULT,ASSAULT incident reported in Central Mumbai (Dadar),Central Mumbai (Dadar),False,Central Mumbai (Dadar),19.012938410804374,72.84458133069086
87226001/2026,2026-08-25 15:02:00,THEFT,THEFT incident reported in Northern Suburbs (Malad),Northern Suburbs (Malad),True,Northern Suburbs (Malad),19.18815731147269,72.8417333395053
"FIR No. 0040/2026, P.S. Malad",2026-06-05 07:21:00,BURGLARY,BURGLARY incident reported in Northern Suburbs (Malad),Northern Suburbs (Malad),False,Northern Suburbs (Malad),19.167186481170933,72.86504948441187
"FIR No. 0511/2025, P.S. Andheri",2025-09-02 23:33:00,ASSAULT,ASSAULT incident reported in Western Suburbs (Andheri),Western Suburbs (Andheri),False,Western Suburbs (Andheri),19.108865421154142,72.83670259420624
"FIR No. 0510/2025, P.S. Bandra",2025-12-24 14:56:00,THEFT,THEFT incident reported in Western Suburbs (Bandra),Western Suburbs (Bandra),True,Western Suburbs (Bandra),19.06498979771438,72.8522517294691
"FIR No. 0007/2023, P.S. Bandra",2023-04-20 09:47:00,BURGLARY,BURGLARY incident reported in Western Suburbs (Bandra),Western Suburbs (Bandra),False,Western Suburbs (Bandra),19.048998163514383,72.8354871323695
"FIR No. 0065/2026, P.S. Malad",2026-05-01 13:13:00,ASSAULT,ASSAULT incident reported in Northern Suburbs (Malad),Northern Suburbs (Malad),False,Northern Suburbs (Malad),19.17111880193773,72.82178353655065
"FIR No. 0161/2023, P.S. Colaba/CST",2023-06-21 01:36:00,THEFT,THEFT incident reported in South Mumbai (Colaba/CST),South Mumbai (Colaba/CST),False,South Mumbai (Colaba/CST),18.936838705940573,72.83838608943296
"FIR No. 0442/2023, P.S. Bandra",2023-11-02 12:53:00,CYBER,CYBER incident reported in Western Suburbs (Bandra),Western Suburbs (Bandra),False,Western Suburbs (Bandra),19.06920556179852,72.86441466973311
"FIR No. 0036/2023, P.S. Colaba/CST",2023-09-24 21:05:00,ASSAULT,ASSAULT incident reported in South Mumbai (Colaba/CST),South Mumbai (Colaba/CST),False,South Mumbai (Colaba/CST),18.93724729205964,72.8093976469097
"FIR No. 0002/2025, P.S. Bandra",2025-03-24 19:02:00,THEFT,THEFT incident reported in Western Suburbs (Bandra),Western Suburbs (Bandra),False,Western Suburbs (Bandra),19.05378949161738,72.81504592146261
"FIR No. 0069/2025, P.S. Colaba/CST",2025-11-08 04:02:00,THEFT,THEFT incident reported in South Mumbai (Colaba/CST),South Mumbai (Colaba/CST),False,South Mumbai (Colaba/CST),18.93508129468832,72.84940732817992
"FIR No. 0082/2026, P.S. Malad",2026-01-21 23:43:00,ASSAULT,ASSAULT incident reported in Northern Suburbs (Malad),Northern Suburbs (Malad),False,Northern Suburbs (Malad),19.17556433162041,72.8562158000414
87064851/2023,2023-06-21 16:10:00,THEFT,THEFT incident reported in Eastern Suburbs (Kurla),Eastern Suburbs (Kurla),True,Eastern Suburbs (Kurla),19.08135376753604,72.8690558295322
"FIR No. 0069/2026, P.S. Andheri",2026-03-06 01:03:00,BURGLARY,BURGLARY incident reported in Western Suburbs (Andheri),Western Suburbs (Andheri),False,Western Suburbs (Andheri),19.11258250965143,72.84267101535487
80595338/2023,2023-01-07 21:40:00,CYBER,CYBER incident reported in Eastern Suburbs (Kurla),Eastern Suburbs (Kurla),False,Eastern Suburbs (Kurla),19.06921250557812,72.87962851456197
"FIR No. 0493/2023, P.S. Colaba/CST",2023-08-30 10:12:00,ROBBERY,ROBBERY incident reported in South Mumbai (Colaba/CST),South Mumbai (Colaba/CST),False,South Mumbai (Colaba/CST),18.958377187524167,72.81219374047596
"FIR No. 0287/2026, P.S. Colaba/CST",2026-08-13 16:42:00,THEFT,THEFT incident reported in South Mumbai (Colaba/CST),South Mumbai (Colaba/CST),True,South Mumbai (Colaba/CST),18.910088827732483,72.8376366069866
"FIR No. 0159/2025, P.S. Kurla",2025-03-18 20:21:00,BURGLARY,BURGLARY incident reported in Eastern Suburbs (Kurla),Eastern Suburbs (Kurla),False,Eastern Suburbs (Kurla),19.08514388964724,72.85724096410846
"FIR No. 0247/2026, P.S. Andheri",2026-08-23 18:40:00,BURGLARY,BURGLARY incident reported in Western Suburbs (Andheri),Western Suburbs (Andheri),False,Western Suburbs (Andheri),19.120916376906635,72.8506900613458
"FIR No. 0308/2026, P.S. Bandra",2026-08-27 21:47:00,THEFT,THEFT incident reported in Western Suburbs (Bandra),Western Suburbs (Bandra),False,Western Suburbs (Bandra),19.069580511433927,72.83581464014557
84683120/2025,2025-11-18 22:57:00,ROBBERY,ROBBERY incident reported in Western Suburbs (Andheri),Western Suburbs (Andheri),False,Western Suburbs (Andheri),19.120906914020424,72.84347608392257
"FIR No. 0161/2024, P.S. Andheri",2024-03-09 15:18:00,ROBBERY,ROBBERY incident reported in Western Suburbs (Andheri),Western Suburbs (Andheri),False,Western Suburbs (Andheri),19.10550618752221,72.83214584353655
82412558/2023,2023-05-20 12:08:00,THEFT,THEFT incident reported in South Mumbai (Colaba/CST),South Mumbai (Colaba/CST),False,South Mumbai (Colaba/CST),18.91865353829327,72.84477302388187
"FIR No. 0148/2024, P.S. Kurla",2024-10-05 12:06:00,ASSAULT,ASSAULT incident reported in Eastern Suburbs (Kurla),Eastern Suburbs (Kurla),False,Eastern Suburbs (Kurla),19.040728118511684,72.87843951817662
83583418/2024,2024-11-20 23:03:00,ROBBERY,ROBBERY incident reported in South Mumbai (Colaba/CST),South Mumbai (Colaba/CST),True,South Mumbai (Colaba/CST),18.920496648762736,72.8346547485777
82152319/2025,2025-03-10 17:45:00,THEFT,THEFT incident reported in Northern Suburbs (Malad),Northern Suburbs (Malad),False,Northern Suburbs (Malad),19.160968687901747,72.84238974724346
"FIR No. 0297/2023, P.S. Kurla",2023-07-12 23:21:00,THEFT,THEFT incident reported in Eastern Suburbs (Kurla),Eastern Suburbs (Kurla),False,Eastern Suburbs (Kurla),19.055155556447925,72.88719120943546
"FIR No. 0064/2024, P.S. Kurla",2024-01-16 21:00:00,BURGLARY,BURGLARY incident reported in Eastern Suburbs (Kurla),Eastern Suburbs (Kurla),True,Eastern Suburbs (Kurla),19.08604787358133,72.85051309532797
"FIR No. 0094/2023, P.S. Bandra",2023-05-19 17:05:00,ASSAULT,ASSAULT incident reported in Western Suburbs (Bandra),Western Suburbs (Bandra),False,Western Suburbs (Bandra),19.048463823704285,72.81648511988516
82914991/2023,2023-05-07 19:21:00,ASSAULT,ASSAULT incident reported in Eastern Suburbs (Kurla),Eastern Suburbs (Kurla),True,Eastern Suburbs (Kurla),19.079485432295108,72.87361606863982
"FIR No. 0373/2024, P.S. Colaba/CST",2024-05-31 02:03:00,THEFT,THEFT incident reported in South Mumbai (Colaba/CST),South Mumbai (Colaba/CST),False,South Mumbai (Colaba/CST),18.943987943266936,72.80386310969901
"FIR No. 0388/2026, P.S. Dadar",2026-07-20 08:20:00,THEFT,THEFT incident reported in Central Mumbai (Dadar),Central Mumbai (Dadar),False,Central Mumbai (Dadar),19.03178114647273,72.83107718400383
"FIR No. 0440/2025, P.S. Dadar",2025-10-20 02:49:00,ASSAULT,ASSAULT incident reported in Central Mumbai (Dadar),Central Mumbai (Dadar),False,Central Mumbai (Dadar),19.007924287529068,72.86303602137164
"FIR No. 0350/2023, P.S. Kurla",2023-11-21 07:05:00,ROBBERY,ROBBERY incident reported in Eastern Suburbs (Kurla),Eastern Suburbs (Kurla),False,Eastern Suburbs (Kurla),19.05910938020504,72.86491791252148
"FIR No. 0739/2025, P.S. Kurla",2025-11-12 11:50:00,ROBBERY,ROBBERY incident reported in Eastern Suburbs (Kurla),Eastern Suburbs (Kurla),False,Eastern Suburbs (Kurla),19.074560850018525,72.86668674891705
"FIR No. 0514/2023, P.S. Andheri",2023-06-07 06:18:00,CYBER,CYBER incident reported in Western Suburbs (Andheri),Western Suburbs (Andheri),True,Western Suburbs (Andheri),19.124200918914365,72.86807314980352
"FIR No. 0100/2024, P.S. Kurla",2024-02-19 11:57:00,ASSAULT,ASSAULT incident reported in Eastern Suburbs (Kurla),Eastern Suburbs (Kurla),False,Eastern Suburbs (Kurla),19.064053910581386,72.87207173281467
"FIR No. 0601/2026, P.S. Colaba/CST",2026-07-24 14:35:00,THEFT,THEFT incident reported in South Mumbai (Colaba/CST),South Mumbai (Colaba/CST),False,South Mumbai (Colaba/CST),18.920111777991607,72.81810955860581
"FIR No. 0195/2026, P.S. Colaba/CST",2026-02-23 07:10:00,ROBBERY,ROBBERY incident reported in South Mumbai (Colaba/CST),South Mumbai (Colaba/CST),False,South Mumbai (Colaba/CST),18.90902784481412,72.81934024019621
"FIR No. 0406/2024, P.S. Andheri",2024-05-27 17:12:00,ASSAULT,ASSAULT incident reported in Western Suburbs (Andheri),Western Suburbs (Andheri),True,Western Suburbs (Andheri),19.07707124442646,72.82504029758353
87617881/2023,2023-11-13 22:45:00,THEFT,THEFT incident reported in Eastern Suburbs (Kurla),Eastern Suburbs (Kurla),False,Eastern Suburbs (Kurla),19.07977206634721,72.89486048564802
"FIR No. 0022/2026, P.S. Bandra",2026-07-22 12:38:00,ASSAULT,ASSAULT incident reported in Western Suburbs (Bandra),Western Suburbs (Bandra),False,Western Suburbs (Bandra),19.06859309962121,72.84914479645937
88862175/2025,2025-12-17 02:20:00,OTHER,OTHER incident reported in Western Suburbs (Bandra),Western Suburbs (Bandra),False,Western Suburbs (Bandra),19.043601543998168,72.81695839494775
81826257/2023,2023-07-19 17:14:00,BURGLARY,BURGLARY incident reported in Eastern Suburbs (Kurla),Eastern Suburbs (Kurla),False,Eastern Suburbs (Kurla),19.0636213293722,72.87469654251593
"FIR No. 0070/2026, P.S. Colaba/CST",2026-01-16 12:23:00,THEFT,THEFT incident reported in South Mumbai (Colaba/CST),South Mumbai (Colaba/CST),False,South Mumbai (Colaba/CST),18.92577168746256,72.80546031432753
"FIR No. 0072/2024, P.S. Bandra",2024-01-23 22:44:00,THEFT,THEFT incident reported in Western Suburbs (Bandra),Western Suburbs (Bandra),False,Western Suburbs (Bandra),19.078252273101374,72.8407143136739
"FIR No. 0351/2026, P.S. Andheri",2026-04-29 19:06:00,THEFT,THEFT incident reported in Western Suburbs (Andheri),Western Suburbs (Andheri),False,Western Suburbs (Andheri),19.124969557013465,72.83425050507446
"FIR No. 0315/2024, P.S. Colaba/CST",2024-07-18 23:45:00,ROBBERY,ROBBERY incident reported in South Mumbai (Colaba/CST),South Mumbai (Colaba/CST),True,South Mumbai (Colaba/CST),18.92844451569421,72.81852046770308
"FIR No. 0199/2024, P.S. Colaba/CST",2024-11-22 10:00:00,THEFT,THEFT incident reported in South Mumbai (Colaba/CST),South Mumbai (Colaba/CST),False,South Mumbai (Colaba/CST),18.921265609819425,72.81806584073807
"FIR No. 0284/2025, P.S. Malad",2025-04-29 07:45:00,BURGLARY,BURGLARY incident reported in Northern Suburbs (Malad),Northern Suburbs (Malad),False,Northern Suburbs (Malad),19.17656732239268,72.81435154486547
"FIR No. 0210/2026, P.S. Kurla",2026-03-07 12:34:00,CYBER,CYBER incident reported in Eastern Suburbs (Kurla),Eastern Suburbs (Kurla),True,Eastern Suburbs (Kurla),19.02689961836669,72.83477442512043
"FIR No. 0102/2025, P.S. Colaba/CST",2025-01-26 08:44:00,BURGLARY,BURGLARY incident reported in South Mumbai (Colaba/CST),South Mumbai (Colaba/CST),True,South Mumbai (Colaba/CST),18.901018777388177,72.81750909726443
"FIR No. 0082/2024, P.S. Dadar",2024-02-01 00:06:00,THEFT,THEFT incident reported in Central Mumbai (Dadar),Central Mumbai (Dadar),False,Central Mumbai (Dadar),19.028843184622264,72.84872125440052
"FIR No. 0018/2023, P.S. Colaba/CST",2023-04-11 20:55:00,ASSAULT,ASSAULT incident reported in South Mumbai (Colaba/CST),South Mumbai (Colaba/CST),False,South Mumbai (Colaba/CST),18.935688900126845,72.83610560175121
"FIR No. 0373/2026, P.S. Kurla",2026-06-30 03:12:00,THEFT,THEFT incident reported in Eastern Suburbs (Kurla),Eastern Suburbs (Kurla),False,Eastern Suburbs (Kurla),19.071279438072256,72.88546540933956
85010682/2025,2025-01-11 06:33:00,ASSAULT,ASSAULT incident reported in Western Suburbs (Bandra),Western Suburbs (Bandra),False,Western Suburbs (Bandra),19.085487828176024,72.83012327242355
"FIR No. 0445/2026, P.S. Dadar",2026-06-29 08:12:00,ASSAULT,ASSAULT incident reported in Central Mumbai (Dadar),Central Mumbai (Dadar),False,Central Mumbai (Dadar),19.02816909929191,72.86096161560604
"FIR No. 0270/2023, P.S. Colaba/CST",2023-03-27 10:30:00,CYBER,CYBER incident reported in South Mumbai (Colaba/CST),South Mumbai (Colaba/CST),False,South Mumbai (Colaba/CST),18.898785804407066,72.82946857503804
80421145/2025,2025-08-15 06:47:00,THEFT,THEFT incident reported in South Mumbai (Colaba/CST),South Mumbai (Colaba/CST),False,South Mumbai (Colaba/CST),18.91257625222572,72.82857971155508
"FIR No. 0838/2025, P.S. Andheri",2025-08-05 05:41:00,ASSAULT,ASSAULT incident reported in Western Suburbs (Andheri),Western Suburbs (Andheri),False,Western Suburbs (Andheri),19.12256789885863,72.84516144068516
"FIR No. 0077/2026, P.S. Colaba/CST",2026-02-22 06:51:00,ASSAULT,ASSAULT incident reported in South Mumbai (Colaba/CST),South Mumbai (Colaba/CST),False,South Mumbai (Colaba/CST),18.93397073422653,72.83651317278606
86113605/2024,2024-06-04 02:41:00,OTHER,OTHER incident reported in South Mumbai (Colaba/CST),South Mumbai (Colaba/CST),True,South Mumbai (Colaba/CST),18.919151042886003,72.83831956996617
"FIR No. 0114/2024, P.S. Dadar",2024-02-08 12:10:00,ROBBERY,ROBBERY incident reported in Central Mumbai (Dadar),Central Mumbai (Dadar),False,Central Mumbai (Dadar),19.053949316173924,72.84528270483037
"FIR No. 0364/2026, P.S. Colaba/CST",2026-05-13 08:18:00,OTHER,OTHER incident reported in South Mumbai (Colaba/CST),South Mumbai (Colaba/CST),False,South Mumbai (Colaba/CST),18.94222440072199,72.84061057511317
"FIR No. 0129/2023, P.S. Bandra",2023-06-05 12:19:00,THEFT,THEFT incident reported in Western Suburbs (Bandra),Western Suburbs (Bandra),False,Western Suburbs (Bandra),19.03528768904092,72.84784251436024
"FIR No. 0317/2025, P.S. Andheri",2025-04-27 02:01:00,BURGLARY,BURGLARY incident reported in Western Suburbs (Andheri),Western Suburbs (Andheri),False,Western Suburbs (Andheri),19.1346271811808,72.85117735710868
"FIR No. 0201/2025, P.S. Bandra",2025-04-04 08:51:00,THEFT,THEFT incident reported in Western Suburbs (Bandra),Western Suburbs (Bandra),False,Western Suburbs (Bandra),19.053277875326824,72.80618421405114
"FIR No. 0149/2025, P.S. Colaba/CST",2025-02-10 00:48:00,ASSAULT,ASSAULT incident reported in South Mumbai (Colaba/CST),South Mumbai (Colaba/CST),False,South Mumbai (Colaba/CST),18.94023573559781,72.82708001356617
"FIR No. 0876/2023, P.S. Bandra",2023-11-03 23:49:00,THEFT,THEFT incident reported in Western Suburbs (Bandra),Western Suburbs (Bandra),False,Western Suburbs (Bandra),19.085912747087047,72.84358539065703
"FIR No. 0770/2025, P.S. Bandra",2025-10-05 11:55:00,THEFT,THEFT incident reported in Western Suburbs (Bandra),Western Suburbs (Bandra),False,Western Suburbs (Bandra),19.07083973390013,72.83852983325654
"FIR No. 0369/2025, P.S. Malad",2025-11-24 22:11:00,THEFT,THEFT incident reported in Northern Suburbs (Malad),Northern Suburbs (Malad),True,Northern Suburbs (Malad),19.155879559214185,72.82496784464091
85803814/2023,2023-09-07 01:53:00,CYBER,CYBER incident reported in Western Suburbs (Bandra),Western Suburbs (Bandra),True,Western Suburbs (Bandra),19.059941280859498,72.83848587793206
"FIR No. 0033/2024, P.S. Colaba/CST",2024-08-08 09:08:00,THEFT,THEFT incident reported in South Mumbai (Colaba/CST),South Mumbai (Colaba/CST),False,South Mumbai (Colaba/CST),18.920363499770524,72.84730624761286
"FIR No. 0049/2025, P.S. Colaba/CST",2025-08-08 15:42:00,THEFT,THEFT incident reported in South Mumbai (Colaba/CST),South Mumbai (Colaba/CST),False,South Mumbai (Colaba/CST),18.91358051959259,72.81931462122071
87069697/2024,2024-04-27 17:18:00,THEFT,THEFT incident reported in Western Suburbs (Bandra),Western Suburbs (Bandra),False,Western Suburbs (Bandra),19.063407154387875,72.83131643190033
83613685/2023,2023-03-03 14:21:00,BURGLARY,BURGLARY incident reported in Central Mumbai (Dadar),Central Mumbai (Dadar),False,Central Mumbai (Dadar),19.041821086893755,72.81587278809998
81997072/2023,2023-11-03 21:49:00,ASSAULT,ASSAULT incident reported in South Mumbai (Colaba/CST),South Mumbai (Colaba/CST),False,South Mumbai (Colaba/CST),18.93050061299886,72.81729308129565
87215165/2025,2025-10-05 17:23:00,THEFT,THEFT incident reported in Northern Suburbs (Malad),Northern Suburbs (Malad),False,Northern Suburbs (Malad),19.16336929801333,72.83313669996508
"FIR No. 0063/2026, P.S. Bandra",2026-02-06 09:18:00,BURGLARY,BURGLARY incident reported in Western Suburbs (Bandra),Western Suburbs (Bandra),False,Western Suburbs (Bandra),19.05947176419245,72.84407783158136
"FIR No. 0294/2023, P.S. Colaba/CST",2023-05-25 23:16:00,THEFT,THEFT incident reported in South Mumbai (Colaba/CST),South Mumbai (Colaba/CST),False,South Mumbai (Colaba/CST),18.903137920945635,72.8374743765057
"FIR No. 0264/2025, P.S. Colaba/CST",2025-04-17 00:44:00,ASSAULT,ASSAULT incident reported in South Mumbai (Colaba/CST),South Mumbai (Colaba/CST),False,South Mumbai (Colaba/CST),18.957762629701485,72.84004395376927
"FIR No. 0625/2025, P.S. Kurla",2025-06-16 02:39:00,THEFT,THEFT incident reported in Eastern Suburbs (Kurla),Eastern Suburbs (Kurla),False,Eastern Suburbs (Kurla),19.043969273449903,72.903922661776
82287936/2026,2026-08-19 20:42:00,ROBBERY,ROBBERY incident reported in Central Mumbai (Dadar),Central Mumbai (Dadar),True,Central Mumbai (Dadar),19.023054981570937,72.85754686897795
"FIR No. 0212/2023, P.S. Bandra",2023-04-29 11:13:00,THEFT,THEFT incident reported in Western Suburbs (Bandra),Western Suburbs (Bandra),True,Western Suburbs (Bandra),19.047736918718016,72.82031580199626
"FIR No. 0257/2024, P.S. Dadar",2024-07-13 02:09:00,ASSAULT,ASSAULT incident reported in Central Mumbai (Dadar),Central Mumbai (Dadar),False,Central Mumbai (Dadar),19.022648514266745,72.86852950240991
80462420/2024,2024-05-24 06:46:00,THEFT,THEFT incident reported in Eastern Suburbs (Kurla),Eastern Suburbs (Kurla),True,Eastern Suburbs (Kurla),19.08134503177949,72.86306012346472
"FIR No. 0114/2025, P.S. Andheri",2025-02-03 20:56:00,BURGLARY,BURGLARY incident reported in Western Suburbs (Andheri),Western Suburbs (Andheri),False,Western Suburbs (Andheri),19.11431074631315,72.8118504997096
"FIR No. 0442/2025, P.S. Dadar",2025-06-10 02:45:00,CYBER,CYBER incident reported in Central Mumbai (Dadar),Central Mumbai (Dadar),False,Central Mumbai (Dadar),19.00995468546754,72.82401779736128
"FIR No. 0771/2024, P.S. Dadar",2024-12-19 08:47:00,ASSAULT,ASSAULT incident reported in Central Mumbai (Dadar),Central Mumbai (Dadar),True,Central Mumbai (Dadar),18.99938779407068,72.84631243748342
"FIR No. 0958/2025, P.S. Colaba/CST",2025-12-12 00:54:00,ROBBERY,ROBBERY incident reported in South Mumbai (Colaba/CST),South Mumbai (Colaba/CST),False,South Mumbai (Colaba/CST),18.951194648281508,72.8323599601643
"FIR No. 0150/2025, P.S. Andheri",2025-03-02 09:16:00,BURGLARY,BURGLARY incident reported in Western Suburbs (Andheri),Western Suburbs (Andheri),False,Western Suburbs (Andheri),19.09118504143958,72.85054684764886
87779210/2026,2026-07-10 13:49:00,CYBER,CYBER incident reported in Western Suburbs (Bandra),Western Suburbs (Bandra),False,Western Suburbs (Bandra),19.03813403499528,72.86000781814585
"FIR No. 0079/2026, P.S. Colaba/CST",2026-04-11 06:58:00,THEFT,THEFT incident reported in South Mumbai (Colaba/CST),South Mumbai (Colaba/CST),False,South Mumbai (Colaba/CST),18.923361802814814,72.82543919886346
"FIR No. 0080/2023, P.S. Bandra",2023-04-07 06:51:00,BURGLARY,BURGLARY incident reported in Western Suburbs (Bandra),Western Suburbs (Bandra),False,Western Suburbs (Bandra),19.07241800079559,72.855769165995
"FIR No. 0124/2026, P.S. Malad",2026-04-12 04:33:00,BURGLARY,BURGLARY incident reported in Northern Suburbs (Malad),Northern Suburbs (Malad),False,Northern Suburbs (Malad),19.150044861282552,72.86039639427263
"FIR No. 0221/2024, P.S. Dadar",2024-04-02 09:06:00,ASSAULT,ASSAULT incident reported in Central Mumbai (Dadar),Central Mumbai (Dadar),False,Central Mumbai (Dadar),19.00835530359156,72.84554034241812
"FIR No. 0074/2023, P.S. Andheri",2023-01-21 15:36:00,CYBER,CYBER incident reported in Western Suburbs (Andheri),Western Suburbs (Andheri),False,Western Suburbs (Andheri),19.12132559399952,72.83692033118514
"FIR No. 0211/2024, P.S. Dadar",2024-04-24 23:28:00,CYBER,CYBER incident reported in Central Mumbai (Dadar),Central Mumbai (Dadar),False,Central Mumbai (Dadar),19.01102884410738,72.8406752469546
"FIR No. 0077/2026, P.S. Dadar",2026-02-21 18:45:00,ROBBERY,ROBBERY incident reported in Central Mumbai (Dadar),Central Mumbai (Dadar),True,Central Mumbai (Dadar),19.01565590101232,72.85853137045974
"FIR No. 0749/2025, P.S. Andheri",2025-11-25 08:05:00,OTHER,OTHER incident reported in Western Suburbs (Andheri),Western Suburbs (Andheri),False,Western Suburbs (Andheri),19.13689001416204,72.84866201077267
"FIR No. 0571/2025, P.S. Kurla",2025-08-01 16:22:00,THEFT,THEFT incident reported in Eastern Suburbs (Kurla),Eastern Suburbs (Kurla),False,Eastern Suburbs (Kurla),19.072423716699216,72.86951383926521
88197421/2024,2024-02-17 23:05:00,ROBBERY,ROBBERY incident reported in Central Mumbai (Dadar),Central Mumbai (Dadar),False,Central Mumbai (Dadar),19.03355907093749,72.84033390294957
"FIR No. 0583/2023, P.S. Malad",2023-08-18 13:43:00,THEFT,THEFT incident reported in Northern Suburbs (Malad),Northern Suburbs (Malad),False,Northern Suburbs (Malad),19.17106980153613,72.85551280405306
"FIR No. 0242/2024, P.S. Kurla",2024-05-29 05:26:00,THEFT,THEFT incident reported in Eastern Suburbs (Kurla),Eastern Suburbs (Kurla),False,Eastern Suburbs (Kurla),19.084137213218792,72.8566863619042
"FIR No. 0152/2025, P.S. Bandra",2025-07-06 15:24:00,BURGLARY,BURGLARY incident reported in Western Suburbs (Bandra),Western Suburbs (Bandra),False,Western Suburbs (Bandra),19.06235173907373,72.83739244398754
"FIR No. 0462/2023, P.S. Bandra",2023-06-17 19:09:00,ASSAULT,ASSAULT incident reported in Western Suburbs (Bandra),Western Suburbs (Bandra),False,Western Suburbs (Bandra),19.04273751012235,72.83785805547433
"FIR No. 0419/2024, P.S. Bandra",2024-10-29 02:42:00,THEFT,THEFT incident reported in Western Suburbs (Bandra),Western Suburbs (Bandra),False,Western Suburbs (Bandra),19.0499759670072,72.84144596561957
"FIR No. 0375/2026, P.S. Malad",2026-08-16 10:28:00,ROBBERY,ROBBERY incident reported in Northern Suburbs (Malad),Northern Suburbs (Malad),True,Northern Suburbs (Malad),19.15585131468152,72.84759313627983
"FIR No. 0518/2025, P.S. Kurla",2025-10-11 10:30:00,ASSAULT,ASSAULT incident reported in Eastern Suburbs (Kurla),Eastern Suburbs (Kurla),False,Eastern Suburbs (Kurla),19.0323804669498,72.88689125428546
"FIR No. 0031/2024, P.S. Kurla",2024-03-28 09:47:00,THEFT,THEFT incident reported in Eastern Suburbs (Kurla),Eastern Suburbs (Kurla),True,Eastern Suburbs (Kurla),19.071834507910907,72.88092445322363
"FIR No. 0539/2023, P.S. Colaba/CST",2023-10-11 09:20:00,THEFT,THEFT incident reported in South Mumbai (Colaba/CST),South Mumbai (Colaba/CST),False,South Mumbai (Colaba/CST),18.914390889300574,72.84016568981055
"FIR No. 0226/2023, P.S. Kurla",2023-06-24 11:18:00,BURGLARY,BURGLARY incident reported in Eastern Suburbs (Kurla),Eastern Suburbs (Kurla),False,Eastern Suburbs (Kurla),19.04792973215554,72.89894686222998
"FIR No. 0328/2025, P.S. Andheri",2025-05-09 18:15:00,ASSAULT,ASSAULT incident reported in Western Suburbs (Andheri),Western Suburbs (Andheri),False,Western Suburbs (Andheri),19.134331589247505,72.85197298966746
"FIR No. 0286/2025, P.S. Andheri",2025-04-25 12:20:00,THEFT,THEFT incident reported in Western Suburbs (Andheri),Western Suburbs (Andheri),False,Western Suburbs (Andheri),19.107922649192727,72.82751918401098
80715071/2023,2023-12-16 05:08:00,ASSAULT,ASSAULT incident reported in Western Suburbs (Andheri),Western Suburbs (Andheri),False,Western Suburbs (Andheri),19.08946866581252,72.85151307853205
"FIR No. 0164/2023, P.S. Dadar",2023-11-06 02:25:00,ASSAULT,ASSAULT incident reported in Central Mumbai (Dadar),Central Mumbai (Dadar),False,Central Mumbai (Dadar),19.02739634385139,72.8410895444604
"FIR No. 0034/2024, P.S. Kurla",2024-04-11 20:34:00,THEFT,THEFT incident reported in Eastern Suburbs (Kurla),Eastern Suburbs (Kurla),False,Eastern Suburbs (Kurla),19.062892821576085,72.89688210942064
"FIR No. 0124/2024, P.S. Kurla",2024-02-07 22:24:00,BURGLARY,BURGLARY incident reported in Eastern Suburbs (Kurla),Eastern Suburbs (Kurla),True,Eastern Suburbs (Kurla),19.062815848664265,72.84636304012093
"FIR No. 0357/2025, P.S. Colaba/CST",2025-06-23 00:55:00,CYBER,CYBER incident reported in South Mumbai (Colaba/CST),South Mumbai (Colaba/CST),True,South Mumbai (Colaba/CST),18.936150162299064,72.847619169941
"FIR No. 0794/2024, P.S. Dadar",2024-07-02 01:33:00,THEFT,THEFT incident reported in Central Mumbai (Dadar),Central Mumbai (Dadar),False,Central Mumbai (Dadar),19.04764187609017,72.83922684072228
"FIR No. 0649/2026, P.S. Colaba/CST",2026-07-29 14:46:00,ROBBERY,ROBBERY incident reported in South Mumbai (Colaba/CST),South Mumbai (Colaba/CST),True,South Mumbai (Colaba/CST),18.934781208434416,72.85042028239592
80160093/2025,2025-05-11 07:41:00,THEFT,THEFT incident reported in Western Suburbs (Bandra),Western Suburbs (Bandra),False,Western Suburbs (Bandra),19.06006217188876,72.84894201335476
"FIR No. 0421/2023, P.S. Kurla",2023-05-13 03:29:00,THEFT,THEFT incident reported in Eastern Suburbs (Kurla),Eastern Suburbs (Kurla),False,Eastern Suburbs (Kurla),19.075292924889293,72.89939106118125
"FIR No. 0571/2024, P.S. Kurla",2024-07-08 11:26:00,THEFT,THEFT incident reported in Eastern Suburbs (Kurla),Eastern Suburbs (Kurla),False,Eastern Suburbs (Kurla),19.08049913150908,72.91330146718848
"FIR No. 0542/2023, P.S. Colaba/CST",2023-12-25 19:33:00,ASSAULT,ASSAULT incident reported in South Mumbai (Colaba/CST),South Mumbai (Colaba/CST),False,South Mumbai (Colaba/CST),18.924686932417835,72.8204985075481
"FIR No. 0655/2025, P.S. Malad",2025-10-25 01:20:00,ROBBERY,ROBBERY incident reported in Northern Suburbs (Malad),Northern Suburbs (Malad),True,Northern Suburbs (Malad),19.170960085241383,72.83803744749422
87192170/2024,2024-12-06 12:41:00,THEFT,THEFT incident reported in South Mumbai (Colaba/CST),South Mumbai (Colaba/CST),True,South Mumbai (Colaba/CST),18.94042131947364,72.82733233098803
"FIR No. 0073/2026, P.S. Bandra",2026-03-06 04:01:00,ASSAULT,ASSAULT incident reported in Western Suburbs (Bandra),Western Suburbs (Bandra),True,Western Suburbs (Bandra),19.045297988495143,72.83532470154282
84925725/2026,2026-01-07 12:48:00,THEFT,THEFT incident reported in South Mumbai (Colaba/CST),South Mumbai (Colaba/CST),False,South Mumbai (Colaba/CST),18.93494090041189,72.81617303068502
82840294/2026,2026-05-22 00:28:00,ASSAULT,ASSAULT incident reported in Western Suburbs (Bandra),Western Suburbs (Bandra),False,Western Suburbs (Bandra),19.04889087060912,72.8343383223354
"FIR No. 0144/2025, P.S. Colaba/CST",2025-07-01 08:42:00,BURGLARY,BURGLARY incident reported in South Mumbai (Colaba/CST),South Mumbai (Colaba/CST),False,South Mumbai (Colaba/CST),18.933963311739934,72.82681025284401
"FIR No. 0220/2026, P.S. Dadar",2026-08-08 21:23:00,THEFT,THEFT incident reported in Central Mumbai (Dadar),Central Mumbai (Dadar),True,Central Mumbai (Dadar),18.993234372956127,72.8393891911898
"FIR No. 0673/2024, P.S. Colaba/CST",2024-10-04 06:51:00,THEFT,THEFT incident reported in South Mumbai (Colaba/CST),South Mumbai (Colaba/CST),True,South Mumbai (Colaba/CST),18.93272586061001,72.84401110009274
82041021/2026,2026-05-16 16:28:00,THEFT,THEFT incident reported in Western Suburbs (Andheri),Western Suburbs (Andheri),False,Western Suburbs (Andheri),19.11847422764791,72.83761727889164
"FIR No. 0076/2023, P.S. Malad",2023-03-12 20:37:00,OTHER,OTHER incident reported in Northern Suburbs (Malad),Northern Suburbs (Malad),True,Northern Suburbs (Malad),19.17072231071588,72.86991837576788
"FIR No. 0381/2023, P.S. Andheri",2023-08-20 07:39:00,THEFT,THEFT incident reported in Western Suburbs (Andheri),Western Suburbs (Andheri),True,Western Suburbs (Andheri),19.125350138348534,72.85858409205703
"FIR No. 0680/2026, P.S. Kurla",2026-07-16 01:15:00,OTHER,OTHER incident reported in Eastern Suburbs (Kurla),Eastern Suburbs (Kurla),True,Eastern Suburbs (Kurla),19.071662797095183,72.87712926978254
"FIR No. 0076/2024, P.S. Dadar",2024-03-08 16:11:00,THEFT,THEFT incident reported in Central Mumbai (Dadar),Central Mumbai (Dadar),False,Central Mumbai (Dadar),19.03351449507493,72.84160418550472
"FIR No. 0164/2025, P.S. Kurla",2025-04-21 02:26:00,THEFT,THEFT incident reported in Eastern Suburbs (Kurla),Eastern Suburbs (Kurla),False,Eastern Suburbs (Kurla),19.05773411477052,72.90233602724528
"FIR No. 0122/2025, P.S. Andheri",2025-12-05 14:05:00,THEFT,THEFT incident reported in Western Suburbs (Andheri),Western Suburbs (Andheri),False,Western Suburbs (Andheri),19.13277469368682,72.86853096314722
84673734/2025,2025-08-10 20:18:00,THEFT,THEFT incident reported in Central Mumbai (Dadar),Central Mumbai (Dadar),True,Central Mumbai (Dadar),19.000061390658423,72.86076379907726
"FIR No. 0078/2024, P.S. Colaba/CST",2024-01-04 02:08:00,ROBBERY,ROBBERY incident reported in South Mumbai (Colaba/CST),South Mumbai (Colaba/CST),False,South Mumbai (Colaba/CST),18.94843348933977,72.84033568136628
85094844/2025,2025-10-02 01:24:00,ASSAULT,ASSAULT incident reported in Central Mumbai (Dadar),Central Mumbai (Dadar),False,Central Mumbai (Dadar),18.986803389012604,72.85825441590983
"FIR No. 0431/2024, P.S. Colaba/CST",2024-06-15 10:01:00,THEFT,THEFT incident reported in South Mumbai (Colaba/CST),South Mumbai (Colaba/CST),False,South Mumbai (Colaba/CST),18.92376858439538,72.82037234743336
"FIR No. 0476/2026, P.S. Dadar",2026-07-29 22:54:00,CYBER,CYBER incident reported in Central Mumbai (Dadar),Central Mumbai (Dadar),True,Central Mumbai (Dadar),19.031844742377668,72.85914188238287
"FIR No. 0348/2025, P.S. Kurla",2025-12-31 11:54:00,BURGLARY,BURGLARY incident reported in Eastern Suburbs (Kurla),Eastern Suburbs (Kurla),False,Eastern Suburbs (Kurla),19.071048851963624,72.89955564544083
"FIR No. 0080/2023, P.S. Andheri",2023-02-07 15:44:00,BURGLARY,BURGLARY incident reported in Western Suburbs (Andheri),Western Suburbs (Andheri),False,Western Suburbs (Andheri),19.129838752526634,72.83234428979345
87726945/2023,2023-05-28 00:56:00,THEFT,THEFT incident reported in Western Suburbs (Bandra),Western Suburbs (Bandra),False,Western Suburbs (Bandra),19.06049135148044,72.83751277867823
"FIR No. 0137/2023, P.S. Colaba/CST",2023-03-30 18:23:00,THEFT,THEFT incident reported in South Mumbai (Colaba/CST),South Mumbai (Colaba/CST),False,South Mumbai (Colaba/CST),18.924280045640824,72.81622403711147
"FIR No. 0322/2024, P.S. Colaba/CST",2024-12-23 12:04:00,THEFT,THEFT incident reported in South Mumbai (Colaba/CST),South Mumbai (Colaba/CST),False,South Mumbai (Colaba/CST),18.959697109729824,72.80779226665871
"FIR No. 0071/2024, P.S. Andheri",2024-03-01 19:35:00,THEFT,THEFT incident reported in Western Suburbs (Andheri),Western Suburbs (Andheri),False,Western Suburbs (Andheri),19.12661171444208,72.82309212303284
"FIR No. 0183/2025, P.S. Bandra",2025-03-15 15:44:00,ASSAULT,ASSAULT incident reported in Western Suburbs (Bandra),Western Suburbs (Bandra),False,Western Suburbs (Bandra),19.06695134371938,72.83235944750211
80250313/2024,2024-03-09 10:11:00,ASSAULT,ASSAULT incident reported in South Mumbai (Colaba/CST),South Mumbai (Colaba/CST),False,South Mumbai (Colaba/CST),18.961485817499568,72.83491160704516
"FIR No. 0554/2024, P.S. Kurla",2024-09-16 09:20:00,THEFT,THEFT incident reported in Eastern Suburbs (Kurla),Eastern Suburbs (Kurla),True,Eastern Suburbs (Kurla),19.05737211256848,72.9037982271858
"FIR No. 0640/2026, P.S. Colaba/CST",2026-07-09 10:07:00,ASSAULT,ASSAULT incident reported in South Mumbai (Colaba/CST),South Mumbai (Colaba/CST),False,South Mumbai (Colaba/CST),18.937387490763268,72.83434117644231
"FIR No. 0075/2026, P.S. Colaba/CST",2026-04-29 19:50:00,THEFT,THEFT incident reported in South Mumbai (Colaba/CST),South Mumbai (Colaba/CST),False,South Mumbai (Colaba/CST),18.93169484681296,72.8466932506369
"FIR No. 0017/2024, P.S. Bandra",2024-02-24 12:58:00,BURGLARY,BURGLARY incident reported in Western Suburbs (Bandra),Western Suburbs (Bandra),False,Western Suburbs (Bandra),19.07595100373809,72.84361951854838
"FIR No. 0002/2024, P.S. Bandra",2024-01-18 01:51:00,OTHER,OTHER incident reported in Western Suburbs (Bandra),Western Suburbs (Bandra),False,Western Suburbs (Bandra),19.050367980569472,72.87562941031818
"FIR No. 0322/2023, P.S. Colaba/CST",2023-05-01 14:12:00,BURGLARY,BURGLARY incident reported in South Mumbai (Colaba/CST),South Mumbai (Colaba/CST),True,South Mumbai (Colaba/CST),18.914100853769742,72.82610622264583
"FIR No. 0749/2023, P.S. Bandra",2023-08-31 13:08:00,ROBBERY,ROBBERY incident reported in Western Suburbs (Bandra),Western Suburbs (Bandra),False,Western Suburbs (Bandra),19.038934156913943,72.81019841366482
"FIR No. 0251/2026, P.S. Bandra",2026-03-20 09:38:00,THEFT,THEFT incident reported in Western Suburbs (Bandra),Western Suburbs (Bandra),False,Western Suburbs (Bandra),19.071041110787245,72.84907634883812
"FIR No. 0429/2024, P.S. Andheri",2024-07-22 16:28:00,BURGLARY,BURGLARY incident reported in Western Suburbs (Andheri),Western Suburbs (Andheri),False,Western Suburbs (Andheri),19.114509292960168,72.8529376125762
"FIR No. 0123/2023, P.S. Colaba/CST",2023-02-18 16:24:00,THEFT,THEFT incident reported in South Mumbai (Colaba/CST),South Mumbai (Colaba/CST),False,South Mumbai (Colaba/CST),18.913177299254016,72.83638970815431
"FIR No. 0601/2025, P.S. Bandra",2025-08-12 23:40:00,THEFT,THEFT incident reported in Western Suburbs (Bandra),Western Suburbs (Bandra),False,Western Suburbs (Bandra),19.055113783659166,72.84703075847278
87961132/2023,2023-05-15 20:28:00,ASSAULT,ASSAULT incident reported in Eastern Suburbs (Kurla),Eastern Suburbs (Kurla),True,Eastern Suburbs (Kurla),19.063266833668457,72.87462289673505
82580083/2025,2025-05-17 19:02:00,BURGLARY,BURGLARY incident reported in Western Suburbs (Andheri),Western Suburbs (Andheri),False,Western Suburbs (Andheri),19.09227398873261,72.82881997994511
"FIR No. 0715/2024, P.S. Colaba/CST",2024-08-06 22:26:00,THEFT,THEFT incident reported in South Mumbai (Colaba/CST),South Mumbai (Colaba/CST),False,South Mumbai (Colaba/CST),18.928103978387124,72.81314147482729
"FIR No. 0427/2024, P.S. Andheri",2024-07-31 09:01:00,THEFT,THEFT incident reported in Western Suburbs (Andheri),Western Suburbs (Andheri),False,Western Suburbs (Andheri),19.13903307909224,72.84239734555847
"FIR No. 0379/2023, P.S. Colaba/CST",2023-10-28 09:31:00,ASSAULT,ASSAULT incident reported in South Mumbai (Colaba/CST),South Mumbai (Colaba/CST),False,South Mumbai (Colaba/CST),18.96083264739926,72.8277912271655
81187252/2024,2024-09-23 19:16:00,CYBER,CYBER incident reported in Eastern Suburbs (Kurla),Eastern Suburbs (Kurla),False,Eastern Suburbs (Kurla),19.08087661070528,72.8891562415882
"FIR No. 0245/2025, P.S. Andheri",2025-07-10 16:05:00,THEFT,THEFT incident reported in Western Suburbs (Andheri),Western Suburbs (Andheri),False,Western Suburbs (Andheri),19.1205918490896,72.84727573824927
"FIR No. 0074/2025, P.S. Dadar",2025-04-28 04:04:00,THEFT,THEFT incident reported in Central Mumbai (Dadar),Central Mumbai (Dadar),False,Central Mumbai (Dadar),19.03911456670689,72.85275013083844
"FIR No. 0313/2025, P.S. Colaba/CST",2025-12-22 05:11:00,THEFT,THEFT incident reported in South Mumbai (Colaba/CST),South Mumbai (Colaba/CST),False,South Mumbai (Colaba/CST),18.92313344988677,72.84337821454487
88560359/2024,2024-05-13 01:47:00,BURGLARY,BURGLARY incident reported in Northern Suburbs (Malad),Northern Suburbs (Malad),False,Northern Suburbs (Malad),19.204622239014075,72.88498426755397
"FIR No. 0350/2024, P.S. Colaba/CST",2024-05-21 00:12:00,BURGLARY,BURGLARY incident reported in South Mumbai (Colaba/CST),South Mumbai (Colaba/CST),False,South Mumbai (Colaba/CST),18.942183460741536,72.83523807351365
"FIR No. 0327/2025, P.S. Andheri",2025-08-12 12:24:00,ASSAULT,ASSAULT incident reported in Western Suburbs (Andheri),Western Suburbs (Andheri),False,Western Suburbs (Andheri),19.112553694522948,72.85961873633985
"FIR No. 0288/2023, P.S. Dadar",2023-07-30 19:32:00,ROBBERY,ROBBERY incident reported in Central Mumbai (Dadar),Central Mumbai (Dadar),False,Central Mumbai (Dadar),19.01885858818916,72.84423044900713
"FIR No. 0009/2024, P.S. Dadar",2024-02-14 09:22:00,CYBER,CYBER incident reported in Central Mumbai (Dadar),Central Mumbai (Dadar),False,Central Mumbai (Dadar),18.9895449620335,72.8545159366912
"FIR No. 0064/2026, P.S. Dadar",2026-04-14 12:53:00,ROBBERY,ROBBERY incident reported in Central Mumbai (Dadar),Central Mumbai (Dadar),False,Central Mumbai (Dadar),19.01335103532124,72.8379898928141
"FIR No. 0976/2023, P.S. Kurla",2023-11-13 01:36:00,ASSAULT,ASSAULT incident reported in Eastern Suburbs (Kurla),Eastern Suburbs (Kurla),False,Eastern Suburbs (Kurla),19.08851927065773,72.87013562805424
"FIR No. 0039/2026, P.S. Bandra",2026-07-04 20:32:00,THEFT,THEFT incident reported in Western Suburbs (Bandra),Western Suburbs (Bandra),False,Western Suburbs (Bandra),19.0358246796434,72.83981251151044
"FIR No. 0208/2023, P.S. Kurla",2023-06-08 22:20:00,ROBBERY,ROBBERY incident reported in Eastern Suburbs (Kurla),Eastern Suburbs (Kurla),False,Eastern Suburbs (Kurla),19.0767880166436,72.88929517666274
"FIR No. 0023/2026, P.S. Dadar",2026-04-26 19:18:00,ROBBERY,ROBBERY incident reported in Central Mumbai (Dadar),Central Mumbai (Dadar),False,Central Mumbai (Dadar),19.038516472697484,72.84179755938999
83350747/2023,2023-06-24 16:38:00,ASSAULT,ASSAULT incident reported in Western Suburbs (Andheri),Western Suburbs (Andheri),False,Western Suburbs (Andheri),19.09919578774379,72.84800488871136
84469363/2026,2026-07-08 17:06:00,THEFT,THEFT incident reported in Western Suburbs (Bandra),Western Suburbs (Bandra),False,Western Suburbs (Bandra),19.06546624920697,72.85974065254626
"FIR No. 0705/2025, P.S. Kurla",2025-09-08 18:38:00,THEFT,THEFT incident reported in Eastern Suburbs (Kurla),Eastern Suburbs (Kurla),False,Eastern Suburbs (Kurla),19.06330746607773,72.91188460381194
"FIR No. 0003/2026, P.S. Malad",2026-02-17 13:30:00,OTHER,OTHER incident reported in Northern Suburbs (Malad),Northern Suburbs (Malad),False,Northern Suburbs (Malad),19.155023851268133,72.81442465460111
"FIR No. 0068/2024, P.S. Colaba/CST",2024-02-18 00:58:00,BURGLARY,BURGLARY incident reported in South Mumbai (Colaba/CST),South Mumbai (Colaba/CST),False,South Mumbai (Colaba/CST),18.9264065717061,72.79829166548026
"FIR No. 0111/2026, P.S. Colaba/CST",2026-06-28 19:31:00,THEFT,THEFT incident reported in South Mumbai (Colaba/CST),South Mumbai (Colaba/CST),False,South Mumbai (Colaba/CST),18.923988357512545,72.85369535511643
"FIR No. 0715/2025, P.S. Bandra",2025-09-25 17:05:00,CYBER,CYBER incident reported in Western Suburbs (Bandra),Western Suburbs (Bandra),True,Western Suburbs (Bandra),19.07601290741141,72.83255011321279
"FIR No. 0121/2026, P.S. Bandra",2026-06-06 19:14:00,CYBER,CYBER incident reported in Western Suburbs (Bandra),Western Suburbs (Bandra),False,Western Suburbs (Bandra),19.052119484749262,72.83697003610675
"FIR No. 0020/2026, P.S. Andheri",2026-01-25 13:43:00,THEFT,THEFT incident reported in Western Suburbs (Andheri),Western Suburbs (Andheri),True,Western Suburbs (Andheri),19.12941736195772,72.85516315359949
80982587/2025,2025-08-06 06:42:00,THEFT,THEFT incident reported in Northern Suburbs (Malad),Northern Suburbs (Malad),True,Northern Suburbs (Malad),19.164747631360505,72.86792231918015
"FIR No. 0872/2024, P.S. Colaba/CST",2024-09-18 13:44:00,THEFT,THEFT incident reported in South Mumbai (Colaba/CST),South Mumbai (Colaba/CST),False,South Mumbai (Colaba/CST),18.940877395816287,72.83055007346566
"FIR No. 0657/2024, P.S. Colaba/CST",2024-08-29 15:29:00,CYBER,CYBER incident reported in South Mumbai (Colaba/CST),South Mumbai (Colaba/CST),True,South Mumbai (Colaba/CST),18.93204740372805,72.83058631859946
"FIR No. 0072/2023, P.S. Andheri",2023-10-16 02:29:00,CYBER,CYBER incident reported in Western Suburbs (Andheri),Western Suburbs (Andheri),True,Western Suburbs (Andheri),19.110595698407906,72.85109946721634
"FIR No. 0826/2026, P.S. Andheri",2026-08-24 13:26:00,THEFT,THEFT incident reported in Western Suburbs (Andheri),Western Suburbs (Andheri),False,Western Suburbs (Andheri),19.12056959602807,72.84464614225467
"FIR No. 0355/2023, P.S. Colaba/CST",2023-05-11 20:08:00,BURGLARY,BURGLARY incident reported in South Mumbai (Colaba/CST),South Mumbai (Colaba/CST),False,South Mumbai (Colaba/CST),18.933592780145144,72.827129603447
"FIR No. 0151/2023, P.S. Andheri",2023-02-24 02:43:00,THEFT,THEFT incident reported in Western Suburbs (Andheri),Western Suburbs (Andheri),True,Western Suburbs (Andheri),19.11345347247553,72.85567705563018
"FIR No. 0201/2025, P.S. Kurla",2025-07-12 13:39:00,ASSAULT,ASSAULT incident reported in Eastern Suburbs (Kurla),Eastern Suburbs (Kurla),False,Eastern Suburbs (Kurla),19.077233667060867,72.88449927170807
"FIR No. 0149/2023, P.S. Andheri",2023-03-12 03:01:00,BURGLARY,BURGLARY incident reported in Western Suburbs (Andheri),Western Suburbs (Andheri),False,Western Suburbs (Andheri),19.13432776528219,72.84486921275546
"FIR No. 0015/2026, P.S. Malad",2026-02-04 13:25:00,OTHER,OTHER incident reported in Northern Suburbs (Malad),Northern Suburbs (Malad),True,Northern Suburbs (Malad),19.18227536294034,72.82392535995632
"FIR No. 0287/2024, P.S. Kurla",2024-07-09 21:49:00,ASSAULT,ASSAULT incident reported in Eastern Suburbs (Kurla),Eastern Suburbs (Kurla),False,Eastern Suburbs (Kurla),19.0676823866998,72.88962291089679
83959012/2024,2024-01-05 23:49:00,OTHER,OTHER incident reported in Western Suburbs (Bandra),Western Suburbs (Bandra),False,Western Suburbs (Bandra),19.06514799348013,72.85202039116986
84117738/2023,2023-02-02 15:37:00,CYBER,CYBER incident reported in South Mumbai (Colaba/CST),South Mumbai (Colaba/CST),False,South Mumbai (Colaba/CST),18.951680526421864,72.83016413966773
"FIR No. 0598/2025, P.S. Colaba/CST",2025-08-20 13:21:00,THEFT,THEFT incident reported in South Mumbai (Colaba/CST),South Mumbai (Colaba/CST),False,South Mumbai (Colaba/CST),18.928389315277787,72.81031751512272
"FIR No. 0747/2025, P.S. Colaba/CST",2025-11-11 13:57:00,THEFT,THEFT incident reported in South Mumbai (Colaba/CST),South Mumbai (Colaba/CST),False,South Mumbai (Colaba/CST),18.93288888858624,72.84850024431226
"FIR No. 0380/2025, P.S. Bandra",2025-06-16 22:38:00,THEFT,THEFT incident reported in Western Suburbs (Bandra),Western Suburbs (Bandra),False,Western Suburbs (Bandra),19.063788262714617,72.86830151942809
"FIR No. 0368/2025, P.S. Andheri",2025-06-22 13:00:00,THEFT,THEFT incident reported in Western Suburbs (Andheri),Western Suburbs (Andheri),False,Western Suburbs (Andheri),19.12428708315791,72.85227550590382
"FIR No. 0061/2024, P.S. Colaba/CST",2024-02-10 10:59:00,ROBBERY,ROBBERY incident reported in South Mumbai (Colaba/CST),South Mumbai (Colaba/CST),False,South Mumbai (Colaba/CST),18.924845447974818,72.82686910976885
"FIR No. 0414/2026, P.S. Andheri",2026-07-10 10:56:00,ASSAULT,ASSAULT incident reported in Western Suburbs (Andheri),Western Suburbs (Andheri),True,Western Suburbs (Andheri),19.108263775668952,72.870076623973
"FIR No. 0090/2024, P.S. Dadar",2024-02-13 20:57:00,ASSAULT,ASSAULT incident reported in Central Mumbai (Dadar),Central Mumbai (Dadar),False,Central Mumbai (Dadar),19.063563070196945,72.82103468283547
"FIR No. 0270/2026, P.S. Andheri",2026-07-06 17:35:00,ASSAULT,ASSAULT incident reported in Western Suburbs (Andheri),Western Suburbs (Andheri),True,Western Suburbs (Andheri),19.113063150105173,72.85124542754791
"FIR No. 0058/2023, P.S. Colaba/CST",2023-04-09 14:22:00,THEFT,THEFT incident reported in South Mumbai (Colaba/CST),South Mumbai (Colaba/CST),True,South Mumbai (Colaba/CST),18.918810067937795,72.81175880117105
"FIR No. 0481/2024, P.S. Kurla",2024-11-01 17:26:00,CYBER,CYBER incident reported in Eastern Suburbs (Kurla),Eastern Suburbs (Kurla),False,Eastern Suburbs (Kurla),19.072034025174712,72.9037491992135
"FIR No. 0048/2026, P.S. Malad",2026-01-24 18:25:00,ROBBERY,ROBBERY incident reported in Northern Suburbs (Malad),Northern Suburbs (Malad),False,Northern Suburbs (Malad),19.18065147575861,72.83524036697038
"FIR No. 0306/2026, P.S. Malad",2026-08-06 19:31:00,ASSAULT,ASSAULT incident reported in Northern Suburbs (Malad),Northern Suburbs (Malad),True,Northern Suburbs (Malad),19.157188631098347,72.86174038864606
"FIR No. 0414/2024, P.S. Kurla",2024-11-02 14:52:00,BURGLARY,BURGLARY incident reported in Eastern Suburbs (Kurla),Eastern Suburbs (Kurla),True,Eastern Suburbs (Kurla),19.06329846151948,72.89451426622922
"FIR No. 0026/2024, P.S. Dadar",2024-01-04 04:11:00,BURGLARY,BURGLARY incident reported in Central Mumbai (Dadar),Central Mumbai (Dadar),False,Central Mumbai (Dadar),19.00888113977378,72.84286730780406
"FIR No. 0487/2023, P.S. Colaba/CST",2023-08-13 06:46:00,THEFT,THEFT incident reported in South Mumbai (Colaba/CST),South Mumbai (Colaba/CST),False,South Mumbai (Colaba/CST),18.912078867794666,72.84768576113888
"FIR No. 0093/2025, P.S. Kurla",2025-07-09 02:05:00,ASSAULT,ASSAULT incident reported in Eastern Suburbs (Kurla),Eastern Suburbs (Kurla),False,Eastern Suburbs (Kurla),19.0672728289572,72.85791444930783
"FIR No. 0680/2025, P.S. Kurla",2025-10-10 14:57:00,ROBBERY,ROBBERY incident reported in Eastern Suburbs (Kurla),Eastern Suburbs (Kurla),False,Eastern Suburbs (Kurla),19.08137861250564,72.86842555759614
"FIR No. 0139/2026, P.S. Bandra",2026-03-29 22:41:00,THEFT,THEFT incident reported in Western Suburbs (Bandra),Western Suburbs (Bandra),False,Western Suburbs (Bandra),19.06006603854558,72.83813898976474
"FIR No. 0948/2023, P.S. Malad",2023-09-12 12:23:00,ASSAULT,ASSAULT incident reported in Northern Suburbs (Malad),Northern Suburbs (Malad),False,Northern Suburbs (Malad),19.16443156090195,72.82225366235234
85547926/2024,2024-10-16 08:19:00,THEFT,THEFT incident reported in Northern Suburbs (Malad),Northern Suburbs (Malad),False,Northern Suburbs (Malad),19.14923265361916,72.84781849495009
"FIR No. 0041/2024, P.S. Bandra",2024-12-18 21:02:00,ASSAULT,ASSAULT incident reported in Western Suburbs (Bandra),Western Suburbs (Bandra),False,Western Suburbs (Bandra),19.062876045372093,72.8353110419081
"FIR No. 0075/2023, P.S. Andheri",2023-03-02 17:03:00,THEFT,THEFT incident reported in Western Suburbs (Andheri),Western Suburbs (Andheri),False,Western Suburbs (Andheri),19.14924151629019,72.84310508115867
"FIR No. 0764/2025, P.S. Colaba/CST",2025-09-03 17:30:00,THEFT,THEFT incident reported in South Mumbai (Colaba/CST),South Mumbai (Colaba/CST),False,South Mumbai (Colaba/CST),18.943088663705733,72.84099109021375
81087754/2025,2025-06-10 13:20:00,ASSAULT,ASSAULT incident reported in Eastern Suburbs (Kurla),Eastern Suburbs (Kurla),True,Eastern Suburbs (Kurla),19.066226255435527,72.87286099792499
"FIR No. 0138/2025, P.S. Colaba/CST",2025-03-07 14:42:00,CYBER,CYBER incident reported in South Mumbai (Colaba/CST),South Mumbai (Colaba/CST),True,South Mumbai (Colaba/CST),18.92109857295717,72.82136947349784
"FIR No. 0552/2024, P.S. Bandra",2024-05-29 06:20:00,ASSAULT,ASSAULT incident reported in Western Suburbs (Bandra),Western Suburbs (Bandra),False,Western Suburbs (Bandra),19.08004533302933,72.86211982693966
"FIR No. 0165/2025, P.S. Bandra",2025-03-23 23:16:00,CYBER,CYBER incident reported in Western Suburbs (Bandra),Western Suburbs (Bandra),False,Western Suburbs (Bandra),19.05732904734942,72.8243783643302
"FIR No. 0126/2023, P.S. Bandra",2023-03-26 10:52:00,ROBBERY,ROBBERY incident reported in Western Suburbs (Bandra),Western Suburbs (Bandra),False,Western Suburbs (Bandra),19.06177201319576,72.85321541868089
"FIR No. 0036/2023, P.S. Bandra",2023-01-11 03:59:00,CYBER,CYBER incident reported in Western Suburbs (Bandra),Western Suburbs (Bandra),False,Western Suburbs (Bandra),19.04807487412072,72.84043798193557
"FIR No. 0196/2025, P.S. Bandra",2025-06-21 18:17:00,THEFT,THEFT incident reported in Western Suburbs (Bandra),Western Suburbs (Bandra),True,Western Suburbs (Bandra),19.06541308557217,72.83042750967299
"FIR No. 0035/2024, P.S. Colaba/CST",2024-01-26 04:12:00,ROBBERY,ROBBERY incident reported in South Mumbai (Colaba/CST),South Mumbai (Colaba/CST),True,South Mumbai (Colaba/CST),18.93865000843764,72.84645719166795
"FIR No. 0293/2026, P.S. Andheri",2026-07-10 21:54:00,OTHER,OTHER incident reported in Western Suburbs (Andheri),Western Suburbs (Andheri),False,Western Suburbs (Andheri),19.104749562259187,72.85790887093444
"FIR No. 0868/2025, P.S. Kurla",2025-11-25 20:37:00,THEFT,THEFT incident reported in Eastern Suburbs (Kurla),Eastern Suburbs (Kurla),False,Eastern Suburbs (Kurla),19.048065346252805,72.86661831601684
"FIR No. 0060/2025, P.S. Colaba/CST",2025-03-10 23:04:00,BURGLARY,BURGLARY incident reported in South Mumbai (Colaba/CST),South Mumbai (Colaba/CST),False,South Mumbai (Colaba/CST),18.93737953238313,72.8332370979029
"FIR No. 0495/2025, P.S. Bandra",2025-10-20 06:27:00,THEFT,THEFT incident reported in Western Suburbs (Bandra),Western Suburbs (Bandra),True,Western Suburbs (Bandra),19.04604292589501,72.82360360690637
"FIR No. 0604/2024, P.S. Bandra",2024-11-03 03:07:00,CYBER,CYBER incident reported in Western Suburbs (Bandra),Western Suburbs (Bandra),True,Western Suburbs (Bandra),19.06051961681901,72.83036485836975
83596082/2023,2023-03-15 01:49:00,THEFT,THEFT incident reported in Western Suburbs (Bandra),Western Suburbs (Bandra),False,Western Suburbs (Bandra),19.05753293981695,72.84848244165458
"FIR No. 0660/2024, P.S. Colaba/CST",2024-10-10 15:46:00,THEFT,THEFT incident reported in South Mumbai (Colaba/CST),South Mumbai (Colaba/CST),True,South Mumbai (Colaba/CST),18.923810449070967,72.79362156407605
82207739/2023,2023-01-27 20:50:00,CYBER,CYBER incident reported in Eastern Suburbs (Kurla),Eastern Suburbs (Kurla),False,Eastern Suburbs (Kurla),19.07308995498476,72.88650801583597
"FIR No. 0148/2024, P.S. Kurla",2024-10-18 23:37:00,THEFT,THEFT incident reported in Eastern Suburbs (Kurla),Eastern Suburbs (Kurla),False,Eastern Suburbs (Kurla),19.06546877773502,72.85795575295323
"FIR No. 0094/2026, P.S. Andheri",2026-02-17 12:08:00,THEFT,THEFT incident reported in Western Suburbs (Andheri),Western Suburbs (Andheri),False,Western Suburbs (Andheri),19.093861633227927,72.84831018645505
"FIR No. 0106/2026, P.S. Andheri",2026-05-04 23:32:00,CYBER,CYBER incident reported in Western Suburbs (Andheri),Western Suburbs (Andheri),False,Western Suburbs (Andheri),19.092036316469468,72.85137667724207
"FIR No. 0062/2024, P.S. Malad",2024-04-01 18:22:00,ASSAULT,ASSAULT incident reported in Northern Suburbs (Malad),Northern Suburbs (Malad),False,Northern Suburbs (Malad),19.17286361767072,72.87331410605411
"FIR No. 0283/2026, P.S. Andheri",2026-07-08 11:30:00,ASSAULT,ASSAULT incident reported in Western Suburbs (Andheri),Western Suburbs (Andheri),False,Western Suburbs (Andheri),19.110855721747903,72.84461559901035
"FIR No. 0326/2023, P.S. Andheri",2023-09-19 09:51:00,ASSAULT,ASSAULT incident reported in Western Suburbs (Andheri),Western Suburbs (Andheri),False,Western Suburbs (Andheri),19.107304328067688,72.84401716014808
"FIR No. 0343/2025, P.S. Andheri",2025-05-16 14:11:00,THEFT,THEFT incident reported in Western Suburbs (Andheri),Western Suburbs (Andheri),False,Western Suburbs (Andheri),19.1399986148012,72.8425493137565
"FIR No. 0176/2025, P.S. Malad",2025-03-28 11:57:00,ROBBERY,ROBBERY incident reported in Northern Suburbs (Malad),Northern Suburbs (Malad),False,Northern Suburbs (Malad),19.191938227453107,72.82786592154815
"FIR No. 0327/2025, P.S. Dadar",2025-07-17 09:23:00,THEFT,THEFT incident reported in Central Mumbai (Dadar),Central Mumbai (Dadar),True,Central Mumbai (Dadar),19.011605350868624,72.84510192074234
"FIR No. 0178/2024, P.S. Andheri",2024-03-25 05:08:00,ROBBERY,ROBBERY incident reported in Western Suburbs (Andheri),Western Suburbs (Andheri),False,Western Suburbs (Andheri),19.13690404813733,72.83110916391497
"FIR No. 0205/2023, P.S. Bandra",2023-05-13 07:24:00,BURGLARY,BURGLARY incident reported in Western Suburbs (Bandra),Western Suburbs (Bandra),False,Western Suburbs (Bandra),19.058826104872303,72.83695707860774
"FIR No. 0054/2025, P.S. Colaba/CST",2025-01-14 17:53:00,ROBBERY,ROBBERY incident reported in South Mumbai (Colaba/CST),South Mumbai (Colaba/CST),False,South Mumbai (Colaba/CST),18.946827138033527,72.81307000258785
"FIR No. 0026/2025, P.S. Colaba/CST",2025-04-18 03:19:00,THEFT,THEFT incident reported in South Mumbai (Colaba/CST),South Mumbai (Colaba/CST),False,South Mumbai (Colaba/CST),18.94956488587492,72.80433899479392
"FIR No. 0603/2025, P.S. Andheri",2025-09-16 04:48:00,CYBER,CYBER incident reported in Western Suburbs (Andheri),Western Suburbs (Andheri),False,Western Suburbs (Andheri),19.10849761145037,72.85277357478111
"FIR No. 0073/2024, P.S. Andheri",2024-02-27 00:42:00,THEFT,THEFT incident reported in Western Suburbs (Andheri),Western Suburbs (Andheri),False,Western Suburbs (Andheri),19.113212328622023,72.84242177556601
"FIR No. 0342/2023, P.S. Bandra",2023-10-13 13:51:00,BURGLARY,BURGLARY incident reported in Western Suburbs (Bandra),Western Suburbs (Bandra),False,Western Suburbs (Bandra),19.07238644192412,72.81874477766738
"FIR No. 0592/2023, P.S. Kurla",2023-06-16 05:43:00,ASSAULT,ASSAULT incident reported in Eastern Suburbs (Kurla),Eastern Suburbs (Kurla),False,Eastern Suburbs (Kurla),19.04486628358268,72.86109669433851
"FIR No. 0311/2026, P.S. Dadar",2026-05-29 02:44:00,ROBBERY,ROBBERY incident reported in Central Mumbai (Dadar),Central Mumbai (Dadar),False,Central Mumbai (Dadar),19.013580112190624,72.84536084196682
"FIR No. 0286/2026, P.S. Kurla",2026-07-29 02:48:00,ASSAULT,ASSAULT incident reported in Eastern Suburbs (Kurla),Eastern Suburbs (Kurla),False,Eastern Suburbs (Kurla),19.073168853494185,72.88866819330043
"FIR No. 0252/2025, P.S. Kurla",2025-08-30 13:17:00,THEFT,THEFT incident reported in Eastern Suburbs (Kurla),Eastern Suburbs (Kurla),False,Eastern Suburbs (Kurla),19.064663419802937,72.88652697400285
"FIR No. 0437/2025, P.S. Kurla",2025-07-20 11:53:00,BURGLARY,BURGLARY incident reported in Eastern Suburbs (Kurla),Eastern Suburbs (Kurla),False,Eastern Suburbs (Kurla),19.10733071067516,72.85300727564209
81865455/2023,2023-04-28 00:34:00,CYBER,CYBER incident reported in Western Suburbs (Bandra),Western Suburbs (Bandra),False,Western Suburbs (Bandra),19.08834868467303,72.82950736239295
"FIR No. 0564/2025, P.S. Malad",2025-09-14 21:31:00,BURGLARY,BURGLARY incident reported in Northern Suburbs (Malad),Northern Suburbs (Malad),False,Northern Suburbs (Malad),19.185829142034592,72.83290398265666
"FIR No. 0357/2025, P.S. Colaba/CST",2025-06-18 15:43:00,BURGLARY,BURGLARY incident reported in South Mumbai (Colaba/CST),South Mumbai (Colaba/CST),False,South Mumbai (Colaba/CST),18.92075941529502,72.80285688967442
"FIR No. 0282/2026, P.S. Bandra",2026-05-26 09:00:00,THEFT,THEFT incident reported in Western Suburbs (Bandra),Western Suburbs (Bandra),True,Western Suburbs (Bandra),19.06196414274276,72.83377759418754
"FIR No. 0068/2023, P.S. Andheri",2023-08-28 17:25:00,THEFT,THEFT incident reported in Western Suburbs (Andheri),Western Suburbs (Andheri),False,Western Suburbs (Andheri),19.114463564577,72.8416330399391
86490858/2025,2025-12-10 01:36:00,THEFT,THEFT incident reported in Eastern Suburbs (Kurla),Eastern Suburbs (Kurla),False,Eastern Suburbs (Kurla),19.04715525882598,72.85078760081797
"FIR No. 0528/2025, P.S. Colaba/CST",2025-10-19 19:05:00,ASSAULT,ASSAULT incident reported in South Mumbai (Colaba/CST),South Mumbai (Colaba/CST),False,South Mumbai (Colaba/CST),18.94345552240173,72.8190416025092
"FIR No. 0071/2025, P.S. Bandra",2025-05-07 17:51:00,ASSAULT,ASSAULT incident reported in Western Suburbs (Bandra),Western Suburbs (Bandra),False,Western Suburbs (Bandra),19.061968570752544,72.86558222407793
"FIR No. 0223/2023, P.S. Colaba/CST",2023-04-01 22:48:00,THEFT,THEFT incident reported in South Mumbai (Colaba/CST),South Mumbai (Colaba/CST),True,South Mumbai (Colaba/CST),18.92184943094672,72.87016409211353
"FIR No. 0014/2024, P.S. Bandra",2024-02-24 15:01:00,THEFT,THEFT incident reported in Western Suburbs (Bandra),Western Suburbs (Bandra),False,Western Suburbs (Bandra),19.07682469995049,72.80310559814649
"FIR No. 0064/2026, P.S. Colaba/CST",2026-04-29 01:06:00,ROBBERY,ROBBERY incident reported in South Mumbai (Colaba/CST),South Mumbai (Colaba/CST),False,South Mumbai (Colaba/CST),18.8967640338098,72.83051959659797
"FIR No. 0054/2024, P.S. Colaba/CST",2024-01-17 05:33:00,ASSAULT,ASSAULT incident reported in South Mumbai (Colaba/CST),South Mumbai (Colaba/CST),True,South Mumbai (Colaba/CST),18.930342183406907,72.83299232200878
"FIR No. 0172/2023, P.S. Andheri",2023-08-30 10:03:00,ASSAULT,ASSAULT incident reported in Western Suburbs (Andheri),Western Suburbs (Andheri),True,Western Suburbs (Andheri),19.147741164408,72.8689372823039
"FIR No. 0379/2026, P.S. Colaba/CST",2026-06-04 03:39:00,ASSAULT,ASSAULT incident reported in South Mumbai (Colaba/CST),South Mumbai (Colaba/CST),False,South Mumbai (Colaba/CST),18.942450711132164,72.85274477382544
88541287/2026,2026-06-13 06:18:00,THEFT,THEFT incident reported in Northern Suburbs (Malad),Northern Suburbs (Malad),False,Northern Suburbs (Malad),19.16436706530433,72.84760058706253
88339956/2024,2024-08-14 13:01:00,THEFT,THEFT incident reported in Western Suburbs (Bandra),Western Suburbs (Bandra),True,Western Suburbs (Bandra),19.056103744828,72.81742443935906
"FIR No. 0576/2025, P.S. Malad",2025-06-25 18:54:00,BURGLARY,BURGLARY incident reported in Northern Suburbs (Malad),Northern Suburbs (Malad),True,Northern Suburbs (Malad),19.20585196352616,72.85636431573833
"FIR No. 0102/2025, P.S. Kurla",2025-04-06 05:27:00,THEFT,THEFT incident reported in Eastern Suburbs (Kurla),Eastern Suburbs (Kurla),False,Eastern Suburbs (Kurla),19.07808878927222,72.90407774454046
"FIR No. 0025/2026, P.S. Dadar",2026-01-15 01:36:00,ASSAULT,ASSAULT incident reported in Central Mumbai (Dadar),Central Mumbai (Dadar),False,Central Mumbai (Dadar),19.00463143618997,72.84634782883468
"FIR No. 0433/2025, P.S. Andheri",2025-09-09 23:12:00,CYBER,CYBER incident reported in Western Suburbs (Andheri),Western Suburbs (Andheri),True,Western Suburbs (Andheri),19.111180888341,72.81851818953326
83394322/2025,2025-04-03 06:21:00,BURGLARY,BURGLARY incident reported in Northern Suburbs (Malad),Northern Suburbs (Malad),False,Northern Suburbs (Malad),19.16694209860487,72.84727013244631
"FIR No. 0077/2024, P.S. Dadar",2024-01-03 08:47:00,CYBER,CYBER incident reported in Central Mumbai (Dadar),Central Mumbai (Dadar),False,Central Mumbai (Dadar),19.028950815642126,72.82621289389768
88142962/2024,2024-06-26 09:26:00,THEFT,THEFT incident reported in Western Suburbs (Bandra),Western Suburbs (Bandra),False,Western Suburbs (Bandra),19.06340074008309,72.84629893668281
"FIR No. 0286/2025, P.S. Malad",2025-04-04 12:16:00,THEFT,THEFT incident reported in Northern Suburbs (Malad),Northern Suburbs (Malad),False,Northern Suburbs (Malad),19.169122926682448,72.82948048304898
"FIR No. 0118/2026, P.S. Malad",2026-03-19 07:50:00,BURGLARY,BURGLARY incident reported in Northern Suburbs (Malad),Northern Suburbs (Malad),True,Northern Suburbs (Malad),19.16940077836245,72.8508087937011
"FIR No. 0189/2023, P.S. Kurla",2023-04-03 23:45:00,THEFT,THEFT incident reported in Eastern Suburbs (Kurla),Eastern Suburbs (Kurla),False,Eastern Suburbs (Kurla),19.046713392585385,72.88029440248911
83476293/2023,2023-01-31 08:10:00,THEFT,THEFT incident reported in Eastern Suburbs (Kurla),Eastern Suburbs (Kurla),False,Eastern Suburbs (Kurla),19.0728622403032,72.89499563119342
"FIR No. 0157/2025, P.S. Andheri",2025-06-16 10:26:00,CYBER,CYBER incident reported in Western Suburbs (Andheri),Western Suburbs (Andheri),True,Western Suburbs (Andheri),19.10390072448721,72.84606290303545
84222150/2023,2023-10-24 13:01:00,OTHER,OTHER incident reported in South Mumbai (Colaba/CST),South Mumbai (Colaba/CST),False,South Mumbai (Colaba/CST),18.919378394291453,72.84162585700179
"FIR No. 0212/2025, P.S. Colaba/CST",2025-05-09 22:25:00,THEFT,THEFT incident reported in South Mumbai (Colaba/CST),South Mumbai (Colaba/CST),False,South Mumbai (Colaba/CST),18.949479609855075,72.8478013832234
"FIR No. 0163/2026, P.S. Andheri",2026-02-23 05:15:00,CYBER,CYBER incident reported in Western Suburbs (Andheri),Western Suburbs (Andheri),False,Western Suburbs (Andheri),19.1304463170599,72.85668209739711
"FIR No. 0223/2025, P.S. Andheri",2025-11-12 10:06:00,BURGLARY,BURGLARY incident reported in Western Suburbs (Andheri),Western Suburbs (Andheri),True,Western Suburbs (Andheri),19.12021221088132,72.83910852050981
"FIR No. 0306/2026, P.S. Dadar",2026-08-25 01:21:00,THEFT,THEFT incident reported in Central Mumbai (Dadar),Central Mumbai (Dadar),True,Central Mumbai (Dadar),19.03125485118261,72.84734433712025
"FIR No. 0078/2024, P.S. Andheri",2024-04-01 16:02:00,THEFT,THEFT incident reported in Western Suburbs (Andheri),Western Suburbs (Andheri),False,Western Suburbs (Andheri),19.141652269976905,72.84883854979569
88504175/2025,2025-11-17 00:43:00,OTHER,OTHER incident reported in Western Suburbs (Bandra),Western Suburbs (Bandra),False,Western Suburbs (Bandra),19.0543195134248,72.83914537747413
"FIR No. 0127/2026, P.S. Andheri",2026-07-18 13:06:00,ASSAULT,ASSAULT incident reported in Western Suburbs (Andheri),Western Suburbs (Andheri),True,Western Suburbs (Andheri),19.11858473594776,72.83239255393873
"FIR No. 0461/2026, P.S. Bandra",2026-08-27 19:49:00,THEFT,THEFT incident reported in Western Suburbs (Bandra),Western Suburbs (Bandra),False,Western Suburbs (Bandra),19.060999020710742,72.84963414872601
"FIR No. 0855/2023, P.S. Andheri",2023-08-19 18:28:00,ROBBERY,ROBBERY incident reported in Western Suburbs (Andheri),Western Suburbs (Andheri),False,Western Suburbs (Andheri),19.09923832345908,72.8324210323059
"FIR No. 0138/2023, P.S. Dadar",2023-04-01 00:21:00,ASSAULT,ASSAULT incident reported in Central Mumbai (Dadar),Central Mumbai (Dadar),False,Central Mumbai (Dadar),19.006098129359664,72.87177816917082
"FIR No. 0731/2023, P.S. Andheri",2023-09-10 22:43:00,THEFT,THEFT incident reported in Western Suburbs (Andheri),Western Suburbs (Andheri),False,Western Suburbs (Andheri),19.141396139776525,72.8531213982774
"FIR No. 0017/2026, P.S. Dadar",2026-01-18 12:58:00,ROBBERY,ROBBERY incident reported in Central Mumbai (Dadar),Central Mumbai (Dadar),False,Central Mumbai (Dadar),18.988468164010687,72.83991955877413
"FIR No. 0110/2024, P.S. Colaba/CST",2024-07-30 22:47:00,ASSAULT,ASSAULT incident reported in South Mumbai (Colaba/CST),South Mumbai (Colaba/CST),False,South Mumbai (Colaba/CST),18.931673202981155,72.81763406941232
"FIR No. 0109/2026, P.S. Kurla",2026-06-17 19:42:00,ASSAULT,ASSAULT incident reported in Eastern Suburbs (Kurla),Eastern Suburbs (Kurla),False,Eastern Suburbs (Kurla),19.07467483950857,72.86961337330433
"FIR No. 0138/2025, P.S. Kurla",2025-03-30 22:30:00,ASSAULT,ASSAULT incident reported in Eastern Suburbs (Kurla),Eastern Suburbs (Kurla),True,Eastern Suburbs (Kurla),19.07867963723101,72.87767947076003
"FIR No. 0040/2024, P.S. Andheri",2024-04-28 11:18:00,ROBBERY,ROBBERY incident reported in Western Suburbs (Andheri),Western Suburbs (Andheri),False,Western Suburbs (Andheri),19.120508535609567,72.83303752345547
85915735/2025,2025-06-22 20:32:00,THEFT,THEFT incident reported in South Mumbai (Colaba/CST),South Mumbai (Colaba/CST),True,South Mumbai (Colaba/CST),18.9338763895815,72.83538115876134
"FIR No. 0057/2025, P.S. Dadar",2025-02-08 23:20:00,THEFT,THEFT incident reported in Central Mumbai (Dadar),Central Mumbai (Dadar),False,Central Mumbai (Dadar),19.01718628463805,72.85161015368719
"FIR No. 0445/2026, P.S. Kurla",2026-05-05 12:35:00,ASSAULT,ASSAULT incident reported in Eastern Suburbs (Kurla),Eastern Suburbs (Kurla),True,Eastern Suburbs (Kurla),19.06879475643944,72.85877822182505
"FIR No. 0184/2024, P.S. Kurla",2024-06-03 01:05:00,THEFT,THEFT incident reported in Eastern Suburbs (Kurla),Eastern Suburbs (Kurla),False,Eastern Suburbs (Kurla),19.054485116545425,72.86477117407772
88996843/2025,2025-04-22 07:51:00,ASSAULT,ASSAULT incident reported in Western Suburbs (Andheri),Western Suburbs (Andheri),False,Western Suburbs (Andheri),19.118798680619868,72.8539966512671
"FIR No. 0006/2025, P.S. Andheri",2025-02-05 00:07:00,ROBBERY,ROBBERY incident reported in Western Suburbs (Andheri),Western Suburbs (Andheri),True,Western Suburbs (Andheri),19.125494104454248,72.84687940540014
"FIR No. 0622/2026, P.S. Andheri",2026-07-23 11:34:00,THEFT,THEFT incident reported in Western Suburbs (Andheri),Western Suburbs (Andheri),False,Western Suburbs (Andheri),19.131555121439824,72.83571928769774
"FIR No. 0310/2025, P.S. Malad",2025-06-05 14:09:00,ASSAULT,ASSAULT incident reported in Northern Suburbs (Malad),Northern Suburbs (Malad),False,Northern Suburbs (Malad),19.169697960292336,72.86965692842318
"FIR No. 0282/2025, P.S. Andheri",2025-04-08 18:46:00,THEFT,THEFT incident reported in Western Suburbs (Andheri),Western Suburbs (Andheri),False,Western Suburbs (Andheri),19.09512227286803,72.85255392225847
"FIR No. 0139/2023, P.S. Bandra",2023-07-24 07:26:00,THEFT,THEFT incident reported in Western Suburbs (Bandra),Western Suburbs (Bandra),False,Western Suburbs (Bandra),19.09144183158447,72.83952761504841
85050450/2023,2023-08-06 12:56:00,BURGLARY,BURGLARY incident reported in Northern Suburbs (Malad),Northern Suburbs (Malad),False,Northern Suburbs (Malad),19.179698089965328,72.8558708812794
"FIR No. 0029/2026, P.S. Kurla",2026-04-23 11:19:00,THEFT,THEFT incident reported in Eastern Suburbs (Kurla),Eastern Suburbs (Kurla),False,Eastern Suburbs (Kurla),19.08649009794684,72.88952070763725
"FIR No. 0533/2025, P.S. Malad",2025-12-14 08:38:00,CYBER,CYBER incident reported in Northern Suburbs (Malad),Northern Suburbs (Malad),True,Northern Suburbs (Malad),19.18459444618568,72.84467539539699
"FIR No. 0199/2023, P.S. Andheri",2023-04-02 22:44:00,THEFT,THEFT incident reported in Western Suburbs (Andheri),Western Suburbs (Andheri),False,Western Suburbs (Andheri),19.13515404940195,72.83771625230406
88887838/2026,2026-08-26 07:32:00,ROBBERY,ROBBERY incident reported in Central Mumbai (Dadar),Central Mumbai (Dadar),False,Central Mumbai (Dadar),19.001366717762565,72.86710711873225
"FIR No. 0072/2024, P.S. Colaba/CST",2024-04-07 14:26:00,ASSAULT,ASSAULT incident reported in South Mumbai (Colaba/CST),South Mumbai (Colaba/CST),False,South Mumbai (Colaba/CST),18.937970810720486,72.8094608652326
"FIR No. 0089/2024, P.S. Colaba/CST",2024-11-09 20:03:00,THEFT,THEFT incident reported in South Mumbai (Colaba/CST),South Mumbai (Colaba/CST),False,South Mumbai (Colaba/CST),18.93326741109173,72.83752905353874
"FIR No. 0187/2025, P.S. Malad",2025-03-19 09:33:00,THEFT,THEFT incident reported in Northern Suburbs (Malad),Northern Suburbs (Malad),True,Northern Suburbs (Malad),19.18592460231936,72.85749444983635
"FIR No. 0260/2023, P.S. Colaba/CST",2023-11-20 17:58:00,BURGLARY,BURGLARY incident reported in South Mumbai (Colaba/CST),South Mumbai (Colaba/CST),True,South Mumbai (Colaba/CST),18.92760376877933,72.8171580413144
"FIR No. 0160/2023, P.S. Colaba/CST",2023-02-05 17:30:00,THEFT,THEFT incident reported in South Mumbai (Colaba/CST),South Mumbai (Colaba/CST),True,South Mumbai (Colaba/CST),18.93880087749157,72.8448718738682
81070327/2023,2023-01-04 23:53:00,THEFT,THEFT incident reported in Eastern Suburbs (Kurla),Eastern Suburbs (Kurla),False,Eastern Suburbs (Kurla),19.06574184954101,72.8680176643393
"FIR No. 0506/2023, P.S. Kurla",2023-07-24 18:41:00,ASSAULT,ASSAULT incident reported in Eastern Suburbs (Kurla),Eastern Suburbs (Kurla),False,Eastern Suburbs (Kurla),19.05111821635894,72.88061801977864
"FIR No. 0380/2025, P.S. Bandra",2025-05-02 17:25:00,OTHER,OTHER incident reported in Western Suburbs (Bandra),Western Suburbs (Bandra),False,Western Suburbs (Bandra),19.08208729231338,72.8326258034704
84322113/2025,2025-09-28 12:36:00,ROBBERY,ROBBERY incident reported in South Mumbai (Colaba/CST),South Mumbai (Colaba/CST),True,South Mumbai (Colaba/CST),18.921261296717063,72.8375966761919
"FIR No. 0161/2025, P.S. Malad",2025-03-10 21:29:00,THEFT,THEFT incident reported in Northern Suburbs (Malad),Northern Suburbs (Malad),False,Northern Suburbs (Malad),19.17216367224656,72.84161123101339
"FIR No. 0599/2024, P.S. Bandra",2024-10-28 11:58:00,BURGLARY,BURGLARY incident reported in Western Suburbs (Bandra),Western Suburbs (Bandra),False,Western Suburbs (Bandra),19.04162854150773,72.86938394179639
"FIR No. 0445/2025, P.S. Colaba/CST",2025-05-24 00:58:00,BURGLARY,BURGLARY incident reported in South Mumbai (Colaba/CST),South Mumbai (Colaba/CST),False,South Mumbai (Colaba/CST),18.931315534354592,72.82363725784145
"FIR No. 0089/2026, P.S. Andheri",2026-02-19 09:40:00,THEFT,THEFT incident reported in Western Suburbs (Andheri),Western Suburbs (Andheri),False,Western Suburbs (Andheri),19.135669006366168,72.86169916022104
"FIR No. 0137/2024, P.S. Colaba/CST",2024-11-19 08:13:00,ASSAULT,ASSAULT incident reported in South Mumbai (Colaba/CST),South Mumbai (Colaba/CST),False,South Mumbai (Colaba/CST),18.9370508850193,72.83002686446949
"FIR No. 0190/2024, P.S. Kurla",2024-06-08 00:05:00,ROBBERY,ROBBERY incident reported in Eastern Suburbs (Kurla),Eastern Suburbs (Kurla),True,Eastern Suburbs (Kurla),19.060467755074296,72.88603716360208
"FIR No. 0235/2023, P.S. Andheri",2023-04-22 08:27:00,THEFT,THEFT incident reported in Western Suburbs (Andheri),Western Suburbs (Andheri),False,Western Suburbs (Andheri),19.131850183158065,72.8633032298956
80269660/2024,2024-12-06 16:07:00,CYBER,CYBER incident reported in Eastern Suburbs (Kurla),Eastern Suburbs (Kurla),False,Eastern Suburbs (Kurla),19.10287394924756,72.86757990003255
"FIR No. 0633/2025, P.S. Andheri",2025-12-25 07:42:00,THEFT,THEFT incident reported in Western Suburbs (Andheri),Western Suburbs (Andheri),False,Western Suburbs (Andheri),19.11965937461844,72.83109769698213
"FIR No. 0512/2023, P.S. Colaba/CST",2023-06-04 16:13:00,THEFT,THEFT incident reported in South Mumbai (Colaba/CST),South Mumbai (Colaba/CST),False,South Mumbai (Colaba/CST),18.935512619216105,72.79916844875544
86106997/2026,2026-04-01 17:41:00,THEFT,THEFT incident reported in Western Suburbs (Bandra),Western Suburbs (Bandra),False,Western Suburbs (Bandra),19.06147851116297,72.83665967503624
"FIR No. 0133/2026, P.S. Dadar",2026-02-21 03:59:00,ASSAULT,ASSAULT incident reported in Central Mumbai (Dadar),Central Mumbai (Dadar),False,Central Mumbai (Dadar),18.999655856971987,72.82923641138566
"FIR No. 0644/2024, P.S. Colaba/CST",2024-10-06 14:59:00,OTHER,OTHER incident reported in South Mumbai (Colaba/CST),South Mumbai (Colaba/CST),False,South Mumbai (Colaba/CST),18.95022444898593,72.82038701346494
"FIR No. 0028/2024, P.S. Andheri",2024-08-14 10:19:00,THEFT,THEFT incident reported in Western Suburbs (Andheri),Western Suburbs (Andheri),False,Western Suburbs (Andheri),19.12351242435492,72.83057314445796
81593722/2024,2024-07-19 16:41:00,CYBER,CYBER incident reported in South Mumbai (Colaba/CST),South Mumbai (Colaba/CST),False,South Mumbai (Colaba/CST),18.96403894153073,72.84052122177953
"FIR No. 0439/2024, P.S. Colaba/CST",2024-12-09 20:42:00,ASSAULT,ASSAULT incident reported in South Mumbai (Colaba/CST),South Mumbai (Colaba/CST),False,South Mumbai (Colaba/CST),18.924957076599497,72.81369415974974
"FIR No. 0114/2024, P.S. Andheri",2024-02-19 02:48:00,ASSAULT,ASSAULT incident reported in Western Suburbs (Andheri),Western Suburbs (Andheri),True,Western Suburbs (Andheri),19.11823366327116,72.8643236327326
82367452/2023,2023-09-03 20:46:00,BURGLARY,BURGLARY incident reported in South Mumbai (Colaba/CST),South Mumbai (Colaba/CST),False,South Mumbai (Colaba/CST),18.93902701624434,72.8238360245476
"FIR No. 0466/2023, P.S. Colaba/CST",2023-11-25 02:44:00,ROBBERY,ROBBERY incident reported in South Mumbai (Colaba/CST),South Mumbai (Colaba/CST),False,South Mumbai (Colaba/CST),18.934298787009386,72.84992333208753
"FIR No. 0254/2024, P.S. Bandra",2024-04-21 17:39:00,THEFT,THEFT incident reported in Western Suburbs (Bandra),Western Suburbs (Bandra),False,Western Suburbs (Bandra),19.077911060221226,72.83512768254212
"FIR No. 0185/2025, P.S. Bandra",2025-10-20 06:55:00,CYBER,CYBER incident reported in Western Suburbs (Bandra),Western Suburbs (Bandra),False,Western Suburbs (Bandra),19.07254060688073,72.8497977771979
"FIR No. 0188/2023, P.S. Kurla",2023-04-01 19:40:00,BURGLARY,BURGLARY incident reported in Eastern Suburbs (Kurla),Eastern Suburbs (Kurla),False,Eastern Suburbs (Kurla),19.062148426856734,72.88855676985105
"FIR No. 0424/2024, P.S. Colaba/CST",2024-08-26 07:52:00,THEFT,THEFT incident reported in South Mumbai (Colaba/CST),South Mumbai (Colaba/CST),True,South Mumbai (Colaba/CST),18.94866439078273,72.8378938731304
"FIR No. 0103/2025, P.S. Bandra",2025-07-26 19:41:00,ASSAULT,ASSAULT incident reported in Western Suburbs (Bandra),Western Suburbs (Bandra),False,Western Suburbs (Bandra),19.055214970938536,72.81471248533475
"FIR No. 0050/2026, P.S. Malad",2026-03-30 15:23:00,ASSAULT,ASSAULT incident reported in Northern Suburbs (Malad),Northern Suburbs (Malad),True,Northern Suburbs (Malad),19.182535292833023,72.80555352254372
85720897/2024,2024-04-23 03:38:00,ROBBERY,ROBBERY incident reported in Western Suburbs (Andheri),Western Suburbs (Andheri),False,Western Suburbs (Andheri),19.096338956673783,72.86601028578464
"FIR No. 0303/2023, P.S. Bandra",2023-04-26 01:14:00,OTHER,OTHER incident reported in Western Suburbs (Bandra),Western Suburbs (Bandra),True,Western Suburbs (Bandra),19.07830302186406,72.81223961942291
"FIR No. 0838/2024, P.S. Kurla",2024-11-29 15:59:00,ASSAULT,ASSAULT incident reported in Eastern Suburbs (Kurla),Eastern Suburbs (Kurla),True,Eastern Suburbs (Kurla),19.08318035022033,72.86990489135049
"FIR No. 0883/2024, P.S. Andheri",2024-09-15 01:20:00,ASSAULT,ASSAULT incident reported in Western Suburbs (Andheri),Western Suburbs (Andheri),False,Western Suburbs (Andheri),19.11636033223361,72.84896979729241
"FIR No. 0018/2025, P.S. Colaba/CST",2025-01-08 08:30:00,ASSAULT,ASSAULT incident reported in South Mumbai (Colaba/CST),South Mumbai (Colaba/CST),True,South Mumbai (Colaba/CST),18.90680988888409,72.84160110011975
"FIR No. 0418/2025, P.S. Andheri",2025-12-17 16:50:00,THEFT,THEFT incident reported in Western Suburbs (Andheri),Western Suburbs (Andheri),True,Western Suburbs (Andheri),19.100534660561024,72.84915383436115
"FIR No. 0358/2023, P.S. Colaba/CST",2023-04-03 02:29:00,THEFT,THEFT incident reported in South Mumbai (Colaba/CST),South Mumbai (Colaba/CST),False,South Mumbai (Colaba/CST),18.92916438383565,72.82669224738079
87127650/2024,2024-04-24 21:01:00,THEFT,THEFT incident reported in Eastern Suburbs (Kurla),Eastern Suburbs (Kurla),False,Eastern Suburbs (Kurla),19.057836226248032,72.8730442400079
"FIR No. 0583/2023, P.S. Dadar",2023-08-28 11:07:00,ASSAULT,ASSAULT incident reported in Central Mumbai (Dadar),Central Mumbai (Dadar),False,Central Mumbai (Dadar),19.010872763184693,72.82611432185183
"FIR No. 0173/2025, P.S. Malad",2025-06-14 15:39:00,BURGLARY,BURGLARY incident reported in Northern Suburbs (Malad),Northern Suburbs (Malad),False,Northern Suburbs (Malad),19.191893772783217,72.85972735960618
"FIR No. 0204/2025, P.S. Malad",2025-03-25 16:16:00,CYBER,CYBER incident reported in Northern Suburbs (Malad),Northern Suburbs (Malad),True,Northern Suburbs (Malad),19.184424254239246,72.84720716943015
"FIR No. 0074/2025, P.S. Malad",2025-01-09 10:05:00,CYBER,CYBER incident reported in Northern Suburbs (Malad),Northern Suburbs (Malad),False,Northern Suburbs (Malad),19.18182088546618,72.87379702288378
"FIR No. 0109/2024, P.S. Dadar",2024-11-05 15:28:00,ROBBERY,ROBBERY incident reported in Central Mumbai (Dadar),Central Mumbai (Dadar),False,Central Mumbai (Dadar),19.02131268615001,72.87544641219552
"FIR No. 0631/2025, P.S. Bandra",2025-10-13 19:47:00,THEFT,THEFT incident reported in Western Suburbs (Bandra),Western Suburbs (Bandra),False,Western Suburbs (Bandra),19.08058837679076,72.83379447779106
"FIR No. 0023/2026, P.S. Colaba/CST",2026-05-03 18:52:00,THEFT,THEFT incident reported in South Mumbai (Colaba/CST),South Mumbai (Colaba/CST),False,South Mumbai (Colaba/CST),18.934922085890538,72.8197699284171
"FIR No. 0033/2025, P.S. Dadar",2025-08-20 05:12:00,THEFT,THEFT incident reported in Central Mumbai (Dadar),Central Mumbai (Dadar),True,Central Mumbai (Dadar),19.03446941981809,72.83091719034819
"FIR No. 0753/2024, P.S. Andheri",2024-11-21 18:16:00,ASSAULT,ASSAULT incident reported in Western Suburbs (Andheri),Western Suburbs (Andheri),False,Western Suburbs (Andheri),19.11031981197728,72.8512268703191
84372323/2025,2025-07-07 16:44:00,THEFT,THEFT incident reported in Central Mumbai (Dadar),Central Mumbai (Dadar),True,Central Mumbai (Dadar),19.03195434835266,72.84911509252545
"FIR No. 0065/2024, P.S. Kurla",2024-02-01 20:32:00,THEFT,THEFT incident reported in Eastern Suburbs (Kurla),Eastern Suburbs (Kurla),False,Eastern Suburbs (Kurla),19.07218516672165,72.87030465936235
82068988/2025,2025-01-09 11:25:00,THEFT,THEFT incident reported in Western Suburbs (Andheri),Western Suburbs (Andheri),True,Western Suburbs (Andheri),19.118444672205936,72.83618476128348
"FIR No. 0045/2026, P.S. Colaba/CST",2026-01-21 16:01:00,BURGLARY,BURGLARY incident reported in South Mumbai (Colaba/CST),South Mumbai (Colaba/CST),False,South Mumbai (Colaba/CST),18.949129408682943,72.82808634479034
"FIR No. 0050/2025, P.S. Dadar",2025-09-23 11:49:00,ROBBERY,ROBBERY incident reported in Central Mumbai (Dadar),Central Mumbai (Dadar),False,Central Mumbai (Dadar),19.025769604331938,72.8553164514036
"FIR No. 1062/2025, P.S. Bandra",2025-12-11 23:18:00,BURGLARY,BURGLARY incident reported in Western Suburbs (Bandra),Western Suburbs (Bandra),False,Western Suburbs (Bandra),19.058655093166063,72.85489094937047
"FIR No. 0064/2024, P.S. Colaba/CST",2024-03-19 06:14:00,ROBBERY,ROBBERY incident reported in South Mumbai (Colaba/CST),South Mumbai (Colaba/CST),False,South Mumbai (Colaba/CST),18.94072537775944,72.8226013146735
"FIR No. 0089/2025, P.S. Colaba/CST",2025-01-06 21:21:00,THEFT,THEFT incident reported in South Mumbai (Colaba/CST),South Mumbai (Colaba/CST),True,South Mumbai (Colaba/CST),18.926398802629723,72.83618060786335
88510432/2025,2025-07-05 07:23:00,THEFT,THEFT incident reported in Eastern Suburbs (Kurla),Eastern Suburbs (Kurla),False,Eastern Suburbs (Kurla),19.057884595856205,72.89512608507209
"FIR No. 0941/2023, P.S. Dadar",2023-12-06 18:58:00,THEFT,THEFT incident reported in Central Mumbai (Dadar),Central Mumbai (Dadar),False,Central Mumbai (Dadar),19.01248811885785,72.8632789002768
"FIR No. 0964/2023, P.S. Malad",2023-10-08 12:30:00,ASSAULT,ASSAULT incident reported in Northern Suburbs (Malad),Northern Suburbs (Malad),False,Northern Suburbs (Malad),19.190637155195112,72.84780753776764
"FIR No. 1085/2025, P.S. Dadar",2025-11-11 23:04:00,BURGLARY,BURGLARY incident reported in Central Mumbai (Dadar),Central Mumbai (Dadar),False,Central Mumbai (Dadar),19.01044798168557,72.86844028341245
"FIR No. 0029/2025, P.S. Dadar",2025-07-01 01:44:00,THEFT,THEFT incident reported in Central Mumbai (Dadar),Central Mumbai (Dadar),True,Central Mumbai (Dadar),19.01074115030692,72.81483783749295
"FIR No. 0385/2026, P.S. Dadar",2026-04-09 00:16:00,ASSAULT,ASSAULT incident reported in Central Mumbai (Dadar),Central Mumbai (Dadar),True,Central Mumbai (Dadar),19.03383333456477,72.8471690108937
84638830/2024,2024-11-07 09:11:00,ASSAULT,ASSAULT incident reported in Northern Suburbs (Malad),Northern Suburbs (Malad),False,Northern Suburbs (Malad),19.17056430472336,72.83571438311438
"FIR No. 0243/2024, P.S. Bandra",2024-09-26 01:39:00,THEFT,THEFT incident reported in Western Suburbs (Bandra),Western Suburbs (Bandra),False,Western Suburbs (Bandra),19.030592075479163,72.84487222225408
"FIR No. 0530/2023, P.S. Bandra",2023-10-28 00:07:00,BURGLARY,BURGLARY incident reported in Western Suburbs (Bandra),Western Suburbs (Bandra),True,Western Suburbs (Bandra),19.09003044073332,72.83292487851608
"FIR No. 0666/2025, P.S. Malad",2025-12-30 11:29:00,BURGLARY,BURGLARY incident reported in Northern Suburbs (Malad),Northern Suburbs (Malad),False,Northern Suburbs (Malad),19.19248399685648,72.83382372653013
"FIR No. 0271/2024, P.S. Kurla",2024-05-31 14:49:00,OTHER,OTHER incident reported in Eastern Suburbs (Kurla),Eastern Suburbs (Kurla),True,Eastern Suburbs (Kurla),19.06697706551392,72.88444465212649
"FIR No. 0350/2024, P.S. Colaba/CST",2024-11-19 16:10:00,THEFT,THEFT incident reported in South Mumbai (Colaba/CST),South Mumbai (Colaba/CST),False,South Mumbai (Colaba/CST),18.91538714352855,72.84039082057755
82949590/2023,2023-04-05 13:15:00,THEFT,THEFT incident reported in South Mumbai (Colaba/CST),South Mumbai (Colaba/CST),True,South Mumbai (Colaba/CST),18.902645363296067,72.85177351963357
"FIR No. 0124/2025, P.S. Colaba/CST",2025-03-16 17:37:00,ASSAULT,ASSAULT incident reported in South Mumbai (Colaba/CST),South Mumbai (Colaba/CST),False,South Mumbai (Colaba/CST),18.934786978072413,72.81099627295349
80692146/2026,2026-03-06 18:43:00,ROBBERY,ROBBERY incident reported in Northern Suburbs (Malad),Northern Suburbs (Malad),False,Northern Suburbs (Malad),19.158067518249425,72.86554578329603
"FIR No. 0286/2024, P.S. Bandra",2024-05-24 10:41:00,ROBBERY,ROBBERY incident reported in Western Suburbs (Bandra),Western Suburbs (Bandra),False,Western Suburbs (Bandra),19.073751848847845,72.81967574901165
81657217/2024,2024-03-30 11:53:00,ASSAULT,ASSAULT incident reported in Central Mumbai (Dadar),Central Mumbai (Dadar),False,Central Mumbai (Dadar),19.006278732636307,72.83984077258732
88121717/2024,2024-03-15 13:59:00,BURGLARY,BURGLARY incident reported in Western Suburbs (Bandra),Western Suburbs (Bandra),False,Western Suburbs (Bandra),19.058646146103094,72.82338053293128
"FIR No. 0048/2024, P.S. Colaba/CST",2024-02-27 19:33:00,ASSAULT,ASSAULT incident reported in South Mumbai (Colaba/CST),South Mumbai (Colaba/CST),True,South Mumbai (Colaba/CST),18.93522203280909,72.80761757928592
"FIR No. 0424/2023, P.S. Bandra",2023-04-22 10:03:00,BURGLARY,BURGLARY incident reported in Western Suburbs (Bandra),Western Suburbs (Bandra),False,Western Suburbs (Bandra),19.0680117852552,72.82457209265623
"FIR No. 0183/2023, P.S. Kurla",2023-04-03 12:01:00,ASSAULT,ASSAULT incident reported in Eastern Suburbs (Kurla),Eastern Suburbs (Kurla),False,Eastern Suburbs (Kurla),19.035715188938248,72.89276979469557
84256235/2023,2023-02-01 00:32:00,THEFT,THEFT incident reported in Western Suburbs (Bandra),Western Suburbs (Bandra),True,Western Suburbs (Bandra),19.05562351122068,72.8340665137484
"FIR No. 0060/2023, P.S. Kurla",2023-05-22 15:04:00,ASSAULT,ASSAULT incident reported in Eastern Suburbs (Kurla),Eastern Suburbs (Kurla),False,Eastern Suburbs (Kurla),19.06777607110764,72.8657637116945
85810351/2026,2026-03-01 10:13:00,ASSAULT,ASSAULT incident reported in Central Mumbai (Dadar),Central Mumbai (Dadar),False,Central Mumbai (Dadar),18.98121554819822,72.84265330997312
"FIR No. 0185/2023, P.S. Dadar",2023-07-27 15:23:00,THEFT,THEFT incident reported in Central Mumbai (Dadar),Central Mumbai (Dadar),False,Central Mumbai (Dadar),19.025821248800067,72.87261787958082
82544319/2025,2025-12-01 12:12:00,THEFT,THEFT incident reported in Western Suburbs (Bandra),Western Suburbs (Bandra),False,Western Suburbs (Bandra),19.051829298914868,72.83799667439929
"FIR No. 0153/2026, P.S. Colaba/CST",2026-02-21 01:58:00,THEFT,THEFT incident reported in South Mumbai (Colaba/CST),South Mumbai (Colaba/CST),False,South Mumbai (Colaba/CST),18.951037410975005,72.84655188794046
83073036/2024,2024-05-21 07:25:00,THEFT,THEFT incident reported in Eastern Suburbs (Kurla),Eastern Suburbs (Kurla),False,Eastern Suburbs (Kurla),19.07678794203153,72.87010013238698
"FIR No. 0715/2023, P.S. Colaba/CST",2023-12-21 09:35:00,CYBER,CYBER incident reported in South Mumbai (Colaba/CST),South Mumbai (Colaba/CST),False,South Mumbai (Colaba/CST),18.93320013908238,72.82610104183902
"FIR No. 0174/2024, P.S. Kurla",2024-04-02 08:18:00,BURGLARY,BURGLARY incident reported in Eastern Suburbs (Kurla),Eastern Suburbs (Kurla),False,Eastern Suburbs (Kurla),19.05990311386497,72.87185309173735
"FIR No. 0858/2023, P.S. Andheri",2023-12-21 14:49:00,CYBER,CYBER incident reported in Western Suburbs (Andheri),Western Suburbs (Andheri),False,Western Suburbs (Andheri),19.120488515859734,72.84186951035102
"FIR No. 0030/2024, P.S. Kurla",2024-12-26 03:59:00,BURGLARY,BURGLARY incident reported in Eastern Suburbs (Kurla),Eastern Suburbs (Kurla),False,Eastern Suburbs (Kurla),19.07665840089476,72.89041006738219
89230468/2026,2026-05-23 06:36:00,THEFT,THEFT incident reported in South Mumbai (Colaba/CST),South Mumbai (Colaba/CST),False,South Mumbai (Colaba/CST),18.93022170950527,72.82599259530986
"FIR No. 0032/2025, P.S. Bandra",2025-05-14 00:38:00,ROBBERY,ROBBERY incident reported in Western Suburbs (Bandra),Western Suburbs (Bandra),False,Western Suburbs (Bandra),19.049983235817027,72.83472358043254
"FIR No. 0375/2023, P.S. Colaba/CST",2023-05-08 13:51:00,ROBBERY,ROBBERY incident reported in South Mumbai (Colaba/CST),South Mumbai (Colaba/CST),False,South Mumbai (Colaba/CST),18.94113225628516,72.82293412434483
82707677/2025,2025-06-10 08:23:00,THEFT,THEFT incident reported in South Mumbai (Colaba/CST),South Mumbai (Colaba/CST),False,South Mumbai (Colaba/CST),18.96351482994041,72.82460778084746
84414781/2025,2025-03-11 17:10:00,THEFT,THEFT incident reported in Eastern Suburbs (Kurla),Eastern Suburbs (Kurla),False,Eastern Suburbs (Kurla),19.08813975392556,72.8684526466377
"FIR No. 0110/2023, P.S. Kurla",2023-02-26 06:35:00,CYBER,CYBER incident reported in Eastern Suburbs (Kurla),Eastern Suburbs (Kurla),True,Eastern Suburbs (Kurla),19.08223808189577,72.89973479685511
"FIR No. 0093/2024, P.S. Dadar",2024-03-10 11:43:00,ASSAULT,ASSAULT incident reported in Central Mumbai (Dadar),Central Mumbai (Dadar),False,Central Mumbai (Dadar),18.991950832941345,72.83346365600056
"FIR No. 0266/2025, P.S. Colaba/CST",2025-12-07 05:03:00,THEFT,THEFT incident reported in South Mumbai (Colaba/CST),South Mumbai (Colaba/CST),False,South Mumbai (Colaba/CST),18.89312656810282,72.85698333697283
"FIR No. 0014/2023, P.S. Dadar",2023-03-20 12:18:00,THEFT,THEFT incident reported in Central Mumbai (Dadar),Central Mumbai (Dadar),False,Central Mumbai (Dadar),19.00654463997752,72.84693639497696
"FIR No. 0225/2026, P.S. Colaba/CST",2026-04-16 07:47:00,ASSAULT,ASSAULT incident reported in South Mumbai (Colaba/CST),South Mumbai (Colaba/CST),False,South Mumbai (Colaba/CST),18.945767137534148,72.83348557503712
89192297/2026,2026-02-04 19:44:00,THEFT,THEFT incident reported in Western Suburbs (Bandra),Western Suburbs (Bandra),False,Western Suburbs (Bandra),19.07364394751253,72.81478489534646
"FIR No. 0106/2024, P.S. Andheri",2024-10-15 01:45:00,ASSAULT,ASSAULT incident reported in Western Suburbs (Andheri),Western Suburbs (Andheri),True,Western Suburbs (Andheri),19.12562089405012,72.8465343813874
"FIR No. 0404/2026, P.S. Bandra",2026-07-04 08:54:00,BURGLARY,BURGLARY incident reported in Western Suburbs (Bandra),Western Suburbs (Bandra),False,Western Suburbs (Bandra),19.08598220202216,72.83977471470888
"FIR No. 0008/2023, P.S. Colaba/CST",2023-05-05 01:15:00,ROBBERY,ROBBERY incident reported in South Mumbai (Colaba/CST),South Mumbai (Colaba/CST),True,South Mumbai (Colaba/CST),18.94649095187925,72.84451045016515
"FIR No. 0476/2024, P.S. Bandra",2024-11-22 02:47:00,ASSAULT,ASSAULT incident reported in Western Suburbs (Bandra),Western Suburbs (Bandra),False,Western Suburbs (Bandra),19.045565923920208,72.833705780111
81816881/2024,2024-03-25 21:40:00,THEFT,THEFT incident reported in Western Suburbs (Bandra),Western Suburbs (Bandra),True,Western Suburbs (Bandra),19.057411117037507,72.83661440749788
"FIR No. 0032/2023, P.S. Kurla",2023-03-15 04:53:00,THEFT,THEFT incident reported in Eastern Suburbs (Kurla),Eastern Suburbs (Kurla),True,Eastern Suburbs (Kurla),19.073281921870628,72.86971284900365
85404603/2026,2026-05-15 15:01:00,THEFT,THEFT incident reported in Western Suburbs (Bandra),Western Suburbs (Bandra),False,Western Suburbs (Bandra),19.02858433470324,72.82886962442878
"FIR No. 0095/2025, P.S. Andheri",2025-02-20 14:23:00,CYBER,CYBER incident reported in Western Suburbs (Andheri),Western Suburbs (Andheri),True,Western Suburbs (Andheri),19.10900708971868,72.83590373465178
84335910/2024,2024-07-04 18:04:00,THEFT,THEFT incident reported in Central Mumbai (Dadar),Central Mumbai (Dadar),False,Central Mumbai (Dadar),19.038844035589293,72.83126823313613
"FIR No. 0744/2023, P.S. Malad",2023-07-05 01:14:00,ASSAULT,ASSAULT incident reported in Northern Suburbs (Malad),Northern Suburbs (Malad),False,Northern Suburbs (Malad),19.137178809282243,72.84879622634145
"FIR No. 0050/2023, P.S. Bandra",2023-01-25 10:36:00,THEFT,THEFT incident reported in Western Suburbs (Bandra),Western Suburbs (Bandra),False,Western Suburbs (Bandra),19.070929153475404,72.86078141892958
"FIR No. 0020/2025, P.S. Andheri",2025-01-19 11:10:00,THEFT,THEFT incident reported in Western Suburbs (Andheri),Western Suburbs (Andheri),False,Western Suburbs (Andheri),19.132555386122128,72.83221794565225
89752712/2023,2023-04-26 07:01:00,ROBBERY,ROBBERY incident reported in Western Suburbs (Bandra),Western Suburbs (Bandra),False,Western Suburbs (Bandra),19.0950535038396,72.83515585108395
"FIR No. 0114/2025, P.S. Colaba/CST",2025-04-09 09:19:00,THEFT,THEFT incident reported in South Mumbai (Colaba/CST),South Mumbai (Colaba/CST),False,South Mumbai (Colaba/CST),18.936598742511688,72.8187033970345
"FIR No. 0043/2025, P.S. Colaba/CST",2025-12-21 23:33:00,ROBBERY,ROBBERY incident reported in South Mumbai (Colaba/CST),South Mumbai (Colaba/CST),False,South Mumbai (Colaba/CST),18.951221727456097,72.81621799824467
"FIR No. 0097/2025, P.S. Colaba/CST",2025-09-03 23:15:00,ASSAULT,ASSAULT incident reported in South Mumbai (Colaba/CST),South Mumbai (Colaba/CST),True,South Mumbai (Colaba/CST),18.94295423918931,72.86041450054196
"FIR No. 0200/2025, P.S. Andheri",2025-03-01 08:58:00,THEFT,THEFT incident reported in Western Suburbs (Andheri),Western Suburbs (Andheri),False,Western Suburbs (Andheri),19.12005823131089,72.87096582921863
"FIR No. 0072/2024, P.S. Colaba/CST",2024-06-02 10:32:00,ASSAULT,ASSAULT incident reported in South Mumbai (Colaba/CST),South Mumbai (Colaba/CST),False,South Mumbai (Colaba/CST),18.935350338572388,72.84382948038855
"FIR No. 0018/2024, P.S. Kurla",2024-02-05 09:29:00,THEFT,THEFT incident reported in Eastern Suburbs (Kurla),Eastern Suburbs (Kurla),True,Eastern Suburbs (Kurla),19.08884876428353,72.86829216976676
"FIR No. 0262/2024, P.S. Malad",2024-04-21 15:52:00,CYBER,CYBER incident reported in Northern Suburbs (Malad),Northern Suburbs (Malad),True,Northern Suburbs (Malad),19.15270794528173,72.86731244782575
"FIR No. 0563/2023, P.S. Colaba/CST",2023-12-28 08:17:00,THEFT,THEFT incident reported in South Mumbai (Colaba/CST),South Mumbai (Colaba/CST),True,South Mumbai (Colaba/CST),18.952240991450257,72.83955424473038
"FIR No. 0065/2023, P.S. Bandra",2023-06-13 21:08:00,BURGLARY,BURGLARY incident reported in Western Suburbs (Bandra),Western Suburbs (Bandra),False,Western Suburbs (Bandra),19.05861206546221,72.82530963482445
"FIR No. 0149/2024, P.S. Andheri",2024-09-09 03:58:00,THEFT,THEFT incident reported in Western Suburbs (Andheri),Western Suburbs (Andheri),True,Western Suburbs (Andheri),19.12380274673172,72.83085284628638
82995363/2024,2024-11-07 00:13:00,THEFT,THEFT incident reported in Western Suburbs (Bandra),Western Suburbs (Bandra),False,Western Suburbs (Bandra),19.040074825469173,72.83607179684793
"FIR No. 0039/2026, P.S. Malad",2026-01-04 09:54:00,ROBBERY,ROBBERY incident reported in Northern Suburbs (Malad),Northern Suburbs (Malad),False,Northern Suburbs (Malad),19.18638958977767,72.83806571327665
"FIR No. 0156/2026, P.S. Bandra",2026-05-24 13:30:00,THEFT,THEFT incident reported in Western Suburbs (Bandra),Western Suburbs (Bandra),True,Western Suburbs (Bandra),19.0755906439708,72.83678624729448
86937231/2025,2025-03-06 02:25:00,BURGLARY,BURGLARY incident reported in Western Suburbs (Bandra),Western Suburbs (Bandra),True,Western Suburbs (Bandra),19.056548925201863,72.83243171383205
"FIR No. 0028/2024, P.S. Colaba/CST",2024-02-05 20:28:00,BURGLARY,BURGLARY incident reported in South Mumbai (Colaba/CST),South Mumbai (Colaba/CST),False,South Mumbai (Colaba/CST),18.94537512644056,72.82615055308433
"FIR No. 0360/2024, P.S. Bandra",2024-03-21 11:04:00,BURGLARY,BURGLARY incident reported in Western Suburbs (Bandra),Western Suburbs (Bandra),False,Western Suburbs (Bandra),19.05533611688989,72.81396708412171
"FIR No. 0280/2025, P.S. Bandra",2025-08-28 09:13:00,THEFT,THEFT incident reported in Western Suburbs (Bandra),Western Suburbs (Bandra),True,Western Suburbs (Bandra),19.032972258280587,72.84289574181435
"FIR No. 0369/2023, P.S. Dadar",2023-05-14 13:44:00,THEFT,THEFT incident reported in Central Mumbai (Dadar),Central Mumbai (Dadar),False,Central Mumbai (Dadar),19.03920613738192,72.86164885932394
82450260/2025,2025-11-03 01:23:00,ASSAULT,ASSAULT incident reported in South Mumbai (Colaba/CST),South Mumbai (Colaba/CST),True,South Mumbai (Colaba/CST),18.945118842192183,72.8277205101367
"FIR No. 0435/2025, P.S. Colaba/CST",2025-05-09 03:00:00,THEFT,THEFT incident reported in South Mumbai (Colaba/CST),South Mumbai (Colaba/CST),False,South Mumbai (Colaba/CST),18.94124168593508,72.83468224950465
"FIR No. 0017/2025, P.S. Colaba/CST",2025-01-27 21:15:00,CYBER,CYBER incident reported in South Mumbai (Colaba/CST),South Mumbai (Colaba/CST),False,South Mumbai (Colaba/CST),18.920639086947435,72.82349603025438
"FIR No. 0138/2026, P.S. Colaba/CST",2026-02-06 18:43:00,OTHER,OTHER incident reported in South Mumbai (Colaba/CST),South Mumbai (Colaba/CST),False,South Mumbai (Colaba/CST),18.92119155197977,72.8500578375328
"FIR No. 0582/2025, P.S. Kurla",2025-09-23 04:49:00,THEFT,THEFT incident reported in Eastern Suburbs (Kurla),Eastern Suburbs (Kurla),False,Eastern Suburbs (Kurla),19.060064259572297,72.87720362697769
"FIR No. 0561/2025, P.S. Andheri",2025-09-19 19:29:00,ASSAULT,ASSAULT incident reported in Western Suburbs (Andheri),Western Suburbs (Andheri),True,Western Suburbs (Andheri),19.114401507343924,72.8178118972845
"FIR No. 0444/2025, P.S. Bandra",2025-07-19 05:50:00,BURGLARY,BURGLARY incident reported in Western Suburbs (Bandra),Western Suburbs (Bandra),False,Western Suburbs (Bandra),19.061734871214185,72.8577580709507
"FIR No. 0218/2023, P.S. Malad",2023-12-12 00:01:00,THEFT,THEFT incident reported in Northern Suburbs (Malad),Northern Suburbs (Malad),False,Northern Suburbs (Malad),19.19509512359816,72.83592144091804
85222870/2026,2026-08-22 17:03:00,ASSAULT,ASSAULT incident reported in South Mumbai (Colaba/CST),South Mumbai (Colaba/CST),False,South Mumbai (Colaba/CST),18.928776463759373,72.8263142895406
83209848/2023,2023-10-01 06:57:00,ASSAULT,ASSAULT incident reported in South Mumbai (Colaba/CST),South Mumbai (Colaba/CST),False,South Mumbai (Colaba/CST),18.92854408428317,72.82872181375221
"FIR No. 0234/2024, P.S. Kurla",2024-03-03 01:04:00,ROBBERY,ROBBERY incident reported in Eastern Suburbs (Kurla),Eastern Suburbs (Kurla),False,Eastern Suburbs (Kurla),19.04926716893473,72.89443574477966
"FIR No. 0724/2025, P.S. Colaba/CST",2025-10-13 18:07:00,ROBBERY,ROBBERY incident reported in South Mumbai (Colaba/CST),South Mumbai (Colaba/CST),True,South Mumbai (Colaba/CST),18.92022514614109,72.83994183424183
"FIR No. 0080/2023, P.S. Colaba/CST",2023-01-18 08:23:00,ASSAULT,ASSAULT incident reported in South Mumbai (Colaba/CST),South Mumbai (Colaba/CST),False,South Mumbai (Colaba/CST),18.953405988738293,72.80039501314961
84218152/2024,2024-08-13 04:15:00,THEFT,THEFT incident reported in Eastern Suburbs (Kurla),Eastern Suburbs (Kurla),False,Eastern Suburbs (Kurla),19.074505814854348,72.90283092792446
"FIR No. 0006/2026, P.S. Dadar",2026-04-10 04:15:00,ROBBERY,ROBBERY incident reported in Central Mumbai (Dadar),Central Mumbai (Dadar),False,Central Mumbai (Dadar),19.004589775923733,72.83960050199683
"FIR No. 0235/2023, P.S. Andheri",2023-06-02 22:27:00,CYBER,CYBER incident reported in Western Suburbs (Andheri),Western Suburbs (Andheri),False,Western Suburbs (Andheri),19.13358409208477,72.82945408206083
"FIR No. 0055/2023, P.S. Colaba/CST",2023-01-24 12:38:00,THEFT,THEFT incident reported in South Mumbai (Colaba/CST),South Mumbai (Colaba/CST),False,South Mumbai (Colaba/CST),18.92829423385446,72.85183433406803
"FIR No. 0380/2025, P.S. Bandra",2025-06-30 06:23:00,THEFT,THEFT incident reported in Western Suburbs (Bandra),Western Suburbs (Bandra),False,Western Suburbs (Bandra),19.054909680149795,72.82790070308864
"FIR No. 0361/2026, P.S. Andheri",2026-04-27 23:14:00,THEFT,THEFT incident reported in Western Suburbs (Andheri),Western Suburbs (Andheri),False,Western Suburbs (Andheri),19.117061893611407,72.84701306777175
"FIR No. 0409/2025, P.S. Bandra",2025-07-06 05:36:00,CYBER,CYBER incident reported in Western Suburbs (Bandra),Western Suburbs (Bandra),True,Western Suburbs (Bandra),19.05211402281621,72.8655716096314
86591842/2026,2026-04-04 11:49:00,ASSAULT,ASSAULT incident reported in Western Suburbs (Andheri),Western Suburbs (Andheri),False,Western Suburbs (Andheri),19.12712227261532,72.83691054249691
"FIR No. 0391/2023, P.S. Dadar",2023-05-09 19:38:00,THEFT,THEFT incident reported in Central Mumbai (Dadar),Central Mumbai (Dadar),False,Central Mumbai (Dadar),19.02887070129144,72.85914897227158
"FIR No. 0053/2026, P.S. Colaba/CST",2026-08-11 10:40:00,ASSAULT,ASSAULT incident reported in South Mumbai (Colaba/CST),South Mumbai (Colaba/CST),False,South Mumbai (Colaba/CST),18.926545666555352,72.81357773909347
"FIR No. 0750/2025, P.S. Andheri",2025-08-25 00:27:00,BURGLARY,BURGLARY incident reported in Western Suburbs (Andheri),Western Suburbs (Andheri),True,Western Suburbs (Andheri),19.12518019633904,72.82826659651698
"FIR No. 0081/2025, P.S. Colaba/CST",2025-02-14 18:52:00,ROBBERY,ROBBERY incident reported in South Mumbai (Colaba/CST),South Mumbai (Colaba/CST),False,South Mumbai (Colaba/CST),18.92419922054877,72.81345782463974
84794750/2024,2024-01-17 01:39:00,ASSAULT,ASSAULT incident reported in South Mumbai (Colaba/CST),South Mumbai (Colaba/CST),False,South Mumbai (Colaba/CST),18.93482562527956,72.84660376483112
89466179/2023,2023-01-23 17:53:00,ROBBERY,ROBBERY incident reported in Eastern Suburbs (Kurla),Eastern Suburbs (Kurla),True,Eastern Suburbs (Kurla),19.08366406691691,72.9042788967861
"FIR No. 0677/2025, P.S. Colaba/CST",2025-10-17 15:51:00,OTHER,OTHER incident reported in South Mumbai (Colaba/CST),South Mumbai (Colaba/CST),False,South Mumbai (Colaba/CST),18.955245679648737,72.84028533638413
"FIR No. 0298/2025, P.S. Bandra",2025-11-23 12:32:00,THEFT,THEFT incident reported in Western Suburbs (Bandra),Western Suburbs (Bandra),False,Western Suburbs (Bandra),19.051432139457155,72.80577350061303
"FIR No. 0528/2023, P.S. Kurla",2023-10-24 19:59:00,ASSAULT,ASSAULT incident reported in Eastern Suburbs (Kurla),Eastern Suburbs (Kurla),False,Eastern Suburbs (Kurla),19.07014748052475,72.90683197078604
88509950/2024,2024-07-16 07:00:00,ROBBERY,ROBBERY incident reported in Western Suburbs (Bandra),Western Suburbs (Bandra),True,Western Suburbs (Bandra),19.06073673576279,72.84117320934146
"FIR No. 0008/2025, P.S. Andheri",2025-01-26 11:54:00,ROBBERY,ROBBERY incident reported in Western Suburbs (Andheri),Western Suburbs (Andheri),False,Western Suburbs (Andheri),19.11986691581135,72.8176503858323
"FIR No. 0273/2025, P.S. Bandra",2025-12-20 18:47:00,THEFT,THEFT incident reported in Western Suburbs (Bandra),Western Suburbs (Bandra),False,Western Suburbs (Bandra),19.062325403583003,72.82466617533258
"FIR No. 0701/2024, P.S. Colaba/CST",2024-09-09 03:46:00,ROBBERY,ROBBERY incident reported in South Mumbai (Colaba/CST),South Mumbai (Colaba/CST),False,South Mumbai (Colaba/CST),18.925657802263707,72.85469024552441
"FIR No. 0585/2024, P.S. Malad",2024-10-10 17:44:00,ASSAULT,ASSAULT incident reported in Northern Suburbs (Malad),Northern Suburbs (Malad),False,Northern Suburbs (Malad),19.17668904336802,72.86838683098374
88456175/2024,2024-11-18 15:27:00,THEFT,THEFT incident reported in Western Suburbs (Andheri),Western Suburbs (Andheri),False,Western Suburbs (Andheri),19.12087918553496,72.86312539593337
"FIR No. 0591/2025, P.S. Bandra",2025-06-24 00:29:00,ASSAULT,ASSAULT incident reported in Western Suburbs (Bandra),Western Suburbs (Bandra),False,Western Suburbs (Bandra),19.063367226431048,72.8368430909911
84129621/2023,2023-01-04 20:23:00,ASSAULT,ASSAULT incident reported in Western Suburbs (Andheri),Western Suburbs (Andheri),False,Western Suburbs (Andheri),19.110359871461032,72.8478757501218
"FIR No. 0177/2023, P.S. Dadar",2023-03-04 11:55:00,BURGLARY,BURGLARY incident reported in Central Mumbai (Dadar),Central Mumbai (Dadar),False,Central Mumbai (Dadar),19.01410139774211,72.84838694421946
"FIR No. 0444/2025, P.S. Colaba/CST",2025-09-19 00:33:00,BURGLARY,BURGLARY incident reported in South Mumbai (Colaba/CST),South Mumbai (Colaba/CST),False,South Mumbai (Colaba/CST),18.96116638408689,72.84961126635727
"FIR No. 0050/2025, P.S. Bandra",2025-01-31 22:08:00,ASSAULT,ASSAULT incident reported in Western Suburbs (Bandra),Western Suburbs (Bandra),False,Western Suburbs (Bandra),19.07359730507585,72.83865104553664
86753437/2026,2026-07-12 00:11:00,THEFT,THEFT incident reported in Western Suburbs (Andheri),Western Suburbs (Andheri),True,Western Suburbs (Andheri),19.13560422898741,72.85028962332304
"FIR No. 0357/2025, P.S. Bandra",2025-05-25 11:59:00,THEFT,THEFT incident reported in Western Suburbs (Bandra),Western Suburbs (Bandra),False,Western Suburbs (Bandra),19.081631445265376,72.82222216239239
"FIR No. 0216/2023, P.S. Andheri",2023-05-18 08:55:00,ASSAULT,ASSAULT incident reported in Western Suburbs (Andheri),Western Suburbs (Andheri),False,Western Suburbs (Andheri),19.111274302894,72.83900523567998
"FIR No. 0052/2026, P.S. Andheri",2026-01-23 06:38:00,THEFT,THEFT incident reported in Western Suburbs (Andheri),Western Suburbs (Andheri),False,Western Suburbs (Andheri),19.110847962668124,72.84280842974695
"FIR No. 0077/2024, P.S. Andheri",2024-02-16 02:49:00,THEFT,THEFT incident reported in Western Suburbs (Andheri),Western Suburbs (Andheri),False,Western Suburbs (Andheri),19.096219256905343,72.87777617777549
"FIR No. 0363/2024, P.S. Kurla",2024-11-01 09:03:00,THEFT,THEFT incident reported in Eastern Suburbs (Kurla),Eastern Suburbs (Kurla),True,Eastern Suburbs (Kurla),19.072589350019868,72.87617256437522
"FIR No. 0329/2023, P.S. Bandra",2023-06-12 08:02:00,BURGLARY,BURGLARY incident reported in Western Suburbs (Bandra),Western Suburbs (Bandra),True,Western Suburbs (Bandra),19.051020038496983,72.85659408584766
83718598/2023,2023-08-21 17:22:00,THEFT,THEFT incident reported in Northern Suburbs (Malad),Northern Suburbs (Malad),False,Northern Suburbs (Malad),19.189147751967266,72.84667794407207
"FIR No. 0013/2026, P.S. Andheri",2026-04-24 14:25:00,THEFT,THEFT incident reported in Western Suburbs (Andheri),Western Suburbs (Andheri),True,Western Suburbs (Andheri),19.122168606899407,72.814155581259
"FIR No. 0175/2026, P.S. Bandra",2026-08-22 00:24:00,THEFT,THEFT incident reported in Western Suburbs (Bandra),Western Suburbs (Bandra),False,Western Suburbs (Bandra),19.05855232179611,72.8578724709245
"FIR No. 0422/2025, P.S. Bandra",2025-08-09 22:21:00,BURGLARY,BURGLARY incident reported in Western Suburbs (Bandra),Western Suburbs (Bandra),True,Western Suburbs (Bandra),19.04571208266413,72.82042545427967
"FIR No. 0309/2023, P.S. Dadar",2023-05-30 20:15:00,THEFT,THEFT incident reported in Central Mumbai (Dadar),Central Mumbai (Dadar),False,Central Mumbai (Dadar),19.01485896083386,72.83854169110909
"FIR No. 0168/2026, P.S. Bandra",2026-04-03 04:22:00,ROBBERY,ROBBERY incident reported in Western Suburbs (Bandra),Western Suburbs (Bandra),False,Western Suburbs (Bandra),19.08261507806592,72.84994017419682
"FIR No. 0357/2026, P.S. Andheri",2026-05-12 08:12:00,ROBBERY,ROBBERY incident reported in Western Suburbs (Andheri),Western Suburbs (Andheri),False,Western Suburbs (Andheri),19.14392579193874,72.85146295571036
"FIR No. 0073/2024, P.S. Dadar",2024-09-18 22:19:00,THEFT,THEFT incident reported in Central Mumbai (Dadar),Central Mumbai (Dadar),False,Central Mumbai (Dadar),19.045010400911327,72.85588749689336
"FIR No. 0218/2025, P.S. Andheri",2025-06-19 20:05:00,THEFT,THEFT incident reported in Western Suburbs (Andheri),Western Suburbs (Andheri),True,Western Suburbs (Andheri),19.07975403996764,72.82671648427396
"FIR No. 0526/2024, P.S. Andheri",2024-10-15 18:02:00,THEFT,THEFT incident reported in Western Suburbs (Andheri),Western Suburbs (Andheri),True,Western Suburbs (Andheri),19.09643798901813,72.88397331405244
"FIR No. 0132/2024, P.S. Colaba/CST",2024-09-03 23:10:00,ASSAULT,ASSAULT incident reported in South Mumbai (Colaba/CST),South Mumbai (Colaba/CST),False,South Mumbai (Colaba/CST),18.95082082509452,72.83016549006047
"FIR No. 0509/2026, P.S. Andheri",2026-08-23 08:51:00,ASSAULT,ASSAULT incident reported in Western Suburbs (Andheri),Western Suburbs (Andheri),False,Western Suburbs (Andheri),19.104043449574306,72.83528656381678
"FIR No. 0141/2026, P.S. Bandra",2026-05-23 02:47:00,THEFT,THEFT incident reported in Western Suburbs (Bandra),Western Suburbs (Bandra),False,Western Suburbs (Bandra),19.051264932801224,72.82427079884772
"FIR No. 0199/2023, P.S. Colaba/CST",2023-03-18 04:02:00,THEFT,THEFT incident reported in South Mumbai (Colaba/CST),South Mumbai (Colaba/CST),False,South Mumbai (Colaba/CST),18.96001464278829,72.84152809282493
"FIR No. 0028/2026, P.S. Colaba/CST",2026-03-19 22:57:00,OTHER,OTHER incident reported in South Mumbai (Colaba/CST),South Mumbai (Colaba/CST),False,South Mumbai (Colaba/CST),18.93456179181156,72.84471355865158
85705363/2026,2026-06-11 20:43:00,ROBBERY,ROBBERY incident reported in Northern Suburbs (Malad),Northern Suburbs (Malad),False,Northern Suburbs (Malad),19.17153828803242,72.86447030245078
"FIR No. 0384/2025, P.S. Colaba/CST",2025-12-11 03:41:00,THEFT,THEFT incident reported in South Mumbai (Colaba/CST),South Mumbai (Colaba/CST),True,South Mumbai (Colaba/CST),18.934255976732963,72.79925786665783
"FIR No. 0233/2025, P.S. Dadar",2025-04-27 05:45:00,THEFT,THEFT incident reported in Central Mumbai (Dadar),Central Mumbai (Dadar),False,Central Mumbai (Dadar),19.00358493415635,72.8463789349783
"FIR No. 0871/2023, P.S. Colaba/CST",2023-11-28 09:07:00,BURGLARY,BURGLARY incident reported in South Mumbai (Colaba/CST),South Mumbai (Colaba/CST),False,South Mumbai (Colaba/CST),18.928983246043195,72.85233682762727
"FIR No. 0008/2023, P.S. Colaba/CST",2023-02-27 01:07:00,THEFT,THEFT incident reported in South Mumbai (Colaba/CST),South Mumbai (Colaba/CST),True,South Mumbai (Colaba/CST),18.929795026766467,72.82849365016617
"FIR No. 0015/2024, P.S. Andheri",2024-02-25 02:07:00,THEFT,THEFT incident reported in Western Suburbs (Andheri),Western Suburbs (Andheri),False,Western Suburbs (Andheri),19.081013146395883,72.80191045955904
81262415/2023,2023-04-15 04:49:00,THEFT,THEFT incident reported in South Mumbai (Colaba/CST),South Mumbai (Colaba/CST),False,South Mumbai (Colaba/CST),18.911371626434743,72.85960047440265
86261513/2025,2025-09-28 19:36:00,ASSAULT,ASSAULT incident reported in Central Mumbai (Dadar),Central Mumbai (Dadar),False,Central Mumbai (Dadar),19.02139240396552,72.85191158572405
"FIR No. 0495/2024, P.S. Bandra",2024-10-21 23:37:00,ASSAULT,ASSAULT incident reported in Western Suburbs (Bandra),Western Suburbs (Bandra),True,Western Suburbs (Bandra),19.030192954172342,72.81969290752279
"FIR No. 0460/2024, P.S. Colaba/CST",2024-09-29 22:30:00,BURGLARY,BURGLARY incident reported in South Mumbai (Colaba/CST),South Mumbai (Colaba/CST),False,South Mumbai (Colaba/CST),18.907138109513284,72.83785534105189
"FIR No. 0047/2026, P.S. Dadar",2026-05-06 14:33:00,ASSAULT,ASSAULT incident reported in Central Mumbai (Dadar),Central Mumbai (Dadar),True,Central Mumbai (Dadar),19.014416421422187,72.8113336004715
"FIR No. 0036/2026, P.S. Bandra",2026-01-09 21:49:00,THEFT,THEFT incident reported in Western Suburbs (Bandra),Western Suburbs (Bandra),False,Western Suburbs (Bandra),19.05824405626104,72.84559678830315
"FIR No. 0203/2024, P.S. Colaba/CST",2024-05-31 18:35:00,ASSAULT,ASSAULT incident reported in South Mumbai (Colaba/CST),South Mumbai (Colaba/CST),True,South Mumbai (Colaba/CST),18.94531277406032,72.83475888257185
"FIR No. 0028/2024, P.S. Andheri",2024-01-09 19:18:00,THEFT,THEFT incident reported in Western Suburbs (Andheri),Western Suburbs (Andheri),False,Western Suburbs (Andheri),19.10430788307202,72.82649880015141
82474864/2024,2024-02-16 16:15:00,THEFT,THEFT incident reported in Western Suburbs (Andheri),Western Suburbs (Andheri),False,Western Suburbs (Andheri),19.12106036112917,72.83872178148921
"FIR No. 0237/2024, P.S. Colaba/CST",2024-04-15 12:54:00,ASSAULT,ASSAULT incident reported in South Mumbai (Colaba/CST),South Mumbai (Colaba/CST),False,South Mumbai (Colaba/CST),18.93459625992455,72.848373989395
"FIR No. 0102/2024, P.S. Colaba/CST",2024-04-10 15:09:00,THEFT,THEFT incident reported in South Mumbai (Colaba/CST),South Mumbai (Colaba/CST),False,South Mumbai (Colaba/CST),18.92775323244732,72.83995308981069
"FIR No. 0468/2024, P.S. Andheri",2024-07-18 10:51:00,BURGLARY,BURGLARY incident reported in Western Suburbs (Andheri),Western Suburbs (Andheri),False,Western Suburbs (Andheri),19.122362152992704,72.84086924259161
"FIR No. 0001/2026, P.S. Kurla",2026-07-27 02:32:00,THEFT,THEFT incident reported in Eastern Suburbs (Kurla),Eastern Suburbs (Kurla),False,Eastern Suburbs (Kurla),19.062191198712075,72.85388682020539
81505952/2026,2026-07-13 09:02:00,ROBBERY,ROBBERY incident reported in Western Suburbs (Bandra),Western Suburbs (Bandra),False,Western Suburbs (Bandra),19.084052634065195,72.82910857913956
"FIR No. 0047/2023, P.S. Kurla",2023-02-02 13:54:00,THEFT,THEFT incident reported in Eastern Suburbs (Kurla),Eastern Suburbs (Kurla),True,Eastern Suburbs (Kurla),19.052568770256297,72.88197838338779
89489466/2025,2025-12-14 16:34:00,THEFT,THEFT incident reported in Western Suburbs (Bandra),Western Suburbs (Bandra),False,Western Suburbs (Bandra),19.05486048648061,72.8217147847045
82941810/2024,2024-11-09 04:17:00,THEFT,THEFT incident reported in South Mumbai (Colaba/CST),South Mumbai (Colaba/CST),True,South Mumbai (Colaba/CST),18.9099906795625,72.82941960399452
"FIR No. 0077/2023, P.S. Kurla",2023-09-07 05:18:00,ASSAULT,ASSAULT incident reported in Eastern Suburbs (Kurla),Eastern Suburbs (Kurla),False,Eastern Suburbs (Kurla),19.08230557156568,72.86407090814303
"FIR No. 0402/2026, P.S. Dadar",2026-04-29 17:36:00,BURGLARY,BURGLARY incident reported in Central Mumbai (Dadar),Central Mumbai (Dadar),False,Central Mumbai (Dadar),19.013301589935526,72.81342693368495
"FIR No. 0212/2023, P.S. Malad",2023-04-19 06:53:00,OTHER,OTHER incident reported in Northern Suburbs (Malad),Northern Suburbs (Malad),True,Northern Suburbs (Malad),19.212011355520303,72.8397324252052
"FIR No. 0312/2023, P.S. Colaba/CST",2023-09-05 05:30:00,OTHER,OTHER incident reported in South Mumbai (Colaba/CST),South Mumbai (Colaba/CST),False,South Mumbai (Colaba/CST),18.95046625275588,72.8357029925308
"FIR No. 0521/2024, P.S. Kurla",2024-07-18 11:25:00,BURGLARY,BURGLARY incident reported in Eastern Suburbs (Kurla),Eastern Suburbs (Kurla),False,Eastern Suburbs (Kurla),19.067517967285607,72.89308571163748
"FIR No. 0312/2024, P.S. Andheri",2024-07-22 21:16:00,BURGLARY,BURGLARY incident reported in Western Suburbs (Andheri),Western Suburbs (Andheri),False,Western Suburbs (Andheri),19.101411386103983,72.84422341624703
"FIR No. 0027/2026, P.S. Colaba/CST",2026-01-03 10:30:00,ROBBERY,ROBBERY incident reported in South Mumbai (Colaba/CST),South Mumbai (Colaba/CST),True,South Mumbai (Colaba/CST),18.929465007565124,72.81274682076352
"FIR No. 0535/2023, P.S. Colaba/CST",2023-06-08 18:57:00,ASSAULT,ASSAULT incident reported in South Mumbai (Colaba/CST),South Mumbai (Colaba/CST),False,South Mumbai (Colaba/CST),18.949485607769844,72.8410028344575
80579836/2025,2025-01-03 16:02:00,ROBBERY,ROBBERY incident reported in South Mumbai (Colaba/CST),South Mumbai (Colaba/CST),False,South Mumbai (Colaba/CST),18.92876251575905,72.85152078173883
88656989/2026,2026-02-01 15:47:00,ASSAULT,ASSAULT incident reported in South Mumbai (Colaba/CST),South Mumbai (Colaba/CST),True,South Mumbai (Colaba/CST),18.915287971450333,72.83042869062622
"FIR No. 0083/2025, P.S. Bandra",2025-08-11 06:21:00,BURGLARY,BURGLARY incident reported in Western Suburbs (Bandra),Western Suburbs (Bandra),False,Western Suburbs (Bandra),19.07758036555484,72.83331321797746
"FIR No. 0501/2024, P.S. Bandra",2024-09-26 00:19:00,THEFT,THEFT incident reported in Western Suburbs (Bandra),Western Suburbs (Bandra),False,Western Suburbs (Bandra),19.05078925756973,72.82896448657606
"FIR No. 0069/2026, P.S. Malad",2026-05-25 13:52:00,ASSAULT,ASSAULT incident reported in Northern Suburbs (Malad),Northern Suburbs (Malad),False,Northern Suburbs (Malad),19.182815525293304,72.85267619337485
84089829/2024,2024-07-20 05:19:00,BURGLARY,BURGLARY incident reported in Western Suburbs (Bandra),Western Suburbs (Bandra),False,Western Suburbs (Bandra),19.00832755563047,72.8045081312042
"FIR No. 0726/2025, P.S. Dadar",2025-11-21 14:05:00,CYBER,CYBER incident reported in Central Mumbai (Dadar),Central Mumbai (Dadar),False,Central Mumbai (Dadar),18.9814076098312,72.84988696518255
"FIR No. 0160/2024, P.S. Dadar",2024-03-03 02:47:00,BURGLARY,BURGLARY incident reported in Central Mumbai (Dadar),Central Mumbai (Dadar),False,Central Mumbai (Dadar),19.011175853133675,72.86867347945793
"FIR No. 0146/2024, P.S. Kurla",2024-02-26 20:31:00,THEFT,THEFT incident reported in Eastern Suburbs (Kurla),Eastern Suburbs (Kurla),False,Eastern Suburbs (Kurla),19.06966331662107,72.89447104568087
"FIR No. 0126/2026, P.S. Colaba/CST",2026-08-09 13:52:00,THEFT,THEFT incident reported in South Mumbai (Colaba/CST),South Mumbai (Colaba/CST),False,South Mumbai (Colaba/CST),18.92517760132113,72.84423626147557
"FIR No. 0061/2025, P.S. Andheri",2025-01-16 07:13:00,CYBER,CYBER incident reported in Western Suburbs (Andheri),Western Suburbs (Andheri),False,Western Suburbs (Andheri),19.096254293442904,72.8449106454444
"FIR No. 0651/2023, P.S. Colaba/CST",2023-09-27 03:12:00,THEFT,THEFT incident reported in South Mumbai (Colaba/CST),South Mumbai (Colaba/CST),False,South Mumbai (Colaba/CST),18.941721276618548,72.8460876899165
"FIR No. 0456/2024, P.S. Bandra",2024-12-01 02:20:00,OTHER,OTHER incident reported in Western Suburbs (Bandra),Western Suburbs (Bandra),False,Western Suburbs (Bandra),19.06790905628845,72.85378311059733
"FIR No. 0373/2024, P.S. Colaba/CST",2024-05-09 16:20:00,THEFT,THEFT incident reported in South Mumbai (Colaba/CST),South Mumbai (Colaba/CST),False,South Mumbai (Colaba/CST),18.92911136087164,72.85393210975651
"FIR No. 0101/2024, P.S. Colaba/CST",2024-05-17 20:39:00,THEFT,THEFT incident reported in South Mumbai (Colaba/CST),South Mumbai (Colaba/CST),True,South Mumbai (Colaba/CST),18.896071782463604,72.83223628389686
"FIR No. 0155/2025, P.S. Kurla",2025-11-15 05:02:00,ASSAULT,ASSAULT incident reported in Eastern Suburbs (Kurla),Eastern Suburbs (Kurla),True,Eastern Suburbs (Kurla),19.04550285706549,72.86671413931668
"FIR No. 0417/2026, P.S. Colaba/CST",2026-08-03 21:45:00,THEFT,THEFT incident reported in South Mumbai (Colaba/CST),South Mumbai (Colaba/CST),False,South Mumbai (Colaba/CST),18.916259142700984,72.82004596600612
"FIR No. 0490/2024, P.S. Colaba/CST",2024-11-26 19:00:00,BURGLARY,BURGLARY incident reported in South Mumbai (Colaba/CST),South Mumbai (Colaba/CST),False,South Mumbai (Colaba/CST),18.96881462419982,72.82679155524558
"FIR No. 0103/2023, P.S. Colaba/CST",2023-01-04 16:46:00,THEFT,THEFT incident reported in South Mumbai (Colaba/CST),South Mumbai (Colaba/CST),False,South Mumbai (Colaba/CST),18.939767895075224,72.81850573020081
"FIR No. 0144/2026, P.S. Colaba/CST",2026-03-06 06:56:00,CYBER,CYBER incident reported in South Mumbai (Colaba/CST),South Mumbai (Colaba/CST),True,South Mumbai (Colaba/CST),18.9120086236896,72.81218318181415
"FIR No. 0016/2023, P.S. Colaba/CST",2023-04-19 11:40:00,THEFT,THEFT incident reported in South Mumbai (Colaba/CST),South Mumbai (Colaba/CST),True,South Mumbai (Colaba/CST),18.91041667290137,72.8427211891431
"FIR No. 0681/2025, P.S. Malad",2025-12-29 02:35:00,THEFT,THEFT incident reported in Northern Suburbs (Malad),Northern Suburbs (Malad),True,Northern Suburbs (Malad),19.16233564329829,72.84120510195024
"FIR No. 0790/2025, P.S. Andheri",2025-11-18 21:36:00,ASSAULT,ASSAULT incident reported in Western Suburbs (Andheri),Western Suburbs (Andheri),False,Western Suburbs (Andheri),19.12758127051936,72.84732236583251
84591673/2025,2025-11-01 07:47:00,THEFT,THEFT incident reported in Eastern Suburbs (Kurla),Eastern Suburbs (Kurla),True,Eastern Suburbs (Kurla),19.094787771964576,72.8598458320453
"FIR No. 0366/2023, P.S. Colaba/CST",2023-07-03 23:29:00,THEFT,THEFT incident reported in South Mumbai (Colaba/CST),South Mumbai (Colaba/CST),False,South Mumbai (Colaba/CST),18.951271824116905,72.81508968099236
"FIR No. 0255/2024, P.S. Colaba/CST",2024-07-13 01:16:00,THEFT,THEFT incident reported in South Mumbai (Colaba/CST),South Mumbai (Colaba/CST),False,South Mumbai (Colaba/CST),18.94660377716681,72.85298883323075
"FIR No. 0074/2026, P.S. Colaba/CST",2026-04-26 00:35:00,BURGLARY,BURGLARY incident reported in South Mumbai (Colaba/CST),South Mumbai (Colaba/CST),False,South Mumbai (Colaba/CST),18.94104997850964,72.84396595543049
"FIR No. 0101/2026, P.S. Bandra",2026-07-23 10:48:00,ASSAULT,ASSAULT incident reported in Western Suburbs (Bandra),Western Suburbs (Bandra),False,Western Suburbs (Bandra),19.06617581221341,72.83945449768466
88046681/2025,2025-12-02 16:31:00,OTHER,OTHER incident reported in Western Suburbs (Bandra),Western Suburbs (Bandra),True,Western Suburbs (Bandra),19.061534696343653,72.84648175262606
"FIR No. 0053/2025, P.S. Malad",2025-01-05 22:56:00,THEFT,THEFT incident reported in Northern Suburbs (Malad),Northern Suburbs (Malad),False,Northern Suburbs (Malad),19.155430341300864,72.82845583203951
"FIR No. 0253/2024, P.S. Colaba/CST",2024-12-26 10:29:00,THEFT,THEFT incident reported in South Mumbai (Colaba/CST),South Mumbai (Colaba/CST),False,South Mumbai (Colaba/CST),18.94228377549796,72.85334218969459
"FIR No. 0155/2025, P.S. Kurla",2025-04-23 17:48:00,ASSAULT,ASSAULT incident reported in Eastern Suburbs (Kurla),Eastern Suburbs (Kurla),False,Eastern Suburbs (Kurla),19.07818474422908,72.88925338758997
"FIR No. 0316/2023, P.S. Dadar",2023-06-16 18:24:00,ROBBERY,ROBBERY incident reported in Central Mumbai (Dadar),Central Mumbai (Dadar),False,Central Mumbai (Dadar),19.009573188985467,72.83575635073996
"FIR No. 0313/2023, P.S. Andheri",2023-06-11 22:37:00,BURGLARY,BURGLARY incident reported in Western Suburbs (Andheri),Western Suburbs (Andheri),False,Western Suburbs (Andheri),19.13946698515916,72.83643365385211
"FIR No. 0198/2023, P.S. Colaba/CST",2023-03-03 04:13:00,THEFT,THEFT incident reported in South Mumbai (Colaba/CST),South Mumbai (Colaba/CST),False,South Mumbai (Colaba/CST),18.92792887886712,72.85943845536333
"FIR No. 0341/2025, P.S. Colaba/CST",2025-10-12 01:06:00,BURGLARY,BURGLARY incident reported in South Mumbai (Colaba/CST),South Mumbai (Colaba/CST),True,South Mumbai (Colaba/CST),18.91605337206277,72.82669956610101
83705631/2025,2025-10-24 11:44:00,BURGLARY,BURGLARY incident reported in Northern Suburbs (Malad),Northern Suburbs (Malad),True,Northern Suburbs (Malad),19.188828602205582,72.82490454711845
"FIR No. 0207/2023, P.S. Kurla",2023-02-03 21:11:00,THEFT,THEFT incident reported in Eastern Suburbs (Kurla),Eastern Suburbs (Kurla),False,Eastern Suburbs (Kurla),19.05170320331466,72.88915643124635
"FIR No. 0537/2024, P.S. Kurla",2024-06-07 06:39:00,OTHER,OTHER incident reported in Eastern Suburbs (Kurla),Eastern Suburbs (Kurla),True,Eastern Suburbs (Kurla),19.07145380684998,72.87109611174868
"FIR No. 0046/2025, P.S. Andheri",2025-11-10 19:23:00,THEFT,THEFT incident reported in Western Suburbs (Andheri),Western Suburbs (Andheri),False,Western Suburbs (Andheri),19.1303000224726,72.87194163785979
82589901/2023,2023-02-20 18:39:00,OTHER,OTHER incident reported in Western Suburbs (Bandra),Western Suburbs (Bandra),False,Western Suburbs (Bandra),19.074435653219624,72.85169265131748
"FIR No. 0034/2024, P.S. Kurla",2024-03-26 19:17:00,ASSAULT,ASSAULT incident reported in Eastern Suburbs (Kurla),Eastern Suburbs (Kurla),True,Eastern Suburbs (Kurla),19.081675242608966,72.89788762405787
"FIR No. 0371/2025, P.S. Andheri",2025-06-09 01:10:00,ROBBERY,ROBBERY incident reported in Western Suburbs (Andheri),Western Suburbs (Andheri),True,Western Suburbs (Andheri),19.09180024353522,72.82939166968953
"FIR No. 0013/2025, P.S. Bandra",2025-12-30 21:41:00,THEFT,THEFT incident reported in Western Suburbs (Bandra),Western Suburbs (Bandra),False,Western Suburbs (Bandra),19.0666955718391,72.84840660495529
"FIR No. 0803/2024, P.S. Colaba/CST",2024-10-08 02:30:00,CYBER,CYBER incident reported in South Mumbai (Colaba/CST),South Mumbai (Colaba/CST),False,South Mumbai (Colaba/CST),18.92827921418534,72.81004736807597
"FIR No. 0082/2025, P.S. Andheri",2025-03-01 04:17:00,THEFT,THEFT incident reported in Western Suburbs (Andheri),Western Suburbs (Andheri),False,Western Suburbs (Andheri),19.142241647250376,72.83510193421473
"FIR No. 0496/2025, P.S. Bandra",2025-07-13 00:11:00,ASSAULT,ASSAULT incident reported in Western Suburbs (Bandra),Western Suburbs (Bandra),False,Western Suburbs (Bandra),19.068777614360584,72.84902241559028
"FIR No. 0002/2023, P.S. Bandra",2023-01-08 13:34:00,OTHER,OTHER incident reported in Western Suburbs (Bandra),Western Suburbs (Bandra),False,Western Suburbs (Bandra),19.070247463273866,72.83384277781265
"FIR No. 0302/2025, P.S. Malad",2025-04-03 22:45:00,CYBER,CYBER incident reported in Northern Suburbs (Malad),Northern Suburbs (Malad),False,Northern Suburbs (Malad),19.17802961630572,72.87725977741312
"FIR No. 0394/2025, P.S. Bandra",2025-04-26 16:59:00,OTHER,OTHER incident reported in Western Suburbs (Bandra),Western Suburbs (Bandra),True,Western Suburbs (Bandra),19.08170842978416,72.84484329863558
"FIR No. 0083/2024, P.S. Bandra",2024-10-04 16:59:00,ROBBERY,ROBBERY incident reported in Western Suburbs (Bandra),Western Suburbs (Bandra),False,Western Suburbs (Bandra),19.044831175147014,72.84768273550175
"FIR No. 1006/2025, P.S. Kurla",2025-10-02 13:22:00,ROBBERY,ROBBERY incident reported in Eastern Suburbs (Kurla),Eastern Suburbs (Kurla),True,Eastern Suburbs (Kurla),19.04770060274889,72.87883574784914
"FIR No. 0269/2025, P.S. Colaba/CST",2025-07-24 01:37:00,THEFT,THEFT incident reported in South Mumbai (Colaba/CST),South Mumbai (Colaba/CST),False,South Mumbai (Colaba/CST),18.93917730592188,72.82280995160276
"FIR No. 0128/2024, P.S. Malad",2024-07-09 21:29:00,THEFT,THEFT incident reported in Northern Suburbs (Malad),Northern Suburbs (Malad),True,Northern Suburbs (Malad),19.182561385334164,72.81969968174607
85151367/2023,2023-03-10 06:59:00,BURGLARY,BURGLARY incident reported in Western Suburbs (Andheri),Western Suburbs (Andheri),False,Western Suburbs (Andheri),19.113550089550497,72.8630742344901
"FIR No. 0261/2024, P.S. Andheri",2024-11-07 05:29:00,THEFT,THEFT incident reported in Western Suburbs (Andheri),Western Suburbs (Andheri),True,Western Suburbs (Andheri),19.137509233381905,72.82680415393138
83951747/2025,2025-02-17 11:36:00,THEFT,THEFT incident reported in South Mumbai (Colaba/CST),South Mumbai (Colaba/CST),False,South Mumbai (Colaba/CST),18.935786455386683,72.83561290402945
"FIR No. 0098/2025, P.S. Bandra",2025-05-28 00:47:00,THEFT,THEFT incident reported in Western Suburbs (Bandra),Western Suburbs (Bandra),False,Western Suburbs (Bandra),19.04456278267686,72.84260284166716
"FIR No. 0120/2023, P.S. Colaba/CST",2023-12-10 22:34:00,THEFT,THEFT incident reported in South Mumbai (Colaba/CST),South Mumbai (Colaba/CST),False,South Mumbai (Colaba/CST),18.93163639610148,72.81774439675495
"FIR No. 0463/2024, P.S. Colaba/CST",2024-06-30 03:19:00,THEFT,THEFT incident reported in South Mumbai (Colaba/CST),South Mumbai (Colaba/CST),False,South Mumbai (Colaba/CST),18.952843430148736,72.80826248258487
"FIR No. 0547/2024, P.S. Malad",2024-12-12 11:49:00,ROBBERY,ROBBERY incident reported in Northern Suburbs (Malad),Northern Suburbs (Malad),True,Northern Suburbs (Malad),19.17609304450737,72.88579131761196
"FIR No. 0273/2023, P.S. Andheri",2023-12-07 03:49:00,THEFT,THEFT incident reported in Western Suburbs (Andheri),Western Suburbs (Andheri),False,Western Suburbs (Andheri),19.10103200101428,72.81829914501192
"FIR No. 0086/2024, P.S. Andheri",2024-07-21 00:20:00,ROBBERY,ROBBERY incident reported in Western Suburbs (Andheri),Western Suburbs (Andheri),False,Western Suburbs (Andheri),19.091918078905152,72.8555205490623
"FIR No. 0243/2024, P.S. Bandra",2024-11-22 23:42:00,THEFT,THEFT incident reported in Western Suburbs (Bandra),Western Suburbs (Bandra),True,Western Suburbs (Bandra),19.06846011523791,72.83806207355958
88710191/2024,2024-06-30 19:44:00,ASSAULT,ASSAULT incident reported in Western Suburbs (Andheri),Western Suburbs (Andheri),True,Western Suburbs (Andheri),19.12644800645623,72.84979486064402
"FIR No. 0086/2025, P.S. Andheri",2025-06-02 05:57:00,CYBER,CYBER incident reported in Western Suburbs (Andheri),Western Suburbs (Andheri),True,Western Suburbs (Andheri),19.11754754070346,72.8219260784778
"FIR No. 0521/2024, P.S. Kurla",2024-12-03 21:06:00,CYBER,CYBER incident reported in Eastern Suburbs (Kurla),Eastern Suburbs (Kurla),False,Eastern Suburbs (Kurla),19.07541786017997,72.85651950154444
84488093/2024,2024-10-15 01:58:00,THEFT,THEFT incident reported in Central Mumbai (Dadar),Central Mumbai (Dadar),False,Central Mumbai (Dadar),19.017241401742087,72.84976439471622
85817451/2023,2023-08-31 15:57:00,ROBBERY,ROBBERY incident reported in Western Suburbs (Andheri),Western Suburbs (Andheri),False,Western Suburbs (Andheri),19.13274963245353,72.8518617281442
"FIR No. 0381/2026, P.S. Colaba/CST",2026-08-27 08:59:00,OTHER,OTHER incident reported in South Mumbai (Colaba/CST),South Mumbai (Colaba/CST),False,South Mumbai (Colaba/CST),18.92492363451074,72.84165977203942
"FIR No. 0184/2024, P.S. Andheri",2024-06-27 15:36:00,ASSAULT,ASSAULT incident reported in Western Suburbs (Andheri),Western Suburbs (Andheri),False,Western Suburbs (Andheri),19.106265398432875,72.84466563102781
"FIR No. 0217/2025, P.S. Dadar",2025-11-23 09:27:00,ROBBERY,ROBBERY incident reported in Central Mumbai (Dadar),Central Mumbai (Dadar),True,Central Mumbai (Dadar),18.98475578384661,72.84231245929463
"FIR No. 0600/2025, P.S. Dadar",2025-10-10 16:19:00,THEFT,THEFT incident reported in Central Mumbai (Dadar),Central Mumbai (Dadar),False,Central Mumbai (Dadar),19.015029466165785,72.84250670137278
"FIR No. 0552/2025, P.S. Colaba/CST",2025-05-08 16:44:00,ASSAULT,ASSAULT incident reported in South Mumbai (Colaba/CST),South Mumbai (Colaba/CST),False,South Mumbai (Colaba/CST),18.93580514737548,72.81449198974653
"FIR No. 0559/2023, P.S. Bandra",2023-09-03 08:08:00,BURGLARY,BURGLARY incident reported in Western Suburbs (Bandra),Western Suburbs (Bandra),False,Western Suburbs (Bandra),19.053892014165207,72.83148179778252
"FIR No. 0738/2023, P.S. Colaba/CST",2023-12-14 17:54:00,CYBER,CYBER incident reported in South Mumbai (Colaba/CST),South Mumbai (Colaba/CST),False,South Mumbai (Colaba/CST),18.934881684680576,72.83781909080261
"FIR No. 0670/2024, P.S. Colaba/CST",2024-10-14 22:39:00,THEFT,THEFT incident reported in South Mumbai (Colaba/CST),South Mumbai (Colaba/CST),False,South Mumbai (Colaba/CST),18.918670996848853,72.8268632172755
80291690/2024,2024-07-29 06:01:00,ASSAULT,ASSAULT incident reported in South Mumbai (Colaba/CST),South Mumbai (Colaba/CST),True,South Mumbai (Colaba/CST),18.927788610863143,72.83356430559654
"FIR No. 0219/2026, P.S. Colaba/CST",2026-05-14 04:08:00,ROBBERY,ROBBERY incident reported in South Mumbai (Colaba/CST),South Mumbai (Colaba/CST),False,South Mumbai (Colaba/CST),18.93872732904073,72.84495005327813
"FIR No. 0399/2024, P.S. Dadar",2024-07-29 17:23:00,THEFT,THEFT incident reported in Central Mumbai (Dadar),Central Mumbai (Dadar),True,Central Mumbai (Dadar),19.03832138334545,72.86416998083787
82810941/2026,2026-03-05 15:15:00,THEFT,THEFT incident reported in Western Suburbs (Andheri),Western Suburbs (Andheri),True,Western Suburbs (Andheri),19.121656293593897,72.83600485754972
80950258/2025,2025-04-24 06:12:00,CYBER,CYBER incident reported in Eastern Suburbs (Kurla),Eastern Suburbs (Kurla),False,Eastern Suburbs (Kurla),19.0585098288636,72.89736800162322
"FIR No. 0146/2026, P.S. Malad",2026-03-23 00:41:00,THEFT,THEFT incident reported in Northern Suburbs (Malad),Northern Suburbs (Malad),False,Northern Suburbs (Malad),19.151563097939327,72.83171076700546
"FIR No. 0132/2024, P.S. Bandra",2024-08-22 00:36:00,CYBER,CYBER incident reported in Western Suburbs (Bandra),Western Suburbs (Bandra),False,Western Suburbs (Bandra),19.08172973583552,72.85564073110574
"FIR No. 0002/2025, P.S. Colaba/CST",2025-02-04 23:37:00,BURGLARY,BURGLARY incident reported in South Mumbai (Colaba/CST),South Mumbai (Colaba/CST),True,South Mumbai (Colaba/CST),18.91469268893173,72.81268158240375
83620281/2023,2023-07-24 04:42:00,BURGLARY,BURGLARY incident reported in Eastern Suburbs (Kurla),Eastern Suburbs (Kurla),False,Eastern Suburbs (Kurla),19.095999205698533,72.86683858852098
84363208/2026,2026-04-20 03:41:00,ASSAULT,ASSAULT incident reported in Northern Suburbs (Malad),Northern Suburbs (Malad),True,Northern Suburbs (Malad),19.146171572031925,72.82338440221893
"FIR No. 0001/2025, P.S. Bandra",2025-01-23 03:41:00,THEFT,THEFT incident reported in Western Suburbs (Bandra),Western Suburbs (Bandra),False,Western Suburbs (Bandra),19.05408733682444,72.80212235774877
"FIR No. 0293/2025, P.S. Bandra",2025-04-04 22:16:00,THEFT,THEFT incident reported in Western Suburbs (Bandra),Western Suburbs (Bandra),False,Western Suburbs (Bandra),19.07569142046572,72.81873694001841
"FIR No. 0086/2026, P.S. Colaba/CST",2026-01-20 23:29:00,THEFT,THEFT incident reported in South Mumbai (Colaba/CST),South Mumbai (Colaba/CST),True,South Mumbai (Colaba/CST),18.93899059662056,72.8332746409986
"FIR No. 0215/2024, P.S. Kurla",2024-11-26 01:53:00,CYBER,CYBER incident reported in Eastern Suburbs (Kurla),Eastern Suburbs (Kurla),False,Eastern Suburbs (Kurla),19.05724503007341,72.90305374716792
"FIR No. 0038/2025, P.S. Bandra",2025-02-27 03:12:00,THEFT,THEFT incident reported in Western Suburbs (Bandra),Western Suburbs (Bandra),False,Western Suburbs (Bandra),19.06548731248707,72.84697665987463
81009029/2026,2026-04-17 10:53:00,THEFT,THEFT incident reported in Western Suburbs (Andheri),Western Suburbs (Andheri),True,Western Suburbs (Andheri),19.10786961646236,72.86175215444086
"FIR No. 0317/2024, P.S. Bandra",2024-04-23 19:08:00,ROBBERY,ROBBERY incident reported in Western Suburbs (Bandra),Western Suburbs (Bandra),False,Western Suburbs (Bandra),19.06861471941848,72.8671931841586
"FIR No. 0003/2025, P.S. Colaba/CST",2025-01-27 17:54:00,BURGLARY,BURGLARY incident reported in South Mumbai (Colaba/CST),South Mumbai (Colaba/CST),False,South Mumbai (Colaba/CST),18.90513107017736,72.8437697594438
"FIR No. 0455/2025, P.S. Colaba/CST",2025-07-03 08:07:00,BURGLARY,BURGLARY incident reported in South Mumbai (Colaba/CST),South Mumbai (Colaba/CST),False,South Mumbai (Colaba/CST),18.95296083722035,72.83252462778782
89067588/2026,2026-05-18 19:58:00,THEFT,THEFT incident reported in South Mumbai (Colaba/CST),South Mumbai (Colaba/CST),False,South Mumbai (Colaba/CST),18.940978246948223,72.84016622121217
"FIR No. 0097/2026, P.S. Colaba/CST",2026-01-17 23:30:00,ROBBERY,ROBBERY incident reported in South Mumbai (Colaba/CST),South Mumbai (Colaba/CST),False,South Mumbai (Colaba/CST),18.923780614635845,72.82907490993233
"FIR No. 0671/2024, P.S. Bandra",2024-09-13 07:10:00,OTHER,OTHER incident reported in Western Suburbs (Bandra),Western Suburbs (Bandra),True,Western Suburbs (Bandra),19.04621766706789,72.82436196190227
84118526/2025,2025-12-24 07:03:00,BURGLARY,BURGLARY incident reported in Northern Suburbs (Malad),Northern Suburbs (Malad),False,Northern Suburbs (Malad),19.20073908818292,72.81151625209408
"FIR No. 0005/2024, P.S. Kurla",2024-01-12 00:25:00,THEFT,THEFT incident reported in Eastern Suburbs (Kurla),Eastern Suburbs (Kurla),False,Eastern Suburbs (Kurla),19.08510875703171,72.87235231155489
"FIR No. 0813/2023, P.S. Bandra",2023-11-09 11:04:00,CYBER,CYBER incident reported in Western Suburbs (Bandra),Western Suburbs (Bandra),True,Western Suburbs (Bandra),19.041172608882764,72.83262212338346
"FIR No. 0041/2024, P.S. Dadar",2024-04-05 11:11:00,CYBER,CYBER incident reported in Central Mumbai (Dadar),Central Mumbai (Dadar),False,Central Mumbai (Dadar),19.015038305656084,72.84456248402549
"FIR No. 0267/2025, P.S. Malad",2025-06-29 14:15:00,ASSAULT,ASSAULT incident reported in Northern Suburbs (Malad),Northern Suburbs (Malad),False,Northern Suburbs (Malad),19.19496455290447,72.85906870172415
"FIR No. 0039/2024, P.S. Bandra",2024-01-17 23:31:00,ASSAULT,ASSAULT incident reported in Western Suburbs (Bandra),Western Suburbs (Bandra),True,Western Suburbs (Bandra),19.05481274715769,72.82834562129875
"FIR No. 0496/2024, P.S. Colaba/CST",2024-10-10 02:53:00,THEFT,THEFT incident reported in South Mumbai (Colaba/CST),South Mumbai (Colaba/CST),False,South Mumbai (Colaba/CST),18.94394929242003,72.81808163569555
"FIR No. 0375/2024, P.S. Malad",2024-05-05 01:37:00,BURGLARY,BURGLARY incident reported in Northern Suburbs (Malad),Northern Suburbs (Malad),False,Northern Suburbs (Malad),19.1564758915102,72.85144126650839
"FIR No. 0096/2025, P.S. Colaba/CST",2025-06-21 05:55:00,CYBER,CYBER incident reported in South Mumbai (Colaba/CST),South Mumbai (Colaba/CST),False,South Mumbai (Colaba/CST),18.91496951946724,72.80278626164767
"FIR No. 0158/2025, P.S. Colaba/CST",2025-03-17 16:28:00,ROBBERY,ROBBERY incident reported in South Mumbai (Colaba/CST),South Mumbai (Colaba/CST),False,South Mumbai (Colaba/CST),18.92256020773437,72.838578368359
"FIR No. 0504/2023, P.S. Kurla",2023-07-25 18:04:00,THEFT,THEFT incident reported in Eastern Suburbs (Kurla),Eastern Suburbs (Kurla),False,Eastern Suburbs (Kurla),19.059961227601413,72.89479115097551
"FIR No. 0146/2023, P.S. Andheri",2023-02-24 10:37:00,ASSAULT,ASSAULT incident reported in Western Suburbs (Andheri),Western Suburbs (Andheri),False,Western Suburbs (Andheri),19.11909945705349,72.84980791788057
"FIR No. 0408/2024, P.S. Kurla",2024-07-03 16:01:00,ROBBERY,ROBBERY incident reported in Eastern Suburbs (Kurla),Eastern Suburbs (Kurla),False,Eastern Suburbs (Kurla),19.087060122651863,72.88019014606166
88389297/2024,2024-03-10 15:18:00,ASSAULT,ASSAULT incident reported in Eastern Suburbs (Kurla),Eastern Suburbs (Kurla),False,Eastern Suburbs (Kurla),19.08560881709805,72.8798718597725
"FIR No. 0084/2023, P.S. Andheri",2023-04-14 16:26:00,ASSAULT,ASSAULT incident reported in Western Suburbs (Andheri),Western Suburbs (Andheri),False,Western Suburbs (Andheri),19.119517773033525,72.83835995663154
"FIR No. 0119/2024, P.S. Malad",2024-04-02 03:39:00,BURGLARY,BURGLARY incident reported in Northern Suburbs (Malad),Northern Suburbs (Malad),False,Northern Suburbs (Malad),19.172394569383325,72.83565539053468
"FIR No. 0036/2025, P.S. Andheri",2025-09-05 04:25:00,OTHER,OTHER incident reported in Western Suburbs (Andheri),Western Suburbs (Andheri),False,Western Suburbs (Andheri),19.111302741987707,72.83550883643932
"FIR No. 0283/2026, P.S. Bandra",2026-04-24 19:14:00,BURGLARY,BURGLARY incident reported in Western Suburbs (Bandra),Western Suburbs (Bandra),True,Western Suburbs (Bandra),19.04530019777788,72.85100562159182
81871514/2026,2026-04-03 16:39:00,CYBER,CYBER incident reported in Western Suburbs (Bandra),Western Suburbs (Bandra),False,Western Suburbs (Bandra),19.0866397494966,72.85341390287763
"FIR No. 0178/2025, P.S. Malad",2025-05-24 15:38:00,ROBBERY,ROBBERY incident reported in Northern Suburbs (Malad),Northern Suburbs (Malad),False,Northern Suburbs (Malad),19.15762870208752,72.85363849505649
"FIR No. 0073/2026, P.S. Andheri",2026-01-28 06:45:00,BURGLARY,BURGLARY incident reported in Western Suburbs (Andheri),Western Suburbs (Andheri),True,Western Suburbs (Andheri),19.09554044490937,72.82729500815614
"FIR No. 0395/2024, P.S. Dadar",2024-07-03 03:26:00,ASSAULT,ASSAULT incident reported in Central Mumbai (Dadar),Central Mumbai (Dadar),False,Central Mumbai (Dadar),18.9970587489149,72.85344380290682
"FIR No. 0254/2023, P.S. Andheri",2023-03-07 18:56:00,THEFT,THEFT incident reported in Western Suburbs (Andheri),Western Suburbs (Andheri),False,Western Suburbs (Andheri),19.12528876182293,72.84454179163731
"FIR No. 0434/2026, P.S. Malad",2026-08-28 04:04:00,OTHER,OTHER incident reported in Northern Suburbs (Malad),Northern Suburbs (Malad),True,Northern Suburbs (Malad),19.1741473144134,72.800498774059
"FIR No. 0038/2024, P.S. Colaba/CST",2024-01-06 07:17:00,OTHER,OTHER incident reported in South Mumbai (Colaba/CST),South Mumbai (Colaba/CST),True,South Mumbai (Colaba/CST),18.955227874623056,72.8514994594397
"FIR No. 0132/2025, P.S. Colaba/CST",2025-02-14 18:53:00,ROBBERY,ROBBERY incident reported in South Mumbai (Colaba/CST),South Mumbai (Colaba/CST),False,South Mumbai (Colaba/CST),18.927675260667108,72.83827036181543
"FIR No. 0041/2024, P.S. Colaba/CST",2024-01-11 10:53:00,THEFT,THEFT incident reported in South Mumbai (Colaba/CST),South Mumbai (Colaba/CST),True,South Mumbai (Colaba/CST),18.92473139826177,72.80460023168897
80520237/2023,2023-04-24 20:31:00,THEFT,THEFT incident reported in Western Suburbs (Bandra),Western Suburbs (Bandra),False,Western Suburbs (Bandra),19.046932900701066,72.8386093879204
"FIR No. 0083/2026, P.S. Colaba/CST",2026-05-03 01:01:00,ASSAULT,ASSAULT incident reported in South Mumbai (Colaba/CST),South Mumbai (Colaba/CST),False,South Mumbai (Colaba/CST),18.91365298643405,72.85080027902004
"FIR No. 0130/2023, P.S. Dadar",2023-02-13 10:48:00,CYBER,CYBER incident reported in Central Mumbai (Dadar),Central Mumbai (Dadar),True,Central Mumbai (Dadar),19.01816800615978,72.85154726917465
"FIR No. 0157/2023, P.S. Malad",2023-03-21 18:58:00,THEFT,THEFT incident reported in Northern Suburbs (Malad),Northern Suburbs (Malad),False,Northern Suburbs (Malad),19.181795122217306,72.85970245279026
"FIR No. 0067/2024, P.S. Kurla",2024-12-18 21:22:00,THEFT,THEFT incident reported in Eastern Suburbs (Kurla),Eastern Suburbs (Kurla),False,Eastern Suburbs (Kurla),19.0509100865867,72.87215327433121
84874306/2023,2023-03-01 12:13:00,OTHER,OTHER incident reported in South Mumbai (Colaba/CST),South Mumbai (Colaba/CST),False,South Mumbai (Colaba/CST),18.92189788295152,72.84698789165218
"FIR No. 0755/2025, P.S. Colaba/CST",2025-12-23 09:34:00,ASSAULT,ASSAULT incident reported in South Mumbai (Colaba/CST),South Mumbai (Colaba/CST),False,South Mumbai (Colaba/CST),18.93326358648098,72.84929111812758
"FIR No. 0392/2025, P.S. Malad",2025-04-22 11:08:00,ASSAULT,ASSAULT incident reported in Northern Suburbs (Malad),Northern Suburbs (Malad),False,Northern Suburbs (Malad),19.172356733714658,72.85350622487339
"FIR No. 0692/2024, P.S. Bandra",2024-10-19 07:52:00,BURGLARY,BURGLARY incident reported in Western Suburbs (Bandra),Western Suburbs (Bandra),False,Western Suburbs (Bandra),19.065507402477163,72.86575542325019
"FIR No. 0006/2023, P.S. Kurla",2023-04-09 15:42:00,THEFT,THEFT incident reported in Eastern Suburbs (Kurla),Eastern Suburbs (Kurla),True,Eastern Suburbs (Kurla),19.05554297298135,72.87873523288982
"FIR No. 0421/2024, P.S. Bandra",2024-11-13 18:47:00,THEFT,THEFT incident reported in Western Suburbs (Bandra),Western Suburbs (Bandra),False,Western Suburbs (Bandra),19.05009947289128,72.83601648228303
"FIR No. 0076/2024, P.S. Dadar",2024-11-25 03:50:00,ASSAULT,ASSAULT incident reported in Central Mumbai (Dadar),Central Mumbai (Dadar),True,Central Mumbai (Dadar),19.03481962648947,72.86815437175466
87442281/2026,2026-03-11 03:21:00,THEFT,THEFT incident reported in South Mumbai (Colaba/CST),South Mumbai (Colaba/CST),False,South Mumbai (Colaba/CST),18.93025581542516,72.87184516655945
89409859/2026,2026-04-27 01:25:00,CYBER,CYBER incident reported in South Mumbai (Colaba/CST),South Mumbai (Colaba/CST),False,South Mumbai (Colaba/CST),18.9249195946314,72.82262470632179
"FIR No. 0505/2025, P.S. Andheri",2025-05-03 19:03:00,THEFT,THEFT incident reported in Western Suburbs (Andheri),Western Suburbs (Andheri),False,Western Suburbs (Andheri),19.0942209271306,72.84269313000412
"FIR No. 0213/2024, P.S. Dadar",2024-08-30 11:24:00,BURGLARY,BURGLARY incident reported in Central Mumbai (Dadar),Central Mumbai (Dadar),False,Central Mumbai (Dadar),19.028705715110306,72.8375731919055
"FIR No. 0057/2024, P.S. Andheri",2024-02-23 09:28:00,ASSAULT,ASSAULT incident reported in Western Suburbs (Andheri),Western Suburbs (Andheri),False,Western Suburbs (Andheri),19.10833459696572,72.84329819167644
"FIR No. 0284/2024, P.S. Colaba/CST",2024-05-01 15:59:00,ASSAULT,ASSAULT incident reported in South Mumbai (Colaba/CST),South Mumbai (Colaba/CST),False,South Mumbai (Colaba/CST),18.916751076784845,72.84599274767467
"FIR No. 0014/2025, P.S. Andheri",2025-07-01 19:00:00,ROBBERY,ROBBERY incident reported in Western Suburbs (Andheri),Western Suburbs (Andheri),False,Western Suburbs (Andheri),19.12733791771113,72.80965251275227
81210145/2025,2025-11-17 02:50:00,ASSAULT,ASSAULT incident reported in South Mumbai (Colaba/CST),South Mumbai (Colaba/CST),True,South Mumbai (Colaba/CST),18.914967686037983,72.84915971645309
83932178/2025,2025-05-16 19:09:00,ASSAULT,ASSAULT incident reported in Western Suburbs (Andheri),Western Suburbs (Andheri),True,Western Suburbs (Andheri),19.070378749315093,72.86309740825722
"FIR No. 0049/2023, P.S. Andheri",2023-03-23 15:23:00,ROBBERY,ROBBERY incident reported in Western Suburbs (Andheri),Western Suburbs (Andheri),False,Western Suburbs (Andheri),19.093001926476152,72.84796253150527
"FIR No. 0526/2025, P.S. Colaba/CST",2025-08-28 10:48:00,THEFT,THEFT incident reported in South Mumbai (Colaba/CST),South Mumbai (Colaba/CST),False,South Mumbai (Colaba/CST),18.912422285426,72.83797158126919
"FIR No. 0069/2023, P.S. Kurla",2023-03-26 19:19:00,ROBBERY,ROBBERY incident reported in Eastern Suburbs (Kurla),Eastern Suburbs (Kurla),False,Eastern Suburbs (Kurla),19.02859831256684,72.86872370373864
"FIR No. 0079/2023, P.S. Colaba/CST",2023-06-21 08:54:00,THEFT,THEFT incident reported in South Mumbai (Colaba/CST),South Mumbai (Colaba/CST),False,South Mumbai (Colaba/CST),18.941327230230907,72.83931947946871
"FIR No. 0157/2024, P.S. Bandra",2024-07-05 18:35:00,BURGLARY,BURGLARY incident reported in Western Suburbs (Bandra),Western Suburbs (Bandra),False,Western Suburbs (Bandra),19.039888893845216,72.83647920081481
81636591/2024,2024-07-30 05:53:00,THEFT,THEFT incident reported in Northern Suburbs (Malad),Northern Suburbs (Malad),False,Northern Suburbs (Malad),19.15581079043972,72.82365850450974
"FIR No. 0199/2024, P.S. Malad",2024-06-28 01:49:00,CYBER,CYBER incident reported in Northern Suburbs (Malad),Northern Suburbs (Malad),True,Northern Suburbs (Malad),19.161839047326808,72.8384028780906
"FIR No. 0043/2026, P.S. Kurla",2026-02-18 17:01:00,OTHER,OTHER incident reported in Eastern Suburbs (Kurla),Eastern Suburbs (Kurla),False,Eastern Suburbs (Kurla),19.0447945617404,72.88209426482473
"FIR No. 0051/2025, P.S. Andheri",2025-06-14 23:15:00,THEFT,THEFT incident reported in Western Suburbs (Andheri),Western Suburbs (Andheri),False,Western Suburbs (Andheri),19.14404290797233,72.84900802966712
"FIR No. 0278/2023, P.S. Kurla",2023-07-14 13:34:00,ASSAULT,ASSAULT incident reported in Eastern Suburbs (Kurla),Eastern Suburbs (Kurla),False,Eastern Suburbs (Kurla),19.057627749587,72.88793261371018
82811435/2024,2024-05-16 15:22:00,THEFT,THEFT incident reported in Eastern Suburbs (Kurla),Eastern Suburbs (Kurla),False,Eastern Suburbs (Kurla),19.073965954131182,72.89718980572681
"FIR No. 0280/2024, P.S. Andheri",2024-07-31 12:48:00,ROBBERY,ROBBERY incident reported in Western Suburbs (Andheri),Western Suburbs (Andheri),False,Western Suburbs (Andheri),19.12273762248948,72.82419032017305
"FIR No. 0032/2026, P.S. Colaba/CST",2026-03-21 23:58:00,CYBER,CYBER incident reported in South Mumbai (Colaba/CST),South Mumbai (Colaba/CST),False,South Mumbai (Colaba/CST),18.940862289522684,72.84432545892585
84221915/2025,2025-04-02 18:56:00,ASSAULT,ASSAULT incident reported in Western Suburbs (Andheri),Western Suburbs (Andheri),False,Western Suburbs (Andheri),19.136098430033485,72.84860563636188
87873614/2026,2026-02-02 23:09:00,ROBBERY,ROBBERY incident reported in Northern Suburbs (Malad),Northern Suburbs (Malad),False,Northern Suburbs (Malad),19.17951329178885,72.83394821537898
"FIR No. 0406/2026, P.S. Colaba/CST",2026-06-22 21:44:00,THEFT,THEFT incident reported in South Mumbai (Colaba/CST),South Mumbai (Colaba/CST),False,South Mumbai (Colaba/CST),18.927677184970555,72.85493716709732
"FIR No. 0101/2026, P.S. Colaba/CST",2026-01-03 04:09:00,THEFT,THEFT incident reported in South Mumbai (Colaba/CST),South Mumbai (Colaba/CST),False,South Mumbai (Colaba/CST),18.9274569728706,72.82096298415394
"FIR No. 0315/2024, P.S. Andheri",2024-08-05 22:15:00,THEFT,THEFT incident reported in Western Suburbs (Andheri),Western Suburbs (Andheri),False,Western Suburbs (Andheri),19.13975478272905,72.84228145945896
"FIR No. 0413/2025, P.S. Bandra",2025-11-11 06:20:00,THEFT,THEFT incident reported in Western Suburbs (Bandra),Western Suburbs (Bandra),False,Western Suburbs (Bandra),19.07677026351544,72.8249194764936
88370329/2024,2024-05-11 13:54:00,ASSAULT,ASSAULT incident reported in Western Suburbs (Bandra),Western Suburbs (Bandra),True,Western Suburbs (Bandra),19.04138505161847,72.8164697715219
"FIR No. 0876/2025, P.S. Colaba/CST",2025-09-13 12:48:00,THEFT,THEFT incident reported in South Mumbai (Colaba/CST),South Mumbai (Colaba/CST),False,South Mumbai (Colaba/CST),18.915078858819708,72.83034849071996
"FIR No. 0319/2023, P.S. Andheri",2023-05-23 05:29:00,CYBER,CYBER incident reported in Western Suburbs (Andheri),Western Suburbs (Andheri),False,Western Suburbs (Andheri),19.10617021782316,72.86237563322874
"FIR No. 0363/2023, P.S. Kurla",2023-07-19 09:45:00,THEFT,THEFT incident reported in Eastern Suburbs (Kurla),Eastern Suburbs (Kurla),False,Eastern Suburbs (Kurla),19.071076516005988,72.88341010231817
"FIR No. 0068/2024, P.S. Colaba/CST",2024-01-30 03:12:00,BURGLARY,BURGLARY incident reported in South Mumbai (Colaba/CST),South Mumbai (Colaba/CST),False,South Mumbai (Colaba/CST),18.910977008347825,72.80681032711728
"FIR No. 0270/2026, P.S. Bandra",2026-08-15 09:42:00,ROBBERY,ROBBERY incident reported in Western Suburbs (Bandra),Western Suburbs (Bandra),False,Western Suburbs (Bandra),19.081743517885204,72.85224173531226
84986248/2025,2025-01-21 11:03:00,ASSAULT,ASSAULT incident reported in South Mumbai (Colaba/CST),South Mumbai (Colaba/CST),False,South Mumbai (Colaba/CST),18.94197274362652,72.82685245524759
"FIR No. 0026/2023, P.S. Bandra",2023-06-09 13:18:00,THEFT,THEFT incident reported in Western Suburbs (Bandra),Western Suburbs (Bandra),False,Western Suburbs (Bandra),19.05482582327179,72.82858446812826
86944852/2025,2025-01-31 19:42:00,THEFT,THEFT incident reported in Northern Suburbs (Malad),Northern Suburbs (Malad),False,Northern Suburbs (Malad),19.14876365482579,72.83883549737378
"FIR No. 0124/2023, P.S. Kurla",2023-03-03 07:00:00,THEFT,THEFT incident reported in Eastern Suburbs (Kurla),Eastern Suburbs (Kurla),True,Eastern Suburbs (Kurla),19.074154515909367,72.86591097685705
"FIR No. 0636/2023, P.S. Bandra",2023-09-01 01:51:00,BURGLARY,BURGLARY incident reported in Western Suburbs (Bandra),Western Suburbs (Bandra),True,Western Suburbs (Bandra),19.055764361226924,72.83382223712786
89886212/2025,2025-09-12 09:19:00,THEFT,THEFT incident reported in Western Suburbs (Bandra),Western Suburbs (Bandra),True,Western Suburbs (Bandra),19.072044951207623,72.82190018437373
"FIR No. 0347/2024, P.S. Colaba/CST",2024-11-26 16:18:00,ASSAULT,ASSAULT incident reported in South Mumbai (Colaba/CST),South Mumbai (Colaba/CST),False,South Mumbai (Colaba/CST),18.94768279889945,72.84660957748468
"FIR No. 0613/2025, P.S. Kurla",2025-11-15 16:15:00,THEFT,THEFT incident reported in Eastern Suburbs (Kurla),Eastern Suburbs (Kurla),False,Eastern Suburbs (Kurla),19.072399836741084,72.88043096432341
"FIR No. 0141/2024, P.S. Colaba/CST",2024-02-03 00:57:00,ASSAULT,ASSAULT incident reported in South Mumbai (Colaba/CST),South Mumbai (Colaba/CST),False,South Mumbai (Colaba/CST),18.919671967833946,72.83414036458382
"FIR No. 0916/2023, P.S. Andheri",2023-10-13 23:06:00,ROBBERY,ROBBERY incident reported in Western Suburbs (Andheri),Western Suburbs (Andheri),False,Western Suburbs (Andheri),19.103789806499258,72.84690154153759
88411389/2023,2023-12-11 19:53:00,ASSAULT,ASSAULT incident reported in Western Suburbs (Bandra),Western Suburbs (Bandra),False,Western Suburbs (Bandra),19.0637764168266,72.8437115219815
87387931/2026,2026-04-27 13:17:00,CYBER,CYBER incident reported in Western Suburbs (Bandra),Western Suburbs (Bandra),True,Western Suburbs (Bandra),19.054010173090145,72.82827134213694
"FIR No. 0034/2026, P.S. Andheri",2026-04-29 16:09:00,THEFT,THEFT incident reported in Western Suburbs (Andheri),Western Suburbs (Andheri),False,Western Suburbs (Andheri),19.101150136429048,72.82571028357037
89340254/2025,2025-02-23 06:52:00,ASSAULT,ASSAULT incident reported in Western Suburbs (Andheri),Western Suburbs (Andheri),False,Western Suburbs (Andheri),19.15318244344349,72.85747486009639
"FIR No. 0383/2023, P.S. Kurla",2023-08-06 19:51:00,THEFT,THEFT incident reported in Eastern Suburbs (Kurla),Eastern Suburbs (Kurla),False,Eastern Suburbs (Kurla),19.05648240954353,72.9049690793539
"FIR No. 0825/2024, P.S. Andheri",2024-10-03 02:03:00,THEFT,THEFT incident reported in Western Suburbs (Andheri),Western Suburbs (Andheri),False,Western Suburbs (Andheri),19.130110044035188,72.85280165187625
89721982/2025,2025-01-31 00:51:00,THEFT,THEFT incident reported in Western Suburbs (Andheri),Western Suburbs (Andheri),False,Western Suburbs (Andheri),19.12715474813216,72.8661802393201
"FIR No. 0256/2023, P.S. Kurla",2023-08-22 16:13:00,CYBER,CYBER incident reported in Eastern Suburbs (Kurla),Eastern Suburbs (Kurla),False,Eastern Suburbs (Kurla),19.080862142446936,72.86994829509366
"FIR No. 0277/2023, P.S. Colaba/CST",2023-08-25 03:26:00,THEFT,THEFT incident reported in South Mumbai (Colaba/CST),South Mumbai (Colaba/CST),False,South Mumbai (Colaba/CST),18.943282044180705,72.80976051828827
"FIR No. 0343/2023, P.S. Andheri",2023-05-05 04:37:00,CYBER,CYBER incident reported in Western Suburbs (Andheri),Western Suburbs (Andheri),False,Western Suburbs (Andheri),19.129676081929315,72.86620376675333
"FIR No. 0030/2026, P.S. Andheri",2026-06-07 07:06:00,BURGLARY,BURGLARY incident reported in Western Suburbs (Andheri),Western Suburbs (Andheri),False,Western Suburbs (Andheri),19.11596664009281,72.84636481480332
"FIR No. 0911/2025, P.S. Bandra",2025-12-31 05:33:00,CYBER,CYBER incident reported in Western Suburbs (Bandra),Western Suburbs (Bandra),False,Western Suburbs (Bandra),19.060680811846623,72.82170174002012
"FIR No. 0384/2024, P.S. Kurla",2024-08-28 01:02:00,ASSAULT,ASSAULT incident reported in Eastern Suburbs (Kurla),Eastern Suburbs (Kurla),True,Eastern Suburbs (Kurla),19.074647911005528,72.88605872636757
"FIR No. 0958/2025, P.S. Andheri",2025-09-26 16:18:00,ASSAULT,ASSAULT incident reported in Western Suburbs (Andheri),Western Suburbs (Andheri),False,Western Suburbs (Andheri),19.11116251726122,72.83667256051092
"FIR No. 0360/2025, P.S. Colaba/CST",2025-04-18 04:41:00,THEFT,THEFT incident reported in South Mumbai (Colaba/CST),South Mumbai (Colaba/CST),False,South Mumbai (Colaba/CST),18.90911035941864,72.81463107585867
82148282/2023,2023-07-27 05:56:00,THEFT,THEFT incident reported in Western Suburbs (Andheri),Western Suburbs (Andheri),False,Western Suburbs (Andheri),19.13845441354385,72.83192262995148
"FIR No. 0357/2023, P.S. Andheri",2023-06-16 11:22:00,ROBBERY,ROBBERY incident reported in Western Suburbs (Andheri),Western Suburbs (Andheri),False,Western Suburbs (Andheri),19.114591603772183,72.83867205393636
"FIR No. 0015/2024, P.S. Dadar",2024-01-28 18:25:00,ASSAULT,ASSAULT incident reported in Central Mumbai (Dadar),Central Mumbai (Dadar),True,Central Mumbai (Dadar),19.01848218971573,72.84277175297686
"FIR No. 0437/2024, P.S. Colaba/CST",2024-10-05 04:22:00,CYBER,CYBER incident reported in South Mumbai (Colaba/CST),South Mumbai (Colaba/CST),False,South Mumbai (Colaba/CST),18.91496337612975,72.82808151103653
82901117/2026,2026-01-11 07:09:00,THEFT,THEFT incident reported in South Mumbai (Colaba/CST),South Mumbai (Colaba/CST),True,South Mumbai (Colaba/CST),18.9078534826082,72.83037826245527
85179359/2024,2024-07-25 15:22:00,ASSAULT,ASSAULT incident reported in Western Suburbs (Bandra),Western Suburbs (Bandra),False,Western Suburbs (Bandra),19.062172166853827,72.82448120298605
"FIR No. 0078/2026, P.S. Malad",2026-01-23 20:01:00,CYBER,CYBER incident reported in Northern Suburbs (Malad),Northern Suburbs (Malad),True,Northern Suburbs (Malad),19.190070432871764,72.83795861964286
"FIR No. 0063/2024, P.S. Andheri",2024-09-30 02:14:00,ASSAULT,ASSAULT incident reported in Western Suburbs (Andheri),Western Suburbs (Andheri),False,Western Suburbs (Andheri),19.13183091081597,72.8366899672636
"FIR No. 0339/2023, P.S. Kurla",2023-04-04 08:21:00,BURGLARY,BURGLARY incident reported in Eastern Suburbs (Kurla),Eastern Suburbs (Kurla),False,Eastern Suburbs (Kurla),19.05680756478272,72.88669040191091
"FIR No. 0582/2023, P.S. Colaba/CST",2023-10-15 10:52:00,THEFT,THEFT incident reported in South Mumbai (Colaba/CST),South Mumbai (Colaba/CST),False,South Mumbai (Colaba/CST),18.91783991813796,72.82759947073777
"FIR No. 0833/2025, P.S. Colaba/CST",2025-08-15 05:36:00,ASSAULT,ASSAULT incident reported in South Mumbai (Colaba/CST),South Mumbai (Colaba/CST),False,South Mumbai (Colaba/CST),18.93869833168866,72.861514451661
"FIR No. 0020/2026, P.S. Dadar",2026-01-02 03:09:00,THEFT,THEFT incident reported in Central Mumbai (Dadar),Central Mumbai (Dadar),True,Central Mumbai (Dadar),18.98843716172009,72.86009450199177
"FIR No. 0127/2024, P.S. Kurla",2024-05-27 11:54:00,ASSAULT,ASSAULT incident reported in Eastern Suburbs (Kurla),Eastern Suburbs (Kurla),False,Eastern Suburbs (Kurla),19.05787799066134,72.87368103276611
80255791/2023,2023-05-04 04:38:00,CYBER,CYBER incident reported in Northern Suburbs (Malad),Northern Suburbs (Malad),False,Northern Suburbs (Malad),19.16052937406672,72.84838035277467
"FIR No. 0071/2023, P.S. Dadar",2023-01-20 17:52:00,THEFT,THEFT incident reported in Central Mumbai (Dadar),Central Mumbai (Dadar),True,Central Mumbai (Dadar),19.0208218850712,72.84681993324641
"FIR No. 0633/2025, P.S. Colaba/CST",2025-09-27 16:34:00,ROBBERY,ROBBERY incident reported in South Mumbai (Colaba/CST),South Mumbai (Colaba/CST),False,South Mumbai (Colaba/CST),18.90785367498485,72.82916964906359
84404774/2023,2023-12-13 10:30:00,BURGLARY,BURGLARY incident reported in South Mumbai (Colaba/CST),South Mumbai (Colaba/CST),True,South Mumbai (Colaba/CST),18.9142772792024,72.82697084278362
"FIR No. 0136/2023, P.S. Dadar",2023-05-19 08:22:00,THEFT,THEFT incident reported in Central Mumbai (Dadar),Central Mumbai (Dadar),True,Central Mumbai (Dadar),18.99750681626491,72.84004309676294
"FIR No. 0396/2026, P.S. Colaba/CST",2026-05-11 07:37:00,ASSAULT,ASSAULT incident reported in South Mumbai (Colaba/CST),South Mumbai (Colaba/CST),False,South Mumbai (Colaba/CST),18.918438701741422,72.81804514340574
81444697/2023,2023-10-21 21:34:00,THEFT,THEFT incident reported in Western Suburbs (Andheri),Western Suburbs (Andheri),False,Western Suburbs (Andheri),19.11019231075097,72.87047848732023
"FIR No. 0729/2025, P.S. Malad",2025-10-24 14:38:00,THEFT,THEFT incident reported in Northern Suburbs (Malad),Northern Suburbs (Malad),False,Northern Suburbs (Malad),19.19704290515752,72.82764401686875
87171845/2023,2023-03-12 07:56:00,THEFT,THEFT incident reported in South Mumbai (Colaba/CST),South Mumbai (Colaba/CST),True,South Mumbai (Colaba/CST),18.93448949993116,72.82690174736983
86253980/2025,2025-02-06 13:56:00,CYBER,CYBER incident reported in Western Suburbs (Andheri),Western Suburbs (Andheri),False,Western Suburbs (Andheri),19.13072072856597,72.82116616775068
"FIR No. 0411/2024, P.S. Andheri",2024-12-08 22:19:00,ASSAULT,ASSAULT incident reported in Western Suburbs (Andheri),Western Suburbs (Andheri),False,Western Suburbs (Andheri),19.138056850973715,72.82164966441923
"FIR No. 0155/2026, P.S. Bandra",2026-04-29 13:44:00,ASSAULT,ASSAULT incident reported in Western Suburbs (Bandra),Western Suburbs (Bandra),False,Western Suburbs (Bandra),19.05971023230132,72.82674303715349
"FIR No. 0201/2024, P.S. Dadar",2024-06-18 12:56:00,THEFT,THEFT incident reported in Central Mumbai (Dadar),Central Mumbai (Dadar),False,Central Mumbai (Dadar),19.00161130050853,72.86412040056759
82758245/2026,2026-07-01 17:29:00,THEFT,THEFT incident reported in South Mumbai (Colaba/CST),South Mumbai (Colaba/CST),False,South Mumbai (Colaba/CST),18.91652571526149,72.81945541338762
"FIR No. 0103/2025, P.S. Andheri",2025-06-05 16:08:00,THEFT,THEFT incident reported in Western Suburbs (Andheri),Western Suburbs (Andheri),False,Western Suburbs (Andheri),19.11196394883924,72.84654417658345
"FIR No. 0041/2024, P.S. Dadar",2024-06-04 18:53:00,ASSAULT,ASSAULT incident reported in Central Mumbai (Dadar),Central Mumbai (Dadar),False,Central Mumbai (Dadar),19.0367247697201,72.83021914915565
"FIR No. 0398/2024, P.S. Colaba/CST",2024-04-13 09:05:00,OTHER,OTHER incident reported in South Mumbai (Colaba/CST),South Mumbai (Colaba/CST),False,South Mumbai (Colaba/CST),18.93051567652017,72.82422646596939
"FIR No. 0525/2024, P.S. Bandra",2024-07-27 07:36:00,BURGLARY,BURGLARY incident reported in Western Suburbs (Bandra),Western Suburbs (Bandra),False,Western Suburbs (Bandra),19.095131725849164,72.81748681802057
"FIR No. 0002/2026, P.S. Bandra",2026-03-26 08:54:00,THEFT,THEFT incident reported in Western Suburbs (Bandra),Western Suburbs (Bandra),False,Western Suburbs (Bandra),19.06558696847529,72.83121528018842
"FIR No. 0087/2023, P.S. Bandra",2023-12-01 14:21:00,ASSAULT,ASSAULT incident reported in Western Suburbs (Bandra),Western Suburbs (Bandra),False,Western Suburbs (Bandra),19.0546886896688,72.84921097056099
"FIR No. 0071/2025, P.S. Andheri",2025-03-22 22:29:00,BURGLARY,BURGLARY incident reported in Western Suburbs (Andheri),Western Suburbs (Andheri),False,Western Suburbs (Andheri),19.11513348330363,72.8313843166585
"FIR No. 0134/2025, P.S. Colaba/CST",2025-04-27 07:04:00,CYBER,CYBER incident reported in South Mumbai (Colaba/CST),South Mumbai (Colaba/CST),False,South Mumbai (Colaba/CST),18.94296409840428,72.86835424096687
"FIR No. 0528/2024, P.S. Colaba/CST",2024-06-12 22:03:00,CYBER,CYBER incident reported in South Mumbai (Colaba/CST),South Mumbai (Colaba/CST),False,South Mumbai (Colaba/CST),18.92080814259895,72.82684959823773
"FIR No. 0132/2025, P.S. Bandra",2025-02-21 07:11:00,THEFT,THEFT incident reported in Western Suburbs (Bandra),Western Suburbs (Bandra),False,Western Suburbs (Bandra),19.077151304164445,72.84718365813121
"FIR No. 0042/2023, P.S. Dadar",2023-01-04 04:09:00,THEFT,THEFT incident reported in Central Mumbai (Dadar),Central Mumbai (Dadar),False,Central Mumbai (Dadar),19.008384154369057,72.83301240286096
"FIR No. 0941/2025, P.S. Colaba/CST",2025-09-15 17:11:00,THEFT,THEFT incident reported in South Mumbai (Colaba/CST),South Mumbai (Colaba/CST),False,South Mumbai (Colaba/CST),18.932562485719348,72.81994942210704
"FIR No. 0386/2025, P.S. Colaba/CST",2025-08-24 22:47:00,THEFT,THEFT incident reported in South Mumbai (Colaba/CST),South Mumbai (Colaba/CST),False,South Mumbai (Colaba/CST),18.917342656035167,72.85007750707345
"FIR No. 0009/2023, P.S. Kurla",2023-11-17 23:50:00,ASSAULT,ASSAULT incident reported in Eastern Suburbs (Kurla),Eastern Suburbs (Kurla),True,Eastern Suburbs (Kurla),19.054982805030303,72.91168497097544
"FIR No. 0445/2025, P.S. Bandra",2025-08-25 09:49:00,ROBBERY,ROBBERY incident reported in Western Suburbs (Bandra),Western Suburbs (Bandra),True,Western Suburbs (Bandra),19.055699568302494,72.80654723136145
"FIR No. 0030/2025, P.S. Malad",2025-01-06 21:51:00,CYBER,CYBER incident reported in Northern Suburbs (Malad),Northern Suburbs (Malad),True,Northern Suburbs (Malad),19.180017644181365,72.85455268985822
"FIR No. 0817/2023, P.S. Dadar",2023-10-06 21:27:00,THEFT,THEFT incident reported in Central Mumbai (Dadar),Central Mumbai (Dadar),True,Central Mumbai (Dadar),19.026117195234743,72.84131748437578
"FIR No. 0109/2025, P.S. Colaba/CST",2025-08-27 11:38:00,THEFT,THEFT incident reported in South Mumbai (Colaba/CST),South Mumbai (Colaba/CST),False,South Mumbai (Colaba/CST),18.93546292206019,72.83504364263017
"FIR No. 0332/2024, P.S. Bandra",2024-04-13 14:22:00,ASSAULT,ASSAULT incident reported in Western Suburbs (Bandra),Western Suburbs (Bandra),True,Western Suburbs (Bandra),19.05639125567745,72.81521961816716
"FIR No. 0405/2025, P.S. Bandra",2025-09-27 01:02:00,ASSAULT,ASSAULT incident reported in Western Suburbs (Bandra),Western Suburbs (Bandra),False,Western Suburbs (Bandra),19.04889642007269,72.83577929598687
"FIR No. 0037/2023, P.S. Colaba/CST",2023-03-02 16:47:00,ASSAULT,ASSAULT incident reported in South Mumbai (Colaba/CST),South Mumbai (Colaba/CST),False,South Mumbai (Colaba/CST),18.914546063825423,72.8595267988836
"FIR No. 0335/2024, P.S. Bandra",2024-03-24 09:10:00,THEFT,THEFT incident reported in Western Suburbs (Bandra),Western Suburbs (Bandra),False,Western Suburbs (Bandra),19.040763415563674,72.84543839485433
"FIR No. 0271/2025, P.S. Malad",2025-12-18 01:20:00,THEFT,THEFT incident reported in Northern Suburbs (Malad),Northern Suburbs (Malad),False,Northern Suburbs (Malad),19.17063571837348,72.83905192798643
"FIR No. 0103/2024, P.S. Bandra",2024-09-01 17:36:00,CYBER,CYBER incident reported in Western Suburbs (Bandra),Western Suburbs (Bandra),True,Western Suburbs (Bandra),19.08500116718045,72.85304934770505
"FIR No. 0591/2026, P.S. Andheri",2026-07-27 21:28:00,THEFT,THEFT incident reported in Western Suburbs (Andheri),Western Suburbs (Andheri),False,Western Suburbs (Andheri),19.115371542503205,72.87134618724006
"FIR No. 0372/2026, P.S. Malad",2026-08-12 05:47:00,ROBBERY,ROBBERY incident reported in Northern Suburbs (Malad),Northern Suburbs (Malad),False,Northern Suburbs (Malad),19.168944260199577,72.83830918829504
"FIR No. 0715/2024, P.S. Colaba/CST",2024-12-01 10:42:00,THEFT,THEFT incident reported in South Mumbai (Colaba/CST),South Mumbai (Colaba/CST),False,South Mumbai (Colaba/CST),18.94421219517545,72.82826523134605
"FIR No. 0252/2025, P.S. Malad",2025-12-20 14:43:00,BURGLARY,BURGLARY incident reported in Northern Suburbs (Malad),Northern Suburbs (Malad),False,Northern Suburbs (Malad),19.18848058934921,72.81935900504449
"FIR No. 0154/2024, P.S. Dadar",2024-08-17 14:12:00,THEFT,THEFT incident reported in Central Mumbai (Dadar),Central Mumbai (Dadar),False,Central Mumbai (Dadar),19.01369132221383,72.84277920595663
81418088/2023,2023-11-19 16:34:00,THEFT,THEFT incident reported in Northern Suburbs (Malad),Northern Suburbs (Malad),False,Northern Suburbs (Malad),19.1952121786414,72.83657678955456
"FIR No. 0179/2024, P.S. Andheri",2024-04-29 10:30:00,BURGLARY,BURGLARY incident reported in Western Suburbs (Andheri),Western Suburbs (Andheri),False,Western Suburbs (Andheri),19.11832624863425,72.86045349883805
"FIR No. 0373/2026, P.S. Bandra",2026-04-28 04:09:00,CYBER,CYBER incident reported in Western Suburbs (Bandra),Western Suburbs (Bandra),False,Western Suburbs (Bandra),19.05122206540936,72.84720718332696
"FIR No. 0079/2025, P.S. Colaba/CST",2025-01-19 14:26:00,ASSAULT,ASSAULT incident reported in South Mumbai (Colaba/CST),South Mumbai (Colaba/CST),True,South Mumbai (Colaba/CST),18.923374894702256,72.83185828170097
"FIR No. 0217/2025, P.S. Kurla",2025-08-10 20:26:00,THEFT,THEFT incident reported in Eastern Suburbs (Kurla),Eastern Suburbs (Kurla),True,Eastern Suburbs (Kurla),19.05794342210896,72.88546052870713
"FIR No. 0028/2025, P.S. Andheri",2025-01-08 00:43:00,THEFT,THEFT incident reported in Western Suburbs (Andheri),Western Suburbs (Andheri),False,Western Suburbs (Andheri),19.11577415191556,72.85357028482318
"FIR No. 0310/2023, P.S. Bandra",2023-08-10 02:55:00,OTHER,OTHER incident reported in Western Suburbs (Bandra),Western Suburbs (Bandra),False,Western Suburbs (Bandra),19.036801889306545,72.81880789730289
"FIR No. 0015/2025, P.S. Andheri",2025-02-07 19:32:00,ASSAULT,ASSAULT incident reported in Western Suburbs (Andheri),Western Suburbs (Andheri),False,Western Suburbs (Andheri),19.092486441078137,72.8465903485339
"FIR No. 0197/2026, P.S. Colaba/CST",2026-04-26 00:54:00,THEFT,THEFT incident reported in South Mumbai (Colaba/CST),South Mumbai (Colaba/CST),False,South Mumbai (Colaba/CST),18.946718836275124,72.83396551457928
"FIR No. 0155/2025, P.S. Colaba/CST",2025-03-10 11:07:00,CYBER,CYBER incident reported in South Mumbai (Colaba/CST),South Mumbai (Colaba/CST),True,South Mumbai (Colaba/CST),18.96473364114517,72.8359227479663
"FIR No. 0131/2023, P.S. Bandra",2023-06-21 16:08:00,ROBBERY,ROBBERY incident reported in Western Suburbs (Bandra),Western Suburbs (Bandra),False,Western Suburbs (Bandra),19.059608058970795,72.82602416655865
"FIR No. 0300/2024, P.S. Dadar",2024-07-21 16:09:00,OTHER,OTHER incident reported in Central Mumbai (Dadar),Central Mumbai (Dadar),True,Central Mumbai (Dadar),19.02696832469069,72.83119986213438
"FIR No. 0356/2023, P.S. Bandra",2023-06-19 05:56:00,THEFT,THEFT incident reported in Western Suburbs (Bandra),Western Suburbs (Bandra),True,Western Suburbs (Bandra),19.0696018620481,72.84241087217941
"FIR No. 1068/2023, P.S. Kurla",2023-11-03 12:37:00,ROBBERY,ROBBERY incident reported in Eastern Suburbs (Kurla),Eastern Suburbs (Kurla),False,Eastern Suburbs (Kurla),19.06829474580984,72.87040308715811
"FIR No. 0140/2023, P.S. Malad",2023-12-12 13:48:00,BURGLARY,BURGLARY incident reported in Northern Suburbs (Malad),Northern Suburbs (Malad),False,Northern Suburbs (Malad),19.178507111066644,72.81944253048718
"FIR No. 0574/2026, P.S. Kurla",2026-08-16 03:03:00,ASSAULT,ASSAULT incident reported in Eastern Suburbs (Kurla),Eastern Suburbs (Kurla),False,Eastern Suburbs (Kurla),19.0630611320101,72.8623036158491
"FIR No. 0523/2024, P.S. Andheri",2024-07-10 17:06:00,ASSAULT,ASSAULT incident reported in Western Suburbs (Andheri),Western Suburbs (Andheri),True,Western Suburbs (Andheri),19.10233187935572,72.83554629303097
"FIR No. 0190/2024, P.S. Kurla",2024-11-03 14:03:00,BURGLARY,BURGLARY incident reported in Eastern Suburbs (Kurla),Eastern Suburbs (Kurla),False,Eastern Suburbs (Kurla),19.06334594443464,72.89326479460388
"FIR No. 0476/2025, P.S. Kurla",2025-07-25 13:48:00,BURGLARY,BURGLARY incident reported in Eastern Suburbs (Kurla),Eastern Suburbs (Kurla),False,Eastern Suburbs (Kurla),19.092413044463573,72.86971321492013
"FIR No. 0246/2025, P.S. Andheri",2025-05-26 15:46:00,OTHER,OTHER incident reported in Western Suburbs (Andheri),Western Suburbs (Andheri),False,Western Suburbs (Andheri),19.10881236743183,72.82320713467884
"FIR No. 0534/2023, P.S. Andheri",2023-08-26 09:24:00,ASSAULT,ASSAULT incident reported in Western Suburbs (Andheri),Western Suburbs (Andheri),False,Western Suburbs (Andheri),19.13384092567994,72.83348394594866
"FIR No. 0076/2026, P.S. Andheri",2026-07-07 19:07:00,BURGLARY,BURGLARY incident reported in Western Suburbs (Andheri),Western Suburbs (Andheri),False,Western Suburbs (Andheri),19.10563518376585,72.85143286193838
"FIR No. 0028/2025, P.S. Colaba/CST",2025-06-08 08:39:00,ASSAULT,ASSAULT incident reported in South Mumbai (Colaba/CST),South Mumbai (Colaba/CST),False,South Mumbai (Colaba/CST),18.936841628828898,72.81457136052613
"FIR No. 0107/2024, P.S. Malad",2024-02-17 21:53:00,THEFT,THEFT incident reported in Northern Suburbs (Malad),Northern Suburbs (Malad),False,Northern Suburbs (Malad),19.17353352629312,72.8432029596756
"FIR No. 0311/2023, P.S. Bandra",2023-04-25 22:53:00,THEFT,THEFT incident reported in Western Suburbs (Bandra),Western Suburbs (Bandra),True,Western Suburbs (Bandra),19.040521715669684,72.83614646495195
83431411/2025,2025-01-17 00:46:00,ASSAULT,ASSAULT incident reported in Eastern Suburbs (Kurla),Eastern Suburbs (Kurla),False,Eastern Suburbs (Kurla),19.07763778163842,72.88256609800358
"FIR No. 0013/2024, P.S. Dadar",2024-01-30 11:02:00,ASSAULT,ASSAULT incident reported in Central Mumbai (Dadar),Central Mumbai (Dadar),False,Central Mumbai (Dadar),19.002161558877,72.83526716241393
"FIR No. 0473/2025, P.S. Colaba/CST",2025-05-28 07:57:00,BURGLARY,BURGLARY incident reported in South Mumbai (Colaba/CST),South Mumbai (Colaba/CST),False,South Mumbai (Colaba/CST),18.90248723383464,72.82059464462189
81249935/2025,2025-01-02 02:13:00,ASSAULT,ASSAULT incident reported in Western Suburbs (Andheri),Western Suburbs (Andheri),False,Western Suburbs (Andheri),19.11850984400753,72.84794063803298
"FIR No. 0002/2024, P.S. Dadar",2024-12-05 16:34:00,ASSAULT,ASSAULT incident reported in Central Mumbai (Dadar),Central Mumbai (Dadar),False,Central Mumbai (Dadar),18.962246756571304,72.82886690470838
"FIR No. 0038/2024, P.S. Colaba/CST",2024-12-19 09:24:00,THEFT,THEFT incident reported in South Mumbai (Colaba/CST),South Mumbai (Colaba/CST),False,South Mumbai (Colaba/CST),18.952769496950165,72.83174759485972
"FIR No. 0065/2025, P.S. Kurla",2025-01-08 13:20:00,THEFT,THEFT incident reported in Eastern Suburbs (Kurla),Eastern Suburbs (Kurla),True,Eastern Suburbs (Kurla),19.069435913187583,72.90183788561966
"FIR No. 0096/2026, P.S. Andheri",2026-04-19 00:14:00,THEFT,THEFT incident reported in Western Suburbs (Andheri),Western Suburbs (Andheri),False,Western Suburbs (Andheri),19.103769967097573,72.84360184400636
"FIR No. 0001/2024, P.S. Bandra",2024-03-25 08:56:00,THEFT,THEFT incident reported in Western Suburbs (Bandra),Western Suburbs (Bandra),False,Western Suburbs (Bandra),19.069419942901785,72.87135177633598
"FIR No. 0371/2025, P.S. Kurla",2025-10-09 14:26:00,OTHER,OTHER incident reported in Eastern Suburbs (Kurla),Eastern Suburbs (Kurla),False,Eastern Suburbs (Kurla),19.06523513207636,72.87976107600456
"FIR No. 0086/2024, P.S. Kurla",2024-11-12 13:06:00,BURGLARY,BURGLARY incident reported in Eastern Suburbs (Kurla),Eastern Suburbs (Kurla),False,Eastern Suburbs (Kurla),19.056879399518657,72.9007617465037
"FIR No. 0004/2025, P.S. Colaba/CST",2025-04-03 16:23:00,ASSAULT,ASSAULT incident reported in South Mumbai (Colaba/CST),South Mumbai (Colaba/CST),False,South Mumbai (Colaba/CST),18.935700323818185,72.79700970157914
"FIR No. 0093/2026, P.S. Malad",2026-05-30 03:16:00,ROBBERY,ROBBERY incident reported in Northern Suburbs (Malad),Northern Suburbs (Malad),True,Northern Suburbs (Malad),19.21121484999159,72.86792023615808
"FIR No. 0878/2024, P.S. Kurla",2024-09-06 23:28:00,THEFT,THEFT incident reported in Eastern Suburbs (Kurla),Eastern Suburbs (Kurla),False,Eastern Suburbs (Kurla),19.05642626665308,72.89884929044781
"FIR No. 0538/2024, P.S. Kurla",2024-11-13 04:21:00,CYBER,CYBER incident reported in Eastern Suburbs (Kurla),Eastern Suburbs (Kurla),False,Eastern Suburbs (Kurla),19.066883372210096,72.88877921878779
83419339/2023,2023-03-01 02:48:00,THEFT,THEFT incident reported in Western Suburbs (Bandra),Western Suburbs (Bandra),True,Western Suburbs (Bandra),19.06158386764153,72.82374871828709
"FIR No. 0366/2025, P.S. Colaba/CST",2025-07-18 01:06:00,ROBBERY,ROBBERY incident reported in South Mumbai (Colaba/CST),South Mumbai (Colaba/CST),False,South Mumbai (Colaba/CST),18.92714761743636,72.82736484585931
89173746/2023,2023-10-24 13:32:00,ASSAULT,ASSAULT incident reported in Western Suburbs (Andheri),Western Suburbs (Andheri),True,Western Suburbs (Andheri),19.12834731035625,72.8442039397028
"FIR No. 0130/2023, P.S. Kurla",2023-02-04 12:45:00,ASSAULT,ASSAULT incident reported in Eastern Suburbs (Kurla),Eastern Suburbs (Kurla),False,Eastern Suburbs (Kurla),19.08008939708415,72.87860602760139
"FIR No. 0047/2024, P.S. Malad",2024-01-21 09:10:00,OTHER,OTHER incident reported in Northern Suburbs (Malad),Northern Suburbs (Malad),False,Northern Suburbs (Malad),19.182661645104,72.86520027772833
"FIR No. 0295/2025, P.S. Malad",2025-10-12 03:25:00,ASSAULT,ASSAULT incident reported in Northern Suburbs (Malad),Northern Suburbs (Malad),True,Northern Suburbs (Malad),19.168322862382663,72.84832405441674
"FIR No. 0508/2024, P.S. Colaba/CST",2024-09-27 01:33:00,THEFT,THEFT incident reported in South Mumbai (Colaba/CST),South Mumbai (Colaba/CST),True,South Mumbai (Colaba/CST),18.92291512188844,72.82643448841735
"FIR No. 0019/2026, P.S. Colaba/CST",2026-05-22 19:46:00,ASSAULT,ASSAULT incident reported in South Mumbai (Colaba/CST),South Mumbai (Colaba/CST),True,South Mumbai (Colaba/CST),18.938559427233585,72.83575402416037
"FIR No. 0519/2025, P.S. Andheri",2025-10-04 14:15:00,THEFT,THEFT incident reported in Western Suburbs (Andheri),Western Suburbs (Andheri),False,Western Suburbs (Andheri),19.11652155800685,72.83448089488627
"FIR No. 0117/2023, P.S. Kurla",2023-02-16 12:25:00,ASSAULT,ASSAULT incident reported in Eastern Suburbs (Kurla),Eastern Suburbs (Kurla),False,Eastern Suburbs (Kurla),19.081571586020548,72.85783996421574
82604959/2026,2026-06-06 19:19:00,THEFT,THEFT incident reported in Western Suburbs (Andheri),Western Suburbs (Andheri),False,Western Suburbs (Andheri),19.12525509460547,72.85082596927973
"FIR No. 0135/2023, P.S. Andheri",2023-05-08 18:45:00,THEFT,THEFT incident reported in Western Suburbs (Andheri),Western Suburbs (Andheri),True,Western Suburbs (Andheri),19.135152791470286,72.81141560241456
88418792/2026,2026-04-26 23:41:00,THEFT,THEFT incident reported in South Mumbai (Colaba/CST),South Mumbai (Colaba/CST),False,South Mumbai (Colaba/CST),18.91785504351621,72.81737300179107
"FIR No. 0409/2024, P.S. Malad",2024-11-01 23:14:00,OTHER,OTHER incident reported in Northern Suburbs (Malad),Northern Suburbs (Malad),False,Northern Suburbs (Malad),19.176772498237334,72.83457945290766
"FIR No. 0071/2026, P.S. Bandra",2026-01-11 08:37:00,ASSAULT,ASSAULT incident reported in Western Suburbs (Bandra),Western Suburbs (Bandra),False,Western Suburbs (Bandra),19.066866040656745,72.84610938802626
"FIR No. 0112/2024, P.S. Dadar",2024-08-06 07:30:00,ROBBERY,ROBBERY incident reported in Central Mumbai (Dadar),Central Mumbai (Dadar),False,Central Mumbai (Dadar),19.020731650083462,72.8241028023729
"FIR No. 0455/2023, P.S. Colaba/CST",2023-12-08 22:19:00,ROBBERY,ROBBERY incident reported in South Mumbai (Colaba/CST),South Mumbai (Colaba/CST),False,South Mumbai (Colaba/CST),18.91975225906536,72.84792121228571
87568981/2024,2024-05-24 07:14:00,ASSAULT,ASSAULT incident reported in Western Suburbs (Andheri),Western Suburbs (Andheri),True,Western Suburbs (Andheri),19.09650092620232,72.83871042118714
"FIR No. 0192/2025, P.S. Kurla",2025-02-13 08:26:00,ASSAULT,ASSAULT incident reported in Eastern Suburbs (Kurla),Eastern Suburbs (Kurla),False,Eastern Suburbs (Kurla),19.068370801431755,72.86742585863142
"FIR No. 0042/2025, P.S. Malad",2025-03-27 20:33:00,ASSAULT,ASSAULT incident reported in Northern Suburbs (Malad),Northern Suburbs (Malad),False,Northern Suburbs (Malad),19.19523958855165,72.84796488771309
88480331/2025,2025-12-11 15:50:00,THEFT,THEFT incident reported in South Mumbai (Colaba/CST),South Mumbai (Colaba/CST),False,South Mumbai (Colaba/CST),18.927034010560977,72.83151798592091
"FIR No. 0109/2025, P.S. Colaba/CST",2025-12-14 15:51:00,ROBBERY,ROBBERY incident reported in South Mumbai (Colaba/CST),South Mumbai (Colaba/CST),False,South Mumbai (Colaba/CST),18.92451184874404,72.8222547754271
"FIR No. 0056/2023, P.S. Bandra",2023-10-24 12:12:00,THEFT,THEFT incident reported in Western Suburbs (Bandra),Western Suburbs (Bandra),False,Western Suburbs (Bandra),19.077018954207315,72.84233830394244
"FIR No. 0076/2023, P.S. Kurla",2023-02-13 23:10:00,ASSAULT,ASSAULT incident reported in Eastern Suburbs (Kurla),Eastern Suburbs (Kurla),False,Eastern Suburbs (Kurla),19.06019828603795,72.89062672013598
84960057/2026,2026-04-23 12:05:00,THEFT,THEFT incident reported in Western Suburbs (Bandra),Western Suburbs (Bandra),False,Western Suburbs (Bandra),19.026467075483023,72.8328815777777
80001336/2025,2025-05-04 02:22:00,THEFT,THEFT incident reported in Central Mumbai (Dadar),Central Mumbai (Dadar),False,Central Mumbai (Dadar),19.020992414436343,72.84020368555998
"FIR No. 0568/2024, P.S. Colaba/CST",2024-07-31 13:38:00,BURGLARY,BURGLARY incident reported in South Mumbai (Colaba/CST),South Mumbai (Colaba/CST),True,South Mumbai (Colaba/CST),18.93751084122312,72.83991507577674
"FIR No. 0127/2023, P.S. Andheri",2023-12-20 04:18:00,ASSAULT,ASSAULT incident reported in Western Suburbs (Andheri),Western Suburbs (Andheri),False,Western Suburbs (Andheri),19.11021308042514,72.82700416960482
88356978/2023,2023-10-24 04:03:00,ASSAULT,ASSAULT incident reported in South Mumbai (Colaba/CST),South Mumbai (Colaba/CST),False,South Mumbai (Colaba/CST),18.93529038562908,72.84349086161212
"FIR No. 0080/2023, P.S. Colaba/CST",2023-05-14 18:55:00,BURGLARY,BURGLARY incident reported in South Mumbai (Colaba/CST),South Mumbai (Colaba/CST),False,South Mumbai (Colaba/CST),18.92249679054005,72.82608006555753
"FIR No. 0155/2024, P.S. Dadar",2024-02-02 23:49:00,THEFT,THEFT incident reported in Central Mumbai (Dadar),Central Mumbai (Dadar),False,Central Mumbai (Dadar),19.004187886554742,72.85892178846316
"FIR No. 0487/2026, P.S. Bandra",2026-08-24 18:38:00,BURGLARY,BURGLARY incident reported in Western Suburbs (Bandra),Western Suburbs (Bandra),False,Western Suburbs (Bandra),19.07230184736255,72.80522405406069
"FIR No. 0088/2025, P.S. Dadar",2025-02-26 00:12:00,ASSAULT,ASSAULT incident reported in Central Mumbai (Dadar),Central Mumbai (Dadar),True,Central Mumbai (Dadar),19.004450894766872,72.84543693515626
82495597/2024,2024-11-27 12:02:00,ROBBERY,ROBBERY incident reported in South Mumbai (Colaba/CST),South Mumbai (Colaba/CST),True,South Mumbai (Colaba/CST),18.93986827634781,72.8565411049918
87872602/2023,2023-02-15 21:04:00,CYBER,CYBER incident reported in Northern Suburbs (Malad),Northern Suburbs (Malad),False,Northern Suburbs (Malad),19.1755023170606,72.85369975438135
"FIR No. 0519/2023, P.S. Kurla",2023-08-22 02:40:00,THEFT,THEFT incident reported in Eastern Suburbs (Kurla),Eastern Suburbs (Kurla),False,Eastern Suburbs (Kurla),19.054879650486264,72.89352161811605
"FIR No. 0058/2025, P.S. Andheri",2025-05-21 11:55:00,ROBBERY,ROBBERY incident reported in Western Suburbs (Andheri),Western Suburbs (Andheri),True,Western Suburbs (Andheri),19.138424958688923,72.83930838599481
"FIR No. 0776/2024, P.S. Kurla",2024-10-21 08:54:00,THEFT,THEFT incident reported in Eastern Suburbs (Kurla),Eastern Suburbs (Kurla),True,Eastern Suburbs (Kurla),19.057242183964377,72.86463358665775
89561632/2025,2025-10-08 02:54:00,THEFT,THEFT incident reported in Western Suburbs (Andheri),Western Suburbs (Andheri),True,Western Suburbs (Andheri),19.0973534457388,72.82314897363933
"FIR No. 0316/2023, P.S. Malad",2023-05-16 08:48:00,THEFT,THEFT incident reported in Northern Suburbs (Malad),Northern Suburbs (Malad),False,Northern Suburbs (Malad),19.177343853482903,72.85146799580971
"FIR No. 0194/2024, P.S. Bandra",2024-04-08 10:25:00,BURGLARY,BURGLARY incident reported in Western Suburbs (Bandra),Western Suburbs (Bandra),False,Western Suburbs (Bandra),19.058900112694506,72.8257578148784
83591425/2025,2025-01-01 02:45:00,BURGLARY,BURGLARY incident reported in South Mumbai (Colaba/CST),South Mumbai (Colaba/CST),True,South Mumbai (Colaba/CST),18.932856896546674,72.83564478370519
89556875/2025,2025-11-04 16:21:00,ASSAULT,ASSAULT incident reported in South Mumbai (Colaba/CST),South Mumbai (Colaba/CST),False,South Mumbai (Colaba/CST),18.93184613511763,72.83232776682391
"FIR No. 0507/2024, P.S. Dadar",2024-09-28 20:26:00,ROBBERY,ROBBERY incident reported in Central Mumbai (Dadar),Central Mumbai (Dadar),False,Central Mumbai (Dadar),19.0338168191,72.82680021754594
"FIR No. 0286/2026, P.S. Dadar",2026-06-26 04:41:00,THEFT,THEFT incident reported in Central Mumbai (Dadar),Central Mumbai (Dadar),True,Central Mumbai (Dadar),19.029556640362195,72.83540465904774
"FIR No. 0268/2023, P.S. Colaba/CST",2023-04-15 02:59:00,ASSAULT,ASSAULT incident reported in South Mumbai (Colaba/CST),South Mumbai (Colaba/CST),False,South Mumbai (Colaba/CST),18.912248291982667,72.82349889313936
"FIR No. 0053/2024, P.S. Malad",2024-09-12 06:19:00,THEFT,THEFT incident reported in Northern Suburbs (Malad),Northern Suburbs (Malad),False,Northern Suburbs (Malad),19.15715783649892,72.85345520795342
"FIR No. 0467/2024, P.S. Andheri",2024-12-01 05:15:00,THEFT,THEFT incident reported in Western Suburbs (Andheri),Western Suburbs (Andheri),False,Western Suburbs (Andheri),19.115323715630105,72.85160157894575
"FIR No. 0261/2026, P.S. Colaba/CST",2026-05-16 14:27:00,ASSAULT,ASSAULT incident reported in South Mumbai (Colaba/CST),South Mumbai (Colaba/CST),False,South Mumbai (Colaba/CST),18.95564779363736,72.83972554692359
88085413/2023,2023-01-26 05:07:00,ROBBERY,ROBBERY incident reported in South Mumbai (Colaba/CST),South Mumbai (Colaba/CST),False,South Mumbai (Colaba/CST),18.93272948202608,72.86300374300639
84385847/2024,2024-08-15 02:02:00,THEFT,THEFT incident reported in Western Suburbs (Andheri),Western Suburbs (Andheri),False,Western Suburbs (Andheri),19.12081803707064,72.83685809899134
"FIR No. 0236/2024, P.S. Bandra",2024-08-24 03:00:00,THEFT,THEFT incident reported in Western Suburbs (Bandra),Western Suburbs (Bandra),False,Western Suburbs (Bandra),19.069521471306388,72.83657304179704
"FIR No. 0212/2023, P.S. Bandra",2023-08-03 06:45:00,CYBER,CYBER incident reported in Western Suburbs (Bandra),Western Suburbs (Bandra),True,Western Suburbs (Bandra),19.035432022257297,72.83433810731137
"FIR No. 0288/2026, P.S. Colaba/CST",2026-05-26 19:44:00,ASSAULT,ASSAULT incident reported in South Mumbai (Colaba/CST),South Mumbai (Colaba/CST),False,South Mumbai (Colaba/CST),18.91070259054529,72.81173626327987
"FIR No. 0071/2024, P.S. Bandra",2024-05-31 08:15:00,THEFT,THEFT incident reported in Western Suburbs (Bandra),Western Suburbs (Bandra),False,Western Suburbs (Bandra),19.08210781268098,72.85782351003802
"FIR No. 0649/2025, P.S. Andheri",2025-11-17 18:28:00,ASSAULT,ASSAULT incident reported in Western Suburbs (Andheri),Western Suburbs (Andheri),False,Western Suburbs (Andheri),19.11584305514027,72.84736888305228
"FIR No. 0445/2023, P.S. Andheri",2023-06-12 19:05:00,CYBER,CYBER incident reported in Western Suburbs (Andheri),Western Suburbs (Andheri),False,Western Suburbs (Andheri),19.139876348443256,72.86298372862069
84000219/2025,2025-08-04 02:55:00,THEFT,THEFT incident reported in Western Suburbs (Bandra),Western Suburbs (Bandra),True,Western Suburbs (Bandra),19.077182806714585,72.82510161682188
"FIR No. 0276/2024, P.S. Andheri",2024-04-12 21:49:00,THEFT,THEFT incident reported in Western Suburbs (Andheri),Western Suburbs (Andheri),False,Western Suburbs (Andheri),19.096909004741963,72.84701827968854
"FIR No. 0479/2026, P.S. Malad",2026-08-19 08:06:00,ASSAULT,ASSAULT incident reported in Northern Suburbs (Malad),Northern Suburbs (Malad),False,Northern Suburbs (Malad),19.18905141635471,72.86579789019439
"FIR No. 1033/2024, P.S. Colaba/CST",2024-12-10 21:21:00,THEFT,THEFT incident reported in South Mumbai (Colaba/CST),South Mumbai (Colaba/CST),False,South Mumbai (Colaba/CST),18.92734341636973,72.80631242408897
"FIR No. 0192/2024, P.S. Bandra",2024-03-20 03:36:00,THEFT,THEFT incident reported in Western Suburbs (Bandra),Western Suburbs (Bandra),True,Western Suburbs (Bandra),19.07832518788595,72.82230520042354
"FIR No. 0141/2024, P.S. Dadar",2024-09-22 15:23:00,THEFT,THEFT incident reported in Central Mumbai (Dadar),Central Mumbai (Dadar),True,Central Mumbai (Dadar),18.989720849955614,72.84607116590007
"FIR No. 0602/2025, P.S. Malad",2025-09-30 11:01:00,THEFT,THEFT incident reported in Northern Suburbs (Malad),Northern Suburbs (Malad),False,Northern Suburbs (Malad),19.175861215678587,72.81027034260873
"FIR No. 0341/2026, P.S. Colaba/CST",2026-06-13 01:59:00,THEFT,THEFT incident reported in South Mumbai (Colaba/CST),South Mumbai (Colaba/CST),False,South Mumbai (Colaba/CST),18.938756292508764,72.84857196894384
"FIR No. 0059/2024, P.S. Bandra",2024-10-31 14:58:00,ASSAULT,ASSAULT incident reported in Western Suburbs (Bandra),Western Suburbs (Bandra),True,Western Suburbs (Bandra),19.069439129485463,72.8270020612048
"FIR No. 0175/2023, P.S. Bandra",2023-05-21 02:58:00,BURGLARY,BURGLARY incident reported in Western Suburbs (Bandra),Western Suburbs (Bandra),False,Western Suburbs (Bandra),19.10354587036144,72.8286266557732
"FIR No. 0657/2023, P.S. Colaba/CST",2023-08-12 11:18:00,THEFT,THEFT incident reported in South Mumbai (Colaba/CST),South Mumbai (Colaba/CST),True,South Mumbai (Colaba/CST),18.934049700750823,72.82137806949493
"FIR No. 0066/2023, P.S. Andheri",2023-01-13 09:08:00,BURGLARY,BURGLARY incident reported in Western Suburbs (Andheri),Western Suburbs (Andheri),False,Western Suburbs (Andheri),19.115676703150484,72.84270494534653
"FIR No. 0119/2024, P.S. Dadar",2024-07-13 03:36:00,BURGLARY,BURGLARY incident reported in Central Mumbai (Dadar),Central Mumbai (Dadar),False,Central Mumbai (Dadar),19.049629536500163,72.84322838789926
80091761/2023,2023-06-30 12:21:00,ASSAULT,ASSAULT incident reported in Western Suburbs (Andheri),Western Suburbs (Andheri),False,Western Suburbs (Andheri),19.12128355282833,72.86035859006812
"FIR No. 0164/2023, P.S. Kurla",2023-08-01 11:14:00,CYBER,CYBER incident reported in Eastern Suburbs (Kurla),Eastern Suburbs (Kurla),False,Eastern Suburbs (Kurla),19.068272428175863,72.89484678100088
"FIR No. 0119/2024, P.S. Kurla",2024-05-07 04:30:00,THEFT,THEFT incident reported in Eastern Suburbs (Kurla),Eastern Suburbs (Kurla),False,Eastern Suburbs (Kurla),19.05126771153489,72.90388284182909
"FIR No. 0737/2026, P.S. Colaba/CST",2026-07-20 05:25:00,CYBER,CYBER incident reported in South Mumbai (Colaba/CST),South Mumbai (Colaba/CST),False,South Mumbai (Colaba/CST),18.9236835057332,72.8354458251504
"FIR No. 0076/2023, P.S. Andheri",2023-03-04 03:23:00,THEFT,THEFT incident reported in Western Suburbs (Andheri),Western Suburbs (Andheri),False,Western Suburbs (Andheri),19.11634997620993,72.85455529917215
"FIR No. 0004/2023, P.S. Dadar",2023-01-13 18:02:00,THEFT,THEFT incident reported in Central Mumbai (Dadar),Central Mumbai (Dadar),False,Central Mumbai (Dadar),19.012836935511693,72.87089802633801
"FIR No. 0456/2026, P.S. Kurla",2026-05-26 04:26:00,THEFT,THEFT incident reported in Eastern Suburbs (Kurla),Eastern Suburbs (Kurla),True,Eastern Suburbs (Kurla),19.087065153996782,72.8737211255513
"FIR No. 0049/2024, P.S. Andheri",2024-01-13 17:19:00,THEFT,THEFT incident reported in Western Suburbs (Andheri),Western Suburbs (Andheri),False,Western Suburbs (Andheri),19.126353718462767,72.854790112029
85840248/2026,2026-06-06 04:02:00,THEFT,THEFT incident reported in Western Suburbs (Bandra),Western Suburbs (Bandra),False,Western Suburbs (Bandra),19.085334940313462,72.83854592693311
"FIR No. 0011/2024, P.S. Bandra",2024-03-07 19:19:00,THEFT,THEFT incident reported in Western Suburbs (Bandra),Western Suburbs (Bandra),False,Western Suburbs (Bandra),19.026339893795367,72.82927394421768
"FIR No. 0516/2025, P.S. Andheri",2025-10-20 08:12:00,CYBER,CYBER incident reported in Western Suburbs (Andheri),Western Suburbs (Andheri),True,Western Suburbs (Andheri),19.108031066031973,72.84218592668687
"FIR No. 0399/2024, P.S. Kurla",2024-10-19 21:31:00,THEFT,THEFT incident reported in Eastern Suburbs (Kurla),Eastern Suburbs (Kurla),False,Eastern Suburbs (Kurla),19.064245475181178,72.88331056557608
82284259/2023,2023-01-22 14:12:00,THEFT,THEFT incident reported in Eastern Suburbs (Kurla),Eastern Suburbs (Kurla),True,Eastern Suburbs (Kurla),19.039881281704226,72.8993077133521
"FIR No. 0231/2025, P.S. Andheri",2025-05-26 05:03:00,ROBBERY,ROBBERY incident reported in Western Suburbs (Andheri),Western Suburbs (Andheri),False,Western Suburbs (Andheri),19.12639451841684,72.84512621840828
"FIR No. 0151/2025, P.S. Bandra",2025-06-04 14:27:00,THEFT,THEFT incident reported in Western Suburbs (Bandra),Western Suburbs (Bandra),False,Western Suburbs (Bandra),19.06525231365103,72.82542735730652
"FIR No. 0256/2023, P.S. Colaba/CST",2023-03-26 05:55:00,THEFT,THEFT incident reported in South Mumbai (Colaba/CST),South Mumbai (Colaba/CST),False,South Mumbai (Colaba/CST),18.8981960896325,72.83448833460012
"FIR No. 0050/2023, P.S. Andheri",2023-03-04 21:05:00,ASSAULT,ASSAULT incident reported in Western Suburbs (Andheri),Western Suburbs (Andheri),False,Western Suburbs (Andheri),19.12180882391718,72.84208428263855
"FIR No. 0864/2024, P.S. Colaba/CST",2024-12-20 11:15:00,THEFT,THEFT incident reported in South Mumbai (Colaba/CST),South Mumbai (Colaba/CST),False,South Mumbai (Colaba/CST),18.914769833380667,72.83517758727236
"FIR No. 0868/2023, P.S. Andheri",2023-09-23 10:02:00,THEFT,THEFT incident reported in Western Suburbs (Andheri),Western Suburbs (Andheri),False,Western Suburbs (Andheri),19.111568947223528,72.84757393970676
"FIR No. 0240/2025, P.S. Bandra",2025-08-18 23:59:00,ASSAULT,ASSAULT incident reported in Western Suburbs (Bandra),Western Suburbs (Bandra),False,Western Suburbs (Bandra),19.080518041363675,72.81605732441078
"FIR No. 0251/2025, P.S. Bandra",2025-06-02 10:35:00,THEFT,THEFT incident reported in Western Suburbs (Bandra),Western Suburbs (Bandra),True,Western Suburbs (Bandra),19.072400502601297,72.81965234244964
"FIR No. 0930/2024, P.S. Malad",2024-12-28 07:47:00,ASSAULT,ASSAULT incident reported in Northern Suburbs (Malad),Northern Suburbs (Malad),False,Northern Suburbs (Malad),19.18585794831834,72.86862486772961
81365552/2024,2024-01-09 16:29:00,THEFT,THEFT incident reported in South Mumbai (Colaba/CST),South Mumbai (Colaba/CST),False,South Mumbai (Colaba/CST),18.91986329114936,72.8314931515747
88935602/2023,2023-04-27 11:06:00,THEFT,THEFT incident reported in South Mumbai (Colaba/CST),South Mumbai (Colaba/CST),False,South Mumbai (Colaba/CST),18.90920552424132,72.84020986779122
"FIR No. 0256/2026, P.S. Colaba/CST",2026-03-22 18:11:00,ASSAULT,ASSAULT incident reported in South Mumbai (Colaba/CST),South Mumbai (Colaba/CST),False,South Mumbai (Colaba/CST),18.914904246194183,72.83915794952765
"FIR No. 0129/2024, P.S. Bandra",2024-04-05 09:33:00,ASSAULT,ASSAULT incident reported in Western Suburbs (Bandra),Western Suburbs (Bandra),False,Western Suburbs (Bandra),19.046831955324976,72.87685925645803
"FIR No. 0502/2026, P.S. Bandra",2026-07-25 11:38:00,ASSAULT,ASSAULT incident reported in Western Suburbs (Bandra),Western Suburbs (Bandra),True,Western Suburbs (Bandra),19.062750184808724,72.82902469395117
"FIR No. 0045/2026, P.S. Kurla",2026-03-12 23:17:00,THEFT,THEFT incident reported in Eastern Suburbs (Kurla),Eastern Suburbs (Kurla),False,Eastern Suburbs (Kurla),19.10472575681736,72.90167288763152
"FIR No. 0168/2023, P.S. Colaba/CST",2023-04-28 15:14:00,ROBBERY,ROBBERY incident reported in South Mumbai (Colaba/CST),South Mumbai (Colaba/CST),False,South Mumbai (Colaba/CST),18.91929149988694,72.8559718302169
"FIR No. 0386/2026, P.S. Colaba/CST",2026-05-13 05:01:00,THEFT,THEFT incident reported in South Mumbai (Colaba/CST),South Mumbai (Colaba/CST),True,South Mumbai (Colaba/CST),18.945760581154413,72.8400141430072
"FIR No. 0019/2025, P.S. Dadar",2025-02-16 02:19:00,BURGLARY,BURGLARY incident reported in Central Mumbai (Dadar),Central Mumbai (Dadar),False,Central Mumbai (Dadar),19.01216328122722,72.8316353676914
"FIR No. 0198/2024, P.S. Andheri",2024-07-04 22:37:00,BURGLARY,BURGLARY incident reported in Western Suburbs (Andheri),Western Suburbs (Andheri),False,Western Suburbs (Andheri),19.128261097208053,72.84965207455035
"FIR No. 0180/2026, P.S. Andheri",2026-02-25 14:37:00,CYBER,CYBER incident reported in Western Suburbs (Andheri),Western Suburbs (Andheri),True,Western Suburbs (Andheri),19.127926551962886,72.85726044543385
"FIR No. 0814/2025, P.S. Malad",2025-11-04 01:54:00,ASSAULT,ASSAULT incident reported in Northern Suburbs (Malad),Northern Suburbs (Malad),False,Northern Suburbs (Malad),19.199704865558623,72.84005179491844
"FIR No. 0820/2023, P.S. Andheri",2023-11-02 01:22:00,BURGLARY,BURGLARY incident reported in Western Suburbs (Andheri),Western Suburbs (Andheri),False,Western Suburbs (Andheri),19.09706490742668,72.8460267766635
"FIR No. 0058/2026, P.S. Colaba/CST",2026-02-28 07:46:00,ASSAULT,ASSAULT incident reported in South Mumbai (Colaba/CST),South Mumbai (Colaba/CST),False,South Mumbai (Colaba/CST),18.93947000260067,72.85174030312801
"FIR No. 0489/2023, P.S. Colaba/CST",2023-08-19 05:55:00,CYBER,CYBER incident reported in South Mumbai (Colaba/CST),South Mumbai (Colaba/CST),False,South Mumbai (Colaba/CST),18.920702573502005,72.83461334439947
83501142/2024,2024-01-31 00:27:00,THEFT,THEFT incident reported in Western Suburbs (Bandra),Western Suburbs (Bandra),True,Western Suburbs (Bandra),19.05891563083013,72.8130592355695
"FIR No. 0474/2023, P.S. Bandra",2023-07-08 02:57:00,ASSAULT,ASSAULT incident reported in Western Suburbs (Bandra),Western Suburbs (Bandra),False,Western Suburbs (Bandra),19.0717033646967,72.81341838499964
"FIR No. 0069/2023, P.S. Dadar",2023-01-26 01:01:00,THEFT,THEFT incident reported in Central Mumbai (Dadar),Central Mumbai (Dadar),True,Central Mumbai (Dadar),19.00684705502994,72.86391684877438
88518679/2023,2023-07-29 09:03:00,THEFT,THEFT incident reported in South Mumbai (Colaba/CST),South Mumbai (Colaba/CST),False,South Mumbai (Colaba/CST),18.941606726961524,72.81692029480676
"FIR No. 0244/2025, P.S. Andheri",2025-06-19 18:55:00,ASSAULT,ASSAULT incident reported in Western Suburbs (Andheri),Western Suburbs (Andheri),False,Western Suburbs (Andheri),19.134443081679564,72.85328775636593
"FIR No. 0126/2025, P.S. Colaba/CST",2025-11-30 17:04:00,ASSAULT,ASSAULT incident reported in South Mumbai (Colaba/CST),South Mumbai (Colaba/CST),False,South Mumbai (Colaba/CST),18.97554029783893,72.84291406215354
83336339/2025,2025-10-26 17:57:00,BURGLARY,BURGLARY incident reported in South Mumbai (Colaba/CST),South Mumbai (Colaba/CST),False,South Mumbai (Colaba/CST),18.906422598614355,72.82388493196646
81083622/2025,2025-01-30 20:55:00,ASSAULT,ASSAULT incident reported in Northern Suburbs (Malad),Northern Suburbs (Malad),True,Northern Suburbs (Malad),19.164891094184377,72.85860626314395
87522790/2025,2025-03-26 23:42:00,THEFT,THEFT incident reported in Eastern Suburbs (Kurla),Eastern Suburbs (Kurla),True,Eastern Suburbs (Kurla),19.063699830723923,72.89366867828521
"FIR No. 0171/2023, P.S. Bandra",2023-05-26 00:20:00,BURGLARY,BURGLARY incident reported in Western Suburbs (Bandra),Western Suburbs (Bandra),False,Western Suburbs (Bandra),19.062358364223208,72.83043827495078
"FIR No. 0375/2025, P.S. Kurla",2025-11-25 22:36:00,ASSAULT,ASSAULT incident reported in Eastern Suburbs (Kurla),Eastern Suburbs (Kurla),True,Eastern Suburbs (Kurla),19.067169536869507,72.88657773155643
"FIR No. 0424/2024, P.S. Andheri",2024-05-29 13:51:00,ASSAULT,ASSAULT incident reported in Western Suburbs (Andheri),Western Suburbs (Andheri),False,Western Suburbs (Andheri),19.119599697014667,72.8320194940722
"FIR No. 0189/2024, P.S. Dadar",2024-06-28 15:41:00,THEFT,THEFT incident reported in Central Mumbai (Dadar),Central Mumbai (Dadar),True,Central Mumbai (Dadar),18.98026998259092,72.84807677274556
"FIR No. 0473/2025, P.S. Colaba/CST",2025-08-03 03:50:00,THEFT,THEFT incident reported in South Mumbai (Colaba/CST),South Mumbai (Colaba/CST),False,South Mumbai (Colaba/CST),18.91203495993325,72.82983143529192
"FIR No. 0186/2024, P.S. Malad",2024-03-02 04:28:00,THEFT,THEFT incident reported in Northern Suburbs (Malad),Northern Suburbs (Malad),False,Northern Suburbs (Malad),19.1871707242392,72.83865325051812
82170442/2024,2024-08-24 23:06:00,ROBBERY,ROBBERY incident reported in Central Mumbai (Dadar),Central Mumbai (Dadar),True,Central Mumbai (Dadar),19.0132097794274,72.85980792322906
84639819/2025,2025-08-11 19:23:00,ASSAULT,ASSAULT incident reported in South Mumbai (Colaba/CST),South Mumbai (Colaba/CST),False,South Mumbai (Colaba/CST),18.93684119518112,72.81779954512776
"FIR No. 0131/2025, P.S. Malad",2025-03-22 03:26:00,THEFT,THEFT incident reported in Northern Suburbs (Malad),Northern Suburbs (Malad),False,Northern Suburbs (Malad),19.2040077795182,72.83990402280745
"FIR No. 0140/2023, P.S. Andheri",2023-04-01 05:22:00,ASSAULT,ASSAULT incident reported in Western Suburbs (Andheri),Western Suburbs (Andheri),False,Western Suburbs (Andheri),19.123012396333884,72.81850947366009
89152350/2025,2025-02-02 03:03:00,THEFT,THEFT incident reported in Western Suburbs (Andheri),Western Suburbs (Andheri),True,Western Suburbs (Andheri),19.120366837108094,72.84611190895008
"FIR No. 0785/2024, P.S. Dadar",2024-11-27 22:47:00,THEFT,THEFT incident reported in Central Mumbai (Dadar),Central Mumbai (Dadar),False,Central Mumbai (Dadar),19.0388436940589,72.85742307932291
"FIR No. 0253/2023, P.S. Colaba/CST",2023-05-26 04:41:00,THEFT,THEFT incident reported in South Mumbai (Colaba/CST),South Mumbai (Colaba/CST),False,South Mumbai (Colaba/CST),18.91195246828041,72.81748104198606
"FIR No. 0390/2025, P.S. Andheri",2025-09-03 15:33:00,THEFT,THEFT incident reported in Western Suburbs (Andheri),Western Suburbs (Andheri),True,Western Suburbs (Andheri),19.114238714871224,72.84511379607277
"FIR No. 0184/2026, P.S. Colaba/CST",2026-03-15 05:55:00,THEFT,THEFT incident reported in South Mumbai (Colaba/CST),South Mumbai (Colaba/CST),True,South Mumbai (Colaba/CST),18.915230077823384,72.82332109278771
"FIR No. 0389/2023, P.S. Bandra",2023-07-29 20:19:00,ASSAULT,ASSAULT incident reported in Western Suburbs (Bandra),Western Suburbs (Bandra),False,Western Suburbs (Bandra),19.07626304169944,72.83290599947111
83090435/2023,2023-10-15 03:01:00,THEFT,THEFT incident reported in Western Suburbs (Bandra),Western Suburbs (Bandra),True,Western Suburbs (Bandra),19.06474058810318,72.83968051199923
"FIR No. 0369/2024, P.S. Bandra",2024-05-14 23:40:00,CYBER,CYBER incident reported in Western Suburbs (Bandra),Western Suburbs (Bandra),False,Western Suburbs (Bandra),19.078465666777515,72.8520787528929
"FIR No. 0073/2026, P.S. Colaba/CST",2026-04-18 10:01:00,ASSAULT,ASSAULT incident reported in South Mumbai (Colaba/CST),South Mumbai (Colaba/CST),False,South Mumbai (Colaba/CST),18.92094041508897,72.83157880980337
"FIR No. 0040/2024, P.S. Colaba/CST",2024-03-22 19:41:00,CYBER,CYBER incident reported in South Mumbai (Colaba/CST),South Mumbai (Colaba/CST),False,South Mumbai (Colaba/CST),18.933157493631427,72.81335532729709
"FIR No. 0246/2024, P.S. Colaba/CST",2024-06-21 00:42:00,ROBBERY,ROBBERY incident reported in South Mumbai (Colaba/CST),South Mumbai (Colaba/CST),False,South Mumbai (Colaba/CST),18.945401403881096,72.81641358447007
85654156/2023,2023-08-12 15:26:00,ASSAULT,ASSAULT incident reported in Central Mumbai (Dadar),Central Mumbai (Dadar),False,Central Mumbai (Dadar),18.992711368547493,72.86881882620744
"FIR No. 0030/2024, P.S. Bandra",2024-11-26 06:16:00,THEFT,THEFT incident reported in Western Suburbs (Bandra),Western Suburbs (Bandra),False,Western Suburbs (Bandra),19.050706378742696,72.80657976797505
81741931/2025,2025-04-18 02:22:00,CYBER,CYBER incident reported in Western Suburbs (Bandra),Western Suburbs (Bandra),False,Western Suburbs (Bandra),19.07474428059637,72.8234805093305
"FIR No. 0005/2023, P.S. Malad",2023-02-13 14:34:00,ROBBERY,ROBBERY incident reported in Northern Suburbs (Malad),Northern Suburbs (Malad),False,Northern Suburbs (Malad),19.20679036525116,72.85367337505667
"FIR No. 0051/2025, P.S. Kurla",2025-01-20 04:28:00,ASSAULT,ASSAULT incident reported in Eastern Suburbs (Kurla),Eastern Suburbs (Kurla),False,Eastern Suburbs (Kurla),19.07344241552748,72.88912193070094
"FIR No. 0321/2024, P.S. Bandra",2024-11-02 06:34:00,ROBBERY,ROBBERY incident reported in Western Suburbs (Bandra),Western Suburbs (Bandra),False,Western Suburbs (Bandra),19.038402123487145,72.8568981063865
"FIR No. 0256/2025, P.S. Bandra",2025-10-08 12:38:00,THEFT,THEFT incident reported in Western Suburbs (Bandra),Western Suburbs (Bandra),False,Western Suburbs (Bandra),19.079519355247363,72.8503585004892
"FIR No. 0232/2024, P.S. Malad",2024-05-12 04:57:00,BURGLARY,BURGLARY incident reported in Northern Suburbs (Malad),Northern Suburbs (Malad),True,Northern Suburbs (Malad),19.226951348464134,72.84456923274297
"FIR No. 0053/2025, P.S. Colaba/CST",2025-03-29 18:34:00,BURGLARY,BURGLARY incident reported in South Mumbai (Colaba/CST),South Mumbai (Colaba/CST),False,South Mumbai (Colaba/CST),18.94689802256696,72.82252214350504
82908472/2025,2025-03-14 07:04:00,ROBBERY,ROBBERY incident reported in Central Mumbai (Dadar),Central Mumbai (Dadar),True,Central Mumbai (Dadar),19.01943413400244,72.82804657509432
"FIR No. 0077/2026, P.S. Andheri",2026-08-11 09:04:00,CYBER,CYBER incident reported in Western Suburbs (Andheri),Western Suburbs (Andheri),False,Western Suburbs (Andheri),19.13801266989577,72.85816963617772
"FIR No. 0571/2024, P.S. Dadar",2024-10-12 11:38:00,ROBBERY,ROBBERY incident reported in Central Mumbai (Dadar),Central Mumbai (Dadar),True,Central Mumbai (Dadar),19.04262891292456,72.83947745420512
"FIR No. 0016/2024, P.S. Kurla",2024-11-24 11:04:00,THEFT,THEFT incident reported in Eastern Suburbs (Kurla),Eastern Suburbs (Kurla),False,Eastern Suburbs (Kurla),19.081942912640347,72.88721839923919
"FIR No. 0076/2023, P.S. Malad",2023-07-03 02:16:00,CYBER,CYBER incident reported in Northern Suburbs (Malad),Northern Suburbs (Malad),False,Northern Suburbs (Malad),19.18994556839352,72.8359691750718
"FIR No. 0241/2026, P.S. Colaba/CST",2026-07-21 18:54:00,ROBBERY,ROBBERY incident reported in South Mumbai (Colaba/CST),South Mumbai (Colaba/CST),False,South Mumbai (Colaba/CST),18.965956036023748,72.85499035910995
"FIR No. 0114/2026, P.S. Andheri",2026-08-09 00:26:00,ASSAULT,ASSAULT incident reported in Western Suburbs (Andheri),Western Suburbs (Andheri),False,Western Suburbs (Andheri),19.09344225376749,72.82599160994491
"FIR No. 0118/2025, P.S. Bandra",2025-02-04 19:29:00,THEFT,THEFT incident reported in Western Suburbs (Bandra),Western Suburbs (Bandra),False,Western Suburbs (Bandra),19.051995767050425,72.82688067696292
83838407/2025,2025-10-23 09:29:00,ASSAULT,ASSAULT incident reported in Northern Suburbs (Malad),Northern Suburbs (Malad),False,Northern Suburbs (Malad),19.198693339685253,72.85194203626563
"FIR No. 0368/2024, P.S. Kurla",2024-09-08 06:46:00,BURGLARY,BURGLARY incident reported in Eastern Suburbs (Kurla),Eastern Suburbs (Kurla),False,Eastern Suburbs (Kurla),19.0740080661908,72.85886172391137
"FIR No. 0008/2026, P.S. Bandra",2026-04-16 10:08:00,ROBBERY,ROBBERY incident reported in Western Suburbs (Bandra),Western Suburbs (Bandra),False,Western Suburbs (Bandra),19.02849939556967,72.8524853464945
"FIR No. 0045/2026, P.S. Andheri",2026-03-23 08:57:00,THEFT,THEFT incident reported in Western Suburbs (Andheri),Western Suburbs (Andheri),False,Western Suburbs (Andheri),19.109542064116777,72.8410417330365
"FIR No. 0345/2025, P.S. Colaba/CST",2025-05-14 04:46:00,THEFT,THEFT incident reported in South Mumbai (Colaba/CST),South Mumbai (Colaba/CST),False,South Mumbai (Colaba/CST),18.94283567299977,72.83915229241562
"FIR No. 0159/2025, P.S. Colaba/CST",2025-07-09 11:08:00,ASSAULT,ASSAULT incident reported in South Mumbai (Colaba/CST),South Mumbai (Colaba/CST),True,South Mumbai (Colaba/CST),18.937686181760224,72.84416008668991
"FIR No. 0179/2025, P.S. Colaba/CST",2025-09-23 18:06:00,ASSAULT,ASSAULT incident reported in South Mumbai (Colaba/CST),South Mumbai (Colaba/CST),False,South Mumbai (Colaba/CST),18.93696640393476,72.83024549634942
"FIR No. 0149/2026, P.S. Kurla",2026-04-25 13:24:00,ASSAULT,ASSAULT incident reported in Eastern Suburbs (Kurla),Eastern Suburbs (Kurla),False,Eastern Suburbs (Kurla),19.0466770299479,72.87769326028703
"FIR No. 0865/2025, P.S. Dadar",2025-12-11 05:31:00,ASSAULT,ASSAULT incident reported in Central Mumbai (Dadar),Central Mumbai (Dadar),True,Central Mumbai (Dadar),19.026157025035733,72.84448020947998
"FIR No. 0087/2023, P.S. Dadar",2023-08-10 09:42:00,ASSAULT,ASSAULT incident reported in Central Mumbai (Dadar),Central Mumbai (Dadar),True,Central Mumbai (Dadar),19.00510984988566,72.89031866517293
"FIR No. 0123/2023, P.S. Colaba/CST",2023-03-29 09:39:00,THEFT,THEFT incident reported in South Mumbai (Colaba/CST),South Mumbai (Colaba/CST),True,South Mumbai (Colaba/CST),18.95622094553949,72.85607716384625
"FIR No. 0248/2025, P.S. Dadar",2025-07-11 21:20:00,CYBER,CYBER incident reported in Central Mumbai (Dadar),Central Mumbai (Dadar),True,Central Mumbai (Dadar),18.99935998568253,72.84250718326885
80005615/2025,2025-01-03 15:47:00,THEFT,THEFT incident reported in South Mumbai (Colaba/CST),South Mumbai (Colaba/CST),False,South Mumbai (Colaba/CST),18.92608480885152,72.81899665082486
"FIR No. 0577/2026, P.S. Colaba/CST",2026-06-16 23:08:00,THEFT,THEFT incident reported in South Mumbai (Colaba/CST),South Mumbai (Colaba/CST),False,South Mumbai (Colaba/CST),18.92341573225269,72.83853498561996
"FIR No. 0375/2024, P.S. Andheri",2024-09-01 13:02:00,ASSAULT,ASSAULT incident reported in Western Suburbs (Andheri),Western Suburbs (Andheri),False,Western Suburbs (Andheri),19.10612771806872,72.86265286015222
84080921/2023,2023-03-26 01:34:00,THEFT,THEFT incident reported in Eastern Suburbs (Kurla),Eastern Suburbs (Kurla),True,Eastern Suburbs (Kurla),19.06880354046498,72.86739774217268
"FIR No. 0451/2023, P.S. Malad",2023-11-13 15:08:00,THEFT,THEFT incident reported in Northern Suburbs (Malad),Northern Suburbs (Malad),False,Northern Suburbs (Malad),19.169749414473586,72.82923717901174
84201998/2024,2024-04-23 00:57:00,ASSAULT,ASSAULT incident reported in Eastern Suburbs (Kurla),Eastern Suburbs (Kurla),False,Eastern Suburbs (Kurla),19.06382356739901,72.89409300492716
"FIR No. 0146/2023, P.S. Dadar",2023-02-16 06:44:00,BURGLARY,BURGLARY incident reported in Central Mumbai (Dadar),Central Mumbai (Dadar),False,Central Mumbai (Dadar),19.017112888470177,72.84950460704816
"FIR No. 0050/2024, P.S. Bandra",2024-05-11 07:50:00,THEFT,THEFT incident reported in Western Suburbs (Bandra),Western Suburbs (Bandra),False,Western Suburbs (Bandra),19.06428104062243,72.84432764939298
"FIR No. 0072/2025, P.S. Bandra",2025-01-20 14:12:00,THEFT,THEFT incident reported in Western Suburbs (Bandra),Western Suburbs (Bandra),True,Western Suburbs (Bandra),19.075286874981217,72.83962314743954
"FIR No. 0031/2026, P.S. Colaba/CST",2026-01-12 14:58:00,ASSAULT,ASSAULT incident reported in South Mumbai (Colaba/CST),South Mumbai (Colaba/CST),False,South Mumbai (Colaba/CST),18.924690153107584,72.83592148773279
"FIR No. 0327/2024, P.S. Colaba/CST",2024-07-11 20:14:00,BURGLARY,BURGLARY incident reported in South Mumbai (Colaba/CST),South Mumbai (Colaba/CST),True,South Mumbai (Colaba/CST),18.929651050052566,72.8335094594291
"FIR No. 0056/2023, P.S. Kurla",2023-01-02 13:10:00,ASSAULT,ASSAULT incident reported in Eastern Suburbs (Kurla),Eastern Suburbs (Kurla),False,Eastern Suburbs (Kurla),19.05494216617392,72.88091358243041
"FIR No. 0337/2025, P.S. Colaba/CST",2025-11-16 23:25:00,BURGLARY,BURGLARY incident reported in South Mumbai (Colaba/CST),South Mumbai (Colaba/CST),False,South Mumbai (Colaba/CST),18.92556660023332,72.8241369545435
"FIR No. 0653/2025, P.S. Andheri",2025-08-07 12:08:00,CYBER,CYBER incident reported in Western Suburbs (Andheri),Western Suburbs (Andheri),False,Western Suburbs (Andheri),19.134097260549723,72.82006758497766
"FIR No. 0941/2024, P.S. Dadar",2024-12-13 02:00:00,THEFT,THEFT incident reported in Central Mumbai (Dadar),Central Mumbai (Dadar),False,Central Mumbai (Dadar),19.04775601946167,72.85948580259176
85767069/2023,2023-04-19 04:14:00,THEFT,THEFT incident reported in Northern Suburbs (Malad),Northern Suburbs (Malad),False,Northern Suburbs (Malad),19.154046686573626,72.84430397563082
"FIR No. 0178/2023, P.S. Bandra",2023-02-17 05:30:00,THEFT,THEFT incident reported in Western Suburbs (Bandra),Western Suburbs (Bandra),True,Western Suburbs (Bandra),19.09825114596121,72.8392509885307
81013831/2026,2026-03-15 00:59:00,CYBER,CYBER incident reported in Northern Suburbs (Malad),Northern Suburbs (Malad),False,Northern Suburbs (Malad),19.172655695229587,72.8206801825727
"FIR No. 0732/2023, P.S. Andheri",2023-10-24 06:29:00,THEFT,THEFT incident reported in Western Suburbs (Andheri),Western Suburbs (Andheri),False,Western Suburbs (Andheri),19.135198719358662,72.8448113236361
86534598/2024,2024-12-28 12:02:00,BURGLARY,BURGLARY incident reported in Western Suburbs (Andheri),Western Suburbs (Andheri),False,Western Suburbs (Andheri),19.134126494879176,72.8540790553263
"FIR No. 0010/2025, P.S. Andheri",2025-03-18 09:17:00,ASSAULT,ASSAULT incident reported in Western Suburbs (Andheri),Western Suburbs (Andheri),True,Western Suburbs (Andheri),19.11149339893409,72.84245611119424
"FIR No. 0840/2025, P.S. Colaba/CST",2025-09-28 16:03:00,ROBBERY,ROBBERY incident reported in South Mumbai (Colaba/CST),South Mumbai (Colaba/CST),True,South Mumbai (Colaba/CST),18.93384481149824,72.82537466164025
"FIR No. 0037/2024, P.S. Andheri",2024-03-09 15:56:00,ROBBERY,ROBBERY incident reported in Western Suburbs (Andheri),Western Suburbs (Andheri),False,Western Suburbs (Andheri),19.12896647537285,72.85041106590467
"FIR No. 0189/2024, P.S. Bandra",2024-06-06 07:40:00,THEFT,THEFT incident reported in Western Suburbs (Bandra),Western Suburbs (Bandra),False,Western Suburbs (Bandra),19.058887840207344,72.835310351032
89617476/2026,2026-01-13 04:04:00,ASSAULT,ASSAULT incident reported in South Mumbai (Colaba/CST),South Mumbai (Colaba/CST),False,South Mumbai (Colaba/CST),18.910480699080896,72.82510397010434
89475189/2025,2025-10-15 15:51:00,BURGLARY,BURGLARY incident reported in Western Suburbs (Andheri),Western Suburbs (Andheri),False,Western Suburbs (Andheri),19.104547367758684,72.8569216843439
"FIR No. 0551/2024, P.S. Bandra",2024-08-07 15:25:00,THEFT,THEFT incident reported in Western Suburbs (Bandra),Western Suburbs (Bandra),False,Western Suburbs (Bandra),19.08288483271745,72.81499481348875
"FIR No. 0068/2026, P.S. Kurla",2026-03-02 08:21:00,ROBBERY,ROBBERY incident reported in Eastern Suburbs (Kurla),Eastern Suburbs (Kurla),False,Eastern Suburbs (Kurla),19.049376208308736,72.8920419792302
"FIR No. 0468/2024, P.S. Andheri",2024-09-02 13:58:00,THEFT,THEFT incident reported in Western Suburbs (Andheri),Western Suburbs (Andheri),False,Western Suburbs (Andheri),19.13471999438906,72.83132294301456
"FIR No. 0049/2026, P.S. Bandra",2026-01-22 00:57:00,ASSAULT,ASSAULT incident reported in Western Suburbs (Bandra),Western Suburbs (Bandra),True,Western Suburbs (Bandra),19.05318717595009,72.8420843213164
"FIR No. 0003/2024, P.S. Bandra",2024-08-16 02:55:00,OTHER,OTHER incident reported in Western Suburbs (Bandra),Western Suburbs (Bandra),False,Western Suburbs (Bandra),19.09074047543429,72.84536661245882
80992028/2023,2023-12-05 18:13:00,OTHER,OTHER incident reported in Eastern Suburbs (Kurla),Eastern Suburbs (Kurla),False,Eastern Suburbs (Kurla),19.09478712422817,72.86192539156629
"FIR No. 0363/2025, P.S. Bandra",2025-12-20 00:34:00,THEFT,THEFT incident reported in Western Suburbs (Bandra),Western Suburbs (Bandra),False,Western Suburbs (Bandra),19.06396244286052,72.85720353357293
"FIR No. 0236/2026, P.S. Colaba/CST",2026-08-03 01:13:00,ASSAULT,ASSAULT incident reported in South Mumbai (Colaba/CST),South Mumbai (Colaba/CST),False,South Mumbai (Colaba/CST),18.91649285180369,72.818517284153
"FIR No. 0029/2023, P.S. Colaba/CST",2023-02-07 11:03:00,THEFT,THEFT incident reported in South Mumbai (Colaba/CST),South Mumbai (Colaba/CST),False,South Mumbai (Colaba/CST),18.93950165286299,72.795033231054
"FIR No. 0276/2024, P.S. Andheri",2024-07-11 21:34:00,THEFT,THEFT incident reported in Western Suburbs (Andheri),Western Suburbs (Andheri),False,Western Suburbs (Andheri),19.122772746234425,72.8759894466422
"FIR No. 0111/2026, P.S. Dadar",2026-01-28 03:13:00,THEFT,THEFT incident reported in Central Mumbai (Dadar),Central Mumbai (Dadar),False,Central Mumbai (Dadar),18.99643202018194,72.8461368327804
"FIR No. 0061/2025, P.S. Kurla",2025-02-15 15:03:00,THEFT,THEFT incident reported in Eastern Suburbs (Kurla),Eastern Suburbs (Kurla),False,Eastern Suburbs (Kurla),19.070532344573785,72.88642744108861
"FIR No. 0170/2025, P.S. Colaba/CST",2025-05-09 14:33:00,THEFT,THEFT incident reported in South Mumbai (Colaba/CST),South Mumbai (Colaba/CST),False,South Mumbai (Colaba/CST),18.92762091387948,72.83334392457276
"FIR No. 0301/2025, P.S. Colaba/CST",2025-07-07 21:16:00,ASSAULT,ASSAULT incident reported in South Mumbai (Colaba/CST),South Mumbai (Colaba/CST),True,South Mumbai (Colaba/CST),18.922879307615663,72.8381693899604
"FIR No. 0145/2024, P.S. Dadar",2024-09-08 04:32:00,THEFT,THEFT incident reported in Central Mumbai (Dadar),Central Mumbai (Dadar),False,Central Mumbai (Dadar),19.02964290785441,72.83864424483968
"FIR No. 0581/2025, P.S. Dadar",2025-12-03 09:25:00,THEFT,THEFT incident reported in Central Mumbai (Dadar),Central Mumbai (Dadar),False,Central Mumbai (Dadar),19.017442772493705,72.81851121223444
"FIR No. 0160/2025, P.S. Kurla",2025-11-23 10:59:00,THEFT,THEFT incident reported in Eastern Suburbs (Kurla),Eastern Suburbs (Kurla),False,Eastern Suburbs (Kurla),19.086179851298446,72.91015148189837
"FIR No. 0300/2023, P.S. Kurla",2023-07-26 15:42:00,BURGLARY,BURGLARY incident reported in Eastern Suburbs (Kurla),Eastern Suburbs (Kurla),False,Eastern Suburbs (Kurla),19.08998939340386,72.88740833645616
"FIR No. 0914/2024, P.S. Bandra",2024-11-19 20:27:00,THEFT,THEFT incident reported in Western Suburbs (Bandra),Western Suburbs (Bandra),True,Western Suburbs (Bandra),19.085789657655628,72.81752174917503
87924192/2024,2024-11-16 14:06:00,THEFT,THEFT incident reported in Western Suburbs (Andheri),Western Suburbs (Andheri),False,Western Suburbs (Andheri),19.12056487816616,72.8268715408436
84866337/2024,2024-10-17 10:04:00,BURGLARY,BURGLARY incident reported in Western Suburbs (Bandra),Western Suburbs (Bandra),True,Western Suburbs (Bandra),19.063428088217687,72.83641746619297
"FIR No. 0422/2023, P.S. Kurla",2023-08-17 05:59:00,BURGLARY,BURGLARY incident reported in Eastern Suburbs (Kurla),Eastern Suburbs (Kurla),False,Eastern Suburbs (Kurla),19.082395179539635,72.88142788897649
"FIR No. 0826/2023, P.S. Andheri",2023-07-05 20:22:00,THEFT,THEFT incident reported in Western Suburbs (Andheri),Western Suburbs (Andheri),False,Western Suburbs (Andheri),19.10396696450965,72.84830087809469
"FIR No. 0057/2024, P.S. Bandra",2024-01-07 18:11:00,THEFT,THEFT incident reported in Western Suburbs (Bandra),Western Suburbs (Bandra),False,Western Suburbs (Bandra),19.063065868859503,72.82849456800318
"FIR No. 0850/2023, P.S. Bandra",2023-12-11 09:43:00,THEFT,THEFT incident reported in Western Suburbs (Bandra),Western Suburbs (Bandra),True,Western Suburbs (Bandra),19.05625194770485,72.83577978537097
83106407/2025,2025-07-30 09:50:00,THEFT,THEFT incident reported in Western Suburbs (Andheri),Western Suburbs (Andheri),False,Western Suburbs (Andheri),19.10580250381008,72.84813043102127
"FIR No. 0917/2024, P.S. Colaba/CST",2024-12-31 18:11:00,THEFT,THEFT incident reported in South Mumbai (Colaba/CST),South Mumbai (Colaba/CST),False,South Mumbai (Colaba/CST),18.952533827965908,72.84533554316546
"FIR No. 0287/2025, P.S. Dadar",2025-04-28 21:36:00,THEFT,THEFT incident reported in Central Mumbai (Dadar),Central Mumbai (Dadar),False,Central Mumbai (Dadar),19.02937031944855,72.82130847201925
"FIR No. 0124/2024, P.S. Kurla",2024-09-28 20:00:00,CYBER,CYBER incident reported in Eastern Suburbs (Kurla),Eastern Suburbs (Kurla),True,Eastern Suburbs (Kurla),19.07930272270046,72.87519323770731
88257997/2026,2026-02-24 10:20:00,ROBBERY,ROBBERY incident reported in Central Mumbai (Dadar),Central Mumbai (Dadar),False,Central Mumbai (Dadar),19.02700284698689,72.83813778021448
"FIR No. 0088/2025, P.S. Colaba/CST",2025-01-26 23:17:00,THEFT,THEFT incident reported in South Mumbai (Colaba/CST),South Mumbai (Colaba/CST),False,South Mumbai (Colaba/CST),18.93585485316357,72.8602019625827
89580577/2025,2025-03-26 20:24:00,THEFT,THEFT incident reported in Western Suburbs (Andheri),Western Suburbs (Andheri),False,Western Suburbs (Andheri),19.13865910521824,72.84850871843445
"FIR No. 0494/2023, P.S. Colaba/CST",2023-05-05 15:08:00,BURGLARY,BURGLARY incident reported in South Mumbai (Colaba/CST),South Mumbai (Colaba/CST),False,South Mumbai (Colaba/CST),18.9097138447772,72.8011392873203
"FIR No. 0548/2023, P.S. Kurla",2023-08-06 06:55:00,THEFT,THEFT incident reported in Eastern Suburbs (Kurla),Eastern Suburbs (Kurla),False,Eastern Suburbs (Kurla),19.080150281581503,72.88662566291798
81197884/2025,2025-08-23 06:32:00,ASSAULT,ASSAULT incident reported in South Mumbai (Colaba/CST),South Mumbai (Colaba/CST),False,South Mumbai (Colaba/CST),18.938433429313204,72.84461757899429
"FIR No. 0450/2023, P.S. Malad",2023-10-19 01:23:00,THEFT,THEFT incident reported in Northern Suburbs (Malad),Northern Suburbs (Malad),False,Northern Suburbs (Malad),19.17388535291792,72.8541925388154
82922127/2024,2024-01-26 22:59:00,THEFT,THEFT incident reported in Western Suburbs (Andheri),Western Suburbs (Andheri),False,Western Suburbs (Andheri),19.108525690878107,72.83779143183587
"FIR No. 0111/2023, P.S. Andheri",2023-04-07 13:30:00,THEFT,THEFT incident reported in Western Suburbs (Andheri),Western Suburbs (Andheri),False,Western Suburbs (Andheri),19.131994468165303,72.83652309094786
"FIR No. 0054/2026, P.S. Bandra",2026-07-03 21:32:00,THEFT,THEFT incident reported in Western Suburbs (Bandra),Western Suburbs (Bandra),True,Western Suburbs (Bandra),19.04133478575468,72.84595946808508
"FIR No. 0133/2024, P.S. Colaba/CST",2024-06-28 17:15:00,ROBBERY,ROBBERY incident reported in South Mumbai (Colaba/CST),South Mumbai (Colaba/CST),False,South Mumbai (Colaba/CST),18.91357690325764,72.80996075857327
"FIR No. 0087/2025, P.S. Andheri",2025-02-18 00:34:00,BURGLARY,BURGLARY incident reported in Western Suburbs (Andheri),Western Suburbs (Andheri),False,Western Suburbs (Andheri),19.11593685331603,72.84356075625111
"FIR No. 0333/2025, P.S. Malad",2025-05-07 21:08:00,BURGLARY,BURGLARY incident reported in Northern Suburbs (Malad),Northern Suburbs (Malad),False,Northern Suburbs (Malad),19.20020506900169,72.86007842775832
"FIR No. 0533/2026, P.S. Malad",2026-05-11 19:00:00,BURGLARY,BURGLARY incident reported in Northern Suburbs (Malad),Northern Suburbs (Malad),True,Northern Suburbs (Malad),19.17352222162298,72.86110686783691
"FIR No. 0595/2024, P.S. Kurla",2024-10-07 19:22:00,THEFT,THEFT incident reported in Eastern Suburbs (Kurla),Eastern Suburbs (Kurla),False,Eastern Suburbs (Kurla),19.088743525112964,72.8651963406226
"FIR No. 0444/2023, P.S. Bandra",2023-08-05 19:50:00,THEFT,THEFT incident reported in Western Suburbs (Bandra),Western Suburbs (Bandra),False,Western Suburbs (Bandra),19.0816099258947,72.83926376521798
"FIR No. 0340/2023, P.S. Malad",2023-07-21 10:31:00,CYBER,CYBER incident reported in Northern Suburbs (Malad),Northern Suburbs (Malad),True,Northern Suburbs (Malad),19.14926134696352,72.84705511159214
"FIR No. 0223/2026, P.S. Kurla",2026-03-03 13:44:00,CYBER,CYBER incident reported in Eastern Suburbs (Kurla),Eastern Suburbs (Kurla),False,Eastern Suburbs (Kurla),19.06012525578992,72.88971458249173
83767348/2023,2023-08-23 13:06:00,OTHER,OTHER incident reported in Eastern Suburbs (Kurla),Eastern Suburbs (Kurla),False,Eastern Suburbs (Kurla),19.070846002711413,72.88957306838651
"FIR No. 0083/2024, P.S. Andheri",2024-03-07 06:20:00,THEFT,THEFT incident reported in Western Suburbs (Andheri),Western Suburbs (Andheri),True,Western Suburbs (Andheri),19.12263558817572,72.84242463346757
"FIR No. 0168/2025, P.S. Andheri",2025-04-27 01:52:00,ASSAULT,ASSAULT incident reported in Western Suburbs (Andheri),Western Suburbs (Andheri),False,Western Suburbs (Andheri),19.128679350769744,72.81640838241553
"FIR No. 0183/2026, P.S. Dadar",2026-08-26 15:05:00,THEFT,THEFT incident reported in Central Mumbai (Dadar),Central Mumbai (Dadar),False,Central Mumbai (Dadar),19.00733284619752,72.84090393158725
"FIR No. 0270/2025, P.S. Colaba/CST",2025-10-05 04:49:00,CYBER,CYBER incident reported in South Mumbai (Colaba/CST),South Mumbai (Colaba/CST),False,South Mumbai (Colaba/CST),18.92384814620776,72.8424267821486
"FIR No. 0662/2025, P.S. Colaba/CST",2025-08-06 11:27:00,ASSAULT,ASSAULT incident reported in South Mumbai (Colaba/CST),South Mumbai (Colaba/CST),False,South Mumbai (Colaba/CST),18.91785790381088,72.83275674639465
"FIR No. 0450/2025, P.S. Kurla",2025-05-30 06:36:00,CYBER,CYBER incident reported in Eastern Suburbs (Kurla),Eastern Suburbs (Kurla),False,Eastern Suburbs (Kurla),19.06099726905237,72.87734199090139
"FIR No. 0065/2024, P.S. Malad",2024-01-05 23:02:00,THEFT,THEFT incident reported in Northern Suburbs (Malad),Northern Suburbs (Malad),False,Northern Suburbs (Malad),19.18384477779295,72.87650224050513
"FIR No. 0177/2026, P.S. Colaba/CST",2026-05-07 03:14:00,ASSAULT,ASSAULT incident reported in South Mumbai (Colaba/CST),South Mumbai (Colaba/CST),False,South Mumbai (Colaba/CST),18.92289587741452,72.81088735420668
"FIR No. 0103/2025, P.S. Kurla",2025-03-09 01:04:00,ASSAULT,ASSAULT incident reported in Eastern Suburbs (Kurla),Eastern Suburbs (Kurla),False,Eastern Suburbs (Kurla),19.063425941530443,72.87800758943528
"FIR No. 0119/2026, P.S. Kurla",2026-03-14 15:03:00,THEFT,THEFT incident reported in Eastern Suburbs (Kurla),Eastern Suburbs (Kurla),True,Eastern Suburbs (Kurla),19.071626396385835,72.87464043816057
"FIR No. 0310/2024, P.S. Colaba/CST",2024-03-10 13:22:00,ASSAULT,ASSAULT incident reported in South Mumbai (Colaba/CST),South Mumbai (Colaba/CST),False,South Mumbai (Colaba/CST),18.935524964567733,72.82834200430003
"FIR No. 0238/2023, P.S. Bandra",2023-11-13 05:48:00,THEFT,THEFT incident reported in Western Suburbs (Bandra),Western Suburbs (Bandra),False,Western Suburbs (Bandra),19.07846870465317,72.83747052200317
"FIR No. 0528/2023, P.S. Andheri",2023-11-07 17:34:00,ASSAULT,ASSAULT incident reported in Western Suburbs (Andheri),Western Suburbs (Andheri),False,Western Suburbs (Andheri),19.09282972047193,72.84236424379779
"FIR No. 0306/2025, P.S. Dadar",2025-05-19 04:19:00,THEFT,THEFT incident reported in Central Mumbai (Dadar),Central Mumbai (Dadar),False,Central Mumbai (Dadar),19.022860304332298,72.84980804960279
"FIR No. 0390/2025, P.S. Bandra",2025-07-15 21:56:00,BURGLARY,BURGLARY incident reported in Western Suburbs (Bandra),Western Suburbs (Bandra),False,Western Suburbs (Bandra),19.047193087451173,72.86481115387187
"FIR No. 0089/2023, P.S. Bandra",2023-08-30 05:56:00,ASSAULT,ASSAULT incident reported in Western Suburbs (Bandra),Western Suburbs (Bandra),False,Western Suburbs (Bandra),19.05906709622436,72.84698424485663
80758119/2026,2026-05-28 05:42:00,ASSAULT,ASSAULT incident reported in Western Suburbs (Andheri),Western Suburbs (Andheri),True,Western Suburbs (Andheri),19.110263199053048,72.82395389414587
81209507/2023,2023-06-02 15:40:00,THEFT,THEFT incident reported in Northern Suburbs (Malad),Northern Suburbs (Malad),False,Northern Suburbs (Malad),19.166808669402435,72.83561610154756
"FIR No. 0395/2024, P.S. Kurla",2024-09-05 03:46:00,THEFT,THEFT incident reported in Eastern Suburbs (Kurla),Eastern Suburbs (Kurla),False,Eastern Suburbs (Kurla),19.08758722285101,72.88016178510844
"FIR No. 0928/2024, P.S. Andheri",2024-10-15 11:29:00,BURGLARY,BURGLARY incident reported in Western Suburbs (Andheri),Western Suburbs (Andheri),False,Western Suburbs (Andheri),19.12803589473064,72.85764057249081
"FIR No. 1152/2024, P.S. Kurla",2024-12-13 05:27:00,ASSAULT,ASSAULT incident reported in Eastern Suburbs (Kurla),Eastern Suburbs (Kurla),False,Eastern Suburbs (Kurla),19.05909480788734,72.85916345767338
81901774/2024,2024-09-03 08:52:00,THEFT,THEFT incident reported in Eastern Suburbs (Kurla),Eastern Suburbs (Kurla),False,Eastern Suburbs (Kurla),19.04803893887706,72.88816415571044
"FIR No. 0063/2026, P.S. Colaba/CST",2026-07-19 20:21:00,OTHER,OTHER incident reported in South Mumbai (Colaba/CST),South Mumbai (Colaba/CST),True,South Mumbai (Colaba/CST),18.95354411847572,72.82843837103108
"FIR No. 0149/2024, P.S. Kurla",2024-03-20 17:57:00,CYBER,CYBER incident reported in Eastern Suburbs (Kurla),Eastern Suburbs (Kurla),False,Eastern Suburbs (Kurla),19.050081501174244,72.84972586318064
82909938/2023,2023-08-10 04:40:00,ASSAULT,ASSAULT incident reported in Eastern Suburbs (Kurla),Eastern Suburbs (Kurla),True,Eastern Suburbs (Kurla),19.072550565397627,72.89624603971285
"FIR No. 0423/2023, P.S. Andheri",2023-06-21 13:59:00,THEFT,THEFT incident reported in Western Suburbs (Andheri),Western Suburbs (Andheri),False,Western Suburbs (Andheri),19.11177485439873,72.8545421852426
"FIR No. 0682/2023, P.S. Colaba/CST",2023-06-12 06:32:00,ROBBERY,ROBBERY incident reported in South Mumbai (Colaba/CST),South Mumbai (Colaba/CST),False,South Mumbai (Colaba/CST),18.93354172456872,72.8483974452107
"FIR No. 0540/2025, P.S. Andheri",2025-08-28 13:41:00,ASSAULT,ASSAULT incident reported in Western Suburbs (Andheri),Western Suburbs (Andheri),False,Western Suburbs (Andheri),19.105530714689326,72.83122905608735
82455288/2023,2023-03-15 11:42:00,THEFT,THEFT incident reported in Western Suburbs (Andheri),Western Suburbs (Andheri),False,Western Suburbs (Andheri),19.094398452740457,72.8356388850467
"FIR No. 0106/2024, P.S. Malad",2024-05-31 18:02:00,BURGLARY,BURGLARY incident reported in Northern Suburbs (Malad),Northern Suburbs (Malad),True,Northern Suburbs (Malad),19.181312856041945,72.82966673612637
84373436/2024,2024-09-18 15:49:00,THEFT,THEFT incident reported in Western Suburbs (Andheri),Western Suburbs (Andheri),False,Western Suburbs (Andheri),19.122337813117426,72.84829874066021
"FIR No. 0291/2025, P.S. Colaba/CST",2025-05-02 21:56:00,CYBER,CYBER incident reported in South Mumbai (Colaba/CST),South Mumbai (Colaba/CST),False,South Mumbai (Colaba/CST),18.917947636743364,72.86207658282929
"FIR No. 0137/2025, P.S. Bandra",2025-10-24 03:23:00,OTHER,OTHER incident reported in Western Suburbs (Bandra),Western Suburbs (Bandra),False,Western Suburbs (Bandra),19.07750105346752,72.85038119743778
"FIR No. 0114/2024, P.S. Bandra",2024-07-04 14:24:00,OTHER,OTHER incident reported in Western Suburbs (Bandra),Western Suburbs (Bandra),False,Western Suburbs (Bandra),19.07393795971914,72.81853584755117
"FIR No. 0095/2024, P.S. Bandra",2024-02-12 11:35:00,CYBER,CYBER incident reported in Western Suburbs (Bandra),Western Suburbs (Bandra),False,Western Suburbs (Bandra),19.06140410696696,72.83790129674173
"FIR No. 0474/2024, P.S. Bandra",2024-09-10 20:58:00,BURGLARY,BURGLARY incident reported in Western Suburbs (Bandra),Western Suburbs (Bandra),False,Western Suburbs (Bandra),19.06064092616949,72.83035068401428
81406122/2024,2024-09-11 10:13:00,ROBBERY,ROBBERY incident reported in Eastern Suburbs (Kurla),Eastern Suburbs (Kurla),False,Eastern Suburbs (Kurla),19.078035950568385,72.8799973220834
"FIR No. 0233/2024, P.S. Kurla",2024-08-25 08:15:00,CYBER,CYBER incident reported in Eastern Suburbs (Kurla),Eastern Suburbs (Kurla),False,Eastern Suburbs (Kurla),19.05012893752734,72.86947846704972
82462494/2024,2024-08-03 02:12:00,ASSAULT,ASSAULT incident reported in Western Suburbs (Andheri),Western Suburbs (Andheri),True,Western Suburbs (Andheri),19.12658188261826,72.85555523526094
81207032/2025,2025-08-21 01:07:00,THEFT,THEFT incident reported in Western Suburbs (Andheri),Western Suburbs (Andheri),False,Western Suburbs (Andheri),19.143350214629503,72.84412376291267
84464355/2023,2023-09-08 10:50:00,THEFT,THEFT incident reported in Western Suburbs (Bandra),Western Suburbs (Bandra),False,Western Suburbs (Bandra),19.06889310793972,72.83406027434735
"FIR No. 0624/2023, P.S. Malad",2023-09-19 17:49:00,OTHER,OTHER incident reported in Northern Suburbs (Malad),Northern Suburbs (Malad),True,Northern Suburbs (Malad),19.173841494674218,72.8482284979972
82969102/2023,2023-10-13 02:50:00,ASSAULT,ASSAULT incident reported in Central Mumbai (Dadar),Central Mumbai (Dadar),True,Central Mumbai (Dadar),19.02695331700085,72.83862833100783
"FIR No. 0045/2025, P.S. Colaba/CST",2025-02-17 05:45:00,ROBBERY,ROBBERY incident reported in South Mumbai (Colaba/CST),South Mumbai (Colaba/CST),True,South Mumbai (Colaba/CST),18.9278919316176,72.80739561768002
"FIR No. 0485/2024, P.S. Dadar",2024-10-05 17:29:00,ASSAULT,ASSAULT incident reported in Central Mumbai (Dadar),Central Mumbai (Dadar),False,Central Mumbai (Dadar),19.03035552367872,72.8336769527141
"FIR No. 0576/2025, P.S. Colaba/CST",2025-12-14 18:37:00,ASSAULT,ASSAULT incident reported in South Mumbai (Colaba/CST),South Mumbai (Colaba/CST),False,South Mumbai (Colaba/CST),18.900875782684377,72.82421835355971
85888524/2024,2024-03-07 02:33:00,ROBBERY,ROBBERY incident reported in Western Suburbs (Andheri),Western Suburbs (Andheri),False,Western Suburbs (Andheri),19.126748752998093,72.81261684951616
"FIR No. 0108/2026, P.S. Bandra",2026-02-17 18:18:00,THEFT,THEFT incident reported in Western Suburbs (Bandra),Western Suburbs (Bandra),False,Western Suburbs (Bandra),19.068403369458824,72.83272966122722
81416171/2024,2024-11-28 08:41:00,CYBER,CYBER incident reported in Western Suburbs (Bandra),Western Suburbs (Bandra),True,Western Suburbs (Bandra),19.063970471518108,72.86278714969905
88326833/2024,2024-09-19 17:49:00,BURGLARY,BURGLARY incident reported in Central Mumbai (Dadar),Central Mumbai (Dadar),False,Central Mumbai (Dadar),19.02667126954675,72.85666121657567
"FIR No. 0625/2023, P.S. Colaba/CST",2023-06-28 02:46:00,CYBER,CYBER incident reported in South Mumbai (Colaba/CST),South Mumbai (Colaba/CST),True,South Mumbai (Colaba/CST),18.90152826798516,72.82904809485785
"FIR No. 0071/2026, P.S. Colaba/CST",2026-03-14 07:05:00,THEFT,THEFT incident reported in South Mumbai (Colaba/CST),South Mumbai (Colaba/CST),False,South Mumbai (Colaba/CST),18.92419116482,72.79192556964632
"FIR No. 0140/2024, P.S. Kurla",2024-09-08 10:10:00,ASSAULT,ASSAULT incident reported in Eastern Suburbs (Kurla),Eastern Suburbs (Kurla),False,Eastern Suburbs (Kurla),19.04901774379389,72.88705359680057
"FIR No. 0021/2024, P.S. Bandra",2024-01-18 01:09:00,THEFT,THEFT incident reported in Western Suburbs (Bandra),Western Suburbs (Bandra),False,Western Suburbs (Bandra),19.055894613349103,72.83904550255235
"FIR No. 0060/2024, P.S. Malad",2024-10-10 06:14:00,THEFT,THEFT incident reported in Northern Suburbs (Malad),Northern Suburbs (Malad),True,Northern Suburbs (Malad),19.16152061320746,72.83659288595206
"FIR No. 0078/2026, P.S. Colaba/CST",2026-05-09 13:18:00,THEFT,THEFT incident reported in South Mumbai (Colaba/CST),South Mumbai (Colaba/CST),True,South Mumbai (Colaba/CST),18.952535454463185,72.83037961980489
"FIR No. 0272/2023, P.S. Andheri",2023-08-14 21:41:00,BURGLARY,BURGLARY incident reported in Western Suburbs (Andheri),Western Suburbs (Andheri),False,Western Suburbs (Andheri),19.10563064663352,72.8345462795531
"FIR No. 0420/2026, P.S. Dadar",2026-06-04 07:18:00,THEFT,THEFT incident reported in Central Mumbai (Dadar),Central Mumbai (Dadar),False,Central Mumbai (Dadar),19.017991582675123,72.83316327696
"FIR No. 0179/2024, P.S. Colaba/CST",2024-06-22 00:25:00,THEFT,THEFT incident reported in South Mumbai (Colaba/CST),South Mumbai (Colaba/CST),True,South Mumbai (Colaba/CST),18.904089573420503,72.84519231994857
"FIR No. 1197/2025, P.S. Kurla",2025-11-18 22:45:00,CYBER,CYBER incident reported in Eastern Suburbs (Kurla),Eastern Suburbs (Kurla),True,Eastern Suburbs (Kurla),19.069462814541232,72.88320382274826
"FIR No. 0728/2025, P.S. Andheri",2025-12-24 14:55:00,BURGLARY,BURGLARY incident reported in Western Suburbs (Andheri),Western Suburbs (Andheri),False,Western Suburbs (Andheri),19.13441401828043,72.84139282544314
"FIR No. 0319/2026, P.S. Andheri",2026-05-04 09:02:00,THEFT,THEFT incident reported in Western Suburbs (Andheri),Western Suburbs (Andheri),False,Western Suburbs (Andheri),19.128972186050163,72.85676056589621
"FIR No. 0075/2024, P.S. Kurla",2024-10-18 01:57:00,THEFT,THEFT incident reported in Eastern Suburbs (Kurla),Eastern Suburbs (Kurla),False,Eastern Suburbs (Kurla),19.05490216419728,72.8766989219545
89327885/2024,2024-11-27 18:15:00,ASSAULT,ASSAULT incident reported in South Mumbai (Colaba/CST),South Mumbai (Colaba/CST),False,South Mumbai (Colaba/CST),18.95503281781829,72.82554376957222
"FIR No. 0527/2023, P.S. Colaba/CST",2023-09-14 08:23:00,THEFT,THEFT incident reported in South Mumbai (Colaba/CST),South Mumbai (Colaba/CST),False,South Mumbai (Colaba/CST),18.91505663768876,72.81514457348486
"FIR No. 0119/2023, P.S. Dadar",2023-12-19 04:32:00,BURGLARY,BURGLARY incident reported in Central Mumbai (Dadar),Central Mumbai (Dadar),False,Central Mumbai (Dadar),19.03134361761913,72.84161246665526
82605767/2023,2023-12-19 08:05:00,CYBER,CYBER incident reported in Eastern Suburbs (Kurla),Eastern Suburbs (Kurla),False,Eastern Suburbs (Kurla),19.05636446930544,72.88115353793974
86207149/2025,2025-01-18 04:00:00,ROBBERY,ROBBERY incident reported in Western Suburbs (Bandra),Western Suburbs (Bandra),False,Western Suburbs (Bandra),19.06379379407933,72.817436742662
"FIR No. 0071/2023, P.S. Bandra",2023-01-27 19:55:00,ROBBERY,ROBBERY incident reported in Western Suburbs (Bandra),Western Suburbs (Bandra),False,Western Suburbs (Bandra),19.05821394990054,72.83538280341702
"FIR No. 0617/2023, P.S. Colaba/CST",2023-11-08 17:23:00,THEFT,THEFT incident reported in South Mumbai (Colaba/CST),South Mumbai (Colaba/CST),False,South Mumbai (Colaba/CST),18.93952257111049,72.82771692494138
"FIR No. 0201/2023, P.S. Colaba/CST",2023-05-01 23:53:00,THEFT,THEFT incident reported in South Mumbai (Colaba/CST),South Mumbai (Colaba/CST),False,South Mumbai (Colaba/CST),18.955717078734253,72.83215691734044
"FIR No. 0677/2023, P.S. Dadar",2023-08-17 06:38:00,ROBBERY,ROBBERY incident reported in Central Mumbai (Dadar),Central Mumbai (Dadar),False,Central Mumbai (Dadar),19.02245511324671,72.83748032579621
82249415/2024,2024-03-13 07:46:00,THEFT,THEFT incident reported in Central Mumbai (Dadar),Central Mumbai (Dadar),False,Central Mumbai (Dadar),19.002353188310025,72.84441958955577
83611861/2025,2025-03-02 19:00:00,THEFT,THEFT incident reported in Western Suburbs (Bandra),Western Suburbs (Bandra),True,Western Suburbs (Bandra),19.06172722283721,72.83890412618669
"FIR No. 0687/2024, P.S. Colaba/CST",2024-08-09 00:22:00,THEFT,THEFT incident reported in South Mumbai (Colaba/CST),South Mumbai (Colaba/CST),True,South Mumbai (Colaba/CST),18.917336816603225,72.82725328668535
"FIR No. 0083/2025, P.S. Andheri",2025-06-05 05:17:00,THEFT,THEFT incident reported in Western Suburbs (Andheri),Western Suburbs (Andheri),False,Western Suburbs (Andheri),19.09776755959952,72.84013535011613
"FIR No. 0296/2025, P.S. Colaba/CST",2025-05-08 10:57:00,ASSAULT,ASSAULT incident reported in South Mumbai (Colaba/CST),South Mumbai (Colaba/CST),False,South Mumbai (Colaba/CST),18.927508038854832,72.83254809598373
88787080/2025,2025-10-21 22:48:00,THEFT,THEFT incident reported in South Mumbai (Colaba/CST),South Mumbai (Colaba/CST),False,South Mumbai (Colaba/CST),18.93407843736508,72.84387122650774
"FIR No. 0164/2024, P.S. Colaba/CST",2024-04-09 00:35:00,THEFT,THEFT incident reported in South Mumbai (Colaba/CST),South Mumbai (Colaba/CST),False,South Mumbai (Colaba/CST),18.95843193261619,72.81886484515528
"FIR No. 0069/2026, P.S. Bandra",2026-01-25 10:05:00,THEFT,THEFT incident reported in Western Suburbs (Bandra),Western Suburbs (Bandra),False,Western Suburbs (Bandra),19.043325720623816,72.84544646467853
"FIR No. 0076/2025, P.S. Colaba/CST",2025-03-01 12:47:00,THEFT,THEFT incident reported in South Mumbai (Colaba/CST),South Mumbai (Colaba/CST),False,South Mumbai (Colaba/CST),18.938635072453003,72.8491184358951
