ID,Date,Primary Type,Description,Location Description,Arrest,District,Latitude,Longitude
83564554/2024,2024-05-20 15:23:00,THEFT,THEFT incident reported in South West Delhi (Dwarka),South West Delhi (Dwarka),False,South West Delhi (Dwarka),28.584854073132373,77.08203651142799
"FIR No. 0513/2025, P.S. Connaught Place",2025-05-06 02:06:00,ROBBERY,ROBBERY incident reported in Central Delhi (Connaught Place),Central Delhi (Connaught Place),False,Central Delhi (Connaught Place),28.62624010733749,77.20613347799403
"FIR No. 0158/2023, P.S. Preet Vihar",2023-04-09 16:34:00,THEFT,THEFT incident reported in East Delhi (Preet Vihar),East Delhi (Preet Vihar),False,East Delhi (Preet Vihar),28.63841187121397,77.30517155541648
86507161/2023,2023-08-27 01:44:00,ASSAULT,ASSAULT incident reported in East Delhi (Preet Vihar),East Delhi (Preet Vihar),False,East Delhi (Preet Vihar),28.637213759974067,77.31807588698062
"FIR No. 0910/2026, P.S. Dwarka",2026-08-01 14:04:00,THEFT,THEFT incident reported in South West Delhi (Dwarka),South West Delhi (Dwarka),False,South West Delhi (Dwarka),28.5833480206078,77.0466150417909
"FIR No. 0059/2025, P.S. Hauz Khas",2025-01-14 07:18:00,ASSAULT,ASSAULT incident reported in South Delhi (Hauz Khas),South Delhi (Hauz Khas),False,South Delhi (Hauz Khas),28.53810405043229,77.18317526239423
"FIR No. 0791/2026, P.S. Connaught Place",2026-08-25 04:35:00,ROBBERY,ROBBERY incident reported in Central Delhi (Connaught Place),Central Delhi (Connaught Place),False,Central Delhi (Connaught Place),28.615438058367896,77.21664105785689
"FIR No. 0388/2025, P.S. Parliament Street",2025-09-08 16:26:00,BURGLARY,BURGLARY incident reported in New Delhi (Parliament Street),New Delhi (Parliament Street),True,New Delhi (Parliament Street),28.614507441752284,77.22399030414569
"FIR No. 0012/2023, P.S. Hauz Khas",2023-12-13 18:54:00,THEFT,THEFT incident reported in South Delhi (Hauz Khas),South Delhi (Hauz Khas),True,South Delhi (Hauz Khas),28.53777661487282,77.20275051900393
"FIR No. 0026/2025, P.S. Hauz Khas",2025-11-17 13:51:00,ROBBERY,ROBBERY incident reported in South Delhi (Hauz Khas),South Delhi (Hauz Khas),False,South Delhi (Hauz Khas),28.53461103279272,77.197900583006
"FIR No. 0025/2025, P.S. Connaught Place",2025-08-20 04:18:00,THEFT,THEFT incident reported in Central Delhi (Connaught Place),Central Delhi (Connaught Place),True,Central Delhi (Connaught Place),28.635267487955065,77.23140919432119
88257272/2026,2026-06-04 07:30:00,BURGLARY,BURGLARY incident reported in South West Delhi (Dwarka),South West Delhi (Dwarka),False,South West Delhi (Dwarka),28.59717669406905,77.01225126601045
"FIR No. 0030/2023, P.S. Hauz Khas",2023-01-26 02:13:00,ASSAULT,ASSAULT incident reported in South Delhi (Hauz Khas),South Delhi (Hauz Khas),False,South Delhi (Hauz Khas),28.52754178499841,77.20678805388307
"FIR No. 0067/2025, P.S. Rohini",2025-02-14 03:36:00,THEFT,THEFT incident reported in North West Delhi (Rohini),North West Delhi (Rohini),True,North West Delhi (Rohini),28.70704546822069,77.09469613107991
87011031/2024,2024-03-05 13:40:00,THEFT,THEFT incident reported in East Delhi (Preet Vihar),East Delhi (Preet Vihar),False,East Delhi (Preet Vihar),28.63844166062441,77.2798713503466
"FIR No. 0148/2025, P.S. Parliament Street",2025-02-08 16:46:00,ASSAULT,ASSAULT incident reported in New Delhi (Parliament Street),New Delhi (Parliament Street),False,New Delhi (Parliament Street),28.64314206520088,77.21683110098445
"FIR No. 0041/2025, P.S. Hauz Khas",2025-04-13 10:26:00,ROBBERY,ROBBERY incident reported in South Delhi (Hauz Khas),South Delhi (Hauz Khas),True,South Delhi (Hauz Khas),28.552255777081463,77.19393258640599
"FIR No. 0052/2024, P.S. Parliament Street",2024-11-21 07:13:00,BURGLARY,BURGLARY incident reported in New Delhi (Parliament Street),New Delhi (Parliament Street),True,New Delhi (Parliament Street),28.636795522130303,77.21511767873675
"FIR No. 0075/2026, P.S. Connaught Place",2026-02-09 14:12:00,THEFT,THEFT incident reported in Central Delhi (Connaught Place),Central Delhi (Connaught Place),True,Central Delhi (Connaught Place),28.641354569484907,77.20531720667617
"FIR No. 1031/2024, P.S. Dwarka",2024-12-19 03:13:00,ROBBERY,ROBBERY incident reported in South West Delhi (Dwarka),South West Delhi (Dwarka),False,South West Delhi (Dwarka),28.579393618408144,77.06084124082332
"FIR No. 0107/2023, P.S. Rohini",2023-02-21 00:06:00,ASSAULT,ASSAULT incident reported in North West Delhi (Rohini),North West Delhi (Rohini),False,North West Delhi (Rohini),28.708327527876545,77.10110688212997
"FIR No. 0376/2023, P.S. Connaught Place",2023-09-17 21:01:00,KIDNAPPING,KIDNAPPING incident reported in Central Delhi (Connaught Place),Central Delhi (Connaught Place),False,Central Delhi (Connaught Place),28.63358555379852,77.19946450770624
"FIR No. 0732/2026, P.S. Hauz Khas",2026-07-20 13:59:00,ROBBERY,ROBBERY incident reported in South Delhi (Hauz Khas),South Delhi (Hauz Khas),False,South Delhi (Hauz Khas),28.55282386620024,77.17158134813104
"FIR No. 0434/2024, P.S. Hauz Khas",2024-05-05 18:57:00,THEFT,THEFT incident reported in South Delhi (Hauz Khas),South Delhi (Hauz Khas),True,South Delhi (Hauz Khas),28.559867980319154,77.21579037520404
"FIR No. 0094/2023, P.S. Parliament Street",2023-04-03 11:00:00,THEFT,THEFT incident reported in New Delhi (Parliament Street),New Delhi (Parliament Street),True,New Delhi (Parliament Street),28.61671575962984,77.21261265998073
"FIR No. 0177/2026, P.S. Dwarka",2026-05-02 13:52:00,THEFT,THEFT incident reported in South West Delhi (Dwarka),South West Delhi (Dwarka),True,South West Delhi (Dwarka),28.57787778491067,77.06630741382257
"FIR No. 0062/2023, P.S. Preet Vihar",2023-05-19 02:35:00,ROBBERY,ROBBERY incident reported in East Delhi (Preet Vihar),East Delhi (Preet Vihar),False,East Delhi (Preet Vihar),28.6413363326798,77.31719884405153
"FIR No. 0188/2024, P.S. Connaught Place",2024-03-29 10:25:00,ASSAULT,ASSAULT incident reported in Central Delhi (Connaught Place),Central Delhi (Connaught Place),False,Central Delhi (Connaught Place),28.650395244038734,77.21428194307157
"FIR No. 0228/2024, P.S. Preet Vihar",2024-07-25 07:15:00,THEFT,THEFT incident reported in East Delhi (Preet Vihar),East Delhi (Preet Vihar),True,East Delhi (Preet Vihar),28.6592023638308,77.30546894014817
"FIR No. 1235/2024, P.S. Rohini",2024-12-10 14:12:00,ASSAULT,ASSAULT incident reported in North West Delhi (Rohini),North West Delhi (Rohini),False,North West Delhi (Rohini),28.682683459510205,77.09634088155038
"FIR No. 0481/2026, P.S. Dwarka",2026-07-30 23:04:00,ASSAULT,ASSAULT incident reported in South West Delhi (Dwarka),South West Delhi (Dwarka),True,South West Delhi (Dwarka),28.569527791361285,77.05586263228571
"FIR No. 0345/2024, P.S. Rohini",2024-04-11 01:21:00,ROBBERY,ROBBERY incident reported in North West Delhi (Rohini),North West Delhi (Rohini),False,North West Delhi (Rohini),28.685813827344635,77.09234538381891
"FIR No. 0021/2023, P.S. Hauz Khas",2023-01-31 23:51:00,ASSAULT,ASSAULT incident reported in South Delhi (Hauz Khas),South Delhi (Hauz Khas),False,South Delhi (Hauz Khas),28.54613792303896,77.19294832281516
"FIR No. 0190/2024, P.S. Dwarka",2024-02-12 07:43:00,THEFT,THEFT incident reported in South West Delhi (Dwarka),South West Delhi (Dwarka),True,South West Delhi (Dwarka),28.60234580061536,77.04122573053655
"FIR No. 0286/2025, P.S. Parliament Street",2025-12-22 12:20:00,THEFT,THEFT incident reported in New Delhi (Parliament Street),New Delhi (Parliament Street),False,New Delhi (Parliament Street),28.64136256705696,77.22211845067203
"FIR No. 0019/2024, P.S. Dwarka",2024-05-26 14:07:00,KIDNAPPING,KIDNAPPING incident reported in South West Delhi (Dwarka),South West Delhi (Dwarka),True,South West Delhi (Dwarka),28.610876286904688,77.03954094392516
"FIR No. 0164/2025, P.S. Dwarka",2025-07-31 11:14:00,ASSAULT,ASSAULT incident reported in South West Delhi (Dwarka),South West Delhi (Dwarka),False,South West Delhi (Dwarka),28.60201225665459,77.04471675595161
"FIR No. 0336/2025, P.S. Preet Vihar",2025-10-08 01:02:00,THEFT,THEFT incident reported in East Delhi (Preet Vihar),East Delhi (Preet Vihar),False,East Delhi (Preet Vihar),28.62793630458376,77.29810312909223
"FIR No. 0933/2024, P.S. Parliament Street",2024-11-17 19:06:00,ASSAULT,ASSAULT incident reported in New Delhi (Parliament Street),New Delhi (Parliament Street),False,New Delhi (Parliament Street),28.648970488020083,77.2041198209892
"FIR No. 0568/2023, P.S. Rohini",2023-11-17 23:57:00,THEFT,THEFT incident reported in North West Delhi (Rohini),North West Delhi (Rohini),False,North West Delhi (Rohini),28.707895042873886,77.10530025824818
82790179/2023,2023-02-27 20:10:00,THEFT,THEFT incident reported in South West Delhi (Dwarka),South West Delhi (Dwarka),False,South West Delhi (Dwarka),28.57717539970717,77.04932287898386
88565986/2026,2026-05-07 06:49:00,THEFT,THEFT incident reported in North West Delhi (Rohini),North West Delhi (Rohini),False,North West Delhi (Rohini),28.715558502404058,77.1075675574753
"FIR No. 0500/2024, P.S. Rohini",2024-11-12 17:50:00,THEFT,THEFT incident reported in North West Delhi (Rohini),North West Delhi (Rohini),False,North West Delhi (Rohini),28.703029100767687,77.11607387414008
"FIR No. 0475/2024, P.S. Connaught Place",2024-07-15 19:58:00,THEFT,THEFT incident reported in Central Delhi (Connaught Place),Central Delhi (Connaught Place),False,Central Delhi (Connaught Place),28.599446461112112,77.17195962545377
"FIR No. 0032/2025, P.S. Hauz Khas",2025-02-25 04:18:00,THEFT,THEFT incident reported in South Delhi (Hauz Khas),South Delhi (Hauz Khas),True,South Delhi (Hauz Khas),28.577892799352643,77.19696548756514
"FIR No. 0243/2025, P.S. Hauz Khas",2025-12-29 18:51:00,ROBBERY,ROBBERY incident reported in South Delhi (Hauz Khas),South Delhi (Hauz Khas),False,South Delhi (Hauz Khas),28.54123132399988,77.19799198308725
"FIR No. 0262/2024, P.S. Hauz Khas",2024-03-28 01:04:00,THEFT,THEFT incident reported in South Delhi (Hauz Khas),South Delhi (Hauz Khas),False,South Delhi (Hauz Khas),28.529102820423425,77.216098479365
88144222/2025,2025-12-05 23:26:00,BURGLARY,BURGLARY incident reported in East Delhi (Preet Vihar),East Delhi (Preet Vihar),False,East Delhi (Preet Vihar),28.65636875614594,77.3021610002302
85889672/2023,2023-03-18 05:12:00,OTHER,OTHER incident reported in New Delhi (Parliament Street),New Delhi (Parliament Street),False,New Delhi (Parliament Street),28.611980524544048,77.1914632476558
"FIR No. 0202/2025, P.S. Rohini",2025-07-26 17:38:00,BURGLARY,BURGLARY incident reported in North West Delhi (Rohini),North West Delhi (Rohini),True,North West Delhi (Rohini),28.70487181199076,77.08741353295062
"FIR No. 0196/2026, P.S. Connaught Place",2026-05-17 10:01:00,THEFT,THEFT incident reported in Central Delhi (Connaught Place),Central Delhi (Connaught Place),False,Central Delhi (Connaught Place),28.665383964148702,77.23390833805792
"FIR No. 0134/2023, P.S. Parliament Street",2023-05-10 19:31:00,THEFT,THEFT incident reported in New Delhi (Parliament Street),New Delhi (Parliament Street),False,New Delhi (Parliament Street),28.63196354566414,77.23218395487902
"FIR No. 0619/2023, P.S. Rohini",2023-09-27 12:16:00,ASSAULT,ASSAULT incident reported in North West Delhi (Rohini),North West Delhi (Rohini),False,North West Delhi (Rohini),28.723304255399825,77.09519787830864
"FIR No. 0024/2025, P.S. Preet Vihar",2025-01-28 04:41:00,THEFT,THEFT incident reported in East Delhi (Preet Vihar),East Delhi (Preet Vihar),False,East Delhi (Preet Vihar),28.652509097861483,77.28259975159999
85138714/2024,2024-05-02 19:59:00,ROBBERY,ROBBERY incident reported in South West Delhi (Dwarka),South West Delhi (Dwarka),False,South West Delhi (Dwarka),28.590071781344275,77.04181276831852
80938953/2026,2026-03-20 12:04:00,THEFT,THEFT incident reported in East Delhi (Preet Vihar),East Delhi (Preet Vihar),False,East Delhi (Preet Vihar),28.63912799597794,77.27268146715788
"FIR No. 0010/2026, P.S. Hauz Khas",2026-04-09 22:03:00,ROBBERY,ROBBERY incident reported in South Delhi (Hauz Khas),South Delhi (Hauz Khas),False,South Delhi (Hauz Khas),28.533336263975105,77.18058660967876
"FIR No. 0767/2023, P.S. Dwarka",2023-12-15 23:10:00,THEFT,THEFT incident reported in South West Delhi (Dwarka),South West Delhi (Dwarka),False,South West Delhi (Dwarka),28.6008869236837,77.06211329749472
"FIR No. 0040/2026, P.S. Rohini",2026-01-12 10:44:00,OTHER,OTHER incident reported in North West Delhi (Rohini),North West Delhi (Rohini),True,North West Delhi (Rohini),28.679345002894685,77.12122808057114
"FIR No. 0189/2023, P.S. Hauz Khas",2023-06-24 13:40:00,ASSAULT,ASSAULT incident reported in South Delhi (Hauz Khas),South Delhi (Hauz Khas),False,South Delhi (Hauz Khas),28.54545191440122,77.20554932275034
"FIR No. 0242/2024, P.S. Dwarka",2024-07-02 19:42:00,THEFT,THEFT incident reported in South West Delhi (Dwarka),South West Delhi (Dwarka),False,South West Delhi (Dwarka),28.600232979256383,77.06158873885248
"FIR No. 0262/2025, P.S. Connaught Place",2025-03-04 05:05:00,BURGLARY,BURGLARY incident reported in Central Delhi (Connaught Place),Central Delhi (Connaught Place),True,Central Delhi (Connaught Place),28.62521309853772,77.20246556763314
"FIR No. 0644/2025, P.S. Connaught Place",2025-10-02 02:26:00,ASSAULT,ASSAULT incident reported in Central Delhi (Connaught Place),Central Delhi (Connaught Place),True,Central Delhi (Connaught Place),28.637136032524808,77.20009649844025
"FIR No. 0207/2026, P.S. Hauz Khas",2026-04-21 09:56:00,THEFT,THEFT incident reported in South Delhi (Hauz Khas),South Delhi (Hauz Khas),False,South Delhi (Hauz Khas),28.56819523737176,77.20291360830883
"FIR No. 0145/2024, P.S. Rohini",2024-03-13 15:03:00,ASSAULT,ASSAULT incident reported in North West Delhi (Rohini),North West Delhi (Rohini),False,North West Delhi (Rohini),28.682980785115188,77.09752858157944
86177610/2024,2024-08-16 21:29:00,ROBBERY,ROBBERY incident reported in South West Delhi (Dwarka),South West Delhi (Dwarka),True,South West Delhi (Dwarka),28.583820339521232,77.0444343184375
"FIR No. 0673/2023, P.S. Rohini",2023-09-20 18:58:00,BURGLARY,BURGLARY incident reported in North West Delhi (Rohini),North West Delhi (Rohini),True,North West Delhi (Rohini),28.67939122392817,77.10022352962666
82498087/2025,2025-01-03 22:14:00,BURGLARY,BURGLARY incident reported in South Delhi (Hauz Khas),South Delhi (Hauz Khas),True,South Delhi (Hauz Khas),28.55406369450704,77.16522076153319
"FIR No. 1227/2024, P.S. Connaught Place",2024-12-02 22:36:00,ROBBERY,ROBBERY incident reported in Central Delhi (Connaught Place),Central Delhi (Connaught Place),False,Central Delhi (Connaught Place),28.62137564421777,77.22495417035996
"FIR No. 0260/2026, P.S. Preet Vihar",2026-06-22 13:07:00,ASSAULT,ASSAULT incident reported in East Delhi (Preet Vihar),East Delhi (Preet Vihar),False,East Delhi (Preet Vihar),28.635381953200422,77.29827744390182
"FIR No. 0010/2025, P.S. Connaught Place",2025-06-21 23:00:00,ASSAULT,ASSAULT incident reported in Central Delhi (Connaught Place),Central Delhi (Connaught Place),False,Central Delhi (Connaught Place),28.6444707302478,77.20232219028352
89545733/2025,2025-03-24 19:22:00,ROBBERY,ROBBERY incident reported in North West Delhi (Rohini),North West Delhi (Rohini),False,North West Delhi (Rohini),28.70482641052561,77.12887959626569
"FIR No. 0017/2025, P.S. Hauz Khas",2025-11-03 16:16:00,THEFT,THEFT incident reported in South Delhi (Hauz Khas),South Delhi (Hauz Khas),False,South Delhi (Hauz Khas),28.534702368510192,77.21472450072527
"FIR No. 0256/2025, P.S. Preet Vihar",2025-05-25 10:45:00,THEFT,THEFT incident reported in East Delhi (Preet Vihar),East Delhi (Preet Vihar),False,East Delhi (Preet Vihar),28.65371334780806,77.29004733291393
"FIR No. 0596/2024, P.S. Parliament Street",2024-08-30 14:52:00,ROBBERY,ROBBERY incident reported in New Delhi (Parliament Street),New Delhi (Parliament Street),False,New Delhi (Parliament Street),28.63936753991433,77.20141864226437
83346741/2024,2024-02-01 13:41:00,BURGLARY,BURGLARY incident reported in South West Delhi (Dwarka),South West Delhi (Dwarka),False,South West Delhi (Dwarka),28.56996626221166,77.05748219900562
"FIR No. 0135/2024, P.S. Preet Vihar",2024-05-31 17:56:00,THEFT,THEFT incident reported in East Delhi (Preet Vihar),East Delhi (Preet Vihar),False,East Delhi (Preet Vihar),28.64939821816293,77.29412800967633
"FIR No. 0010/2023, P.S. Connaught Place",2023-02-15 13:15:00,OTHER,OTHER incident reported in Central Delhi (Connaught Place),Central Delhi (Connaught Place),False,Central Delhi (Connaught Place),28.66279235767982,77.22173347848344
"FIR No. 0179/2025, P.S. Preet Vihar",2025-08-21 00:22:00,THEFT,THEFT incident reported in East Delhi (Preet Vihar),East Delhi (Preet Vihar),False,East Delhi (Preet Vihar),28.66236859525957,77.28002606114369
"FIR No. 0023/2026, P.S. Connaught Place",2026-02-03 06:28:00,THEFT,THEFT incident reported in Central Delhi (Connaught Place),Central Delhi (Connaught Place),True,Central Delhi (Connaught Place),28.61796322415076,77.18892342686667
"FIR No. 0470/2025, P.S. Preet Vihar",2025-10-21 18:34:00,THEFT,THEFT incident reported in East Delhi (Preet Vihar),East Delhi (Preet Vihar),True,East Delhi (Preet Vihar),28.624266360203944,77.28336008651694
"FIR No. 0198/2025, P.S. Dwarka",2025-04-21 16:12:00,ROBBERY,ROBBERY incident reported in South West Delhi (Dwarka),South West Delhi (Dwarka),True,South West Delhi (Dwarka),28.58384239744988,77.05880954150047
"FIR No. 0272/2023, P.S. Parliament Street",2023-06-26 13:38:00,THEFT,THEFT incident reported in New Delhi (Parliament Street),New Delhi (Parliament Street),False,New Delhi (Parliament Street),28.600497730173647,77.20781886505002
"FIR No. 0263/2024, P.S. Connaught Place",2024-07-04 11:53:00,ROBBERY,ROBBERY incident reported in Central Delhi (Connaught Place),Central Delhi (Connaught Place),False,Central Delhi (Connaught Place),28.65057674840593,77.23279025948472
"FIR No. 0838/2023, P.S. Rohini",2023-12-16 09:30:00,THEFT,THEFT incident reported in North West Delhi (Rohini),North West Delhi (Rohini),False,North West Delhi (Rohini),28.71849729285872,77.100006506047
85346961/2024,2024-09-06 22:23:00,ASSAULT,ASSAULT incident reported in South West Delhi (Dwarka),South West Delhi (Dwarka),True,South West Delhi (Dwarka),28.61413243566269,77.05728970082491
"FIR No. 0018/2025, P.S. Preet Vihar",2025-05-10 11:22:00,THEFT,THEFT incident reported in East Delhi (Preet Vihar),East Delhi (Preet Vihar),False,East Delhi (Preet Vihar),28.64554763737913,77.29702683333511
"FIR No. 0393/2026, P.S. Rohini",2026-05-20 22:00:00,ROBBERY,ROBBERY incident reported in North West Delhi (Rohini),North West Delhi (Rohini),False,North West Delhi (Rohini),28.71793269977129,77.11632790520491
82212838/2026,2026-03-08 14:23:00,ASSAULT,ASSAULT incident reported in South West Delhi (Dwarka),South West Delhi (Dwarka),False,South West Delhi (Dwarka),28.58914674996886,77.06119382573058
"FIR No. 0151/2025, P.S. Rohini",2025-06-08 06:55:00,THEFT,THEFT incident reported in North West Delhi (Rohini),North West Delhi (Rohini),False,North West Delhi (Rohini),28.686501105305823,77.09263853840564
"FIR No. 0410/2023, P.S. Hauz Khas",2023-10-09 11:13:00,THEFT,THEFT incident reported in South Delhi (Hauz Khas),South Delhi (Hauz Khas),False,South Delhi (Hauz Khas),28.527822419332768,77.20967689453225
"FIR No. 0231/2025, P.S. Connaught Place",2025-12-22 20:22:00,THEFT,THEFT incident reported in Central Delhi (Connaught Place),Central Delhi (Connaught Place),False,Central Delhi (Connaught Place),28.60875532793925,77.20044287195552
83295915/2025,2025-09-21 01:53:00,ASSAULT,ASSAULT incident reported in North West Delhi (Rohini),North West Delhi (Rohini),False,North West Delhi (Rohini),28.6880622508288,77.09559761829914
"FIR No. 0187/2024, P.S. Hauz Khas",2024-03-25 06:33:00,THEFT,THEFT incident reported in South Delhi (Hauz Khas),South Delhi (Hauz Khas),True,South Delhi (Hauz Khas),28.57196666549312,77.22832264043967
"FIR No. 0294/2023, P.S. Hauz Khas",2023-09-24 14:53:00,ASSAULT,ASSAULT incident reported in South Delhi (Hauz Khas),South Delhi (Hauz Khas),False,South Delhi (Hauz Khas),28.53589568502448,77.20548424856459
"FIR No. 0061/2023, P.S. Rohini",2023-11-20 05:46:00,THEFT,THEFT incident reported in North West Delhi (Rohini),North West Delhi (Rohini),True,North West Delhi (Rohini),28.70231058798264,77.10376734742218
"FIR No. 0254/2023, P.S. Connaught Place",2023-04-23 09:15:00,THEFT,THEFT incident reported in Central Delhi (Connaught Place),Central Delhi (Connaught Place),True,Central Delhi (Connaught Place),28.62923291121082,77.23157513963785
"FIR No. 0555/2024, P.S. Hauz Khas",2024-06-27 16:24:00,THEFT,THEFT incident reported in South Delhi (Hauz Khas),South Delhi (Hauz Khas),False,South Delhi (Hauz Khas),28.56640271869385,77.2107761037844
"FIR No. 0240/2026, P.S. Parliament Street",2026-04-23 16:44:00,BURGLARY,BURGLARY incident reported in New Delhi (Parliament Street),New Delhi (Parliament Street),False,New Delhi (Parliament Street),28.610989799976768,77.21381935487838
"FIR No. 0445/2023, P.S. Connaught Place",2023-06-21 22:43:00,ASSAULT,ASSAULT incident reported in Central Delhi (Connaught Place),Central Delhi (Connaught Place),False,Central Delhi (Connaught Place),28.61542518273245,77.22748313826543
84809630/2024,2024-01-03 06:57:00,THEFT,THEFT incident reported in South West Delhi (Dwarka),South West Delhi (Dwarka),False,South West Delhi (Dwarka),28.572818912832176,77.04319852429455
"FIR No. 0435/2026, P.S. Connaught Place",2026-04-10 17:05:00,ASSAULT,ASSAULT incident reported in Central Delhi (Connaught Place),Central Delhi (Connaught Place),True,Central Delhi (Connaught Place),28.63027209285076,77.2086656826014
"FIR No. 0506/2026, P.S. Rohini",2026-06-25 16:00:00,THEFT,THEFT incident reported in North West Delhi (Rohini),North West Delhi (Rohini),False,North West Delhi (Rohini),28.677324609143525,77.12375975090383
"FIR No. 0174/2024, P.S. Hauz Khas",2024-04-29 09:05:00,THEFT,THEFT incident reported in South Delhi (Hauz Khas),South Delhi (Hauz Khas),True,South Delhi (Hauz Khas),28.52741924824116,77.17930611623308
"FIR No. 0103/2023, P.S. Connaught Place",2023-12-12 12:59:00,THEFT,THEFT incident reported in Central Delhi (Connaught Place),Central Delhi (Connaught Place),True,Central Delhi (Connaught Place),28.635257324708185,77.20829127616719
"FIR No. 0040/2025, P.S. Parliament Street",2025-02-27 01:23:00,ROBBERY,ROBBERY incident reported in New Delhi (Parliament Street),New Delhi (Parliament Street),False,New Delhi (Parliament Street),28.60445601989601,77.20743695425573
"FIR No. 0103/2025, P.S. Parliament Street",2025-03-01 19:43:00,ASSAULT,ASSAULT incident reported in New Delhi (Parliament Street),New Delhi (Parliament Street),False,New Delhi (Parliament Street),28.647500684673943,77.21002100073625
"FIR No. 0166/2024, P.S. Hauz Khas",2024-05-02 06:15:00,THEFT,THEFT incident reported in South Delhi (Hauz Khas),South Delhi (Hauz Khas),False,South Delhi (Hauz Khas),28.562409035645413,77.1923460144182
"FIR No. 0612/2025, P.S. Hauz Khas",2025-07-04 03:07:00,THEFT,THEFT incident reported in South Delhi (Hauz Khas),South Delhi (Hauz Khas),False,South Delhi (Hauz Khas),28.5656694029653,77.16377647562402
89573268/2023,2023-09-07 12:36:00,ASSAULT,ASSAULT incident reported in East Delhi (Preet Vihar),East Delhi (Preet Vihar),False,East Delhi (Preet Vihar),28.640791481418088,77.30450945313038
"FIR No. 0193/2026, P.S. Rohini",2026-02-21 16:42:00,THEFT,THEFT incident reported in North West Delhi (Rohini),North West Delhi (Rohini),False,North West Delhi (Rohini),28.723520171881205,77.11196655633768
88118649/2026,2026-05-12 07:08:00,ROBBERY,ROBBERY incident reported in South Delhi (Hauz Khas),South Delhi (Hauz Khas),False,South Delhi (Hauz Khas),28.52520247356601,77.21058067865893
"FIR No. 0223/2025, P.S. Rohini",2025-09-17 06:47:00,THEFT,THEFT incident reported in North West Delhi (Rohini),North West Delhi (Rohini),False,North West Delhi (Rohini),28.70331838430226,77.10908791392512
"FIR No. 0158/2024, P.S. Parliament Street",2024-06-09 06:34:00,THEFT,THEFT incident reported in New Delhi (Parliament Street),New Delhi (Parliament Street),False,New Delhi (Parliament Street),28.599417056667445,77.21238303351365
"FIR No. 1001/2025, P.S. Hauz Khas",2025-12-31 08:32:00,THEFT,THEFT incident reported in South Delhi (Hauz Khas),South Delhi (Hauz Khas),False,South Delhi (Hauz Khas),28.561066066525008,77.21730557202798
"FIR No. 0383/2024, P.S. Preet Vihar",2024-08-19 17:55:00,THEFT,THEFT incident reported in East Delhi (Preet Vihar),East Delhi (Preet Vihar),False,East Delhi (Preet Vihar),28.66533010321637,77.28715511684939
"FIR No. 0148/2023, P.S. Parliament Street",2023-06-26 22:00:00,ASSAULT,ASSAULT incident reported in New Delhi (Parliament Street),New Delhi (Parliament Street),False,New Delhi (Parliament Street),28.6344449924273,77.2200505939123
"FIR No. 0025/2025, P.S. Rohini",2025-02-15 08:50:00,THEFT,THEFT incident reported in North West Delhi (Rohini),North West Delhi (Rohini),False,North West Delhi (Rohini),28.70372526528519,77.08940245683934
"FIR No. 0081/2025, P.S. Parliament Street",2025-01-09 08:56:00,THEFT,THEFT incident reported in New Delhi (Parliament Street),New Delhi (Parliament Street),False,New Delhi (Parliament Street),28.61559421713864,77.20620990091068
"FIR No. 0275/2026, P.S. Hauz Khas",2026-07-07 13:59:00,THEFT,THEFT incident reported in South Delhi (Hauz Khas),South Delhi (Hauz Khas),False,South Delhi (Hauz Khas),28.56541280573761,77.20049975786908
"FIR No. 0030/2024, P.S. Connaught Place",2024-01-15 12:32:00,THEFT,THEFT incident reported in Central Delhi (Connaught Place),Central Delhi (Connaught Place),False,Central Delhi (Connaught Place),28.626785140098143,77.22269580077615
"FIR No. 0365/2024, P.S. Dwarka",2024-05-24 05:41:00,THEFT,THEFT incident reported in South West Delhi (Dwarka),South West Delhi (Dwarka),False,South West Delhi (Dwarka),28.57683791126582,77.01174679394725
"FIR No. 0481/2025, P.S. Preet Vihar",2025-06-28 15:24:00,ASSAULT,ASSAULT incident reported in East Delhi (Preet Vihar),East Delhi (Preet Vihar),False,East Delhi (Preet Vihar),28.634921585126683,77.28126640978427
"FIR No. 0583/2025, P.S. Rohini",2025-11-25 18:23:00,THEFT,THEFT incident reported in North West Delhi (Rohini),North West Delhi (Rohini),False,North West Delhi (Rohini),28.707546921472087,77.0646139578706
"FIR No. 0062/2023, P.S. Connaught Place",2023-01-13 02:49:00,ASSAULT,ASSAULT incident reported in Central Delhi (Connaught Place),Central Delhi (Connaught Place),True,Central Delhi (Connaught Place),28.6276422702975,77.19576983710651
83699862/2023,2023-11-06 18:36:00,ASSAULT,ASSAULT incident reported in South Delhi (Hauz Khas),South Delhi (Hauz Khas),True,South Delhi (Hauz Khas),28.545998173726204,77.20480909086132
82666899/2025,2025-06-25 20:51:00,ROBBERY,ROBBERY incident reported in South Delhi (Hauz Khas),South Delhi (Hauz Khas),False,South Delhi (Hauz Khas),28.542556990618618,77.20354821554128
80010921/2023,2023-04-27 13:22:00,ASSAULT,ASSAULT incident reported in North West Delhi (Rohini),North West Delhi (Rohini),False,North West Delhi (Rohini),28.69677536611657,77.10658491768497
"FIR No. 0340/2024, P.S. Connaught Place",2024-05-06 07:24:00,ASSAULT,ASSAULT incident reported in Central Delhi (Connaught Place),Central Delhi (Connaught Place),False,Central Delhi (Connaught Place),28.641720370501844,77.21365779303672
"FIR No. 0076/2024, P.S. Preet Vihar",2024-08-01 23:44:00,THEFT,THEFT incident reported in East Delhi (Preet Vihar),East Delhi (Preet Vihar),False,East Delhi (Preet Vihar),28.656789840023293,77.29443617589972
83130408/2025,2025-01-05 00:29:00,KIDNAPPING,KIDNAPPING incident reported in South Delhi (Hauz Khas),South Delhi (Hauz Khas),True,South Delhi (Hauz Khas),28.55786932109135,77.21597601444753
"FIR No. 0258/2023, P.S. Rohini",2023-03-19 09:05:00,ASSAULT,ASSAULT incident reported in North West Delhi (Rohini),North West Delhi (Rohini),False,North West Delhi (Rohini),28.70128170253979,77.09855969388497
"FIR No. 0155/2024, P.S. Preet Vihar",2024-11-16 19:23:00,BURGLARY,BURGLARY incident reported in East Delhi (Preet Vihar),East Delhi (Preet Vihar),True,East Delhi (Preet Vihar),28.64145691381236,77.31563551018313
83017764/2023,2023-01-23 12:20:00,BURGLARY,BURGLARY incident reported in East Delhi (Preet Vihar),East Delhi (Preet Vihar),False,East Delhi (Preet Vihar),28.63652538679628,77.29897907297033
"FIR No. 1151/2025, P.S. Hauz Khas",2025-12-05 14:28:00,OTHER,OTHER incident reported in South Delhi (Hauz Khas),South Delhi (Hauz Khas),True,South Delhi (Hauz Khas),28.53103860541693,77.20322476649764
"FIR No. 0171/2025, P.S. Rohini",2025-06-14 17:31:00,THEFT,THEFT incident reported in North West Delhi (Rohini),North West Delhi (Rohini),False,North West Delhi (Rohini),28.688231162341378,77.09821692781749
"FIR No. 0033/2025, P.S. Preet Vihar",2025-01-13 19:44:00,THEFT,THEFT incident reported in East Delhi (Preet Vihar),East Delhi (Preet Vihar),False,East Delhi (Preet Vihar),28.649350981022888,77.3207942690192
"FIR No. 0404/2025, P.S. Connaught Place",2025-12-28 22:04:00,ROBBERY,ROBBERY incident reported in Central Delhi (Connaught Place),Central Delhi (Connaught Place),False,Central Delhi (Connaught Place),28.61583826257772,77.21484315698534
"FIR No. 0317/2024, P.S. Connaught Place",2024-07-10 03:35:00,OTHER,OTHER incident reported in Central Delhi (Connaught Place),Central Delhi (Connaught Place),True,Central Delhi (Connaught Place),28.62873494271444,77.19958912456438
"FIR No. 0017/2023, P.S. Dwarka",2023-01-05 09:25:00,THEFT,THEFT incident reported in South West Delhi (Dwarka),South West Delhi (Dwarka),False,South West Delhi (Dwarka),28.582257647980967,77.03566935465267
"FIR No. 0266/2023, P.S. Preet Vihar",2023-12-21 12:02:00,OTHER,OTHER incident reported in East Delhi (Preet Vihar),East Delhi (Preet Vihar),False,East Delhi (Preet Vihar),28.6641501857484,77.28418838562725
"FIR No. 0297/2025, P.S. Connaught Place",2025-03-11 21:18:00,THEFT,THEFT incident reported in Central Delhi (Connaught Place),Central Delhi (Connaught Place),False,Central Delhi (Connaught Place),28.64895918064602,77.22863950243612
"FIR No. 0046/2025, P.S. Parliament Street",2025-01-08 18:14:00,ASSAULT,ASSAULT incident reported in New Delhi (Parliament Street),New Delhi (Parliament Street),True,New Delhi (Parliament Street),28.620280887874284,77.21793492150273
"FIR No. 0101/2023, P.S. Rohini",2023-03-14 14:03:00,THEFT,THEFT incident reported in North West Delhi (Rohini),North West Delhi (Rohini),False,North West Delhi (Rohini),28.70597733084818,77.09558749407927
88636248/2024,2024-07-28 19:42:00,THEFT,THEFT incident reported in North West Delhi (Rohini),North West Delhi (Rohini),True,North West Delhi (Rohini),28.70818370958106,77.09118603661958
"FIR No. 0058/2024, P.S. Connaught Place",2024-02-23 19:04:00,ASSAULT,ASSAULT incident reported in Central Delhi (Connaught Place),Central Delhi (Connaught Place),False,Central Delhi (Connaught Place),28.623908645888704,77.19923446683543
86099946/2025,2025-06-02 17:51:00,THEFT,THEFT incident reported in South Delhi (Hauz Khas),South Delhi (Hauz Khas),False,South Delhi (Hauz Khas),28.54477827301396,77.22661489158997
"FIR No. 0168/2025, P.S. Parliament Street",2025-03-11 01:53:00,THEFT,THEFT incident reported in New Delhi (Parliament Street),New Delhi (Parliament Street),False,New Delhi (Parliament Street),28.63315332947329,77.20332371648401
"FIR No. 0536/2023, P.S. Hauz Khas",2023-09-06 04:16:00,ROBBERY,ROBBERY incident reported in South Delhi (Hauz Khas),South Delhi (Hauz Khas),False,South Delhi (Hauz Khas),28.5479017322902,77.19816556577632
"FIR No. 0177/2025, P.S. Dwarka",2025-09-10 02:15:00,ROBBERY,ROBBERY incident reported in South West Delhi (Dwarka),South West Delhi (Dwarka),True,South West Delhi (Dwarka),28.572771491207607,77.03648321375138
81540336/2024,2024-07-26 08:24:00,THEFT,THEFT incident reported in Central Delhi (Connaught Place),Central Delhi (Connaught Place),False,Central Delhi (Connaught Place),28.641193453436724,77.2478722767238
"FIR No. 0588/2025, P.S. Connaught Place",2025-08-24 14:38:00,ROBBERY,ROBBERY incident reported in Central Delhi (Connaught Place),Central Delhi (Connaught Place),False,Central Delhi (Connaught Place),28.64132290479403,77.22282176645578
"FIR No. 0076/2024, P.S. Preet Vihar",2024-03-25 13:52:00,THEFT,THEFT incident reported in East Delhi (Preet Vihar),East Delhi (Preet Vihar),False,East Delhi (Preet Vihar),28.61420632737186,77.29933648144598
"FIR No. 0161/2026, P.S. Parliament Street",2026-05-22 01:01:00,ASSAULT,ASSAULT incident reported in New Delhi (Parliament Street),New Delhi (Parliament Street),True,New Delhi (Parliament Street),28.61638569939781,77.20684038277422
"FIR No. 0150/2025, P.S. Connaught Place",2025-03-03 12:01:00,OTHER,OTHER incident reported in Central Delhi (Connaught Place),Central Delhi (Connaught Place),False,Central Delhi (Connaught Place),28.65926843776684,77.19930495459975
82276651/2024,2024-08-27 01:16:00,THEFT,THEFT incident reported in North West Delhi (Rohini),North West Delhi (Rohini),False,North West Delhi (Rohini),28.6822454929427,77.1061076626235
"FIR No. 0147/2025, P.S. Preet Vihar",2025-10-26 01:34:00,ASSAULT,ASSAULT incident reported in East Delhi (Preet Vihar),East Delhi (Preet Vihar),False,East Delhi (Preet Vihar),28.652614062239,77.28155018534791
"FIR No. 0011/2024, P.S. Connaught Place",2024-08-20 17:02:00,ROBBERY,ROBBERY incident reported in Central Delhi (Connaught Place),Central Delhi (Connaught Place),False,Central Delhi (Connaught Place),28.62420325166341,77.22239207628965
"FIR No. 0545/2025, P.S. Hauz Khas",2025-09-23 14:22:00,THEFT,THEFT incident reported in South Delhi (Hauz Khas),South Delhi (Hauz Khas),True,South Delhi (Hauz Khas),28.57341176151849,77.17278412796435
"FIR No. 0600/2024, P.S. Connaught Place",2024-11-24 09:46:00,ROBBERY,ROBBERY incident reported in Central Delhi (Connaught Place),Central Delhi (Connaught Place),True,Central Delhi (Connaught Place),28.632216686052672,77.21221749679698
89323327/2026,2026-03-18 08:06:00,THEFT,THEFT incident reported in East Delhi (Preet Vihar),East Delhi (Preet Vihar),True,East Delhi (Preet Vihar),28.634165056019945,77.30869123750404
"FIR No. 0057/2025, P.S. Connaught Place",2025-01-17 23:41:00,THEFT,THEFT incident reported in Central Delhi (Connaught Place),Central Delhi (Connaught Place),False,Central Delhi (Connaught Place),28.64553106060273,77.21594261861625
"FIR No. 0131/2025, P.S. Preet Vihar",2025-02-04 09:13:00,THEFT,THEFT incident reported in East Delhi (Preet Vihar),East Delhi (Preet Vihar),False,East Delhi (Preet Vihar),28.65676494646076,77.28374912552634
"FIR No. 0043/2026, P.S. Hauz Khas",2026-02-07 19:14:00,THEFT,THEFT incident reported in South Delhi (Hauz Khas),South Delhi (Hauz Khas),True,South Delhi (Hauz Khas),28.524446646507894,77.20611821220783
"FIR No. 0765/2024, P.S. Preet Vihar",2024-10-01 09:45:00,BURGLARY,BURGLARY incident reported in East Delhi (Preet Vihar),East Delhi (Preet Vihar),True,East Delhi (Preet Vihar),28.637963106080804,77.31469704206475
88602822/2023,2023-10-01 21:54:00,BURGLARY,BURGLARY incident reported in New Delhi (Parliament Street),New Delhi (Parliament Street),False,New Delhi (Parliament Street),28.61041710806895,77.19676830122283
"FIR No. 0020/2025, P.S. Dwarka",2025-01-23 08:19:00,THEFT,THEFT incident reported in South West Delhi (Dwarka),South West Delhi (Dwarka),False,South West Delhi (Dwarka),28.58178038777857,77.0592515658578
"FIR No. 0163/2023, P.S. Hauz Khas",2023-04-21 16:14:00,OTHER,OTHER incident reported in South Delhi (Hauz Khas),South Delhi (Hauz Khas),False,South Delhi (Hauz Khas),28.534213090729985,77.19073847489626
"FIR No. 0151/2025, P.S. Rohini",2025-03-09 13:36:00,BURGLARY,BURGLARY incident reported in North West Delhi (Rohini),North West Delhi (Rohini),False,North West Delhi (Rohini),28.68030675154261,77.08995527761216
"FIR No. 0292/2024, P.S. Preet Vihar",2024-04-06 17:26:00,ASSAULT,ASSAULT incident reported in East Delhi (Preet Vihar),East Delhi (Preet Vihar),False,East Delhi (Preet Vihar),28.646554048572124,77.31343856187124
"FIR No. 0010/2024, P.S. Preet Vihar",2024-04-11 18:52:00,ASSAULT,ASSAULT incident reported in East Delhi (Preet Vihar),East Delhi (Preet Vihar),False,East Delhi (Preet Vihar),28.63478596650712,77.31729773123706
"FIR No. 0862/2024, P.S. Parliament Street",2024-12-16 22:01:00,THEFT,THEFT incident reported in New Delhi (Parliament Street),New Delhi (Parliament Street),False,New Delhi (Parliament Street),28.60441746884298,77.23219492227047
"FIR No. 0104/2024, P.S. Dwarka",2024-08-24 07:19:00,ASSAULT,ASSAULT incident reported in South West Delhi (Dwarka),South West Delhi (Dwarka),False,South West Delhi (Dwarka),28.60713963143756,77.05603385681499
"FIR No. 1001/2023, P.S. Parliament Street",2023-12-14 18:12:00,ASSAULT,ASSAULT incident reported in New Delhi (Parliament Street),New Delhi (Parliament Street),False,New Delhi (Parliament Street),28.61961719427497,77.19609272010521
"FIR No. 0022/2025, P.S. Connaught Place",2025-01-21 12:40:00,THEFT,THEFT incident reported in Central Delhi (Connaught Place),Central Delhi (Connaught Place),True,Central Delhi (Connaught Place),28.641293010649964,77.21270093361655
"FIR No. 0021/2026, P.S. Preet Vihar",2026-01-19 07:12:00,BURGLARY,BURGLARY incident reported in East Delhi (Preet Vihar),East Delhi (Preet Vihar),False,East Delhi (Preet Vihar),28.625288149457344,77.31034428242178
87546164/2024,2024-08-18 14:40:00,KIDNAPPING,KIDNAPPING incident reported in South West Delhi (Dwarka),South West Delhi (Dwarka),False,South West Delhi (Dwarka),28.62414063241686,77.05847469553504
"FIR No. 0244/2025, P.S. Rohini",2025-05-24 00:50:00,ASSAULT,ASSAULT incident reported in North West Delhi (Rohini),North West Delhi (Rohini),False,North West Delhi (Rohini),28.714390288971792,77.1226165929937
"FIR No. 0140/2024, P.S. Hauz Khas",2024-03-08 02:06:00,ROBBERY,ROBBERY incident reported in South Delhi (Hauz Khas),South Delhi (Hauz Khas),False,South Delhi (Hauz Khas),28.572814446832883,77.18759677648424
"FIR No. 0363/2023, P.S. Hauz Khas",2023-04-07 15:54:00,BURGLARY,BURGLARY incident reported in South Delhi (Hauz Khas),South Delhi (Hauz Khas),False,South Delhi (Hauz Khas),28.54531725333805,77.18108874010609
"FIR No. 0236/2023, P.S. Connaught Place",2023-03-26 02:09:00,ASSAULT,ASSAULT incident reported in Central Delhi (Connaught Place),Central Delhi (Connaught Place),False,Central Delhi (Connaught Place),28.61970628466881,77.17634132131663
"FIR No. 0095/2023, P.S. Connaught Place",2023-08-23 20:59:00,BURGLARY,BURGLARY incident reported in Central Delhi (Connaught Place),Central Delhi (Connaught Place),False,Central Delhi (Connaught Place),28.63596522597299,77.2003375578765
"FIR No. 0029/2023, P.S. Preet Vihar",2023-01-02 08:52:00,KIDNAPPING,KIDNAPPING incident reported in East Delhi (Preet Vihar),East Delhi (Preet Vihar),False,East Delhi (Preet Vihar),28.61414911623625,77.29217570469973
"FIR No. 0616/2025, P.S. Parliament Street",2025-10-29 06:57:00,BURGLARY,BURGLARY incident reported in New Delhi (Parliament Street),New Delhi (Parliament Street),True,New Delhi (Parliament Street),28.644237222232,77.20350482817209
"FIR No. 0193/2023, P.S. Connaught Place",2023-06-08 04:42:00,THEFT,THEFT incident reported in Central Delhi (Connaught Place),Central Delhi (Connaught Place),True,Central Delhi (Connaught Place),28.611837980575896,77.20383138985571
"FIR No. 0421/2023, P.S. Connaught Place",2023-09-25 09:41:00,BURGLARY,BURGLARY incident reported in Central Delhi (Connaught Place),Central Delhi (Connaught Place),False,Central Delhi (Connaught Place),28.616576274913747,77.22540209435329
84810838/2023,2023-11-26 18:51:00,ASSAULT,ASSAULT incident reported in South West Delhi (Dwarka),South West Delhi (Dwarka),False,South West Delhi (Dwarka),28.584672420621512,77.03757080467886
"FIR No. 0030/2024, P.S. Parliament Street",2024-01-29 14:25:00,THEFT,THEFT incident reported in New Delhi (Parliament Street),New Delhi (Parliament Street),False,New Delhi (Parliament Street),28.6254477835485,77.18939394997813
"FIR No. 0131/2023, P.S. Preet Vihar",2023-02-06 04:40:00,THEFT,THEFT incident reported in East Delhi (Preet Vihar),East Delhi (Preet Vihar),True,East Delhi (Preet Vihar),28.649634360910955,77.30656691093489
"FIR No. 0598/2026, P.S. Parliament Street",2026-07-30 00:19:00,THEFT,THEFT incident reported in New Delhi (Parliament Street),New Delhi (Parliament Street),False,New Delhi (Parliament Street),28.61490659371116,77.19076423478283
"FIR No. 0292/2023, P.S. Connaught Place",2023-04-23 09:03:00,THEFT,THEFT incident reported in Central Delhi (Connaught Place),Central Delhi (Connaught Place),True,Central Delhi (Connaught Place),28.615283316525307,77.23048696216559
89976268/2026,2026-05-05 02:08:00,KIDNAPPING,KIDNAPPING incident reported in Central Delhi (Connaught Place),Central Delhi (Connaught Place),False,Central Delhi (Connaught Place),28.619725149208808,77.23498814564647
"FIR No. 0300/2025, P.S. Hauz Khas",2025-09-16 00:36:00,ROBBERY,ROBBERY incident reported in South Delhi (Hauz Khas),South Delhi (Hauz Khas),True,South Delhi (Hauz Khas),28.573256403860302,77.20981770810027
"FIR No. 0005/2024, P.S. Hauz Khas",2024-08-20 08:28:00,THEFT,THEFT incident reported in South Delhi (Hauz Khas),South Delhi (Hauz Khas),False,South Delhi (Hauz Khas),28.549836574819235,77.22155213846978
"FIR No. 0060/2025, P.S. Dwarka",2025-02-28 02:24:00,THEFT,THEFT incident reported in South West Delhi (Dwarka),South West Delhi (Dwarka),False,South West Delhi (Dwarka),28.579885390795454,77.05054682973548
"FIR No. 0579/2025, P.S. Dwarka",2025-11-20 22:53:00,THEFT,THEFT incident reported in South West Delhi (Dwarka),South West Delhi (Dwarka),False,South West Delhi (Dwarka),28.622354503671904,77.03018309431809
"FIR No. 0612/2025, P.S. Dwarka",2025-09-22 00:02:00,THEFT,THEFT incident reported in South West Delhi (Dwarka),South West Delhi (Dwarka),False,South West Delhi (Dwarka),28.58383265014516,77.06317955334856
"FIR No. 0084/2024, P.S. Connaught Place",2024-07-24 00:16:00,ROBBERY,ROBBERY incident reported in Central Delhi (Connaught Place),Central Delhi (Connaught Place),False,Central Delhi (Connaught Place),28.61764595714394,77.22176590767329
"FIR No. 0751/2024, P.S. Hauz Khas",2024-11-23 03:45:00,THEFT,THEFT incident reported in South Delhi (Hauz Khas),South Delhi (Hauz Khas),False,South Delhi (Hauz Khas),28.56932278684288,77.2059225066842
"FIR No. 0523/2025, P.S. Preet Vihar",2025-10-08 18:29:00,ASSAULT,ASSAULT incident reported in East Delhi (Preet Vihar),East Delhi (Preet Vihar),True,East Delhi (Preet Vihar),28.64211555370884,77.28500997240388
"FIR No. 0134/2025, P.S. Preet Vihar",2025-06-23 18:53:00,KIDNAPPING,KIDNAPPING incident reported in East Delhi (Preet Vihar),East Delhi (Preet Vihar),False,East Delhi (Preet Vihar),28.648695451413115,77.2631716326923
"FIR No. 0165/2023, P.S. Connaught Place",2023-03-08 14:11:00,ASSAULT,ASSAULT incident reported in Central Delhi (Connaught Place),Central Delhi (Connaught Place),True,Central Delhi (Connaught Place),28.657557623863152,77.20710994832659
"FIR No. 0544/2024, P.S. Parliament Street",2024-09-15 13:05:00,BURGLARY,BURGLARY incident reported in New Delhi (Parliament Street),New Delhi (Parliament Street),False,New Delhi (Parliament Street),28.642803127060738,77.21222865361526
"FIR No. 0302/2023, P.S. Rohini",2023-09-01 14:51:00,BURGLARY,BURGLARY incident reported in North West Delhi (Rohini),North West Delhi (Rohini),True,North West Delhi (Rohini),28.71207675358549,77.10380257794533
"FIR No. 0065/2023, P.S. Connaught Place",2023-01-25 18:18:00,OTHER,OTHER incident reported in Central Delhi (Connaught Place),Central Delhi (Connaught Place),False,Central Delhi (Connaught Place),28.63834731020089,77.21042879935162
"FIR No. 0699/2024, P.S. Dwarka",2024-07-16 08:03:00,BURGLARY,BURGLARY incident reported in South West Delhi (Dwarka),South West Delhi (Dwarka),False,South West Delhi (Dwarka),28.5892723312124,77.0275936657275
"FIR No. 0648/2024, P.S. Parliament Street",2024-10-30 22:48:00,ASSAULT,ASSAULT incident reported in New Delhi (Parliament Street),New Delhi (Parliament Street),False,New Delhi (Parliament Street),28.63102130947795,77.1986600030158
"FIR No. 0252/2026, P.S. Connaught Place",2026-05-17 04:29:00,ASSAULT,ASSAULT incident reported in Central Delhi (Connaught Place),Central Delhi (Connaught Place),False,Central Delhi (Connaught Place),28.633495621608823,77.18700902200628
"FIR No. 0071/2025, P.S. Hauz Khas",2025-02-04 04:22:00,ASSAULT,ASSAULT incident reported in South Delhi (Hauz Khas),South Delhi (Hauz Khas),True,South Delhi (Hauz Khas),28.58052633332948,77.18911625388901
"FIR No. 0350/2025, P.S. Dwarka",2025-06-03 18:55:00,ASSAULT,ASSAULT incident reported in South West Delhi (Dwarka),South West Delhi (Dwarka),False,South West Delhi (Dwarka),28.604804832161268,77.05489062711914
80051851/2025,2025-10-29 17:18:00,ROBBERY,ROBBERY incident reported in South Delhi (Hauz Khas),South Delhi (Hauz Khas),False,South Delhi (Hauz Khas),28.51351795122345,77.17882628750762
"FIR No. 0220/2026, P.S. Dwarka",2026-04-04 12:33:00,THEFT,THEFT incident reported in South West Delhi (Dwarka),South West Delhi (Dwarka),False,South West Delhi (Dwarka),28.592074149473785,77.04488937662042
81429556/2023,2023-02-18 06:31:00,ASSAULT,ASSAULT incident reported in East Delhi (Preet Vihar),East Delhi (Preet Vihar),False,East Delhi (Preet Vihar),28.633857564308087,77.32115461935103
"FIR No. 0695/2025, P.S. Hauz Khas",2025-10-11 00:04:00,ASSAULT,ASSAULT incident reported in South Delhi (Hauz Khas),South Delhi (Hauz Khas),False,South Delhi (Hauz Khas),28.55431037833675,77.2228899466954
"FIR No. 0350/2026, P.S. Rohini",2026-05-07 23:25:00,THEFT,THEFT incident reported in North West Delhi (Rohini),North West Delhi (Rohini),False,North West Delhi (Rohini),28.691793877050472,77.07926667055425
"FIR No. 0780/2023, P.S. Connaught Place",2023-08-09 12:15:00,THEFT,THEFT incident reported in Central Delhi (Connaught Place),Central Delhi (Connaught Place),False,Central Delhi (Connaught Place),28.64624609534285,77.22691282716897
"FIR No. 0109/2024, P.S. Connaught Place",2024-05-13 22:20:00,OTHER,OTHER incident reported in Central Delhi (Connaught Place),Central Delhi (Connaught Place),True,Central Delhi (Connaught Place),28.642127759864007,77.23004461714564
"FIR No. 0386/2024, P.S. Dwarka",2024-07-10 01:54:00,THEFT,THEFT incident reported in South West Delhi (Dwarka),South West Delhi (Dwarka),False,South West Delhi (Dwarka),28.583386082368435,77.06848277623585
85825348/2025,2025-04-16 20:36:00,THEFT,THEFT incident reported in Central Delhi (Connaught Place),Central Delhi (Connaught Place),False,Central Delhi (Connaught Place),28.62135435129166,77.24726849878317
85218764/2023,2023-12-11 21:41:00,ASSAULT,ASSAULT incident reported in South Delhi (Hauz Khas),South Delhi (Hauz Khas),True,South Delhi (Hauz Khas),28.534644709432417,77.21377773412995
80634772/2026,2026-03-26 19:54:00,ASSAULT,ASSAULT incident reported in Central Delhi (Connaught Place),Central Delhi (Connaught Place),False,Central Delhi (Connaught Place),28.629712101653883,77.22349504524512
"FIR No. 0626/2025, P.S. Preet Vihar",2025-12-31 05:48:00,THEFT,THEFT incident reported in East Delhi (Preet Vihar),East Delhi (Preet Vihar),False,East Delhi (Preet Vihar),28.61562580926283,77.282680578858
"FIR No. 0036/2025, P.S. Preet Vihar",2025-01-12 04:32:00,THEFT,THEFT incident reported in East Delhi (Preet Vihar),East Delhi (Preet Vihar),False,East Delhi (Preet Vihar),28.61372230796162,77.30262320947455
"FIR No. 0013/2024, P.S. Rohini",2024-01-10 19:11:00,BURGLARY,BURGLARY incident reported in North West Delhi (Rohini),North West Delhi (Rohini),True,North West Delhi (Rohini),28.689449099356622,77.09567618733638
"FIR No. 0100/2025, P.S. Dwarka",2025-07-04 12:05:00,BURGLARY,BURGLARY incident reported in South West Delhi (Dwarka),South West Delhi (Dwarka),False,South West Delhi (Dwarka),28.590632009187324,77.02710424160843
85410297/2026,2026-07-19 08:16:00,ASSAULT,ASSAULT incident reported in New Delhi (Parliament Street),New Delhi (Parliament Street),False,New Delhi (Parliament Street),28.640667508352408,77.19251540761617
"FIR No. 0085/2025, P.S. Preet Vihar",2025-02-03 05:41:00,ASSAULT,ASSAULT incident reported in East Delhi (Preet Vihar),East Delhi (Preet Vihar),False,East Delhi (Preet Vihar),28.599078513041032,77.28191239228975
"FIR No. 0297/2025, P.S. Dwarka",2025-06-06 15:48:00,KIDNAPPING,KIDNAPPING incident reported in South West Delhi (Dwarka),South West Delhi (Dwarka),True,South West Delhi (Dwarka),28.563981866889367,77.04558386328581
"FIR No. 0018/2025, P.S. Dwarka",2025-06-04 02:06:00,THEFT,THEFT incident reported in South West Delhi (Dwarka),South West Delhi (Dwarka),True,South West Delhi (Dwarka),28.57627740297491,77.03656361927908
"FIR No. 0080/2025, P.S. Rohini",2025-03-14 02:40:00,THEFT,THEFT incident reported in North West Delhi (Rohini),North West Delhi (Rohini),False,North West Delhi (Rohini),28.71384202438809,77.12508185538962
"FIR No. 0033/2026, P.S. Connaught Place",2026-03-22 14:48:00,KIDNAPPING,KIDNAPPING incident reported in Central Delhi (Connaught Place),Central Delhi (Connaught Place),False,Central Delhi (Connaught Place),28.65118645520089,77.22743639179296
88030703/2024,2024-08-15 23:56:00,THEFT,THEFT incident reported in New Delhi (Parliament Street),New Delhi (Parliament Street),False,New Delhi (Parliament Street),28.61272648509128,77.21421024584053
88046609/2023,2023-02-04 02:37:00,THEFT,THEFT incident reported in Central Delhi (Connaught Place),Central Delhi (Connaught Place),True,Central Delhi (Connaught Place),28.626777655782675,77.22514723956958
"FIR No. 0793/2023, P.S. Preet Vihar",2023-11-18 07:32:00,THEFT,THEFT incident reported in East Delhi (Preet Vihar),East Delhi (Preet Vihar),False,East Delhi (Preet Vihar),28.637467466329912,77.30903929804398
"FIR No. 0056/2026, P.S. Connaught Place",2026-01-07 05:32:00,ASSAULT,ASSAULT incident reported in Central Delhi (Connaught Place),Central Delhi (Connaught Place),False,Central Delhi (Connaught Place),28.632426521749835,77.21958654677644
82504467/2026,2026-05-15 12:09:00,ASSAULT,ASSAULT incident reported in East Delhi (Preet Vihar),East Delhi (Preet Vihar),True,East Delhi (Preet Vihar),28.638436119665773,77.29462486964053
87359182/2023,2023-03-23 09:14:00,THEFT,THEFT incident reported in South West Delhi (Dwarka),South West Delhi (Dwarka),False,South West Delhi (Dwarka),28.59547184663878,77.03643231428177
"FIR No. 0218/2023, P.S. Dwarka",2023-03-24 05:29:00,BURGLARY,BURGLARY incident reported in South West Delhi (Dwarka),South West Delhi (Dwarka),False,South West Delhi (Dwarka),28.61595989218244,77.04247404186249
"FIR No. 0412/2023, P.S. Preet Vihar",2023-10-06 09:33:00,THEFT,THEFT incident reported in East Delhi (Preet Vihar),East Delhi (Preet Vihar),True,East Delhi (Preet Vihar),28.638583238473583,77.30877583808567
"FIR No. 0198/2024, P.S. Dwarka",2024-02-21 00:18:00,ROBBERY,ROBBERY incident reported in South West Delhi (Dwarka),South West Delhi (Dwarka),True,South West Delhi (Dwarka),28.561781113865024,77.08445453674635
85322503/2023,2023-10-26 11:10:00,THEFT,THEFT incident reported in New Delhi (Parliament Street),New Delhi (Parliament Street),True,New Delhi (Parliament Street),28.60971248745749,77.23078218724838
"FIR No. 0129/2024, P.S. Hauz Khas",2024-03-23 13:02:00,KIDNAPPING,KIDNAPPING incident reported in South Delhi (Hauz Khas),South Delhi (Hauz Khas),False,South Delhi (Hauz Khas),28.549458809017555,77.1901060088788
"FIR No. 0030/2024, P.S. Connaught Place",2024-01-02 09:14:00,THEFT,THEFT incident reported in Central Delhi (Connaught Place),Central Delhi (Connaught Place),False,Central Delhi (Connaught Place),28.623354856986506,77.20940151748852
"FIR No. 0466/2023, P.S. Preet Vihar",2023-05-08 02:34:00,BURGLARY,BURGLARY incident reported in East Delhi (Preet Vihar),East Delhi (Preet Vihar),False,East Delhi (Preet Vihar),28.63359406847994,77.29984622555881
"FIR No. 0225/2023, P.S. Rohini",2023-03-23 13:09:00,BURGLARY,BURGLARY incident reported in North West Delhi (Rohini),North West Delhi (Rohini),False,North West Delhi (Rohini),28.697063925317387,77.10627394415671
85865557/2024,2024-03-19 05:47:00,ASSAULT,ASSAULT incident reported in Central Delhi (Connaught Place),Central Delhi (Connaught Place),True,Central Delhi (Connaught Place),28.636154177178177,77.20608544278639
"FIR No. 0795/2024, P.S. Preet Vihar",2024-11-05 11:23:00,THEFT,THEFT incident reported in East Delhi (Preet Vihar),East Delhi (Preet Vihar),False,East Delhi (Preet Vihar),28.61759211891473,77.3240253098893
87049519/2023,2023-05-07 15:44:00,BURGLARY,BURGLARY incident reported in Central Delhi (Connaught Place),Central Delhi (Connaught Place),False,Central Delhi (Connaught Place),28.62601763666952,77.19274194576406
"FIR No. 0054/2024, P.S. Connaught Place",2024-01-02 22:00:00,BURGLARY,BURGLARY incident reported in Central Delhi (Connaught Place),Central Delhi (Connaught Place),False,Central Delhi (Connaught Place),28.62358729272676,77.21220503188665
"FIR No. 0017/2025, P.S. Connaught Place",2025-07-14 13:34:00,THEFT,THEFT incident reported in Central Delhi (Connaught Place),Central Delhi (Connaught Place),False,Central Delhi (Connaught Place),28.63299326075346,77.22640869700764
"FIR No. 0472/2023, P.S. Rohini",2023-09-25 16:24:00,THEFT,THEFT incident reported in North West Delhi (Rohini),North West Delhi (Rohini),True,North West Delhi (Rohini),28.707600581561326,77.10108776392909
89487308/2024,2024-12-31 15:42:00,ASSAULT,ASSAULT incident reported in South Delhi (Hauz Khas),South Delhi (Hauz Khas),False,South Delhi (Hauz Khas),28.545386745291417,77.20435372196711
"FIR No. 0070/2025, P.S. Rohini",2025-02-13 13:15:00,ASSAULT,ASSAULT incident reported in North West Delhi (Rohini),North West Delhi (Rohini),False,North West Delhi (Rohini),28.72979366795184,77.10057745824486
"FIR No. 0268/2023, P.S. Connaught Place",2023-05-02 14:01:00,THEFT,THEFT incident reported in Central Delhi (Connaught Place),Central Delhi (Connaught Place),True,Central Delhi (Connaught Place),28.62860209113154,77.21282664178887
"FIR No. 0146/2023, P.S. Hauz Khas",2023-11-23 10:34:00,THEFT,THEFT incident reported in South Delhi (Hauz Khas),South Delhi (Hauz Khas),False,South Delhi (Hauz Khas),28.52501227159205,77.19649148471464
88944621/2024,2024-04-16 10:10:00,THEFT,THEFT incident reported in East Delhi (Preet Vihar),East Delhi (Preet Vihar),False,East Delhi (Preet Vihar),28.640927809719763,77.30129667272578
81703767/2025,2025-01-15 01:18:00,THEFT,THEFT incident reported in North West Delhi (Rohini),North West Delhi (Rohini),False,North West Delhi (Rohini),28.713553605627578,77.08801777871561
"FIR No. 0420/2025, P.S. Hauz Khas",2025-08-31 02:52:00,THEFT,THEFT incident reported in South Delhi (Hauz Khas),South Delhi (Hauz Khas),True,South Delhi (Hauz Khas),28.54783186661753,77.20967272934357
"FIR No. 0206/2025, P.S. Connaught Place",2025-06-22 06:13:00,ASSAULT,ASSAULT incident reported in Central Delhi (Connaught Place),Central Delhi (Connaught Place),False,Central Delhi (Connaught Place),28.58140290042272,77.21796758299436
"FIR No. 0445/2024, P.S. Rohini",2024-08-22 09:08:00,ROBBERY,ROBBERY incident reported in North West Delhi (Rohini),North West Delhi (Rohini),True,North West Delhi (Rohini),28.68914118638487,77.10495762297137
"FIR No. 0879/2023, P.S. Preet Vihar",2023-12-09 01:40:00,KIDNAPPING,KIDNAPPING incident reported in East Delhi (Preet Vihar),East Delhi (Preet Vihar),False,East Delhi (Preet Vihar),28.63316025447689,77.30095686122463
"FIR No. 0129/2026, P.S. Dwarka",2026-02-28 10:36:00,KIDNAPPING,KIDNAPPING incident reported in South West Delhi (Dwarka),South West Delhi (Dwarka),True,South West Delhi (Dwarka),28.592451499810803,77.08548489743652
"FIR No. 0497/2023, P.S. Dwarka",2023-12-07 22:57:00,BURGLARY,BURGLARY incident reported in South West Delhi (Dwarka),South West Delhi (Dwarka),False,South West Delhi (Dwarka),28.591073840566693,77.00662744647158
"FIR No. 0273/2023, P.S. Hauz Khas",2023-11-15 03:18:00,THEFT,THEFT incident reported in South Delhi (Hauz Khas),South Delhi (Hauz Khas),False,South Delhi (Hauz Khas),28.5337119160222,77.20876967283148
"FIR No. 0529/2023, P.S. Connaught Place",2023-07-02 10:23:00,THEFT,THEFT incident reported in Central Delhi (Connaught Place),Central Delhi (Connaught Place),False,Central Delhi (Connaught Place),28.642976452626325,77.21642528716865
"FIR No. 0348/2023, P.S. Dwarka",2023-06-20 13:46:00,ASSAULT,ASSAULT incident reported in South West Delhi (Dwarka),South West Delhi (Dwarka),True,South West Delhi (Dwarka),28.612371222638327,77.06222049774128
"FIR No. 0643/2025, P.S. Hauz Khas",2025-12-19 14:45:00,ASSAULT,ASSAULT incident reported in South Delhi (Hauz Khas),South Delhi (Hauz Khas),False,South Delhi (Hauz Khas),28.54902932749571,77.19538786005067
"FIR No. 0156/2023, P.S. Parliament Street",2023-04-04 02:13:00,ROBBERY,ROBBERY incident reported in New Delhi (Parliament Street),New Delhi (Parliament Street),True,New Delhi (Parliament Street),28.632936398737264,77.2230062845102
"FIR No. 0826/2025, P.S. Connaught Place",2025-10-15 04:07:00,THEFT,THEFT incident reported in Central Delhi (Connaught Place),Central Delhi (Connaught Place),True,Central Delhi (Connaught Place),28.63190448705505,77.23746872695119
"FIR No. 0087/2025, P.S. Dwarka",2025-01-10 04:59:00,ASSAULT,ASSAULT incident reported in South West Delhi (Dwarka),South West Delhi (Dwarka),True,South West Delhi (Dwarka),28.60066034427401,77.04265117095207
"FIR No. 0186/2025, P.S. Connaught Place",2025-11-10 22:41:00,THEFT,THEFT incident reported in Central Delhi (Connaught Place),Central Delhi (Connaught Place),False,Central Delhi (Connaught Place),28.647670928166267,77.23887332667583
"FIR No. 0058/2025, P.S. Parliament Street",2025-02-19 02:24:00,THEFT,THEFT incident reported in New Delhi (Parliament Street),New Delhi (Parliament Street),False,New Delhi (Parliament Street),28.61466663972365,77.21315111916236
82891422/2023,2023-07-13 05:15:00,OTHER,OTHER incident reported in East Delhi (Preet Vihar),East Delhi (Preet Vihar),True,East Delhi (Preet Vihar),28.61568088665488,77.32415756994178
"FIR No. 0248/2023, P.S. Preet Vihar",2023-08-17 03:06:00,THEFT,THEFT incident reported in East Delhi (Preet Vihar),East Delhi (Preet Vihar),False,East Delhi (Preet Vihar),28.64368199764917,77.28742343968827
"FIR No. 0419/2023, P.S. Rohini",2023-08-29 17:12:00,KIDNAPPING,KIDNAPPING incident reported in North West Delhi (Rohini),North West Delhi (Rohini),False,North West Delhi (Rohini),28.71335214952091,77.1227559285592
"FIR No. 0360/2023, P.S. Hauz Khas",2023-06-13 02:50:00,ROBBERY,ROBBERY incident reported in South Delhi (Hauz Khas),South Delhi (Hauz Khas),False,South Delhi (Hauz Khas),28.55692513578917,77.18855111975608
"FIR No. 0013/2024, P.S. Parliament Street",2024-10-31 16:44:00,THEFT,THEFT incident reported in New Delhi (Parliament Street),New Delhi (Parliament Street),True,New Delhi (Parliament Street),28.618963213362345,77.22320675762367
"FIR No. 0569/2023, P.S. Parliament Street",2023-11-17 01:10:00,THEFT,THEFT incident reported in New Delhi (Parliament Street),New Delhi (Parliament Street),False,New Delhi (Parliament Street),28.60621682965991,77.21623268279727
"FIR No. 0043/2025, P.S. Connaught Place",2025-02-05 23:56:00,THEFT,THEFT incident reported in Central Delhi (Connaught Place),Central Delhi (Connaught Place),False,Central Delhi (Connaught Place),28.629225334683884,77.20924274872709
"FIR No. 0114/2026, P.S. Preet Vihar",2026-03-15 02:53:00,THEFT,THEFT incident reported in East Delhi (Preet Vihar),East Delhi (Preet Vihar),False,East Delhi (Preet Vihar),28.62904067986613,77.2818742316287
"FIR No. 0012/2025, P.S. Preet Vihar",2025-01-30 18:23:00,THEFT,THEFT incident reported in East Delhi (Preet Vihar),East Delhi (Preet Vihar),False,East Delhi (Preet Vihar),28.613364363836244,77.31640161974353
"FIR No. 0603/2025, P.S. Hauz Khas",2025-12-11 10:02:00,ASSAULT,ASSAULT incident reported in South Delhi (Hauz Khas),South Delhi (Hauz Khas),True,South Delhi (Hauz Khas),28.563036201823664,77.20012155342903
80668085/2023,2023-02-21 14:36:00,OTHER,OTHER incident reported in South Delhi (Hauz Khas),South Delhi (Hauz Khas),False,South Delhi (Hauz Khas),28.55746363957165,77.19605151661447
"FIR No. 0287/2026, P.S. Rohini",2026-06-18 17:16:00,THEFT,THEFT incident reported in North West Delhi (Rohini),North West Delhi (Rohini),True,North West Delhi (Rohini),28.72161423341933,77.08216909974736
"FIR No. 0271/2026, P.S. Dwarka",2026-06-08 15:09:00,THEFT,THEFT incident reported in South West Delhi (Dwarka),South West Delhi (Dwarka),False,South West Delhi (Dwarka),28.574111099966373,77.05657460315162
80574760/2024,2024-11-03 02:58:00,THEFT,THEFT incident reported in New Delhi (Parliament Street),New Delhi (Parliament Street),True,New Delhi (Parliament Street),28.620911712904444,77.19435401663367
87117271/2023,2023-11-12 03:32:00,THEFT,THEFT incident reported in Central Delhi (Connaught Place),Central Delhi (Connaught Place),False,Central Delhi (Connaught Place),28.64295096980249,77.24606255845262
81391168/2025,2025-01-06 02:31:00,THEFT,THEFT incident reported in New Delhi (Parliament Street),New Delhi (Parliament Street),True,New Delhi (Parliament Street),28.62507742855401,77.202887527255
"FIR No. 0434/2025, P.S. Dwarka",2025-06-28 13:23:00,THEFT,THEFT incident reported in South West Delhi (Dwarka),South West Delhi (Dwarka),False,South West Delhi (Dwarka),28.584227126704874,77.07509690605569
"FIR No. 0256/2024, P.S. Connaught Place",2024-06-19 20:40:00,KIDNAPPING,KIDNAPPING incident reported in Central Delhi (Connaught Place),Central Delhi (Connaught Place),True,Central Delhi (Connaught Place),28.630206023674248,77.22008049992759
"FIR No. 0260/2024, P.S. Hauz Khas",2024-06-21 08:22:00,THEFT,THEFT incident reported in South Delhi (Hauz Khas),South Delhi (Hauz Khas),False,South Delhi (Hauz Khas),28.56317107622276,77.20095149048682
"FIR No. 0291/2024, P.S. Dwarka",2024-07-09 20:32:00,ROBBERY,ROBBERY incident reported in South West Delhi (Dwarka),South West Delhi (Dwarka),True,South West Delhi (Dwarka),28.578791050785977,77.04565178240391
"FIR No. 0210/2025, P.S. Rohini",2025-05-27 07:06:00,ASSAULT,ASSAULT incident reported in North West Delhi (Rohini),North West Delhi (Rohini),False,North West Delhi (Rohini),28.70170953185181,77.09368624229012
"FIR No. 0303/2026, P.S. Connaught Place",2026-04-24 19:55:00,BURGLARY,BURGLARY incident reported in Central Delhi (Connaught Place),Central Delhi (Connaught Place),False,Central Delhi (Connaught Place),28.647138080944053,77.22785262409445
"FIR No. 0210/2026, P.S. Preet Vihar",2026-04-15 04:39:00,THEFT,THEFT incident reported in East Delhi (Preet Vihar),East Delhi (Preet Vihar),False,East Delhi (Preet Vihar),28.65357516073045,77.2780891656476
"FIR No. 0386/2024, P.S. Connaught Place",2024-07-31 07:32:00,THEFT,THEFT incident reported in Central Delhi (Connaught Place),Central Delhi (Connaught Place),True,Central Delhi (Connaught Place),28.63852787879044,77.23330029895769
"FIR No. 0030/2025, P.S. Preet Vihar",2025-01-29 23:22:00,BURGLARY,BURGLARY incident reported in East Delhi (Preet Vihar),East Delhi (Preet Vihar),False,East Delhi (Preet Vihar),28.63464023145594,77.30475145509911
"FIR No. 0112/2025, P.S. Hauz Khas",2025-10-14 09:09:00,ASSAULT,ASSAULT incident reported in South Delhi (Hauz Khas),South Delhi (Hauz Khas),False,South Delhi (Hauz Khas),28.5419318667268,77.20908304830633
81729296/2024,2024-12-28 09:00:00,THEFT,THEFT incident reported in South Delhi (Hauz Khas),South Delhi (Hauz Khas),False,South Delhi (Hauz Khas),28.532265606474724,77.21722991223498
"FIR No. 0084/2023, P.S. Connaught Place",2023-11-30 00:41:00,ROBBERY,ROBBERY incident reported in Central Delhi (Connaught Place),Central Delhi (Connaught Place),False,Central Delhi (Connaught Place),28.654559503350985,77.2057407229596
"FIR No. 0167/2023, P.S. Hauz Khas",2023-09-19 22:58:00,THEFT,THEFT incident reported in South Delhi (Hauz Khas),South Delhi (Hauz Khas),False,South Delhi (Hauz Khas),28.55248452850009,77.19561170231505
"FIR No. 0638/2025, P.S. Connaught Place",2025-08-05 04:45:00,BURGLARY,BURGLARY incident reported in Central Delhi (Connaught Place),Central Delhi (Connaught Place),False,Central Delhi (Connaught Place),28.62292417491028,77.1869743223324
"FIR No. 0289/2024, P.S. Connaught Place",2024-09-12 03:42:00,ASSAULT,ASSAULT incident reported in Central Delhi (Connaught Place),Central Delhi (Connaught Place),False,Central Delhi (Connaught Place),28.633733782257508,77.22006619515118
"FIR No. 0022/2024, P.S. Connaught Place",2024-10-07 06:43:00,ROBBERY,ROBBERY incident reported in Central Delhi (Connaught Place),Central Delhi (Connaught Place),True,Central Delhi (Connaught Place),28.645250351307418,77.21949865621345
85341123/2025,2025-12-08 15:46:00,THEFT,THEFT incident reported in North West Delhi (Rohini),North West Delhi (Rohini),True,North West Delhi (Rohini),28.687006755729243,77.13272024340621
"FIR No. 0075/2024, P.S. Connaught Place",2024-01-01 01:58:00,THEFT,THEFT incident reported in Central Delhi (Connaught Place),Central Delhi (Connaught Place),False,Central Delhi (Connaught Place),28.630517524948093,77.19148051200686
89832313/2023,2023-05-19 03:12:00,OTHER,OTHER incident reported in North West Delhi (Rohini),North West Delhi (Rohini),False,North West Delhi (Rohini),28.690950510383143,77.10854087461158
"FIR No. 0232/2024, P.S. Rohini",2024-10-11 06:54:00,ASSAULT,ASSAULT incident reported in North West Delhi (Rohini),North West Delhi (Rohini),True,North West Delhi (Rohini),28.697761169330064,77.0875194793742
"FIR No. 0470/2026, P.S. Parliament Street",2026-07-07 00:41:00,ASSAULT,ASSAULT incident reported in New Delhi (Parliament Street),New Delhi (Parliament Street),False,New Delhi (Parliament Street),28.65218000028968,77.1953610291332
84438960/2026,2026-07-07 16:10:00,THEFT,THEFT incident reported in Central Delhi (Connaught Place),Central Delhi (Connaught Place),False,Central Delhi (Connaught Place),28.6503578539137,77.228089428093
81058845/2025,2025-01-31 09:17:00,THEFT,THEFT incident reported in Central Delhi (Connaught Place),Central Delhi (Connaught Place),False,Central Delhi (Connaught Place),28.61306942790761,77.23539095673254
"FIR No. 0396/2024, P.S. Connaught Place",2024-11-14 05:36:00,ROBBERY,ROBBERY incident reported in Central Delhi (Connaught Place),Central Delhi (Connaught Place),True,Central Delhi (Connaught Place),28.641981244945395,77.21100880675188
"FIR No. 0273/2024, P.S. Preet Vihar",2024-04-12 16:11:00,ROBBERY,ROBBERY incident reported in East Delhi (Preet Vihar),East Delhi (Preet Vihar),True,East Delhi (Preet Vihar),28.641011207021062,77.29488629222125
"FIR No. 0320/2024, P.S. Parliament Street",2024-04-10 09:02:00,ROBBERY,ROBBERY incident reported in New Delhi (Parliament Street),New Delhi (Parliament Street),False,New Delhi (Parliament Street),28.63646462031883,77.21426918139373
85747432/2025,2025-09-17 17:35:00,ROBBERY,ROBBERY incident reported in North West Delhi (Rohini),North West Delhi (Rohini),False,North West Delhi (Rohini),28.71782256192432,77.1209115683679
"FIR No. 0428/2025, P.S. Hauz Khas",2025-08-16 07:12:00,OTHER,OTHER incident reported in South Delhi (Hauz Khas),South Delhi (Hauz Khas),False,South Delhi (Hauz Khas),28.518452651939068,77.18051167551762
"FIR No. 0641/2025, P.S. Connaught Place",2025-10-07 17:23:00,THEFT,THEFT incident reported in Central Delhi (Connaught Place),Central Delhi (Connaught Place),False,Central Delhi (Connaught Place),28.64981982237173,77.21745108218462
"FIR No. 0443/2023, P.S. Rohini",2023-06-16 10:36:00,THEFT,THEFT incident reported in North West Delhi (Rohini),North West Delhi (Rohini),False,North West Delhi (Rohini),28.695813378980706,77.08917656653325
"FIR No. 0034/2025, P.S. Connaught Place",2025-01-12 07:46:00,THEFT,THEFT incident reported in Central Delhi (Connaught Place),Central Delhi (Connaught Place),True,Central Delhi (Connaught Place),28.625496434140747,77.21489353205602
87531321/2026,2026-02-16 12:05:00,ROBBERY,ROBBERY incident reported in Central Delhi (Connaught Place),Central Delhi (Connaught Place),False,Central Delhi (Connaught Place),28.61962257562265,77.22172452182889
83782113/2023,2023-05-27 15:43:00,BURGLARY,BURGLARY incident reported in South West Delhi (Dwarka),South West Delhi (Dwarka),False,South West Delhi (Dwarka),28.574490079571326,77.05053185587562
"FIR No. 0059/2026, P.S. Parliament Street",2026-04-13 13:10:00,ROBBERY,ROBBERY incident reported in New Delhi (Parliament Street),New Delhi (Parliament Street),False,New Delhi (Parliament Street),28.62862672906085,77.226802977581
"FIR No. 0879/2024, P.S. Hauz Khas",2024-09-17 21:32:00,ASSAULT,ASSAULT incident reported in South Delhi (Hauz Khas),South Delhi (Hauz Khas),False,South Delhi (Hauz Khas),28.548355910051683,77.16883446337347
"FIR No. 0015/2023, P.S. Preet Vihar",2023-07-06 06:08:00,THEFT,THEFT incident reported in East Delhi (Preet Vihar),East Delhi (Preet Vihar),False,East Delhi (Preet Vihar),28.62721323148653,77.2773556414452
"FIR No. 0430/2026, P.S. Dwarka",2026-08-22 12:40:00,THEFT,THEFT incident reported in South West Delhi (Dwarka),South West Delhi (Dwarka),False,South West Delhi (Dwarka),28.57149320867384,77.02579695782568
"FIR No. 0504/2025, P.S. Preet Vihar",2025-10-04 16:33:00,ASSAULT,ASSAULT incident reported in East Delhi (Preet Vihar),East Delhi (Preet Vihar),True,East Delhi (Preet Vihar),28.64324553189126,77.26480152765771
"FIR No. 0379/2024, P.S. Preet Vihar",2024-08-07 16:32:00,THEFT,THEFT incident reported in East Delhi (Preet Vihar),East Delhi (Preet Vihar),False,East Delhi (Preet Vihar),28.67562899890005,77.32743431059087
"FIR No. 0074/2024, P.S. Preet Vihar",2024-01-19 22:18:00,THEFT,THEFT incident reported in East Delhi (Preet Vihar),East Delhi (Preet Vihar),False,East Delhi (Preet Vihar),28.643313637294213,77.30687164918841
"FIR No. 1246/2025, P.S. Dwarka",2025-12-31 07:04:00,THEFT,THEFT incident reported in South West Delhi (Dwarka),South West Delhi (Dwarka),False,South West Delhi (Dwarka),28.636227477012014,77.02720085013797
85322078/2026,2026-03-18 13:24:00,BURGLARY,BURGLARY incident reported in North West Delhi (Rohini),North West Delhi (Rohini),False,North West Delhi (Rohini),28.722812799673694,77.11681112571695
"FIR No. 0181/2023, P.S. Hauz Khas",2023-02-26 21:16:00,KIDNAPPING,KIDNAPPING incident reported in South Delhi (Hauz Khas),South Delhi (Hauz Khas),True,South Delhi (Hauz Khas),28.55281995200549,77.22728399322972
"FIR No. 0920/2025, P.S. Parliament Street",2025-12-30 07:02:00,THEFT,THEFT incident reported in New Delhi (Parliament Street),New Delhi (Parliament Street),False,New Delhi (Parliament Street),28.63106255779871,77.17012721034712
"FIR No. 0144/2024, P.S. Connaught Place",2024-04-22 04:11:00,THEFT,THEFT incident reported in Central Delhi (Connaught Place),Central Delhi (Connaught Place),False,Central Delhi (Connaught Place),28.630862036144027,77.24661189946288
"FIR No. 0605/2025, P.S. Preet Vihar",2025-12-30 18:33:00,ASSAULT,ASSAULT incident reported in East Delhi (Preet Vihar),East Delhi (Preet Vihar),True,East Delhi (Preet Vihar),28.63795848834709,77.32078467610204
"FIR No. 0368/2023, P.S. Rohini",2023-06-08 15:07:00,ASSAULT,ASSAULT incident reported in North West Delhi (Rohini),North West Delhi (Rohini),False,North West Delhi (Rohini),28.72238851042525,77.12714430303554
85831683/2026,2026-01-14 12:31:00,ASSAULT,ASSAULT incident reported in Central Delhi (Connaught Place),Central Delhi (Connaught Place),True,Central Delhi (Connaught Place),28.61547822602244,77.22107681062234
"FIR No. 0288/2024, P.S. Parliament Street",2024-12-15 09:00:00,THEFT,THEFT incident reported in New Delhi (Parliament Street),New Delhi (Parliament Street),False,New Delhi (Parliament Street),28.634602163986155,77.18926313687184
84973098/2025,2025-08-11 23:24:00,THEFT,THEFT incident reported in Central Delhi (Connaught Place),Central Delhi (Connaught Place),False,Central Delhi (Connaught Place),28.58528134735641,77.2216419641774
"FIR No. 0113/2025, P.S. Connaught Place",2025-02-18 02:13:00,ASSAULT,ASSAULT incident reported in Central Delhi (Connaught Place),Central Delhi (Connaught Place),False,Central Delhi (Connaught Place),28.652321075412264,77.23579197158416
85242443/2025,2025-01-24 13:00:00,THEFT,THEFT incident reported in South Delhi (Hauz Khas),South Delhi (Hauz Khas),True,South Delhi (Hauz Khas),28.56757745451764,77.1951215498591
"FIR No. 0364/2024, P.S. Rohini",2024-05-23 22:07:00,BURGLARY,BURGLARY incident reported in North West Delhi (Rohini),North West Delhi (Rohini),False,North West Delhi (Rohini),28.669450451971777,77.10726446045376
"FIR No. 0003/2024, P.S. Hauz Khas",2024-10-19 03:09:00,ROBBERY,ROBBERY incident reported in South Delhi (Hauz Khas),South Delhi (Hauz Khas),False,South Delhi (Hauz Khas),28.544804680766,77.20392324349692
"FIR No. 0263/2024, P.S. Dwarka",2024-04-18 10:42:00,THEFT,THEFT incident reported in South West Delhi (Dwarka),South West Delhi (Dwarka),False,South West Delhi (Dwarka),28.58031823337059,77.04891759617848
"FIR No. 0255/2024, P.S. Rohini",2024-04-12 13:30:00,THEFT,THEFT incident reported in North West Delhi (Rohini),North West Delhi (Rohini),False,North West Delhi (Rohini),28.70488719117024,77.10234451351867
"FIR No. 0166/2026, P.S. Hauz Khas",2026-04-08 22:16:00,THEFT,THEFT incident reported in South Delhi (Hauz Khas),South Delhi (Hauz Khas),False,South Delhi (Hauz Khas),28.526271436064388,77.19864608943271
"FIR No. 0207/2024, P.S. Preet Vihar",2024-05-17 23:24:00,ROBBERY,ROBBERY incident reported in East Delhi (Preet Vihar),East Delhi (Preet Vihar),False,East Delhi (Preet Vihar),28.6585367290967,77.28235205423097
"FIR No. 0465/2025, P.S. Connaught Place",2025-05-10 23:50:00,KIDNAPPING,KIDNAPPING incident reported in Central Delhi (Connaught Place),Central Delhi (Connaught Place),False,Central Delhi (Connaught Place),28.629626736921487,77.2545226616465
81180774/2025,2025-03-23 23:00:00,THEFT,THEFT incident reported in Central Delhi (Connaught Place),Central Delhi (Connaught Place),False,Central Delhi (Connaught Place),28.634063005320336,77.20556764341642
"FIR No. 0503/2026, P.S. Connaught Place",2026-05-28 17:53:00,THEFT,THEFT incident reported in Central Delhi (Connaught Place),Central Delhi (Connaught Place),False,Central Delhi (Connaught Place),28.64574041151505,77.19916132802673
"FIR No. 0191/2026, P.S. Rohini",2026-03-08 15:40:00,ASSAULT,ASSAULT incident reported in North West Delhi (Rohini),North West Delhi (Rohini),False,North West Delhi (Rohini),28.68232721030827,77.08708078972026
"FIR No. 0072/2026, P.S. Connaught Place",2026-05-02 14:55:00,THEFT,THEFT incident reported in Central Delhi (Connaught Place),Central Delhi (Connaught Place),False,Central Delhi (Connaught Place),28.65010795360503,77.21443007546696
"FIR No. 0050/2023, P.S. Connaught Place",2023-01-04 08:19:00,THEFT,THEFT incident reported in Central Delhi (Connaught Place),Central Delhi (Connaught Place),False,Central Delhi (Connaught Place),28.65930224723048,77.19728711275398
89905311/2025,2025-09-26 09:17:00,ASSAULT,ASSAULT incident reported in South West Delhi (Dwarka),South West Delhi (Dwarka),False,South West Delhi (Dwarka),28.60340179408648,77.02883061373579
83834675/2024,2024-05-23 12:53:00,KIDNAPPING,KIDNAPPING incident reported in North West Delhi (Rohini),North West Delhi (Rohini),False,North West Delhi (Rohini),28.7125549074538,77.10533002629998
"FIR No. 0208/2026, P.S. Rohini",2026-04-10 08:07:00,THEFT,THEFT incident reported in North West Delhi (Rohini),North West Delhi (Rohini),True,North West Delhi (Rohini),28.717566290526904,77.11498372728524
"FIR No. 0488/2025, P.S. Rohini",2025-08-18 12:47:00,THEFT,THEFT incident reported in North West Delhi (Rohini),North West Delhi (Rohini),False,North West Delhi (Rohini),28.703336053341285,77.08823174819453
"FIR No. 0201/2025, P.S. Connaught Place",2025-11-29 04:25:00,THEFT,THEFT incident reported in Central Delhi (Connaught Place),Central Delhi (Connaught Place),False,Central Delhi (Connaught Place),28.63690771461136,77.19800319914734
"FIR No. 0156/2025, P.S. Connaught Place",2025-07-30 06:58:00,ROBBERY,ROBBERY incident reported in Central Delhi (Connaught Place),Central Delhi (Connaught Place),True,Central Delhi (Connaught Place),28.635809596347464,77.21098300771528
"FIR No. 0106/2024, P.S. Connaught Place",2024-10-29 15:12:00,BURGLARY,BURGLARY incident reported in Central Delhi (Connaught Place),Central Delhi (Connaught Place),True,Central Delhi (Connaught Place),28.633313339447174,77.1953674187612
89265463/2024,2024-07-08 19:32:00,THEFT,THEFT incident reported in Central Delhi (Connaught Place),Central Delhi (Connaught Place),False,Central Delhi (Connaught Place),28.634732004700407,77.22242475021967
"FIR No. 0085/2025, P.S. Connaught Place",2025-01-24 23:38:00,THEFT,THEFT incident reported in Central Delhi (Connaught Place),Central Delhi (Connaught Place),False,Central Delhi (Connaught Place),28.64028432627409,77.23140885888374
"FIR No. 0094/2024, P.S. Rohini",2024-03-25 12:05:00,THEFT,THEFT incident reported in North West Delhi (Rohini),North West Delhi (Rohini),False,North West Delhi (Rohini),28.708942518643006,77.12456559401384
"FIR No. 0115/2026, P.S. Hauz Khas",2026-01-11 21:57:00,THEFT,THEFT incident reported in South Delhi (Hauz Khas),South Delhi (Hauz Khas),False,South Delhi (Hauz Khas),28.571130424974086,77.19364892368775
"FIR No. 0316/2025, P.S. Connaught Place",2025-03-05 15:30:00,ASSAULT,ASSAULT incident reported in Central Delhi (Connaught Place),Central Delhi (Connaught Place),False,Central Delhi (Connaught Place),28.65325659214028,77.20209127606478
"FIR No. 0073/2023, P.S. Hauz Khas",2023-01-06 12:55:00,BURGLARY,BURGLARY incident reported in South Delhi (Hauz Khas),South Delhi (Hauz Khas),True,South Delhi (Hauz Khas),28.54138266860268,77.18896008833818
"FIR No. 0594/2025, P.S. Preet Vihar",2025-11-30 04:20:00,ASSAULT,ASSAULT incident reported in East Delhi (Preet Vihar),East Delhi (Preet Vihar),False,East Delhi (Preet Vihar),28.63811044245726,77.3032814533306
"FIR No. 0246/2024, P.S. Hauz Khas",2024-09-06 21:23:00,ASSAULT,ASSAULT incident reported in South Delhi (Hauz Khas),South Delhi (Hauz Khas),False,South Delhi (Hauz Khas),28.550736306982778,77.17491245386589
"FIR No. 0381/2023, P.S. Hauz Khas",2023-10-28 04:20:00,THEFT,THEFT incident reported in South Delhi (Hauz Khas),South Delhi (Hauz Khas),True,South Delhi (Hauz Khas),28.565013480039685,77.20225268865921
"FIR No. 0118/2023, P.S. Preet Vihar",2023-05-19 03:30:00,ROBBERY,ROBBERY incident reported in East Delhi (Preet Vihar),East Delhi (Preet Vihar),False,East Delhi (Preet Vihar),28.62608921955736,77.2795046241796
"FIR No. 0703/2024, P.S. Hauz Khas",2024-07-09 03:29:00,ROBBERY,ROBBERY incident reported in South Delhi (Hauz Khas),South Delhi (Hauz Khas),False,South Delhi (Hauz Khas),28.55299859594192,77.17394076689835
"FIR No. 0748/2025, P.S. Preet Vihar",2025-09-03 07:51:00,THEFT,THEFT incident reported in East Delhi (Preet Vihar),East Delhi (Preet Vihar),False,East Delhi (Preet Vihar),28.631774154296654,77.29190458570527
"FIR No. 0224/2026, P.S. Preet Vihar",2026-02-08 17:10:00,BURGLARY,BURGLARY incident reported in East Delhi (Preet Vihar),East Delhi (Preet Vihar),False,East Delhi (Preet Vihar),28.641339602216743,77.31084795683705
85067197/2025,2025-04-15 04:47:00,THEFT,THEFT incident reported in North West Delhi (Rohini),North West Delhi (Rohini),False,North West Delhi (Rohini),28.70859592438648,77.08656502338874
"FIR No. 0245/2024, P.S. Rohini",2024-11-25 00:14:00,OTHER,OTHER incident reported in North West Delhi (Rohini),North West Delhi (Rohini),False,North West Delhi (Rohini),28.679785084520383,77.09147009732209
"FIR No. 0923/2023, P.S. Connaught Place",2023-11-06 00:36:00,OTHER,OTHER incident reported in Central Delhi (Connaught Place),Central Delhi (Connaught Place),False,Central Delhi (Connaught Place),28.61718130460344,77.21188653560115
"FIR No. 0298/2025, P.S. Dwarka",2025-11-02 20:37:00,BURGLARY,BURGLARY incident reported in South West Delhi (Dwarka),South West Delhi (Dwarka),False,South West Delhi (Dwarka),28.58881902572301,77.05782431075647
83570215/2023,2023-09-06 05:20:00,THEFT,THEFT incident reported in Central Delhi (Connaught Place),Central Delhi (Connaught Place),False,Central Delhi (Connaught Place),28.619708895024115,77.23415662346117
"FIR No. 0108/2025, P.S. Parliament Street",2025-09-12 00:00:00,THEFT,THEFT incident reported in New Delhi (Parliament Street),New Delhi (Parliament Street),False,New Delhi (Parliament Street),28.598266924904618,77.22941115052663
"FIR No. 0194/2024, P.S. Parliament Street",2024-04-03 16:23:00,THEFT,THEFT incident reported in New Delhi (Parliament Street),New Delhi (Parliament Street),False,New Delhi (Parliament Street),28.62559827410568,77.2239372112156
"FIR No. 0122/2024, P.S. Dwarka",2024-04-17 15:46:00,THEFT,THEFT incident reported in South West Delhi (Dwarka),South West Delhi (Dwarka),False,South West Delhi (Dwarka),28.57358671831757,77.03186699580158
"FIR No. 0619/2025, P.S. Rohini",2025-08-06 19:26:00,THEFT,THEFT incident reported in North West Delhi (Rohini),North West Delhi (Rohini),False,North West Delhi (Rohini),28.68912628320779,77.10781127422091
"FIR No. 0311/2024, P.S. Rohini",2024-11-06 20:03:00,ROBBERY,ROBBERY incident reported in North West Delhi (Rohini),North West Delhi (Rohini),False,North West Delhi (Rohini),28.70950705513122,77.10659754925284
85658274/2024,2024-06-13 03:47:00,THEFT,THEFT incident reported in North West Delhi (Rohini),North West Delhi (Rohini),False,North West Delhi (Rohini),28.7143450131872,77.11367572422421
"FIR No. 0251/2023, P.S. Connaught Place",2023-04-14 15:10:00,THEFT,THEFT incident reported in Central Delhi (Connaught Place),Central Delhi (Connaught Place),False,Central Delhi (Connaught Place),28.634457866910104,77.2308823682556
"FIR No. 0074/2023, P.S. Connaught Place",2023-01-20 21:56:00,THEFT,THEFT incident reported in Central Delhi (Connaught Place),Central Delhi (Connaught Place),False,Central Delhi (Connaught Place),28.62464354656409,77.22783095315582
"FIR No. 0079/2025, P.S. Connaught Place",2025-01-16 16:26:00,BURGLARY,BURGLARY incident reported in Central Delhi (Connaught Place),Central Delhi (Connaught Place),False,Central Delhi (Connaught Place),28.60913887311141,77.21626612712387
"FIR No. 1055/2023, P.S. Rohini",2023-11-03 07:06:00,THEFT,THEFT incident reported in North West Delhi (Rohini),North West Delhi (Rohini),True,North West Delhi (Rohini),28.702203315575133,77.06882303896872
88001185/2023,2023-12-11 03:41:00,ASSAULT,ASSAULT incident reported in North West Delhi (Rohini),North West Delhi (Rohini),True,North West Delhi (Rohini),28.69627223575172,77.10228786746728
"FIR No. 0024/2026, P.S. Parliament Street",2026-02-23 01:37:00,THEFT,THEFT incident reported in New Delhi (Parliament Street),New Delhi (Parliament Street),False,New Delhi (Parliament Street),28.620378153758733,77.20634702130381
"FIR No. 0141/2026, P.S. Hauz Khas",2026-04-23 00:16:00,ROBBERY,ROBBERY incident reported in South Delhi (Hauz Khas),South Delhi (Hauz Khas),False,South Delhi (Hauz Khas),28.497320495480302,77.2034689258042
"FIR No. 0615/2024, P.S. Parliament Street",2024-10-24 21:33:00,THEFT,THEFT incident reported in New Delhi (Parliament Street),New Delhi (Parliament Street),False,New Delhi (Parliament Street),28.615777995308733,77.19302799093856
"FIR No. 0196/2026, P.S. Parliament Street",2026-07-20 13:36:00,THEFT,THEFT incident reported in New Delhi (Parliament Street),New Delhi (Parliament Street),True,New Delhi (Parliament Street),28.61742532259701,77.19581872176859
"FIR No. 1078/2025, P.S. Connaught Place",2025-11-01 06:02:00,THEFT,THEFT incident reported in Central Delhi (Connaught Place),Central Delhi (Connaught Place),False,Central Delhi (Connaught Place),28.66680878370983,77.19676721642347
81438935/2023,2023-05-02 09:00:00,THEFT,THEFT incident reported in East Delhi (Preet Vihar),East Delhi (Preet Vihar),False,East Delhi (Preet Vihar),28.62491621783207,77.31616422812408
"FIR No. 0376/2024, P.S. Connaught Place",2024-05-26 19:25:00,ROBBERY,ROBBERY incident reported in Central Delhi (Connaught Place),Central Delhi (Connaught Place),False,Central Delhi (Connaught Place),28.618260528097974,77.199154526208
"FIR No. 0208/2026, P.S. Connaught Place",2026-07-13 15:38:00,THEFT,THEFT incident reported in Central Delhi (Connaught Place),Central Delhi (Connaught Place),False,Central Delhi (Connaught Place),28.61787017944016,77.20080226453499
87584300/2025,2025-07-23 14:10:00,THEFT,THEFT incident reported in North West Delhi (Rohini),North West Delhi (Rohini),False,North West Delhi (Rohini),28.72578240993958,77.09729664898343
"FIR No. 0066/2023, P.S. Dwarka",2023-01-21 13:39:00,ASSAULT,ASSAULT incident reported in South West Delhi (Dwarka),South West Delhi (Dwarka),False,South West Delhi (Dwarka),28.60310080417536,77.03817630185735
"FIR No. 0447/2025, P.S. Connaught Place",2025-08-16 03:44:00,ASSAULT,ASSAULT incident reported in Central Delhi (Connaught Place),Central Delhi (Connaught Place),False,Central Delhi (Connaught Place),28.644599623219428,77.19403451885714
83885380/2025,2025-07-04 01:05:00,ROBBERY,ROBBERY incident reported in South Delhi (Hauz Khas),South Delhi (Hauz Khas),True,South Delhi (Hauz Khas),28.56971975003301,77.17730437635018
"FIR No. 0538/2024, P.S. Dwarka",2024-07-31 07:24:00,THEFT,THEFT incident reported in South West Delhi (Dwarka),South West Delhi (Dwarka),False,South West Delhi (Dwarka),28.572468121080984,77.05863802358922
"FIR No. 0214/2026, P.S. Dwarka",2026-05-11 16:32:00,OTHER,OTHER incident reported in South West Delhi (Dwarka),South West Delhi (Dwarka),True,South West Delhi (Dwarka),28.586273522227344,77.04059589159691
"FIR No. 0374/2026, P.S. Dwarka",2026-05-02 07:09:00,THEFT,THEFT incident reported in South West Delhi (Dwarka),South West Delhi (Dwarka),True,South West Delhi (Dwarka),28.55377304838156,77.03871809050305
81026575/2025,2025-01-25 16:56:00,OTHER,OTHER incident reported in New Delhi (Parliament Street),New Delhi (Parliament Street),False,New Delhi (Parliament Street),28.641851974445725,77.20936198821673
"FIR No. 0031/2024, P.S. Preet Vihar",2024-03-19 04:13:00,THEFT,THEFT incident reported in East Delhi (Preet Vihar),East Delhi (Preet Vihar),False,East Delhi (Preet Vihar),28.62648064868916,77.30542685800961
"FIR No. 0032/2023, P.S. Parliament Street",2023-05-15 06:58:00,ASSAULT,ASSAULT incident reported in New Delhi (Parliament Street),New Delhi (Parliament Street),False,New Delhi (Parliament Street),28.63268515771328,77.22054424074183
"FIR No. 0215/2023, P.S. Hauz Khas",2023-04-05 03:42:00,THEFT,THEFT incident reported in South Delhi (Hauz Khas),South Delhi (Hauz Khas),True,South Delhi (Hauz Khas),28.551981063923147,77.20672358973634
"FIR No. 0142/2025, P.S. Hauz Khas",2025-02-05 10:30:00,THEFT,THEFT incident reported in South Delhi (Hauz Khas),South Delhi (Hauz Khas),False,South Delhi (Hauz Khas),28.522163845234672,77.2055311999788
87286369/2026,2026-06-19 14:26:00,KIDNAPPING,KIDNAPPING incident reported in Central Delhi (Connaught Place),Central Delhi (Connaught Place),True,Central Delhi (Connaught Place),28.640571911578217,77.21964175652421
"FIR No. 0378/2026, P.S. Connaught Place",2026-04-29 23:47:00,THEFT,THEFT incident reported in Central Delhi (Connaught Place),Central Delhi (Connaught Place),True,Central Delhi (Connaught Place),28.6241205522495,77.21215623753245
"FIR No. 0200/2024, P.S. Connaught Place",2024-09-10 20:01:00,ROBBERY,ROBBERY incident reported in Central Delhi (Connaught Place),Central Delhi (Connaught Place),False,Central Delhi (Connaught Place),28.63339373194101,77.22875814363341
"FIR No. 0188/2024, P.S. Rohini",2024-06-25 15:58:00,ASSAULT,ASSAULT incident reported in North West Delhi (Rohini),North West Delhi (Rohini),False,North West Delhi (Rohini),28.67676768352485,77.11078473359403
"FIR No. 0024/2024, P.S. Rohini",2024-07-30 12:30:00,ASSAULT,ASSAULT incident reported in North West Delhi (Rohini),North West Delhi (Rohini),True,North West Delhi (Rohini),28.715404009057472,77.08675082486667
"FIR No. 0028/2023, P.S. Preet Vihar",2023-11-26 02:43:00,THEFT,THEFT incident reported in East Delhi (Preet Vihar),East Delhi (Preet Vihar),True,East Delhi (Preet Vihar),28.65222735504481,77.31124973960792
"FIR No. 0523/2024, P.S. Preet Vihar",2024-10-03 01:16:00,ASSAULT,ASSAULT incident reported in East Delhi (Preet Vihar),East Delhi (Preet Vihar),True,East Delhi (Preet Vihar),28.625835794266724,77.32778663352556
"FIR No. 0173/2026, P.S. Connaught Place",2026-08-24 11:09:00,ROBBERY,ROBBERY incident reported in Central Delhi (Connaught Place),Central Delhi (Connaught Place),True,Central Delhi (Connaught Place),28.628394459582168,77.22746487025242
"FIR No. 0857/2025, P.S. Hauz Khas",2025-09-29 09:42:00,ASSAULT,ASSAULT incident reported in South Delhi (Hauz Khas),South Delhi (Hauz Khas),True,South Delhi (Hauz Khas),28.567968304770464,77.18369685280801
"FIR No. 0044/2025, P.S. Rohini",2025-11-26 15:20:00,BURGLARY,BURGLARY incident reported in North West Delhi (Rohini),North West Delhi (Rohini),True,North West Delhi (Rohini),28.70963064750124,77.09260909080704
86707559/2024,2024-06-22 20:22:00,THEFT,THEFT incident reported in South Delhi (Hauz Khas),South Delhi (Hauz Khas),True,South Delhi (Hauz Khas),28.54024901390952,77.19397620822507
"FIR No. 0231/2024, P.S. Connaught Place",2024-09-08 13:21:00,OTHER,OTHER incident reported in Central Delhi (Connaught Place),Central Delhi (Connaught Place),True,Central Delhi (Connaught Place),28.616923289017727,77.22830024630669
"FIR No. 0750/2024, P.S. Parliament Street",2024-11-12 18:46:00,THEFT,THEFT incident reported in New Delhi (Parliament Street),New Delhi (Parliament Street),True,New Delhi (Parliament Street),28.62739624663244,77.19189478952066
"FIR No. 0706/2023, P.S. Rohini",2023-11-10 05:52:00,BURGLARY,BURGLARY incident reported in North West Delhi (Rohini),North West Delhi (Rohini),True,North West Delhi (Rohini),28.701541945191977,77.0962671947812
"FIR No. 0006/2023, P.S. Connaught Place",2023-04-27 10:08:00,BURGLARY,BURGLARY incident reported in Central Delhi (Connaught Place),Central Delhi (Connaught Place),False,Central Delhi (Connaught Place),28.63889865200926,77.20209649132299
"FIR No. 0698/2024, P.S. Connaught Place",2024-10-13 23:11:00,THEFT,THEFT incident reported in Central Delhi (Connaught Place),Central Delhi (Connaught Place),False,Central Delhi (Connaught Place),28.63140567739739,77.20035584529172
"FIR No. 0577/2026, P.S. Parliament Street",2026-07-26 09:08:00,THEFT,THEFT incident reported in New Delhi (Parliament Street),New Delhi (Parliament Street),False,New Delhi (Parliament Street),28.60992347808964,77.21144498932166
"FIR No. 0571/2025, P.S. Rohini",2025-08-22 10:45:00,ROBBERY,ROBBERY incident reported in North West Delhi (Rohini),North West Delhi (Rohini),False,North West Delhi (Rohini),28.718231872336744,77.11347760492689
"FIR No. 0028/2026, P.S. Parliament Street",2026-02-06 02:36:00,ASSAULT,ASSAULT incident reported in New Delhi (Parliament Street),New Delhi (Parliament Street),False,New Delhi (Parliament Street),28.64727360333174,77.2178326004695
"FIR No. 0183/2024, P.S. Connaught Place",2024-03-14 17:51:00,ASSAULT,ASSAULT incident reported in Central Delhi (Connaught Place),Central Delhi (Connaught Place),False,Central Delhi (Connaught Place),28.6498132916434,77.22706492754085
"FIR No. 0293/2025, P.S. Hauz Khas",2025-10-11 11:59:00,THEFT,THEFT incident reported in South Delhi (Hauz Khas),South Delhi (Hauz Khas),False,South Delhi (Hauz Khas),28.55158519952315,77.20185975229897
"FIR No. 0007/2024, P.S. Dwarka",2024-04-29 03:20:00,THEFT,THEFT incident reported in South West Delhi (Dwarka),South West Delhi (Dwarka),False,South West Delhi (Dwarka),28.600490970254445,77.03494539559149
"FIR No. 0321/2023, P.S. Dwarka",2023-04-16 16:51:00,KIDNAPPING,KIDNAPPING incident reported in South West Delhi (Dwarka),South West Delhi (Dwarka),True,South West Delhi (Dwarka),28.59490577319296,77.06404679906301
"FIR No. 0450/2025, P.S. Preet Vihar",2025-08-03 18:36:00,ASSAULT,ASSAULT incident reported in East Delhi (Preet Vihar),East Delhi (Preet Vihar),False,East Delhi (Preet Vihar),28.62400745997704,77.32189526531329
"FIR No. 0064/2026, P.S. Preet Vihar",2026-02-14 05:44:00,OTHER,OTHER incident reported in East Delhi (Preet Vihar),East Delhi (Preet Vihar),True,East Delhi (Preet Vihar),28.64546213819713,77.29374465793512
89942891/2024,2024-03-30 18:05:00,ASSAULT,ASSAULT incident reported in East Delhi (Preet Vihar),East Delhi (Preet Vihar),False,East Delhi (Preet Vihar),28.63629043427344,77.31241182267829
"FIR No. 0129/2026, P.S. Hauz Khas",2026-03-23 22:27:00,OTHER,OTHER incident reported in South Delhi (Hauz Khas),South Delhi (Hauz Khas),True,South Delhi (Hauz Khas),28.550554299225297,77.17273354247774
"FIR No. 1050/2023, P.S. Preet Vihar",2023-12-12 08:15:00,ASSAULT,ASSAULT incident reported in East Delhi (Preet Vihar),East Delhi (Preet Vihar),False,East Delhi (Preet Vihar),28.65429986186142,77.30770396519655
88475534/2026,2026-06-30 07:39:00,ASSAULT,ASSAULT incident reported in New Delhi (Parliament Street),New Delhi (Parliament Street),False,New Delhi (Parliament Street),28.618527820479404,77.23213640511634
"FIR No. 0792/2025, P.S. Connaught Place",2025-12-14 23:42:00,THEFT,THEFT incident reported in Central Delhi (Connaught Place),Central Delhi (Connaught Place),False,Central Delhi (Connaught Place),28.65179904030885,77.21433684179009
"FIR No. 0620/2025, P.S. Connaught Place",2025-11-04 12:42:00,ROBBERY,ROBBERY incident reported in Central Delhi (Connaught Place),Central Delhi (Connaught Place),True,Central Delhi (Connaught Place),28.63628868414389,77.22732059470928
"FIR No. 0630/2023, P.S. Hauz Khas",2023-10-02 20:16:00,ASSAULT,ASSAULT incident reported in South Delhi (Hauz Khas),South Delhi (Hauz Khas),False,South Delhi (Hauz Khas),28.568023422291944,77.19360754046684
"FIR No. 0403/2025, P.S. Dwarka",2025-12-21 23:35:00,ASSAULT,ASSAULT incident reported in South West Delhi (Dwarka),South West Delhi (Dwarka),False,South West Delhi (Dwarka),28.57625569764889,77.04676513430745
"FIR No. 0483/2024, P.S. Rohini",2024-09-09 01:54:00,THEFT,THEFT incident reported in North West Delhi (Rohini),North West Delhi (Rohini),True,North West Delhi (Rohini),28.71945836529608,77.11200493625427
"FIR No. 0049/2023, P.S. Hauz Khas",2023-01-09 16:39:00,ROBBERY,ROBBERY incident reported in South Delhi (Hauz Khas),South Delhi (Hauz Khas),False,South Delhi (Hauz Khas),28.55748859841868,77.21611658178475
"FIR No. 0861/2023, P.S. Rohini",2023-10-31 18:17:00,BURGLARY,BURGLARY incident reported in North West Delhi (Rohini),North West Delhi (Rohini),True,North West Delhi (Rohini),28.681891772337472,77.10253552528876
89675427/2024,2024-02-12 21:10:00,THEFT,THEFT incident reported in Central Delhi (Connaught Place),Central Delhi (Connaught Place),True,Central Delhi (Connaught Place),28.643072098283945,77.20620875271337
"FIR No. 0284/2023, P.S. Parliament Street",2023-09-01 02:03:00,ROBBERY,ROBBERY incident reported in New Delhi (Parliament Street),New Delhi (Parliament Street),False,New Delhi (Parliament Street),28.617979220917192,77.217286200872
83853882/2025,2025-04-04 23:17:00,ASSAULT,ASSAULT incident reported in Central Delhi (Connaught Place),Central Delhi (Connaught Place),False,Central Delhi (Connaught Place),28.63634456672772,77.18819827405807
"FIR No. 0475/2024, P.S. Connaught Place",2024-05-17 20:08:00,ASSAULT,ASSAULT incident reported in Central Delhi (Connaught Place),Central Delhi (Connaught Place),False,Central Delhi (Connaught Place),28.659925261892607,77.2128176210211
"FIR No. 0013/2024, P.S. Connaught Place",2024-01-16 18:22:00,THEFT,THEFT incident reported in Central Delhi (Connaught Place),Central Delhi (Connaught Place),True,Central Delhi (Connaught Place),28.638504446813474,77.21953663317413
"FIR No. 0077/2023, P.S. Connaught Place",2023-02-22 05:42:00,THEFT,THEFT incident reported in Central Delhi (Connaught Place),Central Delhi (Connaught Place),False,Central Delhi (Connaught Place),28.6406268242161,77.24108336689578
"FIR No. 0182/2023, P.S. Dwarka",2023-11-15 01:40:00,KIDNAPPING,KIDNAPPING incident reported in South West Delhi (Dwarka),South West Delhi (Dwarka),False,South West Delhi (Dwarka),28.597160877520515,77.05045983844423
"FIR No. 1196/2023, P.S. Connaught Place",2023-12-14 23:06:00,THEFT,THEFT incident reported in Central Delhi (Connaught Place),Central Delhi (Connaught Place),False,Central Delhi (Connaught Place),28.649148471639915,77.22820401365615
"FIR No. 0021/2026, P.S. Rohini",2026-04-01 00:35:00,ROBBERY,ROBBERY incident reported in North West Delhi (Rohini),North West Delhi (Rohini),True,North West Delhi (Rohini),28.720526210356702,77.102875735217
"FIR No. 0004/2024, P.S. Rohini",2024-01-15 04:47:00,THEFT,THEFT incident reported in North West Delhi (Rohini),North West Delhi (Rohini),True,North West Delhi (Rohini),28.686931811441312,77.12429499609435
88858438/2026,2026-02-22 17:17:00,BURGLARY,BURGLARY incident reported in South West Delhi (Dwarka),South West Delhi (Dwarka),False,South West Delhi (Dwarka),28.586121162959905,77.04246165010402
"FIR No. 0039/2024, P.S. Connaught Place",2024-03-24 18:27:00,THEFT,THEFT incident reported in Central Delhi (Connaught Place),Central Delhi (Connaught Place),False,Central Delhi (Connaught Place),28.633420982161347,77.21234219728261
"FIR No. 0370/2023, P.S. Connaught Place",2023-05-28 05:05:00,THEFT,THEFT incident reported in Central Delhi (Connaught Place),Central Delhi (Connaught Place),False,Central Delhi (Connaught Place),28.63952244728807,77.20692528339862
"FIR No. 0048/2023, P.S. Rohini",2023-02-09 16:17:00,THEFT,THEFT incident reported in North West Delhi (Rohini),North West Delhi (Rohini),False,North West Delhi (Rohini),28.69048216364889,77.09048331033186
83380370/2025,2025-09-08 00:10:00,THEFT,THEFT incident reported in East Delhi (Preet Vihar),East Delhi (Preet Vihar),False,East Delhi (Preet Vihar),28.633061804215547,77.29596940667912
"FIR No. 0052/2024, P.S. Hauz Khas",2024-01-25 16:54:00,ASSAULT,ASSAULT incident reported in South Delhi (Hauz Khas),South Delhi (Hauz Khas),True,South Delhi (Hauz Khas),28.534219697049146,77.2220348173151
"FIR No. 0126/2026, P.S. Hauz Khas",2026-06-18 05:11:00,THEFT,THEFT incident reported in South Delhi (Hauz Khas),South Delhi (Hauz Khas),True,South Delhi (Hauz Khas),28.580363647069216,77.2377849561695
"FIR No. 0119/2023, P.S. Parliament Street",2023-02-12 00:10:00,THEFT,THEFT incident reported in New Delhi (Parliament Street),New Delhi (Parliament Street),False,New Delhi (Parliament Street),28.63169318896562,77.18157012248396
"FIR No. 1021/2023, P.S. Hauz Khas",2023-12-31 07:54:00,ASSAULT,ASSAULT incident reported in South Delhi (Hauz Khas),South Delhi (Hauz Khas),False,South Delhi (Hauz Khas),28.539409989052515,77.20807641799188
"FIR No. 0346/2023, P.S. Connaught Place",2023-12-07 15:45:00,THEFT,THEFT incident reported in Central Delhi (Connaught Place),Central Delhi (Connaught Place),True,Central Delhi (Connaught Place),28.62824561740626,77.2361229470352
"FIR No. 0577/2024, P.S. Dwarka",2024-09-18 10:58:00,ASSAULT,ASSAULT incident reported in South West Delhi (Dwarka),South West Delhi (Dwarka),False,South West Delhi (Dwarka),28.624326823622905,77.0526863322577
"FIR No. 0419/2025, P.S. Dwarka",2025-06-15 05:39:00,THEFT,THEFT incident reported in South West Delhi (Dwarka),South West Delhi (Dwarka),True,South West Delhi (Dwarka),28.58736638119395,77.04556245925168
"FIR No. 0125/2024, P.S. Connaught Place",2024-08-07 07:11:00,BURGLARY,BURGLARY incident reported in Central Delhi (Connaught Place),Central Delhi (Connaught Place),True,Central Delhi (Connaught Place),28.641698658697383,77.211501977001
"FIR No. 0853/2023, P.S. Rohini",2023-12-29 15:59:00,THEFT,THEFT incident reported in North West Delhi (Rohini),North West Delhi (Rohini),False,North West Delhi (Rohini),28.7164865102526,77.10502219672343
83667547/2025,2025-05-19 15:15:00,ROBBERY,ROBBERY incident reported in Central Delhi (Connaught Place),Central Delhi (Connaught Place),False,Central Delhi (Connaught Place),28.610681539611683,77.21764913610353
"FIR No. 0047/2024, P.S. Hauz Khas",2024-06-18 03:04:00,THEFT,THEFT incident reported in South Delhi (Hauz Khas),South Delhi (Hauz Khas),True,South Delhi (Hauz Khas),28.533641209767453,77.20224146935604
"FIR No. 0129/2023, P.S. Dwarka",2023-02-07 16:22:00,ROBBERY,ROBBERY incident reported in South West Delhi (Dwarka),South West Delhi (Dwarka),False,South West Delhi (Dwarka),28.624276899930475,77.06047418560361
"FIR No. 0604/2026, P.S. Rohini",2026-06-27 08:25:00,BURGLARY,BURGLARY incident reported in North West Delhi (Rohini),North West Delhi (Rohini),False,North West Delhi (Rohini),28.68650589222704,77.10923526348185
87965367/2025,2025-11-21 13:20:00,THEFT,THEFT incident reported in Central Delhi (Connaught Place),Central Delhi (Connaught Place),False,Central Delhi (Connaught Place),28.64384960246809,77.22917176408741
"FIR No. 0088/2025, P.S. Connaught Place",2025-05-18 18:55:00,THEFT,THEFT incident reported in Central Delhi (Connaught Place),Central Delhi (Connaught Place),False,Central Delhi (Connaught Place),28.66273721663231,77.23834445103951
"FIR No. 0614/2023, P.S. Parliament Street",2023-09-02 13:08:00,THEFT,THEFT incident reported in New Delhi (Parliament Street),New Delhi (Parliament Street),False,New Delhi (Parliament Street),28.616881606445283,77.24142673138411
"FIR No. 1178/2025, P.S. Parliament Street",2025-12-26 11:26:00,BURGLARY,BURGLARY incident reported in New Delhi (Parliament Street),New Delhi (Parliament Street),False,New Delhi (Parliament Street),28.628185117759084,77.215243438599
"FIR No. 0750/2023, P.S. Hauz Khas",2023-12-01 05:15:00,THEFT,THEFT incident reported in South Delhi (Hauz Khas),South Delhi (Hauz Khas),False,South Delhi (Hauz Khas),28.543379929263217,77.2351332613705
"FIR No. 0215/2024, P.S. Connaught Place",2024-02-06 00:29:00,THEFT,THEFT incident reported in Central Delhi (Connaught Place),Central Delhi (Connaught Place),False,Central Delhi (Connaught Place),28.62706809769251,77.20185434344398
"FIR No. 0640/2025, P.S. Preet Vihar",2025-12-06 16:08:00,KIDNAPPING,KIDNAPPING incident reported in East Delhi (Preet Vihar),East Delhi (Preet Vihar),True,East Delhi (Preet Vihar),28.63113044105756,77.3085793359288
83105711/2023,2023-08-22 13:07:00,BURGLARY,BURGLARY incident reported in North West Delhi (Rohini),North West Delhi (Rohini),False,North West Delhi (Rohini),28.70275687479721,77.10657985544692
"FIR No. 1131/2023, P.S. Rohini",2023-11-11 04:33:00,THEFT,THEFT incident reported in North West Delhi (Rohini),North West Delhi (Rohini),False,North West Delhi (Rohini),28.714157134933423,77.08989773158739
89815715/2023,2023-08-29 20:57:00,THEFT,THEFT incident reported in South West Delhi (Dwarka),South West Delhi (Dwarka),True,South West Delhi (Dwarka),28.58775458033979,77.06323872437169
87297613/2024,2024-07-14 05:17:00,BURGLARY,BURGLARY incident reported in North West Delhi (Rohini),North West Delhi (Rohini),True,North West Delhi (Rohini),28.67440866751904,77.0988156678227
"FIR No. 0887/2025, P.S. Connaught Place",2025-09-11 17:05:00,THEFT,THEFT incident reported in Central Delhi (Connaught Place),Central Delhi (Connaught Place),False,Central Delhi (Connaught Place),28.609021178748048,77.20652865562236
"FIR No. 0147/2025, P.S. Preet Vihar",2025-06-04 17:42:00,ASSAULT,ASSAULT incident reported in East Delhi (Preet Vihar),East Delhi (Preet Vihar),False,East Delhi (Preet Vihar),28.63112099281303,77.31003848358914
"FIR No. 0244/2025, P.S. Preet Vihar",2025-09-23 04:23:00,THEFT,THEFT incident reported in East Delhi (Preet Vihar),East Delhi (Preet Vihar),False,East Delhi (Preet Vihar),28.623961125331373,77.33049857126592
"FIR No. 0329/2023, P.S. Rohini",2023-03-18 20:44:00,THEFT,THEFT incident reported in North West Delhi (Rohini),North West Delhi (Rohini),False,North West Delhi (Rohini),28.717326930980715,77.10519151641199
"FIR No. 0310/2023, P.S. Rohini",2023-04-07 06:38:00,THEFT,THEFT incident reported in North West Delhi (Rohini),North West Delhi (Rohini),False,North West Delhi (Rohini),28.676524773587133,77.0984012567156
"FIR No. 0416/2026, P.S. Connaught Place",2026-06-13 10:51:00,THEFT,THEFT incident reported in Central Delhi (Connaught Place),Central Delhi (Connaught Place),False,Central Delhi (Connaught Place),28.6497249912495,77.24086615883894
"FIR No. 0608/2023, P.S. Rohini",2023-07-15 17:51:00,THEFT,THEFT incident reported in North West Delhi (Rohini),North West Delhi (Rohini),True,North West Delhi (Rohini),28.731037317779805,77.06986149348143
81253131/2025,2025-07-17 22:28:00,ASSAULT,ASSAULT incident reported in South Delhi (Hauz Khas),South Delhi (Hauz Khas),False,South Delhi (Hauz Khas),28.540490913270407,77.20750213779932
"FIR No. 0533/2024, P.S. Parliament Street",2024-10-15 01:30:00,THEFT,THEFT incident reported in New Delhi (Parliament Street),New Delhi (Parliament Street),False,New Delhi (Parliament Street),28.595599379187856,77.2167459125455
"FIR No. 0311/2023, P.S. Hauz Khas",2023-06-12 23:41:00,OTHER,OTHER incident reported in South Delhi (Hauz Khas),South Delhi (Hauz Khas),True,South Delhi (Hauz Khas),28.53793681127193,77.18543702152282
"FIR No. 0422/2025, P.S. Rohini",2025-05-30 09:42:00,THEFT,THEFT incident reported in North West Delhi (Rohini),North West Delhi (Rohini),False,North West Delhi (Rohini),28.7003704932421,77.11435811319414
"FIR No. 0143/2025, P.S. Connaught Place",2025-03-24 12:56:00,OTHER,OTHER incident reported in Central Delhi (Connaught Place),Central Delhi (Connaught Place),False,Central Delhi (Connaught Place),28.642915053383994,77.21191414289572
"FIR No. 0289/2025, P.S. Parliament Street",2025-12-11 11:32:00,OTHER,OTHER incident reported in New Delhi (Parliament Street),New Delhi (Parliament Street),False,New Delhi (Parliament Street),28.62997154851813,77.2026431669064
"FIR No. 0092/2024, P.S. Preet Vihar",2024-02-08 01:13:00,THEFT,THEFT incident reported in East Delhi (Preet Vihar),East Delhi (Preet Vihar),True,East Delhi (Preet Vihar),28.65009340742585,77.29534774390527
81415371/2026,2026-04-21 05:22:00,ASSAULT,ASSAULT incident reported in East Delhi (Preet Vihar),East Delhi (Preet Vihar),False,East Delhi (Preet Vihar),28.6092945837076,77.2925182385602
"FIR No. 0673/2023, P.S. Connaught Place",2023-12-20 17:14:00,ASSAULT,ASSAULT incident reported in Central Delhi (Connaught Place),Central Delhi (Connaught Place),False,Central Delhi (Connaught Place),28.653629395270286,77.21990617500977
"FIR No. 0202/2023, P.S. Dwarka",2023-02-06 20:30:00,THEFT,THEFT incident reported in South West Delhi (Dwarka),South West Delhi (Dwarka),False,South West Delhi (Dwarka),28.57073894563645,77.05378297721444
"FIR No. 0048/2026, P.S. Parliament Street",2026-01-01 09:03:00,THEFT,THEFT incident reported in New Delhi (Parliament Street),New Delhi (Parliament Street),False,New Delhi (Parliament Street),28.6341399543558,77.20994016343022
87096009/2023,2023-10-19 08:35:00,ASSAULT,ASSAULT incident reported in North West Delhi (Rohini),North West Delhi (Rohini),False,North West Delhi (Rohini),28.73491059738405,77.10403225796179
"FIR No. 0764/2023, P.S. Rohini",2023-12-01 11:42:00,THEFT,THEFT incident reported in North West Delhi (Rohini),North West Delhi (Rohini),True,North West Delhi (Rohini),28.706521231239027,77.10550958720474
"FIR No. 0131/2023, P.S. Hauz Khas",2023-03-20 20:44:00,ASSAULT,ASSAULT incident reported in South Delhi (Hauz Khas),South Delhi (Hauz Khas),False,South Delhi (Hauz Khas),28.5609164970999,77.17489979358606
"FIR No. 0212/2025, P.S. Connaught Place",2025-03-15 03:04:00,BURGLARY,BURGLARY incident reported in Central Delhi (Connaught Place),Central Delhi (Connaught Place),False,Central Delhi (Connaught Place),28.636505809034865,77.21532929311944
"FIR No. 0109/2025, P.S. Preet Vihar",2025-03-14 02:02:00,THEFT,THEFT incident reported in East Delhi (Preet Vihar),East Delhi (Preet Vihar),False,East Delhi (Preet Vihar),28.6317245992306,77.29639202669122
"FIR No. 0250/2024, P.S. Dwarka",2024-03-02 17:36:00,OTHER,OTHER incident reported in South West Delhi (Dwarka),South West Delhi (Dwarka),True,South West Delhi (Dwarka),28.593108117109264,77.04352303770052
"FIR No. 0999/2025, P.S. Parliament Street",2025-11-05 16:20:00,THEFT,THEFT incident reported in New Delhi (Parliament Street),New Delhi (Parliament Street),False,New Delhi (Parliament Street),28.6308534789689,77.16841034073211
81344868/2023,2023-04-25 14:37:00,ASSAULT,ASSAULT incident reported in South Delhi (Hauz Khas),South Delhi (Hauz Khas),True,South Delhi (Hauz Khas),28.54274968279552,77.19994988511668
"FIR No. 0038/2024, P.S. Dwarka",2024-11-11 10:05:00,ASSAULT,ASSAULT incident reported in South West Delhi (Dwarka),South West Delhi (Dwarka),False,South West Delhi (Dwarka),28.565881434251214,77.0388673593475
"FIR No. 0316/2025, P.S. Hauz Khas",2025-04-20 21:21:00,THEFT,THEFT incident reported in South Delhi (Hauz Khas),South Delhi (Hauz Khas),False,South Delhi (Hauz Khas),28.564693371021207,77.22001208740387
82237465/2025,2025-02-23 14:31:00,THEFT,THEFT incident reported in South Delhi (Hauz Khas),South Delhi (Hauz Khas),True,South Delhi (Hauz Khas),28.5442918499897,77.22102010760673
82729947/2026,2026-07-28 00:29:00,ROBBERY,ROBBERY incident reported in South West Delhi (Dwarka),South West Delhi (Dwarka),False,South West Delhi (Dwarka),28.60592370446394,77.03149843143282
"FIR No. 0039/2026, P.S. Hauz Khas",2026-02-05 03:18:00,THEFT,THEFT incident reported in South Delhi (Hauz Khas),South Delhi (Hauz Khas),False,South Delhi (Hauz Khas),28.53229070053209,77.1918589331474
"FIR No. 0119/2024, P.S. Dwarka",2024-12-17 16:18:00,THEFT,THEFT incident reported in South West Delhi (Dwarka),South West Delhi (Dwarka),False,South West Delhi (Dwarka),28.57279120137684,77.03119348321833
"FIR No. 0687/2023, P.S. Preet Vihar",2023-10-05 01:38:00,KIDNAPPING,KIDNAPPING incident reported in East Delhi (Preet Vihar),East Delhi (Preet Vihar),False,East Delhi (Preet Vihar),28.64832552903364,77.28805674700821
82879639/2025,2025-11-20 03:31:00,THEFT,THEFT incident reported in North West Delhi (Rohini),North West Delhi (Rohini),False,North West Delhi (Rohini),28.70414142193001,77.11406266469768
"FIR No. 0261/2023, P.S. Connaught Place",2023-04-02 03:50:00,ROBBERY,ROBBERY incident reported in Central Delhi (Connaught Place),Central Delhi (Connaught Place),False,Central Delhi (Connaught Place),28.64165539543384,77.2101841035271
89941168/2026,2026-06-18 19:28:00,THEFT,THEFT incident reported in East Delhi (Preet Vihar),East Delhi (Preet Vihar),True,East Delhi (Preet Vihar),28.643345002596096,77.29262275966386
"FIR No. 0215/2024, P.S. Dwarka",2024-06-16 04:33:00,ASSAULT,ASSAULT incident reported in South West Delhi (Dwarka),South West Delhi (Dwarka),False,South West Delhi (Dwarka),28.60421231116013,77.05813265539949
81020551/2023,2023-03-22 09:42:00,THEFT,THEFT incident reported in East Delhi (Preet Vihar),East Delhi (Preet Vihar),True,East Delhi (Preet Vihar),28.65644013670056,77.28996576588536
"FIR No. 0144/2026, P.S. Rohini",2026-02-26 19:50:00,ROBBERY,ROBBERY incident reported in North West Delhi (Rohini),North West Delhi (Rohini),False,North West Delhi (Rohini),28.72018161194713,77.09582771611049
"FIR No. 0034/2026, P.S. Dwarka",2026-01-16 08:45:00,THEFT,THEFT incident reported in South West Delhi (Dwarka),South West Delhi (Dwarka),False,South West Delhi (Dwarka),28.586980432745573,77.0611930558332
86558389/2026,2026-05-13 23:42:00,KIDNAPPING,KIDNAPPING incident reported in Central Delhi (Connaught Place),Central Delhi (Connaught Place),True,Central Delhi (Connaught Place),28.6375454620428,77.22042845440606
82118720/2025,2025-04-03 13:11:00,ROBBERY,ROBBERY incident reported in South Delhi (Hauz Khas),South Delhi (Hauz Khas),False,South Delhi (Hauz Khas),28.55752867912032,77.18266415912085
"FIR No. 0124/2023, P.S. Hauz Khas",2023-02-11 04:26:00,BURGLARY,BURGLARY incident reported in South Delhi (Hauz Khas),South Delhi (Hauz Khas),False,South Delhi (Hauz Khas),28.556125958657454,77.19065796071199
"FIR No. 0726/2023, P.S. Connaught Place",2023-08-22 08:24:00,ASSAULT,ASSAULT incident reported in Central Delhi (Connaught Place),Central Delhi (Connaught Place),False,Central Delhi (Connaught Place),28.652311229327346,77.21819129061852
"FIR No. 0427/2025, P.S. Rohini",2025-07-18 22:52:00,BURGLARY,BURGLARY incident reported in North West Delhi (Rohini),North West Delhi (Rohini),False,North West Delhi (Rohini),28.70050567013143,77.10813962165174
"FIR No. 0322/2024, P.S. Parliament Street",2024-06-27 03:17:00,THEFT,THEFT incident reported in New Delhi (Parliament Street),New Delhi (Parliament Street),False,New Delhi (Parliament Street),28.6270675573635,77.22748450274742
"FIR No. 0040/2025, P.S. Preet Vihar",2025-01-05 22:39:00,BURGLARY,BURGLARY incident reported in East Delhi (Preet Vihar),East Delhi (Preet Vihar),False,East Delhi (Preet Vihar),28.642845133623496,77.31669442098949
"FIR No. 0196/2024, P.S. Connaught Place",2024-03-14 17:43:00,ASSAULT,ASSAULT incident reported in Central Delhi (Connaught Place),Central Delhi (Connaught Place),False,Central Delhi (Connaught Place),28.65928941892598,77.19660046160448
"FIR No. 0403/2026, P.S. Preet Vihar",2026-06-11 08:53:00,THEFT,THEFT incident reported in East Delhi (Preet Vihar),East Delhi (Preet Vihar),False,East Delhi (Preet Vihar),28.63128845025501,77.29568507499403
88886681/2023,2023-01-28 12:17:00,ASSAULT,ASSAULT incident reported in East Delhi (Preet Vihar),East Delhi (Preet Vihar),False,East Delhi (Preet Vihar),28.6563546129771,77.30244533956889
"FIR No. 0213/2025, P.S. Parliament Street",2025-08-05 18:40:00,THEFT,THEFT incident reported in New Delhi (Parliament Street),New Delhi (Parliament Street),False,New Delhi (Parliament Street),28.61161447972692,77.22567879906426
"FIR No. 0564/2023, P.S. Rohini",2023-10-08 13:52:00,ROBBERY,ROBBERY incident reported in North West Delhi (Rohini),North West Delhi (Rohini),False,North West Delhi (Rohini),28.67811360823001,77.10963006723354
"FIR No. 0263/2024, P.S. Dwarka",2024-09-08 12:35:00,ROBBERY,ROBBERY incident reported in South West Delhi (Dwarka),South West Delhi (Dwarka),False,South West Delhi (Dwarka),28.59200385636661,77.02576859755538
"FIR No. 0029/2025, P.S. Connaught Place",2025-01-12 22:24:00,ASSAULT,ASSAULT incident reported in Central Delhi (Connaught Place),Central Delhi (Connaught Place),False,Central Delhi (Connaught Place),28.651345441090143,77.21811947549608
"FIR No. 0290/2023, P.S. Preet Vihar",2023-07-03 01:42:00,KIDNAPPING,KIDNAPPING incident reported in East Delhi (Preet Vihar),East Delhi (Preet Vihar),False,East Delhi (Preet Vihar),28.618164127540915,77.30095944625535
"FIR No. 0495/2023, P.S. Preet Vihar",2023-09-14 22:21:00,THEFT,THEFT incident reported in East Delhi (Preet Vihar),East Delhi (Preet Vihar),False,East Delhi (Preet Vihar),28.63739981179314,77.26862603703796
"FIR No. 0047/2026, P.S. Hauz Khas",2026-03-12 23:25:00,ASSAULT,ASSAULT incident reported in South Delhi (Hauz Khas),South Delhi (Hauz Khas),False,South Delhi (Hauz Khas),28.5505829782263,77.18419818029943
"FIR No. 0135/2024, P.S. Preet Vihar",2024-02-14 01:04:00,THEFT,THEFT incident reported in East Delhi (Preet Vihar),East Delhi (Preet Vihar),False,East Delhi (Preet Vihar),28.63446377037787,77.30774790302917
"FIR No. 0727/2024, P.S. Connaught Place",2024-11-19 11:06:00,THEFT,THEFT incident reported in Central Delhi (Connaught Place),Central Delhi (Connaught Place),True,Central Delhi (Connaught Place),28.624711763974496,77.2155179552285
"FIR No. 0013/2024, P.S. Preet Vihar",2024-03-29 18:58:00,ASSAULT,ASSAULT incident reported in East Delhi (Preet Vihar),East Delhi (Preet Vihar),False,East Delhi (Preet Vihar),28.67606109637672,77.28519705970018
"FIR No. 0734/2023, P.S. Hauz Khas",2023-09-21 00:05:00,ROBBERY,ROBBERY incident reported in South Delhi (Hauz Khas),South Delhi (Hauz Khas),False,South Delhi (Hauz Khas),28.5325561237358,77.20967420663622
"FIR No. 0679/2024, P.S. Connaught Place",2024-11-24 14:20:00,ASSAULT,ASSAULT incident reported in Central Delhi (Connaught Place),Central Delhi (Connaught Place),False,Central Delhi (Connaught Place),28.619155855020217,77.21596313872936
"FIR No. 0105/2024, P.S. Hauz Khas",2024-01-13 21:33:00,ROBBERY,ROBBERY incident reported in South Delhi (Hauz Khas),South Delhi (Hauz Khas),False,South Delhi (Hauz Khas),28.5349488915814,77.18685575714338
"FIR No. 0975/2024, P.S. Connaught Place",2024-11-02 01:42:00,ASSAULT,ASSAULT incident reported in Central Delhi (Connaught Place),Central Delhi (Connaught Place),False,Central Delhi (Connaught Place),28.654375214116893,77.20884215835709
86441585/2023,2023-06-14 17:43:00,THEFT,THEFT incident reported in South Delhi (Hauz Khas),South Delhi (Hauz Khas),True,South Delhi (Hauz Khas),28.546281971699468,77.18352307290628
"FIR No. 0065/2023, P.S. Connaught Place",2023-02-24 22:26:00,ROBBERY,ROBBERY incident reported in Central Delhi (Connaught Place),Central Delhi (Connaught Place),False,Central Delhi (Connaught Place),28.630032875397937,77.19821447662646
"FIR No. 0067/2025, P.S. Connaught Place",2025-01-12 23:39:00,THEFT,THEFT incident reported in Central Delhi (Connaught Place),Central Delhi (Connaught Place),True,Central Delhi (Connaught Place),28.61257626496767,77.23085851086513
"FIR No. 0238/2023, P.S. Rohini",2023-11-18 17:01:00,THEFT,THEFT incident reported in North West Delhi (Rohini),North West Delhi (Rohini),False,North West Delhi (Rohini),28.6930028336397,77.14428832343573
"FIR No. 0117/2025, P.S. Preet Vihar",2025-09-03 23:49:00,ROBBERY,ROBBERY incident reported in East Delhi (Preet Vihar),East Delhi (Preet Vihar),False,East Delhi (Preet Vihar),28.64022152382945,77.30736154877067
89392870/2024,2024-09-27 03:35:00,THEFT,THEFT incident reported in South West Delhi (Dwarka),South West Delhi (Dwarka),False,South West Delhi (Dwarka),28.58662963689572,77.05604032904486
"FIR No. 0112/2024, P.S. Dwarka",2024-02-25 01:47:00,THEFT,THEFT incident reported in South West Delhi (Dwarka),South West Delhi (Dwarka),True,South West Delhi (Dwarka),28.579332416449923,77.03592274236186
"FIR No. 0636/2024, P.S. Preet Vihar",2024-12-29 11:28:00,THEFT,THEFT incident reported in East Delhi (Preet Vihar),East Delhi (Preet Vihar),False,East Delhi (Preet Vihar),28.61574656913573,77.31210591766542
"FIR No. 0104/2024, P.S. Preet Vihar",2024-06-01 23:51:00,ROBBERY,ROBBERY incident reported in East Delhi (Preet Vihar),East Delhi (Preet Vihar),False,East Delhi (Preet Vihar),28.640193869384177,77.29744665656857
"FIR No. 0689/2025, P.S. Preet Vihar",2025-07-08 07:32:00,OTHER,OTHER incident reported in East Delhi (Preet Vihar),East Delhi (Preet Vihar),False,East Delhi (Preet Vihar),28.625159894909643,77.28826152304444
"FIR No. 0020/2025, P.S. Preet Vihar",2025-01-07 01:53:00,KIDNAPPING,KIDNAPPING incident reported in East Delhi (Preet Vihar),East Delhi (Preet Vihar),True,East Delhi (Preet Vihar),28.60707769037973,77.30531637189031
"FIR No. 0258/2025, P.S. Connaught Place",2025-03-03 18:43:00,ASSAULT,ASSAULT incident reported in Central Delhi (Connaught Place),Central Delhi (Connaught Place),False,Central Delhi (Connaught Place),28.629831248478524,77.20260613235455
"FIR No. 0107/2023, P.S. Parliament Street",2023-02-16 01:19:00,THEFT,THEFT incident reported in New Delhi (Parliament Street),New Delhi (Parliament Street),True,New Delhi (Parliament Street),28.62306992111516,77.20483774568953
88790879/2023,2023-05-19 03:03:00,BURGLARY,BURGLARY incident reported in East Delhi (Preet Vihar),East Delhi (Preet Vihar),False,East Delhi (Preet Vihar),28.6378247838856,77.31288272962233
"FIR No. 0429/2024, P.S. Hauz Khas",2024-08-25 04:30:00,ROBBERY,ROBBERY incident reported in South Delhi (Hauz Khas),South Delhi (Hauz Khas),False,South Delhi (Hauz Khas),28.536504250768715,77.21401979712451
89191385/2026,2026-01-13 03:49:00,THEFT,THEFT incident reported in Central Delhi (Connaught Place),Central Delhi (Connaught Place),False,Central Delhi (Connaught Place),28.626509019303786,77.22124549227891
"FIR No. 0124/2024, P.S. Hauz Khas",2024-05-30 02:26:00,ROBBERY,ROBBERY incident reported in South Delhi (Hauz Khas),South Delhi (Hauz Khas),False,South Delhi (Hauz Khas),28.5685117256508,77.17096611545938
"FIR No. 0046/2026, P.S. Dwarka",2026-04-18 11:20:00,KIDNAPPING,KIDNAPPING incident reported in South West Delhi (Dwarka),South West Delhi (Dwarka),False,South West Delhi (Dwarka),28.58279999945701,77.020881298714
"FIR No. 0974/2025, P.S. Dwarka",2025-10-19 06:49:00,OTHER,OTHER incident reported in South West Delhi (Dwarka),South West Delhi (Dwarka),True,South West Delhi (Dwarka),28.5619521518538,77.05259065614955
"FIR No. 0064/2024, P.S. Connaught Place",2024-01-29 23:19:00,ASSAULT,ASSAULT incident reported in Central Delhi (Connaught Place),Central Delhi (Connaught Place),False,Central Delhi (Connaught Place),28.65532281856735,77.21523945467659
"FIR No. 0241/2023, P.S. Parliament Street",2023-12-16 08:54:00,THEFT,THEFT incident reported in New Delhi (Parliament Street),New Delhi (Parliament Street),False,New Delhi (Parliament Street),28.596765680337448,77.17988322051058
"FIR No. 0257/2023, P.S. Hauz Khas",2023-05-01 01:46:00,ROBBERY,ROBBERY incident reported in South Delhi (Hauz Khas),South Delhi (Hauz Khas),False,South Delhi (Hauz Khas),28.53503840103797,77.22694344617842
89101920/2026,2026-02-23 03:03:00,KIDNAPPING,KIDNAPPING incident reported in South Delhi (Hauz Khas),South Delhi (Hauz Khas),True,South Delhi (Hauz Khas),28.57173763311571,77.22132655807954
"FIR No. 0452/2023, P.S. Rohini",2023-07-26 10:38:00,ROBBERY,ROBBERY incident reported in North West Delhi (Rohini),North West Delhi (Rohini),False,North West Delhi (Rohini),28.70728708734471,77.08050845694618
"FIR No. 0544/2026, P.S. Connaught Place",2026-07-22 13:40:00,ASSAULT,ASSAULT incident reported in Central Delhi (Connaught Place),Central Delhi (Connaught Place),False,Central Delhi (Connaught Place),28.64252311769708,77.22616907271707
"FIR No. 0189/2025, P.S. Hauz Khas",2025-03-22 00:28:00,THEFT,THEFT incident reported in South Delhi (Hauz Khas),South Delhi (Hauz Khas),False,South Delhi (Hauz Khas),28.55655835536386,77.18487693208245
"FIR No. 0993/2025, P.S. Rohini",2025-12-03 22:11:00,THEFT,THEFT incident reported in North West Delhi (Rohini),North West Delhi (Rohini),False,North West Delhi (Rohini),28.70814912582589,77.09622369906943
85304450/2024,2024-11-09 13:16:00,BURGLARY,BURGLARY incident reported in South Delhi (Hauz Khas),South Delhi (Hauz Khas),True,South Delhi (Hauz Khas),28.54671206014548,77.19569240140362
"FIR No. 0222/2026, P.S. Preet Vihar",2026-07-14 13:17:00,THEFT,THEFT incident reported in East Delhi (Preet Vihar),East Delhi (Preet Vihar),False,East Delhi (Preet Vihar),28.63271861026857,77.30419470428721
"FIR No. 0001/2024, P.S. Preet Vihar",2024-06-09 23:31:00,THEFT,THEFT incident reported in East Delhi (Preet Vihar),East Delhi (Preet Vihar),False,East Delhi (Preet Vihar),28.6013065646632,77.27806737793503
"FIR No. 0365/2025, P.S. Dwarka",2025-10-13 12:33:00,ASSAULT,ASSAULT incident reported in South West Delhi (Dwarka),South West Delhi (Dwarka),True,South West Delhi (Dwarka),28.590877609323872,77.0556545382004
81996785/2026,2026-03-12 06:50:00,ASSAULT,ASSAULT incident reported in East Delhi (Preet Vihar),East Delhi (Preet Vihar),False,East Delhi (Preet Vihar),28.62787888152447,77.28669162694423
"FIR No. 0810/2024, P.S. Hauz Khas",2024-10-19 23:31:00,BURGLARY,BURGLARY incident reported in South Delhi (Hauz Khas),South Delhi (Hauz Khas),False,South Delhi (Hauz Khas),28.55743988104177,77.20560980824992
"FIR No. 0184/2026, P.S. Rohini",2026-03-25 05:18:00,ASSAULT,ASSAULT incident reported in North West Delhi (Rohini),North West Delhi (Rohini),True,North West Delhi (Rohini),28.72542605497057,77.09086829537543
"FIR No. 0180/2025, P.S. Rohini",2025-02-22 11:17:00,THEFT,THEFT incident reported in North West Delhi (Rohini),North West Delhi (Rohini),True,North West Delhi (Rohini),28.71158377128599,77.11658454947795
"FIR No. 0189/2025, P.S. Preet Vihar",2025-11-16 00:15:00,THEFT,THEFT incident reported in East Delhi (Preet Vihar),East Delhi (Preet Vihar),True,East Delhi (Preet Vihar),28.63153512962632,77.29691298955677
"FIR No. 0035/2023, P.S. Dwarka",2023-03-16 05:29:00,ROBBERY,ROBBERY incident reported in South West Delhi (Dwarka),South West Delhi (Dwarka),True,South West Delhi (Dwarka),28.5728692040752,77.0530211293472
"FIR No. 0202/2025, P.S. Dwarka",2025-03-26 10:51:00,THEFT,THEFT incident reported in South West Delhi (Dwarka),South West Delhi (Dwarka),False,South West Delhi (Dwarka),28.61282648465071,77.02091531656798
"FIR No. 0038/2025, P.S. Connaught Place",2025-01-06 00:21:00,OTHER,OTHER incident reported in Central Delhi (Connaught Place),Central Delhi (Connaught Place),False,Central Delhi (Connaught Place),28.628589185360667,77.21662372435532
"FIR No. 0384/2025, P.S. Connaught Place",2025-05-05 01:47:00,THEFT,THEFT incident reported in Central Delhi (Connaught Place),Central Delhi (Connaught Place),True,Central Delhi (Connaught Place),28.623634193420227,77.20234651495585
88558576/2024,2024-11-18 17:58:00,ROBBERY,ROBBERY incident reported in East Delhi (Preet Vihar),East Delhi (Preet Vihar),False,East Delhi (Preet Vihar),28.637437068136435,77.28530178049924
86673704/2024,2024-06-30 20:52:00,OTHER,OTHER incident reported in South West Delhi (Dwarka),South West Delhi (Dwarka),False,South West Delhi (Dwarka),28.599661631755925,77.04536955802371
"FIR No. 0032/2023, P.S. Dwarka",2023-02-03 08:06:00,THEFT,THEFT incident reported in South West Delhi (Dwarka),South West Delhi (Dwarka),False,South West Delhi (Dwarka),28.59976537164679,77.06141557683424
85229430/2023,2023-05-22 09:33:00,ASSAULT,ASSAULT incident reported in South West Delhi (Dwarka),South West Delhi (Dwarka),True,South West Delhi (Dwarka),28.60605927375001,77.0580715792195
"FIR No. 0291/2023, P.S. Rohini",2023-04-15 00:26:00,THEFT,THEFT incident reported in North West Delhi (Rohini),North West Delhi (Rohini),False,North West Delhi (Rohini),28.714167143066845,77.11804979083516
"FIR No. 0239/2023, P.S. Preet Vihar",2023-05-11 11:27:00,ASSAULT,ASSAULT incident reported in East Delhi (Preet Vihar),East Delhi (Preet Vihar),False,East Delhi (Preet Vihar),28.65790128598237,77.30974206122637
"FIR No. 0407/2024, P.S. Hauz Khas",2024-05-15 03:57:00,THEFT,THEFT incident reported in South Delhi (Hauz Khas),South Delhi (Hauz Khas),True,South Delhi (Hauz Khas),28.56577661180254,77.22056224815265
"FIR No. 0320/2023, P.S. Connaught Place",2023-11-13 07:49:00,THEFT,THEFT incident reported in Central Delhi (Connaught Place),Central Delhi (Connaught Place),False,Central Delhi (Connaught Place),28.612917094136268,77.21336375188973
"FIR No. 0386/2025, P.S. Rohini",2025-11-16 19:37:00,KIDNAPPING,KIDNAPPING incident reported in North West Delhi (Rohini),North West Delhi (Rohini),False,North West Delhi (Rohini),28.691026005221207,77.11971947539713
"FIR No. 0040/2026, P.S. Connaught Place",2026-01-14 05:06:00,THEFT,THEFT incident reported in Central Delhi (Connaught Place),Central Delhi (Connaught Place),False,Central Delhi (Connaught Place),28.638141316983265,77.23674427194335
"FIR No. 0176/2024, P.S. Dwarka",2024-09-02 00:54:00,THEFT,THEFT incident reported in South West Delhi (Dwarka),South West Delhi (Dwarka),False,South West Delhi (Dwarka),28.570788696047803,77.04491891818621
"FIR No. 1302/2023, P.S. Hauz Khas",2023-12-17 00:27:00,THEFT,THEFT incident reported in South Delhi (Hauz Khas),South Delhi (Hauz Khas),False,South Delhi (Hauz Khas),28.53369391933889,77.18805981325164
"FIR No. 0020/2025, P.S. Connaught Place",2025-07-11 06:52:00,ROBBERY,ROBBERY incident reported in Central Delhi (Connaught Place),Central Delhi (Connaught Place),False,Central Delhi (Connaught Place),28.641421970975856,77.22650134361857
"FIR No. 0178/2024, P.S. Connaught Place",2024-02-16 06:31:00,ROBBERY,ROBBERY incident reported in Central Delhi (Connaught Place),Central Delhi (Connaught Place),False,Central Delhi (Connaught Place),28.6735293075453,77.22645871006199
88076922/2025,2025-08-27 11:39:00,ASSAULT,ASSAULT incident reported in East Delhi (Preet Vihar),East Delhi (Preet Vihar),True,East Delhi (Preet Vihar),28.651532719331858,77.30469022369621
85408090/2024,2024-10-19 02:01:00,ROBBERY,ROBBERY incident reported in South West Delhi (Dwarka),South West Delhi (Dwarka),False,South West Delhi (Dwarka),28.58594394091025,77.06320681451797
87515237/2026,2026-02-05 09:20:00,THEFT,THEFT incident reported in South West Delhi (Dwarka),South West Delhi (Dwarka),False,South West Delhi (Dwarka),28.599592341285,77.05682769988486
80066145/2025,2025-02-13 23:58:00,THEFT,THEFT incident reported in East Delhi (Preet Vihar),East Delhi (Preet Vihar),False,East Delhi (Preet Vihar),28.608657570912506,77.29385537731126
"FIR No. 0239/2026, P.S. Rohini",2026-06-03 21:42:00,ASSAULT,ASSAULT incident reported in North West Delhi (Rohini),North West Delhi (Rohini),True,North West Delhi (Rohini),28.690427174307143,77.09518078145885
"FIR No. 0012/2023, P.S. Dwarka",2023-02-19 21:22:00,OTHER,OTHER incident reported in South West Delhi (Dwarka),South West Delhi (Dwarka),False,South West Delhi (Dwarka),28.58904281342393,77.04026478058339
"FIR No. 0029/2025, P.S. Connaught Place",2025-02-19 09:46:00,THEFT,THEFT incident reported in Central Delhi (Connaught Place),Central Delhi (Connaught Place),False,Central Delhi (Connaught Place),28.640887812563488,77.19829793336558
"FIR No. 0708/2025, P.S. Preet Vihar",2025-08-02 20:36:00,THEFT,THEFT incident reported in East Delhi (Preet Vihar),East Delhi (Preet Vihar),False,East Delhi (Preet Vihar),28.633098784255257,77.29788796076316
"FIR No. 0022/2024, P.S. Hauz Khas",2024-09-27 16:53:00,ASSAULT,ASSAULT incident reported in South Delhi (Hauz Khas),South Delhi (Hauz Khas),False,South Delhi (Hauz Khas),28.567325164002245,77.2126845829353
"FIR No. 0577/2026, P.S. Rohini",2026-08-10 19:44:00,BURGLARY,BURGLARY incident reported in North West Delhi (Rohini),North West Delhi (Rohini),True,North West Delhi (Rohini),28.7070786538036,77.11469061111565
80890948/2025,2025-10-20 12:52:00,KIDNAPPING,KIDNAPPING incident reported in North West Delhi (Rohini),North West Delhi (Rohini),False,North West Delhi (Rohini),28.690916606618,77.09285471451304
"FIR No. 0229/2026, P.S. Preet Vihar",2026-08-12 02:17:00,THEFT,THEFT incident reported in East Delhi (Preet Vihar),East Delhi (Preet Vihar),False,East Delhi (Preet Vihar),28.62972578218587,77.2963583333502
"FIR No. 0663/2023, P.S. Hauz Khas",2023-12-29 23:12:00,THEFT,THEFT incident reported in South Delhi (Hauz Khas),South Delhi (Hauz Khas),False,South Delhi (Hauz Khas),28.54458608902401,77.2077314839785
"FIR No. 0135/2026, P.S. Parliament Street",2026-04-14 21:51:00,BURGLARY,BURGLARY incident reported in New Delhi (Parliament Street),New Delhi (Parliament Street),False,New Delhi (Parliament Street),28.63574623310403,77.19759110003335
"FIR No. 0484/2025, P.S. Dwarka",2025-05-10 00:50:00,THEFT,THEFT incident reported in South West Delhi (Dwarka),South West Delhi (Dwarka),False,South West Delhi (Dwarka),28.595005312909645,77.07816769414634
"FIR No. 0430/2025, P.S. Rohini",2025-06-20 09:55:00,ROBBERY,ROBBERY incident reported in North West Delhi (Rohini),North West Delhi (Rohini),True,North West Delhi (Rohini),28.713552425576403,77.0853727630342
88969695/2024,2024-11-28 21:48:00,ROBBERY,ROBBERY incident reported in North West Delhi (Rohini),North West Delhi (Rohini),True,North West Delhi (Rohini),28.705187516711323,77.09623565684718
87778995/2026,2026-01-01 08:13:00,THEFT,THEFT incident reported in South West Delhi (Dwarka),South West Delhi (Dwarka),False,South West Delhi (Dwarka),28.610130678707307,77.06013797509489
85313891/2026,2026-08-23 07:17:00,ASSAULT,ASSAULT incident reported in Central Delhi (Connaught Place),Central Delhi (Connaught Place),True,Central Delhi (Connaught Place),28.63959239657292,77.20134592449746
"FIR No. 0119/2024, P.S. Dwarka",2024-02-09 00:57:00,THEFT,THEFT incident reported in South West Delhi (Dwarka),South West Delhi (Dwarka),False,South West Delhi (Dwarka),28.588809040695253,77.04779626546465
"FIR No. 0145/2024, P.S. Parliament Street",2024-06-03 08:17:00,THEFT,THEFT incident reported in New Delhi (Parliament Street),New Delhi (Parliament Street),False,New Delhi (Parliament Street),28.61879777916553,77.22394893999562
"FIR No. 0618/2024, P.S. Connaught Place",2024-12-12 13:55:00,ROBBERY,ROBBERY incident reported in Central Delhi (Connaught Place),Central Delhi (Connaught Place),False,Central Delhi (Connaught Place),28.62658086265931,77.21528257033864
"FIR No. 0789/2023, P.S. Hauz Khas",2023-07-23 23:42:00,OTHER,OTHER incident reported in South Delhi (Hauz Khas),South Delhi (Hauz Khas),False,South Delhi (Hauz Khas),28.54153961633057,77.18188393308091
"FIR No. 1016/2024, P.S. Connaught Place",2024-09-13 09:39:00,THEFT,THEFT incident reported in Central Delhi (Connaught Place),Central Delhi (Connaught Place),True,Central Delhi (Connaught Place),28.62104517631929,77.20304104907058
"FIR No. 0088/2025, P.S. Connaught Place",2025-03-01 04:31:00,THEFT,THEFT incident reported in Central Delhi (Connaught Place),Central Delhi (Connaught Place),False,Central Delhi (Connaught Place),28.615204565993647,77.19825995916065
81899715/2024,2024-04-14 00:34:00,ASSAULT,ASSAULT incident reported in Central Delhi (Connaught Place),Central Delhi (Connaught Place),False,Central Delhi (Connaught Place),28.59638654857978,77.21187214588126
"FIR No. 0033/2025, P.S. Connaught Place",2025-01-22 02:07:00,BURGLARY,BURGLARY incident reported in Central Delhi (Connaught Place),Central Delhi (Connaught Place),True,Central Delhi (Connaught Place),28.6343980876584,77.22858804398807
"FIR No. 0581/2023, P.S. Hauz Khas",2023-06-07 08:12:00,ASSAULT,ASSAULT incident reported in South Delhi (Hauz Khas),South Delhi (Hauz Khas),False,South Delhi (Hauz Khas),28.559119270793108,77.21566874423401
80262836/2023,2023-06-03 11:38:00,THEFT,THEFT incident reported in South West Delhi (Dwarka),South West Delhi (Dwarka),False,South West Delhi (Dwarka),28.589664400970108,77.06718293517574
84721882/2025,2025-07-06 17:13:00,ASSAULT,ASSAULT incident reported in East Delhi (Preet Vihar),East Delhi (Preet Vihar),False,East Delhi (Preet Vihar),28.627600321489915,77.29339342614992
"FIR No. 0991/2025, P.S. Dwarka",2025-12-04 23:21:00,THEFT,THEFT incident reported in South West Delhi (Dwarka),South West Delhi (Dwarka),False,South West Delhi (Dwarka),28.59176357069925,77.02698288126489
"FIR No. 0071/2023, P.S. Dwarka",2023-01-29 00:05:00,ROBBERY,ROBBERY incident reported in South West Delhi (Dwarka),South West Delhi (Dwarka),False,South West Delhi (Dwarka),28.58727673534779,77.04057299043954
"FIR No. 0082/2026, P.S. Connaught Place",2026-01-05 23:27:00,BURGLARY,BURGLARY incident reported in Central Delhi (Connaught Place),Central Delhi (Connaught Place),False,Central Delhi (Connaught Place),28.624750169334245,77.2022908497425
"FIR No. 0451/2025, P.S. Connaught Place",2025-07-15 09:10:00,THEFT,THEFT incident reported in Central Delhi (Connaught Place),Central Delhi (Connaught Place),False,Central Delhi (Connaught Place),28.61468921006672,77.21234592757443
"FIR No. 0097/2025, P.S. Hauz Khas",2025-02-23 06:40:00,OTHER,OTHER incident reported in South Delhi (Hauz Khas),South Delhi (Hauz Khas),False,South Delhi (Hauz Khas),28.551005315165124,77.20688026134025
"FIR No. 0054/2023, P.S. Connaught Place",2023-05-20 01:39:00,ASSAULT,ASSAULT incident reported in Central Delhi (Connaught Place),Central Delhi (Connaught Place),False,Central Delhi (Connaught Place),28.64425732568971,77.21399337934787
"FIR No. 0134/2024, P.S. Connaught Place",2024-02-04 12:36:00,ROBBERY,ROBBERY incident reported in Central Delhi (Connaught Place),Central Delhi (Connaught Place),False,Central Delhi (Connaught Place),28.62305708404985,77.23941536711887
"FIR No. 0076/2023, P.S. Connaught Place",2023-01-11 14:15:00,THEFT,THEFT incident reported in Central Delhi (Connaught Place),Central Delhi (Connaught Place),True,Central Delhi (Connaught Place),28.637075766603573,77.2145586844127
"FIR No. 0341/2024, P.S. Preet Vihar",2024-05-25 18:27:00,THEFT,THEFT incident reported in East Delhi (Preet Vihar),East Delhi (Preet Vihar),False,East Delhi (Preet Vihar),28.624821691341914,77.28852111842694
"FIR No. 0008/2026, P.S. Hauz Khas",2026-01-14 11:31:00,THEFT,THEFT incident reported in South Delhi (Hauz Khas),South Delhi (Hauz Khas),True,South Delhi (Hauz Khas),28.55659612058083,77.20101743051211
82659201/2024,2024-09-28 13:51:00,THEFT,THEFT incident reported in Central Delhi (Connaught Place),Central Delhi (Connaught Place),False,Central Delhi (Connaught Place),28.626124232401143,77.20120103796654
82922301/2026,2026-05-16 12:12:00,ROBBERY,ROBBERY incident reported in New Delhi (Parliament Street),New Delhi (Parliament Street),False,New Delhi (Parliament Street),28.6324757296004,77.21342490871717
"FIR No. 0013/2025, P.S. Connaught Place",2025-03-10 13:54:00,THEFT,THEFT incident reported in Central Delhi (Connaught Place),Central Delhi (Connaught Place),False,Central Delhi (Connaught Place),28.652235964897724,77.23065728149783
"FIR No. 0167/2025, P.S. Connaught Place",2025-05-15 00:36:00,THEFT,THEFT incident reported in Central Delhi (Connaught Place),Central Delhi (Connaught Place),False,Central Delhi (Connaught Place),28.60620267404905,77.18230775887176
"FIR No. 0304/2026, P.S. Connaught Place",2026-06-28 06:46:00,BURGLARY,BURGLARY incident reported in Central Delhi (Connaught Place),Central Delhi (Connaught Place),False,Central Delhi (Connaught Place),28.621775224666404,77.20880664803842
"FIR No. 0728/2023, P.S. Dwarka",2023-09-19 10:22:00,ASSAULT,ASSAULT incident reported in South West Delhi (Dwarka),South West Delhi (Dwarka),True,South West Delhi (Dwarka),28.576333831397235,77.05054452806836
"FIR No. 0078/2023, P.S. Connaught Place",2023-01-07 22:58:00,THEFT,THEFT incident reported in Central Delhi (Connaught Place),Central Delhi (Connaught Place),True,Central Delhi (Connaught Place),28.599582437215023,77.23372654583552
"FIR No. 0716/2023, P.S. Connaught Place",2023-08-23 12:53:00,THEFT,THEFT incident reported in Central Delhi (Connaught Place),Central Delhi (Connaught Place),False,Central Delhi (Connaught Place),28.646743683703388,77.21791077166431
"FIR No. 0169/2023, P.S. Dwarka",2023-08-21 03:50:00,THEFT,THEFT incident reported in South West Delhi (Dwarka),South West Delhi (Dwarka),False,South West Delhi (Dwarka),28.60157211586266,77.05440666478111
83488037/2025,2025-01-10 15:17:00,ASSAULT,ASSAULT incident reported in East Delhi (Preet Vihar),East Delhi (Preet Vihar),True,East Delhi (Preet Vihar),28.614964521349563,77.30039517074313
"FIR No. 0055/2024, P.S. Preet Vihar",2024-02-21 17:20:00,THEFT,THEFT incident reported in East Delhi (Preet Vihar),East Delhi (Preet Vihar),False,East Delhi (Preet Vihar),28.66652439127611,77.30852455155312
"FIR No. 0488/2023, P.S. Connaught Place",2023-12-14 08:12:00,KIDNAPPING,KIDNAPPING incident reported in Central Delhi (Connaught Place),Central Delhi (Connaught Place),True,Central Delhi (Connaught Place),28.629903360097728,77.18623241340433
84959969/2025,2025-08-26 06:07:00,THEFT,THEFT incident reported in East Delhi (Preet Vihar),East Delhi (Preet Vihar),False,East Delhi (Preet Vihar),28.63197413135625,77.30082314172255
"FIR No. 0891/2025, P.S. Connaught Place",2025-12-30 06:02:00,ASSAULT,ASSAULT incident reported in Central Delhi (Connaught Place),Central Delhi (Connaught Place),False,Central Delhi (Connaught Place),28.65044702232986,77.20032065097004
"FIR No. 0326/2023, P.S. Hauz Khas",2023-04-14 01:47:00,BURGLARY,BURGLARY incident reported in South Delhi (Hauz Khas),South Delhi (Hauz Khas),False,South Delhi (Hauz Khas),28.556203639514727,77.18313201061166
"FIR No. 0173/2026, P.S. Connaught Place",2026-05-07 14:48:00,BURGLARY,BURGLARY incident reported in Central Delhi (Connaught Place),Central Delhi (Connaught Place),False,Central Delhi (Connaught Place),28.62450244789664,77.21221847115439
"FIR No. 0881/2025, P.S. Preet Vihar",2025-10-28 19:24:00,ASSAULT,ASSAULT incident reported in East Delhi (Preet Vihar),East Delhi (Preet Vihar),False,East Delhi (Preet Vihar),28.615799431819088,77.30114939024719
"FIR No. 0507/2023, P.S. Connaught Place",2023-11-29 22:30:00,ROBBERY,ROBBERY incident reported in Central Delhi (Connaught Place),Central Delhi (Connaught Place),False,Central Delhi (Connaught Place),28.630681926977875,77.22324197291282
"FIR No. 0227/2024, P.S. Hauz Khas",2024-04-23 23:27:00,ASSAULT,ASSAULT incident reported in South Delhi (Hauz Khas),South Delhi (Hauz Khas),True,South Delhi (Hauz Khas),28.565092289682884,77.17990592888046
"FIR No. 0402/2025, P.S. Rohini",2025-09-04 11:56:00,ROBBERY,ROBBERY incident reported in North West Delhi (Rohini),North West Delhi (Rohini),False,North West Delhi (Rohini),28.711953806557503,77.08145223692071
"FIR No. 1008/2024, P.S. Dwarka",2024-11-23 04:59:00,ASSAULT,ASSAULT incident reported in South West Delhi (Dwarka),South West Delhi (Dwarka),False,South West Delhi (Dwarka),28.584859593410435,77.0666479538276
"FIR No. 0357/2023, P.S. Hauz Khas",2023-04-08 12:27:00,THEFT,THEFT incident reported in South Delhi (Hauz Khas),South Delhi (Hauz Khas),False,South Delhi (Hauz Khas),28.55505387302088,77.19030706056006
"FIR No. 0029/2023, P.S. Connaught Place",2023-01-23 06:29:00,THEFT,THEFT incident reported in Central Delhi (Connaught Place),Central Delhi (Connaught Place),True,Central Delhi (Connaught Place),28.60721470579885,77.23450373591338
"FIR No. 0254/2024, P.S. Parliament Street",2024-07-08 12:57:00,THEFT,THEFT incident reported in New Delhi (Parliament Street),New Delhi (Parliament Street),False,New Delhi (Parliament Street),28.62991318302401,77.19425546296141
"FIR No. 0299/2024, P.S. Parliament Street",2024-04-09 11:23:00,ASSAULT,ASSAULT incident reported in New Delhi (Parliament Street),New Delhi (Parliament Street),False,New Delhi (Parliament Street),28.62643813034075,77.19149815414548
"FIR No. 0525/2026, P.S. Rohini",2026-06-14 09:03:00,THEFT,THEFT incident reported in North West Delhi (Rohini),North West Delhi (Rohini),False,North West Delhi (Rohini),28.719414156762006,77.13412308468476
"FIR No. 0287/2024, P.S. Hauz Khas",2024-06-12 08:40:00,THEFT,THEFT incident reported in South Delhi (Hauz Khas),South Delhi (Hauz Khas),True,South Delhi (Hauz Khas),28.538397956845216,77.22311106714538
"FIR No. 0300/2024, P.S. Dwarka",2024-10-17 10:39:00,BURGLARY,BURGLARY incident reported in South West Delhi (Dwarka),South West Delhi (Dwarka),True,South West Delhi (Dwarka),28.61171770451556,77.07106641743297
"FIR No. 0373/2026, P.S. Dwarka",2026-08-11 14:11:00,ASSAULT,ASSAULT incident reported in South West Delhi (Dwarka),South West Delhi (Dwarka),False,South West Delhi (Dwarka),28.58122532693916,77.0259341345438
"FIR No. 0068/2026, P.S. Connaught Place",2026-06-19 15:56:00,THEFT,THEFT incident reported in Central Delhi (Connaught Place),Central Delhi (Connaught Place),False,Central Delhi (Connaught Place),28.62428746896365,77.20055075013515
88840117/2023,2023-12-17 08:37:00,THEFT,THEFT incident reported in South West Delhi (Dwarka),South West Delhi (Dwarka),False,South West Delhi (Dwarka),28.60231946065307,77.03057213168155
89418668/2023,2023-03-30 20:23:00,BURGLARY,BURGLARY incident reported in South Delhi (Hauz Khas),South Delhi (Hauz Khas),False,South Delhi (Hauz Khas),28.542132318198828,77.1971800456535
"FIR No. 0599/2025, P.S. Dwarka",2025-11-08 06:30:00,ROBBERY,ROBBERY incident reported in South West Delhi (Dwarka),South West Delhi (Dwarka),True,South West Delhi (Dwarka),28.58787243893336,77.04580406116695
"FIR No. 0178/2024, P.S. Rohini",2024-06-27 17:03:00,THEFT,THEFT incident reported in North West Delhi (Rohini),North West Delhi (Rohini),False,North West Delhi (Rohini),28.70195815146137,77.10252969421609
"FIR No. 0441/2023, P.S. Parliament Street",2023-04-11 13:38:00,THEFT,THEFT incident reported in New Delhi (Parliament Street),New Delhi (Parliament Street),False,New Delhi (Parliament Street),28.63780192908068,77.20198621245923
"FIR No. 0094/2026, P.S. Preet Vihar",2026-05-04 11:32:00,THEFT,THEFT incident reported in East Delhi (Preet Vihar),East Delhi (Preet Vihar),False,East Delhi (Preet Vihar),28.658516515224672,77.29570068328908
"FIR No. 0096/2023, P.S. Preet Vihar",2023-07-01 01:55:00,ASSAULT,ASSAULT incident reported in East Delhi (Preet Vihar),East Delhi (Preet Vihar),False,East Delhi (Preet Vihar),28.63255715151003,77.28022876026189
"FIR No. 1011/2023, P.S. Parliament Street",2023-12-15 14:50:00,THEFT,THEFT incident reported in New Delhi (Parliament Street),New Delhi (Parliament Street),False,New Delhi (Parliament Street),28.62882984698643,77.1973960757478
85418182/2024,2024-09-06 11:09:00,ASSAULT,ASSAULT incident reported in South West Delhi (Dwarka),South West Delhi (Dwarka),False,South West Delhi (Dwarka),28.59659051799709,77.04861692742246
"FIR No. 0097/2026, P.S. Parliament Street",2026-01-10 19:37:00,THEFT,THEFT incident reported in New Delhi (Parliament Street),New Delhi (Parliament Street),False,New Delhi (Parliament Street),28.64515822307888,77.21835279679924
"FIR No. 0348/2025, P.S. Preet Vihar",2025-06-05 07:11:00,OTHER,OTHER incident reported in East Delhi (Preet Vihar),East Delhi (Preet Vihar),False,East Delhi (Preet Vihar),28.64433197519172,77.2865388398241
89961804/2025,2025-03-16 07:24:00,ROBBERY,ROBBERY incident reported in South Delhi (Hauz Khas),South Delhi (Hauz Khas),False,South Delhi (Hauz Khas),28.551258939130737,77.21331857054588
"FIR No. 0443/2024, P.S. Connaught Place",2024-05-14 20:43:00,KIDNAPPING,KIDNAPPING incident reported in Central Delhi (Connaught Place),Central Delhi (Connaught Place),False,Central Delhi (Connaught Place),28.650566781490745,77.24506744436637
89835825/2024,2024-10-18 04:10:00,THEFT,THEFT incident reported in New Delhi (Parliament Street),New Delhi (Parliament Street),False,New Delhi (Parliament Street),28.644209205249865,77.22884302827632
"FIR No. 0040/2026, P.S. Rohini",2026-06-15 07:37:00,ROBBERY,ROBBERY incident reported in North West Delhi (Rohini),North West Delhi (Rohini),True,North West Delhi (Rohini),28.70871217101375,77.0591505558823
"FIR No. 0220/2025, P.S. Preet Vihar",2025-08-25 22:10:00,OTHER,OTHER incident reported in East Delhi (Preet Vihar),East Delhi (Preet Vihar),True,East Delhi (Preet Vihar),28.636557478747555,77.30978469516235
"FIR No. 0961/2023, P.S. Connaught Place",2023-11-10 13:33:00,THEFT,THEFT incident reported in Central Delhi (Connaught Place),Central Delhi (Connaught Place),True,Central Delhi (Connaught Place),28.639469388795643,77.2163613444272
83430219/2026,2026-06-08 01:39:00,THEFT,THEFT incident reported in Central Delhi (Connaught Place),Central Delhi (Connaught Place),True,Central Delhi (Connaught Place),28.63602664934888,77.20381946571491
"FIR No. 0064/2024, P.S. Hauz Khas",2024-05-21 13:30:00,THEFT,THEFT incident reported in South Delhi (Hauz Khas),South Delhi (Hauz Khas),False,South Delhi (Hauz Khas),28.54972790770549,77.18044709600125
"FIR No. 0010/2023, P.S. Hauz Khas",2023-08-14 07:40:00,ASSAULT,ASSAULT incident reported in South Delhi (Hauz Khas),South Delhi (Hauz Khas),False,South Delhi (Hauz Khas),28.52905269170187,77.19606797006206
"FIR No. 0098/2023, P.S. Connaught Place",2023-03-17 12:09:00,ROBBERY,ROBBERY incident reported in Central Delhi (Connaught Place),Central Delhi (Connaught Place),False,Central Delhi (Connaught Place),28.623374555849324,77.23568940938928
"FIR No. 0496/2025, P.S. Preet Vihar",2025-09-02 10:32:00,BURGLARY,BURGLARY incident reported in East Delhi (Preet Vihar),East Delhi (Preet Vihar),False,East Delhi (Preet Vihar),28.641661317657974,77.31506655736834
"FIR No. 0344/2024, P.S. Parliament Street",2024-04-10 14:19:00,THEFT,THEFT incident reported in New Delhi (Parliament Street),New Delhi (Parliament Street),False,New Delhi (Parliament Street),28.65672492168908,77.228370520762
"FIR No. 0037/2025, P.S. Connaught Place",2025-02-17 16:10:00,ROBBERY,ROBBERY incident reported in Central Delhi (Connaught Place),Central Delhi (Connaught Place),False,Central Delhi (Connaught Place),28.643349662346218,77.22249528885516
89480331/2026,2026-07-29 07:37:00,THEFT,THEFT incident reported in South Delhi (Hauz Khas),South Delhi (Hauz Khas),False,South Delhi (Hauz Khas),28.54521759569572,77.20081867526272
84669580/2023,2023-07-06 08:49:00,ROBBERY,ROBBERY incident reported in Central Delhi (Connaught Place),Central Delhi (Connaught Place),False,Central Delhi (Connaught Place),28.6202147083956,77.21127487391344
88342123/2026,2026-07-18 15:06:00,ROBBERY,ROBBERY incident reported in East Delhi (Preet Vihar),East Delhi (Preet Vihar),True,East Delhi (Preet Vihar),28.635270445609407,77.30106887442487
"FIR No. 0169/2024, P.S. Rohini",2024-06-23 04:27:00,ASSAULT,ASSAULT incident reported in North West Delhi (Rohini),North West Delhi (Rohini),True,North West Delhi (Rohini),28.670403785801973,77.08629647979046
"FIR No. 0979/2024, P.S. Hauz Khas",2024-12-23 03:56:00,ROBBERY,ROBBERY incident reported in South Delhi (Hauz Khas),South Delhi (Hauz Khas),True,South Delhi (Hauz Khas),28.54821740935525,77.18342018727321
"FIR No. 0067/2024, P.S. Parliament Street",2024-10-19 03:46:00,BURGLARY,BURGLARY incident reported in New Delhi (Parliament Street),New Delhi (Parliament Street),False,New Delhi (Parliament Street),28.62945537961089,77.20280838186537
"FIR No. 0047/2023, P.S. Rohini",2023-04-29 22:14:00,ASSAULT,ASSAULT incident reported in North West Delhi (Rohini),North West Delhi (Rohini),True,North West Delhi (Rohini),28.69767644932299,77.09319984286918
"FIR No. 0066/2026, P.S. Preet Vihar",2026-06-09 15:30:00,THEFT,THEFT incident reported in East Delhi (Preet Vihar),East Delhi (Preet Vihar),True,East Delhi (Preet Vihar),28.63459568668185,77.29321178397718
"FIR No. 0212/2025, P.S. Connaught Place",2025-07-04 23:09:00,THEFT,THEFT incident reported in Central Delhi (Connaught Place),Central Delhi (Connaught Place),False,Central Delhi (Connaught Place),28.62303803775501,77.20702567838747
"FIR No. 0170/2023, P.S. Rohini",2023-05-16 23:52:00,ROBBERY,ROBBERY incident reported in North West Delhi (Rohini),North West Delhi (Rohini),False,North West Delhi (Rohini),28.71826757873508,77.11418045572894
"FIR No. 0847/2023, P.S. Parliament Street",2023-12-15 08:37:00,THEFT,THEFT incident reported in New Delhi (Parliament Street),New Delhi (Parliament Street),True,New Delhi (Parliament Street),28.61915482767154,77.20154388815021
"FIR No. 0219/2025, P.S. Preet Vihar",2025-07-09 13:44:00,THEFT,THEFT incident reported in East Delhi (Preet Vihar),East Delhi (Preet Vihar),False,East Delhi (Preet Vihar),28.62929690653818,77.31510855861923
"FIR No. 0535/2026, P.S. Rohini",2026-08-08 03:20:00,ASSAULT,ASSAULT incident reported in North West Delhi (Rohini),North West Delhi (Rohini),False,North West Delhi (Rohini),28.70682963097005,77.09223149655277
"FIR No. 0073/2026, P.S. Dwarka",2026-01-19 20:45:00,ROBBERY,ROBBERY incident reported in South West Delhi (Dwarka),South West Delhi (Dwarka),False,South West Delhi (Dwarka),28.60182520148143,77.03278980399863
"FIR No. 0006/2025, P.S. Hauz Khas",2025-01-31 18:17:00,THEFT,THEFT incident reported in South Delhi (Hauz Khas),South Delhi (Hauz Khas),True,South Delhi (Hauz Khas),28.53666676273799,77.19109192168958
"FIR No. 0030/2023, P.S. Parliament Street",2023-03-07 11:23:00,THEFT,THEFT incident reported in New Delhi (Parliament Street),New Delhi (Parliament Street),True,New Delhi (Parliament Street),28.628229298840843,77.21518786978733
"FIR No. 0058/2023, P.S. Parliament Street",2023-04-27 22:12:00,ROBBERY,ROBBERY incident reported in New Delhi (Parliament Street),New Delhi (Parliament Street),False,New Delhi (Parliament Street),28.624226814717623,77.22034028268597
"FIR No. 0385/2023, P.S. Hauz Khas",2023-04-10 12:58:00,ASSAULT,ASSAULT incident reported in South Delhi (Hauz Khas),South Delhi (Hauz Khas),False,South Delhi (Hauz Khas),28.53651459222608,77.22285710592385
"FIR No. 0319/2023, P.S. Hauz Khas",2023-11-01 17:20:00,ASSAULT,ASSAULT incident reported in South Delhi (Hauz Khas),South Delhi (Hauz Khas),False,South Delhi (Hauz Khas),28.545130031559275,77.20015935138076
"FIR No. 0007/2023, P.S. Preet Vihar",2023-06-17 19:15:00,OTHER,OTHER incident reported in East Delhi (Preet Vihar),East Delhi (Preet Vihar),False,East Delhi (Preet Vihar),28.642725837089888,77.31173357038844
"FIR No. 0155/2026, P.S. Connaught Place",2026-07-11 15:26:00,ASSAULT,ASSAULT incident reported in Central Delhi (Connaught Place),Central Delhi (Connaught Place),False,Central Delhi (Connaught Place),28.62858647200301,77.2010388452631
87603117/2025,2025-11-23 23:14:00,BURGLARY,BURGLARY incident reported in Central Delhi (Connaught Place),Central Delhi (Connaught Place),False,Central Delhi (Connaught Place),28.625834540419174,77.21667084319458
"FIR No. 0378/2024, P.S. Preet Vihar",2024-05-02 02:47:00,THEFT,THEFT incident reported in East Delhi (Preet Vihar),East Delhi (Preet Vihar),False,East Delhi (Preet Vihar),28.64687801533365,77.30007202036988
"FIR No. 0071/2026, P.S. Hauz Khas",2026-01-06 20:54:00,ROBBERY,ROBBERY incident reported in South Delhi (Hauz Khas),South Delhi (Hauz Khas),False,South Delhi (Hauz Khas),28.54892564358109,77.22392079027495
88319344/2023,2023-01-15 15:55:00,ASSAULT,ASSAULT incident reported in East Delhi (Preet Vihar),East Delhi (Preet Vihar),False,East Delhi (Preet Vihar),28.605746982933105,77.27687835972682
"FIR No. 0197/2025, P.S. Dwarka",2025-10-19 09:19:00,THEFT,THEFT incident reported in South West Delhi (Dwarka),South West Delhi (Dwarka),True,South West Delhi (Dwarka),28.577320387757545,77.07214875965049
"FIR No. 0205/2025, P.S. Rohini",2025-04-19 17:33:00,ASSAULT,ASSAULT incident reported in North West Delhi (Rohini),North West Delhi (Rohini),True,North West Delhi (Rohini),28.69198738230615,77.1019213090779
"FIR No. 0200/2026, P.S. Connaught Place",2026-05-04 21:19:00,ASSAULT,ASSAULT incident reported in Central Delhi (Connaught Place),Central Delhi (Connaught Place),True,Central Delhi (Connaught Place),28.621630301136825,77.23363500585329
"FIR No. 1108/2024, P.S. Parliament Street",2024-12-01 13:55:00,THEFT,THEFT incident reported in New Delhi (Parliament Street),New Delhi (Parliament Street),True,New Delhi (Parliament Street),28.64280723396065,77.21293521076724
"FIR No. 0031/2025, P.S. Connaught Place",2025-08-02 16:04:00,THEFT,THEFT incident reported in Central Delhi (Connaught Place),Central Delhi (Connaught Place),False,Central Delhi (Connaught Place),28.636908263190342,77.20986079629493
"FIR No. 0422/2024, P.S. Rohini",2024-07-27 02:01:00,THEFT,THEFT incident reported in North West Delhi (Rohini),North West Delhi (Rohini),False,North West Delhi (Rohini),28.685092055505844,77.1134809606377
"FIR No. 0171/2026, P.S. Parliament Street",2026-03-07 04:21:00,THEFT,THEFT incident reported in New Delhi (Parliament Street),New Delhi (Parliament Street),False,New Delhi (Parliament Street),28.61833609095876,77.2233115409631
"FIR No. 0330/2026, P.S. Connaught Place",2026-03-26 03:12:00,THEFT,THEFT incident reported in Central Delhi (Connaught Place),Central Delhi (Connaught Place),True,Central Delhi (Connaught Place),28.61714206873074,77.2196117838019
"FIR No. 0072/2025, P.S. Hauz Khas",2025-01-10 00:48:00,ASSAULT,ASSAULT incident reported in South Delhi (Hauz Khas),South Delhi (Hauz Khas),False,South Delhi (Hauz Khas),28.55461751419291,77.19388417975122
"FIR No. 0340/2024, P.S. Connaught Place",2024-04-11 13:10:00,THEFT,THEFT incident reported in Central Delhi (Connaught Place),Central Delhi (Connaught Place),True,Central Delhi (Connaught Place),28.619985506701,77.2072519503472
"FIR No. 0410/2024, P.S. Preet Vihar",2024-05-04 20:36:00,ROBBERY,ROBBERY incident reported in East Delhi (Preet Vihar),East Delhi (Preet Vihar),False,East Delhi (Preet Vihar),28.643696896186952,77.30945104808166
"FIR No. 0128/2025, P.S. Preet Vihar",2025-07-25 05:52:00,THEFT,THEFT incident reported in East Delhi (Preet Vihar),East Delhi (Preet Vihar),False,East Delhi (Preet Vihar),28.65372298800104,77.29841390084071
84068939/2023,2023-11-28 00:06:00,THEFT,THEFT incident reported in East Delhi (Preet Vihar),East Delhi (Preet Vihar),False,East Delhi (Preet Vihar),28.609056405520903,77.30662935417358
"FIR No. 0609/2025, P.S. Connaught Place",2025-11-07 14:20:00,ROBBERY,ROBBERY incident reported in Central Delhi (Connaught Place),Central Delhi (Connaught Place),False,Central Delhi (Connaught Place),28.61122421598212,77.20930694887033
"FIR No. 0210/2023, P.S. Dwarka",2023-05-05 15:13:00,THEFT,THEFT incident reported in South West Delhi (Dwarka),South West Delhi (Dwarka),False,South West Delhi (Dwarka),28.58447918106799,77.02839900829092
"FIR No. 0028/2024, P.S. Preet Vihar",2024-07-01 06:45:00,THEFT,THEFT incident reported in East Delhi (Preet Vihar),East Delhi (Preet Vihar),False,East Delhi (Preet Vihar),28.63688039554793,77.29140166403766
"FIR No. 0199/2026, P.S. Preet Vihar",2026-03-08 23:45:00,ROBBERY,ROBBERY incident reported in East Delhi (Preet Vihar),East Delhi (Preet Vihar),False,East Delhi (Preet Vihar),28.64134901253173,77.29264334197795
"FIR No. 0028/2026, P.S. Hauz Khas",2026-08-01 04:08:00,ROBBERY,ROBBERY incident reported in South Delhi (Hauz Khas),South Delhi (Hauz Khas),False,South Delhi (Hauz Khas),28.52510292949625,77.21308661061833
"FIR No. 0677/2023, P.S. Hauz Khas",2023-09-07 17:01:00,ASSAULT,ASSAULT incident reported in South Delhi (Hauz Khas),South Delhi (Hauz Khas),False,South Delhi (Hauz Khas),28.551563008728905,77.21834159073731
"FIR No. 0390/2025, P.S. Dwarka",2025-10-27 16:43:00,KIDNAPPING,KIDNAPPING incident reported in South West Delhi (Dwarka),South West Delhi (Dwarka),True,South West Delhi (Dwarka),28.566049197487107,77.04532195746363
"FIR No. 0047/2025, P.S. Hauz Khas",2025-01-03 09:28:00,BURGLARY,BURGLARY incident reported in South Delhi (Hauz Khas),South Delhi (Hauz Khas),False,South Delhi (Hauz Khas),28.54387376131342,77.20135883930166
"FIR No. 0172/2024, P.S. Preet Vihar",2024-03-22 21:54:00,THEFT,THEFT incident reported in East Delhi (Preet Vihar),East Delhi (Preet Vihar),True,East Delhi (Preet Vihar),28.641232728086287,77.29349049501036
"FIR No. 0159/2023, P.S. Preet Vihar",2023-02-21 23:05:00,ROBBERY,ROBBERY incident reported in East Delhi (Preet Vihar),East Delhi (Preet Vihar),True,East Delhi (Preet Vihar),28.62618715343076,77.29415260823441
"FIR No. 0191/2024, P.S. Dwarka",2024-02-29 13:04:00,ASSAULT,ASSAULT incident reported in South West Delhi (Dwarka),South West Delhi (Dwarka),False,South West Delhi (Dwarka),28.61142679259711,77.07652623914501
"FIR No. 0055/2024, P.S. Hauz Khas",2024-02-10 14:27:00,ASSAULT,ASSAULT incident reported in South Delhi (Hauz Khas),South Delhi (Hauz Khas),True,South Delhi (Hauz Khas),28.577166838845795,77.19336512058655
"FIR No. 0901/2023, P.S. Preet Vihar",2023-10-16 00:09:00,ASSAULT,ASSAULT incident reported in East Delhi (Preet Vihar),East Delhi (Preet Vihar),False,East Delhi (Preet Vihar),28.634793484035782,77.27833967130111
"FIR No. 0212/2023, P.S. Rohini",2023-03-09 19:07:00,THEFT,THEFT incident reported in North West Delhi (Rohini),North West Delhi (Rohini),False,North West Delhi (Rohini),28.69105408542741,77.11975107481595
"FIR No. 0573/2023, P.S. Preet Vihar",2023-06-06 17:46:00,ASSAULT,ASSAULT incident reported in East Delhi (Preet Vihar),East Delhi (Preet Vihar),True,East Delhi (Preet Vihar),28.646926236182285,77.29928214638241
"FIR No. 0511/2025, P.S. Dwarka",2025-12-12 14:03:00,ASSAULT,ASSAULT incident reported in South West Delhi (Dwarka),South West Delhi (Dwarka),False,South West Delhi (Dwarka),28.6229847971139,77.05228079806827
"FIR No. 0086/2025, P.S. Preet Vihar",2025-02-11 21:58:00,ASSAULT,ASSAULT incident reported in East Delhi (Preet Vihar),East Delhi (Preet Vihar),False,East Delhi (Preet Vihar),28.64474490016042,77.308611860818
"FIR No. 0417/2023, P.S. Hauz Khas",2023-10-22 21:16:00,BURGLARY,BURGLARY incident reported in South Delhi (Hauz Khas),South Delhi (Hauz Khas),False,South Delhi (Hauz Khas),28.55042937361108,77.22396907335234
"FIR No. 0286/2025, P.S. Dwarka",2025-11-02 18:58:00,ASSAULT,ASSAULT incident reported in South West Delhi (Dwarka),South West Delhi (Dwarka),False,South West Delhi (Dwarka),28.574186409889847,77.05598861437588
83158177/2024,2024-06-02 10:06:00,BURGLARY,BURGLARY incident reported in South Delhi (Hauz Khas),South Delhi (Hauz Khas),False,South Delhi (Hauz Khas),28.570852803547712,77.19281907868435
88747421/2024,2024-04-06 16:03:00,THEFT,THEFT incident reported in South Delhi (Hauz Khas),South Delhi (Hauz Khas),False,South Delhi (Hauz Khas),28.53661055746925,77.22351698525986
"FIR No. 0171/2023, P.S. Parliament Street",2023-08-01 19:17:00,KIDNAPPING,KIDNAPPING incident reported in New Delhi (Parliament Street),New Delhi (Parliament Street),True,New Delhi (Parliament Street),28.62669623061357,77.20851328530593
"FIR No. 0226/2025, P.S. Dwarka",2025-04-29 02:53:00,BURGLARY,BURGLARY incident reported in South West Delhi (Dwarka),South West Delhi (Dwarka),False,South West Delhi (Dwarka),28.601492315178835,77.0450819190619
84523385/2026,2026-02-13 01:07:00,BURGLARY,BURGLARY incident reported in North West Delhi (Rohini),North West Delhi (Rohini),True,North West Delhi (Rohini),28.70604132266911,77.12152369868468
"FIR No. 0081/2024, P.S. Hauz Khas",2024-02-29 18:07:00,THEFT,THEFT incident reported in South Delhi (Hauz Khas),South Delhi (Hauz Khas),False,South Delhi (Hauz Khas),28.54648041762062,77.2055605666194
"FIR No. 0054/2024, P.S. Hauz Khas",2024-06-09 00:14:00,ROBBERY,ROBBERY incident reported in South Delhi (Hauz Khas),South Delhi (Hauz Khas),False,South Delhi (Hauz Khas),28.52515621435648,77.22857073008987
"FIR No. 0208/2025, P.S. Hauz Khas",2025-05-23 01:47:00,ROBBERY,ROBBERY incident reported in South Delhi (Hauz Khas),South Delhi (Hauz Khas),False,South Delhi (Hauz Khas),28.577645721162018,77.19140331349433
"FIR No. 0159/2024, P.S. Dwarka",2024-09-05 19:22:00,OTHER,OTHER incident reported in South West Delhi (Dwarka),South West Delhi (Dwarka),False,South West Delhi (Dwarka),28.573531585860653,77.06074197085073
"FIR No. 0466/2023, P.S. Connaught Place",2023-07-09 04:58:00,ASSAULT,ASSAULT incident reported in Central Delhi (Connaught Place),Central Delhi (Connaught Place),False,Central Delhi (Connaught Place),28.625280441923906,77.23845159758098
85098604/2025,2025-10-31 16:45:00,OTHER,OTHER incident reported in South Delhi (Hauz Khas),South Delhi (Hauz Khas),False,South Delhi (Hauz Khas),28.538992992450712,77.20609730570617
"FIR No. 0160/2026, P.S. Rohini",2026-07-09 00:35:00,BURGLARY,BURGLARY incident reported in North West Delhi (Rohini),North West Delhi (Rohini),False,North West Delhi (Rohini),28.69737833933184,77.10834617471822
86797858/2025,2025-02-17 06:16:00,OTHER,OTHER incident reported in South Delhi (Hauz Khas),South Delhi (Hauz Khas),False,South Delhi (Hauz Khas),28.554418645946665,77.22182981199589
"FIR No. 0069/2025, P.S. Parliament Street",2025-05-28 21:56:00,ROBBERY,ROBBERY incident reported in New Delhi (Parliament Street),New Delhi (Parliament Street),False,New Delhi (Parliament Street),28.64585473027244,77.20326167655787
"FIR No. 0123/2024, P.S. Preet Vihar",2024-04-05 18:59:00,THEFT,THEFT incident reported in East Delhi (Preet Vihar),East Delhi (Preet Vihar),False,East Delhi (Preet Vihar),28.646711409173083,77.26939689994354
"FIR No. 0175/2026, P.S. Dwarka",2026-03-23 14:58:00,THEFT,THEFT incident reported in South West Delhi (Dwarka),South West Delhi (Dwarka),False,South West Delhi (Dwarka),28.56774449368221,77.04889236632026
"FIR No. 0853/2023, P.S. Parliament Street",2023-10-28 09:55:00,THEFT,THEFT incident reported in New Delhi (Parliament Street),New Delhi (Parliament Street),False,New Delhi (Parliament Street),28.6027923425662,77.2016155756197
"FIR No. 0149/2025, P.S. Dwarka",2025-08-26 20:02:00,THEFT,THEFT incident reported in South West Delhi (Dwarka),South West Delhi (Dwarka),False,South West Delhi (Dwarka),28.59723558140103,77.03760945651777
"FIR No. 0238/2026, P.S. Rohini",2026-03-09 13:16:00,ROBBERY,ROBBERY incident reported in North West Delhi (Rohini),North West Delhi (Rohini),False,North West Delhi (Rohini),28.73362551112765,77.09312350100016
80581569/2023,2023-08-30 03:11:00,THEFT,THEFT incident reported in New Delhi (Parliament Street),New Delhi (Parliament Street),False,New Delhi (Parliament Street),28.617404794906328,77.2066450112113
"FIR No. 0050/2025, P.S. Rohini",2025-04-29 07:41:00,THEFT,THEFT incident reported in North West Delhi (Rohini),North West Delhi (Rohini),True,North West Delhi (Rohini),28.707368931850823,77.13486916149908
"FIR No. 0236/2026, P.S. Rohini",2026-06-08 14:31:00,ROBBERY,ROBBERY incident reported in North West Delhi (Rohini),North West Delhi (Rohini),False,North West Delhi (Rohini),28.735922729496085,77.08060393795039
83788048/2023,2023-05-30 07:05:00,THEFT,THEFT incident reported in East Delhi (Preet Vihar),East Delhi (Preet Vihar),False,East Delhi (Preet Vihar),28.620932955221825,77.31047790314942
"FIR No. 0234/2025, P.S. Connaught Place",2025-07-06 15:09:00,KIDNAPPING,KIDNAPPING incident reported in Central Delhi (Connaught Place),Central Delhi (Connaught Place),False,Central Delhi (Connaught Place),28.64224212519992,77.22103287831641
"FIR No. 0119/2024, P.S. Dwarka",2024-02-17 09:07:00,ROBBERY,ROBBERY incident reported in South West Delhi (Dwarka),South West Delhi (Dwarka),True,South West Delhi (Dwarka),28.60243928486623,77.0615887216541
"FIR No. 0312/2025, P.S. Hauz Khas",2025-09-17 00:47:00,THEFT,THEFT incident reported in South Delhi (Hauz Khas),South Delhi (Hauz Khas),False,South Delhi (Hauz Khas),28.56319253752518,77.20326790278817
"FIR No. 0454/2024, P.S. Parliament Street",2024-05-24 23:55:00,ROBBERY,ROBBERY incident reported in New Delhi (Parliament Street),New Delhi (Parliament Street),True,New Delhi (Parliament Street),28.616335820580883,77.21318972763736
"FIR No. 0258/2026, P.S. Rohini",2026-08-08 20:37:00,KIDNAPPING,KIDNAPPING incident reported in North West Delhi (Rohini),North West Delhi (Rohini),False,North West Delhi (Rohini),28.70853972782636,77.10886314036642
"FIR No. 0083/2024, P.S. Connaught Place",2024-02-14 22:30:00,ROBBERY,ROBBERY incident reported in Central Delhi (Connaught Place),Central Delhi (Connaught Place),False,Central Delhi (Connaught Place),28.64720844619937,77.19987424169541
"FIR No. 0037/2025, P.S. Connaught Place",2025-01-24 02:59:00,ROBBERY,ROBBERY incident reported in Central Delhi (Connaught Place),Central Delhi (Connaught Place),True,Central Delhi (Connaught Place),28.60422227761552,77.18570437387584
"FIR No. 0501/2023, P.S. Dwarka",2023-10-09 15:56:00,ASSAULT,ASSAULT incident reported in South West Delhi (Dwarka),South West Delhi (Dwarka),False,South West Delhi (Dwarka),28.58834305917617,77.0612044795644
"FIR No. 0312/2024, P.S. Connaught Place",2024-09-07 05:33:00,THEFT,THEFT incident reported in Central Delhi (Connaught Place),Central Delhi (Connaught Place),False,Central Delhi (Connaught Place),28.607104597334125,77.215331116072
"FIR No. 0188/2026, P.S. Connaught Place",2026-02-25 14:44:00,THEFT,THEFT incident reported in Central Delhi (Connaught Place),Central Delhi (Connaught Place),True,Central Delhi (Connaught Place),28.614306148101203,77.21693802450191
"FIR No. 0141/2026, P.S. Hauz Khas",2026-03-03 23:51:00,ASSAULT,ASSAULT incident reported in South Delhi (Hauz Khas),South Delhi (Hauz Khas),False,South Delhi (Hauz Khas),28.54929221474549,77.19872933512922
81892476/2025,2025-05-27 04:54:00,ASSAULT,ASSAULT incident reported in South West Delhi (Dwarka),South West Delhi (Dwarka),False,South West Delhi (Dwarka),28.58899146462225,77.05717032514546
"FIR No. 0154/2023, P.S. Hauz Khas",2023-06-19 00:33:00,ASSAULT,ASSAULT incident reported in South Delhi (Hauz Khas),South Delhi (Hauz Khas),False,South Delhi (Hauz Khas),28.549870543798555,77.18839651136449
"FIR No. 0274/2025, P.S. Hauz Khas",2025-07-24 01:58:00,THEFT,THEFT incident reported in South Delhi (Hauz Khas),South Delhi (Hauz Khas),True,South Delhi (Hauz Khas),28.55918330559368,77.1747537461268
"FIR No. 0756/2025, P.S. Rohini",2025-12-22 04:42:00,ROBBERY,ROBBERY incident reported in North West Delhi (Rohini),North West Delhi (Rohini),False,North West Delhi (Rohini),28.70351394378238,77.12269995886801
"FIR No. 0416/2024, P.S. Parliament Street",2024-11-02 23:33:00,KIDNAPPING,KIDNAPPING incident reported in New Delhi (Parliament Street),New Delhi (Parliament Street),False,New Delhi (Parliament Street),28.60678340191539,77.21852727718006
"FIR No. 0305/2025, P.S. Parliament Street",2025-08-19 06:58:00,THEFT,THEFT incident reported in New Delhi (Parliament Street),New Delhi (Parliament Street),False,New Delhi (Parliament Street),28.614378569775194,77.22610272098497
83604106/2023,2023-03-15 15:00:00,ROBBERY,ROBBERY incident reported in Central Delhi (Connaught Place),Central Delhi (Connaught Place),False,Central Delhi (Connaught Place),28.638786645751733,77.21394557956769
"FIR No. 0058/2025, P.S. Connaught Place",2025-05-12 23:04:00,BURGLARY,BURGLARY incident reported in Central Delhi (Connaught Place),Central Delhi (Connaught Place),False,Central Delhi (Connaught Place),28.640188643351305,77.2102213199413
"FIR No. 1068/2024, P.S. Connaught Place",2024-10-05 07:10:00,ROBBERY,ROBBERY incident reported in Central Delhi (Connaught Place),Central Delhi (Connaught Place),True,Central Delhi (Connaught Place),28.62877175458915,77.237540037514
"FIR No. 0033/2023, P.S. Hauz Khas",2023-08-26 05:58:00,THEFT,THEFT incident reported in South Delhi (Hauz Khas),South Delhi (Hauz Khas),True,South Delhi (Hauz Khas),28.54497972686289,77.19454866801563
"FIR No. 0292/2024, P.S. Preet Vihar",2024-09-16 21:39:00,ROBBERY,ROBBERY incident reported in East Delhi (Preet Vihar),East Delhi (Preet Vihar),False,East Delhi (Preet Vihar),28.62572642758519,77.31390788811875
"FIR No. 0759/2025, P.S. Preet Vihar",2025-10-12 01:08:00,ASSAULT,ASSAULT incident reported in East Delhi (Preet Vihar),East Delhi (Preet Vihar),False,East Delhi (Preet Vihar),28.62977458963832,77.27137102837452
85383987/2025,2025-11-11 22:06:00,ASSAULT,ASSAULT incident reported in South Delhi (Hauz Khas),South Delhi (Hauz Khas),False,South Delhi (Hauz Khas),28.56301670225232,77.19150626909448
"FIR No. 0079/2026, P.S. Dwarka",2026-03-28 17:09:00,ASSAULT,ASSAULT incident reported in South West Delhi (Dwarka),South West Delhi (Dwarka),False,South West Delhi (Dwarka),28.63062782024741,77.04553596393961
"FIR No. 0030/2026, P.S. Connaught Place",2026-02-01 02:41:00,THEFT,THEFT incident reported in Central Delhi (Connaught Place),Central Delhi (Connaught Place),False,Central Delhi (Connaught Place),28.615761026266792,77.23888181603743
"FIR No. 0154/2023, P.S. Dwarka",2023-05-10 21:41:00,BURGLARY,BURGLARY incident reported in South West Delhi (Dwarka),South West Delhi (Dwarka),False,South West Delhi (Dwarka),28.62630283586289,77.06171419250282
"FIR No. 0733/2024, P.S. Connaught Place",2024-12-14 01:39:00,KIDNAPPING,KIDNAPPING incident reported in Central Delhi (Connaught Place),Central Delhi (Connaught Place),True,Central Delhi (Connaught Place),28.62650647515536,77.21061278248746
87574628/2025,2025-12-29 22:03:00,OTHER,OTHER incident reported in South Delhi (Hauz Khas),South Delhi (Hauz Khas),False,South Delhi (Hauz Khas),28.535342561774662,77.17712026196142
"FIR No. 0045/2024, P.S. Rohini",2024-03-21 05:24:00,THEFT,THEFT incident reported in North West Delhi (Rohini),North West Delhi (Rohini),False,North West Delhi (Rohini),28.70053750689896,77.0707290779473
"FIR No. 0996/2023, P.S. Dwarka",2023-12-28 22:24:00,THEFT,THEFT incident reported in South West Delhi (Dwarka),South West Delhi (Dwarka),True,South West Delhi (Dwarka),28.576322556843085,77.02285859983787
"FIR No. 0048/2024, P.S. Preet Vihar",2024-01-07 06:29:00,THEFT,THEFT incident reported in East Delhi (Preet Vihar),East Delhi (Preet Vihar),True,East Delhi (Preet Vihar),28.668566486100016,77.29938479673905
"FIR No. 0429/2023, P.S. Dwarka",2023-06-13 18:44:00,BURGLARY,BURGLARY incident reported in South West Delhi (Dwarka),South West Delhi (Dwarka),False,South West Delhi (Dwarka),28.59560352543392,77.06286289977173
"FIR No. 0139/2024, P.S. Rohini",2024-03-24 13:12:00,THEFT,THEFT incident reported in North West Delhi (Rohini),North West Delhi (Rohini),False,North West Delhi (Rohini),28.716506980235746,77.10476919009142
"FIR No. 0174/2023, P.S. Connaught Place",2023-03-22 16:44:00,THEFT,THEFT incident reported in Central Delhi (Connaught Place),Central Delhi (Connaught Place),False,Central Delhi (Connaught Place),28.641061492025305,77.20206595820842
85609771/2026,2026-01-17 20:35:00,THEFT,THEFT incident reported in South West Delhi (Dwarka),South West Delhi (Dwarka),False,South West Delhi (Dwarka),28.578015880896967,77.02112304775905
"FIR No. 0018/2023, P.S. Preet Vihar",2023-03-04 16:56:00,ROBBERY,ROBBERY incident reported in East Delhi (Preet Vihar),East Delhi (Preet Vihar),False,East Delhi (Preet Vihar),28.638559961551422,77.24875170982385
87574767/2024,2024-04-25 06:16:00,THEFT,THEFT incident reported in East Delhi (Preet Vihar),East Delhi (Preet Vihar),True,East Delhi (Preet Vihar),28.64071778400577,77.30326766632407
"FIR No. 0218/2025, P.S. Connaught Place",2025-04-06 00:08:00,THEFT,THEFT incident reported in Central Delhi (Connaught Place),Central Delhi (Connaught Place),False,Central Delhi (Connaught Place),28.623965046674,77.21966662577444
"FIR No. 0150/2025, P.S. Preet Vihar",2025-03-04 16:30:00,THEFT,THEFT incident reported in East Delhi (Preet Vihar),East Delhi (Preet Vihar),True,East Delhi (Preet Vihar),28.60656006579947,77.27330902624277
89964667/2023,2023-02-28 18:49:00,ASSAULT,ASSAULT incident reported in South Delhi (Hauz Khas),South Delhi (Hauz Khas),False,South Delhi (Hauz Khas),28.56665341736445,77.20821447729851
"FIR No. 0587/2023, P.S. Connaught Place",2023-12-06 21:38:00,THEFT,THEFT incident reported in Central Delhi (Connaught Place),Central Delhi (Connaught Place),False,Central Delhi (Connaught Place),28.63118658734986,77.21980309649794
"FIR No. 0026/2024, P.S. Hauz Khas",2024-01-01 06:15:00,THEFT,THEFT incident reported in South Delhi (Hauz Khas),South Delhi (Hauz Khas),True,South Delhi (Hauz Khas),28.5508971718916,77.20964374138636
"FIR No. 0063/2024, P.S. Hauz Khas",2024-05-11 20:46:00,THEFT,THEFT incident reported in South Delhi (Hauz Khas),South Delhi (Hauz Khas),False,South Delhi (Hauz Khas),28.56950970010185,77.22410427880804
"FIR No. 0640/2025, P.S. Preet Vihar",2025-11-15 08:03:00,ASSAULT,ASSAULT incident reported in East Delhi (Preet Vihar),East Delhi (Preet Vihar),False,East Delhi (Preet Vihar),28.648829903506225,77.29285716226042
"FIR No. 0638/2025, P.S. Rohini",2025-09-19 03:00:00,BURGLARY,BURGLARY incident reported in North West Delhi (Rohini),North West Delhi (Rohini),True,North West Delhi (Rohini),28.718560751183823,77.10483030785589
"FIR No. 0063/2025, P.S. Rohini",2025-02-15 19:24:00,THEFT,THEFT incident reported in North West Delhi (Rohini),North West Delhi (Rohini),True,North West Delhi (Rohini),28.69360622772517,77.09072295934256
"FIR No. 0029/2023, P.S. Dwarka",2023-12-23 03:19:00,THEFT,THEFT incident reported in South West Delhi (Dwarka),South West Delhi (Dwarka),False,South West Delhi (Dwarka),28.59726119415589,77.05462364350922
"FIR No. 0057/2025, P.S. Preet Vihar",2025-02-14 17:22:00,OTHER,OTHER incident reported in East Delhi (Preet Vihar),East Delhi (Preet Vihar),False,East Delhi (Preet Vihar),28.639538826189423,77.28524085634301
"FIR No. 0721/2024, P.S. Rohini",2024-12-04 00:13:00,THEFT,THEFT incident reported in North West Delhi (Rohini),North West Delhi (Rohini),False,North West Delhi (Rohini),28.678698719334847,77.106258253435
83835181/2023,2023-04-10 04:58:00,THEFT,THEFT incident reported in North West Delhi (Rohini),North West Delhi (Rohini),False,North West Delhi (Rohini),28.7045865720522,77.09940071220772
"FIR No. 0077/2023, P.S. Connaught Place",2023-10-28 10:05:00,ASSAULT,ASSAULT incident reported in Central Delhi (Connaught Place),Central Delhi (Connaught Place),False,Central Delhi (Connaught Place),28.629286093725423,77.22281451967054
"FIR No. 0142/2026, P.S. Connaught Place",2026-03-13 08:22:00,THEFT,THEFT incident reported in Central Delhi (Connaught Place),Central Delhi (Connaught Place),False,Central Delhi (Connaught Place),28.6325014934146,77.21585462169247
"FIR No. 0154/2025, P.S. Connaught Place",2025-08-31 14:02:00,BURGLARY,BURGLARY incident reported in Central Delhi (Connaught Place),Central Delhi (Connaught Place),False,Central Delhi (Connaught Place),28.645144400680028,77.21268140549144
"FIR No. 0831/2025, P.S. Dwarka",2025-11-17 02:54:00,ASSAULT,ASSAULT incident reported in South West Delhi (Dwarka),South West Delhi (Dwarka),False,South West Delhi (Dwarka),28.59007342334378,77.0344722129038
"FIR No. 0192/2023, P.S. Preet Vihar",2023-09-24 03:08:00,BURGLARY,BURGLARY incident reported in East Delhi (Preet Vihar),East Delhi (Preet Vihar),False,East Delhi (Preet Vihar),28.612014238779647,77.276874669721
"FIR No. 0235/2025, P.S. Dwarka",2025-12-09 18:50:00,ROBBERY,ROBBERY incident reported in South West Delhi (Dwarka),South West Delhi (Dwarka),False,South West Delhi (Dwarka),28.59104906022235,77.04517566392812
"FIR No. 0133/2024, P.S. Hauz Khas",2024-09-19 13:42:00,OTHER,OTHER incident reported in South Delhi (Hauz Khas),South Delhi (Hauz Khas),False,South Delhi (Hauz Khas),28.54886699280081,77.2195330534801
"FIR No. 0199/2025, P.S. Hauz Khas",2025-06-09 22:33:00,THEFT,THEFT incident reported in South Delhi (Hauz Khas),South Delhi (Hauz Khas),False,South Delhi (Hauz Khas),28.562241770860687,77.20051731358159
"FIR No. 0074/2026, P.S. Connaught Place",2026-03-12 18:51:00,THEFT,THEFT incident reported in Central Delhi (Connaught Place),Central Delhi (Connaught Place),True,Central Delhi (Connaught Place),28.619396424429816,77.2003372158092
"FIR No. 0299/2025, P.S. Preet Vihar",2025-06-11 21:46:00,ROBBERY,ROBBERY incident reported in East Delhi (Preet Vihar),East Delhi (Preet Vihar),True,East Delhi (Preet Vihar),28.62849761176229,77.30647359345237
"FIR No. 0615/2025, P.S. Preet Vihar",2025-11-25 18:34:00,THEFT,THEFT incident reported in East Delhi (Preet Vihar),East Delhi (Preet Vihar),False,East Delhi (Preet Vihar),28.61198879831601,77.30185004882291
87571717/2023,2023-03-27 11:28:00,BURGLARY,BURGLARY incident reported in North West Delhi (Rohini),North West Delhi (Rohini),False,North West Delhi (Rohini),28.71164655334498,77.12015747289672
"FIR No. 0021/2026, P.S. Dwarka",2026-01-19 04:04:00,ASSAULT,ASSAULT incident reported in South West Delhi (Dwarka),South West Delhi (Dwarka),False,South West Delhi (Dwarka),28.59077699523299,77.05683740974303
"FIR No. 0181/2026, P.S. Connaught Place",2026-05-15 02:27:00,THEFT,THEFT incident reported in Central Delhi (Connaught Place),Central Delhi (Connaught Place),True,Central Delhi (Connaught Place),28.626746106424218,77.2333756457286
"FIR No. 0486/2026, P.S. Hauz Khas",2026-06-30 13:29:00,THEFT,THEFT incident reported in South Delhi (Hauz Khas),South Delhi (Hauz Khas),False,South Delhi (Hauz Khas),28.54017093803536,77.1673811158236
84703996/2024,2024-11-26 15:01:00,THEFT,THEFT incident reported in North West Delhi (Rohini),North West Delhi (Rohini),False,North West Delhi (Rohini),28.68646464892109,77.12219971037113
"FIR No. 0573/2025, P.S. Parliament Street",2025-09-25 19:21:00,ROBBERY,ROBBERY incident reported in New Delhi (Parliament Street),New Delhi (Parliament Street),False,New Delhi (Parliament Street),28.64537171602393,77.23166750380815
"FIR No. 0370/2026, P.S. Rohini",2026-05-22 08:59:00,THEFT,THEFT incident reported in North West Delhi (Rohini),North West Delhi (Rohini),False,North West Delhi (Rohini),28.70233384949156,77.1130630885017
"FIR No. 0041/2024, P.S. Connaught Place",2024-08-11 12:13:00,ASSAULT,ASSAULT incident reported in Central Delhi (Connaught Place),Central Delhi (Connaught Place),False,Central Delhi (Connaught Place),28.61804697677557,77.19425161375153
"FIR No. 0449/2023, P.S. Hauz Khas",2023-10-07 07:47:00,OTHER,OTHER incident reported in South Delhi (Hauz Khas),South Delhi (Hauz Khas),False,South Delhi (Hauz Khas),28.524564186907124,77.21503851868826
"FIR No. 0163/2025, P.S. Parliament Street",2025-10-28 21:56:00,KIDNAPPING,KIDNAPPING incident reported in New Delhi (Parliament Street),New Delhi (Parliament Street),False,New Delhi (Parliament Street),28.60162853129697,77.18877923109588
"FIR No. 0058/2025, P.S. Preet Vihar",2025-01-03 11:46:00,THEFT,THEFT incident reported in East Delhi (Preet Vihar),East Delhi (Preet Vihar),True,East Delhi (Preet Vihar),28.62225101100778,77.29358386848389
"FIR No. 0266/2026, P.S. Preet Vihar",2026-04-19 16:22:00,ROBBERY,ROBBERY incident reported in East Delhi (Preet Vihar),East Delhi (Preet Vihar),False,East Delhi (Preet Vihar),28.63444482059129,77.27670681054929
"FIR No. 0129/2026, P.S. Dwarka",2026-07-01 06:29:00,ASSAULT,ASSAULT incident reported in South West Delhi (Dwarka),South West Delhi (Dwarka),False,South West Delhi (Dwarka),28.583627583715813,77.036337213466
"FIR No. 0333/2023, P.S. Hauz Khas",2023-08-13 02:39:00,ROBBERY,ROBBERY incident reported in South Delhi (Hauz Khas),South Delhi (Hauz Khas),True,South Delhi (Hauz Khas),28.530998229416006,77.20369359359727
"FIR No. 0017/2023, P.S. Connaught Place",2023-03-21 05:56:00,THEFT,THEFT incident reported in Central Delhi (Connaught Place),Central Delhi (Connaught Place),False,Central Delhi (Connaught Place),28.630432753031297,77.21092852251859
"FIR No. 0891/2023, P.S. Rohini",2023-10-22 01:48:00,ASSAULT,ASSAULT incident reported in North West Delhi (Rohini),North West Delhi (Rohini),False,North West Delhi (Rohini),28.68827218800365,77.11606106177446
"FIR No. 0967/2023, P.S. Preet Vihar",2023-12-08 15:22:00,ASSAULT,ASSAULT incident reported in East Delhi (Preet Vihar),East Delhi (Preet Vihar),False,East Delhi (Preet Vihar),28.63665854455372,77.3104419336696
"FIR No. 0385/2024, P.S. Hauz Khas",2024-11-10 18:16:00,BURGLARY,BURGLARY incident reported in South Delhi (Hauz Khas),South Delhi (Hauz Khas),False,South Delhi (Hauz Khas),28.54987205792779,77.19217273738953
"FIR No. 0235/2023, P.S. Parliament Street",2023-02-02 02:11:00,ASSAULT,ASSAULT incident reported in New Delhi (Parliament Street),New Delhi (Parliament Street),True,New Delhi (Parliament Street),28.631623840327467,77.25648889975382
"FIR No. 0077/2026, P.S. Rohini",2026-01-24 02:30:00,ROBBERY,ROBBERY incident reported in North West Delhi (Rohini),North West Delhi (Rohini),False,North West Delhi (Rohini),28.708973505935305,77.11000486734642
"FIR No. 0378/2026, P.S. Dwarka",2026-06-30 04:19:00,ASSAULT,ASSAULT incident reported in South West Delhi (Dwarka),South West Delhi (Dwarka),True,South West Delhi (Dwarka),28.59588158887483,77.04039217399006
"FIR No. 0145/2026, P.S. Parliament Street",2026-06-03 22:41:00,THEFT,THEFT incident reported in New Delhi (Parliament Street),New Delhi (Parliament Street),False,New Delhi (Parliament Street),28.61365582138279,77.19550790602959
"FIR No. 0003/2023, P.S. Hauz Khas",2023-05-19 20:31:00,THEFT,THEFT incident reported in South Delhi (Hauz Khas),South Delhi (Hauz Khas),True,South Delhi (Hauz Khas),28.54771505712727,77.19818403612878
"FIR No. 0548/2024, P.S. Dwarka",2024-07-28 15:07:00,ASSAULT,ASSAULT incident reported in South West Delhi (Dwarka),South West Delhi (Dwarka),True,South West Delhi (Dwarka),28.61628071291448,77.02718858917238
"FIR No. 0178/2024, P.S. Connaught Place",2024-08-04 03:19:00,ROBBERY,ROBBERY incident reported in Central Delhi (Connaught Place),Central Delhi (Connaught Place),False,Central Delhi (Connaught Place),28.655753001903435,77.21951458965256
"FIR No. 0034/2023, P.S. Connaught Place",2023-05-06 23:26:00,ROBBERY,ROBBERY incident reported in Central Delhi (Connaught Place),Central Delhi (Connaught Place),False,Central Delhi (Connaught Place),28.61697595485242,77.21058636785115
"FIR No. 0548/2023, P.S. Hauz Khas",2023-09-27 18:58:00,THEFT,THEFT incident reported in South Delhi (Hauz Khas),South Delhi (Hauz Khas),True,South Delhi (Hauz Khas),28.54376780674472,77.17100211656867
87939440/2024,2024-12-06 18:25:00,BURGLARY,BURGLARY incident reported in South West Delhi (Dwarka),South West Delhi (Dwarka),False,South West Delhi (Dwarka),28.60127868785084,77.04120768299492
"FIR No. 0124/2025, P.S. Hauz Khas",2025-08-30 17:16:00,ASSAULT,ASSAULT incident reported in South Delhi (Hauz Khas),South Delhi (Hauz Khas),True,South Delhi (Hauz Khas),28.526035791140508,77.19764566195435
"FIR No. 0636/2025, P.S. Dwarka",2025-11-05 23:47:00,THEFT,THEFT incident reported in South West Delhi (Dwarka),South West Delhi (Dwarka),False,South West Delhi (Dwarka),28.60077416440711,77.05475177622736
"FIR No. 0051/2026, P.S. Hauz Khas",2026-03-14 03:11:00,THEFT,THEFT incident reported in South Delhi (Hauz Khas),South Delhi (Hauz Khas),True,South Delhi (Hauz Khas),28.526420368891763,77.22813142473444
"FIR No. 0197/2025, P.S. Rohini",2025-04-09 10:40:00,ASSAULT,ASSAULT incident reported in North West Delhi (Rohini),North West Delhi (Rohini),False,North West Delhi (Rohini),28.724995339016463,77.11258461946602
85085715/2025,2025-12-20 12:34:00,ASSAULT,ASSAULT incident reported in South West Delhi (Dwarka),South West Delhi (Dwarka),False,South West Delhi (Dwarka),28.60157733727433,77.04663585363429
"FIR No. 0080/2026, P.S. Rohini",2026-01-24 17:22:00,THEFT,THEFT incident reported in North West Delhi (Rohini),North West Delhi (Rohini),True,North West Delhi (Rohini),28.67940531177695,77.10338034980943
"FIR No. 0310/2023, P.S. Parliament Street",2023-03-01 17:18:00,THEFT,THEFT incident reported in New Delhi (Parliament Street),New Delhi (Parliament Street),False,New Delhi (Parliament Street),28.63977285781376,77.20821630153166
86540410/2025,2025-03-28 14:50:00,BURGLARY,BURGLARY incident reported in East Delhi (Preet Vihar),East Delhi (Preet Vihar),False,East Delhi (Preet Vihar),28.63149793757428,77.28692690446417
"FIR No. 0422/2026, P.S. Parliament Street",2026-06-27 04:15:00,THEFT,THEFT incident reported in New Delhi (Parliament Street),New Delhi (Parliament Street),False,New Delhi (Parliament Street),28.65924300220641,77.2228393221747
"FIR No. 0561/2026, P.S. Preet Vihar",2026-08-22 17:37:00,THEFT,THEFT incident reported in East Delhi (Preet Vihar),East Delhi (Preet Vihar),False,East Delhi (Preet Vihar),28.64024802740239,77.26748231547744
"FIR No. 0061/2026, P.S. Connaught Place",2026-06-13 21:00:00,THEFT,THEFT incident reported in Central Delhi (Connaught Place),Central Delhi (Connaught Place),True,Central Delhi (Connaught Place),28.635466396632925,77.193711743266
80758585/2025,2025-07-09 09:35:00,ASSAULT,ASSAULT incident reported in South West Delhi (Dwarka),South West Delhi (Dwarka),False,South West Delhi (Dwarka),28.5851551798462,77.06585836311433
"FIR No. 0105/2025, P.S. Preet Vihar",2025-04-22 18:52:00,THEFT,THEFT incident reported in East Delhi (Preet Vihar),East Delhi (Preet Vihar),False,East Delhi (Preet Vihar),28.6360657016782,77.3128337037253
"FIR No. 0267/2026, P.S. Preet Vihar",2026-08-02 10:25:00,OTHER,OTHER incident reported in East Delhi (Preet Vihar),East Delhi (Preet Vihar),False,East Delhi (Preet Vihar),28.625232243805524,77.31411313652457
"FIR No. 0985/2023, P.S. Dwarka",2023-12-23 13:23:00,ROBBERY,ROBBERY incident reported in South West Delhi (Dwarka),South West Delhi (Dwarka),False,South West Delhi (Dwarka),28.61734460751712,77.05268187552026
"FIR No. 0059/2024, P.S. Connaught Place",2024-01-12 11:51:00,THEFT,THEFT incident reported in Central Delhi (Connaught Place),Central Delhi (Connaught Place),True,Central Delhi (Connaught Place),28.61516195457052,77.20489707453305
"FIR No. 0237/2026, P.S. Preet Vihar",2026-06-21 13:06:00,KIDNAPPING,KIDNAPPING incident reported in East Delhi (Preet Vihar),East Delhi (Preet Vihar),False,East Delhi (Preet Vihar),28.606493852754323,77.31460099879487
"FIR No. 0073/2024, P.S. Dwarka",2024-01-13 02:34:00,BURGLARY,BURGLARY incident reported in South West Delhi (Dwarka),South West Delhi (Dwarka),False,South West Delhi (Dwarka),28.600008168182857,77.04416368100274
"FIR No. 0035/2024, P.S. Connaught Place",2024-09-12 19:35:00,ROBBERY,ROBBERY incident reported in Central Delhi (Connaught Place),Central Delhi (Connaught Place),False,Central Delhi (Connaught Place),28.616215776186245,77.23803658271994
"FIR No. 0778/2024, P.S. Rohini",2024-08-19 07:34:00,THEFT,THEFT incident reported in North West Delhi (Rohini),North West Delhi (Rohini),True,North West Delhi (Rohini),28.708707798323825,77.10651596337777
"FIR No. 0539/2023, P.S. Hauz Khas",2023-08-24 06:16:00,THEFT,THEFT incident reported in South Delhi (Hauz Khas),South Delhi (Hauz Khas),False,South Delhi (Hauz Khas),28.55447810827309,77.21796683841957
"FIR No. 0255/2023, P.S. Hauz Khas",2023-05-27 20:32:00,OTHER,OTHER incident reported in South Delhi (Hauz Khas),South Delhi (Hauz Khas),False,South Delhi (Hauz Khas),28.53948719113839,77.20267171019378
"FIR No. 0877/2023, P.S. Hauz Khas",2023-10-20 14:05:00,ROBBERY,ROBBERY incident reported in South Delhi (Hauz Khas),South Delhi (Hauz Khas),False,South Delhi (Hauz Khas),28.552711499209785,77.17082544489263
"FIR No. 0439/2026, P.S. Preet Vihar",2026-07-20 08:20:00,THEFT,THEFT incident reported in East Delhi (Preet Vihar),East Delhi (Preet Vihar),False,East Delhi (Preet Vihar),28.6428508440272,77.31160274270486
81024305/2025,2025-08-14 16:19:00,ROBBERY,ROBBERY incident reported in Central Delhi (Connaught Place),Central Delhi (Connaught Place),False,Central Delhi (Connaught Place),28.61119845391942,77.18850422017395
"FIR No. 0768/2026, P.S. Rohini",2026-08-13 22:27:00,OTHER,OTHER incident reported in North West Delhi (Rohini),North West Delhi (Rohini),False,North West Delhi (Rohini),28.708338046847608,77.11694982783833
"FIR No. 0106/2023, P.S. Rohini",2023-03-13 01:52:00,THEFT,THEFT incident reported in North West Delhi (Rohini),North West Delhi (Rohini),False,North West Delhi (Rohini),28.704647262717057,77.11307965838564
"FIR No. 0601/2025, P.S. Rohini",2025-06-11 13:57:00,ASSAULT,ASSAULT incident reported in North West Delhi (Rohini),North West Delhi (Rohini),True,North West Delhi (Rohini),28.706764024487896,77.1010148714788
"FIR No. 0077/2025, P.S. Connaught Place",2025-01-28 11:17:00,ASSAULT,ASSAULT incident reported in Central Delhi (Connaught Place),Central Delhi (Connaught Place),False,Central Delhi (Connaught Place),28.62303285145713,77.2264604485264
"FIR No. 0265/2025, P.S. Rohini",2025-06-07 07:05:00,ROBBERY,ROBBERY incident reported in North West Delhi (Rohini),North West Delhi (Rohini),False,North West Delhi (Rohini),28.73867029912752,77.05484424797775
"FIR No. 0565/2025, P.S. Connaught Place",2025-09-09 16:10:00,ASSAULT,ASSAULT incident reported in Central Delhi (Connaught Place),Central Delhi (Connaught Place),False,Central Delhi (Connaught Place),28.617471376010386,77.23639822692994
"FIR No. 0434/2025, P.S. Dwarka",2025-11-06 19:45:00,BURGLARY,BURGLARY incident reported in South West Delhi (Dwarka),South West Delhi (Dwarka),False,South West Delhi (Dwarka),28.5929693616938,77.04924063588975
"FIR No. 0092/2026, P.S. Rohini",2026-03-05 07:57:00,THEFT,THEFT incident reported in North West Delhi (Rohini),North West Delhi (Rohini),False,North West Delhi (Rohini),28.69647164904532,77.117925235538
"FIR No. 0047/2024, P.S. Rohini",2024-03-13 14:26:00,BURGLARY,BURGLARY incident reported in North West Delhi (Rohini),North West Delhi (Rohini),False,North West Delhi (Rohini),28.71397124860836,77.0824978026348
"FIR No. 0029/2023, P.S. Hauz Khas",2023-01-20 07:11:00,BURGLARY,BURGLARY incident reported in South Delhi (Hauz Khas),South Delhi (Hauz Khas),True,South Delhi (Hauz Khas),28.5398604808396,77.20294342996824
"FIR No. 0124/2024, P.S. Preet Vihar",2024-07-23 16:18:00,ROBBERY,ROBBERY incident reported in East Delhi (Preet Vihar),East Delhi (Preet Vihar),True,East Delhi (Preet Vihar),28.652226272771983,77.30056017999331
87640630/2023,2023-10-29 22:55:00,THEFT,THEFT incident reported in North West Delhi (Rohini),North West Delhi (Rohini),False,North West Delhi (Rohini),28.7308807804958,77.11994805874913
"FIR No. 0168/2025, P.S. Hauz Khas",2025-04-02 22:22:00,BURGLARY,BURGLARY incident reported in South Delhi (Hauz Khas),South Delhi (Hauz Khas),True,South Delhi (Hauz Khas),28.57876448006724,77.2063386632592
"FIR No. 0108/2024, P.S. Connaught Place",2024-05-17 19:13:00,THEFT,THEFT incident reported in Central Delhi (Connaught Place),Central Delhi (Connaught Place),False,Central Delhi (Connaught Place),28.62431666346533,77.21734723590116
"FIR No. 0149/2023, P.S. Hauz Khas",2023-06-01 07:01:00,THEFT,THEFT incident reported in South Delhi (Hauz Khas),South Delhi (Hauz Khas),True,South Delhi (Hauz Khas),28.57930518915901,77.17318840364186
82755098/2025,2025-05-13 01:28:00,ROBBERY,ROBBERY incident reported in North West Delhi (Rohini),North West Delhi (Rohini),False,North West Delhi (Rohini),28.67143495544436,77.12506761669783
"FIR No. 0083/2025, P.S. Hauz Khas",2025-03-31 04:34:00,ROBBERY,ROBBERY incident reported in South Delhi (Hauz Khas),South Delhi (Hauz Khas),False,South Delhi (Hauz Khas),28.553112080460146,77.18128283963091
"FIR No. 0025/2024, P.S. Connaught Place",2024-09-08 06:56:00,THEFT,THEFT incident reported in Central Delhi (Connaught Place),Central Delhi (Connaught Place),True,Central Delhi (Connaught Place),28.60297866978537,77.22009526006467
"FIR No. 0844/2023, P.S. Hauz Khas",2023-11-28 16:06:00,THEFT,THEFT incident reported in South Delhi (Hauz Khas),South Delhi (Hauz Khas),False,South Delhi (Hauz Khas),28.5569102263898,77.19982126928315
"FIR No. 0250/2024, P.S. Rohini",2024-07-30 19:59:00,THEFT,THEFT incident reported in North West Delhi (Rohini),North West Delhi (Rohini),False,North West Delhi (Rohini),28.714456743467203,77.12536262622186
"FIR No. 0043/2026, P.S. Preet Vihar",2026-01-16 08:01:00,ROBBERY,ROBBERY incident reported in East Delhi (Preet Vihar),East Delhi (Preet Vihar),False,East Delhi (Preet Vihar),28.65707331446874,77.29212749610456
"FIR No. 0044/2024, P.S. Connaught Place",2024-06-18 23:39:00,THEFT,THEFT incident reported in Central Delhi (Connaught Place),Central Delhi (Connaught Place),False,Central Delhi (Connaught Place),28.63286929559667,77.2101218040349
88966063/2025,2025-08-22 12:32:00,ASSAULT,ASSAULT incident reported in North West Delhi (Rohini),North West Delhi (Rohini),False,North West Delhi (Rohini),28.686102440275096,77.09404375279192
"FIR No. 0099/2024, P.S. Connaught Place",2024-02-04 15:11:00,ASSAULT,ASSAULT incident reported in Central Delhi (Connaught Place),Central Delhi (Connaught Place),True,Central Delhi (Connaught Place),28.648506110327688,77.23845792111828
80211062/2025,2025-08-16 15:22:00,ROBBERY,ROBBERY incident reported in East Delhi (Preet Vihar),East Delhi (Preet Vihar),True,East Delhi (Preet Vihar),28.631146531081285,77.27934652962499
"FIR No. 0068/2026, P.S. Rohini",2026-01-18 05:25:00,ASSAULT,ASSAULT incident reported in North West Delhi (Rohini),North West Delhi (Rohini),True,North West Delhi (Rohini),28.715342188683668,77.0972812264336
87638575/2023,2023-11-03 04:51:00,ASSAULT,ASSAULT incident reported in East Delhi (Preet Vihar),East Delhi (Preet Vihar),False,East Delhi (Preet Vihar),28.653129166181763,77.3124419066466
"FIR No. 0992/2025, P.S. Rohini",2025-11-25 07:02:00,ASSAULT,ASSAULT incident reported in North West Delhi (Rohini),North West Delhi (Rohini),False,North West Delhi (Rohini),28.69715061786692,77.09428139277645
82402610/2025,2025-01-30 09:27:00,THEFT,THEFT incident reported in Central Delhi (Connaught Place),Central Delhi (Connaught Place),False,Central Delhi (Connaught Place),28.63375872294716,77.21352417671766
86762995/2023,2023-02-02 16:51:00,ASSAULT,ASSAULT incident reported in North West Delhi (Rohini),North West Delhi (Rohini),False,North West Delhi (Rohini),28.690614662755014,77.1226454992818
"FIR No. 0171/2026, P.S. Connaught Place",2026-02-03 05:52:00,THEFT,THEFT incident reported in Central Delhi (Connaught Place),Central Delhi (Connaught Place),False,Central Delhi (Connaught Place),28.63337919005188,77.22376781973438
"FIR No. 0198/2026, P.S. Hauz Khas",2026-03-13 15:20:00,THEFT,THEFT incident reported in South Delhi (Hauz Khas),South Delhi (Hauz Khas),False,South Delhi (Hauz Khas),28.54416984445797,77.18311984562501
82328146/2024,2024-01-01 20:46:00,ROBBERY,ROBBERY incident reported in South West Delhi (Dwarka),South West Delhi (Dwarka),False,South West Delhi (Dwarka),28.58681691726321,77.01714857597669
"FIR No. 0286/2024, P.S. Rohini",2024-05-28 00:47:00,THEFT,THEFT incident reported in North West Delhi (Rohini),North West Delhi (Rohini),True,North West Delhi (Rohini),28.69145816032909,77.10650844075357
"FIR No. 0119/2024, P.S. Dwarka",2024-05-22 16:45:00,THEFT,THEFT incident reported in South West Delhi (Dwarka),South West Delhi (Dwarka),False,South West Delhi (Dwarka),28.612062529912752,77.04786655357233
"FIR No. 0162/2025, P.S. Connaught Place",2025-02-22 12:09:00,THEFT,THEFT incident reported in Central Delhi (Connaught Place),Central Delhi (Connaught Place),False,Central Delhi (Connaught Place),28.650835057543954,77.2261847504263
"FIR No. 0253/2026, P.S. Parliament Street",2026-05-19 16:09:00,THEFT,THEFT incident reported in New Delhi (Parliament Street),New Delhi (Parliament Street),False,New Delhi (Parliament Street),28.62542191657585,77.19087707343301
"FIR No. 0415/2024, P.S. Hauz Khas",2024-09-07 08:11:00,ASSAULT,ASSAULT incident reported in South Delhi (Hauz Khas),South Delhi (Hauz Khas),False,South Delhi (Hauz Khas),28.539782056758668,77.20566807035493
84832822/2024,2024-06-18 13:26:00,KIDNAPPING,KIDNAPPING incident reported in South Delhi (Hauz Khas),South Delhi (Hauz Khas),True,South Delhi (Hauz Khas),28.565855647406742,77.19722713599677
"FIR No. 0372/2024, P.S. Dwarka",2024-10-20 08:27:00,THEFT,THEFT incident reported in South West Delhi (Dwarka),South West Delhi (Dwarka),False,South West Delhi (Dwarka),28.58402920678472,77.06427726648626
89018084/2025,2025-05-03 10:34:00,BURGLARY,BURGLARY incident reported in East Delhi (Preet Vihar),East Delhi (Preet Vihar),False,East Delhi (Preet Vihar),28.64972626123383,77.29929453301936
82364202/2025,2025-01-22 18:39:00,ASSAULT,ASSAULT incident reported in Central Delhi (Connaught Place),Central Delhi (Connaught Place),True,Central Delhi (Connaught Place),28.6181854584902,77.22170340081315
"FIR No. 0136/2026, P.S. Preet Vihar",2026-06-13 21:46:00,THEFT,THEFT incident reported in East Delhi (Preet Vihar),East Delhi (Preet Vihar),False,East Delhi (Preet Vihar),28.64629180454236,77.30881372584346
"FIR No. 0094/2024, P.S. Preet Vihar",2024-04-11 12:23:00,ASSAULT,ASSAULT incident reported in East Delhi (Preet Vihar),East Delhi (Preet Vihar),False,East Delhi (Preet Vihar),28.6547154183382,77.31543832175791
"FIR No. 0108/2024, P.S. Rohini",2024-06-24 15:36:00,BURGLARY,BURGLARY incident reported in North West Delhi (Rohini),North West Delhi (Rohini),False,North West Delhi (Rohini),28.693703678636425,77.0887047386309
"FIR No. 0681/2026, P.S. Preet Vihar",2026-08-23 15:06:00,ROBBERY,ROBBERY incident reported in East Delhi (Preet Vihar),East Delhi (Preet Vihar),False,East Delhi (Preet Vihar),28.65543486312577,77.30079738543985
"FIR No. 0534/2024, P.S. Dwarka",2024-09-13 08:33:00,ROBBERY,ROBBERY incident reported in South West Delhi (Dwarka),South West Delhi (Dwarka),True,South West Delhi (Dwarka),28.580219880166183,77.04701148143546
"FIR No. 0906/2024, P.S. Hauz Khas",2024-09-10 04:22:00,THEFT,THEFT incident reported in South Delhi (Hauz Khas),South Delhi (Hauz Khas),False,South Delhi (Hauz Khas),28.552371271399995,77.20496828373699
"FIR No. 0522/2023, P.S. Connaught Place",2023-12-04 04:27:00,BURGLARY,BURGLARY incident reported in Central Delhi (Connaught Place),Central Delhi (Connaught Place),True,Central Delhi (Connaught Place),28.62720144711575,77.22136475482442
87074765/2024,2024-07-08 15:40:00,ASSAULT,ASSAULT incident reported in South West Delhi (Dwarka),South West Delhi (Dwarka),False,South West Delhi (Dwarka),28.59359739092491,77.0568682053374
"FIR No. 0032/2024, P.S. Connaught Place",2024-02-19 12:31:00,ROBBERY,ROBBERY incident reported in Central Delhi (Connaught Place),Central Delhi (Connaught Place),False,Central Delhi (Connaught Place),28.66004959886817,77.22672917154176
"FIR No. 0444/2024, P.S. Connaught Place",2024-06-05 18:51:00,ROBBERY,ROBBERY incident reported in Central Delhi (Connaught Place),Central Delhi (Connaught Place),False,Central Delhi (Connaught Place),28.633704516923952,77.18434464686045
"FIR No. 0038/2025, P.S. Connaught Place",2025-01-16 14:12:00,ROBBERY,ROBBERY incident reported in Central Delhi (Connaught Place),Central Delhi (Connaught Place),True,Central Delhi (Connaught Place),28.61599475717066,77.20584323987052
"FIR No. 0233/2026, P.S. Connaught Place",2026-07-04 13:37:00,ROBBERY,ROBBERY incident reported in Central Delhi (Connaught Place),Central Delhi (Connaught Place),False,Central Delhi (Connaught Place),28.630512789869872,77.19837550158171
89104329/2025,2025-09-23 19:00:00,BURGLARY,BURGLARY incident reported in South Delhi (Hauz Khas),South Delhi (Hauz Khas),False,South Delhi (Hauz Khas),28.562239915593427,77.18949553880132
"FIR No. 0411/2025, P.S. Hauz Khas",2025-04-11 17:37:00,BURGLARY,BURGLARY incident reported in South Delhi (Hauz Khas),South Delhi (Hauz Khas),False,South Delhi (Hauz Khas),28.55768426485008,77.21141485113525
"FIR No. 0155/2023, P.S. Preet Vihar",2023-05-25 04:26:00,ROBBERY,ROBBERY incident reported in East Delhi (Preet Vihar),East Delhi (Preet Vihar),True,East Delhi (Preet Vihar),28.63444099055055,77.301811710406
"FIR No. 0990/2024, P.S. Hauz Khas",2024-11-21 18:42:00,THEFT,THEFT incident reported in South Delhi (Hauz Khas),South Delhi (Hauz Khas),True,South Delhi (Hauz Khas),28.563880494269384,77.21612232481179
89335405/2023,2023-10-24 00:32:00,ROBBERY,ROBBERY incident reported in South Delhi (Hauz Khas),South Delhi (Hauz Khas),False,South Delhi (Hauz Khas),28.5428177935225,77.19713004007444
86372577/2024,2024-03-10 07:27:00,THEFT,THEFT incident reported in East Delhi (Preet Vihar),East Delhi (Preet Vihar),True,East Delhi (Preet Vihar),28.63784787188653,77.32694067287187
"FIR No. 0410/2025, P.S. Connaught Place",2025-07-25 03:57:00,ASSAULT,ASSAULT incident reported in Central Delhi (Connaught Place),Central Delhi (Connaught Place),False,Central Delhi (Connaught Place),28.63966036717687,77.21551948648835
"FIR No. 0393/2023, P.S. Rohini",2023-12-31 00:25:00,ASSAULT,ASSAULT incident reported in North West Delhi (Rohini),North West Delhi (Rohini),False,North West Delhi (Rohini),28.69874901271428,77.10771936371383
"FIR No. 0014/2024, P.S. Hauz Khas",2024-01-07 20:40:00,ASSAULT,ASSAULT incident reported in South Delhi (Hauz Khas),South Delhi (Hauz Khas),False,South Delhi (Hauz Khas),28.548870628985863,77.2358466721677
"FIR No. 0220/2023, P.S. Rohini",2023-09-28 22:40:00,ASSAULT,ASSAULT incident reported in North West Delhi (Rohini),North West Delhi (Rohini),True,North West Delhi (Rohini),28.70059524341808,77.11513357105174
"FIR No. 0114/2024, P.S. Preet Vihar",2024-02-05 17:28:00,THEFT,THEFT incident reported in East Delhi (Preet Vihar),East Delhi (Preet Vihar),True,East Delhi (Preet Vihar),28.64064881767424,77.28778660571339
"FIR No. 0614/2026, P.S. Parliament Street",2026-07-01 04:39:00,ASSAULT,ASSAULT incident reported in New Delhi (Parliament Street),New Delhi (Parliament Street),False,New Delhi (Parliament Street),28.63709980706789,77.2325242676423
"FIR No. 0338/2026, P.S. Connaught Place",2026-05-14 02:23:00,ROBBERY,ROBBERY incident reported in Central Delhi (Connaught Place),Central Delhi (Connaught Place),True,Central Delhi (Connaught Place),28.647528945022085,77.22439888023969
"FIR No. 0421/2025, P.S. Connaught Place",2025-05-10 09:08:00,ASSAULT,ASSAULT incident reported in Central Delhi (Connaught Place),Central Delhi (Connaught Place),False,Central Delhi (Connaught Place),28.62037497155797,77.2373461292614
"FIR No. 0054/2024, P.S. Preet Vihar",2024-02-19 15:23:00,ROBBERY,ROBBERY incident reported in East Delhi (Preet Vihar),East Delhi (Preet Vihar),False,East Delhi (Preet Vihar),28.62276473807884,77.27841075044908
"FIR No. 0659/2023, P.S. Preet Vihar",2023-06-03 14:28:00,ASSAULT,ASSAULT incident reported in East Delhi (Preet Vihar),East Delhi (Preet Vihar),False,East Delhi (Preet Vihar),28.61512861849081,77.28904100894802
"FIR No. 0524/2025, P.S. Parliament Street",2025-11-30 16:56:00,ROBBERY,ROBBERY incident reported in New Delhi (Parliament Street),New Delhi (Parliament Street),True,New Delhi (Parliament Street),28.6335688589402,77.22841859577346
"FIR No. 0069/2024, P.S. Connaught Place",2024-03-06 01:39:00,THEFT,THEFT incident reported in Central Delhi (Connaught Place),Central Delhi (Connaught Place),False,Central Delhi (Connaught Place),28.62338283960584,77.21815882626056
"FIR No. 0348/2023, P.S. Rohini",2023-08-15 04:46:00,THEFT,THEFT incident reported in North West Delhi (Rohini),North West Delhi (Rohini),False,North West Delhi (Rohini),28.70154184567316,77.08911488519777
"FIR No. 0158/2023, P.S. Connaught Place",2023-03-23 17:34:00,ROBBERY,ROBBERY incident reported in Central Delhi (Connaught Place),Central Delhi (Connaught Place),False,Central Delhi (Connaught Place),28.63721719924837,77.22809303092953
"FIR No. 0223/2024, P.S. Rohini",2024-03-18 07:46:00,BURGLARY,BURGLARY incident reported in North West Delhi (Rohini),North West Delhi (Rohini),True,North West Delhi (Rohini),28.707491369176115,77.07892930157475
"FIR No. 0287/2026, P.S. Dwarka",2026-04-25 12:20:00,THEFT,THEFT incident reported in South West Delhi (Dwarka),South West Delhi (Dwarka),False,South West Delhi (Dwarka),28.59228612919205,77.05326358592971
"FIR No. 0053/2024, P.S. Connaught Place",2024-02-23 17:24:00,ASSAULT,ASSAULT incident reported in Central Delhi (Connaught Place),Central Delhi (Connaught Place),False,Central Delhi (Connaught Place),28.66816542122029,77.21575478492629
"FIR No. 0376/2024, P.S. Hauz Khas",2024-05-18 15:59:00,THEFT,THEFT incident reported in South Delhi (Hauz Khas),South Delhi (Hauz Khas),False,South Delhi (Hauz Khas),28.56428773190904,77.21941561352915
"FIR No. 0051/2024, P.S. Hauz Khas",2024-03-17 22:46:00,KIDNAPPING,KIDNAPPING incident reported in South Delhi (Hauz Khas),South Delhi (Hauz Khas),False,South Delhi (Hauz Khas),28.56642699050944,77.18628602874323
"FIR No. 0300/2026, P.S. Connaught Place",2026-05-12 04:59:00,KIDNAPPING,KIDNAPPING incident reported in Central Delhi (Connaught Place),Central Delhi (Connaught Place),False,Central Delhi (Connaught Place),28.600476932573297,77.23083256711301
"FIR No. 0199/2023, P.S. Connaught Place",2023-12-11 07:13:00,BURGLARY,BURGLARY incident reported in Central Delhi (Connaught Place),Central Delhi (Connaught Place),False,Central Delhi (Connaught Place),28.6338604774966,77.19685381890699
"FIR No. 0405/2024, P.S. Preet Vihar",2024-11-01 20:27:00,THEFT,THEFT incident reported in East Delhi (Preet Vihar),East Delhi (Preet Vihar),False,East Delhi (Preet Vihar),28.652751550885,77.3017410526254
"FIR No. 0277/2023, P.S. Dwarka",2023-03-27 06:59:00,ROBBERY,ROBBERY incident reported in South West Delhi (Dwarka),South West Delhi (Dwarka),False,South West Delhi (Dwarka),28.57767989574682,77.01469289963825
"FIR No. 0032/2026, P.S. Rohini",2026-02-14 07:21:00,THEFT,THEFT incident reported in North West Delhi (Rohini),North West Delhi (Rohini),True,North West Delhi (Rohini),28.708491825052405,77.11079076096539
"FIR No. 0018/2023, P.S. Hauz Khas",2023-02-03 10:16:00,THEFT,THEFT incident reported in South Delhi (Hauz Khas),South Delhi (Hauz Khas),False,South Delhi (Hauz Khas),28.553015763541865,77.22124320864017
"FIR No. 1021/2024, P.S. Connaught Place",2024-11-07 09:05:00,OTHER,OTHER incident reported in Central Delhi (Connaught Place),Central Delhi (Connaught Place),True,Central Delhi (Connaught Place),28.626957897990632,77.2021669718447
"FIR No. 0060/2026, P.S. Rohini",2026-01-01 07:14:00,THEFT,THEFT incident reported in North West Delhi (Rohini),North West Delhi (Rohini),True,North West Delhi (Rohini),28.703594641452103,77.08427820684676
"FIR No. 0281/2025, P.S. Rohini",2025-04-29 10:04:00,KIDNAPPING,KIDNAPPING incident reported in North West Delhi (Rohini),North West Delhi (Rohini),False,North West Delhi (Rohini),28.70318000457582,77.11296177339882
"FIR No. 0333/2024, P.S. Rohini",2024-07-04 16:32:00,THEFT,THEFT incident reported in North West Delhi (Rohini),North West Delhi (Rohini),False,North West Delhi (Rohini),28.69957945999964,77.13183287529151
"FIR No. 0167/2025, P.S. Parliament Street",2025-03-14 07:49:00,ASSAULT,ASSAULT incident reported in New Delhi (Parliament Street),New Delhi (Parliament Street),False,New Delhi (Parliament Street),28.634815707963224,77.19253192103824
"FIR No. 0032/2025, P.S. Hauz Khas",2025-05-18 18:20:00,KIDNAPPING,KIDNAPPING incident reported in South Delhi (Hauz Khas),South Delhi (Hauz Khas),True,South Delhi (Hauz Khas),28.548769956003856,77.19950276162275
"FIR No. 0268/2026, P.S. Connaught Place",2026-03-03 13:17:00,ASSAULT,ASSAULT incident reported in Central Delhi (Connaught Place),Central Delhi (Connaught Place),False,Central Delhi (Connaught Place),28.627119682877847,77.22416190902605
"FIR No. 0195/2023, P.S. Hauz Khas",2023-05-08 06:26:00,ASSAULT,ASSAULT incident reported in South Delhi (Hauz Khas),South Delhi (Hauz Khas),False,South Delhi (Hauz Khas),28.527706497421992,77.21840125447362
"FIR No. 0057/2023, P.S. Parliament Street",2023-09-18 03:44:00,THEFT,THEFT incident reported in New Delhi (Parliament Street),New Delhi (Parliament Street),False,New Delhi (Parliament Street),28.643737772852152,77.23394163309047
"FIR No. 0045/2026, P.S. Connaught Place",2026-01-16 04:02:00,ASSAULT,ASSAULT incident reported in Central Delhi (Connaught Place),Central Delhi (Connaught Place),False,Central Delhi (Connaught Place),28.64860116829999,77.20953347567794
"FIR No. 0011/2026, P.S. Parliament Street",2026-08-21 23:46:00,ROBBERY,ROBBERY incident reported in New Delhi (Parliament Street),New Delhi (Parliament Street),False,New Delhi (Parliament Street),28.62296527289528,77.24382278972102
"FIR No. 0380/2025, P.S. Parliament Street",2025-06-18 10:59:00,ROBBERY,ROBBERY incident reported in New Delhi (Parliament Street),New Delhi (Parliament Street),False,New Delhi (Parliament Street),28.6474251645262,77.21792219394007
"FIR No. 0060/2023, P.S. Connaught Place",2023-10-09 05:05:00,ROBBERY,ROBBERY incident reported in Central Delhi (Connaught Place),Central Delhi (Connaught Place),True,Central Delhi (Connaught Place),28.63118843056252,77.21011518599856
"FIR No. 0809/2025, P.S. Preet Vihar",2025-10-04 04:09:00,THEFT,THEFT incident reported in East Delhi (Preet Vihar),East Delhi (Preet Vihar),True,East Delhi (Preet Vihar),28.66435354415711,77.29994082653671
"FIR No. 0076/2023, P.S. Dwarka",2023-01-21 03:02:00,THEFT,THEFT incident reported in South West Delhi (Dwarka),South West Delhi (Dwarka),True,South West Delhi (Dwarka),28.59507146271031,77.04413390691617
"FIR No. 0027/2025, P.S. Connaught Place",2025-04-29 03:24:00,THEFT,THEFT incident reported in Central Delhi (Connaught Place),Central Delhi (Connaught Place),False,Central Delhi (Connaught Place),28.647653946926777,77.23693556445761
"FIR No. 0099/2025, P.S. Preet Vihar",2025-05-16 03:25:00,ROBBERY,ROBBERY incident reported in East Delhi (Preet Vihar),East Delhi (Preet Vihar),False,East Delhi (Preet Vihar),28.62533728199756,77.29080032906049
85033243/2024,2024-02-23 09:30:00,ASSAULT,ASSAULT incident reported in South West Delhi (Dwarka),South West Delhi (Dwarka),False,South West Delhi (Dwarka),28.574213596099096,77.05341800430841
"FIR No. 0141/2026, P.S. Hauz Khas",2026-05-31 04:20:00,THEFT,THEFT incident reported in South Delhi (Hauz Khas),South Delhi (Hauz Khas),False,South Delhi (Hauz Khas),28.5491282199478,77.20738347113092
86289016/2026,2026-06-17 10:16:00,THEFT,THEFT incident reported in South West Delhi (Dwarka),South West Delhi (Dwarka),True,South West Delhi (Dwarka),28.57647511754986,77.0357457028283
"FIR No. 0231/2023, P.S. Hauz Khas",2023-03-02 17:13:00,THEFT,THEFT incident reported in South Delhi (Hauz Khas),South Delhi (Hauz Khas),True,South Delhi (Hauz Khas),28.5620018114056,77.22082754280358
"FIR No. 0020/2026, P.S. Hauz Khas",2026-03-24 06:14:00,KIDNAPPING,KIDNAPPING incident reported in South Delhi (Hauz Khas),South Delhi (Hauz Khas),True,South Delhi (Hauz Khas),28.537225360347552,77.18584095003948
"FIR No. 0192/2024, P.S. Connaught Place",2024-07-07 12:12:00,ASSAULT,ASSAULT incident reported in Central Delhi (Connaught Place),Central Delhi (Connaught Place),False,Central Delhi (Connaught Place),28.63286679924065,77.22613430819524
"FIR No. 0139/2023, P.S. Hauz Khas",2023-11-28 15:23:00,THEFT,THEFT incident reported in South Delhi (Hauz Khas),South Delhi (Hauz Khas),True,South Delhi (Hauz Khas),28.536480335782784,77.1841761200897
86948961/2025,2025-07-08 06:53:00,THEFT,THEFT incident reported in South West Delhi (Dwarka),South West Delhi (Dwarka),False,South West Delhi (Dwarka),28.596609069220413,77.04530214029172
"FIR No. 0255/2026, P.S. Connaught Place",2026-06-25 05:14:00,ROBBERY,ROBBERY incident reported in Central Delhi (Connaught Place),Central Delhi (Connaught Place),False,Central Delhi (Connaught Place),28.63026643432512,77.18099808180679
84414933/2025,2025-12-06 02:53:00,BURGLARY,BURGLARY incident reported in South West Delhi (Dwarka),South West Delhi (Dwarka),False,South West Delhi (Dwarka),28.605102213768347,77.03497599962186
"FIR No. 0632/2024, P.S. Connaught Place",2024-08-19 11:32:00,THEFT,THEFT incident reported in Central Delhi (Connaught Place),Central Delhi (Connaught Place),True,Central Delhi (Connaught Place),28.602438846432005,77.24192224369637
86490176/2025,2025-10-28 20:31:00,ROBBERY,ROBBERY incident reported in North West Delhi (Rohini),North West Delhi (Rohini),False,North West Delhi (Rohini),28.70683201188214,77.07976306796407
"FIR No. 0081/2026, P.S. Dwarka",2026-03-15 18:31:00,ROBBERY,ROBBERY incident reported in South West Delhi (Dwarka),South West Delhi (Dwarka),False,South West Delhi (Dwarka),28.59138664710612,77.05133044226751
"FIR No. 0922/2024, P.S. Connaught Place",2024-12-15 12:53:00,ASSAULT,ASSAULT incident reported in Central Delhi (Connaught Place),Central Delhi (Connaught Place),False,Central Delhi (Connaught Place),28.63661271491632,77.2235724459118
86956071/2024,2024-05-21 20:38:00,ASSAULT,ASSAULT incident reported in South Delhi (Hauz Khas),South Delhi (Hauz Khas),False,South Delhi (Hauz Khas),28.5428267137678,77.23002073062483
"FIR No. 0470/2023, P.S. Connaught Place",2023-06-24 22:35:00,THEFT,THEFT incident reported in Central Delhi (Connaught Place),Central Delhi (Connaught Place),False,Central Delhi (Connaught Place),28.64750643694507,77.24677692068549
"FIR No. 0825/2024, P.S. Preet Vihar",2024-11-30 00:51:00,THEFT,THEFT incident reported in East Delhi (Preet Vihar),East Delhi (Preet Vihar),False,East Delhi (Preet Vihar),28.65220085019885,77.2992112275734
83866305/2023,2023-04-08 23:43:00,THEFT,THEFT incident reported in Central Delhi (Connaught Place),Central Delhi (Connaught Place),False,Central Delhi (Connaught Place),28.63571825075608,77.22174280678678
"FIR No. 0108/2026, P.S. Connaught Place",2026-03-16 21:10:00,ROBBERY,ROBBERY incident reported in Central Delhi (Connaught Place),Central Delhi (Connaught Place),False,Central Delhi (Connaught Place),28.615379445719217,77.21386736479518
"FIR No. 0088/2023, P.S. Connaught Place",2023-03-07 17:30:00,ASSAULT,ASSAULT incident reported in Central Delhi (Connaught Place),Central Delhi (Connaught Place),False,Central Delhi (Connaught Place),28.628856249347265,77.24577382160048
"FIR No. 0049/2024, P.S. Connaught Place",2024-01-18 23:38:00,ASSAULT,ASSAULT incident reported in Central Delhi (Connaught Place),Central Delhi (Connaught Place),False,Central Delhi (Connaught Place),28.60073800707916,77.2162980163829
"FIR No. 0220/2024, P.S. Parliament Street",2024-03-06 20:23:00,ASSAULT,ASSAULT incident reported in New Delhi (Parliament Street),New Delhi (Parliament Street),True,New Delhi (Parliament Street),28.622781897954955,77.18966559548387
"FIR No. 0140/2026, P.S. Preet Vihar",2026-05-31 17:19:00,THEFT,THEFT incident reported in East Delhi (Preet Vihar),East Delhi (Preet Vihar),False,East Delhi (Preet Vihar),28.63626741119996,77.29360917752966
80282311/2025,2025-04-19 17:58:00,THEFT,THEFT incident reported in South West Delhi (Dwarka),South West Delhi (Dwarka),False,South West Delhi (Dwarka),28.5480967775847,77.0332505527988
"FIR No. 0166/2023, P.S. Preet Vihar",2023-11-06 21:05:00,THEFT,THEFT incident reported in East Delhi (Preet Vihar),East Delhi (Preet Vihar),False,East Delhi (Preet Vihar),28.645281170901548,77.32095360865767
"FIR No. 0209/2023, P.S. Connaught Place",2023-05-31 07:36:00,THEFT,THEFT incident reported in Central Delhi (Connaught Place),Central Delhi (Connaught Place),False,Central Delhi (Connaught Place),28.615961827344663,77.23846146410897
"FIR No. 0482/2025, P.S. Rohini",2025-12-27 12:06:00,KIDNAPPING,KIDNAPPING incident reported in North West Delhi (Rohini),North West Delhi (Rohini),False,North West Delhi (Rohini),28.73419225813502,77.09735004260253
85851285/2023,2023-02-17 23:27:00,THEFT,THEFT incident reported in South Delhi (Hauz Khas),South Delhi (Hauz Khas),False,South Delhi (Hauz Khas),28.550266202448864,77.1807873710027
"FIR No. 0060/2026, P.S. Hauz Khas",2026-02-06 19:11:00,BURGLARY,BURGLARY incident reported in South Delhi (Hauz Khas),South Delhi (Hauz Khas),False,South Delhi (Hauz Khas),28.57158825760448,77.20489746035089
"FIR No. 0103/2024, P.S. Hauz Khas",2024-01-13 09:13:00,OTHER,OTHER incident reported in South Delhi (Hauz Khas),South Delhi (Hauz Khas),False,South Delhi (Hauz Khas),28.55224057024698,77.21560876770343
"FIR No. 0484/2024, P.S. Hauz Khas",2024-06-24 06:40:00,THEFT,THEFT incident reported in South Delhi (Hauz Khas),South Delhi (Hauz Khas),True,South Delhi (Hauz Khas),28.571100873641544,77.19837071555023
89601915/2025,2025-08-07 16:18:00,ROBBERY,ROBBERY incident reported in North West Delhi (Rohini),North West Delhi (Rohini),False,North West Delhi (Rohini),28.711080509605186,77.09450738372345
"FIR No. 0159/2023, P.S. Parliament Street",2023-05-27 18:45:00,BURGLARY,BURGLARY incident reported in New Delhi (Parliament Street),New Delhi (Parliament Street),False,New Delhi (Parliament Street),28.62653300634657,77.20801080085933
"FIR No. 0204/2026, P.S. Hauz Khas",2026-06-29 20:42:00,ROBBERY,ROBBERY incident reported in South Delhi (Hauz Khas),South Delhi (Hauz Khas),False,South Delhi (Hauz Khas),28.50776923771476,77.20988084713238
"FIR No. 1136/2024, P.S. Connaught Place",2024-12-28 13:50:00,THEFT,THEFT incident reported in Central Delhi (Connaught Place),Central Delhi (Connaught Place),False,Central Delhi (Connaught Place),28.630712170239235,77.21377008721599
"FIR No. 0541/2023, P.S. Parliament Street",2023-08-19 17:25:00,THEFT,THEFT incident reported in New Delhi (Parliament Street),New Delhi (Parliament Street),False,New Delhi (Parliament Street),28.630994346624327,77.20277929987117
"FIR No. 0206/2025, P.S. Hauz Khas",2025-07-03 13:20:00,THEFT,THEFT incident reported in South Delhi (Hauz Khas),South Delhi (Hauz Khas),True,South Delhi (Hauz Khas),28.557500895780866,77.20896384778746
86600380/2025,2025-08-13 23:20:00,ROBBERY,ROBBERY incident reported in Central Delhi (Connaught Place),Central Delhi (Connaught Place),False,Central Delhi (Connaught Place),28.614826869912875,77.1842665721037
86347094/2023,2023-06-16 22:42:00,ASSAULT,ASSAULT incident reported in North West Delhi (Rohini),North West Delhi (Rohini),True,North West Delhi (Rohini),28.702887530315675,77.09947584913205
"FIR No. 0052/2026, P.S. Rohini",2026-01-02 11:20:00,ASSAULT,ASSAULT incident reported in North West Delhi (Rohini),North West Delhi (Rohini),False,North West Delhi (Rohini),28.67344854209076,77.10346011791488
"FIR No. 0322/2023, P.S. Connaught Place",2023-10-09 12:46:00,ASSAULT,ASSAULT incident reported in Central Delhi (Connaught Place),Central Delhi (Connaught Place),True,Central Delhi (Connaught Place),28.642131711985183,77.20486736072877
88057069/2025,2025-10-01 09:25:00,ASSAULT,ASSAULT incident reported in New Delhi (Parliament Street),New Delhi (Parliament Street),False,New Delhi (Parliament Street),28.60100016376504,77.21034254382796
"FIR No. 0081/2025, P.S. Hauz Khas",2025-02-12 12:18:00,ASSAULT,ASSAULT incident reported in South Delhi (Hauz Khas),South Delhi (Hauz Khas),False,South Delhi (Hauz Khas),28.554575608558565,77.20793574476934
"FIR No. 0351/2023, P.S. Preet Vihar",2023-07-20 10:28:00,BURGLARY,BURGLARY incident reported in East Delhi (Preet Vihar),East Delhi (Preet Vihar),False,East Delhi (Preet Vihar),28.6647292338522,77.29528653225094
"FIR No. 0069/2025, P.S. Dwarka",2025-06-03 03:50:00,THEFT,THEFT incident reported in South West Delhi (Dwarka),South West Delhi (Dwarka),True,South West Delhi (Dwarka),28.587584686756124,77.07421471929302
"FIR No. 0084/2024, P.S. Parliament Street",2024-01-21 09:00:00,THEFT,THEFT incident reported in New Delhi (Parliament Street),New Delhi (Parliament Street),False,New Delhi (Parliament Street),28.615494904573936,77.18254388647117
"FIR No. 0095/2023, P.S. Parliament Street",2023-05-05 20:15:00,KIDNAPPING,KIDNAPPING incident reported in New Delhi (Parliament Street),New Delhi (Parliament Street),False,New Delhi (Parliament Street),28.620689853053506,77.19957632566114
"FIR No. 0208/2023, P.S. Connaught Place",2023-04-24 16:45:00,ASSAULT,ASSAULT incident reported in Central Delhi (Connaught Place),Central Delhi (Connaught Place),False,Central Delhi (Connaught Place),28.65044098865606,77.221971400468
"FIR No. 0034/2024, P.S. Parliament Street",2024-01-04 03:52:00,THEFT,THEFT incident reported in New Delhi (Parliament Street),New Delhi (Parliament Street),False,New Delhi (Parliament Street),28.629549883594464,77.1882274454686
"FIR No. 0069/2024, P.S. Hauz Khas",2024-01-11 19:13:00,BURGLARY,BURGLARY incident reported in South Delhi (Hauz Khas),South Delhi (Hauz Khas),False,South Delhi (Hauz Khas),28.560001890732085,77.21462066632449
"FIR No. 0215/2024, P.S. Hauz Khas",2024-06-04 23:38:00,THEFT,THEFT incident reported in South Delhi (Hauz Khas),South Delhi (Hauz Khas),False,South Delhi (Hauz Khas),28.54427714577932,77.2147881745234
"FIR No. 0061/2024, P.S. Dwarka",2024-03-23 10:08:00,THEFT,THEFT incident reported in South West Delhi (Dwarka),South West Delhi (Dwarka),False,South West Delhi (Dwarka),28.60234791821341,77.0578050492188
"FIR No. 0046/2026, P.S. Hauz Khas",2026-03-27 11:38:00,ASSAULT,ASSAULT incident reported in South Delhi (Hauz Khas),South Delhi (Hauz Khas),False,South Delhi (Hauz Khas),28.54814457566988,77.17954193597708
"FIR No. 0559/2026, P.S. Preet Vihar",2026-05-19 08:14:00,THEFT,THEFT incident reported in East Delhi (Preet Vihar),East Delhi (Preet Vihar),False,East Delhi (Preet Vihar),28.61143010511028,77.31503197782156
89079107/2024,2024-06-29 03:26:00,THEFT,THEFT incident reported in Central Delhi (Connaught Place),Central Delhi (Connaught Place),True,Central Delhi (Connaught Place),28.62425902452556,77.24462976893784
87132156/2025,2025-09-15 00:37:00,THEFT,THEFT incident reported in Central Delhi (Connaught Place),Central Delhi (Connaught Place),False,Central Delhi (Connaught Place),28.62970394205795,77.22178118331685
"FIR No. 0378/2024, P.S. Preet Vihar",2024-07-22 02:12:00,BURGLARY,BURGLARY incident reported in East Delhi (Preet Vihar),East Delhi (Preet Vihar),False,East Delhi (Preet Vihar),28.659000195906028,77.32220856074555
"FIR No. 0731/2023, P.S. Preet Vihar",2023-12-05 19:46:00,ROBBERY,ROBBERY incident reported in East Delhi (Preet Vihar),East Delhi (Preet Vihar),False,East Delhi (Preet Vihar),28.62046324914424,77.29405072712106
87887216/2025,2025-09-08 23:13:00,THEFT,THEFT incident reported in Central Delhi (Connaught Place),Central Delhi (Connaught Place),False,Central Delhi (Connaught Place),28.6504140267033,77.21866249427842
"FIR No. 0512/2023, P.S. Parliament Street",2023-08-03 04:26:00,BURGLARY,BURGLARY incident reported in New Delhi (Parliament Street),New Delhi (Parliament Street),True,New Delhi (Parliament Street),28.619659396370707,77.209697174254
"FIR No. 0639/2024, P.S. Hauz Khas",2024-10-23 11:25:00,THEFT,THEFT incident reported in South Delhi (Hauz Khas),South Delhi (Hauz Khas),False,South Delhi (Hauz Khas),28.549692997355947,77.23982741552364
"FIR No. 0045/2023, P.S. Connaught Place",2023-02-21 07:25:00,ASSAULT,ASSAULT incident reported in Central Delhi (Connaught Place),Central Delhi (Connaught Place),False,Central Delhi (Connaught Place),28.651574543125708,77.2335051032929
"FIR No. 0066/2026, P.S. Preet Vihar",2026-03-11 12:30:00,THEFT,THEFT incident reported in East Delhi (Preet Vihar),East Delhi (Preet Vihar),False,East Delhi (Preet Vihar),28.642733034390115,77.32489161356334
"FIR No. 0221/2024, P.S. Hauz Khas",2024-03-05 02:15:00,THEFT,THEFT incident reported in South Delhi (Hauz Khas),South Delhi (Hauz Khas),True,South Delhi (Hauz Khas),28.53242992994388,77.19430036267299
"FIR No. 0224/2026, P.S. Connaught Place",2026-04-08 02:38:00,THEFT,THEFT incident reported in Central Delhi (Connaught Place),Central Delhi (Connaught Place),False,Central Delhi (Connaught Place),28.644146706164857,77.20036728297046
"FIR No. 0125/2023, P.S. Parliament Street",2023-02-12 02:26:00,ASSAULT,ASSAULT incident reported in New Delhi (Parliament Street),New Delhi (Parliament Street),False,New Delhi (Parliament Street),28.61979418071116,77.20429847557168
82892034/2026,2026-06-22 18:58:00,KIDNAPPING,KIDNAPPING incident reported in Central Delhi (Connaught Place),Central Delhi (Connaught Place),False,Central Delhi (Connaught Place),28.633674681046795,77.1895041321773
"FIR No. 0018/2025, P.S. Rohini",2025-01-04 09:43:00,BURGLARY,BURGLARY incident reported in North West Delhi (Rohini),North West Delhi (Rohini),False,North West Delhi (Rohini),28.694052110075653,77.07940854647637
89079010/2025,2025-01-03 16:17:00,BURGLARY,BURGLARY incident reported in South Delhi (Hauz Khas),South Delhi (Hauz Khas),False,South Delhi (Hauz Khas),28.551160424919104,77.22358304115653
"FIR No. 0502/2023, P.S. Rohini",2023-06-08 00:18:00,BURGLARY,BURGLARY incident reported in North West Delhi (Rohini),North West Delhi (Rohini),False,North West Delhi (Rohini),28.69424612176428,77.11921576333435
82666710/2025,2025-11-20 05:17:00,ROBBERY,ROBBERY incident reported in New Delhi (Parliament Street),New Delhi (Parliament Street),True,New Delhi (Parliament Street),28.6484106453829,77.19700422829123
"FIR No. 0176/2023, P.S. Hauz Khas",2023-10-11 05:39:00,THEFT,THEFT incident reported in South Delhi (Hauz Khas),South Delhi (Hauz Khas),False,South Delhi (Hauz Khas),28.54261849638718,77.19712866239624
"FIR No. 0460/2024, P.S. Rohini",2024-08-23 07:09:00,ROBBERY,ROBBERY incident reported in North West Delhi (Rohini),North West Delhi (Rohini),False,North West Delhi (Rohini),28.702217376869207,77.10590868002274
"FIR No. 0047/2023, P.S. Dwarka",2023-09-29 19:44:00,ROBBERY,ROBBERY incident reported in South West Delhi (Dwarka),South West Delhi (Dwarka),False,South West Delhi (Dwarka),28.60442569171459,77.05183672248289
88497449/2025,2025-04-20 10:19:00,THEFT,THEFT incident reported in South Delhi (Hauz Khas),South Delhi (Hauz Khas),True,South Delhi (Hauz Khas),28.56591737089008,77.18818843543339
"FIR No. 0121/2024, P.S. Hauz Khas",2024-09-24 07:22:00,ASSAULT,ASSAULT incident reported in South Delhi (Hauz Khas),South Delhi (Hauz Khas),False,South Delhi (Hauz Khas),28.55912757352281,77.1891225506755
"FIR No. 0127/2024, P.S. Connaught Place",2024-06-05 09:14:00,ROBBERY,ROBBERY incident reported in Central Delhi (Connaught Place),Central Delhi (Connaught Place),False,Central Delhi (Connaught Place),28.60928569438808,77.19464475027556
"FIR No. 0332/2025, P.S. Parliament Street",2025-12-30 01:15:00,THEFT,THEFT incident reported in New Delhi (Parliament Street),New Delhi (Parliament Street),True,New Delhi (Parliament Street),28.616694923086342,77.19155489059159
"FIR No. 0013/2023, P.S. Hauz Khas",2023-05-16 03:00:00,THEFT,THEFT incident reported in South Delhi (Hauz Khas),South Delhi (Hauz Khas),False,South Delhi (Hauz Khas),28.53244631948379,77.17473659174277
"FIR No. 0033/2024, P.S. Dwarka",2024-05-27 23:26:00,BURGLARY,BURGLARY incident reported in South West Delhi (Dwarka),South West Delhi (Dwarka),False,South West Delhi (Dwarka),28.56212426491168,77.06129469188747
"FIR No. 0364/2024, P.S. Connaught Place",2024-04-14 21:30:00,THEFT,THEFT incident reported in Central Delhi (Connaught Place),Central Delhi (Connaught Place),False,Central Delhi (Connaught Place),28.62274691649823,77.2187330771145
"FIR No. 0294/2023, P.S. Preet Vihar",2023-10-19 12:47:00,BURGLARY,BURGLARY incident reported in East Delhi (Preet Vihar),East Delhi (Preet Vihar),True,East Delhi (Preet Vihar),28.64108424667979,77.29727896426742
82813997/2026,2026-04-29 17:15:00,THEFT,THEFT incident reported in South West Delhi (Dwarka),South West Delhi (Dwarka),False,South West Delhi (Dwarka),28.585550633154742,77.04792451253553
"FIR No. 0034/2026, P.S. Preet Vihar",2026-01-14 02:52:00,THEFT,THEFT incident reported in East Delhi (Preet Vihar),East Delhi (Preet Vihar),False,East Delhi (Preet Vihar),28.65767686558648,77.29211562692257
"FIR No. 0137/2025, P.S. Preet Vihar",2025-03-03 18:52:00,THEFT,THEFT incident reported in East Delhi (Preet Vihar),East Delhi (Preet Vihar),True,East Delhi (Preet Vihar),28.643737915427245,77.29122672372743
"FIR No. 0809/2023, P.S. Connaught Place",2023-09-07 17:43:00,KIDNAPPING,KIDNAPPING incident reported in Central Delhi (Connaught Place),Central Delhi (Connaught Place),False,Central Delhi (Connaught Place),28.63518970831819,77.23324454511597
89167365/2023,2023-10-09 20:18:00,THEFT,THEFT incident reported in North West Delhi (Rohini),North West Delhi (Rohini),True,North West Delhi (Rohini),28.6892709656449,77.06546971492125
80605487/2025,2025-09-18 18:22:00,THEFT,THEFT incident reported in South Delhi (Hauz Khas),South Delhi (Hauz Khas),False,South Delhi (Hauz Khas),28.573761865503013,77.23692495365198
"FIR No. 0004/2024, P.S. Dwarka",2024-07-18 03:09:00,BURGLARY,BURGLARY incident reported in South West Delhi (Dwarka),South West Delhi (Dwarka),False,South West Delhi (Dwarka),28.594210943106773,77.0442868171891
"FIR No. 0226/2023, P.S. Preet Vihar",2023-06-10 14:47:00,THEFT,THEFT incident reported in East Delhi (Preet Vihar),East Delhi (Preet Vihar),False,East Delhi (Preet Vihar),28.6374070727366,77.28543660614224
"FIR No. 0552/2024, P.S. Rohini",2024-08-22 22:46:00,THEFT,THEFT incident reported in North West Delhi (Rohini),North West Delhi (Rohini),False,North West Delhi (Rohini),28.692207889238897,77.11818704211795
"FIR No. 0155/2024, P.S. Preet Vihar",2024-07-25 01:03:00,BURGLARY,BURGLARY incident reported in East Delhi (Preet Vihar),East Delhi (Preet Vihar),True,East Delhi (Preet Vihar),28.639543753925945,77.27512058061222
"FIR No. 0076/2024, P.S. Preet Vihar",2024-05-19 09:31:00,ASSAULT,ASSAULT incident reported in East Delhi (Preet Vihar),East Delhi (Preet Vihar),False,East Delhi (Preet Vihar),28.59782215069664,77.33804815601455
89322553/2025,2025-11-22 19:08:00,ASSAULT,ASSAULT incident reported in Central Delhi (Connaught Place),Central Delhi (Connaught Place),False,Central Delhi (Connaught Place),28.63056974267128,77.22889786257723
87561225/2026,2026-06-22 09:17:00,ROBBERY,ROBBERY incident reported in Central Delhi (Connaught Place),Central Delhi (Connaught Place),False,Central Delhi (Connaught Place),28.62087056013453,77.1888576466335
"FIR No. 0131/2025, P.S. Dwarka",2025-11-19 19:18:00,THEFT,THEFT incident reported in South West Delhi (Dwarka),South West Delhi (Dwarka),True,South West Delhi (Dwarka),28.60449776543,77.03709900370434
"FIR No. 0171/2024, P.S. Hauz Khas",2024-10-19 02:12:00,THEFT,THEFT incident reported in South Delhi (Hauz Khas),South Delhi (Hauz Khas),False,South Delhi (Hauz Khas),28.52494584706457,77.19420750437439
"FIR No. 0738/2025, P.S. Hauz Khas",2025-11-05 16:49:00,THEFT,THEFT incident reported in South Delhi (Hauz Khas),South Delhi (Hauz Khas),False,South Delhi (Hauz Khas),28.567903736228395,77.20300446770803
"FIR No. 0190/2026, P.S. Preet Vihar",2026-06-05 17:46:00,THEFT,THEFT incident reported in East Delhi (Preet Vihar),East Delhi (Preet Vihar),False,East Delhi (Preet Vihar),28.634376217279804,77.29235620678655
"FIR No. 0286/2024, P.S. Preet Vihar",2024-08-12 18:26:00,OTHER,OTHER incident reported in East Delhi (Preet Vihar),East Delhi (Preet Vihar),False,East Delhi (Preet Vihar),28.6422951584676,77.28790525149131
80450275/2023,2023-06-14 23:58:00,ROBBERY,ROBBERY incident reported in North West Delhi (Rohini),North West Delhi (Rohini),False,North West Delhi (Rohini),28.673469686198004,77.08370814714372
"FIR No. 0611/2025, P.S. Connaught Place",2025-10-10 04:50:00,THEFT,THEFT incident reported in Central Delhi (Connaught Place),Central Delhi (Connaught Place),False,Central Delhi (Connaught Place),28.616734792226573,77.23351278610481
"FIR No. 0293/2024, P.S. Connaught Place",2024-04-16 14:28:00,THEFT,THEFT incident reported in Central Delhi (Connaught Place),Central Delhi (Connaught Place),False,Central Delhi (Connaught Place),28.594958155631424,77.21796391227639
"FIR No. 0113/2025, P.S. Hauz Khas",2025-04-25 00:34:00,THEFT,THEFT incident reported in South Delhi (Hauz Khas),South Delhi (Hauz Khas),True,South Delhi (Hauz Khas),28.548933387174262,77.18312309635905
"FIR No. 0098/2024, P.S. Rohini",2024-05-09 09:11:00,THEFT,THEFT incident reported in North West Delhi (Rohini),North West Delhi (Rohini),False,North West Delhi (Rohini),28.68943996766414,77.1066357391292
"FIR No. 0070/2026, P.S. Preet Vihar",2026-04-09 21:19:00,ROBBERY,ROBBERY incident reported in East Delhi (Preet Vihar),East Delhi (Preet Vihar),False,East Delhi (Preet Vihar),28.60437382524696,77.28502338365564
"FIR No. 0044/2025, P.S. Preet Vihar",2025-07-14 22:20:00,ASSAULT,ASSAULT incident reported in East Delhi (Preet Vihar),East Delhi (Preet Vihar),False,East Delhi (Preet Vihar),28.62105998823404,77.28348722496006
86849327/2025,2025-11-28 17:02:00,ASSAULT,ASSAULT incident reported in South Delhi (Hauz Khas),South Delhi (Hauz Khas),True,South Delhi (Hauz Khas),28.563533714853627,77.17582828505685
"FIR No. 0157/2023, P.S. Connaught Place",2023-07-19 14:57:00,KIDNAPPING,KIDNAPPING incident reported in Central Delhi (Connaught Place),Central Delhi (Connaught Place),True,Central Delhi (Connaught Place),28.660665975749133,77.21996929740453
"FIR No. 0780/2026, P.S. Preet Vihar",2026-08-25 08:44:00,ASSAULT,ASSAULT incident reported in East Delhi (Preet Vihar),East Delhi (Preet Vihar),True,East Delhi (Preet Vihar),28.629076021066208,77.28798777847747
"FIR No. 0130/2025, P.S. Connaught Place",2025-09-11 18:57:00,ROBBERY,ROBBERY incident reported in Central Delhi (Connaught Place),Central Delhi (Connaught Place),False,Central Delhi (Connaught Place),28.62594043192286,77.22444727649818
"FIR No. 0026/2026, P.S. Dwarka",2026-01-07 07:55:00,THEFT,THEFT incident reported in South West Delhi (Dwarka),South West Delhi (Dwarka),True,South West Delhi (Dwarka),28.608103088390354,77.04216642192767
"FIR No. 0193/2026, P.S. Connaught Place",2026-04-06 20:54:00,THEFT,THEFT incident reported in Central Delhi (Connaught Place),Central Delhi (Connaught Place),False,Central Delhi (Connaught Place),28.643291896734624,77.23648131697921
"FIR No. 0066/2026, P.S. Hauz Khas",2026-02-03 17:37:00,THEFT,THEFT incident reported in South Delhi (Hauz Khas),South Delhi (Hauz Khas),True,South Delhi (Hauz Khas),28.55750618262404,77.18892019848155
"FIR No. 0327/2023, P.S. Rohini",2023-04-23 16:12:00,ASSAULT,ASSAULT incident reported in North West Delhi (Rohini),North West Delhi (Rohini),False,North West Delhi (Rohini),28.694259611299188,77.09050885240194
"FIR No. 0237/2023, P.S. Hauz Khas",2023-07-01 00:27:00,ASSAULT,ASSAULT incident reported in South Delhi (Hauz Khas),South Delhi (Hauz Khas),False,South Delhi (Hauz Khas),28.549391134237894,77.20474460356834
"FIR No. 0495/2024, P.S. Preet Vihar",2024-08-10 07:08:00,THEFT,THEFT incident reported in East Delhi (Preet Vihar),East Delhi (Preet Vihar),False,East Delhi (Preet Vihar),28.63238152533796,77.30673371348497
"FIR No. 0211/2024, P.S. Hauz Khas",2024-06-27 10:29:00,ROBBERY,ROBBERY incident reported in South Delhi (Hauz Khas),South Delhi (Hauz Khas),False,South Delhi (Hauz Khas),28.54555929612064,77.21385326949247
"FIR No. 0100/2025, P.S. Dwarka",2025-09-01 10:07:00,OTHER,OTHER incident reported in South West Delhi (Dwarka),South West Delhi (Dwarka),False,South West Delhi (Dwarka),28.589641539169712,77.02876145931963
"FIR No. 0457/2024, P.S. Dwarka",2024-07-25 03:38:00,THEFT,THEFT incident reported in South West Delhi (Dwarka),South West Delhi (Dwarka),False,South West Delhi (Dwarka),28.598868052651685,77.01812454741395
"FIR No. 0078/2023, P.S. Preet Vihar",2023-05-26 03:46:00,THEFT,THEFT incident reported in East Delhi (Preet Vihar),East Delhi (Preet Vihar),False,East Delhi (Preet Vihar),28.642944948684,77.32320225672882
89350475/2026,2026-02-28 20:03:00,THEFT,THEFT incident reported in Central Delhi (Connaught Place),Central Delhi (Connaught Place),True,Central Delhi (Connaught Place),28.62854607466472,77.21537892792072
"FIR No. 0096/2025, P.S. Dwarka",2025-02-19 14:08:00,ROBBERY,ROBBERY incident reported in South West Delhi (Dwarka),South West Delhi (Dwarka),False,South West Delhi (Dwarka),28.58141009275081,77.05874534117646
"FIR No. 0195/2025, P.S. Connaught Place",2025-07-04 03:31:00,THEFT,THEFT incident reported in Central Delhi (Connaught Place),Central Delhi (Connaught Place),False,Central Delhi (Connaught Place),28.6251776136504,77.2361012645507
"FIR No. 1030/2023, P.S. Connaught Place",2023-12-22 08:08:00,BURGLARY,BURGLARY incident reported in Central Delhi (Connaught Place),Central Delhi (Connaught Place),False,Central Delhi (Connaught Place),28.623453107600056,77.21665661074505
"FIR No. 0641/2024, P.S. Preet Vihar",2024-09-03 18:33:00,THEFT,THEFT incident reported in East Delhi (Preet Vihar),East Delhi (Preet Vihar),True,East Delhi (Preet Vihar),28.65385898036229,77.3043959451033
"FIR No. 0640/2024, P.S. Dwarka",2024-09-23 06:33:00,OTHER,OTHER incident reported in South West Delhi (Dwarka),South West Delhi (Dwarka),False,South West Delhi (Dwarka),28.575447053614926,77.04119403752044
"FIR No. 0031/2025, P.S. Dwarka",2025-10-23 20:50:00,THEFT,THEFT incident reported in South West Delhi (Dwarka),South West Delhi (Dwarka),False,South West Delhi (Dwarka),28.60182833374314,77.04950626759226
"FIR No. 0038/2023, P.S. Rohini",2023-05-02 05:50:00,KIDNAPPING,KIDNAPPING incident reported in North West Delhi (Rohini),North West Delhi (Rohini),False,North West Delhi (Rohini),28.701348217608885,77.10448633595458
"FIR No. 0177/2024, P.S. Preet Vihar",2024-06-06 03:24:00,THEFT,THEFT incident reported in East Delhi (Preet Vihar),East Delhi (Preet Vihar),True,East Delhi (Preet Vihar),28.642368209983427,77.30274923263883
"FIR No. 0164/2024, P.S. Rohini",2024-09-08 08:32:00,THEFT,THEFT incident reported in North West Delhi (Rohini),North West Delhi (Rohini),False,North West Delhi (Rohini),28.700217168487868,77.11241614402863
"FIR No. 0957/2025, P.S. Preet Vihar",2025-12-14 10:04:00,ROBBERY,ROBBERY incident reported in East Delhi (Preet Vihar),East Delhi (Preet Vihar),False,East Delhi (Preet Vihar),28.65683261924955,77.29538417593456
"FIR No. 0146/2026, P.S. Parliament Street",2026-02-11 23:25:00,THEFT,THEFT incident reported in New Delhi (Parliament Street),New Delhi (Parliament Street),True,New Delhi (Parliament Street),28.620728555849126,77.22291396646123
81513013/2025,2025-03-29 23:09:00,ROBBERY,ROBBERY incident reported in Central Delhi (Connaught Place),Central Delhi (Connaught Place),False,Central Delhi (Connaught Place),28.66385708719331,77.20887551714796
80799155/2026,2026-05-08 09:23:00,ASSAULT,ASSAULT incident reported in South Delhi (Hauz Khas),South Delhi (Hauz Khas),False,South Delhi (Hauz Khas),28.5698244531236,77.2018651581106
"FIR No. 0112/2026, P.S. Connaught Place",2026-06-28 04:32:00,ROBBERY,ROBBERY incident reported in Central Delhi (Connaught Place),Central Delhi (Connaught Place),False,Central Delhi (Connaught Place),28.638716236843862,77.19428485931846
87824972/2023,2023-10-10 13:55:00,ROBBERY,ROBBERY incident reported in Central Delhi (Connaught Place),Central Delhi (Connaught Place),False,Central Delhi (Connaught Place),28.64524910553745,77.2020740726596
"FIR No. 0445/2025, P.S. Connaught Place",2025-07-01 03:30:00,THEFT,THEFT incident reported in Central Delhi (Connaught Place),Central Delhi (Connaught Place),False,Central Delhi (Connaught Place),28.64309379238796,77.22876463794718
"FIR No. 0406/2026, P.S. Rohini",2026-06-13 23:01:00,THEFT,THEFT incident reported in North West Delhi (Rohini),North West Delhi (Rohini),False,North West Delhi (Rohini),28.71359344111288,77.0961786258253
"FIR No. 0723/2025, P.S. Hauz Khas",2025-12-01 06:36:00,THEFT,THEFT incident reported in South Delhi (Hauz Khas),South Delhi (Hauz Khas),False,South Delhi (Hauz Khas),28.54755557576693,77.20451701305821
85212749/2024,2024-11-27 21:52:00,THEFT,THEFT incident reported in East Delhi (Preet Vihar),East Delhi (Preet Vihar),True,East Delhi (Preet Vihar),28.64272617069471,77.2953617794623
89127673/2025,2025-01-24 23:47:00,ASSAULT,ASSAULT incident reported in North West Delhi (Rohini),North West Delhi (Rohini),False,North West Delhi (Rohini),28.676014598966592,77.10639125751122
"FIR No. 0237/2024, P.S. Hauz Khas",2024-10-26 11:07:00,THEFT,THEFT incident reported in South Delhi (Hauz Khas),South Delhi (Hauz Khas),False,South Delhi (Hauz Khas),28.55597499682655,77.18097283748303
"FIR No. 0015/2025, P.S. Hauz Khas",2025-01-19 00:23:00,THEFT,THEFT incident reported in South Delhi (Hauz Khas),South Delhi (Hauz Khas),False,South Delhi (Hauz Khas),28.5566999723959,77.20956997034952
"FIR No. 0151/2026, P.S. Parliament Street",2026-05-27 03:13:00,THEFT,THEFT incident reported in New Delhi (Parliament Street),New Delhi (Parliament Street),False,New Delhi (Parliament Street),28.603863154059187,77.21026686445629
"FIR No. 0064/2023, P.S. Connaught Place",2023-11-23 00:37:00,THEFT,THEFT incident reported in Central Delhi (Connaught Place),Central Delhi (Connaught Place),True,Central Delhi (Connaught Place),28.61687470855541,77.23328797078307
"FIR No. 0642/2026, P.S. Hauz Khas",2026-08-18 22:17:00,ROBBERY,ROBBERY incident reported in South Delhi (Hauz Khas),South Delhi (Hauz Khas),True,South Delhi (Hauz Khas),28.541027201756616,77.20128097105167
"FIR No. 0150/2024, P.S. Parliament Street",2024-10-02 05:06:00,THEFT,THEFT incident reported in New Delhi (Parliament Street),New Delhi (Parliament Street),False,New Delhi (Parliament Street),28.62890192916686,77.19092775344845
"FIR No. 0055/2024, P.S. Hauz Khas",2024-01-22 17:04:00,BURGLARY,BURGLARY incident reported in South Delhi (Hauz Khas),South Delhi (Hauz Khas),True,South Delhi (Hauz Khas),28.55869449418257,77.17968680596498
80007712/2024,2024-11-06 08:06:00,ASSAULT,ASSAULT incident reported in New Delhi (Parliament Street),New Delhi (Parliament Street),False,New Delhi (Parliament Street),28.61310021460701,77.18643416998532
81873136/2025,2025-10-31 08:22:00,THEFT,THEFT incident reported in Central Delhi (Connaught Place),Central Delhi (Connaught Place),False,Central Delhi (Connaught Place),28.61620921393247,77.24572975616174
"FIR No. 0259/2023, P.S. Rohini",2023-06-29 13:21:00,THEFT,THEFT incident reported in North West Delhi (Rohini),North West Delhi (Rohini),True,North West Delhi (Rohini),28.689413315032432,77.0887296394091
"FIR No. 0482/2025, P.S. Connaught Place",2025-11-29 01:39:00,THEFT,THEFT incident reported in Central Delhi (Connaught Place),Central Delhi (Connaught Place),False,Central Delhi (Connaught Place),28.652063781243665,77.22158697894847
"FIR No. 0002/2024, P.S. Parliament Street",2024-03-08 21:41:00,THEFT,THEFT incident reported in New Delhi (Parliament Street),New Delhi (Parliament Street),False,New Delhi (Parliament Street),28.6374956293864,77.21530480721427
"FIR No. 0352/2024, P.S. Dwarka",2024-05-15 02:15:00,THEFT,THEFT incident reported in South West Delhi (Dwarka),South West Delhi (Dwarka),True,South West Delhi (Dwarka),28.597066195353403,77.08100196364303
"FIR No. 0298/2026, P.S. Connaught Place",2026-03-23 23:41:00,THEFT,THEFT incident reported in Central Delhi (Connaught Place),Central Delhi (Connaught Place),True,Central Delhi (Connaught Place),28.636450076358592,77.19493488920968
83778662/2025,2025-12-15 07:06:00,ASSAULT,ASSAULT incident reported in Central Delhi (Connaught Place),Central Delhi (Connaught Place),False,Central Delhi (Connaught Place),28.623823412119183,77.22367867663839
83154843/2023,2023-09-22 02:38:00,THEFT,THEFT incident reported in Central Delhi (Connaught Place),Central Delhi (Connaught Place),False,Central Delhi (Connaught Place),28.636291908795645,77.19969437688327
"FIR No. 1029/2023, P.S. Rohini",2023-11-09 18:35:00,THEFT,THEFT incident reported in North West Delhi (Rohini),North West Delhi (Rohini),False,North West Delhi (Rohini),28.69120832690752,77.09115031788832
"FIR No. 0219/2026, P.S. Hauz Khas",2026-03-24 14:08:00,ASSAULT,ASSAULT incident reported in South Delhi (Hauz Khas),South Delhi (Hauz Khas),False,South Delhi (Hauz Khas),28.545284968894787,77.23297023314099
"FIR No. 0138/2024, P.S. Dwarka",2024-03-02 11:40:00,THEFT,THEFT incident reported in South West Delhi (Dwarka),South West Delhi (Dwarka),True,South West Delhi (Dwarka),28.579359512682068,77.04708291929937
"FIR No. 0094/2024, P.S. Dwarka",2024-11-11 05:54:00,THEFT,THEFT incident reported in South West Delhi (Dwarka),South West Delhi (Dwarka),False,South West Delhi (Dwarka),28.578912800978163,77.07368469272456
"FIR No. 0050/2025, P.S. Preet Vihar",2025-03-14 00:17:00,ASSAULT,ASSAULT incident reported in East Delhi (Preet Vihar),East Delhi (Preet Vihar),False,East Delhi (Preet Vihar),28.632991171332726,77.27609169518406
86629852/2023,2023-06-11 23:25:00,THEFT,THEFT incident reported in South West Delhi (Dwarka),South West Delhi (Dwarka),True,South West Delhi (Dwarka),28.594831874832227,77.05929714594653
87017472/2023,2023-03-08 22:50:00,THEFT,THEFT incident reported in North West Delhi (Rohini),North West Delhi (Rohini),False,North West Delhi (Rohini),28.70190668891849,77.10914227819794
"FIR No. 0535/2023, P.S. Connaught Place",2023-05-16 14:38:00,THEFT,THEFT incident reported in Central Delhi (Connaught Place),Central Delhi (Connaught Place),True,Central Delhi (Connaught Place),28.616611382684287,77.21002159006359
"FIR No. 0630/2025, P.S. Hauz Khas",2025-09-12 13:10:00,THEFT,THEFT incident reported in South Delhi (Hauz Khas),South Delhi (Hauz Khas),False,South Delhi (Hauz Khas),28.552244466380635,77.22391475758273
"FIR No. 0496/2026, P.S. Connaught Place",2026-07-23 04:29:00,THEFT,THEFT incident reported in Central Delhi (Connaught Place),Central Delhi (Connaught Place),False,Central Delhi (Connaught Place),28.63817841740661,77.19816827264047
"FIR No. 0709/2026, P.S. Hauz Khas",2026-08-16 23:42:00,THEFT,THEFT incident reported in South Delhi (Hauz Khas),South Delhi (Hauz Khas),False,South Delhi (Hauz Khas),28.55954373171037,77.18857745361798
"FIR No. 0373/2024, P.S. Preet Vihar",2024-06-11 19:22:00,KIDNAPPING,KIDNAPPING incident reported in East Delhi (Preet Vihar),East Delhi (Preet Vihar),False,East Delhi (Preet Vihar),28.66807904911344,77.31961023517852
"FIR No. 0263/2026, P.S. Hauz Khas",2026-04-11 08:36:00,KIDNAPPING,KIDNAPPING incident reported in South Delhi (Hauz Khas),South Delhi (Hauz Khas),False,South Delhi (Hauz Khas),28.569376600205352,77.1736094547188
88667894/2024,2024-04-16 02:37:00,ROBBERY,ROBBERY incident reported in Central Delhi (Connaught Place),Central Delhi (Connaught Place),False,Central Delhi (Connaught Place),28.639470921331867,77.1986087220014
"FIR No. 0485/2026, P.S. Preet Vihar",2026-06-03 22:34:00,BURGLARY,BURGLARY incident reported in East Delhi (Preet Vihar),East Delhi (Preet Vihar),False,East Delhi (Preet Vihar),28.62413489032596,77.29278273679756
"FIR No. 0307/2024, P.S. Dwarka",2024-08-14 16:26:00,THEFT,THEFT incident reported in South West Delhi (Dwarka),South West Delhi (Dwarka),False,South West Delhi (Dwarka),28.61376906940401,77.03475862470434
83264657/2025,2025-08-02 01:59:00,THEFT,THEFT incident reported in South Delhi (Hauz Khas),South Delhi (Hauz Khas),False,South Delhi (Hauz Khas),28.557339010832816,77.19113885500664
"FIR No. 0258/2026, P.S. Preet Vihar",2026-05-12 08:56:00,KIDNAPPING,KIDNAPPING incident reported in East Delhi (Preet Vihar),East Delhi (Preet Vihar),False,East Delhi (Preet Vihar),28.647301360771657,77.31115080065383
"FIR No. 0465/2026, P.S. Parliament Street",2026-08-28 19:48:00,THEFT,THEFT incident reported in New Delhi (Parliament Street),New Delhi (Parliament Street),False,New Delhi (Parliament Street),28.61736689950547,77.21530746527017
"FIR No. 0982/2023, P.S. Rohini",2023-12-25 07:38:00,THEFT,THEFT incident reported in North West Delhi (Rohini),North West Delhi (Rohini),True,North West Delhi (Rohini),28.700169228639645,77.08679470829283
"FIR No. 0244/2026, P.S. Preet Vihar",2026-05-22 18:05:00,ASSAULT,ASSAULT incident reported in East Delhi (Preet Vihar),East Delhi (Preet Vihar),False,East Delhi (Preet Vihar),28.62726264226468,77.30948537448012
"FIR No. 0492/2024, P.S. Dwarka",2024-12-31 22:49:00,ASSAULT,ASSAULT incident reported in South West Delhi (Dwarka),South West Delhi (Dwarka),False,South West Delhi (Dwarka),28.59486377457706,77.04375148663881
"FIR No. 0112/2025, P.S. Preet Vihar",2025-07-14 23:39:00,THEFT,THEFT incident reported in East Delhi (Preet Vihar),East Delhi (Preet Vihar),True,East Delhi (Preet Vihar),28.62959012433791,77.29014182985574
"FIR No. 0294/2023, P.S. Connaught Place",2023-11-02 19:02:00,THEFT,THEFT incident reported in Central Delhi (Connaught Place),Central Delhi (Connaught Place),False,Central Delhi (Connaught Place),28.640163001301907,77.20037576069657
88928061/2024,2024-01-16 10:32:00,THEFT,THEFT incident reported in South Delhi (Hauz Khas),South Delhi (Hauz Khas),True,South Delhi (Hauz Khas),28.57200905639836,77.19018204574715
"FIR No. 0031/2026, P.S. Preet Vihar",2026-01-02 19:08:00,ASSAULT,ASSAULT incident reported in East Delhi (Preet Vihar),East Delhi (Preet Vihar),True,East Delhi (Preet Vihar),28.660986849525024,77.28622479990578
"FIR No. 0270/2023, P.S. Dwarka",2023-07-22 23:38:00,THEFT,THEFT incident reported in South West Delhi (Dwarka),South West Delhi (Dwarka),False,South West Delhi (Dwarka),28.599025978203965,77.05199369057075
"FIR No. 0189/2024, P.S. Preet Vihar",2024-03-19 15:50:00,OTHER,OTHER incident reported in East Delhi (Preet Vihar),East Delhi (Preet Vihar),False,East Delhi (Preet Vihar),28.618928151945383,77.32787825144345
"FIR No. 0659/2024, P.S. Preet Vihar",2024-12-05 22:20:00,ROBBERY,ROBBERY incident reported in East Delhi (Preet Vihar),East Delhi (Preet Vihar),True,East Delhi (Preet Vihar),28.62630695828652,77.27332996642446
"FIR No. 0173/2023, P.S. Connaught Place",2023-06-18 02:37:00,ASSAULT,ASSAULT incident reported in Central Delhi (Connaught Place),Central Delhi (Connaught Place),True,Central Delhi (Connaught Place),28.621884680113915,77.21293997494327
"FIR No. 0537/2026, P.S. Hauz Khas",2026-07-30 09:48:00,THEFT,THEFT incident reported in South Delhi (Hauz Khas),South Delhi (Hauz Khas),False,South Delhi (Hauz Khas),28.53743201337556,77.18391379817774
"FIR No. 0044/2023, P.S. Connaught Place",2023-03-02 08:03:00,OTHER,OTHER incident reported in Central Delhi (Connaught Place),Central Delhi (Connaught Place),False,Central Delhi (Connaught Place),28.61987833559115,77.21199143974259
80883962/2023,2023-02-24 01:33:00,THEFT,THEFT incident reported in South Delhi (Hauz Khas),South Delhi (Hauz Khas),True,South Delhi (Hauz Khas),28.57167040128318,77.17800372559284
"FIR No. 0163/2026, P.S. Hauz Khas",2026-03-12 03:40:00,THEFT,THEFT incident reported in South Delhi (Hauz Khas),South Delhi (Hauz Khas),False,South Delhi (Hauz Khas),28.5614041213554,77.22654757709071
82565099/2026,2026-02-21 23:11:00,KIDNAPPING,KIDNAPPING incident reported in South Delhi (Hauz Khas),South Delhi (Hauz Khas),False,South Delhi (Hauz Khas),28.54705613165108,77.23292137759108
"FIR No. 0021/2023, P.S. Hauz Khas",2023-12-09 00:42:00,THEFT,THEFT incident reported in South Delhi (Hauz Khas),South Delhi (Hauz Khas),False,South Delhi (Hauz Khas),28.54497895110892,77.21468156949818
"FIR No. 0183/2026, P.S. Dwarka",2026-06-26 10:01:00,THEFT,THEFT incident reported in South West Delhi (Dwarka),South West Delhi (Dwarka),False,South West Delhi (Dwarka),28.59779418387017,77.02817579773345
"FIR No. 0739/2023, P.S. Parliament Street",2023-11-02 12:01:00,ROBBERY,ROBBERY incident reported in New Delhi (Parliament Street),New Delhi (Parliament Street),True,New Delhi (Parliament Street),28.61120583359971,77.19775734935702
"FIR No. 0216/2025, P.S. Hauz Khas",2025-06-29 21:18:00,OTHER,OTHER incident reported in South Delhi (Hauz Khas),South Delhi (Hauz Khas),False,South Delhi (Hauz Khas),28.52306542186193,77.19211120360411
82835259/2024,2024-12-22 02:20:00,ASSAULT,ASSAULT incident reported in North West Delhi (Rohini),North West Delhi (Rohini),False,North West Delhi (Rohini),28.68836391422592,77.09961498169392
84878818/2025,2025-08-01 05:34:00,THEFT,THEFT incident reported in Central Delhi (Connaught Place),Central Delhi (Connaught Place),False,Central Delhi (Connaught Place),28.62608889079708,77.20414536108986
"FIR No. 0117/2024, P.S. Hauz Khas",2024-07-26 21:11:00,THEFT,THEFT incident reported in South Delhi (Hauz Khas),South Delhi (Hauz Khas),False,South Delhi (Hauz Khas),28.525580073290488,77.21709214759858
"FIR No. 0696/2025, P.S. Dwarka",2025-10-26 14:57:00,THEFT,THEFT incident reported in South West Delhi (Dwarka),South West Delhi (Dwarka),False,South West Delhi (Dwarka),28.604778584546526,77.02372472802428
"FIR No. 0578/2024, P.S. Dwarka",2024-11-06 03:21:00,THEFT,THEFT incident reported in South West Delhi (Dwarka),South West Delhi (Dwarka),False,South West Delhi (Dwarka),28.573835252879658,77.04205524120574
"FIR No. 0009/2026, P.S. Rohini",2026-03-14 22:26:00,THEFT,THEFT incident reported in North West Delhi (Rohini),North West Delhi (Rohini),False,North West Delhi (Rohini),28.701222291222315,77.06992910167632
"FIR No. 0322/2024, P.S. Connaught Place",2024-05-28 22:42:00,ASSAULT,ASSAULT incident reported in Central Delhi (Connaught Place),Central Delhi (Connaught Place),True,Central Delhi (Connaught Place),28.66381983678089,77.21485987201511
"FIR No. 0382/2023, P.S. Preet Vihar",2023-05-26 01:57:00,ROBBERY,ROBBERY incident reported in East Delhi (Preet Vihar),East Delhi (Preet Vihar),False,East Delhi (Preet Vihar),28.62139591165916,77.3130511191373
"FIR No. 0983/2025, P.S. Hauz Khas",2025-09-24 05:12:00,ROBBERY,ROBBERY incident reported in South Delhi (Hauz Khas),South Delhi (Hauz Khas),True,South Delhi (Hauz Khas),28.53237300890808,77.14104541153159
"FIR No. 0166/2023, P.S. Hauz Khas",2023-02-24 05:56:00,THEFT,THEFT incident reported in South Delhi (Hauz Khas),South Delhi (Hauz Khas),False,South Delhi (Hauz Khas),28.54012804238704,77.21125012205606
"FIR No. 0151/2023, P.S. Preet Vihar",2023-03-28 20:40:00,THEFT,THEFT incident reported in East Delhi (Preet Vihar),East Delhi (Preet Vihar),True,East Delhi (Preet Vihar),28.63095011378148,77.30020700467344
"FIR No. 0014/2024, P.S. Connaught Place",2024-02-25 21:54:00,ROBBERY,ROBBERY incident reported in Central Delhi (Connaught Place),Central Delhi (Connaught Place),False,Central Delhi (Connaught Place),28.638183928270788,77.19796843439434
"FIR No. 0355/2026, P.S. Preet Vihar",2026-07-14 08:34:00,BURGLARY,BURGLARY incident reported in East Delhi (Preet Vihar),East Delhi (Preet Vihar),False,East Delhi (Preet Vihar),28.63112044326673,77.3015311025174
82237081/2023,2023-01-09 19:30:00,BURGLARY,BURGLARY incident reported in South Delhi (Hauz Khas),South Delhi (Hauz Khas),False,South Delhi (Hauz Khas),28.56241706358697,77.18622579150436
"FIR No. 0141/2024, P.S. Preet Vihar",2024-04-28 14:43:00,THEFT,THEFT incident reported in East Delhi (Preet Vihar),East Delhi (Preet Vihar),False,East Delhi (Preet Vihar),28.65133207441996,77.31714383361778
89531489/2024,2024-06-21 11:20:00,ROBBERY,ROBBERY incident reported in North West Delhi (Rohini),North West Delhi (Rohini),False,North West Delhi (Rohini),28.71068555590538,77.11018918360966
"FIR No. 0504/2024, P.S. Dwarka",2024-10-13 22:00:00,THEFT,THEFT incident reported in South West Delhi (Dwarka),South West Delhi (Dwarka),False,South West Delhi (Dwarka),28.569351248599187,77.03196860264892
"FIR No. 0705/2025, P.S. Rohini",2025-09-05 10:25:00,ASSAULT,ASSAULT incident reported in North West Delhi (Rohini),North West Delhi (Rohini),False,North West Delhi (Rohini),28.68991440056634,77.09426327476909
87662228/2023,2023-11-17 05:12:00,ASSAULT,ASSAULT incident reported in South West Delhi (Dwarka),South West Delhi (Dwarka),False,South West Delhi (Dwarka),28.57561980860314,77.0368616722631
"FIR No. 0520/2024, P.S. Dwarka",2024-07-10 22:35:00,ROBBERY,ROBBERY incident reported in South West Delhi (Dwarka),South West Delhi (Dwarka),False,South West Delhi (Dwarka),28.56633114696756,77.04652056071028
"FIR No. 0397/2023, P.S. Rohini",2023-07-19 14:42:00,ROBBERY,ROBBERY incident reported in North West Delhi (Rohini),North West Delhi (Rohini),False,North West Delhi (Rohini),28.677253160940467,77.09516619351938
85068806/2024,2024-02-09 07:34:00,ASSAULT,ASSAULT incident reported in Central Delhi (Connaught Place),Central Delhi (Connaught Place),False,Central Delhi (Connaught Place),28.641091747426707,77.22889953330807
"FIR No. 0199/2026, P.S. Parliament Street",2026-04-08 00:15:00,THEFT,THEFT incident reported in New Delhi (Parliament Street),New Delhi (Parliament Street),True,New Delhi (Parliament Street),28.61094707641422,77.22518710244515
"FIR No. 0081/2026, P.S. Rohini",2026-02-11 14:35:00,ASSAULT,ASSAULT incident reported in North West Delhi (Rohini),North West Delhi (Rohini),False,North West Delhi (Rohini),28.71807219238628,77.10746081226041
"FIR No. 0605/2023, P.S. Connaught Place",2023-12-17 09:49:00,THEFT,THEFT incident reported in Central Delhi (Connaught Place),Central Delhi (Connaught Place),True,Central Delhi (Connaught Place),28.63765901244573,77.21834464705677
"FIR No. 0815/2025, P.S. Rohini",2025-11-29 16:10:00,ASSAULT,ASSAULT incident reported in North West Delhi (Rohini),North West Delhi (Rohini),False,North West Delhi (Rohini),28.70215014985782,77.08367080531094
86526379/2025,2025-03-17 01:02:00,BURGLARY,BURGLARY incident reported in Central Delhi (Connaught Place),Central Delhi (Connaught Place),False,Central Delhi (Connaught Place),28.62593924842511,77.20612576997661
"FIR No. 0443/2025, P.S. Connaught Place",2025-12-10 23:11:00,THEFT,THEFT incident reported in Central Delhi (Connaught Place),Central Delhi (Connaught Place),False,Central Delhi (Connaught Place),28.64287736151476,77.2247502405726
"FIR No. 0036/2026, P.S. Preet Vihar",2026-01-20 07:32:00,THEFT,THEFT incident reported in East Delhi (Preet Vihar),East Delhi (Preet Vihar),False,East Delhi (Preet Vihar),28.649549425905764,77.29733064250827
80498092/2024,2024-04-11 06:27:00,ASSAULT,ASSAULT incident reported in South Delhi (Hauz Khas),South Delhi (Hauz Khas),False,South Delhi (Hauz Khas),28.576582107351683,77.21374154536704
88668699/2024,2024-01-04 01:11:00,ASSAULT,ASSAULT incident reported in South Delhi (Hauz Khas),South Delhi (Hauz Khas),False,South Delhi (Hauz Khas),28.552036217676896,77.21280100183942
"FIR No. 0101/2026, P.S. Hauz Khas",2026-04-25 00:35:00,THEFT,THEFT incident reported in South Delhi (Hauz Khas),South Delhi (Hauz Khas),False,South Delhi (Hauz Khas),28.562941208047004,77.19868710761413
87955248/2024,2024-04-23 19:49:00,THEFT,THEFT incident reported in South West Delhi (Dwarka),South West Delhi (Dwarka),True,South West Delhi (Dwarka),28.57374627217097,77.04756865317837
"FIR No. 0365/2023, P.S. Hauz Khas",2023-05-22 04:32:00,ASSAULT,ASSAULT incident reported in South Delhi (Hauz Khas),South Delhi (Hauz Khas),True,South Delhi (Hauz Khas),28.585662013804345,77.22131428195053
"FIR No. 0270/2024, P.S. Hauz Khas",2024-03-31 03:18:00,ASSAULT,ASSAULT incident reported in South Delhi (Hauz Khas),South Delhi (Hauz Khas),False,South Delhi (Hauz Khas),28.56931322055897,77.16726946275892
"FIR No. 0552/2024, P.S. Preet Vihar",2024-07-15 00:36:00,THEFT,THEFT incident reported in East Delhi (Preet Vihar),East Delhi (Preet Vihar),True,East Delhi (Preet Vihar),28.638737414212155,77.30022456774721
87641944/2023,2023-05-22 10:15:00,THEFT,THEFT incident reported in Central Delhi (Connaught Place),Central Delhi (Connaught Place),True,Central Delhi (Connaught Place),28.640416091898544,77.22387103007449
81899315/2023,2023-05-03 10:08:00,THEFT,THEFT incident reported in Central Delhi (Connaught Place),Central Delhi (Connaught Place),False,Central Delhi (Connaught Place),28.62623935977378,77.21282230068776
"FIR No. 0665/2024, P.S. Hauz Khas",2024-08-22 07:40:00,BURGLARY,BURGLARY incident reported in South Delhi (Hauz Khas),South Delhi (Hauz Khas),False,South Delhi (Hauz Khas),28.509252542771616,77.21112394394186
"FIR No. 1176/2023, P.S. Parliament Street",2023-12-27 16:03:00,THEFT,THEFT incident reported in New Delhi (Parliament Street),New Delhi (Parliament Street),True,New Delhi (Parliament Street),28.64896278770781,77.23357769470498
"FIR No. 0178/2025, P.S. Rohini",2025-06-05 00:45:00,ROBBERY,ROBBERY incident reported in North West Delhi (Rohini),North West Delhi (Rohini),False,North West Delhi (Rohini),28.69155799434013,77.08976979457508
"FIR No. 0282/2026, P.S. Rohini",2026-05-12 16:25:00,THEFT,THEFT incident reported in North West Delhi (Rohini),North West Delhi (Rohini),False,North West Delhi (Rohini),28.72529220466105,77.08497128402738
"FIR No. 0019/2024, P.S. Connaught Place",2024-01-10 21:28:00,THEFT,THEFT incident reported in Central Delhi (Connaught Place),Central Delhi (Connaught Place),True,Central Delhi (Connaught Place),28.617289852541184,77.21586311419414
"FIR No. 0020/2026, P.S. Connaught Place",2026-03-20 18:03:00,ROBBERY,ROBBERY incident reported in Central Delhi (Connaught Place),Central Delhi (Connaught Place),True,Central Delhi (Connaught Place),28.6425614179832,77.24030001141861
"FIR No. 0178/2025, P.S. Rohini",2025-12-18 13:25:00,ROBBERY,ROBBERY incident reported in North West Delhi (Rohini),North West Delhi (Rohini),True,North West Delhi (Rohini),28.69805015626679,77.09771669084517
"FIR No. 0083/2024, P.S. Connaught Place",2024-01-01 10:16:00,OTHER,OTHER incident reported in Central Delhi (Connaught Place),Central Delhi (Connaught Place),False,Central Delhi (Connaught Place),28.610162515516656,77.21330572093058
"FIR No. 0252/2025, P.S. Hauz Khas",2025-05-05 08:28:00,THEFT,THEFT incident reported in South Delhi (Hauz Khas),South Delhi (Hauz Khas),False,South Delhi (Hauz Khas),28.54867023904394,77.18719299130379
"FIR No. 0420/2023, P.S. Hauz Khas",2023-06-19 04:40:00,ASSAULT,ASSAULT incident reported in South Delhi (Hauz Khas),South Delhi (Hauz Khas),False,South Delhi (Hauz Khas),28.56508365154318,77.17013074580275
"FIR No. 0162/2023, P.S. Preet Vihar",2023-03-05 10:14:00,ROBBERY,ROBBERY incident reported in East Delhi (Preet Vihar),East Delhi (Preet Vihar),False,East Delhi (Preet Vihar),28.647039370369843,77.3022679221536
"FIR No. 1037/2023, P.S. Parliament Street",2023-11-03 14:24:00,BURGLARY,BURGLARY incident reported in New Delhi (Parliament Street),New Delhi (Parliament Street),False,New Delhi (Parliament Street),28.62874406755755,77.21281019198396
"FIR No. 1300/2025, P.S. Preet Vihar",2025-12-26 22:00:00,THEFT,THEFT incident reported in East Delhi (Preet Vihar),East Delhi (Preet Vihar),False,East Delhi (Preet Vihar),28.62034720765768,77.29832632556821
"FIR No. 0735/2024, P.S. Rohini",2024-09-26 23:49:00,THEFT,THEFT incident reported in North West Delhi (Rohini),North West Delhi (Rohini),False,North West Delhi (Rohini),28.7296923577288,77.11615495325924
"FIR No. 0493/2024, P.S. Connaught Place",2024-05-29 07:40:00,ROBBERY,ROBBERY incident reported in Central Delhi (Connaught Place),Central Delhi (Connaught Place),False,Central Delhi (Connaught Place),28.64210616868233,77.19557374979166
"FIR No. 0167/2025, P.S. Dwarka",2025-08-02 16:24:00,ASSAULT,ASSAULT incident reported in South West Delhi (Dwarka),South West Delhi (Dwarka),False,South West Delhi (Dwarka),28.613565491847087,77.05136387780445
"FIR No. 0368/2024, P.S. Hauz Khas",2024-09-16 10:19:00,THEFT,THEFT incident reported in South Delhi (Hauz Khas),South Delhi (Hauz Khas),True,South Delhi (Hauz Khas),28.5446575791593,77.19715812702019
"FIR No. 0137/2024, P.S. Connaught Place",2024-04-24 04:56:00,ROBBERY,ROBBERY incident reported in Central Delhi (Connaught Place),Central Delhi (Connaught Place),False,Central Delhi (Connaught Place),28.622820789085544,77.2153196225542
"FIR No. 0211/2023, P.S. Connaught Place",2023-10-21 00:30:00,ASSAULT,ASSAULT incident reported in Central Delhi (Connaught Place),Central Delhi (Connaught Place),False,Central Delhi (Connaught Place),28.630061196162856,77.23338696854499
85642412/2025,2025-02-12 13:37:00,ROBBERY,ROBBERY incident reported in Central Delhi (Connaught Place),Central Delhi (Connaught Place),False,Central Delhi (Connaught Place),28.63804569118231,77.2086081057372
"FIR No. 0028/2024, P.S. Connaught Place",2024-02-29 05:21:00,THEFT,THEFT incident reported in Central Delhi (Connaught Place),Central Delhi (Connaught Place),False,Central Delhi (Connaught Place),28.6608950295984,77.21697400082758
82348614/2024,2024-08-04 15:29:00,ASSAULT,ASSAULT incident reported in South West Delhi (Dwarka),South West Delhi (Dwarka),False,South West Delhi (Dwarka),28.60007300671322,77.04057870839323
"FIR No. 0054/2026, P.S. Rohini",2026-02-26 11:12:00,ASSAULT,ASSAULT incident reported in North West Delhi (Rohini),North West Delhi (Rohini),False,North West Delhi (Rohini),28.70017862564401,77.09553323277238
"FIR No. 0147/2023, P.S. Hauz Khas",2023-03-15 15:04:00,ASSAULT,ASSAULT incident reported in South Delhi (Hauz Khas),South Delhi (Hauz Khas),False,South Delhi (Hauz Khas),28.532691436665665,77.2016093553568
"FIR No. 0284/2025, P.S. Connaught Place",2025-06-27 21:34:00,ASSAULT,ASSAULT incident reported in Central Delhi (Connaught Place),Central Delhi (Connaught Place),False,Central Delhi (Connaught Place),28.60829906362888,77.21875717264369
83236380/2025,2025-12-22 22:22:00,ASSAULT,ASSAULT incident reported in North West Delhi (Rohini),North West Delhi (Rohini),False,North West Delhi (Rohini),28.71505773772401,77.11164030891024
"FIR No. 0064/2024, P.S. Rohini",2024-08-06 05:42:00,KIDNAPPING,KIDNAPPING incident reported in North West Delhi (Rohini),North West Delhi (Rohini),True,North West Delhi (Rohini),28.68314339413013,77.11365307461242
"FIR No. 0098/2023, P.S. Preet Vihar",2023-11-28 23:37:00,THEFT,THEFT incident reported in East Delhi (Preet Vihar),East Delhi (Preet Vihar),False,East Delhi (Preet Vihar),28.623886917839148,77.29310114397944
"FIR No. 0298/2026, P.S. Dwarka",2026-07-22 15:41:00,ASSAULT,ASSAULT incident reported in South West Delhi (Dwarka),South West Delhi (Dwarka),False,South West Delhi (Dwarka),28.5959557846698,77.0598457820437
"FIR No. 0029/2024, P.S. Connaught Place",2024-04-12 07:12:00,BURGLARY,BURGLARY incident reported in Central Delhi (Connaught Place),Central Delhi (Connaught Place),True,Central Delhi (Connaught Place),28.60649048864117,77.2194290951014
"FIR No. 0220/2023, P.S. Rohini",2023-03-27 21:31:00,THEFT,THEFT incident reported in North West Delhi (Rohini),North West Delhi (Rohini),False,North West Delhi (Rohini),28.705039114031354,77.07824742419679
"FIR No. 0586/2023, P.S. Connaught Place",2023-07-24 04:08:00,ASSAULT,ASSAULT incident reported in Central Delhi (Connaught Place),Central Delhi (Connaught Place),False,Central Delhi (Connaught Place),28.63771345241308,77.20764506001336
"FIR No. 0184/2026, P.S. Hauz Khas",2026-06-19 22:32:00,ASSAULT,ASSAULT incident reported in South Delhi (Hauz Khas),South Delhi (Hauz Khas),False,South Delhi (Hauz Khas),28.58279258861485,77.19573939746762
81035517/2024,2024-05-29 11:09:00,ROBBERY,ROBBERY incident reported in South West Delhi (Dwarka),South West Delhi (Dwarka),False,South West Delhi (Dwarka),28.59427990462991,77.0279198724586
"FIR No. 0232/2024, P.S. Preet Vihar",2024-07-11 09:31:00,THEFT,THEFT incident reported in East Delhi (Preet Vihar),East Delhi (Preet Vihar),False,East Delhi (Preet Vihar),28.65888931881269,77.27876643807764
81231906/2025,2025-09-11 06:59:00,BURGLARY,BURGLARY incident reported in North West Delhi (Rohini),North West Delhi (Rohini),True,North West Delhi (Rohini),28.71551832657688,77.09206925348762
88158781/2026,2026-01-21 23:56:00,ASSAULT,ASSAULT incident reported in Central Delhi (Connaught Place),Central Delhi (Connaught Place),False,Central Delhi (Connaught Place),28.64227782096589,77.201521474593
"FIR No. 0344/2024, P.S. Dwarka",2024-10-12 12:20:00,BURGLARY,BURGLARY incident reported in South West Delhi (Dwarka),South West Delhi (Dwarka),False,South West Delhi (Dwarka),28.60494750268877,77.06289387573048
85557600/2023,2023-08-14 15:20:00,THEFT,THEFT incident reported in South Delhi (Hauz Khas),South Delhi (Hauz Khas),False,South Delhi (Hauz Khas),28.54628871115361,77.17716585708496
"FIR No. 0094/2025, P.S. Rohini",2025-04-24 04:23:00,ROBBERY,ROBBERY incident reported in North West Delhi (Rohini),North West Delhi (Rohini),False,North West Delhi (Rohini),28.701009482678312,77.10629028743801
"FIR No. 0304/2026, P.S. Parliament Street",2026-04-09 21:31:00,ASSAULT,ASSAULT incident reported in New Delhi (Parliament Street),New Delhi (Parliament Street),False,New Delhi (Parliament Street),28.64585023094233,77.21291771215104
"FIR No. 0386/2025, P.S. Preet Vihar",2025-04-09 05:12:00,ASSAULT,ASSAULT incident reported in East Delhi (Preet Vihar),East Delhi (Preet Vihar),False,East Delhi (Preet Vihar),28.618686021302608,77.30288190583643
"FIR No. 0377/2024, P.S. Connaught Place",2024-07-28 06:22:00,ROBBERY,ROBBERY incident reported in Central Delhi (Connaught Place),Central Delhi (Connaught Place),False,Central Delhi (Connaught Place),28.64101490687329,77.22025351283418
"FIR No. 0315/2025, P.S. Hauz Khas",2025-10-25 11:45:00,THEFT,THEFT incident reported in South Delhi (Hauz Khas),South Delhi (Hauz Khas),False,South Delhi (Hauz Khas),28.530750384795144,77.17102373422345
89906211/2025,2025-06-30 15:34:00,ASSAULT,ASSAULT incident reported in South Delhi (Hauz Khas),South Delhi (Hauz Khas),False,South Delhi (Hauz Khas),28.53544764253424,77.17505362062766
"FIR No. 0683/2023, P.S. Hauz Khas",2023-09-26 17:49:00,ROBBERY,ROBBERY incident reported in South Delhi (Hauz Khas),South Delhi (Hauz Khas),True,South Delhi (Hauz Khas),28.53656944742479,77.18872494751832
"FIR No. 0242/2023, P.S. Preet Vihar",2023-06-16 11:47:00,KIDNAPPING,KIDNAPPING incident reported in East Delhi (Preet Vihar),East Delhi (Preet Vihar),False,East Delhi (Preet Vihar),28.629130944075683,77.29571535322862
82372805/2025,2025-09-11 05:45:00,ASSAULT,ASSAULT incident reported in Central Delhi (Connaught Place),Central Delhi (Connaught Place),False,Central Delhi (Connaught Place),28.63044453195193,77.21417785795067
"FIR No. 0186/2023, P.S. Connaught Place",2023-03-01 17:50:00,ASSAULT,ASSAULT incident reported in Central Delhi (Connaught Place),Central Delhi (Connaught Place),False,Central Delhi (Connaught Place),28.60428341375305,77.22633036091659
"FIR No. 0045/2026, P.S. Rohini",2026-04-05 16:57:00,KIDNAPPING,KIDNAPPING incident reported in North West Delhi (Rohini),North West Delhi (Rohini),False,North West Delhi (Rohini),28.69152219686278,77.09663147652283
"FIR No. 0647/2026, P.S. Rohini",2026-07-14 17:02:00,THEFT,THEFT incident reported in North West Delhi (Rohini),North West Delhi (Rohini),False,North West Delhi (Rohini),28.71058290659925,77.13033529228524
83170583/2024,2024-06-08 09:58:00,THEFT,THEFT incident reported in Central Delhi (Connaught Place),Central Delhi (Connaught Place),False,Central Delhi (Connaught Place),28.65027998652905,77.2354837560668
"FIR No. 0140/2024, P.S. Hauz Khas",2024-02-16 04:16:00,BURGLARY,BURGLARY incident reported in South Delhi (Hauz Khas),South Delhi (Hauz Khas),False,South Delhi (Hauz Khas),28.57475394557634,77.17882454120311
"FIR No. 0437/2023, P.S. Connaught Place",2023-10-01 10:14:00,THEFT,THEFT incident reported in Central Delhi (Connaught Place),Central Delhi (Connaught Place),False,Central Delhi (Connaught Place),28.670084132589096,77.20824622275822
"FIR No. 0024/2025, P.S. Rohini",2025-04-21 21:52:00,ROBBERY,ROBBERY incident reported in North West Delhi (Rohini),North West Delhi (Rohini),True,North West Delhi (Rohini),28.705127916011293,77.0892065750647
"FIR No. 0235/2026, P.S. Connaught Place",2026-04-14 16:20:00,ASSAULT,ASSAULT incident reported in Central Delhi (Connaught Place),Central Delhi (Connaught Place),False,Central Delhi (Connaught Place),28.613702131829605,77.213338744615
"FIR No. 0811/2024, P.S. Connaught Place",2024-09-29 03:51:00,BURGLARY,BURGLARY incident reported in Central Delhi (Connaught Place),Central Delhi (Connaught Place),False,Central Delhi (Connaught Place),28.644714044659548,77.22684402817016
"FIR No. 0385/2023, P.S. Preet Vihar",2023-06-05 04:42:00,THEFT,THEFT incident reported in East Delhi (Preet Vihar),East Delhi (Preet Vihar),False,East Delhi (Preet Vihar),28.644415845304067,77.29208543619765
"FIR No. 0016/2026, P.S. Rohini",2026-02-26 16:46:00,THEFT,THEFT incident reported in North West Delhi (Rohini),North West Delhi (Rohini),True,North West Delhi (Rohini),28.7368462375963,77.13412719555913
"FIR No. 0101/2023, P.S. Parliament Street",2023-02-22 17:20:00,THEFT,THEFT incident reported in New Delhi (Parliament Street),New Delhi (Parliament Street),False,New Delhi (Parliament Street),28.62872892461505,77.19603329805012
"FIR No. 0513/2025, P.S. Dwarka",2025-12-05 16:19:00,ASSAULT,ASSAULT incident reported in South West Delhi (Dwarka),South West Delhi (Dwarka),False,South West Delhi (Dwarka),28.60085310232591,77.04462542425779
"FIR No. 0333/2026, P.S. Rohini",2026-04-07 19:50:00,ASSAULT,ASSAULT incident reported in North West Delhi (Rohini),North West Delhi (Rohini),True,North West Delhi (Rohini),28.690960156670663,77.08924906471331
"FIR No. 0305/2023, P.S. Hauz Khas",2023-07-06 08:46:00,THEFT,THEFT incident reported in South Delhi (Hauz Khas),South Delhi (Hauz Khas),False,South Delhi (Hauz Khas),28.54318053375994,77.18246827016016
"FIR No. 0348/2024, P.S. Rohini",2024-04-27 13:34:00,ROBBERY,ROBBERY incident reported in North West Delhi (Rohini),North West Delhi (Rohini),True,North West Delhi (Rohini),28.704196740050577,77.09395978468004
"FIR No. 0281/2023, P.S. Rohini",2023-12-23 17:45:00,ROBBERY,ROBBERY incident reported in North West Delhi (Rohini),North West Delhi (Rohini),False,North West Delhi (Rohini),28.710468097576666,77.10886357506486
"FIR No. 0333/2024, P.S. Preet Vihar",2024-05-07 13:42:00,THEFT,THEFT incident reported in East Delhi (Preet Vihar),East Delhi (Preet Vihar),False,East Delhi (Preet Vihar),28.62460091503254,77.30654866494831
"FIR No. 0073/2026, P.S. Rohini",2026-01-02 14:10:00,BURGLARY,BURGLARY incident reported in North West Delhi (Rohini),North West Delhi (Rohini),False,North West Delhi (Rohini),28.69897984703965,77.11385480896752
85518045/2024,2024-04-27 07:17:00,BURGLARY,BURGLARY incident reported in South West Delhi (Dwarka),South West Delhi (Dwarka),False,South West Delhi (Dwarka),28.577283001920733,77.06802797744356
"FIR No. 0143/2024, P.S. Hauz Khas",2024-04-14 08:12:00,ROBBERY,ROBBERY incident reported in South Delhi (Hauz Khas),South Delhi (Hauz Khas),True,South Delhi (Hauz Khas),28.55330497007581,77.21291735551048
"FIR No. 0332/2026, P.S. Hauz Khas",2026-06-24 13:06:00,THEFT,THEFT incident reported in South Delhi (Hauz Khas),South Delhi (Hauz Khas),False,South Delhi (Hauz Khas),28.55362251508456,77.18151097973058
"FIR No. 0146/2024, P.S. Parliament Street",2024-06-27 05:08:00,THEFT,THEFT incident reported in New Delhi (Parliament Street),New Delhi (Parliament Street),False,New Delhi (Parliament Street),28.612709635642016,77.20076837461596
"FIR No. 0226/2023, P.S. Hauz Khas",2023-03-26 01:04:00,ROBBERY,ROBBERY incident reported in South Delhi (Hauz Khas),South Delhi (Hauz Khas),False,South Delhi (Hauz Khas),28.56027857791473,77.19987564223919
"FIR No. 0346/2025, P.S. Connaught Place",2025-11-21 09:44:00,THEFT,THEFT incident reported in Central Delhi (Connaught Place),Central Delhi (Connaught Place),True,Central Delhi (Connaught Place),28.60950619269468,77.21356214837247
"FIR No. 0102/2024, P.S. Connaught Place",2024-01-01 09:58:00,BURGLARY,BURGLARY incident reported in Central Delhi (Connaught Place),Central Delhi (Connaught Place),True,Central Delhi (Connaught Place),28.63913114779173,77.19835462596767
"FIR No. 0170/2023, P.S. Dwarka",2023-05-01 00:34:00,ROBBERY,ROBBERY incident reported in South West Delhi (Dwarka),South West Delhi (Dwarka),False,South West Delhi (Dwarka),28.61542388720599,77.05062941819365
"FIR No. 0184/2023, P.S. Parliament Street",2023-12-02 21:55:00,BURGLARY,BURGLARY incident reported in New Delhi (Parliament Street),New Delhi (Parliament Street),False,New Delhi (Parliament Street),28.60551312065402,77.23829726643947
83630557/2023,2023-09-08 01:23:00,THEFT,THEFT incident reported in New Delhi (Parliament Street),New Delhi (Parliament Street),False,New Delhi (Parliament Street),28.617438087221863,77.2321009284241
89379705/2024,2024-08-29 13:00:00,THEFT,THEFT incident reported in Central Delhi (Connaught Place),Central Delhi (Connaught Place),False,Central Delhi (Connaught Place),28.630826823512425,77.24370638425873
"FIR No. 1199/2024, P.S. Preet Vihar",2024-12-24 08:39:00,OTHER,OTHER incident reported in East Delhi (Preet Vihar),East Delhi (Preet Vihar),False,East Delhi (Preet Vihar),28.644633847056173,77.31327417052333
"FIR No. 0327/2024, P.S. Connaught Place",2024-04-29 22:48:00,ASSAULT,ASSAULT incident reported in Central Delhi (Connaught Place),Central Delhi (Connaught Place),False,Central Delhi (Connaught Place),28.64099527400137,77.20885553912687
"FIR No. 0062/2025, P.S. Preet Vihar",2025-01-20 06:36:00,THEFT,THEFT incident reported in East Delhi (Preet Vihar),East Delhi (Preet Vihar),False,East Delhi (Preet Vihar),28.64881824869124,77.28059359819174
"FIR No. 0303/2024, P.S. Rohini",2024-05-23 13:02:00,THEFT,THEFT incident reported in North West Delhi (Rohini),North West Delhi (Rohini),False,North West Delhi (Rohini),28.70530912491042,77.10392785176249
"FIR No. 0378/2023, P.S. Rohini",2023-11-10 04:23:00,THEFT,THEFT incident reported in North West Delhi (Rohini),North West Delhi (Rohini),False,North West Delhi (Rohini),28.713962884062703,77.08205970860841
87462868/2024,2024-08-26 16:39:00,ASSAULT,ASSAULT incident reported in South Delhi (Hauz Khas),South Delhi (Hauz Khas),False,South Delhi (Hauz Khas),28.546279587430227,77.18736053786165
"FIR No. 1059/2024, P.S. Hauz Khas",2024-12-10 04:35:00,ASSAULT,ASSAULT incident reported in South Delhi (Hauz Khas),South Delhi (Hauz Khas),False,South Delhi (Hauz Khas),28.534670855254987,77.18506250160712
83197074/2023,2023-06-30 08:46:00,OTHER,OTHER incident reported in Central Delhi (Connaught Place),Central Delhi (Connaught Place),True,Central Delhi (Connaught Place),28.612014967040363,77.19997108152957
"FIR No. 0160/2025, P.S. Rohini",2025-05-29 17:03:00,THEFT,THEFT incident reported in North West Delhi (Rohini),North West Delhi (Rohini),False,North West Delhi (Rohini),28.697029509788983,77.09396937782482
89862375/2024,2024-05-29 02:21:00,ASSAULT,ASSAULT incident reported in New Delhi (Parliament Street),New Delhi (Parliament Street),True,New Delhi (Parliament Street),28.61776233306278,77.21758362952117
"FIR No. 0063/2025, P.S. Connaught Place",2025-02-20 07:30:00,ROBBERY,ROBBERY incident reported in Central Delhi (Connaught Place),Central Delhi (Connaught Place),False,Central Delhi (Connaught Place),28.64347959835528,77.23986841261545
"FIR No. 0009/2023, P.S. Preet Vihar",2023-02-19 04:50:00,ROBBERY,ROBBERY incident reported in East Delhi (Preet Vihar),East Delhi (Preet Vihar),False,East Delhi (Preet Vihar),28.645261962533777,77.30447309864181
"FIR No. 0197/2025, P.S. Hauz Khas",2025-03-13 14:02:00,BURGLARY,BURGLARY incident reported in South Delhi (Hauz Khas),South Delhi (Hauz Khas),True,South Delhi (Hauz Khas),28.541932366679205,77.19135646524354
"FIR No. 0037/2024, P.S. Hauz Khas",2024-01-25 23:56:00,ROBBERY,ROBBERY incident reported in South Delhi (Hauz Khas),South Delhi (Hauz Khas),True,South Delhi (Hauz Khas),28.57658439518437,77.19853611657132
"FIR No. 0341/2025, P.S. Hauz Khas",2025-07-01 07:17:00,OTHER,OTHER incident reported in South Delhi (Hauz Khas),South Delhi (Hauz Khas),False,South Delhi (Hauz Khas),28.55976092184111,77.22156367552222
"FIR No. 0820/2024, P.S. Connaught Place",2024-10-25 18:41:00,ROBBERY,ROBBERY incident reported in Central Delhi (Connaught Place),Central Delhi (Connaught Place),False,Central Delhi (Connaught Place),28.6358902094522,77.20640650188543
"FIR No. 0344/2025, P.S. Parliament Street",2025-07-22 23:41:00,THEFT,THEFT incident reported in New Delhi (Parliament Street),New Delhi (Parliament Street),True,New Delhi (Parliament Street),28.634282174803808,77.22791182869845
"FIR No. 0201/2024, P.S. Hauz Khas",2024-06-12 18:30:00,ROBBERY,ROBBERY incident reported in South Delhi (Hauz Khas),South Delhi (Hauz Khas),False,South Delhi (Hauz Khas),28.56487627956469,77.20387717425946
"FIR No. 0466/2023, P.S. Rohini",2023-11-19 03:14:00,THEFT,THEFT incident reported in North West Delhi (Rohini),North West Delhi (Rohini),False,North West Delhi (Rohini),28.705682827830326,77.09407521201673
"FIR No. 0369/2025, P.S. Rohini",2025-05-25 11:17:00,ROBBERY,ROBBERY incident reported in North West Delhi (Rohini),North West Delhi (Rohini),False,North West Delhi (Rohini),28.714161238942967,77.1031842289103
"FIR No. 0612/2023, P.S. Preet Vihar",2023-07-28 04:46:00,THEFT,THEFT incident reported in East Delhi (Preet Vihar),East Delhi (Preet Vihar),False,East Delhi (Preet Vihar),28.63150305588368,77.29932821398354
"FIR No. 0012/2023, P.S. Dwarka",2023-01-12 00:51:00,THEFT,THEFT incident reported in South West Delhi (Dwarka),South West Delhi (Dwarka),False,South West Delhi (Dwarka),28.583384223128373,77.04889796872293
"FIR No. 0149/2026, P.S. Preet Vihar",2026-05-14 17:25:00,THEFT,THEFT incident reported in East Delhi (Preet Vihar),East Delhi (Preet Vihar),False,East Delhi (Preet Vihar),28.621326483161777,77.28407259701928
88224187/2024,2024-04-26 18:37:00,THEFT,THEFT incident reported in South West Delhi (Dwarka),South West Delhi (Dwarka),True,South West Delhi (Dwarka),28.599377592240625,77.03634924813585
"FIR No. 0624/2026, P.S. Rohini",2026-08-19 00:31:00,THEFT,THEFT incident reported in North West Delhi (Rohini),North West Delhi (Rohini),False,North West Delhi (Rohini),28.704481688177324,77.10052877243254
89925110/2024,2024-12-09 01:58:00,THEFT,THEFT incident reported in East Delhi (Preet Vihar),East Delhi (Preet Vihar),True,East Delhi (Preet Vihar),28.63931746918953,77.2942413268585
"FIR No. 0173/2024, P.S. Rohini",2024-04-03 12:13:00,THEFT,THEFT incident reported in North West Delhi (Rohini),North West Delhi (Rohini),False,North West Delhi (Rohini),28.717425463013388,77.09998395409345
"FIR No. 0216/2024, P.S. Preet Vihar",2024-04-10 10:31:00,ASSAULT,ASSAULT incident reported in East Delhi (Preet Vihar),East Delhi (Preet Vihar),False,East Delhi (Preet Vihar),28.633253518940908,77.27458979714119
"FIR No. 0016/2025, P.S. Hauz Khas",2025-02-02 01:37:00,THEFT,THEFT incident reported in South Delhi (Hauz Khas),South Delhi (Hauz Khas),False,South Delhi (Hauz Khas),28.557999899658665,77.21136196697095
85237751/2026,2026-03-15 19:58:00,ROBBERY,ROBBERY incident reported in Central Delhi (Connaught Place),Central Delhi (Connaught Place),False,Central Delhi (Connaught Place),28.60485057436988,77.22224126383223
"FIR No. 0294/2023, P.S. Preet Vihar",2023-03-25 22:17:00,ROBBERY,ROBBERY incident reported in East Delhi (Preet Vihar),East Delhi (Preet Vihar),False,East Delhi (Preet Vihar),28.623320776474223,77.28867035716439
"FIR No. 0135/2024, P.S. Connaught Place",2024-03-17 03:09:00,ROBBERY,ROBBERY incident reported in Central Delhi (Connaught Place),Central Delhi (Connaught Place),True,Central Delhi (Connaught Place),28.602111584352883,77.18752630388157
"FIR No. 0286/2025, P.S. Dwarka",2025-11-04 03:06:00,ROBBERY,ROBBERY incident reported in South West Delhi (Dwarka),South West Delhi (Dwarka),True,South West Delhi (Dwarka),28.616449843271823,77.05111918149551
"FIR No. 0194/2025, P.S. Hauz Khas",2025-04-08 08:15:00,THEFT,THEFT incident reported in South Delhi (Hauz Khas),South Delhi (Hauz Khas),False,South Delhi (Hauz Khas),28.556899369199936,77.17621345739109
"FIR No. 0303/2023, P.S. Connaught Place",2023-10-08 18:32:00,THEFT,THEFT incident reported in Central Delhi (Connaught Place),Central Delhi (Connaught Place),False,Central Delhi (Connaught Place),28.646668696961964,77.20168001184499
81453047/2026,2026-03-03 07:05:00,THEFT,THEFT incident reported in South West Delhi (Dwarka),South West Delhi (Dwarka),False,South West Delhi (Dwarka),28.59886975995049,77.02643233481616
"FIR No. 0019/2024, P.S. Parliament Street",2024-01-16 18:47:00,ASSAULT,ASSAULT incident reported in New Delhi (Parliament Street),New Delhi (Parliament Street),False,New Delhi (Parliament Street),28.62580973459817,77.18413507089733
"FIR No. 0513/2023, P.S. Connaught Place",2023-08-03 01:06:00,ASSAULT,ASSAULT incident reported in Central Delhi (Connaught Place),Central Delhi (Connaught Place),False,Central Delhi (Connaught Place),28.627546016036646,77.21051747915153
"FIR No. 0027/2023, P.S. Connaught Place",2023-01-26 15:21:00,ASSAULT,ASSAULT incident reported in Central Delhi (Connaught Place),Central Delhi (Connaught Place),False,Central Delhi (Connaught Place),28.63744292989285,77.22096994230435
"FIR No. 0247/2023, P.S. Connaught Place",2023-09-26 14:06:00,KIDNAPPING,KIDNAPPING incident reported in Central Delhi (Connaught Place),Central Delhi (Connaught Place),False,Central Delhi (Connaught Place),28.646472361876828,77.20666461582515
"FIR No. 0549/2023, P.S. Hauz Khas",2023-08-03 21:01:00,ASSAULT,ASSAULT incident reported in South Delhi (Hauz Khas),South Delhi (Hauz Khas),True,South Delhi (Hauz Khas),28.53851994547825,77.17111396077335
"FIR No. 0411/2023, P.S. Dwarka",2023-09-20 16:09:00,ASSAULT,ASSAULT incident reported in South West Delhi (Dwarka),South West Delhi (Dwarka),False,South West Delhi (Dwarka),28.582695253835297,77.05689114371728
84010734/2024,2024-02-03 16:26:00,ASSAULT,ASSAULT incident reported in East Delhi (Preet Vihar),East Delhi (Preet Vihar),False,East Delhi (Preet Vihar),28.615050977439328,77.289112305185
"FIR No. 0602/2026, P.S. Preet Vihar",2026-06-26 23:29:00,THEFT,THEFT incident reported in East Delhi (Preet Vihar),East Delhi (Preet Vihar),False,East Delhi (Preet Vihar),28.650278779834384,77.31524934435718
85221337/2025,2025-04-29 03:11:00,ROBBERY,ROBBERY incident reported in South West Delhi (Dwarka),South West Delhi (Dwarka),False,South West Delhi (Dwarka),28.57939206273696,77.04732174522039
"FIR No. 0326/2023, P.S. Connaught Place",2023-04-04 13:53:00,ROBBERY,ROBBERY incident reported in Central Delhi (Connaught Place),Central Delhi (Connaught Place),False,Central Delhi (Connaught Place),28.637257114664035,77.18523820822708
"FIR No. 0033/2025, P.S. Dwarka",2025-02-14 15:32:00,THEFT,THEFT incident reported in South West Delhi (Dwarka),South West Delhi (Dwarka),False,South West Delhi (Dwarka),28.58811315476845,77.0730929668162
"FIR No. 0727/2025, P.S. Connaught Place",2025-09-13 02:38:00,ASSAULT,ASSAULT incident reported in Central Delhi (Connaught Place),Central Delhi (Connaught Place),False,Central Delhi (Connaught Place),28.64406982126015,77.20278491019484
"FIR No. 0358/2023, P.S. Preet Vihar",2023-04-08 18:39:00,BURGLARY,BURGLARY incident reported in East Delhi (Preet Vihar),East Delhi (Preet Vihar),True,East Delhi (Preet Vihar),28.63106140710892,77.28169696627229
"FIR No. 0117/2025, P.S. Hauz Khas",2025-06-20 03:14:00,ASSAULT,ASSAULT incident reported in South Delhi (Hauz Khas),South Delhi (Hauz Khas),False,South Delhi (Hauz Khas),28.56133533180976,77.21856922158582
"FIR No. 0243/2023, P.S. Hauz Khas",2023-05-29 19:24:00,THEFT,THEFT incident reported in South Delhi (Hauz Khas),South Delhi (Hauz Khas),False,South Delhi (Hauz Khas),28.558211402121803,77.23446758849013
"FIR No. 0424/2023, P.S. Rohini",2023-04-30 17:42:00,THEFT,THEFT incident reported in North West Delhi (Rohini),North West Delhi (Rohini),False,North West Delhi (Rohini),28.709080917296863,77.11866252871047
"FIR No. 0466/2026, P.S. Rohini",2026-06-29 07:01:00,BURGLARY,BURGLARY incident reported in North West Delhi (Rohini),North West Delhi (Rohini),False,North West Delhi (Rohini),28.69586816981968,77.08420721106648
85631356/2023,2023-02-23 13:32:00,THEFT,THEFT incident reported in South West Delhi (Dwarka),South West Delhi (Dwarka),False,South West Delhi (Dwarka),28.57380774715407,77.03998652047389
"FIR No. 0270/2025, P.S. Connaught Place",2025-08-08 02:13:00,THEFT,THEFT incident reported in Central Delhi (Connaught Place),Central Delhi (Connaught Place),False,Central Delhi (Connaught Place),28.634328585792627,77.2319478379378
"FIR No. 0183/2024, P.S. Connaught Place",2024-07-08 15:40:00,THEFT,THEFT incident reported in Central Delhi (Connaught Place),Central Delhi (Connaught Place),False,Central Delhi (Connaught Place),28.616794035279213,77.2329695794913
85232373/2023,2023-04-13 14:38:00,KIDNAPPING,KIDNAPPING incident reported in South West Delhi (Dwarka),South West Delhi (Dwarka),True,South West Delhi (Dwarka),28.612138376012577,77.03239092077182
"FIR No. 0028/2023, P.S. Hauz Khas",2023-01-12 08:28:00,THEFT,THEFT incident reported in South Delhi (Hauz Khas),South Delhi (Hauz Khas),False,South Delhi (Hauz Khas),28.55883395581483,77.19601793599011
"FIR No. 0011/2024, P.S. Connaught Place",2024-11-14 08:16:00,THEFT,THEFT incident reported in Central Delhi (Connaught Place),Central Delhi (Connaught Place),True,Central Delhi (Connaught Place),28.623327822876213,77.20669648314454
"FIR No. 0065/2025, P.S. Connaught Place",2025-05-04 08:28:00,THEFT,THEFT incident reported in Central Delhi (Connaught Place),Central Delhi (Connaught Place),True,Central Delhi (Connaught Place),28.62665104010117,77.1988452878843
"FIR No. 0106/2026, P.S. Rohini",2026-08-23 06:09:00,THEFT,THEFT incident reported in North West Delhi (Rohini),North West Delhi (Rohini),True,North West Delhi (Rohini),28.72672692079942,77.11037270229721
"FIR No. 0092/2023, P.S. Connaught Place",2023-04-16 18:51:00,ROBBERY,ROBBERY incident reported in Central Delhi (Connaught Place),Central Delhi (Connaught Place),False,Central Delhi (Connaught Place),28.619186024262497,77.20528622557163
"FIR No. 0350/2023, P.S. Connaught Place",2023-05-03 06:37:00,THEFT,THEFT incident reported in Central Delhi (Connaught Place),Central Delhi (Connaught Place),False,Central Delhi (Connaught Place),28.62749618475361,77.24893863914333
"FIR No. 0250/2024, P.S. Connaught Place",2024-06-05 11:20:00,ASSAULT,ASSAULT incident reported in Central Delhi (Connaught Place),Central Delhi (Connaught Place),True,Central Delhi (Connaught Place),28.63889245170488,77.2196403308267
89814290/2024,2024-10-06 09:46:00,THEFT,THEFT incident reported in New Delhi (Parliament Street),New Delhi (Parliament Street),True,New Delhi (Parliament Street),28.639807420326715,77.21956476906166
"FIR No. 0314/2023, P.S. Hauz Khas",2023-09-16 14:35:00,THEFT,THEFT incident reported in South Delhi (Hauz Khas),South Delhi (Hauz Khas),False,South Delhi (Hauz Khas),28.54509698759217,77.18154082195976
"FIR No. 0069/2023, P.S. Dwarka",2023-04-01 08:36:00,OTHER,OTHER incident reported in South West Delhi (Dwarka),South West Delhi (Dwarka),False,South West Delhi (Dwarka),28.60891843508368,77.06611261413754
"FIR No. 0006/2023, P.S. Parliament Street",2023-06-25 07:17:00,BURGLARY,BURGLARY incident reported in New Delhi (Parliament Street),New Delhi (Parliament Street),False,New Delhi (Parliament Street),28.609326952398344,77.24317894139118
80986249/2023,2023-12-15 00:50:00,ROBBERY,ROBBERY incident reported in New Delhi (Parliament Street),New Delhi (Parliament Street),False,New Delhi (Parliament Street),28.61963158901681,77.22638138247359
"FIR No. 0754/2025, P.S. Hauz Khas",2025-11-01 06:31:00,ASSAULT,ASSAULT incident reported in South Delhi (Hauz Khas),South Delhi (Hauz Khas),False,South Delhi (Hauz Khas),28.53479882464303,77.22958877738687
84187279/2023,2023-10-08 18:58:00,BURGLARY,BURGLARY incident reported in South Delhi (Hauz Khas),South Delhi (Hauz Khas),False,South Delhi (Hauz Khas),28.540045398538048,77.1933540020093
"FIR No. 0101/2024, P.S. Rohini",2024-04-25 14:35:00,THEFT,THEFT incident reported in North West Delhi (Rohini),North West Delhi (Rohini),False,North West Delhi (Rohini),28.681600807137688,77.10159941973066
"FIR No. 0547/2024, P.S. Dwarka",2024-06-04 05:13:00,THEFT,THEFT incident reported in South West Delhi (Dwarka),South West Delhi (Dwarka),False,South West Delhi (Dwarka),28.59104122861284,77.05059156161543
"FIR No. 0456/2026, P.S. Connaught Place",2026-07-06 21:30:00,OTHER,OTHER incident reported in Central Delhi (Connaught Place),Central Delhi (Connaught Place),False,Central Delhi (Connaught Place),28.635005161483704,77.21219066712973
85413029/2023,2023-11-19 11:19:00,THEFT,THEFT incident reported in South West Delhi (Dwarka),South West Delhi (Dwarka),False,South West Delhi (Dwarka),28.59789904190847,77.05953271818342
"FIR No. 0322/2023, P.S. Preet Vihar",2023-09-14 07:34:00,THEFT,THEFT incident reported in East Delhi (Preet Vihar),East Delhi (Preet Vihar),False,East Delhi (Preet Vihar),28.62488590162732,77.28883007805248
"FIR No. 0413/2025, P.S. Dwarka",2025-11-29 17:12:00,ASSAULT,ASSAULT incident reported in South West Delhi (Dwarka),South West Delhi (Dwarka),False,South West Delhi (Dwarka),28.570139123589144,77.05701262283556
85509886/2024,2024-03-27 07:13:00,THEFT,THEFT incident reported in South Delhi (Hauz Khas),South Delhi (Hauz Khas),False,South Delhi (Hauz Khas),28.530316168567595,77.21041627265414
"FIR No. 0001/2023, P.S. Dwarka",2023-02-14 09:15:00,THEFT,THEFT incident reported in South West Delhi (Dwarka),South West Delhi (Dwarka),False,South West Delhi (Dwarka),28.584103318468028,77.05090452344294
88416740/2023,2023-02-11 21:54:00,ROBBERY,ROBBERY incident reported in New Delhi (Parliament Street),New Delhi (Parliament Street),False,New Delhi (Parliament Street),28.63581563126852,77.21595790343203
83356179/2024,2024-12-27 12:56:00,THEFT,THEFT incident reported in Central Delhi (Connaught Place),Central Delhi (Connaught Place),False,Central Delhi (Connaught Place),28.62329863071904,77.20333391817445
80845101/2024,2024-08-11 04:29:00,ASSAULT,ASSAULT incident reported in South Delhi (Hauz Khas),South Delhi (Hauz Khas),False,South Delhi (Hauz Khas),28.552215002426955,77.20287881892324
"FIR No. 0039/2025, P.S. Hauz Khas",2025-02-25 08:51:00,THEFT,THEFT incident reported in South Delhi (Hauz Khas),South Delhi (Hauz Khas),False,South Delhi (Hauz Khas),28.549497835211906,77.2056399531008
"FIR No. 0041/2023, P.S. Connaught Place",2023-05-23 13:31:00,ASSAULT,ASSAULT incident reported in Central Delhi (Connaught Place),Central Delhi (Connaught Place),False,Central Delhi (Connaught Place),28.62705570153213,77.213482992435
"FIR No. 0417/2024, P.S. Connaught Place",2024-07-27 11:26:00,ASSAULT,ASSAULT incident reported in Central Delhi (Connaught Place),Central Delhi (Connaught Place),False,Central Delhi (Connaught Place),28.63127691754093,77.23585784008164
"FIR No. 0103/2024, P.S. Rohini",2024-03-25 21:01:00,THEFT,THEFT incident reported in North West Delhi (Rohini),North West Delhi (Rohini),True,North West Delhi (Rohini),28.70757494013124,77.10031566253296
82681157/2024,2024-01-28 06:00:00,THEFT,THEFT incident reported in North West Delhi (Rohini),North West Delhi (Rohini),False,North West Delhi (Rohini),28.712350907901605,77.09560741189672
84588123/2023,2023-08-20 04:07:00,ASSAULT,ASSAULT incident reported in South Delhi (Hauz Khas),South Delhi (Hauz Khas),False,South Delhi (Hauz Khas),28.55202762082821,77.18500151010895
"FIR No. 0321/2025, P.S. Preet Vihar",2025-09-04 16:27:00,THEFT,THEFT incident reported in East Delhi (Preet Vihar),East Delhi (Preet Vihar),False,East Delhi (Preet Vihar),28.648559894572053,77.31182342743125
"FIR No. 0248/2024, P.S. Hauz Khas",2024-12-16 12:15:00,ROBBERY,ROBBERY incident reported in South Delhi (Hauz Khas),South Delhi (Hauz Khas),True,South Delhi (Hauz Khas),28.52729298421155,77.17162475636601
"FIR No. 0909/2025, P.S. Connaught Place",2025-10-03 22:30:00,THEFT,THEFT incident reported in Central Delhi (Connaught Place),Central Delhi (Connaught Place),False,Central Delhi (Connaught Place),28.63663910603037,77.19422346659823
"FIR No. 0022/2025, P.S. Parliament Street",2025-06-16 23:23:00,THEFT,THEFT incident reported in New Delhi (Parliament Street),New Delhi (Parliament Street),False,New Delhi (Parliament Street),28.631236045507315,77.18481227154848
81160922/2023,2023-09-07 05:52:00,THEFT,THEFT incident reported in New Delhi (Parliament Street),New Delhi (Parliament Street),False,New Delhi (Parliament Street),28.62195393149664,77.19135370953441
"FIR No. 0220/2023, P.S. Connaught Place",2023-03-29 20:21:00,THEFT,THEFT incident reported in Central Delhi (Connaught Place),Central Delhi (Connaught Place),False,Central Delhi (Connaught Place),28.60846656774505,77.2078995370549
"FIR No. 0032/2025, P.S. Hauz Khas",2025-12-18 07:35:00,THEFT,THEFT incident reported in South Delhi (Hauz Khas),South Delhi (Hauz Khas),True,South Delhi (Hauz Khas),28.54914697822148,77.19807245318992
"FIR No. 0413/2026, P.S. Connaught Place",2026-06-17 05:14:00,KIDNAPPING,KIDNAPPING incident reported in Central Delhi (Connaught Place),Central Delhi (Connaught Place),False,Central Delhi (Connaught Place),28.620181256601832,77.23894562061633
"FIR No. 0229/2026, P.S. Connaught Place",2026-07-29 14:35:00,OTHER,OTHER incident reported in Central Delhi (Connaught Place),Central Delhi (Connaught Place),False,Central Delhi (Connaught Place),28.63658395021427,77.20040553607275
"FIR No. 0368/2025, P.S. Preet Vihar",2025-09-26 16:20:00,ASSAULT,ASSAULT incident reported in East Delhi (Preet Vihar),East Delhi (Preet Vihar),True,East Delhi (Preet Vihar),28.61754076177113,77.30461491316777
"FIR No. 0310/2024, P.S. Parliament Street",2024-10-31 12:07:00,THEFT,THEFT incident reported in New Delhi (Parliament Street),New Delhi (Parliament Street),False,New Delhi (Parliament Street),28.61553045836231,77.23542168571845
80655817/2025,2025-10-07 00:29:00,THEFT,THEFT incident reported in Central Delhi (Connaught Place),Central Delhi (Connaught Place),False,Central Delhi (Connaught Place),28.63369123465945,77.22550471681434
"FIR No. 0414/2023, P.S. Dwarka",2023-05-20 02:09:00,ASSAULT,ASSAULT incident reported in South West Delhi (Dwarka),South West Delhi (Dwarka),False,South West Delhi (Dwarka),28.60295842356416,77.07464136966529
"FIR No. 0816/2023, P.S. Connaught Place",2023-09-21 08:43:00,THEFT,THEFT incident reported in Central Delhi (Connaught Place),Central Delhi (Connaught Place),False,Central Delhi (Connaught Place),28.62383561392237,77.21772482983208
"FIR No. 0042/2024, P.S. Parliament Street",2024-02-07 04:40:00,BURGLARY,BURGLARY incident reported in New Delhi (Parliament Street),New Delhi (Parliament Street),False,New Delhi (Parliament Street),28.64991252360667,77.2313273881125
"FIR No. 0969/2023, P.S. Hauz Khas",2023-12-27 12:45:00,THEFT,THEFT incident reported in South Delhi (Hauz Khas),South Delhi (Hauz Khas),False,South Delhi (Hauz Khas),28.57096525490579,77.21024880618376
"FIR No. 0642/2025, P.S. Connaught Place",2025-08-28 05:48:00,THEFT,THEFT incident reported in Central Delhi (Connaught Place),Central Delhi (Connaught Place),False,Central Delhi (Connaught Place),28.593778092123497,77.2233559078745
"FIR No. 0568/2023, P.S. Hauz Khas",2023-10-25 05:58:00,ASSAULT,ASSAULT incident reported in South Delhi (Hauz Khas),South Delhi (Hauz Khas),False,South Delhi (Hauz Khas),28.563088528024178,77.19113313279304
"FIR No. 0450/2023, P.S. Rohini",2023-09-03 16:55:00,THEFT,THEFT incident reported in North West Delhi (Rohini),North West Delhi (Rohini),True,North West Delhi (Rohini),28.71670435985115,77.12728579355029
"FIR No. 0120/2024, P.S. Parliament Street",2024-02-02 02:04:00,BURGLARY,BURGLARY incident reported in New Delhi (Parliament Street),New Delhi (Parliament Street),False,New Delhi (Parliament Street),28.6301250294892,77.21311418707143
"FIR No. 0533/2025, P.S. Hauz Khas",2025-07-19 14:27:00,ROBBERY,ROBBERY incident reported in South Delhi (Hauz Khas),South Delhi (Hauz Khas),False,South Delhi (Hauz Khas),28.548059804474843,77.17835478600185
"FIR No. 0167/2023, P.S. Connaught Place",2023-11-18 19:46:00,THEFT,THEFT incident reported in Central Delhi (Connaught Place),Central Delhi (Connaught Place),False,Central Delhi (Connaught Place),28.61214013416683,77.23879008953038
"FIR No. 0025/2026, P.S. Rohini",2026-01-07 17:50:00,THEFT,THEFT incident reported in North West Delhi (Rohini),North West Delhi (Rohini),True,North West Delhi (Rohini),28.718680405649216,77.10437029225152
"FIR No. 0199/2024, P.S. Connaught Place",2024-07-25 02:29:00,OTHER,OTHER incident reported in Central Delhi (Connaught Place),Central Delhi (Connaught Place),False,Central Delhi (Connaught Place),28.626924365963905,77.24043927748866
"FIR No. 0024/2025, P.S. Connaught Place",2025-01-21 00:27:00,THEFT,THEFT incident reported in Central Delhi (Connaught Place),Central Delhi (Connaught Place),True,Central Delhi (Connaught Place),28.61366361773916,77.21607589548069
"FIR No. 0171/2023, P.S. Connaught Place",2023-06-07 08:20:00,THEFT,THEFT incident reported in Central Delhi (Connaught Place),Central Delhi (Connaught Place),True,Central Delhi (Connaught Place),28.64365814335159,77.21714749968872
"FIR No. 0235/2024, P.S. Hauz Khas",2024-03-22 00:24:00,BURGLARY,BURGLARY incident reported in South Delhi (Hauz Khas),South Delhi (Hauz Khas),False,South Delhi (Hauz Khas),28.55401472938252,77.20458916477197
"FIR No. 0364/2025, P.S. Rohini",2025-09-16 13:36:00,THEFT,THEFT incident reported in North West Delhi (Rohini),North West Delhi (Rohini),False,North West Delhi (Rohini),28.714086138341266,77.08624635898202
"FIR No. 0051/2026, P.S. Parliament Street",2026-01-05 19:41:00,THEFT,THEFT incident reported in New Delhi (Parliament Street),New Delhi (Parliament Street),False,New Delhi (Parliament Street),28.62769939428796,77.21497144937621
"FIR No. 0208/2026, P.S. Hauz Khas",2026-04-18 02:13:00,OTHER,OTHER incident reported in South Delhi (Hauz Khas),South Delhi (Hauz Khas),False,South Delhi (Hauz Khas),28.55824989082212,77.20178045803621
"FIR No. 0147/2024, P.S. Preet Vihar",2024-05-12 03:24:00,ASSAULT,ASSAULT incident reported in East Delhi (Preet Vihar),East Delhi (Preet Vihar),True,East Delhi (Preet Vihar),28.630127946716787,77.30670468768214
"FIR No. 0305/2023, P.S. Connaught Place",2023-08-10 11:31:00,ASSAULT,ASSAULT incident reported in Central Delhi (Connaught Place),Central Delhi (Connaught Place),False,Central Delhi (Connaught Place),28.639918438314023,77.2384302524759
"FIR No. 0030/2026, P.S. Connaught Place",2026-01-09 02:40:00,ASSAULT,ASSAULT incident reported in Central Delhi (Connaught Place),Central Delhi (Connaught Place),True,Central Delhi (Connaught Place),28.645381463314884,77.23708056232682
"FIR No. 0401/2025, P.S. Connaught Place",2025-07-04 12:55:00,ROBBERY,ROBBERY incident reported in Central Delhi (Connaught Place),Central Delhi (Connaught Place),True,Central Delhi (Connaught Place),28.616211158891456,77.19900396553143
"FIR No. 0047/2023, P.S. Hauz Khas",2023-01-22 02:09:00,THEFT,THEFT incident reported in South Delhi (Hauz Khas),South Delhi (Hauz Khas),False,South Delhi (Hauz Khas),28.57544875557005,77.21944193447969
"FIR No. 0182/2023, P.S. Rohini",2023-02-25 21:22:00,ASSAULT,ASSAULT incident reported in North West Delhi (Rohini),North West Delhi (Rohini),False,North West Delhi (Rohini),28.68228308274508,77.09992383507941
82485258/2023,2023-05-02 03:57:00,THEFT,THEFT incident reported in South West Delhi (Dwarka),South West Delhi (Dwarka),True,South West Delhi (Dwarka),28.5907444301837,77.04546859781874
"FIR No. 0057/2025, P.S. Connaught Place",2025-10-14 06:09:00,BURGLARY,BURGLARY incident reported in Central Delhi (Connaught Place),Central Delhi (Connaught Place),False,Central Delhi (Connaught Place),28.62604880113417,77.23014459157693
"FIR No. 0597/2023, P.S. Hauz Khas",2023-08-31 14:45:00,THEFT,THEFT incident reported in South Delhi (Hauz Khas),South Delhi (Hauz Khas),False,South Delhi (Hauz Khas),28.562964852110927,77.19472590429952
"FIR No. 0215/2025, P.S. Connaught Place",2025-07-29 04:05:00,ROBBERY,ROBBERY incident reported in Central Delhi (Connaught Place),Central Delhi (Connaught Place),False,Central Delhi (Connaught Place),28.62495007736816,77.23430060123741
"FIR No. 0035/2026, P.S. Connaught Place",2026-01-20 13:23:00,ASSAULT,ASSAULT incident reported in Central Delhi (Connaught Place),Central Delhi (Connaught Place),False,Central Delhi (Connaught Place),28.634563472127702,77.22327054386871
"FIR No. 0058/2026, P.S. Preet Vihar",2026-05-22 13:30:00,THEFT,THEFT incident reported in East Delhi (Preet Vihar),East Delhi (Preet Vihar),False,East Delhi (Preet Vihar),28.633387978700675,77.27613558605219
"FIR No. 0094/2024, P.S. Hauz Khas",2024-01-09 09:03:00,THEFT,THEFT incident reported in South Delhi (Hauz Khas),South Delhi (Hauz Khas),True,South Delhi (Hauz Khas),28.534278877003302,77.2345300337773
85960290/2026,2026-02-05 10:06:00,THEFT,THEFT incident reported in East Delhi (Preet Vihar),East Delhi (Preet Vihar),False,East Delhi (Preet Vihar),28.632487471365767,77.31817906698464
83503155/2025,2025-03-08 10:17:00,THEFT,THEFT incident reported in East Delhi (Preet Vihar),East Delhi (Preet Vihar),False,East Delhi (Preet Vihar),28.646836871269688,77.30561149111443
"FIR No. 0797/2024, P.S. Dwarka",2024-08-14 00:46:00,THEFT,THEFT incident reported in South West Delhi (Dwarka),South West Delhi (Dwarka),False,South West Delhi (Dwarka),28.60292170220846,77.04902384382002
85309326/2026,2026-02-08 20:01:00,ASSAULT,ASSAULT incident reported in Central Delhi (Connaught Place),Central Delhi (Connaught Place),True,Central Delhi (Connaught Place),28.61186196042299,77.23004374794132
"FIR No. 0694/2023, P.S. Connaught Place",2023-11-01 21:14:00,ROBBERY,ROBBERY incident reported in Central Delhi (Connaught Place),Central Delhi (Connaught Place),False,Central Delhi (Connaught Place),28.64565717119041,77.21700233156366
80302602/2023,2023-03-07 15:02:00,ASSAULT,ASSAULT incident reported in Central Delhi (Connaught Place),Central Delhi (Connaught Place),True,Central Delhi (Connaught Place),28.638765171587423,77.2021631163505
"FIR No. 0175/2026, P.S. Connaught Place",2026-02-13 03:45:00,THEFT,THEFT incident reported in Central Delhi (Connaught Place),Central Delhi (Connaught Place),True,Central Delhi (Connaught Place),28.62628195054596,77.21443764146186
"FIR No. 0067/2026, P.S. Hauz Khas",2026-01-08 23:11:00,KIDNAPPING,KIDNAPPING incident reported in South Delhi (Hauz Khas),South Delhi (Hauz Khas),False,South Delhi (Hauz Khas),28.54928706918241,77.22142743180241
85284459/2025,2025-02-08 22:47:00,ASSAULT,ASSAULT incident reported in Central Delhi (Connaught Place),Central Delhi (Connaught Place),False,Central Delhi (Connaught Place),28.63341751580848,77.21115915215756
"FIR No. 0093/2026, P.S. Rohini",2026-04-06 05:51:00,THEFT,THEFT incident reported in North West Delhi (Rohini),North West Delhi (Rohini),False,North West Delhi (Rohini),28.721752101747185,77.10323170497458
"FIR No. 0149/2023, P.S. Rohini",2023-04-24 07:04:00,BURGLARY,BURGLARY incident reported in North West Delhi (Rohini),North West Delhi (Rohini),False,North West Delhi (Rohini),28.698314654842275,77.1089744697706
83982162/2025,2025-02-03 12:16:00,ROBBERY,ROBBERY incident reported in Central Delhi (Connaught Place),Central Delhi (Connaught Place),False,Central Delhi (Connaught Place),28.601430356317675,77.20726057380308
"FIR No. 0384/2026, P.S. Hauz Khas",2026-06-25 21:25:00,THEFT,THEFT incident reported in South Delhi (Hauz Khas),South Delhi (Hauz Khas),False,South Delhi (Hauz Khas),28.54581918829412,77.22586733668344
"FIR No. 0217/2024, P.S. Rohini",2024-04-20 21:30:00,THEFT,THEFT incident reported in North West Delhi (Rohini),North West Delhi (Rohini),True,North West Delhi (Rohini),28.72147309014887,77.06220163618784
"FIR No. 0119/2024, P.S. Hauz Khas",2024-10-19 11:51:00,THEFT,THEFT incident reported in South Delhi (Hauz Khas),South Delhi (Hauz Khas),False,South Delhi (Hauz Khas),28.553604044164967,77.19255739446821
"FIR No. 0206/2023, P.S. Connaught Place",2023-04-24 06:53:00,THEFT,THEFT incident reported in Central Delhi (Connaught Place),Central Delhi (Connaught Place),True,Central Delhi (Connaught Place),28.61452284779596,77.21692671014506
"FIR No. 0478/2025, P.S. Hauz Khas",2025-07-24 17:12:00,KIDNAPPING,KIDNAPPING incident reported in South Delhi (Hauz Khas),South Delhi (Hauz Khas),False,South Delhi (Hauz Khas),28.55157434968917,77.1986630518841
"FIR No. 0058/2026, P.S. Preet Vihar",2026-04-23 07:38:00,OTHER,OTHER incident reported in East Delhi (Preet Vihar),East Delhi (Preet Vihar),True,East Delhi (Preet Vihar),28.61865797770577,77.29932338744791
83599686/2024,2024-01-09 23:27:00,BURGLARY,BURGLARY incident reported in South Delhi (Hauz Khas),South Delhi (Hauz Khas),False,South Delhi (Hauz Khas),28.561928475521857,77.20687621356291
"FIR No. 0499/2023, P.S. Rohini",2023-10-29 19:52:00,OTHER,OTHER incident reported in North West Delhi (Rohini),North West Delhi (Rohini),False,North West Delhi (Rohini),28.665574953894897,77.10840474938917
"FIR No. 0569/2024, P.S. Connaught Place",2024-11-27 06:15:00,ROBBERY,ROBBERY incident reported in Central Delhi (Connaught Place),Central Delhi (Connaught Place),False,Central Delhi (Connaught Place),28.643923483472168,77.17750560183073
"FIR No. 0026/2024, P.S. Dwarka",2024-01-06 17:58:00,BURGLARY,BURGLARY incident reported in South West Delhi (Dwarka),South West Delhi (Dwarka),False,South West Delhi (Dwarka),28.595965019565263,77.03656655734217
"FIR No. 0390/2024, P.S. Preet Vihar",2024-10-04 03:37:00,ASSAULT,ASSAULT incident reported in East Delhi (Preet Vihar),East Delhi (Preet Vihar),True,East Delhi (Preet Vihar),28.64158644431631,77.32615373425477
"FIR No. 0061/2024, P.S. Rohini",2024-07-29 23:12:00,BURGLARY,BURGLARY incident reported in North West Delhi (Rohini),North West Delhi (Rohini),False,North West Delhi (Rohini),28.702189769649824,77.10321532435866
"FIR No. 0338/2023, P.S. Connaught Place",2023-05-04 16:12:00,THEFT,THEFT incident reported in Central Delhi (Connaught Place),Central Delhi (Connaught Place),False,Central Delhi (Connaught Place),28.63890449376549,77.19822641687644
83666284/2024,2024-04-30 07:35:00,THEFT,THEFT incident reported in North West Delhi (Rohini),North West Delhi (Rohini),True,North West Delhi (Rohini),28.690458739015096,77.11596114657354
"FIR No. 0662/2023, P.S. Preet Vihar",2023-11-21 20:18:00,THEFT,THEFT incident reported in East Delhi (Preet Vihar),East Delhi (Preet Vihar),True,East Delhi (Preet Vihar),28.627175978054613,77.29423891618399
84167382/2025,2025-12-24 18:34:00,ROBBERY,ROBBERY incident reported in South Delhi (Hauz Khas),South Delhi (Hauz Khas),False,South Delhi (Hauz Khas),28.54365283722949,77.19885936434348
"FIR No. 0094/2024, P.S. Parliament Street",2024-01-29 02:19:00,BURGLARY,BURGLARY incident reported in New Delhi (Parliament Street),New Delhi (Parliament Street),False,New Delhi (Parliament Street),28.622720310633945,77.20777711654092
84925648/2024,2024-05-31 23:02:00,ASSAULT,ASSAULT incident reported in East Delhi (Preet Vihar),East Delhi (Preet Vihar),True,East Delhi (Preet Vihar),28.61381638639565,77.29199192986253
"FIR No. 0073/2025, P.S. Preet Vihar",2025-01-13 19:03:00,ASSAULT,ASSAULT incident reported in East Delhi (Preet Vihar),East Delhi (Preet Vihar),True,East Delhi (Preet Vihar),28.66719588592036,77.30350850198113
"FIR No. 0368/2024, P.S. Rohini",2024-12-18 16:55:00,KIDNAPPING,KIDNAPPING incident reported in North West Delhi (Rohini),North West Delhi (Rohini),False,North West Delhi (Rohini),28.721639746594143,77.08315503683848
"FIR No. 0446/2023, P.S. Rohini",2023-09-04 12:30:00,BURGLARY,BURGLARY incident reported in North West Delhi (Rohini),North West Delhi (Rohini),False,North West Delhi (Rohini),28.691375944003248,77.0896987807301
"FIR No. 0259/2023, P.S. Preet Vihar",2023-03-27 11:42:00,BURGLARY,BURGLARY incident reported in East Delhi (Preet Vihar),East Delhi (Preet Vihar),True,East Delhi (Preet Vihar),28.66204078498576,77.28164744940715
"FIR No. 0046/2025, P.S. Parliament Street",2025-05-17 23:07:00,BURGLARY,BURGLARY incident reported in New Delhi (Parliament Street),New Delhi (Parliament Street),False,New Delhi (Parliament Street),28.61332850266121,77.21591932139978
"FIR No. 0728/2025, P.S. Hauz Khas",2025-12-24 09:29:00,THEFT,THEFT incident reported in South Delhi (Hauz Khas),South Delhi (Hauz Khas),False,South Delhi (Hauz Khas),28.52279381592518,77.18842414446243
"FIR No. 0110/2023, P.S. Connaught Place",2023-09-25 16:54:00,ROBBERY,ROBBERY incident reported in Central Delhi (Connaught Place),Central Delhi (Connaught Place),False,Central Delhi (Connaught Place),28.602898986072866,77.20053828128063
"FIR No. 0002/2024, P.S. Connaught Place",2024-07-15 11:31:00,THEFT,THEFT incident reported in Central Delhi (Connaught Place),Central Delhi (Connaught Place),False,Central Delhi (Connaught Place),28.615164650932872,77.23900762740693
"FIR No. 0887/2025, P.S. Preet Vihar",2025-08-08 08:04:00,THEFT,THEFT incident reported in East Delhi (Preet Vihar),East Delhi (Preet Vihar),False,East Delhi (Preet Vihar),28.61542409316261,77.28517927676386
"FIR No. 0138/2023, P.S. Connaught Place",2023-08-19 17:51:00,ROBBERY,ROBBERY incident reported in Central Delhi (Connaught Place),Central Delhi (Connaught Place),False,Central Delhi (Connaught Place),28.62599804974248,77.20629474950424
"FIR No. 0156/2026, P.S. Hauz Khas",2026-04-24 20:22:00,THEFT,THEFT incident reported in South Delhi (Hauz Khas),South Delhi (Hauz Khas),False,South Delhi (Hauz Khas),28.53705727328348,77.203738335591
"FIR No. 0861/2025, P.S. Preet Vihar",2025-12-23 10:59:00,OTHER,OTHER incident reported in East Delhi (Preet Vihar),East Delhi (Preet Vihar),False,East Delhi (Preet Vihar),28.65234615269819,77.30161347171673
"FIR No. 0870/2024, P.S. Parliament Street",2024-10-12 13:43:00,OTHER,OTHER incident reported in New Delhi (Parliament Street),New Delhi (Parliament Street),False,New Delhi (Parliament Street),28.65535736036484,77.20670459005736
"FIR No. 0314/2024, P.S. Dwarka",2024-06-24 10:47:00,ASSAULT,ASSAULT incident reported in South West Delhi (Dwarka),South West Delhi (Dwarka),False,South West Delhi (Dwarka),28.573005998221795,77.05998602841609
82823741/2025,2025-10-16 14:27:00,ASSAULT,ASSAULT incident reported in South Delhi (Hauz Khas),South Delhi (Hauz Khas),True,South Delhi (Hauz Khas),28.543630600423192,77.19773082128816
"FIR No. 0236/2025, P.S. Preet Vihar",2025-08-15 05:37:00,THEFT,THEFT incident reported in East Delhi (Preet Vihar),East Delhi (Preet Vihar),True,East Delhi (Preet Vihar),28.634923139827222,77.30615841029982
"FIR No. 0333/2024, P.S. Connaught Place",2024-07-26 04:55:00,THEFT,THEFT incident reported in Central Delhi (Connaught Place),Central Delhi (Connaught Place),False,Central Delhi (Connaught Place),28.62309713543574,77.21201362213075
"FIR No. 0133/2023, P.S. Rohini",2023-05-25 10:19:00,ROBBERY,ROBBERY incident reported in North West Delhi (Rohini),North West Delhi (Rohini),False,North West Delhi (Rohini),28.672237389873203,77.1026950602439
"FIR No. 0832/2024, P.S. Hauz Khas",2024-11-01 12:48:00,ROBBERY,ROBBERY incident reported in South Delhi (Hauz Khas),South Delhi (Hauz Khas),True,South Delhi (Hauz Khas),28.55381599025501,77.20435210114654
"FIR No. 0163/2024, P.S. Dwarka",2024-02-24 04:43:00,THEFT,THEFT incident reported in South West Delhi (Dwarka),South West Delhi (Dwarka),True,South West Delhi (Dwarka),28.555038989203783,77.01408757365897
89397361/2025,2025-01-20 17:59:00,THEFT,THEFT incident reported in Central Delhi (Connaught Place),Central Delhi (Connaught Place),False,Central Delhi (Connaught Place),28.63090522926969,77.2050180478243
"FIR No. 0264/2023, P.S. Hauz Khas",2023-07-11 17:35:00,ASSAULT,ASSAULT incident reported in South Delhi (Hauz Khas),South Delhi (Hauz Khas),False,South Delhi (Hauz Khas),28.54050081935785,77.20445000510722
"FIR No. 0497/2024, P.S. Rohini",2024-05-06 14:20:00,THEFT,THEFT incident reported in North West Delhi (Rohini),North West Delhi (Rohini),False,North West Delhi (Rohini),28.707697587333588,77.09569375764232
"FIR No. 0296/2024, P.S. Preet Vihar",2024-04-28 14:09:00,THEFT,THEFT incident reported in East Delhi (Preet Vihar),East Delhi (Preet Vihar),False,East Delhi (Preet Vihar),28.67350638892573,77.28976245563845
"FIR No. 1137/2023, P.S. Hauz Khas",2023-10-03 07:38:00,THEFT,THEFT incident reported in South Delhi (Hauz Khas),South Delhi (Hauz Khas),False,South Delhi (Hauz Khas),28.560536242160683,77.20865432183854
"FIR No. 0183/2024, P.S. Parliament Street",2024-05-13 11:47:00,ROBBERY,ROBBERY incident reported in New Delhi (Parliament Street),New Delhi (Parliament Street),True,New Delhi (Parliament Street),28.643743473016773,77.21062053363363
"FIR No. 0034/2026, P.S. Rohini",2026-01-19 07:54:00,ROBBERY,ROBBERY incident reported in North West Delhi (Rohini),North West Delhi (Rohini),True,North West Delhi (Rohini),28.66679583647633,77.08661770281384
83002735/2026,2026-03-30 20:42:00,ASSAULT,ASSAULT incident reported in North West Delhi (Rohini),North West Delhi (Rohini),True,North West Delhi (Rohini),28.700619469910983,77.10237187971576
"FIR No. 0333/2026, P.S. Preet Vihar",2026-04-30 18:15:00,THEFT,THEFT incident reported in East Delhi (Preet Vihar),East Delhi (Preet Vihar),False,East Delhi (Preet Vihar),28.6513415048216,77.32201449039505
"FIR No. 0161/2023, P.S. Hauz Khas",2023-04-16 10:52:00,THEFT,THEFT incident reported in South Delhi (Hauz Khas),South Delhi (Hauz Khas),False,South Delhi (Hauz Khas),28.54433945096091,77.19604644114659
"FIR No. 0039/2026, P.S. Preet Vihar",2026-04-25 03:12:00,ROBBERY,ROBBERY incident reported in East Delhi (Preet Vihar),East Delhi (Preet Vihar),False,East Delhi (Preet Vihar),28.641496966013005,77.32465580132632
88111198/2025,2025-06-10 18:38:00,THEFT,THEFT incident reported in South Delhi (Hauz Khas),South Delhi (Hauz Khas),False,South Delhi (Hauz Khas),28.5558405549162,77.18881172607688
"FIR No. 0152/2023, P.S. Rohini",2023-04-26 16:13:00,THEFT,THEFT incident reported in North West Delhi (Rohini),North West Delhi (Rohini),False,North West Delhi (Rohini),28.69123881251096,77.09853193723212
"FIR No. 0106/2024, P.S. Connaught Place",2024-02-09 04:19:00,THEFT,THEFT incident reported in Central Delhi (Connaught Place),Central Delhi (Connaught Place),True,Central Delhi (Connaught Place),28.63724485673793,77.23903977265094
87083074/2026,2026-04-09 00:48:00,THEFT,THEFT incident reported in Central Delhi (Connaught Place),Central Delhi (Connaught Place),False,Central Delhi (Connaught Place),28.66555234887221,77.19498830163242
"FIR No. 0431/2025, P.S. Dwarka",2025-05-08 07:29:00,THEFT,THEFT incident reported in South West Delhi (Dwarka),South West Delhi (Dwarka),False,South West Delhi (Dwarka),28.57629624184077,77.05876206708456
"FIR No. 0072/2023, P.S. Connaught Place",2023-06-26 20:27:00,ROBBERY,ROBBERY incident reported in Central Delhi (Connaught Place),Central Delhi (Connaught Place),False,Central Delhi (Connaught Place),28.625206565806707,77.23545137264112
"FIR No. 0852/2024, P.S. Dwarka",2024-10-26 14:18:00,ROBBERY,ROBBERY incident reported in South West Delhi (Dwarka),South West Delhi (Dwarka),False,South West Delhi (Dwarka),28.59335708896721,77.05870819150245
"FIR No. 0330/2025, P.S. Dwarka",2025-03-22 09:50:00,KIDNAPPING,KIDNAPPING incident reported in South West Delhi (Dwarka),South West Delhi (Dwarka),False,South West Delhi (Dwarka),28.587024978731456,77.03864331859864
86550955/2024,2024-04-15 17:20:00,THEFT,THEFT incident reported in South Delhi (Hauz Khas),South Delhi (Hauz Khas),False,South Delhi (Hauz Khas),28.547418931713626,77.18729392978679
87616820/2023,2023-05-26 23:50:00,THEFT,THEFT incident reported in South West Delhi (Dwarka),South West Delhi (Dwarka),True,South West Delhi (Dwarka),28.617897498366386,77.0640834942401
"FIR No. 0339/2025, P.S. Dwarka",2025-08-18 01:07:00,THEFT,THEFT incident reported in South West Delhi (Dwarka),South West Delhi (Dwarka),False,South West Delhi (Dwarka),28.59148849724596,77.05055205970994
"FIR No. 0340/2026, P.S. Connaught Place",2026-05-13 19:29:00,ROBBERY,ROBBERY incident reported in Central Delhi (Connaught Place),Central Delhi (Connaught Place),True,Central Delhi (Connaught Place),28.628056701477657,77.2233790846339
"FIR No. 0128/2025, P.S. Hauz Khas",2025-12-09 22:37:00,ROBBERY,ROBBERY incident reported in South Delhi (Hauz Khas),South Delhi (Hauz Khas),False,South Delhi (Hauz Khas),28.526902173161883,77.20519449237926
"FIR No. 0201/2024, P.S. Dwarka",2024-12-23 09:55:00,ASSAULT,ASSAULT incident reported in South West Delhi (Dwarka),South West Delhi (Dwarka),False,South West Delhi (Dwarka),28.59686547528877,77.05163164496616
82112898/2025,2025-01-12 09:47:00,ROBBERY,ROBBERY incident reported in South Delhi (Hauz Khas),South Delhi (Hauz Khas),False,South Delhi (Hauz Khas),28.57635424186861,77.217706631776
"FIR No. 0778/2025, P.S. Rohini",2025-08-20 19:51:00,ASSAULT,ASSAULT incident reported in North West Delhi (Rohini),North West Delhi (Rohini),False,North West Delhi (Rohini),28.68728713435168,77.12375593924307
"FIR No. 0272/2024, P.S. Rohini",2024-05-07 20:42:00,THEFT,THEFT incident reported in North West Delhi (Rohini),North West Delhi (Rohini),True,North West Delhi (Rohini),28.708111928222337,77.10008697655866
88246200/2023,2023-04-16 11:15:00,THEFT,THEFT incident reported in Central Delhi (Connaught Place),Central Delhi (Connaught Place),False,Central Delhi (Connaught Place),28.62364792973343,77.20092227590767
"FIR No. 0055/2025, P.S. Connaught Place",2025-04-12 18:58:00,THEFT,THEFT incident reported in Central Delhi (Connaught Place),Central Delhi (Connaught Place),True,Central Delhi (Connaught Place),28.631972766432373,77.21704889769362
"FIR No. 0037/2026, P.S. Connaught Place",2026-03-24 09:17:00,THEFT,THEFT incident reported in Central Delhi (Connaught Place),Central Delhi (Connaught Place),False,Central Delhi (Connaught Place),28.637240766883863,77.22787631078046
88068176/2025,2025-01-02 02:01:00,KIDNAPPING,KIDNAPPING incident reported in South Delhi (Hauz Khas),South Delhi (Hauz Khas),True,South Delhi (Hauz Khas),28.57339603582316,77.21260157618016
88306794/2026,2026-08-18 01:55:00,ASSAULT,ASSAULT incident reported in South Delhi (Hauz Khas),South Delhi (Hauz Khas),False,South Delhi (Hauz Khas),28.54575110528118,77.23312869538583
84339919/2026,2026-03-14 10:17:00,THEFT,THEFT incident reported in South Delhi (Hauz Khas),South Delhi (Hauz Khas),False,South Delhi (Hauz Khas),28.55541356236408,77.1910034157528
"FIR No. 0088/2024, P.S. Preet Vihar",2024-02-19 13:41:00,THEFT,THEFT incident reported in East Delhi (Preet Vihar),East Delhi (Preet Vihar),True,East Delhi (Preet Vihar),28.635084721747727,77.30447115904357
84869889/2025,2025-10-28 09:28:00,ROBBERY,ROBBERY incident reported in Central Delhi (Connaught Place),Central Delhi (Connaught Place),True,Central Delhi (Connaught Place),28.652904462338096,77.23074862713123
"FIR No. 0121/2024, P.S. Rohini",2024-07-29 21:23:00,ASSAULT,ASSAULT incident reported in North West Delhi (Rohini),North West Delhi (Rohini),True,North West Delhi (Rohini),28.696797979892068,77.09103486053199
"FIR No. 0157/2026, P.S. Dwarka",2026-02-21 22:58:00,THEFT,THEFT incident reported in South West Delhi (Dwarka),South West Delhi (Dwarka),False,South West Delhi (Dwarka),28.615830673880783,77.04632407023757
"FIR No. 0246/2024, P.S. Connaught Place",2024-06-23 03:48:00,OTHER,OTHER incident reported in Central Delhi (Connaught Place),Central Delhi (Connaught Place),False,Central Delhi (Connaught Place),28.624024372683028,77.22465223076215
"FIR No. 0158/2024, P.S. Preet Vihar",2024-04-27 21:01:00,THEFT,THEFT incident reported in East Delhi (Preet Vihar),East Delhi (Preet Vihar),True,East Delhi (Preet Vihar),28.62678203619809,77.28937516634939
"FIR No. 0303/2024, P.S. Preet Vihar",2024-06-16 09:51:00,ROBBERY,ROBBERY incident reported in East Delhi (Preet Vihar),East Delhi (Preet Vihar),False,East Delhi (Preet Vihar),28.644238183136203,77.2922410997632
"FIR No. 0810/2025, P.S. Preet Vihar",2025-09-16 05:53:00,ASSAULT,ASSAULT incident reported in East Delhi (Preet Vihar),East Delhi (Preet Vihar),False,East Delhi (Preet Vihar),28.64679867916846,77.29454153483007
"FIR No. 0298/2025, P.S. Preet Vihar",2025-04-06 22:56:00,ROBBERY,ROBBERY incident reported in East Delhi (Preet Vihar),East Delhi (Preet Vihar),True,East Delhi (Preet Vihar),28.645053841344144,77.2691687774634
"FIR No. 0007/2024, P.S. Connaught Place",2024-05-25 21:06:00,THEFT,THEFT incident reported in Central Delhi (Connaught Place),Central Delhi (Connaught Place),False,Central Delhi (Connaught Place),28.62963757883261,77.22105568250214
88296726/2023,2023-08-13 14:46:00,THEFT,THEFT incident reported in Central Delhi (Connaught Place),Central Delhi (Connaught Place),True,Central Delhi (Connaught Place),28.613692720024435,77.21941018000466
"FIR No. 0064/2025, P.S. Dwarka",2025-02-26 04:12:00,THEFT,THEFT incident reported in South West Delhi (Dwarka),South West Delhi (Dwarka),False,South West Delhi (Dwarka),28.58514744359149,77.05313041469965
"FIR No. 0156/2025, P.S. Dwarka",2025-10-16 16:55:00,THEFT,THEFT incident reported in South West Delhi (Dwarka),South West Delhi (Dwarka),False,South West Delhi (Dwarka),28.58483417283913,77.04723975801599
"FIR No. 0087/2024, P.S. Preet Vihar",2024-04-10 15:31:00,THEFT,THEFT incident reported in East Delhi (Preet Vihar),East Delhi (Preet Vihar),False,East Delhi (Preet Vihar),28.60060256049233,77.28873231751194
"FIR No. 0426/2026, P.S. Rohini",2026-06-06 18:29:00,BURGLARY,BURGLARY incident reported in North West Delhi (Rohini),North West Delhi (Rohini),False,North West Delhi (Rohini),28.69180526626468,77.0919918343013
"FIR No. 0517/2026, P.S. Dwarka",2026-07-17 08:40:00,BURGLARY,BURGLARY incident reported in South West Delhi (Dwarka),South West Delhi (Dwarka),False,South West Delhi (Dwarka),28.597546647101467,77.03388697521774
"FIR No. 0227/2025, P.S. Parliament Street",2025-06-01 19:10:00,OTHER,OTHER incident reported in New Delhi (Parliament Street),New Delhi (Parliament Street),True,New Delhi (Parliament Street),28.63611520483167,77.19276199838266
83747573/2026,2026-01-16 09:36:00,ROBBERY,ROBBERY incident reported in Central Delhi (Connaught Place),Central Delhi (Connaught Place),True,Central Delhi (Connaught Place),28.62015500506212,77.20848100925798
"FIR No. 0058/2025, P.S. Connaught Place",2025-12-24 13:13:00,ROBBERY,ROBBERY incident reported in Central Delhi (Connaught Place),Central Delhi (Connaught Place),False,Central Delhi (Connaught Place),28.61556076233361,77.22597036756522
"FIR No. 0271/2023, P.S. Connaught Place",2023-09-02 09:11:00,KIDNAPPING,KIDNAPPING incident reported in Central Delhi (Connaught Place),Central Delhi (Connaught Place),False,Central Delhi (Connaught Place),28.645623394062696,77.1986465352634
"FIR No. 0194/2025, P.S. Connaught Place",2025-10-09 06:56:00,ROBBERY,ROBBERY incident reported in Central Delhi (Connaught Place),Central Delhi (Connaught Place),False,Central Delhi (Connaught Place),28.624461153555423,77.23840318546796
"FIR No. 0323/2023, P.S. Parliament Street",2023-12-17 22:42:00,ROBBERY,ROBBERY incident reported in New Delhi (Parliament Street),New Delhi (Parliament Street),False,New Delhi (Parliament Street),28.61260025269342,77.22935938610631
"FIR No. 0516/2025, P.S. Preet Vihar",2025-08-21 09:16:00,BURGLARY,BURGLARY incident reported in East Delhi (Preet Vihar),East Delhi (Preet Vihar),False,East Delhi (Preet Vihar),28.647996719319096,77.30759689202235
81752115/2026,2026-06-20 17:37:00,THEFT,THEFT incident reported in South Delhi (Hauz Khas),South Delhi (Hauz Khas),False,South Delhi (Hauz Khas),28.548342359843733,77.19848166440339
"FIR No. 0079/2026, P.S. Hauz Khas",2026-01-29 03:01:00,OTHER,OTHER incident reported in South Delhi (Hauz Khas),South Delhi (Hauz Khas),False,South Delhi (Hauz Khas),28.55595307502455,77.17313408131803
"FIR No. 0047/2024, P.S. Rohini",2024-01-29 04:36:00,THEFT,THEFT incident reported in North West Delhi (Rohini),North West Delhi (Rohini),False,North West Delhi (Rohini),28.68730765599944,77.1053643988241
"FIR No. 0515/2023, P.S. Rohini",2023-06-14 18:52:00,THEFT,THEFT incident reported in North West Delhi (Rohini),North West Delhi (Rohini),False,North West Delhi (Rohini),28.6988140899783,77.10416663527256
"FIR No. 0237/2025, P.S. Rohini",2025-10-09 20:08:00,OTHER,OTHER incident reported in North West Delhi (Rohini),North West Delhi (Rohini),False,North West Delhi (Rohini),28.66894479103552,77.10749700616701
"FIR No. 0680/2023, P.S. Hauz Khas",2023-09-20 05:09:00,ASSAULT,ASSAULT incident reported in South Delhi (Hauz Khas),South Delhi (Hauz Khas),False,South Delhi (Hauz Khas),28.547334557548204,77.18425085493783
"FIR No. 0222/2024, P.S. Rohini",2024-03-25 18:33:00,BURGLARY,BURGLARY incident reported in North West Delhi (Rohini),North West Delhi (Rohini),False,North West Delhi (Rohini),28.67886777109571,77.10778675427923
86225773/2023,2023-12-26 15:25:00,THEFT,THEFT incident reported in East Delhi (Preet Vihar),East Delhi (Preet Vihar),False,East Delhi (Preet Vihar),28.647419400268948,77.31230005004701
"FIR No. 0264/2025, P.S. Dwarka",2025-06-13 11:13:00,KIDNAPPING,KIDNAPPING incident reported in South West Delhi (Dwarka),South West Delhi (Dwarka),False,South West Delhi (Dwarka),28.61411073358033,77.03889658964984
89285250/2026,2026-06-19 11:30:00,BURGLARY,BURGLARY incident reported in Central Delhi (Connaught Place),Central Delhi (Connaught Place),False,Central Delhi (Connaught Place),28.62674576860567,77.24485232105431
"FIR No. 0155/2024, P.S. Rohini",2024-03-05 08:26:00,THEFT,THEFT incident reported in North West Delhi (Rohini),North West Delhi (Rohini),True,North West Delhi (Rohini),28.69707880851609,77.08021947053234
"FIR No. 0263/2024, P.S. Dwarka",2024-07-25 11:25:00,BURGLARY,BURGLARY incident reported in South West Delhi (Dwarka),South West Delhi (Dwarka),True,South West Delhi (Dwarka),28.60383734607876,77.03444302567286
"FIR No. 0191/2025, P.S. Preet Vihar",2025-11-13 09:29:00,KIDNAPPING,KIDNAPPING incident reported in East Delhi (Preet Vihar),East Delhi (Preet Vihar),True,East Delhi (Preet Vihar),28.61754938301587,77.27010046237001
"FIR No. 0526/2023, P.S. Hauz Khas",2023-05-15 02:58:00,THEFT,THEFT incident reported in South Delhi (Hauz Khas),South Delhi (Hauz Khas),False,South Delhi (Hauz Khas),28.56021057115463,77.18845894470789
"FIR No. 0101/2023, P.S. Rohini",2023-01-10 13:31:00,THEFT,THEFT incident reported in North West Delhi (Rohini),North West Delhi (Rohini),False,North West Delhi (Rohini),28.71667525413608,77.07832398880343
"FIR No. 0394/2024, P.S. Rohini",2024-06-26 12:25:00,THEFT,THEFT incident reported in North West Delhi (Rohini),North West Delhi (Rohini),False,North West Delhi (Rohini),28.70906222723245,77.10238710141843
"FIR No. 0093/2025, P.S. Parliament Street",2025-08-23 02:02:00,ASSAULT,ASSAULT incident reported in New Delhi (Parliament Street),New Delhi (Parliament Street),False,New Delhi (Parliament Street),28.631123132672297,77.23100323410196
"FIR No. 0055/2023, P.S. Hauz Khas",2023-02-12 14:57:00,ROBBERY,ROBBERY incident reported in South Delhi (Hauz Khas),South Delhi (Hauz Khas),False,South Delhi (Hauz Khas),28.556918217441822,77.20172521444633
"FIR No. 0169/2023, P.S. Connaught Place",2023-03-06 06:22:00,THEFT,THEFT incident reported in Central Delhi (Connaught Place),Central Delhi (Connaught Place),False,Central Delhi (Connaught Place),28.644384419143226,77.2107769370313
"FIR No. 0071/2025, P.S. Preet Vihar",2025-06-03 10:33:00,KIDNAPPING,KIDNAPPING incident reported in East Delhi (Preet Vihar),East Delhi (Preet Vihar),True,East Delhi (Preet Vihar),28.64213236152817,77.31473910705367
"FIR No. 0069/2025, P.S. Rohini",2025-03-24 17:56:00,THEFT,THEFT incident reported in North West Delhi (Rohini),North West Delhi (Rohini),False,North West Delhi (Rohini),28.71153200976548,77.09637728287869
"FIR No. 0340/2026, P.S. Hauz Khas",2026-06-21 21:05:00,BURGLARY,BURGLARY incident reported in South Delhi (Hauz Khas),South Delhi (Hauz Khas),False,South Delhi (Hauz Khas),28.549728792615085,77.21679697234299
"FIR No. 0785/2025, P.S. Connaught Place",2025-12-28 05:44:00,THEFT,THEFT incident reported in Central Delhi (Connaught Place),Central Delhi (Connaught Place),True,Central Delhi (Connaught Place),28.613300273890708,77.21726408593425
85113731/2026,2026-02-05 14:27:00,ASSAULT,ASSAULT incident reported in New Delhi (Parliament Street),New Delhi (Parliament Street),True,New Delhi (Parliament Street),28.616360383247013,77.18077961872156
"FIR No. 0100/2024, P.S. Dwarka",2024-04-09 21:07:00,OTHER,OTHER incident reported in South West Delhi (Dwarka),South West Delhi (Dwarka),True,South West Delhi (Dwarka),28.606376632053355,77.04620386609801
"FIR No. 0207/2024, P.S. Parliament Street",2024-10-09 08:24:00,THEFT,THEFT incident reported in New Delhi (Parliament Street),New Delhi (Parliament Street),True,New Delhi (Parliament Street),28.610565839156266,77.2278255135245
81071700/2024,2024-11-26 02:25:00,THEFT,THEFT incident reported in North West Delhi (Rohini),North West Delhi (Rohini),True,North West Delhi (Rohini),28.685313521442403,77.1173764354907
"FIR No. 0014/2026, P.S. Hauz Khas",2026-01-12 12:55:00,ROBBERY,ROBBERY incident reported in South Delhi (Hauz Khas),South Delhi (Hauz Khas),True,South Delhi (Hauz Khas),28.54395032553842,77.22250601970931
"FIR No. 0075/2025, P.S. Rohini",2025-03-10 09:21:00,THEFT,THEFT incident reported in North West Delhi (Rohini),North West Delhi (Rohini),True,North West Delhi (Rohini),28.683037512349564,77.10601300426181
"FIR No. 0040/2025, P.S. Connaught Place",2025-03-19 09:49:00,THEFT,THEFT incident reported in Central Delhi (Connaught Place),Central Delhi (Connaught Place),False,Central Delhi (Connaught Place),28.6369416439278,77.2239302381626
"FIR No. 0131/2023, P.S. Rohini",2023-05-25 06:21:00,THEFT,THEFT incident reported in North West Delhi (Rohini),North West Delhi (Rohini),False,North West Delhi (Rohini),28.68781623972116,77.10587047292992
"FIR No. 0171/2024, P.S. Parliament Street",2024-05-06 04:59:00,ROBBERY,ROBBERY incident reported in New Delhi (Parliament Street),New Delhi (Parliament Street),True,New Delhi (Parliament Street),28.62696616434561,77.21930670406199
"FIR No. 0913/2023, P.S. Rohini",2023-12-11 18:22:00,THEFT,THEFT incident reported in North West Delhi (Rohini),North West Delhi (Rohini),True,North West Delhi (Rohini),28.71961772376768,77.10354944050863
"FIR No. 0139/2026, P.S. Hauz Khas",2026-02-08 17:13:00,ASSAULT,ASSAULT incident reported in South Delhi (Hauz Khas),South Delhi (Hauz Khas),True,South Delhi (Hauz Khas),28.54667924499812,77.18102114023401
"FIR No. 0898/2023, P.S. Dwarka",2023-09-23 20:06:00,BURGLARY,BURGLARY incident reported in South West Delhi (Dwarka),South West Delhi (Dwarka),False,South West Delhi (Dwarka),28.590248609843567,77.06134696652452
"FIR No. 0074/2025, P.S. Rohini",2025-01-29 12:38:00,ROBBERY,ROBBERY incident reported in North West Delhi (Rohini),North West Delhi (Rohini),False,North West Delhi (Rohini),28.721907508619733,77.09534371265717
88302094/2023,2023-05-19 20:30:00,THEFT,THEFT incident reported in Central Delhi (Connaught Place),Central Delhi (Connaught Place),True,Central Delhi (Connaught Place),28.640086724974736,77.23345119522865
"FIR No. 0044/2023, P.S. Rohini",2023-01-31 16:50:00,THEFT,THEFT incident reported in North West Delhi (Rohini),North West Delhi (Rohini),True,North West Delhi (Rohini),28.700298639560653,77.12489191858239
"FIR No. 1069/2024, P.S. Dwarka",2024-10-15 16:18:00,ASSAULT,ASSAULT incident reported in South West Delhi (Dwarka),South West Delhi (Dwarka),False,South West Delhi (Dwarka),28.575071839785725,77.04509156373562
"FIR No. 0291/2026, P.S. Hauz Khas",2026-05-19 01:14:00,THEFT,THEFT incident reported in South Delhi (Hauz Khas),South Delhi (Hauz Khas),True,South Delhi (Hauz Khas),28.532281577743458,77.19622362590303
"FIR No. 0339/2026, P.S. Connaught Place",2026-03-16 05:51:00,BURGLARY,BURGLARY incident reported in Central Delhi (Connaught Place),Central Delhi (Connaught Place),False,Central Delhi (Connaught Place),28.63727692451362,77.21205373983899
86828386/2024,2024-10-03 23:11:00,THEFT,THEFT incident reported in North West Delhi (Rohini),North West Delhi (Rohini),False,North West Delhi (Rohini),28.691417714547672,77.07682681965979
"FIR No. 0185/2025, P.S. Hauz Khas",2025-05-06 13:20:00,THEFT,THEFT incident reported in South Delhi (Hauz Khas),South Delhi (Hauz Khas),False,South Delhi (Hauz Khas),28.56353500227737,77.18822670757497
80438127/2026,2026-04-17 12:05:00,BURGLARY,BURGLARY incident reported in New Delhi (Parliament Street),New Delhi (Parliament Street),False,New Delhi (Parliament Street),28.62289082705556,77.23015353126976
"FIR No. 0226/2024, P.S. Hauz Khas",2024-10-08 21:03:00,BURGLARY,BURGLARY incident reported in South Delhi (Hauz Khas),South Delhi (Hauz Khas),True,South Delhi (Hauz Khas),28.559147654067843,77.19437957112439
"FIR No. 0734/2023, P.S. Hauz Khas",2023-08-21 11:28:00,THEFT,THEFT incident reported in South Delhi (Hauz Khas),South Delhi (Hauz Khas),False,South Delhi (Hauz Khas),28.55632924474194,77.17990684146231
89537218/2023,2023-07-02 08:37:00,ASSAULT,ASSAULT incident reported in South Delhi (Hauz Khas),South Delhi (Hauz Khas),True,South Delhi (Hauz Khas),28.570710006542992,77.18898674238771
"FIR No. 0070/2025, P.S. Hauz Khas",2025-01-25 09:10:00,THEFT,THEFT incident reported in South Delhi (Hauz Khas),South Delhi (Hauz Khas),False,South Delhi (Hauz Khas),28.56557565686788,77.19029220604442
83466101/2024,2024-01-10 20:34:00,ROBBERY,ROBBERY incident reported in East Delhi (Preet Vihar),East Delhi (Preet Vihar),False,East Delhi (Preet Vihar),28.643572153776272,77.2942218070268
"FIR No. 0256/2023, P.S. Connaught Place",2023-09-07 18:43:00,KIDNAPPING,KIDNAPPING incident reported in Central Delhi (Connaught Place),Central Delhi (Connaught Place),False,Central Delhi (Connaught Place),28.61858520671136,77.22507703365171
"FIR No. 0022/2025, P.S. Rohini",2025-10-17 12:02:00,BURGLARY,BURGLARY incident reported in North West Delhi (Rohini),North West Delhi (Rohini),True,North West Delhi (Rohini),28.718682434721057,77.12412961051723
"FIR No. 0840/2024, P.S. Dwarka",2024-10-05 19:27:00,THEFT,THEFT incident reported in South West Delhi (Dwarka),South West Delhi (Dwarka),True,South West Delhi (Dwarka),28.611094979025207,77.05568810678265
"FIR No. 0168/2025, P.S. Hauz Khas",2025-02-17 03:47:00,THEFT,THEFT incident reported in South Delhi (Hauz Khas),South Delhi (Hauz Khas),False,South Delhi (Hauz Khas),28.52857320620896,77.2059952257526
"FIR No. 0746/2023, P.S. Preet Vihar",2023-08-30 16:41:00,THEFT,THEFT incident reported in East Delhi (Preet Vihar),East Delhi (Preet Vihar),False,East Delhi (Preet Vihar),28.611870125965087,77.27801932495876
"FIR No. 0150/2025, P.S. Rohini",2025-04-12 18:49:00,THEFT,THEFT incident reported in North West Delhi (Rohini),North West Delhi (Rohini),True,North West Delhi (Rohini),28.71149325363708,77.12344369302052
"FIR No. 0383/2024, P.S. Preet Vihar",2024-11-10 17:11:00,OTHER,OTHER incident reported in East Delhi (Preet Vihar),East Delhi (Preet Vihar),False,East Delhi (Preet Vihar),28.6558112359555,77.28075982987619
"FIR No. 0118/2025, P.S. Hauz Khas",2025-05-14 10:50:00,THEFT,THEFT incident reported in South Delhi (Hauz Khas),South Delhi (Hauz Khas),False,South Delhi (Hauz Khas),28.527796391111085,77.19636320009813
"FIR No. 0395/2024, P.S. Connaught Place",2024-06-29 22:44:00,THEFT,THEFT incident reported in Central Delhi (Connaught Place),Central Delhi (Connaught Place),False,Central Delhi (Connaught Place),28.644874781730227,77.22258264903577
"FIR No. 0019/2024, P.S. Rohini",2024-01-07 03:21:00,BURGLARY,BURGLARY incident reported in North West Delhi (Rohini),North West Delhi (Rohini),False,North West Delhi (Rohini),28.720216106730355,77.1049412165907
"FIR No. 0786/2024, P.S. Connaught Place",2024-12-04 10:25:00,THEFT,THEFT incident reported in Central Delhi (Connaught Place),Central Delhi (Connaught Place),False,Central Delhi (Connaught Place),28.606198465495872,77.21989448388928
"FIR No. 0890/2024, P.S. Rohini",2024-08-08 04:45:00,THEFT,THEFT incident reported in North West Delhi (Rohini),North West Delhi (Rohini),False,North West Delhi (Rohini),28.69762268791382,77.09941874903515
89274998/2024,2024-08-08 10:04:00,THEFT,THEFT incident reported in South Delhi (Hauz Khas),South Delhi (Hauz Khas),False,South Delhi (Hauz Khas),28.54748844510378,77.1848144017587
"FIR No. 0546/2024, P.S. Dwarka",2024-06-16 07:02:00,ASSAULT,ASSAULT incident reported in South West Delhi (Dwarka),South West Delhi (Dwarka),False,South West Delhi (Dwarka),28.597629193121914,77.01050938323321
"FIR No. 0013/2023, P.S. Connaught Place",2023-01-07 13:21:00,THEFT,THEFT incident reported in Central Delhi (Connaught Place),Central Delhi (Connaught Place),False,Central Delhi (Connaught Place),28.625173571875504,77.21034742478132
"FIR No. 0173/2023, P.S. Rohini",2023-03-02 12:06:00,BURGLARY,BURGLARY incident reported in North West Delhi (Rohini),North West Delhi (Rohini),True,North West Delhi (Rohini),28.70316443023725,77.09746287908278
83425393/2024,2024-01-18 15:13:00,THEFT,THEFT incident reported in South West Delhi (Dwarka),South West Delhi (Dwarka),False,South West Delhi (Dwarka),28.5902043662138,77.05354248256319
"FIR No. 0055/2025, P.S. Preet Vihar",2025-03-01 06:34:00,ROBBERY,ROBBERY incident reported in East Delhi (Preet Vihar),East Delhi (Preet Vihar),False,East Delhi (Preet Vihar),28.654775560955045,77.30114103517361
"FIR No. 0449/2024, P.S. Hauz Khas",2024-06-18 13:09:00,ASSAULT,ASSAULT incident reported in South Delhi (Hauz Khas),South Delhi (Hauz Khas),False,South Delhi (Hauz Khas),28.554613342269224,77.18846408697799
"FIR No. 0105/2025, P.S. Dwarka",2025-08-11 07:36:00,THEFT,THEFT incident reported in South West Delhi (Dwarka),South West Delhi (Dwarka),False,South West Delhi (Dwarka),28.57646190570156,77.0382227099094
"FIR No. 0319/2024, P.S. Hauz Khas",2024-10-09 14:39:00,ASSAULT,ASSAULT incident reported in South Delhi (Hauz Khas),South Delhi (Hauz Khas),False,South Delhi (Hauz Khas),28.551321374720544,77.17248616806582
"FIR No. 0508/2025, P.S. Preet Vihar",2025-06-29 02:41:00,THEFT,THEFT incident reported in East Delhi (Preet Vihar),East Delhi (Preet Vihar),False,East Delhi (Preet Vihar),28.64123647611393,77.31914719549908
"FIR No. 0056/2023, P.S. Hauz Khas",2023-01-31 19:45:00,BURGLARY,BURGLARY incident reported in South Delhi (Hauz Khas),South Delhi (Hauz Khas),False,South Delhi (Hauz Khas),28.56289255397015,77.18502980743182
"FIR No. 0164/2026, P.S. Dwarka",2026-08-08 08:36:00,ROBBERY,ROBBERY incident reported in South West Delhi (Dwarka),South West Delhi (Dwarka),False,South West Delhi (Dwarka),28.60295337608732,77.01700590235959
"FIR No. 0091/2026, P.S. Dwarka",2026-01-19 10:07:00,THEFT,THEFT incident reported in South West Delhi (Dwarka),South West Delhi (Dwarka),True,South West Delhi (Dwarka),28.594710642404625,77.06883637935606
"FIR No. 0199/2025, P.S. Hauz Khas",2025-10-29 00:56:00,THEFT,THEFT incident reported in South Delhi (Hauz Khas),South Delhi (Hauz Khas),False,South Delhi (Hauz Khas),28.53989691009203,77.20264180067086
89238945/2025,2025-09-02 05:17:00,BURGLARY,BURGLARY incident reported in North West Delhi (Rohini),North West Delhi (Rohini),True,North West Delhi (Rohini),28.721802493732778,77.12570993003081
84366527/2024,2024-04-16 15:03:00,BURGLARY,BURGLARY incident reported in South West Delhi (Dwarka),South West Delhi (Dwarka),False,South West Delhi (Dwarka),28.600102603571177,77.02808959300931
"FIR No. 0790/2024, P.S. Connaught Place",2024-12-05 06:06:00,ASSAULT,ASSAULT incident reported in Central Delhi (Connaught Place),Central Delhi (Connaught Place),False,Central Delhi (Connaught Place),28.64310899853986,77.20753373080535
"FIR No. 0089/2026, P.S. Preet Vihar",2026-02-07 03:30:00,THEFT,THEFT incident reported in East Delhi (Preet Vihar),East Delhi (Preet Vihar),True,East Delhi (Preet Vihar),28.64054249084132,77.29350512386215
"FIR No. 0337/2026, P.S. Dwarka",2026-05-23 02:51:00,ASSAULT,ASSAULT incident reported in South West Delhi (Dwarka),South West Delhi (Dwarka),False,South West Delhi (Dwarka),28.605760704367853,77.08113461104551
"FIR No. 0217/2025, P.S. Connaught Place",2025-02-15 06:09:00,ASSAULT,ASSAULT incident reported in Central Delhi (Connaught Place),Central Delhi (Connaught Place),False,Central Delhi (Connaught Place),28.624067104561924,77.1921111175826
"FIR No. 0433/2025, P.S. Dwarka",2025-06-07 20:58:00,THEFT,THEFT incident reported in South West Delhi (Dwarka),South West Delhi (Dwarka),False,South West Delhi (Dwarka),28.5799646537591,77.0476662956059
"FIR No. 0383/2024, P.S. Parliament Street",2024-07-18 09:05:00,ASSAULT,ASSAULT incident reported in New Delhi (Parliament Street),New Delhi (Parliament Street),True,New Delhi (Parliament Street),28.632121304528926,77.23317125820338
"FIR No. 0588/2026, P.S. Connaught Place",2026-08-13 08:38:00,BURGLARY,BURGLARY incident reported in Central Delhi (Connaught Place),Central Delhi (Connaught Place),False,Central Delhi (Connaught Place),28.64174729086648,77.19755822553702
"FIR No. 0290/2025, P.S. Rohini",2025-08-02 23:20:00,OTHER,OTHER incident reported in North West Delhi (Rohini),North West Delhi (Rohini),False,North West Delhi (Rohini),28.73486769906545,77.10420511776293
"FIR No. 0006/2025, P.S. Hauz Khas",2025-01-20 02:57:00,KIDNAPPING,KIDNAPPING incident reported in South Delhi (Hauz Khas),South Delhi (Hauz Khas),False,South Delhi (Hauz Khas),28.55393635958596,77.20828713547718
"FIR No. 0216/2023, P.S. Connaught Place",2023-08-21 03:23:00,THEFT,THEFT incident reported in Central Delhi (Connaught Place),Central Delhi (Connaught Place),True,Central Delhi (Connaught Place),28.616229635234607,77.21691393649279
"FIR No. 0813/2025, P.S. Hauz Khas",2025-09-26 23:19:00,THEFT,THEFT incident reported in South Delhi (Hauz Khas),South Delhi (Hauz Khas),False,South Delhi (Hauz Khas),28.55164147235741,77.22337732568268
"FIR No. 0161/2024, P.S. Hauz Khas",2024-05-22 02:03:00,BURGLARY,BURGLARY incident reported in South Delhi (Hauz Khas),South Delhi (Hauz Khas),False,South Delhi (Hauz Khas),28.542467750184446,77.22121886599409
"FIR No. 0540/2024, P.S. Dwarka",2024-09-26 15:46:00,THEFT,THEFT incident reported in South West Delhi (Dwarka),South West Delhi (Dwarka),True,South West Delhi (Dwarka),28.60581148831461,77.0456124955254
"FIR No. 0744/2023, P.S. Parliament Street",2023-10-01 08:52:00,OTHER,OTHER incident reported in New Delhi (Parliament Street),New Delhi (Parliament Street),False,New Delhi (Parliament Street),28.64646611385482,77.21524707584743
88480446/2024,2024-12-04 21:38:00,OTHER,OTHER incident reported in South Delhi (Hauz Khas),South Delhi (Hauz Khas),True,South Delhi (Hauz Khas),28.55932869267943,77.21452197671042
"FIR No. 0464/2026, P.S. Hauz Khas",2026-05-09 17:35:00,THEFT,THEFT incident reported in South Delhi (Hauz Khas),South Delhi (Hauz Khas),True,South Delhi (Hauz Khas),28.55687392330582,77.19366269798147
"FIR No. 0776/2023, P.S. Parliament Street",2023-12-13 02:02:00,ASSAULT,ASSAULT incident reported in New Delhi (Parliament Street),New Delhi (Parliament Street),False,New Delhi (Parliament Street),28.60454994301082,77.1944104042194
"FIR No. 0599/2024, P.S. Parliament Street",2024-12-15 22:36:00,ROBBERY,ROBBERY incident reported in New Delhi (Parliament Street),New Delhi (Parliament Street),False,New Delhi (Parliament Street),28.625564060858324,77.18802319875833
"FIR No. 0034/2023, P.S. Rohini",2023-01-07 13:54:00,OTHER,OTHER incident reported in North West Delhi (Rohini),North West Delhi (Rohini),True,North West Delhi (Rohini),28.696984646223576,77.09155491504221
"FIR No. 0492/2024, P.S. Hauz Khas",2024-10-05 14:12:00,ROBBERY,ROBBERY incident reported in South Delhi (Hauz Khas),South Delhi (Hauz Khas),False,South Delhi (Hauz Khas),28.547889169231656,77.20050973356956
87158620/2024,2024-05-02 09:21:00,OTHER,OTHER incident reported in North West Delhi (Rohini),North West Delhi (Rohini),False,North West Delhi (Rohini),28.71479326785501,77.08175376495899
"FIR No. 0038/2025, P.S. Hauz Khas",2025-07-01 07:08:00,ASSAULT,ASSAULT incident reported in South Delhi (Hauz Khas),South Delhi (Hauz Khas),False,South Delhi (Hauz Khas),28.534000611214022,77.21318324310415
"FIR No. 0333/2025, P.S. Preet Vihar",2025-10-31 04:54:00,THEFT,THEFT incident reported in East Delhi (Preet Vihar),East Delhi (Preet Vihar),False,East Delhi (Preet Vihar),28.643927328918828,77.31562166420908
"FIR No. 1093/2024, P.S. Connaught Place",2024-12-11 19:22:00,THEFT,THEFT incident reported in Central Delhi (Connaught Place),Central Delhi (Connaught Place),True,Central Delhi (Connaught Place),28.63378044731994,77.20675808979999
"FIR No. 0262/2025, P.S. Connaught Place",2025-05-06 14:12:00,THEFT,THEFT incident reported in Central Delhi (Connaught Place),Central Delhi (Connaught Place),False,Central Delhi (Connaught Place),28.658745508630275,77.23308896280861
"FIR No. 0020/2023, P.S. Hauz Khas",2023-05-26 15:17:00,ROBBERY,ROBBERY incident reported in South Delhi (Hauz Khas),South Delhi (Hauz Khas),True,South Delhi (Hauz Khas),28.5324030968157,77.19606185165283
80525675/2025,2025-11-01 23:32:00,THEFT,THEFT incident reported in Central Delhi (Connaught Place),Central Delhi (Connaught Place),False,Central Delhi (Connaught Place),28.633911098986047,77.19181390459161
"FIR No. 0124/2024, P.S. Preet Vihar",2024-02-26 04:49:00,ASSAULT,ASSAULT incident reported in East Delhi (Preet Vihar),East Delhi (Preet Vihar),False,East Delhi (Preet Vihar),28.65138624820389,77.30116019453993
"FIR No. 0028/2025, P.S. Preet Vihar",2025-05-19 07:00:00,ASSAULT,ASSAULT incident reported in East Delhi (Preet Vihar),East Delhi (Preet Vihar),True,East Delhi (Preet Vihar),28.62581344837884,77.30516263324839
"FIR No. 0054/2024, P.S. Rohini",2024-11-12 19:00:00,ASSAULT,ASSAULT incident reported in North West Delhi (Rohini),North West Delhi (Rohini),False,North West Delhi (Rohini),28.70316741487429,77.10708003526818
"FIR No. 0225/2023, P.S. Rohini",2023-05-16 05:49:00,ROBBERY,ROBBERY incident reported in North West Delhi (Rohini),North West Delhi (Rohini),True,North West Delhi (Rohini),28.711701460350003,77.07511648861811
84472851/2023,2023-07-13 01:10:00,THEFT,THEFT incident reported in South Delhi (Hauz Khas),South Delhi (Hauz Khas),True,South Delhi (Hauz Khas),28.53245125340843,77.17524093339442
"FIR No. 0484/2023, P.S. Connaught Place",2023-06-10 02:32:00,THEFT,THEFT incident reported in Central Delhi (Connaught Place),Central Delhi (Connaught Place),True,Central Delhi (Connaught Place),28.61617639523016,77.2194727657036
"FIR No. 0792/2023, P.S. Preet Vihar",2023-09-23 15:22:00,ROBBERY,ROBBERY incident reported in East Delhi (Preet Vihar),East Delhi (Preet Vihar),False,East Delhi (Preet Vihar),28.6328708368915,77.27268293790262
"FIR No. 0224/2025, P.S. Rohini",2025-06-20 01:20:00,ASSAULT,ASSAULT incident reported in North West Delhi (Rohini),North West Delhi (Rohini),False,North West Delhi (Rohini),28.698871880914247,77.10884132314625
"FIR No. 0123/2024, P.S. Dwarka",2024-05-01 16:54:00,ASSAULT,ASSAULT incident reported in South West Delhi (Dwarka),South West Delhi (Dwarka),False,South West Delhi (Dwarka),28.56666078886712,77.02507768612436
"FIR No. 0035/2025, P.S. Preet Vihar",2025-02-09 06:32:00,THEFT,THEFT incident reported in East Delhi (Preet Vihar),East Delhi (Preet Vihar),False,East Delhi (Preet Vihar),28.64986558212177,77.25991770707057
"FIR No. 0377/2025, P.S. Hauz Khas",2025-09-25 12:12:00,ASSAULT,ASSAULT incident reported in South Delhi (Hauz Khas),South Delhi (Hauz Khas),False,South Delhi (Hauz Khas),28.55805368506615,77.21830695577026
83321459/2024,2024-05-14 07:55:00,ROBBERY,ROBBERY incident reported in North West Delhi (Rohini),North West Delhi (Rohini),True,North West Delhi (Rohini),28.72827600935564,77.10052521340629
"FIR No. 0117/2024, P.S. Parliament Street",2024-02-29 13:15:00,THEFT,THEFT incident reported in New Delhi (Parliament Street),New Delhi (Parliament Street),True,New Delhi (Parliament Street),28.62417456071666,77.21487669914335
85110520/2023,2023-04-15 02:53:00,ASSAULT,ASSAULT incident reported in Central Delhi (Connaught Place),Central Delhi (Connaught Place),True,Central Delhi (Connaught Place),28.63573198774043,77.20432491243626
"FIR No. 0542/2023, P.S. Connaught Place",2023-07-16 14:40:00,KIDNAPPING,KIDNAPPING incident reported in Central Delhi (Connaught Place),Central Delhi (Connaught Place),True,Central Delhi (Connaught Place),28.633322114909934,77.23082815618905
"FIR No. 0057/2026, P.S. Connaught Place",2026-01-07 17:42:00,THEFT,THEFT incident reported in Central Delhi (Connaught Place),Central Delhi (Connaught Place),False,Central Delhi (Connaught Place),28.63054921988558,77.2060573999261
"FIR No. 0663/2024, P.S. Parliament Street",2024-07-16 12:59:00,THEFT,THEFT incident reported in New Delhi (Parliament Street),New Delhi (Parliament Street),False,New Delhi (Parliament Street),28.64329675827432,77.20922411870268
80370903/2024,2024-05-06 10:18:00,BURGLARY,BURGLARY incident reported in Central Delhi (Connaught Place),Central Delhi (Connaught Place),False,Central Delhi (Connaught Place),28.63983510989977,77.19403655752714
"FIR No. 0129/2024, P.S. Preet Vihar",2024-09-24 21:33:00,THEFT,THEFT incident reported in East Delhi (Preet Vihar),East Delhi (Preet Vihar),False,East Delhi (Preet Vihar),28.617107699402336,77.29486542199713
"FIR No. 0064/2026, P.S. Preet Vihar",2026-07-03 13:43:00,BURGLARY,BURGLARY incident reported in East Delhi (Preet Vihar),East Delhi (Preet Vihar),True,East Delhi (Preet Vihar),28.62353856050895,77.32529513389426
"FIR No. 0144/2023, P.S. Rohini",2023-05-13 02:52:00,ROBBERY,ROBBERY incident reported in North West Delhi (Rohini),North West Delhi (Rohini),True,North West Delhi (Rohini),28.726086429707298,77.10113277906632
"FIR No. 0075/2023, P.S. Rohini",2023-07-23 00:52:00,THEFT,THEFT incident reported in North West Delhi (Rohini),North West Delhi (Rohini),False,North West Delhi (Rohini),28.708767192319986,77.11574474562525
86784287/2024,2024-07-13 14:16:00,OTHER,OTHER incident reported in Central Delhi (Connaught Place),Central Delhi (Connaught Place),False,Central Delhi (Connaught Place),28.64435949932126,77.2312206990364
"FIR No. 0338/2026, P.S. Preet Vihar",2026-04-26 02:32:00,OTHER,OTHER incident reported in East Delhi (Preet Vihar),East Delhi (Preet Vihar),True,East Delhi (Preet Vihar),28.62754937842533,77.32458260585578
"FIR No. 0480/2023, P.S. Dwarka",2023-12-11 01:52:00,ASSAULT,ASSAULT incident reported in South West Delhi (Dwarka),South West Delhi (Dwarka),False,South West Delhi (Dwarka),28.596601474971493,77.05520911000693
"FIR No. 0054/2025, P.S. Rohini",2025-01-19 23:37:00,ASSAULT,ASSAULT incident reported in North West Delhi (Rohini),North West Delhi (Rohini),False,North West Delhi (Rohini),28.6894600179866,77.10251477233496
83438475/2023,2023-11-16 21:55:00,KIDNAPPING,KIDNAPPING incident reported in North West Delhi (Rohini),North West Delhi (Rohini),True,North West Delhi (Rohini),28.712648270214256,77.08431031198671
"FIR No. 0211/2023, P.S. Parliament Street",2023-05-22 03:45:00,BURGLARY,BURGLARY incident reported in New Delhi (Parliament Street),New Delhi (Parliament Street),False,New Delhi (Parliament Street),28.623870549055138,77.20607126359448
"FIR No. 0670/2025, P.S. Hauz Khas",2025-08-01 16:26:00,ASSAULT,ASSAULT incident reported in South Delhi (Hauz Khas),South Delhi (Hauz Khas),True,South Delhi (Hauz Khas),28.55140924303128,77.18458414312838
"FIR No. 0775/2024, P.S. Connaught Place",2024-10-19 05:08:00,BURGLARY,BURGLARY incident reported in Central Delhi (Connaught Place),Central Delhi (Connaught Place),False,Central Delhi (Connaught Place),28.639498171272784,77.22062927204665
"FIR No. 0542/2023, P.S. Preet Vihar",2023-09-06 23:47:00,OTHER,OTHER incident reported in East Delhi (Preet Vihar),East Delhi (Preet Vihar),True,East Delhi (Preet Vihar),28.61913971549449,77.27813145323344
"FIR No. 0091/2023, P.S. Preet Vihar",2023-02-27 23:36:00,OTHER,OTHER incident reported in East Delhi (Preet Vihar),East Delhi (Preet Vihar),False,East Delhi (Preet Vihar),28.63303457864756,77.30747035998888
"FIR No. 0349/2026, P.S. Hauz Khas",2026-06-24 18:37:00,ROBBERY,ROBBERY incident reported in South Delhi (Hauz Khas),South Delhi (Hauz Khas),False,South Delhi (Hauz Khas),28.55692404264805,77.17198027311623
"FIR No. 0504/2023, P.S. Connaught Place",2023-06-04 03:35:00,ASSAULT,ASSAULT incident reported in Central Delhi (Connaught Place),Central Delhi (Connaught Place),False,Central Delhi (Connaught Place),28.625075006197505,77.20449334476467
"FIR No. 0207/2024, P.S. Preet Vihar",2024-03-16 09:31:00,ROBBERY,ROBBERY incident reported in East Delhi (Preet Vihar),East Delhi (Preet Vihar),False,East Delhi (Preet Vihar),28.630097538901936,77.29762691740159
"FIR No. 0011/2023, P.S. Dwarka",2023-06-30 13:56:00,KIDNAPPING,KIDNAPPING incident reported in South West Delhi (Dwarka),South West Delhi (Dwarka),True,South West Delhi (Dwarka),28.59436279363312,77.03731774292247
"FIR No. 0081/2026, P.S. Connaught Place",2026-02-12 07:00:00,ROBBERY,ROBBERY incident reported in Central Delhi (Connaught Place),Central Delhi (Connaught Place),False,Central Delhi (Connaught Place),28.636257924035814,77.21320691804966
"FIR No. 0290/2025, P.S. Rohini",2025-06-25 07:04:00,THEFT,THEFT incident reported in North West Delhi (Rohini),North West Delhi (Rohini),False,North West Delhi (Rohini),28.73157119675084,77.0874572376242
"FIR No. 0772/2023, P.S. Connaught Place",2023-11-28 01:11:00,ASSAULT,ASSAULT incident reported in Central Delhi (Connaught Place),Central Delhi (Connaught Place),False,Central Delhi (Connaught Place),28.65523723810056,77.22281274705318
"FIR No. 0230/2023, P.S. Connaught Place",2023-03-18 09:40:00,ROBBERY,ROBBERY incident reported in Central Delhi (Connaught Place),Central Delhi (Connaught Place),False,Central Delhi (Connaught Place),28.61938397929241,77.20420384643131
"FIR No. 0284/2024, P.S. Dwarka",2024-04-13 16:53:00,THEFT,THEFT incident reported in South West Delhi (Dwarka),South West Delhi (Dwarka),True,South West Delhi (Dwarka),28.591002789700127,77.04766408057446
"FIR No. 0186/2024, P.S. Connaught Place",2024-02-28 01:23:00,ROBBERY,ROBBERY incident reported in Central Delhi (Connaught Place),Central Delhi (Connaught Place),False,Central Delhi (Connaught Place),28.63868329032734,77.20931163793477
"FIR No. 0449/2023, P.S. Hauz Khas",2023-09-02 00:40:00,ASSAULT,ASSAULT incident reported in South Delhi (Hauz Khas),South Delhi (Hauz Khas),False,South Delhi (Hauz Khas),28.53948514958517,77.19189888588689
80989275/2026,2026-05-14 14:37:00,THEFT,THEFT incident reported in North West Delhi (Rohini),North West Delhi (Rohini),True,North West Delhi (Rohini),28.69735558462387,77.0789483511622
"FIR No. 0090/2025, P.S. Dwarka",2025-06-22 11:51:00,THEFT,THEFT incident reported in South West Delhi (Dwarka),South West Delhi (Dwarka),False,South West Delhi (Dwarka),28.603136653759623,77.04031461829834
"FIR No. 0126/2024, P.S. Parliament Street",2024-05-31 02:29:00,THEFT,THEFT incident reported in New Delhi (Parliament Street),New Delhi (Parliament Street),False,New Delhi (Parliament Street),28.624283918897248,77.21638623773948
"FIR No. 0543/2024, P.S. Dwarka",2024-10-28 01:48:00,ASSAULT,ASSAULT incident reported in South West Delhi (Dwarka),South West Delhi (Dwarka),False,South West Delhi (Dwarka),28.607170585734508,77.0295905407376
"FIR No. 0246/2024, P.S. Parliament Street",2024-03-06 21:15:00,THEFT,THEFT incident reported in New Delhi (Parliament Street),New Delhi (Parliament Street),False,New Delhi (Parliament Street),28.635086438572667,77.21307903600058
"FIR No. 0235/2023, P.S. Hauz Khas",2023-05-17 12:03:00,BURGLARY,BURGLARY incident reported in South Delhi (Hauz Khas),South Delhi (Hauz Khas),False,South Delhi (Hauz Khas),28.54063157469104,77.17276496731662
"FIR No. 0262/2024, P.S. Parliament Street",2024-03-07 12:09:00,ASSAULT,ASSAULT incident reported in New Delhi (Parliament Street),New Delhi (Parliament Street),False,New Delhi (Parliament Street),28.621120003787528,77.20051009840118
"FIR No. 0569/2025, P.S. Dwarka",2025-11-17 16:25:00,THEFT,THEFT incident reported in South West Delhi (Dwarka),South West Delhi (Dwarka),False,South West Delhi (Dwarka),28.581975192190587,77.03708322208898
"FIR No. 0716/2024, P.S. Hauz Khas",2024-10-07 08:08:00,ASSAULT,ASSAULT incident reported in South Delhi (Hauz Khas),South Delhi (Hauz Khas),False,South Delhi (Hauz Khas),28.56571053188331,77.1680758856599
"FIR No. 0192/2023, P.S. Hauz Khas",2023-07-23 06:19:00,THEFT,THEFT incident reported in South Delhi (Hauz Khas),South Delhi (Hauz Khas),False,South Delhi (Hauz Khas),28.54440789760173,77.19283716150018
"FIR No. 0145/2026, P.S. Connaught Place",2026-03-22 08:06:00,ROBBERY,ROBBERY incident reported in Central Delhi (Connaught Place),Central Delhi (Connaught Place),False,Central Delhi (Connaught Place),28.6374070584142,77.21937952845391
"FIR No. 0133/2023, P.S. Hauz Khas",2023-02-10 21:56:00,KIDNAPPING,KIDNAPPING incident reported in South Delhi (Hauz Khas),South Delhi (Hauz Khas),True,South Delhi (Hauz Khas),28.553070608161008,77.19227501490892
86653128/2024,2024-03-20 06:46:00,THEFT,THEFT incident reported in East Delhi (Preet Vihar),East Delhi (Preet Vihar),True,East Delhi (Preet Vihar),28.67747036949838,77.29995394297008
"FIR No. 0848/2023, P.S. Rohini",2023-10-30 07:27:00,ROBBERY,ROBBERY incident reported in North West Delhi (Rohini),North West Delhi (Rohini),True,North West Delhi (Rohini),28.740122370315497,77.09770049255998
81999695/2024,2024-07-10 04:52:00,ASSAULT,ASSAULT incident reported in East Delhi (Preet Vihar),East Delhi (Preet Vihar),False,East Delhi (Preet Vihar),28.65331552234868,77.30748975949125
"FIR No. 0395/2024, P.S. Rohini",2024-09-30 11:21:00,THEFT,THEFT incident reported in North West Delhi (Rohini),North West Delhi (Rohini),True,North West Delhi (Rohini),28.702590213528204,77.10145381437597
"FIR No. 0180/2023, P.S. Parliament Street",2023-08-14 14:57:00,THEFT,THEFT incident reported in New Delhi (Parliament Street),New Delhi (Parliament Street),True,New Delhi (Parliament Street),28.61386188049348,77.21457463662355
"FIR No. 0025/2026, P.S. Rohini",2026-01-26 07:23:00,ASSAULT,ASSAULT incident reported in North West Delhi (Rohini),North West Delhi (Rohini),False,North West Delhi (Rohini),28.70981076470494,77.11323495524934
"FIR No. 0949/2023, P.S. Dwarka",2023-11-21 09:19:00,THEFT,THEFT incident reported in South West Delhi (Dwarka),South West Delhi (Dwarka),False,South West Delhi (Dwarka),28.61361044006251,77.07093433076321
"FIR No. 0193/2025, P.S. Connaught Place",2025-02-28 10:05:00,THEFT,THEFT incident reported in Central Delhi (Connaught Place),Central Delhi (Connaught Place),False,Central Delhi (Connaught Place),28.626567360687968,77.23295933168012
"FIR No. 0624/2023, P.S. Preet Vihar",2023-06-24 17:13:00,THEFT,THEFT incident reported in East Delhi (Preet Vihar),East Delhi (Preet Vihar),True,East Delhi (Preet Vihar),28.634078917194174,77.29658094024103
82111585/2024,2024-08-29 01:24:00,THEFT,THEFT incident reported in South West Delhi (Dwarka),South West Delhi (Dwarka),False,South West Delhi (Dwarka),28.58483956780968,77.03265743644418
80525407/2026,2026-06-22 05:22:00,THEFT,THEFT incident reported in New Delhi (Parliament Street),New Delhi (Parliament Street),False,New Delhi (Parliament Street),28.64445229611609,77.22209646800529
"FIR No. 0756/2025, P.S. Dwarka",2025-07-04 14:59:00,ASSAULT,ASSAULT incident reported in South West Delhi (Dwarka),South West Delhi (Dwarka),False,South West Delhi (Dwarka),28.57854655080262,77.04606620888563
"FIR No. 0562/2025, P.S. Rohini",2025-09-06 18:25:00,BURGLARY,BURGLARY incident reported in North West Delhi (Rohini),North West Delhi (Rohini),True,North West Delhi (Rohini),28.697029462689606,77.12209372512689
"FIR No. 0001/2023, P.S. Rohini",2023-01-21 21:28:00,THEFT,THEFT incident reported in North West Delhi (Rohini),North West Delhi (Rohini),False,North West Delhi (Rohini),28.69336961917409,77.11080877895213
"FIR No. 0044/2023, P.S. Rohini",2023-05-19 12:37:00,OTHER,OTHER incident reported in North West Delhi (Rohini),North West Delhi (Rohini),False,North West Delhi (Rohini),28.701408032224062,77.07831657262284
"FIR No. 0101/2026, P.S. Preet Vihar",2026-01-29 13:55:00,THEFT,THEFT incident reported in East Delhi (Preet Vihar),East Delhi (Preet Vihar),False,East Delhi (Preet Vihar),28.68032654766368,77.29508943792231
"FIR No. 0299/2023, P.S. Dwarka",2023-03-10 08:54:00,ASSAULT,ASSAULT incident reported in South West Delhi (Dwarka),South West Delhi (Dwarka),False,South West Delhi (Dwarka),28.576727113246605,77.05459437756934
89360310/2023,2023-10-07 13:58:00,THEFT,THEFT incident reported in North West Delhi (Rohini),North West Delhi (Rohini),False,North West Delhi (Rohini),28.7080797634568,77.07632578563181
88315502/2023,2023-03-13 14:02:00,THEFT,THEFT incident reported in Central Delhi (Connaught Place),Central Delhi (Connaught Place),False,Central Delhi (Connaught Place),28.63060139369756,77.22632183616996
"FIR No. 0097/2024, P.S. Preet Vihar",2024-05-15 20:11:00,BURGLARY,BURGLARY incident reported in East Delhi (Preet Vihar),East Delhi (Preet Vihar),False,East Delhi (Preet Vihar),28.602428874663243,77.29442162891733
"FIR No. 0266/2023, P.S. Connaught Place",2023-03-04 12:51:00,THEFT,THEFT incident reported in Central Delhi (Connaught Place),Central Delhi (Connaught Place),False,Central Delhi (Connaught Place),28.640513425589923,77.21871053395239
"FIR No. 0519/2025, P.S. Preet Vihar",2025-06-27 08:18:00,ROBBERY,ROBBERY incident reported in East Delhi (Preet Vihar),East Delhi (Preet Vihar),False,East Delhi (Preet Vihar),28.62949732799197,77.29452648413137
85985776/2025,2025-02-23 03:00:00,ASSAULT,ASSAULT incident reported in New Delhi (Parliament Street),New Delhi (Parliament Street),False,New Delhi (Parliament Street),28.625312934423967,77.22635664150711
"FIR No. 0077/2024, P.S. Parliament Street",2024-10-16 03:05:00,THEFT,THEFT incident reported in New Delhi (Parliament Street),New Delhi (Parliament Street),False,New Delhi (Parliament Street),28.60957164777365,77.23390440727519
"FIR No. 0131/2024, P.S. Dwarka",2024-06-05 13:19:00,ROBBERY,ROBBERY incident reported in South West Delhi (Dwarka),South West Delhi (Dwarka),False,South West Delhi (Dwarka),28.620879740453645,77.0212777946
"FIR No. 0024/2025, P.S. Dwarka",2025-03-29 13:08:00,ASSAULT,ASSAULT incident reported in South West Delhi (Dwarka),South West Delhi (Dwarka),False,South West Delhi (Dwarka),28.590047006552098,77.04218963320213
"FIR No. 0625/2024, P.S. Dwarka",2024-07-16 18:28:00,KIDNAPPING,KIDNAPPING incident reported in South West Delhi (Dwarka),South West Delhi (Dwarka),False,South West Delhi (Dwarka),28.591566806122525,77.05515511189897
"FIR No. 0403/2024, P.S. Hauz Khas",2024-04-22 21:19:00,ASSAULT,ASSAULT incident reported in South Delhi (Hauz Khas),South Delhi (Hauz Khas),False,South Delhi (Hauz Khas),28.541606978265506,77.18997003731579
81901876/2025,2025-03-17 10:50:00,ROBBERY,ROBBERY incident reported in New Delhi (Parliament Street),New Delhi (Parliament Street),False,New Delhi (Parliament Street),28.595554005289472,77.21427916180743
"FIR No. 0013/2024, P.S. Connaught Place",2024-06-24 01:05:00,BURGLARY,BURGLARY incident reported in Central Delhi (Connaught Place),Central Delhi (Connaught Place),False,Central Delhi (Connaught Place),28.609757736506428,77.23220097956863
84821054/2024,2024-09-21 20:42:00,ASSAULT,ASSAULT incident reported in North West Delhi (Rohini),North West Delhi (Rohini),True,North West Delhi (Rohini),28.70198080606933,77.09841036548612
82892608/2024,2024-02-15 08:29:00,THEFT,THEFT incident reported in East Delhi (Preet Vihar),East Delhi (Preet Vihar),True,East Delhi (Preet Vihar),28.63954179864888,77.27685219751653
"FIR No. 0609/2026, P.S. Dwarka",2026-08-01 14:03:00,THEFT,THEFT incident reported in South West Delhi (Dwarka),South West Delhi (Dwarka),False,South West Delhi (Dwarka),28.582387750158382,77.07753078466202
"FIR No. 0024/2023, P.S. Preet Vihar",2023-09-13 07:36:00,ROBBERY,ROBBERY incident reported in East Delhi (Preet Vihar),East Delhi (Preet Vihar),True,East Delhi (Preet Vihar),28.63248353879376,77.30287431206777
"FIR No. 0553/2023, P.S. Preet Vihar",2023-12-09 12:33:00,THEFT,THEFT incident reported in East Delhi (Preet Vihar),East Delhi (Preet Vihar),False,East Delhi (Preet Vihar),28.639586137925487,77.28335315903846
82180190/2024,2024-06-11 06:45:00,BURGLARY,BURGLARY incident reported in East Delhi (Preet Vihar),East Delhi (Preet Vihar),False,East Delhi (Preet Vihar),28.60788736351869,77.31418151113847
86832695/2025,2025-10-29 13:16:00,ROBBERY,ROBBERY incident reported in East Delhi (Preet Vihar),East Delhi (Preet Vihar),False,East Delhi (Preet Vihar),28.63194833436585,77.29009172510796
"FIR No. 0573/2026, P.S. Hauz Khas",2026-06-07 09:20:00,ASSAULT,ASSAULT incident reported in South Delhi (Hauz Khas),South Delhi (Hauz Khas),True,South Delhi (Hauz Khas),28.55788838760377,77.16959270728886
"FIR No. 0528/2026, P.S. Rohini",2026-07-23 02:36:00,BURGLARY,BURGLARY incident reported in North West Delhi (Rohini),North West Delhi (Rohini),False,North West Delhi (Rohini),28.6716661943719,77.11723648933469
"FIR No. 0009/2023, P.S. Connaught Place",2023-04-30 12:12:00,BURGLARY,BURGLARY incident reported in Central Delhi (Connaught Place),Central Delhi (Connaught Place),False,Central Delhi (Connaught Place),28.65380965512733,77.21209214635334
"FIR No. 0593/2025, P.S. Hauz Khas",2025-08-12 10:27:00,THEFT,THEFT incident reported in South Delhi (Hauz Khas),South Delhi (Hauz Khas),False,South Delhi (Hauz Khas),28.5390741232425,77.21138890295934
"FIR No. 0357/2023, P.S. Hauz Khas",2023-06-11 07:20:00,THEFT,THEFT incident reported in South Delhi (Hauz Khas),South Delhi (Hauz Khas),False,South Delhi (Hauz Khas),28.54171655031703,77.20742468712986
"FIR No. 0153/2023, P.S. Connaught Place",2023-06-10 00:02:00,THEFT,THEFT incident reported in Central Delhi (Connaught Place),Central Delhi (Connaught Place),False,Central Delhi (Connaught Place),28.612260896385862,77.2306828180002
89842750/2024,2024-05-04 18:04:00,THEFT,THEFT incident reported in Central Delhi (Connaught Place),Central Delhi (Connaught Place),False,Central Delhi (Connaught Place),28.614539054556992,77.2044797784879
"FIR No. 0560/2025, P.S. Rohini",2025-08-26 20:53:00,THEFT,THEFT incident reported in North West Delhi (Rohini),North West Delhi (Rohini),False,North West Delhi (Rohini),28.713464833466848,77.10988402153225
"FIR No. 0547/2024, P.S. Hauz Khas",2024-06-27 01:36:00,ASSAULT,ASSAULT incident reported in South Delhi (Hauz Khas),South Delhi (Hauz Khas),False,South Delhi (Hauz Khas),28.52597783095801,77.1958584520227
"FIR No. 0001/2025, P.S. Preet Vihar",2025-05-01 10:08:00,OTHER,OTHER incident reported in East Delhi (Preet Vihar),East Delhi (Preet Vihar),True,East Delhi (Preet Vihar),28.618807570590903,77.28661428281204
86308372/2025,2025-06-30 01:22:00,ROBBERY,ROBBERY incident reported in East Delhi (Preet Vihar),East Delhi (Preet Vihar),True,East Delhi (Preet Vihar),28.64552546394004,77.3088737187634
82781555/2023,2023-02-23 01:53:00,ROBBERY,ROBBERY incident reported in Central Delhi (Connaught Place),Central Delhi (Connaught Place),False,Central Delhi (Connaught Place),28.619869643899985,77.229067917916
"FIR No. 0251/2026, P.S. Preet Vihar",2026-08-08 05:17:00,ASSAULT,ASSAULT incident reported in East Delhi (Preet Vihar),East Delhi (Preet Vihar),True,East Delhi (Preet Vihar),28.642443343341903,77.30490240345576
"FIR No. 0063/2026, P.S. Preet Vihar",2026-08-11 02:22:00,THEFT,THEFT incident reported in East Delhi (Preet Vihar),East Delhi (Preet Vihar),False,East Delhi (Preet Vihar),28.631864879034044,77.2834166829823
"FIR No. 0397/2024, P.S. Connaught Place",2024-11-25 21:56:00,ASSAULT,ASSAULT incident reported in Central Delhi (Connaught Place),Central Delhi (Connaught Place),True,Central Delhi (Connaught Place),28.616828600872942,77.22270927787947
"FIR No. 0151/2026, P.S. Dwarka",2026-05-06 22:56:00,BURGLARY,BURGLARY incident reported in South West Delhi (Dwarka),South West Delhi (Dwarka),True,South West Delhi (Dwarka),28.5953909494753,77.02272963650941
"FIR No. 0267/2025, P.S. Dwarka",2025-03-16 15:50:00,ROBBERY,ROBBERY incident reported in South West Delhi (Dwarka),South West Delhi (Dwarka),True,South West Delhi (Dwarka),28.62561634547798,77.05518421977295
84952746/2024,2024-03-02 18:49:00,THEFT,THEFT incident reported in East Delhi (Preet Vihar),East Delhi (Preet Vihar),False,East Delhi (Preet Vihar),28.62479078321267,77.29649798170709
"FIR No. 0165/2024, P.S. Connaught Place",2024-07-05 03:11:00,OTHER,OTHER incident reported in Central Delhi (Connaught Place),Central Delhi (Connaught Place),False,Central Delhi (Connaught Place),28.63803824127189,77.21064927488293
"FIR No. 0138/2025, P.S. Parliament Street",2025-02-13 23:39:00,ASSAULT,ASSAULT incident reported in New Delhi (Parliament Street),New Delhi (Parliament Street),False,New Delhi (Parliament Street),28.6176094941382,77.18838446720616
86458247/2023,2023-04-24 17:36:00,THEFT,THEFT incident reported in South Delhi (Hauz Khas),South Delhi (Hauz Khas),False,South Delhi (Hauz Khas),28.5509974826796,77.20716294237978
85822327/2025,2025-08-25 08:19:00,THEFT,THEFT incident reported in East Delhi (Preet Vihar),East Delhi (Preet Vihar),True,East Delhi (Preet Vihar),28.62936279365644,77.30621126206826
"FIR No. 0182/2024, P.S. Hauz Khas",2024-03-26 03:14:00,BURGLARY,BURGLARY incident reported in South Delhi (Hauz Khas),South Delhi (Hauz Khas),False,South Delhi (Hauz Khas),28.55106357340505,77.206752582672
"FIR No. 0019/2023, P.S. Connaught Place",2023-09-22 14:36:00,THEFT,THEFT incident reported in Central Delhi (Connaught Place),Central Delhi (Connaught Place),True,Central Delhi (Connaught Place),28.64630412867289,77.2096468223204
81076876/2024,2024-12-31 07:26:00,ROBBERY,ROBBERY incident reported in South Delhi (Hauz Khas),South Delhi (Hauz Khas),False,South Delhi (Hauz Khas),28.539762583872665,77.20321097123671
"FIR No. 0116/2025, P.S. Dwarka",2025-05-26 18:28:00,THEFT,THEFT incident reported in South West Delhi (Dwarka),South West Delhi (Dwarka),False,South West Delhi (Dwarka),28.589175079113897,77.06715780222055
"FIR No. 0674/2025, P.S. Parliament Street",2025-12-30 09:47:00,ASSAULT,ASSAULT incident reported in New Delhi (Parliament Street),New Delhi (Parliament Street),False,New Delhi (Parliament Street),28.617126675729548,77.224015173199
"FIR No. 0288/2023, P.S. Hauz Khas",2023-12-14 16:32:00,ROBBERY,ROBBERY incident reported in South Delhi (Hauz Khas),South Delhi (Hauz Khas),True,South Delhi (Hauz Khas),28.547382685973066,77.23419803871187
"FIR No. 0343/2026, P.S. Preet Vihar",2026-04-21 23:10:00,BURGLARY,BURGLARY incident reported in East Delhi (Preet Vihar),East Delhi (Preet Vihar),False,East Delhi (Preet Vihar),28.62915834303067,77.31137740588376
"FIR No. 0702/2025, P.S. Rohini",2025-12-05 09:59:00,ASSAULT,ASSAULT incident reported in North West Delhi (Rohini),North West Delhi (Rohini),False,North West Delhi (Rohini),28.71304024398632,77.10146498492658
"FIR No. 0214/2025, P.S. Dwarka",2025-09-12 07:40:00,THEFT,THEFT incident reported in South West Delhi (Dwarka),South West Delhi (Dwarka),False,South West Delhi (Dwarka),28.600342256574272,77.03123372179232
"FIR No. 0618/2025, P.S. Dwarka",2025-08-13 19:45:00,ASSAULT,ASSAULT incident reported in South West Delhi (Dwarka),South West Delhi (Dwarka),False,South West Delhi (Dwarka),28.59300463269128,77.02929116344957
"FIR No. 0003/2025, P.S. Hauz Khas",2025-01-09 13:33:00,OTHER,OTHER incident reported in South Delhi (Hauz Khas),South Delhi (Hauz Khas),True,South Delhi (Hauz Khas),28.541726081664898,77.18755074134442
"FIR No. 0054/2023, P.S. Hauz Khas",2023-03-04 20:10:00,ASSAULT,ASSAULT incident reported in South Delhi (Hauz Khas),South Delhi (Hauz Khas),False,South Delhi (Hauz Khas),28.54658814403039,77.18941258966689
"FIR No. 0151/2025, P.S. Rohini",2025-07-18 21:51:00,THEFT,THEFT incident reported in North West Delhi (Rohini),North West Delhi (Rohini),False,North West Delhi (Rohini),28.70793361814167,77.108352197785
89769349/2023,2023-04-16 09:39:00,ASSAULT,ASSAULT incident reported in South Delhi (Hauz Khas),South Delhi (Hauz Khas),True,South Delhi (Hauz Khas),28.509331958571657,77.2011803103804
"FIR No. 0125/2024, P.S. Preet Vihar",2024-02-09 03:11:00,ASSAULT,ASSAULT incident reported in East Delhi (Preet Vihar),East Delhi (Preet Vihar),False,East Delhi (Preet Vihar),28.639324453587527,77.28382712426848
"FIR No. 0534/2025, P.S. Dwarka",2025-10-29 19:34:00,ASSAULT,ASSAULT incident reported in South West Delhi (Dwarka),South West Delhi (Dwarka),False,South West Delhi (Dwarka),28.623942742996267,77.06089909678361
"FIR No. 0318/2025, P.S. Rohini",2025-05-31 19:38:00,ASSAULT,ASSAULT incident reported in North West Delhi (Rohini),North West Delhi (Rohini),True,North West Delhi (Rohini),28.70971326001121,77.1082480789592
87062850/2025,2025-03-10 21:22:00,THEFT,THEFT incident reported in Central Delhi (Connaught Place),Central Delhi (Connaught Place),False,Central Delhi (Connaught Place),28.61458262832126,77.22047182374162
"FIR No. 0422/2023, P.S. Preet Vihar",2023-05-19 14:49:00,KIDNAPPING,KIDNAPPING incident reported in East Delhi (Preet Vihar),East Delhi (Preet Vihar),True,East Delhi (Preet Vihar),28.662910504560287,77.29589009143554
"FIR No. 0071/2024, P.S. Rohini",2024-01-30 17:28:00,ASSAULT,ASSAULT incident reported in North West Delhi (Rohini),North West Delhi (Rohini),False,North West Delhi (Rohini),28.698858605426626,77.09442256436904
83711591/2025,2025-05-13 02:31:00,ASSAULT,ASSAULT incident reported in South West Delhi (Dwarka),South West Delhi (Dwarka),False,South West Delhi (Dwarka),28.61144529825056,77.0521758868051
"FIR No. 0585/2024, P.S. Connaught Place",2024-11-12 19:06:00,BURGLARY,BURGLARY incident reported in Central Delhi (Connaught Place),Central Delhi (Connaught Place),False,Central Delhi (Connaught Place),28.61205513414449,77.23323964877754
"FIR No. 0316/2026, P.S. Rohini",2026-05-25 23:18:00,THEFT,THEFT incident reported in North West Delhi (Rohini),North West Delhi (Rohini),False,North West Delhi (Rohini),28.69020591210105,77.11984557570298
"FIR No. 0065/2025, P.S. Hauz Khas",2025-10-31 16:34:00,THEFT,THEFT incident reported in South Delhi (Hauz Khas),South Delhi (Hauz Khas),False,South Delhi (Hauz Khas),28.550463003012784,77.20533894607992
"FIR No. 0107/2026, P.S. Preet Vihar",2026-04-15 20:39:00,ASSAULT,ASSAULT incident reported in East Delhi (Preet Vihar),East Delhi (Preet Vihar),False,East Delhi (Preet Vihar),28.62836621337844,77.33782344666716
"FIR No. 0116/2026, P.S. Preet Vihar",2026-02-15 10:50:00,THEFT,THEFT incident reported in East Delhi (Preet Vihar),East Delhi (Preet Vihar),False,East Delhi (Preet Vihar),28.592002717500023,77.32705674740762
"FIR No. 0183/2026, P.S. Parliament Street",2026-03-07 13:18:00,THEFT,THEFT incident reported in New Delhi (Parliament Street),New Delhi (Parliament Street),False,New Delhi (Parliament Street),28.633115158432755,77.22382440031035
84817833/2023,2023-01-07 19:58:00,ROBBERY,ROBBERY incident reported in South Delhi (Hauz Khas),South Delhi (Hauz Khas),False,South Delhi (Hauz Khas),28.57859993491706,77.19949282622612
"FIR No. 0093/2025, P.S. Connaught Place",2025-01-06 02:58:00,THEFT,THEFT incident reported in Central Delhi (Connaught Place),Central Delhi (Connaught Place),False,Central Delhi (Connaught Place),28.64428294753838,77.21205146818484
86110545/2026,2026-01-05 11:41:00,ROBBERY,ROBBERY incident reported in Central Delhi (Connaught Place),Central Delhi (Connaught Place),False,Central Delhi (Connaught Place),28.64153441388536,77.25297029852925
88161469/2025,2025-08-09 23:52:00,OTHER,OTHER incident reported in South Delhi (Hauz Khas),South Delhi (Hauz Khas),False,South Delhi (Hauz Khas),28.561776415272497,77.21277451628355
"FIR No. 0216/2023, P.S. Connaught Place",2023-03-15 04:01:00,THEFT,THEFT incident reported in Central Delhi (Connaught Place),Central Delhi (Connaught Place),False,Central Delhi (Connaught Place),28.649298704872905,77.21808639467014
83963872/2026,2026-08-05 07:37:00,KIDNAPPING,KIDNAPPING incident reported in East Delhi (Preet Vihar),East Delhi (Preet Vihar),False,East Delhi (Preet Vihar),28.63836401871532,77.28348773637072
83790019/2025,2025-04-08 12:43:00,THEFT,THEFT incident reported in East Delhi (Preet Vihar),East Delhi (Preet Vihar),False,East Delhi (Preet Vihar),28.636005353142465,77.29775705981682
"FIR No. 0557/2025, P.S. Dwarka",2025-05-24 18:39:00,THEFT,THEFT incident reported in South West Delhi (Dwarka),South West Delhi (Dwarka),True,South West Delhi (Dwarka),28.593229713075537,77.06044000125668
80547429/2024,2024-05-17 19:50:00,ASSAULT,ASSAULT incident reported in New Delhi (Parliament Street),New Delhi (Parliament Street),False,New Delhi (Parliament Street),28.608364269221347,77.21925116434184
"FIR No. 0175/2025, P.S. Preet Vihar",2025-10-13 13:45:00,THEFT,THEFT incident reported in East Delhi (Preet Vihar),East Delhi (Preet Vihar),False,East Delhi (Preet Vihar),28.627934202979112,77.3122231278288
"FIR No. 0064/2026, P.S. Rohini",2026-01-13 01:13:00,THEFT,THEFT incident reported in North West Delhi (Rohini),North West Delhi (Rohini),False,North West Delhi (Rohini),28.69991649234288,77.0936582982756
"FIR No. 0035/2026, P.S. Connaught Place",2026-01-20 00:26:00,BURGLARY,BURGLARY incident reported in Central Delhi (Connaught Place),Central Delhi (Connaught Place),False,Central Delhi (Connaught Place),28.633330477999174,77.19203270218436
82699439/2024,2024-01-19 00:05:00,KIDNAPPING,KIDNAPPING incident reported in East Delhi (Preet Vihar),East Delhi (Preet Vihar),False,East Delhi (Preet Vihar),28.63498527296356,77.2836456723929
82884080/2023,2023-11-21 13:10:00,ASSAULT,ASSAULT incident reported in New Delhi (Parliament Street),New Delhi (Parliament Street),False,New Delhi (Parliament Street),28.62876476387075,77.19938217301357
"FIR No. 0274/2025, P.S. Dwarka",2025-05-26 11:04:00,ASSAULT,ASSAULT incident reported in South West Delhi (Dwarka),South West Delhi (Dwarka),True,South West Delhi (Dwarka),28.579863269343203,77.03191309622102
"FIR No. 0122/2026, P.S. Preet Vihar",2026-03-06 20:42:00,BURGLARY,BURGLARY incident reported in East Delhi (Preet Vihar),East Delhi (Preet Vihar),False,East Delhi (Preet Vihar),28.653002177920644,77.2790342110985
81965035/2024,2024-11-04 14:17:00,THEFT,THEFT incident reported in New Delhi (Parliament Street),New Delhi (Parliament Street),False,New Delhi (Parliament Street),28.630217606949564,77.20990247991533
"FIR No. 0033/2024, P.S. Hauz Khas",2024-09-19 06:58:00,THEFT,THEFT incident reported in South Delhi (Hauz Khas),South Delhi (Hauz Khas),True,South Delhi (Hauz Khas),28.567782221889,77.21310967179033
"FIR No. 0439/2023, P.S. Parliament Street",2023-10-16 05:59:00,KIDNAPPING,KIDNAPPING incident reported in New Delhi (Parliament Street),New Delhi (Parliament Street),True,New Delhi (Parliament Street),28.61467517876488,77.20218378251995
"FIR No. 0122/2024, P.S. Dwarka",2024-02-25 20:06:00,THEFT,THEFT incident reported in South West Delhi (Dwarka),South West Delhi (Dwarka),False,South West Delhi (Dwarka),28.588193127622304,77.03619739737879
"FIR No. 0101/2026, P.S. Dwarka",2026-06-06 21:18:00,ASSAULT,ASSAULT incident reported in South West Delhi (Dwarka),South West Delhi (Dwarka),True,South West Delhi (Dwarka),28.56490326310596,77.0502026857614
"FIR No. 0543/2025, P.S. Connaught Place",2025-12-23 04:01:00,ROBBERY,ROBBERY incident reported in Central Delhi (Connaught Place),Central Delhi (Connaught Place),True,Central Delhi (Connaught Place),28.62661745226367,77.19747888403961
84139044/2026,2026-08-19 04:08:00,ROBBERY,ROBBERY incident reported in East Delhi (Preet Vihar),East Delhi (Preet Vihar),False,East Delhi (Preet Vihar),28.62649198501657,77.31273097157576
82533474/2023,2023-09-08 19:38:00,THEFT,THEFT incident reported in Central Delhi (Connaught Place),Central Delhi (Connaught Place),True,Central Delhi (Connaught Place),28.647415916777724,77.21595815301427
81998644/2025,2025-09-07 13:46:00,ASSAULT,ASSAULT incident reported in New Delhi (Parliament Street),New Delhi (Parliament Street),False,New Delhi (Parliament Street),28.61996294343353,77.20790733209498
"FIR No. 0095/2024, P.S. Rohini",2024-01-20 15:49:00,THEFT,THEFT incident reported in North West Delhi (Rohini),North West Delhi (Rohini),False,North West Delhi (Rohini),28.681634806773264,77.10705223358286
"FIR No. 0062/2025, P.S. Preet Vihar",2025-04-06 05:18:00,ROBBERY,ROBBERY incident reported in East Delhi (Preet Vihar),East Delhi (Preet Vihar),False,East Delhi (Preet Vihar),28.640042965019184,77.31528604483889
"FIR No. 0051/2024, P.S. Connaught Place",2024-10-01 11:54:00,THEFT,THEFT incident reported in Central Delhi (Connaught Place),Central Delhi (Connaught Place),False,Central Delhi (Connaught Place),28.62921731139929,77.2214824861643
85293042/2025,2025-08-14 14:27:00,THEFT,THEFT incident reported in South Delhi (Hauz Khas),South Delhi (Hauz Khas),True,South Delhi (Hauz Khas),28.556014873396244,77.19150667742349
"FIR No. 0064/2025, P.S. Hauz Khas",2025-01-15 07:22:00,ROBBERY,ROBBERY incident reported in South Delhi (Hauz Khas),South Delhi (Hauz Khas),False,South Delhi (Hauz Khas),28.54726920715377,77.15829695619823
"FIR No. 0044/2025, P.S. Rohini",2025-02-06 11:57:00,KIDNAPPING,KIDNAPPING incident reported in North West Delhi (Rohini),North West Delhi (Rohini),False,North West Delhi (Rohini),28.7039802375448,77.1177886457872
"FIR No. 0160/2025, P.S. Connaught Place",2025-03-19 03:50:00,ROBBERY,ROBBERY incident reported in Central Delhi (Connaught Place),Central Delhi (Connaught Place),False,Central Delhi (Connaught Place),28.60980716135564,77.22537906296077
84272645/2023,2023-03-25 11:27:00,BURGLARY,BURGLARY incident reported in Central Delhi (Connaught Place),Central Delhi (Connaught Place),False,Central Delhi (Connaught Place),28.62884175743045,77.21700881442095
"FIR No. 0060/2026, P.S. Rohini",2026-01-27 22:57:00,THEFT,THEFT incident reported in North West Delhi (Rohini),North West Delhi (Rohini),False,North West Delhi (Rohini),28.69098001463168,77.11524345890221
"FIR No. 0648/2023, P.S. Dwarka",2023-06-21 04:09:00,THEFT,THEFT incident reported in South West Delhi (Dwarka),South West Delhi (Dwarka),True,South West Delhi (Dwarka),28.584977900908285,77.0479012721489
"FIR No. 0108/2023, P.S. Connaught Place",2023-03-19 13:30:00,ASSAULT,ASSAULT incident reported in Central Delhi (Connaught Place),Central Delhi (Connaught Place),False,Central Delhi (Connaught Place),28.63484996513517,77.2063410880899
82708799/2025,2025-11-28 13:02:00,ROBBERY,ROBBERY incident reported in South West Delhi (Dwarka),South West Delhi (Dwarka),False,South West Delhi (Dwarka),28.5683143557608,77.03953504468468
"FIR No. 0778/2024, P.S. Dwarka",2024-09-06 08:08:00,THEFT,THEFT incident reported in South West Delhi (Dwarka),South West Delhi (Dwarka),False,South West Delhi (Dwarka),28.58362641269672,77.07298063278671
"FIR No. 0184/2023, P.S. Preet Vihar",2023-07-27 13:47:00,ASSAULT,ASSAULT incident reported in East Delhi (Preet Vihar),East Delhi (Preet Vihar),False,East Delhi (Preet Vihar),28.62607892224532,77.27340583020262
"FIR No. 0257/2024, P.S. Connaught Place",2024-07-16 17:18:00,THEFT,THEFT incident reported in Central Delhi (Connaught Place),Central Delhi (Connaught Place),False,Central Delhi (Connaught Place),28.60789702102265,77.23364143878095
"FIR No. 0469/2023, P.S. Preet Vihar",2023-05-13 16:39:00,THEFT,THEFT incident reported in East Delhi (Preet Vihar),East Delhi (Preet Vihar),False,East Delhi (Preet Vihar),28.64972142695319,77.30016944394323
"FIR No. 0364/2025, P.S. Hauz Khas",2025-07-26 13:04:00,OTHER,OTHER incident reported in South Delhi (Hauz Khas),South Delhi (Hauz Khas),False,South Delhi (Hauz Khas),28.53953790333181,77.17324067065323
"FIR No. 0699/2023, P.S. Hauz Khas",2023-11-22 01:02:00,ASSAULT,ASSAULT incident reported in South Delhi (Hauz Khas),South Delhi (Hauz Khas),False,South Delhi (Hauz Khas),28.551847628893533,77.20385403391695
"FIR No. 0268/2023, P.S. Parliament Street",2023-03-27 23:10:00,THEFT,THEFT incident reported in New Delhi (Parliament Street),New Delhi (Parliament Street),False,New Delhi (Parliament Street),28.612996033433028,77.21868661517884
88246017/2026,2026-04-23 03:23:00,THEFT,THEFT incident reported in New Delhi (Parliament Street),New Delhi (Parliament Street),True,New Delhi (Parliament Street),28.619122307721664,77.19970043594543
"FIR No. 0032/2023, P.S. Hauz Khas",2023-09-07 13:51:00,OTHER,OTHER incident reported in South Delhi (Hauz Khas),South Delhi (Hauz Khas),False,South Delhi (Hauz Khas),28.538699665302804,77.2122328208591
89389383/2023,2023-05-26 01:22:00,KIDNAPPING,KIDNAPPING incident reported in East Delhi (Preet Vihar),East Delhi (Preet Vihar),True,East Delhi (Preet Vihar),28.62720155961428,77.3006530305479
"FIR No. 0094/2025, P.S. Connaught Place",2025-01-17 05:22:00,THEFT,THEFT incident reported in Central Delhi (Connaught Place),Central Delhi (Connaught Place),False,Central Delhi (Connaught Place),28.648869804529102,77.21108299933123
"FIR No. 0060/2024, P.S. Connaught Place",2024-06-17 23:52:00,THEFT,THEFT incident reported in Central Delhi (Connaught Place),Central Delhi (Connaught Place),False,Central Delhi (Connaught Place),28.633685294894825,77.21152233943064
"FIR No. 0018/2025, P.S. Hauz Khas",2025-09-01 05:17:00,KIDNAPPING,KIDNAPPING incident reported in South Delhi (Hauz Khas),South Delhi (Hauz Khas),False,South Delhi (Hauz Khas),28.53248257875789,77.21711825856126
"FIR No. 0740/2025, P.S. Hauz Khas",2025-11-27 13:50:00,THEFT,THEFT incident reported in South Delhi (Hauz Khas),South Delhi (Hauz Khas),False,South Delhi (Hauz Khas),28.55161540291342,77.17938102993769
"FIR No. 0219/2023, P.S. Preet Vihar",2023-04-12 23:12:00,THEFT,THEFT incident reported in East Delhi (Preet Vihar),East Delhi (Preet Vihar),False,East Delhi (Preet Vihar),28.645006899802905,77.2939550495854
"FIR No. 0114/2025, P.S. Connaught Place",2025-03-03 23:57:00,ROBBERY,ROBBERY incident reported in Central Delhi (Connaught Place),Central Delhi (Connaught Place),False,Central Delhi (Connaught Place),28.655283652431528,77.2084319216607
"FIR No. 0109/2025, P.S. Dwarka",2025-04-23 01:32:00,BURGLARY,BURGLARY incident reported in South West Delhi (Dwarka),South West Delhi (Dwarka),False,South West Delhi (Dwarka),28.56270037060917,77.05329035568255
"FIR No. 0159/2024, P.S. Connaught Place",2024-02-17 09:31:00,BURGLARY,BURGLARY incident reported in Central Delhi (Connaught Place),Central Delhi (Connaught Place),False,Central Delhi (Connaught Place),28.622496021153527,77.2235011420619
"FIR No. 0090/2025, P.S. Hauz Khas",2025-03-11 14:53:00,ROBBERY,ROBBERY incident reported in South Delhi (Hauz Khas),South Delhi (Hauz Khas),False,South Delhi (Hauz Khas),28.5604368731149,77.19343991216626
"FIR No. 0049/2024, P.S. Preet Vihar",2024-02-07 14:26:00,THEFT,THEFT incident reported in East Delhi (Preet Vihar),East Delhi (Preet Vihar),True,East Delhi (Preet Vihar),28.652355633115008,77.28084387739656
"FIR No. 0058/2023, P.S. Rohini",2023-05-16 08:39:00,ASSAULT,ASSAULT incident reported in North West Delhi (Rohini),North West Delhi (Rohini),False,North West Delhi (Rohini),28.724969637433208,77.09708103093602
"FIR No. 0160/2026, P.S. Parliament Street",2026-04-28 12:25:00,THEFT,THEFT incident reported in New Delhi (Parliament Street),New Delhi (Parliament Street),False,New Delhi (Parliament Street),28.629163769886272,77.2117622725048
"FIR No. 0189/2025, P.S. Hauz Khas",2025-06-01 11:54:00,THEFT,THEFT incident reported in South Delhi (Hauz Khas),South Delhi (Hauz Khas),False,South Delhi (Hauz Khas),28.552552453108984,77.20051091468088
"FIR No. 0136/2023, P.S. Connaught Place",2023-07-04 11:25:00,THEFT,THEFT incident reported in Central Delhi (Connaught Place),Central Delhi (Connaught Place),False,Central Delhi (Connaught Place),28.62282832351301,77.22875855027262
"FIR No. 0619/2024, P.S. Parliament Street",2024-10-12 20:36:00,THEFT,THEFT incident reported in New Delhi (Parliament Street),New Delhi (Parliament Street),True,New Delhi (Parliament Street),28.61145125322756,77.19679505966185
"FIR No. 0054/2025, P.S. Rohini",2025-02-18 23:39:00,ASSAULT,ASSAULT incident reported in North West Delhi (Rohini),North West Delhi (Rohini),False,North West Delhi (Rohini),28.71523014337678,77.07309340142962
"FIR No. 0118/2025, P.S. Hauz Khas",2025-10-14 21:02:00,ASSAULT,ASSAULT incident reported in South Delhi (Hauz Khas),South Delhi (Hauz Khas),False,South Delhi (Hauz Khas),28.52604862834849,77.1469752826106
80953864/2023,2023-12-18 15:47:00,ASSAULT,ASSAULT incident reported in Central Delhi (Connaught Place),Central Delhi (Connaught Place),False,Central Delhi (Connaught Place),28.641787887974328,77.21402527733927
"FIR No. 0177/2026, P.S. Hauz Khas",2026-03-09 07:21:00,ASSAULT,ASSAULT incident reported in South Delhi (Hauz Khas),South Delhi (Hauz Khas),False,South Delhi (Hauz Khas),28.54601316995864,77.20084933371673
"FIR No. 0399/2025, P.S. Hauz Khas",2025-09-18 18:20:00,THEFT,THEFT incident reported in South Delhi (Hauz Khas),South Delhi (Hauz Khas),False,South Delhi (Hauz Khas),28.56407961001859,77.20572946389716
88963767/2023,2023-12-15 18:15:00,ROBBERY,ROBBERY incident reported in Central Delhi (Connaught Place),Central Delhi (Connaught Place),True,Central Delhi (Connaught Place),28.60913650619421,77.22646879978957
87027499/2026,2026-07-03 05:52:00,ASSAULT,ASSAULT incident reported in South Delhi (Hauz Khas),South Delhi (Hauz Khas),True,South Delhi (Hauz Khas),28.5241294291708,77.20271419448302
81814719/2025,2025-01-16 16:57:00,ROBBERY,ROBBERY incident reported in New Delhi (Parliament Street),New Delhi (Parliament Street),False,New Delhi (Parliament Street),28.60335208447841,77.23077297884993
81189186/2025,2025-03-13 21:00:00,ROBBERY,ROBBERY incident reported in Central Delhi (Connaught Place),Central Delhi (Connaught Place),True,Central Delhi (Connaught Place),28.6077121984256,77.20810922691622
"FIR No. 0024/2026, P.S. Connaught Place",2026-01-31 16:04:00,OTHER,OTHER incident reported in Central Delhi (Connaught Place),Central Delhi (Connaught Place),False,Central Delhi (Connaught Place),28.6450413097398,77.21917397479253
88392733/2026,2026-02-25 03:11:00,THEFT,THEFT incident reported in Central Delhi (Connaught Place),Central Delhi (Connaught Place),False,Central Delhi (Connaught Place),28.65188781492436,77.2424434204857
"FIR No. 0243/2023, P.S. Rohini",2023-07-10 23:39:00,OTHER,OTHER incident reported in North West Delhi (Rohini),North West Delhi (Rohini),False,North West Delhi (Rohini),28.70230361661065,77.08183728320972
"FIR No. 0712/2023, P.S. Hauz Khas",2023-10-23 02:44:00,ASSAULT,ASSAULT incident reported in South Delhi (Hauz Khas),South Delhi (Hauz Khas),False,South Delhi (Hauz Khas),28.545130987141228,77.22909971614988
"FIR No. 0234/2024, P.S. Rohini",2024-05-28 11:22:00,ROBBERY,ROBBERY incident reported in North West Delhi (Rohini),North West Delhi (Rohini),False,North West Delhi (Rohini),28.69842913568292,77.08852183037497
"FIR No. 0141/2024, P.S. Connaught Place",2024-02-04 22:41:00,ASSAULT,ASSAULT incident reported in Central Delhi (Connaught Place),Central Delhi (Connaught Place),True,Central Delhi (Connaught Place),28.62793281834549,77.22363502968356
"FIR No. 0070/2023, P.S. Dwarka",2023-03-05 22:39:00,THEFT,THEFT incident reported in South West Delhi (Dwarka),South West Delhi (Dwarka),False,South West Delhi (Dwarka),28.580190863882883,77.03986675083507
"FIR No. 0458/2026, P.S. Dwarka",2026-06-21 18:34:00,THEFT,THEFT incident reported in South West Delhi (Dwarka),South West Delhi (Dwarka),False,South West Delhi (Dwarka),28.598818587173383,77.02116331183593
"FIR No. 0281/2026, P.S. Rohini",2026-04-23 05:51:00,ROBBERY,ROBBERY incident reported in North West Delhi (Rohini),North West Delhi (Rohini),True,North West Delhi (Rohini),28.70729563352545,77.08671450475521
80128235/2025,2025-07-10 15:38:00,OTHER,OTHER incident reported in South Delhi (Hauz Khas),South Delhi (Hauz Khas),False,South Delhi (Hauz Khas),28.557978770468328,77.18565838606754
"FIR No. 0545/2025, P.S. Hauz Khas",2025-11-26 15:20:00,OTHER,OTHER incident reported in South Delhi (Hauz Khas),South Delhi (Hauz Khas),False,South Delhi (Hauz Khas),28.56757824941125,77.21367434580904
"FIR No. 0167/2024, P.S. Hauz Khas",2024-11-20 06:42:00,KIDNAPPING,KIDNAPPING incident reported in South Delhi (Hauz Khas),South Delhi (Hauz Khas),True,South Delhi (Hauz Khas),28.56472388888557,77.21942131128776
"FIR No. 0019/2025, P.S. Parliament Street",2025-01-30 18:19:00,OTHER,OTHER incident reported in New Delhi (Parliament Street),New Delhi (Parliament Street),True,New Delhi (Parliament Street),28.623403061324847,77.2230254808763
"FIR No. 0308/2026, P.S. Connaught Place",2026-05-31 10:10:00,ASSAULT,ASSAULT incident reported in Central Delhi (Connaught Place),Central Delhi (Connaught Place),True,Central Delhi (Connaught Place),28.62298931839064,77.21126538120632
"FIR No. 0034/2023, P.S. Rohini",2023-08-02 22:24:00,ASSAULT,ASSAULT incident reported in North West Delhi (Rohini),North West Delhi (Rohini),False,North West Delhi (Rohini),28.68100441380913,77.11063375735282
"FIR No. 0587/2026, P.S. Dwarka",2026-08-03 01:35:00,OTHER,OTHER incident reported in South West Delhi (Dwarka),South West Delhi (Dwarka),True,South West Delhi (Dwarka),28.589307255529405,77.03353956369814
81848147/2023,2023-05-25 00:33:00,ASSAULT,ASSAULT incident reported in East Delhi (Preet Vihar),East Delhi (Preet Vihar),False,East Delhi (Preet Vihar),28.63147926965816,77.28251125213485
"FIR No. 0343/2024, P.S. Preet Vihar",2024-07-04 05:00:00,THEFT,THEFT incident reported in East Delhi (Preet Vihar),East Delhi (Preet Vihar),True,East Delhi (Preet Vihar),28.63995515381894,77.31414082424641
"FIR No. 0618/2026, P.S. Dwarka",2026-08-25 19:16:00,ASSAULT,ASSAULT incident reported in South West Delhi (Dwarka),South West Delhi (Dwarka),False,South West Delhi (Dwarka),28.593410189129024,77.03932203215238
"FIR No. 0894/2024, P.S. Preet Vihar",2024-12-08 01:40:00,BURGLARY,BURGLARY incident reported in East Delhi (Preet Vihar),East Delhi (Preet Vihar),True,East Delhi (Preet Vihar),28.64861486256361,77.28685698091776
"FIR No. 0110/2025, P.S. Connaught Place",2025-03-28 00:07:00,KIDNAPPING,KIDNAPPING incident reported in Central Delhi (Connaught Place),Central Delhi (Connaught Place),False,Central Delhi (Connaught Place),28.60885851526453,77.23701091863383
"FIR No. 0333/2026, P.S. Dwarka",2026-03-19 20:29:00,THEFT,THEFT incident reported in South West Delhi (Dwarka),South West Delhi (Dwarka),True,South West Delhi (Dwarka),28.579917257442432,77.04604557877695
"FIR No. 0920/2024, P.S. Parliament Street",2024-11-02 01:22:00,KIDNAPPING,KIDNAPPING incident reported in New Delhi (Parliament Street),New Delhi (Parliament Street),False,New Delhi (Parliament Street),28.59939553327046,77.21879743628858
"FIR No. 0008/2024, P.S. Dwarka",2024-04-30 05:58:00,OTHER,OTHER incident reported in South West Delhi (Dwarka),South West Delhi (Dwarka),False,South West Delhi (Dwarka),28.59629469036264,77.02270600198376
"FIR No. 0015/2023, P.S. Hauz Khas",2023-05-30 23:06:00,THEFT,THEFT incident reported in South Delhi (Hauz Khas),South Delhi (Hauz Khas),True,South Delhi (Hauz Khas),28.549223410734808,77.20188576283233
"FIR No. 0008/2026, P.S. Hauz Khas",2026-02-28 02:38:00,ASSAULT,ASSAULT incident reported in South Delhi (Hauz Khas),South Delhi (Hauz Khas),False,South Delhi (Hauz Khas),28.546679336924417,77.20799103746425
"FIR No. 0153/2026, P.S. Parliament Street",2026-05-21 12:15:00,THEFT,THEFT incident reported in New Delhi (Parliament Street),New Delhi (Parliament Street),True,New Delhi (Parliament Street),28.58960334622412,77.19426236530578
"FIR No. 0108/2024, P.S. Parliament Street",2024-02-20 11:18:00,THEFT,THEFT incident reported in New Delhi (Parliament Street),New Delhi (Parliament Street),True,New Delhi (Parliament Street),28.64323448222927,77.20708766866504
"FIR No. 0024/2023, P.S. Preet Vihar",2023-04-02 22:47:00,ROBBERY,ROBBERY incident reported in East Delhi (Preet Vihar),East Delhi (Preet Vihar),True,East Delhi (Preet Vihar),28.63084310144569,77.30429494550887
"FIR No. 0610/2025, P.S. Rohini",2025-12-28 19:58:00,ROBBERY,ROBBERY incident reported in North West Delhi (Rohini),North West Delhi (Rohini),True,North West Delhi (Rohini),28.721126336052464,77.11093135110609
"FIR No. 0269/2023, P.S. Rohini",2023-10-14 16:56:00,THEFT,THEFT incident reported in North West Delhi (Rohini),North West Delhi (Rohini),False,North West Delhi (Rohini),28.69305706169143,77.10878552525533
"FIR No. 0141/2023, P.S. Rohini",2023-06-04 20:28:00,BURGLARY,BURGLARY incident reported in North West Delhi (Rohini),North West Delhi (Rohini),False,North West Delhi (Rohini),28.70283713283051,77.09327184606377
"FIR No. 0509/2023, P.S. Connaught Place",2023-09-08 22:17:00,BURGLARY,BURGLARY incident reported in Central Delhi (Connaught Place),Central Delhi (Connaught Place),False,Central Delhi (Connaught Place),28.59851876962916,77.2063674627546
"FIR No. 0010/2026, P.S. Connaught Place",2026-06-14 12:37:00,THEFT,THEFT incident reported in Central Delhi (Connaught Place),Central Delhi (Connaught Place),False,Central Delhi (Connaught Place),28.6329021607898,77.19868240762862
"FIR No. 0720/2025, P.S. Hauz Khas",2025-10-27 20:57:00,BURGLARY,BURGLARY incident reported in South Delhi (Hauz Khas),South Delhi (Hauz Khas),False,South Delhi (Hauz Khas),28.5314384200216,77.21039082264427
"FIR No. 0158/2024, P.S. Rohini",2024-03-15 14:40:00,OTHER,OTHER incident reported in North West Delhi (Rohini),North West Delhi (Rohini),False,North West Delhi (Rohini),28.7209838364603,77.09261150386844
"FIR No. 0012/2023, P.S. Connaught Place",2023-01-31 20:22:00,ASSAULT,ASSAULT incident reported in Central Delhi (Connaught Place),Central Delhi (Connaught Place),True,Central Delhi (Connaught Place),28.637958197675587,77.20357412303518
"FIR No. 0004/2025, P.S. Dwarka",2025-02-12 16:38:00,THEFT,THEFT incident reported in South West Delhi (Dwarka),South West Delhi (Dwarka),False,South West Delhi (Dwarka),28.603717386961712,77.0210170676533
"FIR No. 0882/2023, P.S. Rohini",2023-09-19 00:34:00,ASSAULT,ASSAULT incident reported in North West Delhi (Rohini),North West Delhi (Rohini),False,North West Delhi (Rohini),28.7189565782569,77.08383603632095
"FIR No. 0040/2024, P.S. Preet Vihar",2024-06-10 14:43:00,THEFT,THEFT incident reported in East Delhi (Preet Vihar),East Delhi (Preet Vihar),True,East Delhi (Preet Vihar),28.640943079529688,77.28337935657936
"FIR No. 0334/2024, P.S. Preet Vihar",2024-05-26 23:29:00,THEFT,THEFT incident reported in East Delhi (Preet Vihar),East Delhi (Preet Vihar),False,East Delhi (Preet Vihar),28.63310697955593,77.28258703876045
"FIR No. 1186/2023, P.S. Preet Vihar",2023-12-13 00:09:00,THEFT,THEFT incident reported in East Delhi (Preet Vihar),East Delhi (Preet Vihar),False,East Delhi (Preet Vihar),28.63107352300916,77.31881926372066
"FIR No. 0316/2025, P.S. Dwarka",2025-05-28 15:42:00,BURGLARY,BURGLARY incident reported in South West Delhi (Dwarka),South West Delhi (Dwarka),True,South West Delhi (Dwarka),28.578166961226163,77.02150479965918
"FIR No. 0063/2024, P.S. Connaught Place",2024-04-30 01:34:00,ROBBERY,ROBBERY incident reported in Central Delhi (Connaught Place),Central Delhi (Connaught Place),False,Central Delhi (Connaught Place),28.62719298639333,77.20572999384474
"FIR No. 0214/2026, P.S. Connaught Place",2026-06-28 02:04:00,THEFT,THEFT incident reported in Central Delhi (Connaught Place),Central Delhi (Connaught Place),False,Central Delhi (Connaught Place),28.653654612944504,77.21199280836127
"FIR No. 0548/2023, P.S. Hauz Khas",2023-07-04 04:39:00,THEFT,THEFT incident reported in South Delhi (Hauz Khas),South Delhi (Hauz Khas),False,South Delhi (Hauz Khas),28.586924778165105,77.21858933642343
"FIR No. 0038/2026, P.S. Rohini",2026-01-22 16:21:00,ROBBERY,ROBBERY incident reported in North West Delhi (Rohini),North West Delhi (Rohini),False,North West Delhi (Rohini),28.697791973536425,77.1055885335728
84151298/2023,2023-08-26 11:30:00,KIDNAPPING,KIDNAPPING incident reported in East Delhi (Preet Vihar),East Delhi (Preet Vihar),False,East Delhi (Preet Vihar),28.637697659253813,77.28865421409665
"FIR No. 0400/2026, P.S. Connaught Place",2026-08-18 14:03:00,ASSAULT,ASSAULT incident reported in Central Delhi (Connaught Place),Central Delhi (Connaught Place),True,Central Delhi (Connaught Place),28.636990514469456,77.18920210908126
"FIR No. 0382/2026, P.S. Connaught Place",2026-05-08 19:14:00,ROBBERY,ROBBERY incident reported in Central Delhi (Connaught Place),Central Delhi (Connaught Place),False,Central Delhi (Connaught Place),28.6149511339531,77.22889795469953
"FIR No. 0046/2026, P.S. Connaught Place",2026-06-08 01:20:00,ASSAULT,ASSAULT incident reported in Central Delhi (Connaught Place),Central Delhi (Connaught Place),False,Central Delhi (Connaught Place),28.626842604836483,77.22278148391045
"FIR No. 0534/2023, P.S. Rohini",2023-06-29 16:45:00,KIDNAPPING,KIDNAPPING incident reported in North West Delhi (Rohini),North West Delhi (Rohini),True,North West Delhi (Rohini),28.723150721159204,77.09120252601164
"FIR No. 0317/2023, P.S. Rohini",2023-08-25 04:30:00,THEFT,THEFT incident reported in North West Delhi (Rohini),North West Delhi (Rohini),False,North West Delhi (Rohini),28.697255254051903,77.11818756788094
"FIR No. 0162/2023, P.S. Connaught Place",2023-06-20 04:28:00,ROBBERY,ROBBERY incident reported in Central Delhi (Connaught Place),Central Delhi (Connaught Place),False,Central Delhi (Connaught Place),28.63892688519876,77.24747522785098
"FIR No. 0162/2025, P.S. Preet Vihar",2025-02-27 02:25:00,THEFT,THEFT incident reported in East Delhi (Preet Vihar),East Delhi (Preet Vihar),False,East Delhi (Preet Vihar),28.645539224008747,77.32286966254051
88091684/2023,2023-12-07 18:38:00,THEFT,THEFT incident reported in North West Delhi (Rohini),North West Delhi (Rohini),True,North West Delhi (Rohini),28.711045719703748,77.09519946075132
"FIR No. 0006/2025, P.S. Connaught Place",2025-03-29 10:14:00,ROBBERY,ROBBERY incident reported in Central Delhi (Connaught Place),Central Delhi (Connaught Place),False,Central Delhi (Connaught Place),28.65051833870307,77.25971113095709
"FIR No. 0009/2023, P.S. Dwarka",2023-06-17 05:38:00,THEFT,THEFT incident reported in South West Delhi (Dwarka),South West Delhi (Dwarka),False,South West Delhi (Dwarka),28.59999579885284,77.0154123942035
"FIR No. 0097/2024, P.S. Hauz Khas",2024-03-30 00:12:00,ROBBERY,ROBBERY incident reported in South Delhi (Hauz Khas),South Delhi (Hauz Khas),True,South Delhi (Hauz Khas),28.566646037510367,77.19414561841545
"FIR No. 0596/2025, P.S. Dwarka",2025-07-15 02:08:00,ASSAULT,ASSAULT incident reported in South West Delhi (Dwarka),South West Delhi (Dwarka),False,South West Delhi (Dwarka),28.59681562751145,77.03806073145313
"FIR No. 0241/2026, P.S. Rohini",2026-04-21 14:39:00,THEFT,THEFT incident reported in North West Delhi (Rohini),North West Delhi (Rohini),True,North West Delhi (Rohini),28.722373268691825,77.13168210277203
"FIR No. 0633/2025, P.S. Hauz Khas",2025-07-01 10:32:00,THEFT,THEFT incident reported in South Delhi (Hauz Khas),South Delhi (Hauz Khas),False,South Delhi (Hauz Khas),28.56521051604414,77.2312622817197
81880128/2024,2024-02-07 05:10:00,THEFT,THEFT incident reported in Central Delhi (Connaught Place),Central Delhi (Connaught Place),True,Central Delhi (Connaught Place),28.60396744789324,77.2427739078135
"FIR No. 0042/2024, P.S. Connaught Place",2024-01-19 01:49:00,ASSAULT,ASSAULT incident reported in Central Delhi (Connaught Place),Central Delhi (Connaught Place),True,Central Delhi (Connaught Place),28.63229783929941,77.22699057076895
88759376/2024,2024-08-11 22:20:00,THEFT,THEFT incident reported in South Delhi (Hauz Khas),South Delhi (Hauz Khas),False,South Delhi (Hauz Khas),28.54144662166029,77.17941480205289
"FIR No. 0352/2023, P.S. Connaught Place",2023-07-19 06:26:00,BURGLARY,BURGLARY incident reported in Central Delhi (Connaught Place),Central Delhi (Connaught Place),False,Central Delhi (Connaught Place),28.622446755425308,77.2113251808831
"FIR No. 0863/2024, P.S. Connaught Place",2024-09-13 19:56:00,KIDNAPPING,KIDNAPPING incident reported in Central Delhi (Connaught Place),Central Delhi (Connaught Place),False,Central Delhi (Connaught Place),28.64281007742009,77.22332232655124
86151763/2023,2023-05-29 16:00:00,ASSAULT,ASSAULT incident reported in Central Delhi (Connaught Place),Central Delhi (Connaught Place),True,Central Delhi (Connaught Place),28.64822325230657,77.24221414994554
"FIR No. 0277/2025, P.S. Dwarka",2025-04-04 17:54:00,THEFT,THEFT incident reported in South West Delhi (Dwarka),South West Delhi (Dwarka),False,South West Delhi (Dwarka),28.592222836947112,77.04527871251938
"FIR No. 0254/2026, P.S. Rohini",2026-06-25 16:23:00,ROBBERY,ROBBERY incident reported in North West Delhi (Rohini),North West Delhi (Rohini),False,North West Delhi (Rohini),28.69876134283821,77.1175063237033
"FIR No. 0434/2023, P.S. Connaught Place",2023-10-14 05:41:00,THEFT,THEFT incident reported in Central Delhi (Connaught Place),Central Delhi (Connaught Place),False,Central Delhi (Connaught Place),28.6140850383758,77.22253276544173
"FIR No. 0485/2024, P.S. Connaught Place",2024-07-29 09:12:00,ASSAULT,ASSAULT incident reported in Central Delhi (Connaught Place),Central Delhi (Connaught Place),False,Central Delhi (Connaught Place),28.63427317854392,77.23368920567904
"FIR No. 0101/2026, P.S. Rohini",2026-02-21 18:50:00,THEFT,THEFT incident reported in North West Delhi (Rohini),North West Delhi (Rohini),False,North West Delhi (Rohini),28.71979775299741,77.09317302463003
"FIR No. 0018/2024, P.S. Preet Vihar",2024-01-24 15:52:00,THEFT,THEFT incident reported in East Delhi (Preet Vihar),East Delhi (Preet Vihar),False,East Delhi (Preet Vihar),28.61972186466747,77.28668361619323
88050110/2025,2025-04-19 23:36:00,THEFT,THEFT incident reported in Central Delhi (Connaught Place),Central Delhi (Connaught Place),False,Central Delhi (Connaught Place),28.64312140410385,77.23682026762752
"FIR No. 0226/2026, P.S. Dwarka",2026-08-08 19:23:00,THEFT,THEFT incident reported in South West Delhi (Dwarka),South West Delhi (Dwarka),False,South West Delhi (Dwarka),28.61465631393181,77.02226923915369
"FIR No. 0002/2024, P.S. Hauz Khas",2024-02-11 05:42:00,ASSAULT,ASSAULT incident reported in South Delhi (Hauz Khas),South Delhi (Hauz Khas),False,South Delhi (Hauz Khas),28.55306605346909,77.20511090097986
"FIR No. 0201/2023, P.S. Rohini",2023-08-12 08:36:00,KIDNAPPING,KIDNAPPING incident reported in North West Delhi (Rohini),North West Delhi (Rohini),True,North West Delhi (Rohini),28.698058712615417,77.11420704687183
"FIR No. 0787/2024, P.S. Preet Vihar",2024-11-15 18:10:00,KIDNAPPING,KIDNAPPING incident reported in East Delhi (Preet Vihar),East Delhi (Preet Vihar),True,East Delhi (Preet Vihar),28.66371080609567,77.25635434408301
"FIR No. 0097/2025, P.S. Hauz Khas",2025-03-08 09:48:00,ROBBERY,ROBBERY incident reported in South Delhi (Hauz Khas),South Delhi (Hauz Khas),False,South Delhi (Hauz Khas),28.54829045401776,77.19052106045622
88922012/2026,2026-06-29 15:08:00,ROBBERY,ROBBERY incident reported in East Delhi (Preet Vihar),East Delhi (Preet Vihar),False,East Delhi (Preet Vihar),28.63963802489692,77.28436142181425
"FIR No. 0082/2026, P.S. Preet Vihar",2026-03-21 18:05:00,THEFT,THEFT incident reported in East Delhi (Preet Vihar),East Delhi (Preet Vihar),False,East Delhi (Preet Vihar),28.64106361640001,77.29374347256518
"FIR No. 0097/2025, P.S. Preet Vihar",2025-05-08 07:36:00,THEFT,THEFT incident reported in East Delhi (Preet Vihar),East Delhi (Preet Vihar),True,East Delhi (Preet Vihar),28.624340698544145,77.27952144989231
"FIR No. 0036/2023, P.S. Connaught Place",2023-12-23 14:22:00,THEFT,THEFT incident reported in Central Delhi (Connaught Place),Central Delhi (Connaught Place),True,Central Delhi (Connaught Place),28.63192734144186,77.23820876101442
"FIR No. 0088/2023, P.S. Connaught Place",2023-10-26 18:16:00,THEFT,THEFT incident reported in Central Delhi (Connaught Place),Central Delhi (Connaught Place),True,Central Delhi (Connaught Place),28.62426244403475,77.22968736511275
"FIR No. 0067/2023, P.S. Dwarka",2023-05-16 17:50:00,THEFT,THEFT incident reported in South West Delhi (Dwarka),South West Delhi (Dwarka),False,South West Delhi (Dwarka),28.58915592340633,77.01378200048894
"FIR No. 0014/2024, P.S. Preet Vihar",2024-07-03 08:56:00,OTHER,OTHER incident reported in East Delhi (Preet Vihar),East Delhi (Preet Vihar),False,East Delhi (Preet Vihar),28.64740576246514,77.28726758731578
"FIR No. 0476/2023, P.S. Hauz Khas",2023-09-14 07:19:00,THEFT,THEFT incident reported in South Delhi (Hauz Khas),South Delhi (Hauz Khas),False,South Delhi (Hauz Khas),28.57152016943274,77.17475857737954
"FIR No. 0402/2023, P.S. Connaught Place",2023-11-20 02:05:00,THEFT,THEFT incident reported in Central Delhi (Connaught Place),Central Delhi (Connaught Place),False,Central Delhi (Connaught Place),28.64226069956858,77.24027908281613
85934859/2023,2023-07-16 17:31:00,ROBBERY,ROBBERY incident reported in South West Delhi (Dwarka),South West Delhi (Dwarka),False,South West Delhi (Dwarka),28.56831499225789,77.05462397088947
81989472/2023,2023-06-27 16:15:00,THEFT,THEFT incident reported in New Delhi (Parliament Street),New Delhi (Parliament Street),False,New Delhi (Parliament Street),28.60472243606261,77.19722637265845
"FIR No. 0589/2024, P.S. Connaught Place",2024-06-04 12:57:00,ROBBERY,ROBBERY incident reported in Central Delhi (Connaught Place),Central Delhi (Connaught Place),False,Central Delhi (Connaught Place),28.642724216424355,77.2322418809605
87342830/2025,2025-12-26 14:56:00,BURGLARY,BURGLARY incident reported in South Delhi (Hauz Khas),South Delhi (Hauz Khas),False,South Delhi (Hauz Khas),28.531204076498017,77.16869437694679
"FIR No. 0150/2025, P.S. Connaught Place",2025-08-06 09:20:00,BURGLARY,BURGLARY incident reported in Central Delhi (Connaught Place),Central Delhi (Connaught Place),False,Central Delhi (Connaught Place),28.61477395426953,77.21292940912406
"FIR No. 0109/2025, P.S. Hauz Khas",2025-03-27 21:58:00,BURGLARY,BURGLARY incident reported in South Delhi (Hauz Khas),South Delhi (Hauz Khas),True,South Delhi (Hauz Khas),28.574310918644485,77.19139157657186
"FIR No. 0358/2026, P.S. Dwarka",2026-07-28 01:30:00,THEFT,THEFT incident reported in South West Delhi (Dwarka),South West Delhi (Dwarka),True,South West Delhi (Dwarka),28.61028166250337,77.03854335335652
"FIR No. 0675/2024, P.S. Rohini",2024-09-22 12:32:00,THEFT,THEFT incident reported in North West Delhi (Rohini),North West Delhi (Rohini),True,North West Delhi (Rohini),28.69849402952508,77.086969971842
"FIR No. 0026/2024, P.S. Connaught Place",2024-01-28 17:19:00,ROBBERY,ROBBERY incident reported in Central Delhi (Connaught Place),Central Delhi (Connaught Place),False,Central Delhi (Connaught Place),28.65238162681861,77.19929924533548
81940728/2025,2025-10-25 05:52:00,THEFT,THEFT incident reported in South West Delhi (Dwarka),South West Delhi (Dwarka),False,South West Delhi (Dwarka),28.58265489490653,77.07106919709365
84545259/2024,2024-08-21 12:41:00,THEFT,THEFT incident reported in South Delhi (Hauz Khas),South Delhi (Hauz Khas),False,South Delhi (Hauz Khas),28.569807107953068,77.19591238202094
"FIR No. 0059/2024, P.S. Connaught Place",2024-11-18 18:00:00,ASSAULT,ASSAULT incident reported in Central Delhi (Connaught Place),Central Delhi (Connaught Place),True,Central Delhi (Connaught Place),28.62962834282328,77.23149955814961
"FIR No. 0023/2024, P.S. Dwarka",2024-09-21 17:20:00,ROBBERY,ROBBERY incident reported in South West Delhi (Dwarka),South West Delhi (Dwarka),True,South West Delhi (Dwarka),28.588301795440724,77.05205794969558
"FIR No. 0140/2025, P.S. Dwarka",2025-04-25 21:10:00,ROBBERY,ROBBERY incident reported in South West Delhi (Dwarka),South West Delhi (Dwarka),False,South West Delhi (Dwarka),28.589255136995945,77.05401119175377
"FIR No. 0318/2023, P.S. Rohini",2023-03-02 01:16:00,THEFT,THEFT incident reported in North West Delhi (Rohini),North West Delhi (Rohini),False,North West Delhi (Rohini),28.70821038901656,77.07087361281577
88623125/2025,2025-08-07 22:32:00,THEFT,THEFT incident reported in Central Delhi (Connaught Place),Central Delhi (Connaught Place),False,Central Delhi (Connaught Place),28.65360643051992,77.20416720263344
80400435/2025,2025-11-19 00:36:00,KIDNAPPING,KIDNAPPING incident reported in New Delhi (Parliament Street),New Delhi (Parliament Street),True,New Delhi (Parliament Street),28.654403836846395,77.21206982419015
"FIR No. 0116/2024, P.S. Preet Vihar",2024-04-24 23:10:00,THEFT,THEFT incident reported in East Delhi (Preet Vihar),East Delhi (Preet Vihar),False,East Delhi (Preet Vihar),28.63813077122325,77.28467402080811
"FIR No. 0499/2024, P.S. Parliament Street",2024-06-17 11:33:00,BURGLARY,BURGLARY incident reported in New Delhi (Parliament Street),New Delhi (Parliament Street),False,New Delhi (Parliament Street),28.62816675745801,77.24805534908981
"FIR No. 0430/2023, P.S. Parliament Street",2023-05-23 05:39:00,ASSAULT,ASSAULT incident reported in New Delhi (Parliament Street),New Delhi (Parliament Street),False,New Delhi (Parliament Street),28.624908618999715,77.23061172295856
"FIR No. 0753/2025, P.S. Dwarka",2025-12-11 16:11:00,BURGLARY,BURGLARY incident reported in South West Delhi (Dwarka),South West Delhi (Dwarka),False,South West Delhi (Dwarka),28.59111992602349,77.06126127247707
"FIR No. 0066/2025, P.S. Preet Vihar",2025-02-16 14:04:00,ROBBERY,ROBBERY incident reported in East Delhi (Preet Vihar),East Delhi (Preet Vihar),False,East Delhi (Preet Vihar),28.63370148383421,77.30232829336113
86005744/2026,2026-06-11 07:04:00,THEFT,THEFT incident reported in Central Delhi (Connaught Place),Central Delhi (Connaught Place),True,Central Delhi (Connaught Place),28.60103302650594,77.2342642404933
"FIR No. 0416/2025, P.S. Parliament Street",2025-07-05 16:21:00,ASSAULT,ASSAULT incident reported in New Delhi (Parliament Street),New Delhi (Parliament Street),False,New Delhi (Parliament Street),28.640399625877293,77.21514004279574
"FIR No. 0041/2024, P.S. Hauz Khas",2024-03-06 02:26:00,ROBBERY,ROBBERY incident reported in South Delhi (Hauz Khas),South Delhi (Hauz Khas),False,South Delhi (Hauz Khas),28.54411420783314,77.20512047700932
"FIR No. 0054/2023, P.S. Connaught Place",2023-01-01 22:19:00,ASSAULT,ASSAULT incident reported in Central Delhi (Connaught Place),Central Delhi (Connaught Place),False,Central Delhi (Connaught Place),28.6176208944132,77.22567740275946
86875954/2025,2025-11-12 00:10:00,THEFT,THEFT incident reported in Central Delhi (Connaught Place),Central Delhi (Connaught Place),False,Central Delhi (Connaught Place),28.64444720018621,77.20033360788528
"FIR No. 0049/2025, P.S. Connaught Place",2025-01-16 01:23:00,ROBBERY,ROBBERY incident reported in Central Delhi (Connaught Place),Central Delhi (Connaught Place),False,Central Delhi (Connaught Place),28.623939023544544,77.22184192826637
"FIR No. 0043/2025, P.S. Preet Vihar",2025-05-19 08:04:00,ASSAULT,ASSAULT incident reported in East Delhi (Preet Vihar),East Delhi (Preet Vihar),False,East Delhi (Preet Vihar),28.63939613887242,77.28265335071443
"FIR No. 0187/2024, P.S. Connaught Place",2024-03-20 13:29:00,THEFT,THEFT incident reported in Central Delhi (Connaught Place),Central Delhi (Connaught Place),False,Central Delhi (Connaught Place),28.634693350758592,77.22660479892251
"FIR No. 0296/2024, P.S. Hauz Khas",2024-06-23 19:23:00,ASSAULT,ASSAULT incident reported in South Delhi (Hauz Khas),South Delhi (Hauz Khas),False,South Delhi (Hauz Khas),28.50916784177432,77.19268247583896
"FIR No. 0004/2023, P.S. Connaught Place",2023-01-14 13:00:00,THEFT,THEFT incident reported in Central Delhi (Connaught Place),Central Delhi (Connaught Place),False,Central Delhi (Connaught Place),28.63499444087239,77.23125772839117
"FIR No. 0239/2023, P.S. Connaught Place",2023-05-13 18:29:00,ROBBERY,ROBBERY incident reported in Central Delhi (Connaught Place),Central Delhi (Connaught Place),False,Central Delhi (Connaught Place),28.65171435290283,77.19731469095787
"FIR No. 0397/2025, P.S. Hauz Khas",2025-08-04 04:17:00,THEFT,THEFT incident reported in South Delhi (Hauz Khas),South Delhi (Hauz Khas),False,South Delhi (Hauz Khas),28.548418555329544,77.20939063683434
80714967/2025,2025-06-16 03:55:00,THEFT,THEFT incident reported in Central Delhi (Connaught Place),Central Delhi (Connaught Place),False,Central Delhi (Connaught Place),28.63351455779576,77.22232403593553
"FIR No. 0340/2023, P.S. Parliament Street",2023-04-10 13:54:00,THEFT,THEFT incident reported in New Delhi (Parliament Street),New Delhi (Parliament Street),False,New Delhi (Parliament Street),28.643103898593573,77.21200368777743
"FIR No. 0009/2025, P.S. Hauz Khas",2025-04-18 12:00:00,ROBBERY,ROBBERY incident reported in South Delhi (Hauz Khas),South Delhi (Hauz Khas),False,South Delhi (Hauz Khas),28.539102982424488,77.22506591221536
80365690/2025,2025-09-30 12:49:00,ASSAULT,ASSAULT incident reported in South West Delhi (Dwarka),South West Delhi (Dwarka),False,South West Delhi (Dwarka),28.586934408243213,77.05328173228496
"FIR No. 0053/2026, P.S. Dwarka",2026-08-20 09:08:00,BURGLARY,BURGLARY incident reported in South West Delhi (Dwarka),South West Delhi (Dwarka),False,South West Delhi (Dwarka),28.593229845128363,77.03709630152568
"FIR No. 0778/2023, P.S. Parliament Street",2023-09-25 18:24:00,BURGLARY,BURGLARY incident reported in New Delhi (Parliament Street),New Delhi (Parliament Street),False,New Delhi (Parliament Street),28.61903193717097,77.21841824030685
"FIR No. 0180/2024, P.S. Hauz Khas",2024-03-03 14:13:00,THEFT,THEFT incident reported in South Delhi (Hauz Khas),South Delhi (Hauz Khas),False,South Delhi (Hauz Khas),28.526161324411177,77.19863295921785
"FIR No. 0055/2025, P.S. Connaught Place",2025-01-05 10:23:00,BURGLARY,BURGLARY incident reported in Central Delhi (Connaught Place),Central Delhi (Connaught Place),False,Central Delhi (Connaught Place),28.62596075824632,77.21384359220133
"FIR No. 0008/2023, P.S. Rohini",2023-11-03 10:50:00,THEFT,THEFT incident reported in North West Delhi (Rohini),North West Delhi (Rohini),False,North West Delhi (Rohini),28.701737805776595,77.12505027462022
85080317/2024,2024-09-02 23:24:00,ROBBERY,ROBBERY incident reported in Central Delhi (Connaught Place),Central Delhi (Connaught Place),False,Central Delhi (Connaught Place),28.606759960461904,77.23859388492036
"FIR No. 0067/2026, P.S. Hauz Khas",2026-02-04 04:49:00,THEFT,THEFT incident reported in South Delhi (Hauz Khas),South Delhi (Hauz Khas),True,South Delhi (Hauz Khas),28.546851764886053,77.18608873445083
"FIR No. 0718/2024, P.S. Connaught Place",2024-10-29 04:51:00,ROBBERY,ROBBERY incident reported in Central Delhi (Connaught Place),Central Delhi (Connaught Place),False,Central Delhi (Connaught Place),28.64387328417812,77.21507814770177
"FIR No. 0045/2024, P.S. Dwarka",2024-11-09 13:32:00,ASSAULT,ASSAULT incident reported in South West Delhi (Dwarka),South West Delhi (Dwarka),True,South West Delhi (Dwarka),28.596503268206284,77.05795377459607
"FIR No. 0320/2025, P.S. Connaught Place",2025-07-18 20:58:00,THEFT,THEFT incident reported in Central Delhi (Connaught Place),Central Delhi (Connaught Place),False,Central Delhi (Connaught Place),28.63464428686023,77.22080505047778
82767061/2025,2025-04-14 07:34:00,THEFT,THEFT incident reported in South West Delhi (Dwarka),South West Delhi (Dwarka),False,South West Delhi (Dwarka),28.554658552844742,77.05600690134519
"FIR No. 0641/2024, P.S. Parliament Street",2024-12-06 15:30:00,ASSAULT,ASSAULT incident reported in New Delhi (Parliament Street),New Delhi (Parliament Street),True,New Delhi (Parliament Street),28.61460075417357,77.21089864648785
"FIR No. 0087/2025, P.S. Hauz Khas",2025-07-17 10:57:00,ASSAULT,ASSAULT incident reported in South Delhi (Hauz Khas),South Delhi (Hauz Khas),False,South Delhi (Hauz Khas),28.54291882554816,77.17964243120322
"FIR No. 0017/2023, P.S. Dwarka",2023-03-02 22:46:00,THEFT,THEFT incident reported in South West Delhi (Dwarka),South West Delhi (Dwarka),False,South West Delhi (Dwarka),28.58739773350277,77.06030628349154
"FIR No. 0362/2023, P.S. Rohini",2023-08-06 03:18:00,THEFT,THEFT incident reported in North West Delhi (Rohini),North West Delhi (Rohini),True,North West Delhi (Rohini),28.72006624643424,77.11402765976595
"FIR No. 0848/2023, P.S. Connaught Place",2023-12-24 04:23:00,BURGLARY,BURGLARY incident reported in Central Delhi (Connaught Place),Central Delhi (Connaught Place),True,Central Delhi (Connaught Place),28.61560966788092,77.20707867373027
87001530/2025,2025-07-22 03:19:00,ROBBERY,ROBBERY incident reported in East Delhi (Preet Vihar),East Delhi (Preet Vihar),False,East Delhi (Preet Vihar),28.622369506611445,77.26644644246537
"FIR No. 0001/2025, P.S. Connaught Place",2025-02-25 00:07:00,THEFT,THEFT incident reported in Central Delhi (Connaught Place),Central Delhi (Connaught Place),False,Central Delhi (Connaught Place),28.62345239479432,77.20813922434996
"FIR No. 0311/2024, P.S. Rohini",2024-03-24 09:17:00,ROBBERY,ROBBERY incident reported in North West Delhi (Rohini),North West Delhi (Rohini),False,North West Delhi (Rohini),28.723683320681275,77.1033573735
"FIR No. 0274/2025, P.S. Hauz Khas",2025-06-04 23:10:00,THEFT,THEFT incident reported in South Delhi (Hauz Khas),South Delhi (Hauz Khas),False,South Delhi (Hauz Khas),28.54657015514936,77.1911473570253
"FIR No. 0830/2025, P.S. Rohini",2025-09-25 01:24:00,THEFT,THEFT incident reported in North West Delhi (Rohini),North West Delhi (Rohini),True,North West Delhi (Rohini),28.694185293769664,77.10381214985112
"FIR No. 0810/2025, P.S. Preet Vihar",2025-10-04 01:17:00,THEFT,THEFT incident reported in East Delhi (Preet Vihar),East Delhi (Preet Vihar),True,East Delhi (Preet Vihar),28.611225710681992,77.30333190667328
"FIR No. 0640/2025, P.S. Connaught Place",2025-08-25 22:24:00,THEFT,THEFT incident reported in Central Delhi (Connaught Place),Central Delhi (Connaught Place),False,Central Delhi (Connaught Place),28.627815319833303,77.22539649036656
"FIR No. 0553/2023, P.S. Hauz Khas",2023-09-26 20:18:00,ROBBERY,ROBBERY incident reported in South Delhi (Hauz Khas),South Delhi (Hauz Khas),False,South Delhi (Hauz Khas),28.55624787072802,77.19930276187192
84193036/2026,2026-03-28 14:41:00,ASSAULT,ASSAULT incident reported in South Delhi (Hauz Khas),South Delhi (Hauz Khas),True,South Delhi (Hauz Khas),28.54735540087365,77.19769393097614
"FIR No. 0825/2025, P.S. Preet Vihar",2025-11-08 14:16:00,OTHER,OTHER incident reported in East Delhi (Preet Vihar),East Delhi (Preet Vihar),False,East Delhi (Preet Vihar),28.62657690377609,77.29863576268423
"FIR No. 0139/2026, P.S. Hauz Khas",2026-03-25 15:45:00,THEFT,THEFT incident reported in South Delhi (Hauz Khas),South Delhi (Hauz Khas),True,South Delhi (Hauz Khas),28.5618739470909,77.203296364783
85359192/2024,2024-04-18 05:45:00,THEFT,THEFT incident reported in New Delhi (Parliament Street),New Delhi (Parliament Street),False,New Delhi (Parliament Street),28.631924199029832,77.20717152997838
"FIR No. 0225/2025, P.S. Hauz Khas",2025-04-21 08:03:00,THEFT,THEFT incident reported in South Delhi (Hauz Khas),South Delhi (Hauz Khas),False,South Delhi (Hauz Khas),28.57540827208804,77.17936009272432
"FIR No. 0377/2024, P.S. Hauz Khas",2024-05-19 17:47:00,THEFT,THEFT incident reported in South Delhi (Hauz Khas),South Delhi (Hauz Khas),True,South Delhi (Hauz Khas),28.53336249456161,77.21006069454921
"FIR No. 0283/2023, P.S. Hauz Khas",2023-06-08 22:35:00,THEFT,THEFT incident reported in South Delhi (Hauz Khas),South Delhi (Hauz Khas),False,South Delhi (Hauz Khas),28.536761599883537,77.2066282594394
"FIR No. 0559/2023, P.S. Connaught Place",2023-11-05 03:49:00,KIDNAPPING,KIDNAPPING incident reported in Central Delhi (Connaught Place),Central Delhi (Connaught Place),True,Central Delhi (Connaught Place),28.633339774773585,77.20670226156544
"FIR No. 0140/2024, P.S. Rohini",2024-08-20 11:06:00,THEFT,THEFT incident reported in North West Delhi (Rohini),North West Delhi (Rohini),False,North West Delhi (Rohini),28.67969769955979,77.10823978260255
"FIR No. 0094/2024, P.S. Connaught Place",2024-09-06 17:03:00,THEFT,THEFT incident reported in Central Delhi (Connaught Place),Central Delhi (Connaught Place),False,Central Delhi (Connaught Place),28.62054190841408,77.21259881146466
"FIR No. 0003/2026, P.S. Dwarka",2026-07-28 10:04:00,THEFT,THEFT incident reported in South West Delhi (Dwarka),South West Delhi (Dwarka),False,South West Delhi (Dwarka),28.579924265092416,77.0721191395512
"FIR No. 0797/2025, P.S. Preet Vihar",2025-11-26 13:33:00,ASSAULT,ASSAULT incident reported in East Delhi (Preet Vihar),East Delhi (Preet Vihar),False,East Delhi (Preet Vihar),28.631287791622924,77.3020680746498
"FIR No. 0303/2026, P.S. Dwarka",2026-06-28 06:22:00,THEFT,THEFT incident reported in South West Delhi (Dwarka),South West Delhi (Dwarka),False,South West Delhi (Dwarka),28.608102035058884,77.03439578169888
"FIR No. 0200/2026, P.S. Preet Vihar",2026-06-11 15:18:00,BURGLARY,BURGLARY incident reported in East Delhi (Preet Vihar),East Delhi (Preet Vihar),True,East Delhi (Preet Vihar),28.629733531574143,77.28281823182635
"FIR No. 0109/2025, P.S. Dwarka",2025-06-07 06:34:00,THEFT,THEFT incident reported in South West Delhi (Dwarka),South West Delhi (Dwarka),False,South West Delhi (Dwarka),28.58744887618264,77.04171413257295
"FIR No. 1005/2025, P.S. Dwarka",2025-11-25 23:48:00,THEFT,THEFT incident reported in South West Delhi (Dwarka),South West Delhi (Dwarka),True,South West Delhi (Dwarka),28.595582162906663,77.05022042534497
87607612/2024,2024-01-10 14:03:00,THEFT,THEFT incident reported in South Delhi (Hauz Khas),South Delhi (Hauz Khas),False,South Delhi (Hauz Khas),28.549449989392325,77.18443035163519
"FIR No. 0162/2024, P.S. Connaught Place",2024-04-08 18:26:00,KIDNAPPING,KIDNAPPING incident reported in Central Delhi (Connaught Place),Central Delhi (Connaught Place),False,Central Delhi (Connaught Place),28.61621877491716,77.20660021762237
"FIR No. 0141/2025, P.S. Dwarka",2025-06-19 04:54:00,THEFT,THEFT incident reported in South West Delhi (Dwarka),South West Delhi (Dwarka),True,South West Delhi (Dwarka),28.616800004457307,77.04891787100864
"FIR No. 0221/2026, P.S. Rohini",2026-03-03 02:55:00,THEFT,THEFT incident reported in North West Delhi (Rohini),North West Delhi (Rohini),False,North West Delhi (Rohini),28.69584769687812,77.09475303261283
"FIR No. 0328/2025, P.S. Hauz Khas",2025-12-05 22:23:00,BURGLARY,BURGLARY incident reported in South Delhi (Hauz Khas),South Delhi (Hauz Khas),True,South Delhi (Hauz Khas),28.56904369084725,77.16411218985772
89696620/2023,2023-02-03 18:20:00,ROBBERY,ROBBERY incident reported in South West Delhi (Dwarka),South West Delhi (Dwarka),True,South West Delhi (Dwarka),28.582331413985152,77.0501221502987
83445708/2023,2023-01-03 18:00:00,THEFT,THEFT incident reported in Central Delhi (Connaught Place),Central Delhi (Connaught Place),True,Central Delhi (Connaught Place),28.627354540794144,77.22717243217501
"FIR No. 0164/2024, P.S. Rohini",2024-09-12 06:13:00,THEFT,THEFT incident reported in North West Delhi (Rohini),North West Delhi (Rohini),False,North West Delhi (Rohini),28.748359369521857,77.106858418323
"FIR No. 0413/2024, P.S. Hauz Khas",2024-09-16 04:15:00,BURGLARY,BURGLARY incident reported in South Delhi (Hauz Khas),South Delhi (Hauz Khas),False,South Delhi (Hauz Khas),28.54277977800385,77.22719793428185
"FIR No. 0541/2024, P.S. Dwarka",2024-11-04 04:24:00,THEFT,THEFT incident reported in South West Delhi (Dwarka),South West Delhi (Dwarka),True,South West Delhi (Dwarka),28.58973356810666,77.06589741078727
"FIR No. 0270/2025, P.S. Parliament Street",2025-05-04 00:36:00,THEFT,THEFT incident reported in New Delhi (Parliament Street),New Delhi (Parliament Street),False,New Delhi (Parliament Street),28.60035679940697,77.1887211845848
"FIR No. 0169/2024, P.S. Rohini",2024-03-06 20:09:00,OTHER,OTHER incident reported in North West Delhi (Rohini),North West Delhi (Rohini),False,North West Delhi (Rohini),28.682832641482683,77.08280511066651
"FIR No. 0875/2023, P.S. Connaught Place",2023-12-19 03:56:00,KIDNAPPING,KIDNAPPING incident reported in Central Delhi (Connaught Place),Central Delhi (Connaught Place),True,Central Delhi (Connaught Place),28.660970388060708,77.18889104976382
"FIR No. 0037/2023, P.S. Dwarka",2023-04-01 17:38:00,THEFT,THEFT incident reported in South West Delhi (Dwarka),South West Delhi (Dwarka),False,South West Delhi (Dwarka),28.606916157826767,77.0727923391629
"FIR No. 0196/2024, P.S. Rohini",2024-04-18 02:24:00,BURGLARY,BURGLARY incident reported in North West Delhi (Rohini),North West Delhi (Rohini),False,North West Delhi (Rohini),28.69789240227625,77.10171821723888
"FIR No. 0013/2025, P.S. Dwarka",2025-01-25 18:00:00,THEFT,THEFT incident reported in South West Delhi (Dwarka),South West Delhi (Dwarka),False,South West Delhi (Dwarka),28.588853129575885,77.01900820137566
"FIR No. 0329/2023, P.S. Hauz Khas",2023-05-18 21:49:00,ROBBERY,ROBBERY incident reported in South Delhi (Hauz Khas),South Delhi (Hauz Khas),True,South Delhi (Hauz Khas),28.532428635944022,77.16609463482172
"FIR No. 0101/2023, P.S. Rohini",2023-08-29 18:51:00,ASSAULT,ASSAULT incident reported in North West Delhi (Rohini),North West Delhi (Rohini),False,North West Delhi (Rohini),28.706126743202272,77.08520444087746
"FIR No. 0059/2024, P.S. Dwarka",2024-01-08 07:43:00,BURGLARY,BURGLARY incident reported in South West Delhi (Dwarka),South West Delhi (Dwarka),True,South West Delhi (Dwarka),28.604418752713464,77.04202801983182
"FIR No. 0063/2026, P.S. Hauz Khas",2026-01-21 15:55:00,THEFT,THEFT incident reported in South Delhi (Hauz Khas),South Delhi (Hauz Khas),False,South Delhi (Hauz Khas),28.54981593344064,77.20925818557187
"FIR No. 0034/2025, P.S. Rohini",2025-11-17 19:08:00,KIDNAPPING,KIDNAPPING incident reported in North West Delhi (Rohini),North West Delhi (Rohini),False,North West Delhi (Rohini),28.68939696820398,77.08551671849395
"FIR No. 0040/2023, P.S. Dwarka",2023-01-19 04:31:00,ASSAULT,ASSAULT incident reported in South West Delhi (Dwarka),South West Delhi (Dwarka),False,South West Delhi (Dwarka),28.58648031177629,77.05659426498184
"FIR No. 0495/2024, P.S. Hauz Khas",2024-08-22 14:27:00,THEFT,THEFT incident reported in South Delhi (Hauz Khas),South Delhi (Hauz Khas),False,South Delhi (Hauz Khas),28.559171580100507,77.19700409763463
87340110/2025,2025-02-22 05:58:00,BURGLARY,BURGLARY incident reported in Central Delhi (Connaught Place),Central Delhi (Connaught Place),False,Central Delhi (Connaught Place),28.636646566960348,77.21150143453268
"FIR No. 0031/2026, P.S. Parliament Street",2026-01-20 09:34:00,ROBBERY,ROBBERY incident reported in New Delhi (Parliament Street),New Delhi (Parliament Street),False,New Delhi (Parliament Street),28.6301416959173,77.21883792172534
"FIR No. 0428/2023, P.S. Connaught Place",2023-08-08 16:09:00,ASSAULT,ASSAULT incident reported in Central Delhi (Connaught Place),Central Delhi (Connaught Place),False,Central Delhi (Connaught Place),28.64778318384796,77.20663654168797
"FIR No. 0435/2025, P.S. Preet Vihar",2025-07-20 04:38:00,ROBBERY,ROBBERY incident reported in East Delhi (Preet Vihar),East Delhi (Preet Vihar),False,East Delhi (Preet Vihar),28.65216965640937,77.30412043032177
"FIR No. 0067/2026, P.S. Preet Vihar",2026-07-23 18:27:00,ASSAULT,ASSAULT incident reported in East Delhi (Preet Vihar),East Delhi (Preet Vihar),True,East Delhi (Preet Vihar),28.65637329729597,77.29465577879961
86609652/2025,2025-04-25 11:51:00,BURGLARY,BURGLARY incident reported in New Delhi (Parliament Street),New Delhi (Parliament Street),False,New Delhi (Parliament Street),28.6455583550954,77.21152533893488
83410876/2026,2026-08-09 04:42:00,KIDNAPPING,KIDNAPPING incident reported in East Delhi (Preet Vihar),East Delhi (Preet Vihar),False,East Delhi (Preet Vihar),28.63033423281641,77.28914407549017
"FIR No. 0054/2024, P.S. Hauz Khas",2024-02-11 00:42:00,ASSAULT,ASSAULT incident reported in South Delhi (Hauz Khas),South Delhi (Hauz Khas),True,South Delhi (Hauz Khas),28.528403618048603,77.18472464596458
"FIR No. 0004/2024, P.S. Preet Vihar",2024-07-28 07:29:00,THEFT,THEFT incident reported in East Delhi (Preet Vihar),East Delhi (Preet Vihar),True,East Delhi (Preet Vihar),28.62797074329292,77.2843878189787
"FIR No. 0252/2023, P.S. Connaught Place",2023-10-23 22:51:00,THEFT,THEFT incident reported in Central Delhi (Connaught Place),Central Delhi (Connaught Place),True,Central Delhi (Connaught Place),28.63452789804132,77.20545057820978
"FIR No. 0514/2024, P.S. Connaught Place",2024-12-17 18:11:00,THEFT,THEFT incident reported in Central Delhi (Connaught Place),Central Delhi (Connaught Place),False,Central Delhi (Connaught Place),28.62564286795286,77.20896333697075
"FIR No. 0911/2025, P.S. Hauz Khas",2025-12-05 01:57:00,KIDNAPPING,KIDNAPPING incident reported in South Delhi (Hauz Khas),South Delhi (Hauz Khas),False,South Delhi (Hauz Khas),28.55788643485439,77.18823175683082
"FIR No. 0078/2023, P.S. Hauz Khas",2023-07-22 06:29:00,THEFT,THEFT incident reported in South Delhi (Hauz Khas),South Delhi (Hauz Khas),False,South Delhi (Hauz Khas),28.53720484333505,77.20036724551689
"FIR No. 0137/2025, P.S. Hauz Khas",2025-11-04 07:28:00,THEFT,THEFT incident reported in South Delhi (Hauz Khas),South Delhi (Hauz Khas),False,South Delhi (Hauz Khas),28.542400011041057,77.21054262594886
"FIR No. 0912/2024, P.S. Connaught Place",2024-10-10 07:53:00,ASSAULT,ASSAULT incident reported in Central Delhi (Connaught Place),Central Delhi (Connaught Place),False,Central Delhi (Connaught Place),28.64106938271818,77.20056192538661
86178089/2024,2024-06-12 22:20:00,ROBBERY,ROBBERY incident reported in Central Delhi (Connaught Place),Central Delhi (Connaught Place),False,Central Delhi (Connaught Place),28.620720438391647,77.18517066414529
81380293/2024,2024-02-12 01:42:00,BURGLARY,BURGLARY incident reported in Central Delhi (Connaught Place),Central Delhi (Connaught Place),True,Central Delhi (Connaught Place),28.61201167458565,77.21371909593935
85857007/2023,2023-09-13 01:47:00,OTHER,OTHER incident reported in Central Delhi (Connaught Place),Central Delhi (Connaught Place),False,Central Delhi (Connaught Place),28.64357569549797,77.1928145311084
"FIR No. 0533/2026, P.S. Connaught Place",2026-08-17 08:55:00,THEFT,THEFT incident reported in Central Delhi (Connaught Place),Central Delhi (Connaught Place),False,Central Delhi (Connaught Place),28.64826621537933,77.22958438104914
"FIR No. 0333/2024, P.S. Connaught Place",2024-08-30 05:21:00,ASSAULT,ASSAULT incident reported in Central Delhi (Connaught Place),Central Delhi (Connaught Place),True,Central Delhi (Connaught Place),28.64007480453313,77.18718402188249
"FIR No. 0419/2024, P.S. Parliament Street",2024-12-02 01:32:00,ASSAULT,ASSAULT incident reported in New Delhi (Parliament Street),New Delhi (Parliament Street),True,New Delhi (Parliament Street),28.608290313478463,77.2139570346994
"FIR No. 0176/2025, P.S. Hauz Khas",2025-07-24 09:15:00,KIDNAPPING,KIDNAPPING incident reported in South Delhi (Hauz Khas),South Delhi (Hauz Khas),True,South Delhi (Hauz Khas),28.54409248107464,77.19415906806617
"FIR No. 0295/2025, P.S. Hauz Khas",2025-04-23 14:30:00,THEFT,THEFT incident reported in South Delhi (Hauz Khas),South Delhi (Hauz Khas),True,South Delhi (Hauz Khas),28.547569247433994,77.19777905158897
"FIR No. 0171/2025, P.S. Preet Vihar",2025-12-03 04:19:00,THEFT,THEFT incident reported in East Delhi (Preet Vihar),East Delhi (Preet Vihar),True,East Delhi (Preet Vihar),28.62554646659847,77.29851321750273
"FIR No. 0450/2025, P.S. Rohini",2025-09-06 09:28:00,ROBBERY,ROBBERY incident reported in North West Delhi (Rohini),North West Delhi (Rohini),False,North West Delhi (Rohini),28.69752540593657,77.08886179251193
87171247/2024,2024-03-29 00:54:00,THEFT,THEFT incident reported in Central Delhi (Connaught Place),Central Delhi (Connaught Place),False,Central Delhi (Connaught Place),28.61682535558577,77.19752678718882
"FIR No. 0674/2023, P.S. Connaught Place",2023-08-30 02:49:00,THEFT,THEFT incident reported in Central Delhi (Connaught Place),Central Delhi (Connaught Place),True,Central Delhi (Connaught Place),28.61110172274613,77.21725422467762
"FIR No. 0016/2023, P.S. Parliament Street",2023-08-04 23:36:00,THEFT,THEFT incident reported in New Delhi (Parliament Street),New Delhi (Parliament Street),True,New Delhi (Parliament Street),28.61544935560188,77.24395704433098
"FIR No. 0346/2023, P.S. Dwarka",2023-08-11 10:00:00,ROBBERY,ROBBERY incident reported in South West Delhi (Dwarka),South West Delhi (Dwarka),False,South West Delhi (Dwarka),28.604784501591663,77.04017440244634
86422608/2023,2023-09-14 21:27:00,BURGLARY,BURGLARY incident reported in North West Delhi (Rohini),North West Delhi (Rohini),False,North West Delhi (Rohini),28.727015601619325,77.1042733313365
"FIR No. 0515/2025, P.S. Parliament Street",2025-10-11 22:58:00,ASSAULT,ASSAULT incident reported in New Delhi (Parliament Street),New Delhi (Parliament Street),True,New Delhi (Parliament Street),28.6120298444822,77.20670276674284
"FIR No. 0249/2026, P.S. Preet Vihar",2026-05-19 17:39:00,ROBBERY,ROBBERY incident reported in East Delhi (Preet Vihar),East Delhi (Preet Vihar),False,East Delhi (Preet Vihar),28.625164013093176,77.29235740026343
"FIR No. 0610/2024, P.S. Parliament Street",2024-07-02 08:31:00,THEFT,THEFT incident reported in New Delhi (Parliament Street),New Delhi (Parliament Street),True,New Delhi (Parliament Street),28.64190311833945,77.21649863045289
"FIR No. 0175/2023, P.S. Dwarka",2023-04-10 09:52:00,ROBBERY,ROBBERY incident reported in South West Delhi (Dwarka),South West Delhi (Dwarka),True,South West Delhi (Dwarka),28.569413308338948,77.02523234354027
"FIR No. 0229/2025, P.S. Dwarka",2025-03-06 22:37:00,ROBBERY,ROBBERY incident reported in South West Delhi (Dwarka),South West Delhi (Dwarka),False,South West Delhi (Dwarka),28.578047948697165,77.05987373812621
"FIR No. 0218/2023, P.S. Connaught Place",2023-04-30 03:04:00,OTHER,OTHER incident reported in Central Delhi (Connaught Place),Central Delhi (Connaught Place),True,Central Delhi (Connaught Place),28.64246490711877,77.19080187376098
"FIR No. 0062/2023, P.S. Preet Vihar",2023-03-11 01:44:00,THEFT,THEFT incident reported in East Delhi (Preet Vihar),East Delhi (Preet Vihar),True,East Delhi (Preet Vihar),28.64006820244345,77.2764771826544
"FIR No. 0204/2023, P.S. Rohini",2023-03-03 02:21:00,BURGLARY,BURGLARY incident reported in North West Delhi (Rohini),North West Delhi (Rohini),False,North West Delhi (Rohini),28.695785674017447,77.11300548214875
"FIR No. 0358/2024, P.S. Rohini",2024-12-28 13:36:00,THEFT,THEFT incident reported in North West Delhi (Rohini),North West Delhi (Rohini),False,North West Delhi (Rohini),28.68226300633725,77.08667223103465
"FIR No. 0517/2025, P.S. Hauz Khas",2025-05-09 14:32:00,ASSAULT,ASSAULT incident reported in South Delhi (Hauz Khas),South Delhi (Hauz Khas),True,South Delhi (Hauz Khas),28.539114126112267,77.20376184355098
87619359/2023,2023-08-16 02:37:00,BURGLARY,BURGLARY incident reported in North West Delhi (Rohini),North West Delhi (Rohini),True,North West Delhi (Rohini),28.709655349919828,77.11915581921822
"FIR No. 0935/2023, P.S. Hauz Khas",2023-12-01 13:37:00,THEFT,THEFT incident reported in South Delhi (Hauz Khas),South Delhi (Hauz Khas),False,South Delhi (Hauz Khas),28.572578211385867,77.21938081528093
"FIR No. 0109/2025, P.S. Connaught Place",2025-03-23 15:25:00,THEFT,THEFT incident reported in Central Delhi (Connaught Place),Central Delhi (Connaught Place),False,Central Delhi (Connaught Place),28.638982760158825,77.21965991142797
87275782/2024,2024-05-13 04:10:00,THEFT,THEFT incident reported in Central Delhi (Connaught Place),Central Delhi (Connaught Place),False,Central Delhi (Connaught Place),28.62659417074472,77.21978247453627
"FIR No. 0107/2026, P.S. Preet Vihar",2026-02-05 07:23:00,THEFT,THEFT incident reported in East Delhi (Preet Vihar),East Delhi (Preet Vihar),False,East Delhi (Preet Vihar),28.63435068487188,77.28067955583845
"FIR No. 0096/2023, P.S. Preet Vihar",2023-05-25 06:33:00,BURGLARY,BURGLARY incident reported in East Delhi (Preet Vihar),East Delhi (Preet Vihar),False,East Delhi (Preet Vihar),28.64471464951542,77.27889337614745
"FIR No. 0040/2026, P.S. Rohini",2026-03-26 04:44:00,THEFT,THEFT incident reported in North West Delhi (Rohini),North West Delhi (Rohini),False,North West Delhi (Rohini),28.70005709716072,77.11086389298289
"FIR No. 0204/2025, P.S. Preet Vihar",2025-10-23 00:52:00,ASSAULT,ASSAULT incident reported in East Delhi (Preet Vihar),East Delhi (Preet Vihar),False,East Delhi (Preet Vihar),28.63476683632736,77.30870027397256
"FIR No. 0917/2024, P.S. Connaught Place",2024-12-16 13:37:00,THEFT,THEFT incident reported in Central Delhi (Connaught Place),Central Delhi (Connaught Place),True,Central Delhi (Connaught Place),28.61328179731221,77.23067856529114
"FIR No. 0137/2024, P.S. Hauz Khas",2024-03-14 08:36:00,ROBBERY,ROBBERY incident reported in South Delhi (Hauz Khas),South Delhi (Hauz Khas),True,South Delhi (Hauz Khas),28.52784478721336,77.19639258455965
"FIR No. 0236/2023, P.S. Dwarka",2023-06-06 05:43:00,THEFT,THEFT incident reported in South West Delhi (Dwarka),South West Delhi (Dwarka),True,South West Delhi (Dwarka),28.578570436417905,77.03506413907517
"FIR No. 0774/2024, P.S. Connaught Place",2024-11-02 18:33:00,THEFT,THEFT incident reported in Central Delhi (Connaught Place),Central Delhi (Connaught Place),True,Central Delhi (Connaught Place),28.66475385273576,77.20074865268096
"FIR No. 0704/2025, P.S. Hauz Khas",2025-12-09 12:20:00,THEFT,THEFT incident reported in South Delhi (Hauz Khas),South Delhi (Hauz Khas),False,South Delhi (Hauz Khas),28.543884538677144,77.19690392427873
"FIR No. 0369/2026, P.S. Rohini",2026-04-23 21:03:00,BURGLARY,BURGLARY incident reported in North West Delhi (Rohini),North West Delhi (Rohini),False,North West Delhi (Rohini),28.72181429854628,77.09071266020648
"FIR No. 0218/2023, P.S. Hauz Khas",2023-03-16 00:54:00,THEFT,THEFT incident reported in South Delhi (Hauz Khas),South Delhi (Hauz Khas),False,South Delhi (Hauz Khas),28.55282657496058,77.19855940203365
"FIR No. 0144/2023, P.S. Preet Vihar",2023-11-12 09:13:00,THEFT,THEFT incident reported in East Delhi (Preet Vihar),East Delhi (Preet Vihar),False,East Delhi (Preet Vihar),28.61109774669504,77.30250637286315
"FIR No. 0440/2023, P.S. Hauz Khas",2023-07-28 18:21:00,ASSAULT,ASSAULT incident reported in South Delhi (Hauz Khas),South Delhi (Hauz Khas),False,South Delhi (Hauz Khas),28.54783871289473,77.20543487712055
"FIR No. 0753/2023, P.S. Connaught Place",2023-08-21 11:51:00,ASSAULT,ASSAULT incident reported in Central Delhi (Connaught Place),Central Delhi (Connaught Place),True,Central Delhi (Connaught Place),28.61503938720717,77.20691656206158
"FIR No. 0632/2023, P.S. Hauz Khas",2023-08-15 21:03:00,THEFT,THEFT incident reported in South Delhi (Hauz Khas),South Delhi (Hauz Khas),True,South Delhi (Hauz Khas),28.54997120123614,77.17418859947362
"FIR No. 0042/2026, P.S. Hauz Khas",2026-01-02 09:56:00,THEFT,THEFT incident reported in South Delhi (Hauz Khas),South Delhi (Hauz Khas),False,South Delhi (Hauz Khas),28.54944505173261,77.20609281265314
83914296/2025,2025-04-16 19:02:00,ROBBERY,ROBBERY incident reported in South Delhi (Hauz Khas),South Delhi (Hauz Khas),True,South Delhi (Hauz Khas),28.553458530679112,77.19455769943646
"FIR No. 0359/2026, P.S. Connaught Place",2026-06-14 05:32:00,THEFT,THEFT incident reported in Central Delhi (Connaught Place),Central Delhi (Connaught Place),False,Central Delhi (Connaught Place),28.61631608521176,77.20777463129399
"FIR No. 0104/2025, P.S. Preet Vihar",2025-02-28 08:26:00,THEFT,THEFT incident reported in East Delhi (Preet Vihar),East Delhi (Preet Vihar),False,East Delhi (Preet Vihar),28.640924719415388,77.28781429377004
"FIR No. 0500/2025, P.S. Rohini",2025-07-14 23:34:00,BURGLARY,BURGLARY incident reported in North West Delhi (Rohini),North West Delhi (Rohini),False,North West Delhi (Rohini),28.700634663987795,77.07831585660826
"FIR No. 0132/2026, P.S. Preet Vihar",2026-06-03 05:17:00,THEFT,THEFT incident reported in East Delhi (Preet Vihar),East Delhi (Preet Vihar),False,East Delhi (Preet Vihar),28.63855769261413,77.29585413534446
"FIR No. 0480/2025, P.S. Connaught Place",2025-12-07 09:04:00,THEFT,THEFT incident reported in Central Delhi (Connaught Place),Central Delhi (Connaught Place),False,Central Delhi (Connaught Place),28.63854029441901,77.21713354035042
"FIR No. 0144/2026, P.S. Hauz Khas",2026-03-22 02:50:00,THEFT,THEFT incident reported in South Delhi (Hauz Khas),South Delhi (Hauz Khas),False,South Delhi (Hauz Khas),28.550836888525737,77.20163237977363
"FIR No. 0121/2026, P.S. Hauz Khas",2026-04-26 13:43:00,BURGLARY,BURGLARY incident reported in South Delhi (Hauz Khas),South Delhi (Hauz Khas),False,South Delhi (Hauz Khas),28.56835348446373,77.19054697027669
"FIR No. 0054/2024, P.S. Connaught Place",2024-01-11 22:49:00,ASSAULT,ASSAULT incident reported in Central Delhi (Connaught Place),Central Delhi (Connaught Place),True,Central Delhi (Connaught Place),28.64913058068577,77.2444214788088
"FIR No. 0220/2024, P.S. Dwarka",2024-06-08 23:35:00,ROBBERY,ROBBERY incident reported in South West Delhi (Dwarka),South West Delhi (Dwarka),True,South West Delhi (Dwarka),28.60132804083813,77.06402831566152
82692486/2026,2026-06-14 10:20:00,BURGLARY,BURGLARY incident reported in South Delhi (Hauz Khas),South Delhi (Hauz Khas),False,South Delhi (Hauz Khas),28.534319705937,77.17939736556325
86916630/2025,2025-06-21 03:26:00,ASSAULT,ASSAULT incident reported in East Delhi (Preet Vihar),East Delhi (Preet Vihar),False,East Delhi (Preet Vihar),28.652863602174723,77.29392300220557
83815451/2024,2024-02-26 20:35:00,THEFT,THEFT incident reported in East Delhi (Preet Vihar),East Delhi (Preet Vihar),True,East Delhi (Preet Vihar),28.63967243642292,77.29994000696824
"FIR No. 0263/2026, P.S. Connaught Place",2026-07-09 21:51:00,THEFT,THEFT incident reported in Central Delhi (Connaught Place),Central Delhi (Connaught Place),False,Central Delhi (Connaught Place),28.65416106533653,77.21988818758466
"FIR No. 0463/2025, P.S. Rohini",2025-07-14 12:18:00,ASSAULT,ASSAULT incident reported in North West Delhi (Rohini),North West Delhi (Rohini),False,North West Delhi (Rohini),28.7098677828272,77.10124726497213
"FIR No. 0151/2023, P.S. Connaught Place",2023-11-13 05:42:00,THEFT,THEFT incident reported in Central Delhi (Connaught Place),Central Delhi (Connaught Place),False,Central Delhi (Connaught Place),28.61246499855493,77.20862808321795
"FIR No. 0146/2023, P.S. Connaught Place",2023-05-12 12:25:00,ASSAULT,ASSAULT incident reported in Central Delhi (Connaught Place),Central Delhi (Connaught Place),True,Central Delhi (Connaught Place),28.623807629132447,77.24324085550177
"FIR No. 0148/2024, P.S. Connaught Place",2024-04-10 15:36:00,ASSAULT,ASSAULT incident reported in Central Delhi (Connaught Place),Central Delhi (Connaught Place),True,Central Delhi (Connaught Place),28.643742280107634,77.17986451609447
"FIR No. 0262/2023, P.S. Preet Vihar",2023-05-06 04:15:00,ASSAULT,ASSAULT incident reported in East Delhi (Preet Vihar),East Delhi (Preet Vihar),True,East Delhi (Preet Vihar),28.625082404523,77.31305354079507
"FIR No. 0346/2024, P.S. Dwarka",2024-08-27 14:13:00,ASSAULT,ASSAULT incident reported in South West Delhi (Dwarka),South West Delhi (Dwarka),False,South West Delhi (Dwarka),28.578671000052385,77.02861492510826
"FIR No. 0050/2024, P.S. Preet Vihar",2024-04-06 09:25:00,BURGLARY,BURGLARY incident reported in East Delhi (Preet Vihar),East Delhi (Preet Vihar),True,East Delhi (Preet Vihar),28.65692764035767,77.2937863382077
"FIR No. 0032/2023, P.S. Rohini",2023-07-12 00:10:00,BURGLARY,BURGLARY incident reported in North West Delhi (Rohini),North West Delhi (Rohini),False,North West Delhi (Rohini),28.721493752235023,77.09563842781293
"FIR No. 0158/2024, P.S. Parliament Street",2024-02-02 13:36:00,THEFT,THEFT incident reported in New Delhi (Parliament Street),New Delhi (Parliament Street),True,New Delhi (Parliament Street),28.63570765871012,77.19016556807907
80785429/2024,2024-08-18 20:05:00,BURGLARY,BURGLARY incident reported in South Delhi (Hauz Khas),South Delhi (Hauz Khas),False,South Delhi (Hauz Khas),28.53736778862512,77.21046678968503
87122820/2024,2024-09-17 19:05:00,ASSAULT,ASSAULT incident reported in New Delhi (Parliament Street),New Delhi (Parliament Street),True,New Delhi (Parliament Street),28.640511503589902,77.2189339607915
"FIR No. 0005/2026, P.S. Hauz Khas",2026-02-14 08:17:00,BURGLARY,BURGLARY incident reported in South Delhi (Hauz Khas),South Delhi (Hauz Khas),False,South Delhi (Hauz Khas),28.559688303481185,77.20140659660493
"FIR No. 0764/2025, P.S. Dwarka",2025-10-20 20:02:00,ROBBERY,ROBBERY incident reported in South West Delhi (Dwarka),South West Delhi (Dwarka),False,South West Delhi (Dwarka),28.574275177566665,77.04248202139438
"FIR No. 0002/2025, P.S. Preet Vihar",2025-04-01 02:08:00,BURGLARY,BURGLARY incident reported in East Delhi (Preet Vihar),East Delhi (Preet Vihar),False,East Delhi (Preet Vihar),28.615464002731777,77.28651304602126
"FIR No. 0144/2023, P.S. Hauz Khas",2023-04-18 05:44:00,THEFT,THEFT incident reported in South Delhi (Hauz Khas),South Delhi (Hauz Khas),False,South Delhi (Hauz Khas),28.56548163659348,77.20883587285624
"FIR No. 0139/2025, P.S. Hauz Khas",2025-04-22 17:22:00,THEFT,THEFT incident reported in South Delhi (Hauz Khas),South Delhi (Hauz Khas),False,South Delhi (Hauz Khas),28.537571887780167,77.21438979832553
82691752/2024,2024-12-06 08:48:00,THEFT,THEFT incident reported in South West Delhi (Dwarka),South West Delhi (Dwarka),False,South West Delhi (Dwarka),28.591197102245506,77.03601286331227
"FIR No. 0352/2023, P.S. Preet Vihar",2023-08-01 23:28:00,THEFT,THEFT incident reported in East Delhi (Preet Vihar),East Delhi (Preet Vihar),False,East Delhi (Preet Vihar),28.632482325483984,77.28485584070542
"FIR No. 0057/2024, P.S. Rohini",2024-04-14 23:36:00,THEFT,THEFT incident reported in North West Delhi (Rohini),North West Delhi (Rohini),False,North West Delhi (Rohini),28.711926689039466,77.1293769348299
"FIR No. 0116/2024, P.S. Rohini",2024-03-06 07:13:00,THEFT,THEFT incident reported in North West Delhi (Rohini),North West Delhi (Rohini),False,North West Delhi (Rohini),28.69372205824596,77.13165896622327
"FIR No. 0756/2023, P.S. Hauz Khas",2023-12-22 16:13:00,THEFT,THEFT incident reported in South Delhi (Hauz Khas),South Delhi (Hauz Khas),False,South Delhi (Hauz Khas),28.526971251707245,77.19163939312945
"FIR No. 0064/2023, P.S. Hauz Khas",2023-01-01 02:30:00,THEFT,THEFT incident reported in South Delhi (Hauz Khas),South Delhi (Hauz Khas),False,South Delhi (Hauz Khas),28.556147604004043,77.2118755479344
"FIR No. 0657/2025, P.S. Rohini",2025-09-09 00:58:00,THEFT,THEFT incident reported in North West Delhi (Rohini),North West Delhi (Rohini),False,North West Delhi (Rohini),28.694724732104703,77.11013305823205
"FIR No. 0734/2025, P.S. Dwarka",2025-11-01 16:51:00,ROBBERY,ROBBERY incident reported in South West Delhi (Dwarka),South West Delhi (Dwarka),True,South West Delhi (Dwarka),28.60619375478731,77.04222674745328
"FIR No. 0470/2023, P.S. Dwarka",2023-07-09 13:51:00,THEFT,THEFT incident reported in South West Delhi (Dwarka),South West Delhi (Dwarka),False,South West Delhi (Dwarka),28.633263451261048,77.06093665284797
"FIR No. 0315/2024, P.S. Rohini",2024-05-20 15:24:00,THEFT,THEFT incident reported in North West Delhi (Rohini),North West Delhi (Rohini),False,North West Delhi (Rohini),28.70895986002901,77.0990048307307
"FIR No. 0569/2024, P.S. Hauz Khas",2024-08-05 16:57:00,ROBBERY,ROBBERY incident reported in South Delhi (Hauz Khas),South Delhi (Hauz Khas),False,South Delhi (Hauz Khas),28.56572259864236,77.1931819946226
80563121/2025,2025-05-24 00:30:00,ROBBERY,ROBBERY incident reported in New Delhi (Parliament Street),New Delhi (Parliament Street),False,New Delhi (Parliament Street),28.60332865609944,77.19956259068474
"FIR No. 0853/2025, P.S. Hauz Khas",2025-12-31 01:14:00,ASSAULT,ASSAULT incident reported in South Delhi (Hauz Khas),South Delhi (Hauz Khas),False,South Delhi (Hauz Khas),28.55843411985332,77.18385614889257
85659658/2023,2023-01-02 04:01:00,THEFT,THEFT incident reported in South West Delhi (Dwarka),South West Delhi (Dwarka),False,South West Delhi (Dwarka),28.590038026685047,77.05273106621169
80405751/2025,2025-07-30 05:40:00,THEFT,THEFT incident reported in South Delhi (Hauz Khas),South Delhi (Hauz Khas),False,South Delhi (Hauz Khas),28.54718110693537,77.21086090428601
"FIR No. 0763/2025, P.S. Hauz Khas",2025-10-30 07:04:00,ROBBERY,ROBBERY incident reported in South Delhi (Hauz Khas),South Delhi (Hauz Khas),False,South Delhi (Hauz Khas),28.54872581067121,77.20902496911985
82901500/2024,2024-07-14 19:51:00,OTHER,OTHER incident reported in South West Delhi (Dwarka),South West Delhi (Dwarka),False,South West Delhi (Dwarka),28.61593556104105,77.03802157055517
88211041/2023,2023-01-07 22:32:00,THEFT,THEFT incident reported in South Delhi (Hauz Khas),South Delhi (Hauz Khas),False,South Delhi (Hauz Khas),28.567227096157204,77.22543199387155
"FIR No. 0128/2026, P.S. Dwarka",2026-03-14 09:26:00,ASSAULT,ASSAULT incident reported in South West Delhi (Dwarka),South West Delhi (Dwarka),True,South West Delhi (Dwarka),28.586389938151875,77.03347382081392
83035534/2023,2023-11-02 14:08:00,THEFT,THEFT incident reported in New Delhi (Parliament Street),New Delhi (Parliament Street),False,New Delhi (Parliament Street),28.608568900503062,77.21963307882184
"FIR No. 0130/2023, P.S. Rohini",2023-03-09 15:20:00,THEFT,THEFT incident reported in North West Delhi (Rohini),North West Delhi (Rohini),False,North West Delhi (Rohini),28.680411534074324,77.12290179695924
"FIR No. 0298/2025, P.S. Connaught Place",2025-04-25 13:50:00,THEFT,THEFT incident reported in Central Delhi (Connaught Place),Central Delhi (Connaught Place),False,Central Delhi (Connaught Place),28.66816702104581,77.21222646989254
"FIR No. 0202/2024, P.S. Connaught Place",2024-11-14 14:33:00,ASSAULT,ASSAULT incident reported in Central Delhi (Connaught Place),Central Delhi (Connaught Place),False,Central Delhi (Connaught Place),28.63728590143293,77.23440989185842
"FIR No. 0923/2023, P.S. Rohini",2023-11-07 06:00:00,THEFT,THEFT incident reported in North West Delhi (Rohini),North West Delhi (Rohini),False,North West Delhi (Rohini),28.728602423196737,77.09461287633228
"FIR No. 0090/2024, P.S. Preet Vihar",2024-07-13 12:09:00,ROBBERY,ROBBERY incident reported in East Delhi (Preet Vihar),East Delhi (Preet Vihar),False,East Delhi (Preet Vihar),28.631834176536987,77.28427160567009
"FIR No. 0337/2026, P.S. Rohini",2026-04-17 10:51:00,ASSAULT,ASSAULT incident reported in North West Delhi (Rohini),North West Delhi (Rohini),False,North West Delhi (Rohini),28.70976823655948,77.10289520441874
"FIR No. 0042/2025, P.S. Dwarka",2025-07-29 08:40:00,KIDNAPPING,KIDNAPPING incident reported in South West Delhi (Dwarka),South West Delhi (Dwarka),False,South West Delhi (Dwarka),28.594494513385644,77.05512518496606
"FIR No. 0415/2024, P.S. Dwarka",2024-10-10 14:31:00,ROBBERY,ROBBERY incident reported in South West Delhi (Dwarka),South West Delhi (Dwarka),True,South West Delhi (Dwarka),28.59392981829092,77.03757445969961
"FIR No. 0512/2024, P.S. Parliament Street",2024-09-01 23:30:00,THEFT,THEFT incident reported in New Delhi (Parliament Street),New Delhi (Parliament Street),False,New Delhi (Parliament Street),28.60831023683556,77.22423992367405
"FIR No. 0029/2025, P.S. Rohini",2025-02-07 11:13:00,ASSAULT,ASSAULT incident reported in North West Delhi (Rohini),North West Delhi (Rohini),True,North West Delhi (Rohini),28.732189918184154,77.08444486661529
"FIR No. 0567/2025, P.S. Dwarka",2025-09-20 03:15:00,BURGLARY,BURGLARY incident reported in South West Delhi (Dwarka),South West Delhi (Dwarka),False,South West Delhi (Dwarka),28.584483659793705,77.0485429835143
"FIR No. 0005/2025, P.S. Preet Vihar",2025-04-03 14:49:00,THEFT,THEFT incident reported in East Delhi (Preet Vihar),East Delhi (Preet Vihar),False,East Delhi (Preet Vihar),28.647519310512784,77.30788729351906
"FIR No. 0300/2025, P.S. Dwarka",2025-07-04 03:11:00,THEFT,THEFT incident reported in South West Delhi (Dwarka),South West Delhi (Dwarka),False,South West Delhi (Dwarka),28.60612999490591,77.0497488173418
"FIR No. 0086/2023, P.S. Hauz Khas",2023-01-20 04:55:00,THEFT,THEFT incident reported in South Delhi (Hauz Khas),South Delhi (Hauz Khas),False,South Delhi (Hauz Khas),28.564036268651066,77.20112731212586
"FIR No. 0053/2026, P.S. Dwarka",2026-05-11 07:13:00,ROBBERY,ROBBERY incident reported in South West Delhi (Dwarka),South West Delhi (Dwarka),True,South West Delhi (Dwarka),28.56248372184833,77.04520057923
"FIR No. 0223/2023, P.S. Connaught Place",2023-03-05 08:56:00,ROBBERY,ROBBERY incident reported in Central Delhi (Connaught Place),Central Delhi (Connaught Place),False,Central Delhi (Connaught Place),28.60423087208149,77.20346032906879
81680831/2023,2023-07-16 15:53:00,THEFT,THEFT incident reported in Central Delhi (Connaught Place),Central Delhi (Connaught Place),False,Central Delhi (Connaught Place),28.620380842965805,77.21580932817243
81162439/2024,2024-09-17 09:32:00,KIDNAPPING,KIDNAPPING incident reported in South West Delhi (Dwarka),South West Delhi (Dwarka),False,South West Delhi (Dwarka),28.60597220004473,77.03211952731739
"FIR No. 0042/2024, P.S. Preet Vihar",2024-01-08 07:13:00,THEFT,THEFT incident reported in East Delhi (Preet Vihar),East Delhi (Preet Vihar),True,East Delhi (Preet Vihar),28.65041187421404,77.30575237109922
"FIR No. 0214/2026, P.S. Parliament Street",2026-03-10 16:18:00,THEFT,THEFT incident reported in New Delhi (Parliament Street),New Delhi (Parliament Street),True,New Delhi (Parliament Street),28.64404134557784,77.2248738513373
"FIR No. 0090/2025, P.S. Dwarka",2025-04-19 10:09:00,ASSAULT,ASSAULT incident reported in South West Delhi (Dwarka),South West Delhi (Dwarka),True,South West Delhi (Dwarka),28.605252471561613,77.03704826803026
"FIR No. 0012/2026, P.S. Preet Vihar",2026-01-08 13:13:00,ROBBERY,ROBBERY incident reported in East Delhi (Preet Vihar),East Delhi (Preet Vihar),False,East Delhi (Preet Vihar),28.637533265511387,77.32987470420834
"FIR No. 0280/2024, P.S. Hauz Khas",2024-08-20 15:54:00,ROBBERY,ROBBERY incident reported in South Delhi (Hauz Khas),South Delhi (Hauz Khas),False,South Delhi (Hauz Khas),28.56789754400991,77.18379415709616
"FIR No. 0137/2023, P.S. Hauz Khas",2023-03-19 23:53:00,THEFT,THEFT incident reported in South Delhi (Hauz Khas),South Delhi (Hauz Khas),False,South Delhi (Hauz Khas),28.590295364942307,77.1898547435308
"FIR No. 0005/2026, P.S. Preet Vihar",2026-08-19 05:25:00,THEFT,THEFT incident reported in East Delhi (Preet Vihar),East Delhi (Preet Vihar),False,East Delhi (Preet Vihar),28.66264594337369,77.30782012812934
86883034/2024,2024-01-19 19:11:00,ASSAULT,ASSAULT incident reported in Central Delhi (Connaught Place),Central Delhi (Connaught Place),True,Central Delhi (Connaught Place),28.6168552656324,77.23373920788706
"FIR No. 0327/2025, P.S. Rohini",2025-05-12 18:25:00,THEFT,THEFT incident reported in North West Delhi (Rohini),North West Delhi (Rohini),True,North West Delhi (Rohini),28.72477458516203,77.09946224760036
"FIR No. 0323/2024, P.S. Connaught Place",2024-12-03 11:06:00,ASSAULT,ASSAULT incident reported in Central Delhi (Connaught Place),Central Delhi (Connaught Place),False,Central Delhi (Connaught Place),28.6325895310235,77.2162185157448
87837426/2026,2026-05-28 21:41:00,ASSAULT,ASSAULT incident reported in South Delhi (Hauz Khas),South Delhi (Hauz Khas),False,South Delhi (Hauz Khas),28.561338386642067,77.21548073252171
"FIR No. 0347/2024, P.S. Parliament Street",2024-06-27 08:22:00,ASSAULT,ASSAULT incident reported in New Delhi (Parliament Street),New Delhi (Parliament Street),False,New Delhi (Parliament Street),28.65345406881889,77.23076136423921
"FIR No. 0409/2025, P.S. Rohini",2025-06-17 09:52:00,THEFT,THEFT incident reported in North West Delhi (Rohini),North West Delhi (Rohini),False,North West Delhi (Rohini),28.67394491718328,77.09021342461656
"FIR No. 0190/2026, P.S. Connaught Place",2026-06-21 15:24:00,ASSAULT,ASSAULT incident reported in Central Delhi (Connaught Place),Central Delhi (Connaught Place),True,Central Delhi (Connaught Place),28.6360972135803,77.22104480705217
"FIR No. 0074/2023, P.S. Hauz Khas",2023-04-23 11:24:00,BURGLARY,BURGLARY incident reported in South Delhi (Hauz Khas),South Delhi (Hauz Khas),False,South Delhi (Hauz Khas),28.566352311488608,77.22396287575415
"FIR No. 0432/2024, P.S. Hauz Khas",2024-11-19 07:53:00,BURGLARY,BURGLARY incident reported in South Delhi (Hauz Khas),South Delhi (Hauz Khas),False,South Delhi (Hauz Khas),28.58324867017438,77.22368818919189
"FIR No. 0107/2024, P.S. Rohini",2024-06-06 19:31:00,THEFT,THEFT incident reported in North West Delhi (Rohini),North West Delhi (Rohini),False,North West Delhi (Rohini),28.691094522294154,77.11264614676
"FIR No. 0419/2024, P.S. Hauz Khas",2024-08-10 21:02:00,BURGLARY,BURGLARY incident reported in South Delhi (Hauz Khas),South Delhi (Hauz Khas),False,South Delhi (Hauz Khas),28.556413736022247,77.2174170886941
"FIR No. 0046/2026, P.S. Dwarka",2026-05-25 02:24:00,BURGLARY,BURGLARY incident reported in South West Delhi (Dwarka),South West Delhi (Dwarka),False,South West Delhi (Dwarka),28.587915806696707,77.01783073843
"FIR No. 0588/2023, P.S. Connaught Place",2023-12-13 15:55:00,ASSAULT,ASSAULT incident reported in Central Delhi (Connaught Place),Central Delhi (Connaught Place),False,Central Delhi (Connaught Place),28.63669487937043,77.23301819545827
81258242/2024,2024-03-29 17:47:00,THEFT,THEFT incident reported in Central Delhi (Connaught Place),Central Delhi (Connaught Place),True,Central Delhi (Connaught Place),28.626917173070616,77.21723562925709
89319157/2025,2025-07-10 12:06:00,THEFT,THEFT incident reported in Central Delhi (Connaught Place),Central Delhi (Connaught Place),True,Central Delhi (Connaught Place),28.64077552084458,77.22660205677069
"FIR No. 0035/2026, P.S. Parliament Street",2026-01-25 10:42:00,KIDNAPPING,KIDNAPPING incident reported in New Delhi (Parliament Street),New Delhi (Parliament Street),False,New Delhi (Parliament Street),28.60984013147368,77.19181900414739
80042186/2024,2024-12-31 20:56:00,THEFT,THEFT incident reported in Central Delhi (Connaught Place),Central Delhi (Connaught Place),False,Central Delhi (Connaught Place),28.621687752580605,77.21009271058317
"FIR No. 0007/2023, P.S. Preet Vihar",2023-03-20 11:37:00,THEFT,THEFT incident reported in East Delhi (Preet Vihar),East Delhi (Preet Vihar),False,East Delhi (Preet Vihar),28.643606310944342,77.2815170112085
80510664/2026,2026-04-09 19:44:00,THEFT,THEFT incident reported in Central Delhi (Connaught Place),Central Delhi (Connaught Place),False,Central Delhi (Connaught Place),28.625851668489524,77.2190509076033
"FIR No. 0519/2024, P.S. Hauz Khas",2024-06-14 12:12:00,ASSAULT,ASSAULT incident reported in South Delhi (Hauz Khas),South Delhi (Hauz Khas),False,South Delhi (Hauz Khas),28.54469572116288,77.20606477841427
"FIR No. 0050/2024, P.S. Connaught Place",2024-03-25 16:03:00,THEFT,THEFT incident reported in Central Delhi (Connaught Place),Central Delhi (Connaught Place),False,Central Delhi (Connaught Place),28.60619296646386,77.22202746002314
"FIR No. 0551/2024, P.S. Hauz Khas",2024-11-08 14:57:00,THEFT,THEFT incident reported in South Delhi (Hauz Khas),South Delhi (Hauz Khas),True,South Delhi (Hauz Khas),28.54810389479153,77.18603003071776
"FIR No. 0056/2023, P.S. Connaught Place",2023-04-07 10:43:00,KIDNAPPING,KIDNAPPING incident reported in Central Delhi (Connaught Place),Central Delhi (Connaught Place),False,Central Delhi (Connaught Place),28.63660078822853,77.20596099525758
"FIR No. 0621/2024, P.S. Preet Vihar",2024-10-23 22:57:00,ASSAULT,ASSAULT incident reported in East Delhi (Preet Vihar),East Delhi (Preet Vihar),False,East Delhi (Preet Vihar),28.61054529891473,77.3102054280068
"FIR No. 0239/2024, P.S. Connaught Place",2024-03-15 08:18:00,ASSAULT,ASSAULT incident reported in Central Delhi (Connaught Place),Central Delhi (Connaught Place),True,Central Delhi (Connaught Place),28.630746693599725,77.22058975030444
"FIR No. 0103/2023, P.S. Preet Vihar",2023-03-14 22:16:00,THEFT,THEFT incident reported in East Delhi (Preet Vihar),East Delhi (Preet Vihar),False,East Delhi (Preet Vihar),28.609036957797493,77.30202746658145
"FIR No. 0030/2023, P.S. Hauz Khas",2023-08-03 19:35:00,THEFT,THEFT incident reported in South Delhi (Hauz Khas),South Delhi (Hauz Khas),False,South Delhi (Hauz Khas),28.556066300943144,77.20650643891965
87060809/2024,2024-09-24 13:29:00,KIDNAPPING,KIDNAPPING incident reported in North West Delhi (Rohini),North West Delhi (Rohini),False,North West Delhi (Rohini),28.69493161649023,77.09015976557035
81440827/2023,2023-01-30 03:57:00,THEFT,THEFT incident reported in North West Delhi (Rohini),North West Delhi (Rohini),False,North West Delhi (Rohini),28.706433375317992,77.10757349687789
"FIR No. 0139/2024, P.S. Hauz Khas",2024-04-15 02:22:00,ASSAULT,ASSAULT incident reported in South Delhi (Hauz Khas),South Delhi (Hauz Khas),False,South Delhi (Hauz Khas),28.537310099217425,77.20255021605388
88450667/2023,2023-10-30 21:42:00,ROBBERY,ROBBERY incident reported in East Delhi (Preet Vihar),East Delhi (Preet Vihar),True,East Delhi (Preet Vihar),28.632633639030747,77.31580316197102
86874578/2023,2023-12-09 12:59:00,THEFT,THEFT incident reported in North West Delhi (Rohini),North West Delhi (Rohini),False,North West Delhi (Rohini),28.705378812908737,77.11842798530958
"FIR No. 0200/2026, P.S. Connaught Place",2026-03-17 08:15:00,THEFT,THEFT incident reported in Central Delhi (Connaught Place),Central Delhi (Connaught Place),False,Central Delhi (Connaught Place),28.62814951927418,77.24626295227624
"FIR No. 0092/2024, P.S. Parliament Street",2024-04-26 04:49:00,ROBBERY,ROBBERY incident reported in New Delhi (Parliament Street),New Delhi (Parliament Street),False,New Delhi (Parliament Street),28.61078843437208,77.2057427693582
"FIR No. 0065/2025, P.S. Connaught Place",2025-01-21 11:08:00,ASSAULT,ASSAULT incident reported in Central Delhi (Connaught Place),Central Delhi (Connaught Place),False,Central Delhi (Connaught Place),28.643851094950595,77.22621220633366
"FIR No. 0006/2025, P.S. Connaught Place",2025-01-18 11:44:00,THEFT,THEFT incident reported in Central Delhi (Connaught Place),Central Delhi (Connaught Place),False,Central Delhi (Connaught Place),28.63510734690838,77.21832048494997
"FIR No. 0060/2025, P.S. Rohini",2025-04-28 20:30:00,KIDNAPPING,KIDNAPPING incident reported in North West Delhi (Rohini),North West Delhi (Rohini),False,North West Delhi (Rohini),28.69566738703848,77.11353556238976
"FIR No. 0169/2024, P.S. Preet Vihar",2024-04-16 09:00:00,ROBBERY,ROBBERY incident reported in East Delhi (Preet Vihar),East Delhi (Preet Vihar),True,East Delhi (Preet Vihar),28.63038869369488,77.31013963369146
"FIR No. 0041/2025, P.S. Hauz Khas",2025-01-14 14:55:00,BURGLARY,BURGLARY incident reported in South Delhi (Hauz Khas),South Delhi (Hauz Khas),True,South Delhi (Hauz Khas),28.52778927562957,77.20282300362041
85484853/2024,2024-07-04 11:41:00,ROBBERY,ROBBERY incident reported in East Delhi (Preet Vihar),East Delhi (Preet Vihar),False,East Delhi (Preet Vihar),28.63956765357152,77.28730176769655
"FIR No. 1066/2025, P.S. Hauz Khas",2025-11-20 22:18:00,THEFT,THEFT incident reported in South Delhi (Hauz Khas),South Delhi (Hauz Khas),False,South Delhi (Hauz Khas),28.526267100845857,77.1993031850521
"FIR No. 0223/2024, P.S. Preet Vihar",2024-04-21 21:50:00,THEFT,THEFT incident reported in East Delhi (Preet Vihar),East Delhi (Preet Vihar),True,East Delhi (Preet Vihar),28.621648146473945,77.30528289519124
81389616/2024,2024-11-05 21:07:00,THEFT,THEFT incident reported in South Delhi (Hauz Khas),South Delhi (Hauz Khas),False,South Delhi (Hauz Khas),28.54442911335881,77.20277228655023
"FIR No. 0040/2025, P.S. Preet Vihar",2025-08-26 22:36:00,THEFT,THEFT incident reported in East Delhi (Preet Vihar),East Delhi (Preet Vihar),True,East Delhi (Preet Vihar),28.63230277810462,77.28913878412199
"FIR No. 0680/2024, P.S. Parliament Street",2024-10-19 10:50:00,ASSAULT,ASSAULT incident reported in New Delhi (Parliament Street),New Delhi (Parliament Street),False,New Delhi (Parliament Street),28.64922394145995,77.2127832984579
"FIR No. 0261/2023, P.S. Preet Vihar",2023-08-29 19:18:00,OTHER,OTHER incident reported in East Delhi (Preet Vihar),East Delhi (Preet Vihar),False,East Delhi (Preet Vihar),28.62910337992377,77.30143719142488
88766381/2023,2023-03-19 05:20:00,ROBBERY,ROBBERY incident reported in East Delhi (Preet Vihar),East Delhi (Preet Vihar),False,East Delhi (Preet Vihar),28.65107674344179,77.31018002278077
"FIR No. 0439/2023, P.S. Parliament Street",2023-10-20 07:38:00,THEFT,THEFT incident reported in New Delhi (Parliament Street),New Delhi (Parliament Street),False,New Delhi (Parliament Street),28.63937111688406,77.23519356463332
82244475/2025,2025-01-21 20:41:00,THEFT,THEFT incident reported in Central Delhi (Connaught Place),Central Delhi (Connaught Place),False,Central Delhi (Connaught Place),28.620500510396425,77.21591091455707
"FIR No. 0388/2023, P.S. Connaught Place",2023-10-07 19:17:00,ASSAULT,ASSAULT incident reported in Central Delhi (Connaught Place),Central Delhi (Connaught Place),False,Central Delhi (Connaught Place),28.616664395317304,77.21890256945892
"FIR No. 0256/2023, P.S. Connaught Place",2023-03-19 18:50:00,THEFT,THEFT incident reported in Central Delhi (Connaught Place),Central Delhi (Connaught Place),False,Central Delhi (Connaught Place),28.631353665052824,77.22360065429122
"FIR No. 0209/2023, P.S. Dwarka",2023-07-18 20:18:00,ASSAULT,ASSAULT incident reported in South West Delhi (Dwarka),South West Delhi (Dwarka),False,South West Delhi (Dwarka),28.5950316461994,77.00364293084256
"FIR No. 0340/2025, P.S. Hauz Khas",2025-09-22 02:52:00,THEFT,THEFT incident reported in South Delhi (Hauz Khas),South Delhi (Hauz Khas),False,South Delhi (Hauz Khas),28.567256289324845,77.19709118762133
"FIR No. 0069/2025, P.S. Dwarka",2025-02-15 02:46:00,THEFT,THEFT incident reported in South West Delhi (Dwarka),South West Delhi (Dwarka),False,South West Delhi (Dwarka),28.58077304662164,77.03688849683938
"FIR No. 0114/2024, P.S. Rohini",2024-03-15 13:49:00,ASSAULT,ASSAULT incident reported in North West Delhi (Rohini),North West Delhi (Rohini),False,North West Delhi (Rohini),28.68317108660326,77.0998829750753
"FIR No. 0110/2024, P.S. Rohini",2024-06-30 15:29:00,THEFT,THEFT incident reported in North West Delhi (Rohini),North West Delhi (Rohini),False,North West Delhi (Rohini),28.677969505138467,77.10608190101489
"FIR No. 0135/2023, P.S. Dwarka",2023-02-23 11:53:00,THEFT,THEFT incident reported in South West Delhi (Dwarka),South West Delhi (Dwarka),True,South West Delhi (Dwarka),28.600536057354457,77.0156054082263
"FIR No. 0037/2023, P.S. Hauz Khas",2023-04-25 01:23:00,ASSAULT,ASSAULT incident reported in South Delhi (Hauz Khas),South Delhi (Hauz Khas),False,South Delhi (Hauz Khas),28.561556674397654,77.20578117743804
"FIR No. 0340/2025, P.S. Preet Vihar",2025-04-23 14:29:00,THEFT,THEFT incident reported in East Delhi (Preet Vihar),East Delhi (Preet Vihar),False,East Delhi (Preet Vihar),28.64220319531424,77.28236584862663
"FIR No. 0059/2025, P.S. Connaught Place",2025-06-24 09:53:00,ASSAULT,ASSAULT incident reported in Central Delhi (Connaught Place),Central Delhi (Connaught Place),True,Central Delhi (Connaught Place),28.60989789688495,77.21565925351712
86173061/2026,2026-05-01 06:26:00,THEFT,THEFT incident reported in Central Delhi (Connaught Place),Central Delhi (Connaught Place),False,Central Delhi (Connaught Place),28.63208359162789,77.23687294440788
"FIR No. 0279/2024, P.S. Dwarka",2024-12-04 05:47:00,ASSAULT,ASSAULT incident reported in South West Delhi (Dwarka),South West Delhi (Dwarka),False,South West Delhi (Dwarka),28.61725566871811,77.04170170058767
82282238/2023,2023-10-01 17:00:00,ASSAULT,ASSAULT incident reported in East Delhi (Preet Vihar),East Delhi (Preet Vihar),False,East Delhi (Preet Vihar),28.62807126322499,77.29527143469676
"FIR No. 0102/2026, P.S. Rohini",2026-01-17 06:50:00,BURGLARY,BURGLARY incident reported in North West Delhi (Rohini),North West Delhi (Rohini),False,North West Delhi (Rohini),28.68608879203009,77.10877466935969
"FIR No. 0125/2026, P.S. Dwarka",2026-05-04 00:56:00,ROBBERY,ROBBERY incident reported in South West Delhi (Dwarka),South West Delhi (Dwarka),False,South West Delhi (Dwarka),28.5976135977395,77.09030826119421
"FIR No. 0105/2024, P.S. Preet Vihar",2024-04-25 03:54:00,THEFT,THEFT incident reported in East Delhi (Preet Vihar),East Delhi (Preet Vihar),True,East Delhi (Preet Vihar),28.637469273594537,77.32186430569007
80355885/2024,2024-01-05 13:39:00,THEFT,THEFT incident reported in North West Delhi (Rohini),North West Delhi (Rohini),True,North West Delhi (Rohini),28.70378257911169,77.12605917307269
"FIR No. 0186/2026, P.S. Connaught Place",2026-04-16 22:37:00,THEFT,THEFT incident reported in Central Delhi (Connaught Place),Central Delhi (Connaught Place),False,Central Delhi (Connaught Place),28.633026271332536,77.22588833896378
89680221/2024,2024-08-11 23:11:00,THEFT,THEFT incident reported in South Delhi (Hauz Khas),South Delhi (Hauz Khas),False,South Delhi (Hauz Khas),28.559796556444656,77.20834365895635
"FIR No. 0317/2023, P.S. Rohini",2023-10-01 11:43:00,ROBBERY,ROBBERY incident reported in North West Delhi (Rohini),North West Delhi (Rohini),False,North West Delhi (Rohini),28.703841523147087,77.10846710714696
"FIR No. 0267/2023, P.S. Parliament Street",2023-04-29 20:17:00,KIDNAPPING,KIDNAPPING incident reported in New Delhi (Parliament Street),New Delhi (Parliament Street),False,New Delhi (Parliament Street),28.64314548674087,77.20900255436095
83731307/2026,2026-06-15 05:16:00,OTHER,OTHER incident reported in South Delhi (Hauz Khas),South Delhi (Hauz Khas),True,South Delhi (Hauz Khas),28.540226743413577,77.19056906103495
"FIR No. 0285/2023, P.S. Hauz Khas",2023-08-24 13:20:00,ROBBERY,ROBBERY incident reported in South Delhi (Hauz Khas),South Delhi (Hauz Khas),True,South Delhi (Hauz Khas),28.54431475924444,77.18060265428338
"FIR No. 0567/2024, P.S. Connaught Place",2024-09-19 13:09:00,ROBBERY,ROBBERY incident reported in Central Delhi (Connaught Place),Central Delhi (Connaught Place),False,Central Delhi (Connaught Place),28.637445459074,77.21472038007123
84346549/2023,2023-03-12 18:33:00,ASSAULT,ASSAULT incident reported in North West Delhi (Rohini),North West Delhi (Rohini),True,North West Delhi (Rohini),28.71889852930784,77.07405176366358
"FIR No. 0250/2026, P.S. Dwarka",2026-06-01 02:32:00,THEFT,THEFT incident reported in South West Delhi (Dwarka),South West Delhi (Dwarka),True,South West Delhi (Dwarka),28.611883852164773,77.02423994215002
"FIR No. 0302/2024, P.S. Hauz Khas",2024-08-02 00:30:00,THEFT,THEFT incident reported in South Delhi (Hauz Khas),South Delhi (Hauz Khas),False,South Delhi (Hauz Khas),28.51992391331014,77.20536737340063
"FIR No. 0249/2026, P.S. Connaught Place",2026-05-01 16:08:00,THEFT,THEFT incident reported in Central Delhi (Connaught Place),Central Delhi (Connaught Place),False,Central Delhi (Connaught Place),28.63355667995245,77.24410575977524
"FIR No. 0022/2023, P.S. Hauz Khas",2023-10-02 23:21:00,THEFT,THEFT incident reported in South Delhi (Hauz Khas),South Delhi (Hauz Khas),False,South Delhi (Hauz Khas),28.55364354229566,77.2029768448838
"FIR No. 0384/2024, P.S. Hauz Khas",2024-06-05 10:31:00,BURGLARY,BURGLARY incident reported in South Delhi (Hauz Khas),South Delhi (Hauz Khas),False,South Delhi (Hauz Khas),28.529250061856903,77.17882686261544
"FIR No. 0175/2023, P.S. Rohini",2023-03-26 15:34:00,ROBBERY,ROBBERY incident reported in North West Delhi (Rohini),North West Delhi (Rohini),False,North West Delhi (Rohini),28.71411817585797,77.1177986322439
"FIR No. 0098/2024, P.S. Connaught Place",2024-08-20 09:31:00,OTHER,OTHER incident reported in Central Delhi (Connaught Place),Central Delhi (Connaught Place),False,Central Delhi (Connaught Place),28.603492473537827,77.2123690190515
"FIR No. 0441/2023, P.S. Connaught Place",2023-06-22 06:31:00,THEFT,THEFT incident reported in Central Delhi (Connaught Place),Central Delhi (Connaught Place),False,Central Delhi (Connaught Place),28.62505685316541,77.206986581368
"FIR No. 0373/2025, P.S. Dwarka",2025-07-27 11:26:00,ASSAULT,ASSAULT incident reported in South West Delhi (Dwarka),South West Delhi (Dwarka),False,South West Delhi (Dwarka),28.59160078703516,77.03637546029032
"FIR No. 0453/2024, P.S. Hauz Khas",2024-06-21 01:29:00,ROBBERY,ROBBERY incident reported in South Delhi (Hauz Khas),South Delhi (Hauz Khas),False,South Delhi (Hauz Khas),28.54501609968136,77.17605946716661
83013835/2024,2024-06-19 05:31:00,ASSAULT,ASSAULT incident reported in Central Delhi (Connaught Place),Central Delhi (Connaught Place),False,Central Delhi (Connaught Place),28.597923162437137,77.22447227935223
82167621/2026,2026-05-24 09:35:00,BURGLARY,BURGLARY incident reported in North West Delhi (Rohini),North West Delhi (Rohini),False,North West Delhi (Rohini),28.682969246390577,77.10887691490137
"FIR No. 0180/2025, P.S. Hauz Khas",2025-08-26 05:22:00,ASSAULT,ASSAULT incident reported in South Delhi (Hauz Khas),South Delhi (Hauz Khas),False,South Delhi (Hauz Khas),28.54732298227784,77.20753662292215
"FIR No. 0507/2026, P.S. Rohini",2026-06-04 01:50:00,THEFT,THEFT incident reported in North West Delhi (Rohini),North West Delhi (Rohini),False,North West Delhi (Rohini),28.7036816936424,77.10138540118425
"FIR No. 0743/2023, P.S. Hauz Khas",2023-09-04 13:01:00,OTHER,OTHER incident reported in South Delhi (Hauz Khas),South Delhi (Hauz Khas),False,South Delhi (Hauz Khas),28.559496369161625,77.20664717052568
88558418/2026,2026-06-05 16:12:00,THEFT,THEFT incident reported in South West Delhi (Dwarka),South West Delhi (Dwarka),False,South West Delhi (Dwarka),28.55744041003492,77.05091773020074
"FIR No. 0098/2025, P.S. Parliament Street",2025-03-10 14:53:00,ASSAULT,ASSAULT incident reported in New Delhi (Parliament Street),New Delhi (Parliament Street),False,New Delhi (Parliament Street),28.63872166865709,77.22805824595729
"FIR No. 0266/2025, P.S. Rohini",2025-11-02 21:28:00,ROBBERY,ROBBERY incident reported in North West Delhi (Rohini),North West Delhi (Rohini),False,North West Delhi (Rohini),28.71476455863786,77.12361808175842
87895053/2025,2025-10-08 05:55:00,THEFT,THEFT incident reported in South West Delhi (Dwarka),South West Delhi (Dwarka),False,South West Delhi (Dwarka),28.61302481022575,77.0436885264874
"FIR No. 0317/2023, P.S. Dwarka",2023-12-26 22:13:00,THEFT,THEFT incident reported in South West Delhi (Dwarka),South West Delhi (Dwarka),False,South West Delhi (Dwarka),28.5827764505888,77.04430875277052
"FIR No. 0714/2025, P.S. Preet Vihar",2025-11-28 11:48:00,ROBBERY,ROBBERY incident reported in East Delhi (Preet Vihar),East Delhi (Preet Vihar),False,East Delhi (Preet Vihar),28.63789768377248,77.31154787771533
"FIR No. 0796/2023, P.S. Rohini",2023-12-17 06:05:00,ASSAULT,ASSAULT incident reported in North West Delhi (Rohini),North West Delhi (Rohini),False,North West Delhi (Rohini),28.701798013867577,77.12202910286823
"FIR No. 0098/2026, P.S. Parliament Street",2026-05-15 14:21:00,ROBBERY,ROBBERY incident reported in New Delhi (Parliament Street),New Delhi (Parliament Street),False,New Delhi (Parliament Street),28.627459838139195,77.21173298439561
86798246/2023,2023-09-21 02:18:00,ASSAULT,ASSAULT incident reported in North West Delhi (Rohini),North West Delhi (Rohini),False,North West Delhi (Rohini),28.67803974846305,77.09374670581875
"FIR No. 0241/2026, P.S. Dwarka",2026-06-13 15:16:00,ASSAULT,ASSAULT incident reported in South West Delhi (Dwarka),South West Delhi (Dwarka),False,South West Delhi (Dwarka),28.58530877569367,77.06509110976222
"FIR No. 0258/2024, P.S. Hauz Khas",2024-06-15 11:28:00,OTHER,OTHER incident reported in South Delhi (Hauz Khas),South Delhi (Hauz Khas),False,South Delhi (Hauz Khas),28.555210501751173,77.21391192331093
"FIR No. 0117/2023, P.S. Dwarka",2023-05-25 05:36:00,ASSAULT,ASSAULT incident reported in South West Delhi (Dwarka),South West Delhi (Dwarka),True,South West Delhi (Dwarka),28.574957518873973,77.04375485093229
"FIR No. 0039/2024, P.S. Parliament Street",2024-03-12 18:26:00,ROBBERY,ROBBERY incident reported in New Delhi (Parliament Street),New Delhi (Parliament Street),False,New Delhi (Parliament Street),28.64076934209989,77.19820722206629
"FIR No. 0473/2023, P.S. Preet Vihar",2023-10-31 06:47:00,ASSAULT,ASSAULT incident reported in East Delhi (Preet Vihar),East Delhi (Preet Vihar),False,East Delhi (Preet Vihar),28.635273669088825,77.29446903915732
"FIR No. 0739/2024, P.S. Dwarka",2024-11-12 16:51:00,THEFT,THEFT incident reported in South West Delhi (Dwarka),South West Delhi (Dwarka),True,South West Delhi (Dwarka),28.591614804812043,77.05940744588281
"FIR No. 0028/2023, P.S. Rohini",2023-02-13 13:04:00,THEFT,THEFT incident reported in North West Delhi (Rohini),North West Delhi (Rohini),False,North West Delhi (Rohini),28.693425097000127,77.09878704637491
81528186/2026,2026-01-05 01:10:00,ASSAULT,ASSAULT incident reported in South West Delhi (Dwarka),South West Delhi (Dwarka),False,South West Delhi (Dwarka),28.588325621043417,77.06599648585102
"FIR No. 0844/2023, P.S. Rohini",2023-09-05 03:26:00,ROBBERY,ROBBERY incident reported in North West Delhi (Rohini),North West Delhi (Rohini),True,North West Delhi (Rohini),28.693693365648866,77.10390026348375
"FIR No. 0623/2024, P.S. Hauz Khas",2024-11-05 23:24:00,THEFT,THEFT incident reported in South Delhi (Hauz Khas),South Delhi (Hauz Khas),True,South Delhi (Hauz Khas),28.547678591928783,77.18610930271176
"FIR No. 0028/2023, P.S. Rohini",2023-04-10 01:09:00,ASSAULT,ASSAULT incident reported in North West Delhi (Rohini),North West Delhi (Rohini),True,North West Delhi (Rohini),28.69279419182924,77.12470184329025
85049880/2026,2026-06-22 10:12:00,BURGLARY,BURGLARY incident reported in South Delhi (Hauz Khas),South Delhi (Hauz Khas),False,South Delhi (Hauz Khas),28.54154177127093,77.20420409624501
86023650/2026,2026-01-02 22:10:00,THEFT,THEFT incident reported in Central Delhi (Connaught Place),Central Delhi (Connaught Place),False,Central Delhi (Connaught Place),28.62186066056052,77.18000782852732
"FIR No. 0555/2024, P.S. Connaught Place",2024-12-18 23:46:00,BURGLARY,BURGLARY incident reported in Central Delhi (Connaught Place),Central Delhi (Connaught Place),True,Central Delhi (Connaught Place),28.642126503807216,77.24901991905315
"FIR No. 0057/2024, P.S. Parliament Street",2024-02-06 09:46:00,ASSAULT,ASSAULT incident reported in New Delhi (Parliament Street),New Delhi (Parliament Street),False,New Delhi (Parliament Street),28.64160805681692,77.20265922329745
"FIR No. 0959/2023, P.S. Dwarka",2023-11-01 19:10:00,THEFT,THEFT incident reported in South West Delhi (Dwarka),South West Delhi (Dwarka),False,South West Delhi (Dwarka),28.578692289667163,77.04152395247407
"FIR No. 0505/2024, P.S. Rohini",2024-09-17 15:47:00,THEFT,THEFT incident reported in North West Delhi (Rohini),North West Delhi (Rohini),False,North West Delhi (Rohini),28.698684449242982,77.08973454667138
"FIR No. 0647/2024, P.S. Dwarka",2024-11-15 10:46:00,ASSAULT,ASSAULT incident reported in South West Delhi (Dwarka),South West Delhi (Dwarka),True,South West Delhi (Dwarka),28.58923517703479,77.04287738184378
"FIR No. 0256/2025, P.S. Rohini",2025-03-03 23:03:00,THEFT,THEFT incident reported in North West Delhi (Rohini),North West Delhi (Rohini),False,North West Delhi (Rohini),28.705615288083592,77.09375176478709
"FIR No. 0793/2024, P.S. Connaught Place",2024-12-04 03:22:00,THEFT,THEFT incident reported in Central Delhi (Connaught Place),Central Delhi (Connaught Place),True,Central Delhi (Connaught Place),28.624935554328843,77.2049419705458
"FIR No. 0472/2023, P.S. Hauz Khas",2023-06-15 16:30:00,ROBBERY,ROBBERY incident reported in South Delhi (Hauz Khas),South Delhi (Hauz Khas),False,South Delhi (Hauz Khas),28.565958089276787,77.19739771302885
84480916/2024,2024-01-21 13:22:00,BURGLARY,BURGLARY incident reported in North West Delhi (Rohini),North West Delhi (Rohini),True,North West Delhi (Rohini),28.72537864592908,77.11050082314928
86713656/2026,2026-05-31 00:40:00,ROBBERY,ROBBERY incident reported in North West Delhi (Rohini),North West Delhi (Rohini),True,North West Delhi (Rohini),28.72794128267431,77.09482361758675
"FIR No. 0497/2023, P.S. Parliament Street",2023-07-24 12:14:00,THEFT,THEFT incident reported in New Delhi (Parliament Street),New Delhi (Parliament Street),True,New Delhi (Parliament Street),28.618726992753984,77.19918437792464
86752899/2023,2023-07-09 20:49:00,THEFT,THEFT incident reported in South Delhi (Hauz Khas),South Delhi (Hauz Khas),False,South Delhi (Hauz Khas),28.57358459451673,77.21885788992597
89818070/2023,2023-02-25 12:04:00,THEFT,THEFT incident reported in South Delhi (Hauz Khas),South Delhi (Hauz Khas),False,South Delhi (Hauz Khas),28.566624654641515,77.20519244096398
"FIR No. 0048/2024, P.S. Preet Vihar",2024-10-06 07:34:00,ROBBERY,ROBBERY incident reported in East Delhi (Preet Vihar),East Delhi (Preet Vihar),False,East Delhi (Preet Vihar),28.65606238831404,77.30317291503358
"FIR No. 0305/2026, P.S. Parliament Street",2026-04-09 15:18:00,ASSAULT,ASSAULT incident reported in New Delhi (Parliament Street),New Delhi (Parliament Street),False,New Delhi (Parliament Street),28.62721511576555,77.19315481403537
"FIR No. 0524/2023, P.S. Dwarka",2023-08-16 16:04:00,ASSAULT,ASSAULT incident reported in South West Delhi (Dwarka),South West Delhi (Dwarka),True,South West Delhi (Dwarka),28.59101859897328,77.06177359677713
"FIR No. 0099/2025, P.S. Parliament Street",2025-06-11 23:46:00,ROBBERY,ROBBERY incident reported in New Delhi (Parliament Street),New Delhi (Parliament Street),False,New Delhi (Parliament Street),28.629621431954988,77.2126315684727
"FIR No. 0900/2026, P.S. Rohini",2026-08-01 13:45:00,THEFT,THEFT incident reported in North West Delhi (Rohini),North West Delhi (Rohini),False,North West Delhi (Rohini),28.7188414472355,77.09791389233877
"FIR No. 0096/2023, P.S. Preet Vihar",2023-07-28 11:59:00,ASSAULT,ASSAULT incident reported in East Delhi (Preet Vihar),East Delhi (Preet Vihar),False,East Delhi (Preet Vihar),28.63514038667254,77.30316139902025
84510679/2025,2025-03-19 09:03:00,ASSAULT,ASSAULT incident reported in Central Delhi (Connaught Place),Central Delhi (Connaught Place),False,Central Delhi (Connaught Place),28.610019996523057,77.22123589619336
"FIR No. 0400/2024, P.S. Hauz Khas",2024-10-07 11:31:00,ROBBERY,ROBBERY incident reported in South Delhi (Hauz Khas),South Delhi (Hauz Khas),False,South Delhi (Hauz Khas),28.53644664682809,77.21512366141894
"FIR No. 0053/2026, P.S. Hauz Khas",2026-07-06 17:58:00,ROBBERY,ROBBERY incident reported in South Delhi (Hauz Khas),South Delhi (Hauz Khas),False,South Delhi (Hauz Khas),28.54802708821472,77.19999303363285
"FIR No. 0178/2023, P.S. Parliament Street",2023-05-11 11:49:00,ASSAULT,ASSAULT incident reported in New Delhi (Parliament Street),New Delhi (Parliament Street),True,New Delhi (Parliament Street),28.601973036296226,77.21393465438169
"FIR No. 0223/2026, P.S. Hauz Khas",2026-05-03 13:13:00,THEFT,THEFT incident reported in South Delhi (Hauz Khas),South Delhi (Hauz Khas),False,South Delhi (Hauz Khas),28.55983833568813,77.16313282939619
"FIR No. 0115/2023, P.S. Rohini",2023-03-31 03:25:00,THEFT,THEFT incident reported in North West Delhi (Rohini),North West Delhi (Rohini),False,North West Delhi (Rohini),28.699112575962445,77.10355741552972
88408239/2024,2024-01-30 15:23:00,BURGLARY,BURGLARY incident reported in South Delhi (Hauz Khas),South Delhi (Hauz Khas),False,South Delhi (Hauz Khas),28.56535451315069,77.20757889297867
85961366/2023,2023-12-21 13:27:00,KIDNAPPING,KIDNAPPING incident reported in East Delhi (Preet Vihar),East Delhi (Preet Vihar),False,East Delhi (Preet Vihar),28.63666696851229,77.28762418058686
"FIR No. 0203/2026, P.S. Dwarka",2026-05-04 08:32:00,THEFT,THEFT incident reported in South West Delhi (Dwarka),South West Delhi (Dwarka),False,South West Delhi (Dwarka),28.59736421735376,77.07856476594527
"FIR No. 0361/2025, P.S. Parliament Street",2025-06-10 13:39:00,ROBBERY,ROBBERY incident reported in New Delhi (Parliament Street),New Delhi (Parliament Street),True,New Delhi (Parliament Street),28.640364886603543,77.22693170632495
"FIR No. 0393/2025, P.S. Hauz Khas",2025-05-06 11:43:00,THEFT,THEFT incident reported in South Delhi (Hauz Khas),South Delhi (Hauz Khas),False,South Delhi (Hauz Khas),28.56581343309637,77.20522484102885
"FIR No. 0190/2026, P.S. Dwarka",2026-04-04 13:05:00,THEFT,THEFT incident reported in South West Delhi (Dwarka),South West Delhi (Dwarka),False,South West Delhi (Dwarka),28.61649434497498,77.03452075643276
"FIR No. 0852/2025, P.S. Dwarka",2025-11-01 17:01:00,ROBBERY,ROBBERY incident reported in South West Delhi (Dwarka),South West Delhi (Dwarka),False,South West Delhi (Dwarka),28.58485988129564,77.04603118736557
"FIR No. 0150/2025, P.S. Hauz Khas",2025-10-16 02:02:00,THEFT,THEFT incident reported in South Delhi (Hauz Khas),South Delhi (Hauz Khas),False,South Delhi (Hauz Khas),28.557487206339506,77.19994004636683
"FIR No. 0420/2025, P.S. Connaught Place",2025-10-14 19:38:00,THEFT,THEFT incident reported in Central Delhi (Connaught Place),Central Delhi (Connaught Place),False,Central Delhi (Connaught Place),28.62646548079137,77.23298356286209
"FIR No. 0350/2024, P.S. Connaught Place",2024-06-28 22:55:00,ASSAULT,ASSAULT incident reported in Central Delhi (Connaught Place),Central Delhi (Connaught Place),False,Central Delhi (Connaught Place),28.639502662021705,77.22616067734855
"FIR No. 0125/2025, P.S. Parliament Street",2025-08-02 10:43:00,OTHER,OTHER incident reported in New Delhi (Parliament Street),New Delhi (Parliament Street),False,New Delhi (Parliament Street),28.63109404889615,77.20818274548213
"FIR No. 0240/2024, P.S. Hauz Khas",2024-07-02 20:16:00,OTHER,OTHER incident reported in South Delhi (Hauz Khas),South Delhi (Hauz Khas),False,South Delhi (Hauz Khas),28.5453618256644,77.17539647297404
"FIR No. 0846/2023, P.S. Hauz Khas",2023-09-28 03:58:00,ASSAULT,ASSAULT incident reported in South Delhi (Hauz Khas),South Delhi (Hauz Khas),True,South Delhi (Hauz Khas),28.564869220408102,77.20743543456821
"FIR No. 0027/2023, P.S. Connaught Place",2023-08-02 10:14:00,ASSAULT,ASSAULT incident reported in Central Delhi (Connaught Place),Central Delhi (Connaught Place),False,Central Delhi (Connaught Place),28.66073447519424,77.20715977980616
"FIR No. 0296/2024, P.S. Connaught Place",2024-11-21 17:03:00,THEFT,THEFT incident reported in Central Delhi (Connaught Place),Central Delhi (Connaught Place),False,Central Delhi (Connaught Place),28.64443042921938,77.23808863015225
80424660/2025,2025-08-16 05:20:00,THEFT,THEFT incident reported in Central Delhi (Connaught Place),Central Delhi (Connaught Place),False,Central Delhi (Connaught Place),28.63620981659178,77.22630913971797
"FIR No. 0324/2023, P.S. Preet Vihar",2023-05-06 10:12:00,BURGLARY,BURGLARY incident reported in East Delhi (Preet Vihar),East Delhi (Preet Vihar),False,East Delhi (Preet Vihar),28.65200885932645,77.27686118190138
"FIR No. 0553/2026, P.S. Parliament Street",2026-08-02 10:37:00,ASSAULT,ASSAULT incident reported in New Delhi (Parliament Street),New Delhi (Parliament Street),False,New Delhi (Parliament Street),28.64018839606285,77.2130963230896
80247445/2025,2025-07-03 16:14:00,THEFT,THEFT incident reported in Central Delhi (Connaught Place),Central Delhi (Connaught Place),True,Central Delhi (Connaught Place),28.60530602338758,77.21963639252904
"FIR No. 0605/2025, P.S. Dwarka",2025-06-20 20:21:00,THEFT,THEFT incident reported in South West Delhi (Dwarka),South West Delhi (Dwarka),True,South West Delhi (Dwarka),28.58689181344064,77.06190169322535
"FIR No. 0023/2024, P.S. Hauz Khas",2024-01-29 15:49:00,ASSAULT,ASSAULT incident reported in South Delhi (Hauz Khas),South Delhi (Hauz Khas),False,South Delhi (Hauz Khas),28.55300730099068,77.20032248309546
84364048/2025,2025-03-01 23:06:00,THEFT,THEFT incident reported in East Delhi (Preet Vihar),East Delhi (Preet Vihar),True,East Delhi (Preet Vihar),28.63037484447622,77.2906996948859
"FIR No. 0166/2026, P.S. Parliament Street",2026-08-02 16:14:00,THEFT,THEFT incident reported in New Delhi (Parliament Street),New Delhi (Parliament Street),False,New Delhi (Parliament Street),28.644880191731108,77.18584143939717
"FIR No. 0066/2026, P.S. Connaught Place",2026-05-10 13:28:00,THEFT,THEFT incident reported in Central Delhi (Connaught Place),Central Delhi (Connaught Place),False,Central Delhi (Connaught Place),28.606889856665607,77.2459785184886
84197935/2023,2023-11-24 00:15:00,ROBBERY,ROBBERY incident reported in East Delhi (Preet Vihar),East Delhi (Preet Vihar),False,East Delhi (Preet Vihar),28.5948525565684,77.31076663623358
85050051/2023,2023-09-18 01:33:00,ASSAULT,ASSAULT incident reported in South Delhi (Hauz Khas),South Delhi (Hauz Khas),False,South Delhi (Hauz Khas),28.54872366312649,77.21083055896366
"FIR No. 0113/2026, P.S. Connaught Place",2026-05-16 10:58:00,THEFT,THEFT incident reported in Central Delhi (Connaught Place),Central Delhi (Connaught Place),False,Central Delhi (Connaught Place),28.625669815321366,77.2025396658768
88092042/2025,2025-09-08 09:23:00,ASSAULT,ASSAULT incident reported in North West Delhi (Rohini),North West Delhi (Rohini),False,North West Delhi (Rohini),28.70867023612222,77.08508788979314
"FIR No. 0079/2024, P.S. Dwarka",2024-07-15 15:02:00,THEFT,THEFT incident reported in South West Delhi (Dwarka),South West Delhi (Dwarka),False,South West Delhi (Dwarka),28.56006793225932,77.06095693903265
"FIR No. 0735/2024, P.S. Connaught Place",2024-07-19 03:28:00,ROBBERY,ROBBERY incident reported in Central Delhi (Connaught Place),Central Delhi (Connaught Place),True,Central Delhi (Connaught Place),28.63751971968013,77.21077208346205
87038271/2026,2026-07-02 15:23:00,ROBBERY,ROBBERY incident reported in Central Delhi (Connaught Place),Central Delhi (Connaught Place),True,Central Delhi (Connaught Place),28.614793392247755,77.24126717711643
"FIR No. 0005/2024, P.S. Dwarka",2024-02-07 05:47:00,OTHER,OTHER incident reported in South West Delhi (Dwarka),South West Delhi (Dwarka),False,South West Delhi (Dwarka),28.58845435619224,77.02829819599893
"FIR No. 0214/2023, P.S. Hauz Khas",2023-07-07 06:53:00,ASSAULT,ASSAULT incident reported in South Delhi (Hauz Khas),South Delhi (Hauz Khas),False,South Delhi (Hauz Khas),28.537575946404537,77.18563223691298
80455885/2025,2025-07-31 23:59:00,THEFT,THEFT incident reported in South Delhi (Hauz Khas),South Delhi (Hauz Khas),False,South Delhi (Hauz Khas),28.554228052207915,77.19229149996222
"FIR No. 0303/2024, P.S. Connaught Place",2024-07-27 17:05:00,ROBBERY,ROBBERY incident reported in Central Delhi (Connaught Place),Central Delhi (Connaught Place),False,Central Delhi (Connaught Place),28.63758155791834,77.21719719324567
"FIR No. 0083/2024, P.S. Dwarka",2024-07-25 22:15:00,THEFT,THEFT incident reported in South West Delhi (Dwarka),South West Delhi (Dwarka),False,South West Delhi (Dwarka),28.578659100210167,77.06107233787917
"FIR No. 0666/2024, P.S. Rohini",2024-06-13 16:45:00,THEFT,THEFT incident reported in North West Delhi (Rohini),North West Delhi (Rohini),False,North West Delhi (Rohini),28.69761815582716,77.12659390562322
"FIR No. 0269/2024, P.S. Dwarka",2024-03-10 14:57:00,THEFT,THEFT incident reported in South West Delhi (Dwarka),South West Delhi (Dwarka),True,South West Delhi (Dwarka),28.589654335858743,77.06785819361197
81899087/2024,2024-02-22 05:48:00,ROBBERY,ROBBERY incident reported in Central Delhi (Connaught Place),Central Delhi (Connaught Place),False,Central Delhi (Connaught Place),28.67097589145293,77.23126537772305
"FIR No. 0378/2025, P.S. Hauz Khas",2025-06-03 07:36:00,BURGLARY,BURGLARY incident reported in South Delhi (Hauz Khas),South Delhi (Hauz Khas),True,South Delhi (Hauz Khas),28.550670397546288,77.19034331561059
88332434/2023,2023-03-12 16:31:00,THEFT,THEFT incident reported in South Delhi (Hauz Khas),South Delhi (Hauz Khas),False,South Delhi (Hauz Khas),28.551539550045767,77.18671817382082
83641187/2023,2023-10-21 00:43:00,THEFT,THEFT incident reported in South West Delhi (Dwarka),South West Delhi (Dwarka),False,South West Delhi (Dwarka),28.58343623790976,77.04816913001875
"FIR No. 0411/2026, P.S. Preet Vihar",2026-08-23 07:53:00,ASSAULT,ASSAULT incident reported in East Delhi (Preet Vihar),East Delhi (Preet Vihar),False,East Delhi (Preet Vihar),28.62827896021963,77.31797224309497
86116402/2025,2025-12-22 16:38:00,ROBBERY,ROBBERY incident reported in Central Delhi (Connaught Place),Central Delhi (Connaught Place),False,Central Delhi (Connaught Place),28.62196710241876,77.20511586011051
"FIR No. 0586/2025, P.S. Hauz Khas",2025-07-09 03:43:00,THEFT,THEFT incident reported in South Delhi (Hauz Khas),South Delhi (Hauz Khas),False,South Delhi (Hauz Khas),28.54448207759756,77.18876329999856
"FIR No. 0200/2025, P.S. Connaught Place",2025-05-28 22:12:00,THEFT,THEFT incident reported in Central Delhi (Connaught Place),Central Delhi (Connaught Place),False,Central Delhi (Connaught Place),28.666670852468453,77.22240734317327
"FIR No. 0528/2024, P.S. Preet Vihar",2024-10-03 21:32:00,BURGLARY,BURGLARY incident reported in East Delhi (Preet Vihar),East Delhi (Preet Vihar),False,East Delhi (Preet Vihar),28.63097256919622,77.29005335181644
"FIR No. 0914/2023, P.S. Preet Vihar",2023-12-15 12:29:00,THEFT,THEFT incident reported in East Delhi (Preet Vihar),East Delhi (Preet Vihar),False,East Delhi (Preet Vihar),28.62431242420777,77.26633274981396
"FIR No. 0433/2024, P.S. Hauz Khas",2024-05-29 05:00:00,ROBBERY,ROBBERY incident reported in South Delhi (Hauz Khas),South Delhi (Hauz Khas),True,South Delhi (Hauz Khas),28.562256539704578,77.19776285758579
"FIR No. 0472/2024, P.S. Hauz Khas",2024-05-06 06:38:00,THEFT,THEFT incident reported in South Delhi (Hauz Khas),South Delhi (Hauz Khas),False,South Delhi (Hauz Khas),28.55419934294296,77.20624963123984
89322689/2024,2024-03-07 13:57:00,ROBBERY,ROBBERY incident reported in Central Delhi (Connaught Place),Central Delhi (Connaught Place),True,Central Delhi (Connaught Place),28.620905877844223,77.21475148060178
87330368/2025,2025-11-25 15:54:00,ROBBERY,ROBBERY incident reported in North West Delhi (Rohini),North West Delhi (Rohini),False,North West Delhi (Rohini),28.70474008413485,77.09843105600113
"FIR No. 0024/2024, P.S. Connaught Place",2024-01-29 22:18:00,THEFT,THEFT incident reported in Central Delhi (Connaught Place),Central Delhi (Connaught Place),False,Central Delhi (Connaught Place),28.616496086465787,77.21994067834481
"FIR No. 0097/2025, P.S. Hauz Khas",2025-02-15 19:41:00,ASSAULT,ASSAULT incident reported in South Delhi (Hauz Khas),South Delhi (Hauz Khas),False,South Delhi (Hauz Khas),28.547682066647813,77.19907101677421
"FIR No. 0072/2023, P.S. Hauz Khas",2023-05-23 09:14:00,BURGLARY,BURGLARY incident reported in South Delhi (Hauz Khas),South Delhi (Hauz Khas),False,South Delhi (Hauz Khas),28.52118980340225,77.16742494275645
"FIR No. 0128/2024, P.S. Preet Vihar",2024-03-24 04:33:00,KIDNAPPING,KIDNAPPING incident reported in East Delhi (Preet Vihar),East Delhi (Preet Vihar),False,East Delhi (Preet Vihar),28.642827146233337,77.3251754742252
89666596/2026,2026-02-03 22:23:00,ASSAULT,ASSAULT incident reported in South West Delhi (Dwarka),South West Delhi (Dwarka),False,South West Delhi (Dwarka),28.60529022314424,77.05990607979729
"FIR No. 0428/2025, P.S. Dwarka",2025-07-22 01:08:00,THEFT,THEFT incident reported in South West Delhi (Dwarka),South West Delhi (Dwarka),False,South West Delhi (Dwarka),28.579950129564114,77.06907768066675
83381967/2025,2025-12-01 09:35:00,THEFT,THEFT incident reported in South Delhi (Hauz Khas),South Delhi (Hauz Khas),False,South Delhi (Hauz Khas),28.54285908383642,77.1874080833434
"FIR No. 0037/2026, P.S. Rohini",2026-01-30 11:44:00,KIDNAPPING,KIDNAPPING incident reported in North West Delhi (Rohini),North West Delhi (Rohini),True,North West Delhi (Rohini),28.72807227120436,77.09915216890118
"FIR No. 0093/2025, P.S. Hauz Khas",2025-02-17 21:57:00,ASSAULT,ASSAULT incident reported in South Delhi (Hauz Khas),South Delhi (Hauz Khas),False,South Delhi (Hauz Khas),28.55085549389995,77.18988940907528
85252902/2024,2024-05-27 09:12:00,BURGLARY,BURGLARY incident reported in North West Delhi (Rohini),North West Delhi (Rohini),True,North West Delhi (Rohini),28.669404810976665,77.12442251024464
"FIR No. 0098/2024, P.S. Preet Vihar",2024-08-16 10:20:00,THEFT,THEFT incident reported in East Delhi (Preet Vihar),East Delhi (Preet Vihar),True,East Delhi (Preet Vihar),28.62741339052382,77.27511241662027
"FIR No. 0162/2026, P.S. Dwarka",2026-06-03 03:43:00,THEFT,THEFT incident reported in South West Delhi (Dwarka),South West Delhi (Dwarka),False,South West Delhi (Dwarka),28.6024728921516,77.04446570469328
"FIR No. 0564/2024, P.S. Hauz Khas",2024-12-21 13:31:00,ASSAULT,ASSAULT incident reported in South Delhi (Hauz Khas),South Delhi (Hauz Khas),False,South Delhi (Hauz Khas),28.566391294182942,77.20227962830066
84525456/2025,2025-02-14 18:44:00,ASSAULT,ASSAULT incident reported in East Delhi (Preet Vihar),East Delhi (Preet Vihar),False,East Delhi (Preet Vihar),28.638868042027767,77.30685922879125
86105928/2023,2023-07-05 13:52:00,THEFT,THEFT incident reported in North West Delhi (Rohini),North West Delhi (Rohini),False,North West Delhi (Rohini),28.69855487648614,77.11497622848135
83298396/2025,2025-05-20 23:45:00,ASSAULT,ASSAULT incident reported in Central Delhi (Connaught Place),Central Delhi (Connaught Place),False,Central Delhi (Connaught Place),28.668479636515457,77.21203028859323
80207392/2025,2025-06-02 06:04:00,ROBBERY,ROBBERY incident reported in Central Delhi (Connaught Place),Central Delhi (Connaught Place),True,Central Delhi (Connaught Place),28.62084159133916,77.20383481060833
87449824/2025,2025-06-23 14:15:00,THEFT,THEFT incident reported in South Delhi (Hauz Khas),South Delhi (Hauz Khas),False,South Delhi (Hauz Khas),28.54629383535737,77.20218421574563
"FIR No. 0147/2026, P.S. Preet Vihar",2026-08-18 13:42:00,ROBBERY,ROBBERY incident reported in East Delhi (Preet Vihar),East Delhi (Preet Vihar),False,East Delhi (Preet Vihar),28.616428437613184,77.2876854505631
"FIR No. 0005/2025, P.S. Preet Vihar",2025-03-08 11:53:00,ROBBERY,ROBBERY incident reported in East Delhi (Preet Vihar),East Delhi (Preet Vihar),True,East Delhi (Preet Vihar),28.64509349344969,77.30157639375815
"FIR No. 0286/2026, P.S. Hauz Khas",2026-04-12 23:06:00,ASSAULT,ASSAULT incident reported in South Delhi (Hauz Khas),South Delhi (Hauz Khas),False,South Delhi (Hauz Khas),28.542482390195683,77.20941537195603
"FIR No. 0037/2023, P.S. Dwarka",2023-04-23 14:43:00,ASSAULT,ASSAULT incident reported in South West Delhi (Dwarka),South West Delhi (Dwarka),False,South West Delhi (Dwarka),28.599888948405148,77.03418619039725
"FIR No. 0007/2023, P.S. Hauz Khas",2023-09-18 18:21:00,ROBBERY,ROBBERY incident reported in South Delhi (Hauz Khas),South Delhi (Hauz Khas),False,South Delhi (Hauz Khas),28.53376678649717,77.19898958878592
"FIR No. 0494/2024, P.S. Dwarka",2024-07-30 10:13:00,ROBBERY,ROBBERY incident reported in South West Delhi (Dwarka),South West Delhi (Dwarka),True,South West Delhi (Dwarka),28.59741780943218,77.03386867908766
"FIR No. 0101/2024, P.S. Rohini",2024-01-29 11:17:00,ASSAULT,ASSAULT incident reported in North West Delhi (Rohini),North West Delhi (Rohini),False,North West Delhi (Rohini),28.68202279701885,77.09190302329547
"FIR No. 0146/2025, P.S. Connaught Place",2025-05-31 19:55:00,BURGLARY,BURGLARY incident reported in Central Delhi (Connaught Place),Central Delhi (Connaught Place),False,Central Delhi (Connaught Place),28.606191548523093,77.22214462246168
80770057/2023,2023-05-05 06:29:00,ROBBERY,ROBBERY incident reported in South West Delhi (Dwarka),South West Delhi (Dwarka),False,South West Delhi (Dwarka),28.590218938109988,77.0280820606201
"FIR No. 0103/2025, P.S. Rohini",2025-02-23 15:56:00,BURGLARY,BURGLARY incident reported in North West Delhi (Rohini),North West Delhi (Rohini),False,North West Delhi (Rohini),28.71229960193494,77.10154957759516
81015643/2026,2026-01-30 22:19:00,THEFT,THEFT incident reported in Central Delhi (Connaught Place),Central Delhi (Connaught Place),False,Central Delhi (Connaught Place),28.606450496716484,77.20376466481392
"FIR No. 0096/2025, P.S. Connaught Place",2025-02-12 09:22:00,THEFT,THEFT incident reported in Central Delhi (Connaught Place),Central Delhi (Connaught Place),False,Central Delhi (Connaught Place),28.63736402525878,77.18427196821773
86984809/2025,2025-10-02 00:06:00,THEFT,THEFT incident reported in South West Delhi (Dwarka),South West Delhi (Dwarka),True,South West Delhi (Dwarka),28.585843427890595,77.04246272404059
"FIR No. 0131/2024, P.S. Hauz Khas",2024-07-30 16:55:00,THEFT,THEFT incident reported in South Delhi (Hauz Khas),South Delhi (Hauz Khas),False,South Delhi (Hauz Khas),28.569240102418902,77.21183573666451
"FIR No. 0110/2023, P.S. Dwarka",2023-05-29 15:02:00,ASSAULT,ASSAULT incident reported in South West Delhi (Dwarka),South West Delhi (Dwarka),False,South West Delhi (Dwarka),28.589506277440112,77.04443318038881
"FIR No. 0218/2025, P.S. Connaught Place",2025-03-15 11:47:00,ROBBERY,ROBBERY incident reported in Central Delhi (Connaught Place),Central Delhi (Connaught Place),False,Central Delhi (Connaught Place),28.65744758017551,77.19402521570503
"FIR No. 0595/2024, P.S. Rohini",2024-12-10 13:14:00,ASSAULT,ASSAULT incident reported in North West Delhi (Rohini),North West Delhi (Rohini),False,North West Delhi (Rohini),28.679311874829228,77.10913643826093
81725405/2026,2026-05-19 02:15:00,ROBBERY,ROBBERY incident reported in South Delhi (Hauz Khas),South Delhi (Hauz Khas),False,South Delhi (Hauz Khas),28.546543631458512,77.2116035960319
"FIR No. 0705/2024, P.S. Parliament Street",2024-09-08 11:28:00,ROBBERY,ROBBERY incident reported in New Delhi (Parliament Street),New Delhi (Parliament Street),False,New Delhi (Parliament Street),28.604993089317933,77.1927289716839
"FIR No. 0094/2025, P.S. Hauz Khas",2025-03-30 18:34:00,ASSAULT,ASSAULT incident reported in South Delhi (Hauz Khas),South Delhi (Hauz Khas),False,South Delhi (Hauz Khas),28.55318809765035,77.2065137384031
"FIR No. 0101/2025, P.S. Connaught Place",2025-05-28 00:53:00,ROBBERY,ROBBERY incident reported in Central Delhi (Connaught Place),Central Delhi (Connaught Place),False,Central Delhi (Connaught Place),28.63485467031158,77.19346085603279
"FIR No. 0985/2023, P.S. Connaught Place",2023-11-05 12:39:00,THEFT,THEFT incident reported in Central Delhi (Connaught Place),Central Delhi (Connaught Place),False,Central Delhi (Connaught Place),28.622151256568955,77.23361673015086
"FIR No. 0312/2026, P.S. Preet Vihar",2026-08-23 10:30:00,THEFT,THEFT incident reported in East Delhi (Preet Vihar),East Delhi (Preet Vihar),False,East Delhi (Preet Vihar),28.61943608544761,77.29758350163071
"FIR No. 1026/2025, P.S. Preet Vihar",2025-09-09 07:36:00,ASSAULT,ASSAULT incident reported in East Delhi (Preet Vihar),East Delhi (Preet Vihar),False,East Delhi (Preet Vihar),28.66064746505563,77.27557806545536
"FIR No. 0065/2024, P.S. Connaught Place",2024-01-05 18:59:00,ROBBERY,ROBBERY incident reported in Central Delhi (Connaught Place),Central Delhi (Connaught Place),True,Central Delhi (Connaught Place),28.599320339522137,77.22932877000393
83860841/2024,2024-01-25 09:03:00,THEFT,THEFT incident reported in Central Delhi (Connaught Place),Central Delhi (Connaught Place),False,Central Delhi (Connaught Place),28.645933686085336,77.20230788976122
"FIR No. 0401/2026, P.S. Connaught Place",2026-08-11 02:05:00,ASSAULT,ASSAULT incident reported in Central Delhi (Connaught Place),Central Delhi (Connaught Place),False,Central Delhi (Connaught Place),28.62998802427359,77.20215368709654
"FIR No. 0478/2024, P.S. Preet Vihar",2024-12-27 10:29:00,ASSAULT,ASSAULT incident reported in East Delhi (Preet Vihar),East Delhi (Preet Vihar),False,East Delhi (Preet Vihar),28.63671138414555,77.31064165997527
"FIR No. 0015/2025, P.S. Hauz Khas",2025-03-24 20:40:00,THEFT,THEFT incident reported in South Delhi (Hauz Khas),South Delhi (Hauz Khas),False,South Delhi (Hauz Khas),28.563980465301235,77.19927819277328
81778171/2024,2024-01-12 22:11:00,ASSAULT,ASSAULT incident reported in East Delhi (Preet Vihar),East Delhi (Preet Vihar),False,East Delhi (Preet Vihar),28.646543153686128,77.2835195486291
"FIR No. 0812/2025, P.S. Connaught Place",2025-10-31 17:15:00,KIDNAPPING,KIDNAPPING incident reported in Central Delhi (Connaught Place),Central Delhi (Connaught Place),False,Central Delhi (Connaught Place),28.60770522400524,77.23868648111123
"FIR No. 0699/2025, P.S. Parliament Street",2025-10-17 01:58:00,ASSAULT,ASSAULT incident reported in New Delhi (Parliament Street),New Delhi (Parliament Street),False,New Delhi (Parliament Street),28.61430609781105,77.21746143708499
"FIR No. 0532/2024, P.S. Preet Vihar",2024-07-05 19:32:00,ASSAULT,ASSAULT incident reported in East Delhi (Preet Vihar),East Delhi (Preet Vihar),True,East Delhi (Preet Vihar),28.62548555920088,77.29957081874456
"FIR No. 0160/2023, P.S. Preet Vihar",2023-03-25 01:59:00,ASSAULT,ASSAULT incident reported in East Delhi (Preet Vihar),East Delhi (Preet Vihar),False,East Delhi (Preet Vihar),28.647687343381826,77.31057970259914
"FIR No. 0366/2025, P.S. Dwarka",2025-08-23 08:21:00,THEFT,THEFT incident reported in South West Delhi (Dwarka),South West Delhi (Dwarka),False,South West Delhi (Dwarka),28.609529418100053,77.05624077052192
"FIR No. 0639/2025, P.S. Connaught Place",2025-08-21 21:54:00,KIDNAPPING,KIDNAPPING incident reported in Central Delhi (Connaught Place),Central Delhi (Connaught Place),False,Central Delhi (Connaught Place),28.640081793124025,77.22170211498195
"FIR No. 0040/2026, P.S. Rohini",2026-01-12 21:51:00,THEFT,THEFT incident reported in North West Delhi (Rohini),North West Delhi (Rohini),False,North West Delhi (Rohini),28.69870057981816,77.08335001277352
"FIR No. 0122/2024, P.S. Connaught Place",2024-11-30 21:56:00,BURGLARY,BURGLARY incident reported in Central Delhi (Connaught Place),Central Delhi (Connaught Place),False,Central Delhi (Connaught Place),28.634520647637736,77.2084369639558
"FIR No. 0319/2025, P.S. Connaught Place",2025-10-12 04:00:00,ROBBERY,ROBBERY incident reported in Central Delhi (Connaught Place),Central Delhi (Connaught Place),False,Central Delhi (Connaught Place),28.64574451403663,77.22510576412303
80574519/2023,2023-06-24 15:00:00,ASSAULT,ASSAULT incident reported in East Delhi (Preet Vihar),East Delhi (Preet Vihar),False,East Delhi (Preet Vihar),28.617514393984248,77.28605299759478
"FIR No. 0088/2025, P.S. Parliament Street",2025-08-07 23:42:00,OTHER,OTHER incident reported in New Delhi (Parliament Street),New Delhi (Parliament Street),True,New Delhi (Parliament Street),28.64051043064347,77.2014483874845
"FIR No. 0502/2026, P.S. Dwarka",2026-06-02 08:49:00,ASSAULT,ASSAULT incident reported in South West Delhi (Dwarka),South West Delhi (Dwarka),True,South West Delhi (Dwarka),28.600589581881444,77.04904826098542
88510852/2024,2024-01-18 17:16:00,THEFT,THEFT incident reported in South Delhi (Hauz Khas),South Delhi (Hauz Khas),False,South Delhi (Hauz Khas),28.54423916569817,77.18316085908215
"FIR No. 0869/2024, P.S. Hauz Khas",2024-11-16 22:55:00,ASSAULT,ASSAULT incident reported in South Delhi (Hauz Khas),South Delhi (Hauz Khas),False,South Delhi (Hauz Khas),28.536375975820544,77.20253208033212
80886429/2023,2023-09-07 18:14:00,THEFT,THEFT incident reported in North West Delhi (Rohini),North West Delhi (Rohini),False,North West Delhi (Rohini),28.714181748171097,77.10328651950829
"FIR No. 0023/2024, P.S. Hauz Khas",2024-01-19 14:24:00,BURGLARY,BURGLARY incident reported in South Delhi (Hauz Khas),South Delhi (Hauz Khas),False,South Delhi (Hauz Khas),28.515476794509546,77.23253142772171
85473206/2026,2026-06-23 03:23:00,OTHER,OTHER incident reported in Central Delhi (Connaught Place),Central Delhi (Connaught Place),False,Central Delhi (Connaught Place),28.634340876614804,77.20857024520915
"FIR No. 0152/2024, P.S. Preet Vihar",2024-03-27 11:15:00,THEFT,THEFT incident reported in East Delhi (Preet Vihar),East Delhi (Preet Vihar),False,East Delhi (Preet Vihar),28.64407502713388,77.3111688424501
81369653/2026,2026-08-14 21:32:00,ASSAULT,ASSAULT incident reported in South Delhi (Hauz Khas),South Delhi (Hauz Khas),False,South Delhi (Hauz Khas),28.52363942784686,77.15771865343967
83073519/2024,2024-03-04 04:26:00,BURGLARY,BURGLARY incident reported in North West Delhi (Rohini),North West Delhi (Rohini),False,North West Delhi (Rohini),28.703310773847573,77.10525941715647
"FIR No. 0278/2025, P.S. Dwarka",2025-05-17 17:56:00,BURGLARY,BURGLARY incident reported in South West Delhi (Dwarka),South West Delhi (Dwarka),False,South West Delhi (Dwarka),28.619435482284874,77.05221805493314
"FIR No. 0323/2026, P.S. Hauz Khas",2026-08-16 07:21:00,ASSAULT,ASSAULT incident reported in South Delhi (Hauz Khas),South Delhi (Hauz Khas),False,South Delhi (Hauz Khas),28.566817620087992,77.20604023670697
"FIR No. 0341/2025, P.S. Connaught Place",2025-05-20 05:42:00,ASSAULT,ASSAULT incident reported in Central Delhi (Connaught Place),Central Delhi (Connaught Place),False,Central Delhi (Connaught Place),28.66785418682769,77.20661389887339
"FIR No. 0041/2026, P.S. Connaught Place",2026-01-23 14:19:00,ROBBERY,ROBBERY incident reported in Central Delhi (Connaught Place),Central Delhi (Connaught Place),True,Central Delhi (Connaught Place),28.63534115852725,77.19819362841545
"FIR No. 0486/2026, P.S. Rohini",2026-08-13 14:47:00,ROBBERY,ROBBERY incident reported in North West Delhi (Rohini),North West Delhi (Rohini),False,North West Delhi (Rohini),28.74118832203382,77.09355030231939
"FIR No. 0078/2026, P.S. Hauz Khas",2026-06-10 04:23:00,ASSAULT,ASSAULT incident reported in South Delhi (Hauz Khas),South Delhi (Hauz Khas),False,South Delhi (Hauz Khas),28.520669812470445,77.18923879028543
"FIR No. 0116/2024, P.S. Rohini",2024-09-01 05:52:00,THEFT,THEFT incident reported in North West Delhi (Rohini),North West Delhi (Rohini),False,North West Delhi (Rohini),28.682067336269267,77.10874908763412
"FIR No. 0404/2026, P.S. Dwarka",2026-05-19 03:24:00,ASSAULT,ASSAULT incident reported in South West Delhi (Dwarka),South West Delhi (Dwarka),True,South West Delhi (Dwarka),28.61228293896642,77.06036199001079
"FIR No. 0045/2026, P.S. Connaught Place",2026-02-27 09:51:00,THEFT,THEFT incident reported in Central Delhi (Connaught Place),Central Delhi (Connaught Place),True,Central Delhi (Connaught Place),28.624912514956463,77.23180035321815
"FIR No. 0187/2025, P.S. Connaught Place",2025-03-04 00:38:00,ASSAULT,ASSAULT incident reported in Central Delhi (Connaught Place),Central Delhi (Connaught Place),False,Central Delhi (Connaught Place),28.63235904291868,77.1965071128297
86654091/2025,2025-10-23 09:24:00,THEFT,THEFT incident reported in New Delhi (Parliament Street),New Delhi (Parliament Street),False,New Delhi (Parliament Street),28.62680987621607,77.22672393933483
"FIR No. 0750/2025, P.S. Preet Vihar",2025-12-03 18:39:00,THEFT,THEFT incident reported in East Delhi (Preet Vihar),East Delhi (Preet Vihar),True,East Delhi (Preet Vihar),28.60477392061069,77.27896835284261
"FIR No. 0145/2025, P.S. Dwarka",2025-02-27 16:16:00,OTHER,OTHER incident reported in South West Delhi (Dwarka),South West Delhi (Dwarka),False,South West Delhi (Dwarka),28.61485244955256,77.04953477779783
"FIR No. 0774/2023, P.S. Connaught Place",2023-11-01 21:33:00,KIDNAPPING,KIDNAPPING incident reported in Central Delhi (Connaught Place),Central Delhi (Connaught Place),False,Central Delhi (Connaught Place),28.59782207735741,77.18524433288908
"FIR No. 0107/2024, P.S. Parliament Street",2024-09-24 07:12:00,ASSAULT,ASSAULT incident reported in New Delhi (Parliament Street),New Delhi (Parliament Street),False,New Delhi (Parliament Street),28.629865186967614,77.20595780199736
"FIR No. 0116/2026, P.S. Dwarka",2026-02-06 20:28:00,THEFT,THEFT incident reported in South West Delhi (Dwarka),South West Delhi (Dwarka),False,South West Delhi (Dwarka),28.58615668487616,77.03751656741979
"FIR No. 0378/2023, P.S. Hauz Khas",2023-06-03 03:41:00,ASSAULT,ASSAULT incident reported in South Delhi (Hauz Khas),South Delhi (Hauz Khas),False,South Delhi (Hauz Khas),28.54593378496162,77.20304949389036
"FIR No. 0057/2025, P.S. Connaught Place",2025-05-06 00:26:00,ASSAULT,ASSAULT incident reported in Central Delhi (Connaught Place),Central Delhi (Connaught Place),True,Central Delhi (Connaught Place),28.643403396476224,77.24034600362035
"FIR No. 0053/2023, P.S. Connaught Place",2023-03-29 10:53:00,ASSAULT,ASSAULT incident reported in Central Delhi (Connaught Place),Central Delhi (Connaught Place),True,Central Delhi (Connaught Place),28.66369970145364,77.18428202154786
87994470/2025,2025-01-17 03:44:00,THEFT,THEFT incident reported in East Delhi (Preet Vihar),East Delhi (Preet Vihar),True,East Delhi (Preet Vihar),28.61817435426436,77.32319577275827
85520902/2025,2025-05-26 14:46:00,ASSAULT,ASSAULT incident reported in East Delhi (Preet Vihar),East Delhi (Preet Vihar),False,East Delhi (Preet Vihar),28.62616134151293,77.31381947690937
"FIR No. 0085/2025, P.S. Dwarka",2025-05-08 12:27:00,KIDNAPPING,KIDNAPPING incident reported in South West Delhi (Dwarka),South West Delhi (Dwarka),False,South West Delhi (Dwarka),28.580752194077995,77.05770661416915
"FIR No. 0347/2023, P.S. Connaught Place",2023-09-28 22:49:00,ASSAULT,ASSAULT incident reported in Central Delhi (Connaught Place),Central Delhi (Connaught Place),False,Central Delhi (Connaught Place),28.61866757686832,77.2076173613724
"FIR No. 0398/2025, P.S. Connaught Place",2025-07-06 00:45:00,ROBBERY,ROBBERY incident reported in Central Delhi (Connaught Place),Central Delhi (Connaught Place),False,Central Delhi (Connaught Place),28.63708894702276,77.2234149525068
"FIR No. 0215/2025, P.S. Hauz Khas",2025-03-16 13:03:00,THEFT,THEFT incident reported in South Delhi (Hauz Khas),South Delhi (Hauz Khas),False,South Delhi (Hauz Khas),28.55626175201648,77.196568959105
"FIR No. 0186/2024, P.S. Connaught Place",2024-06-24 20:15:00,BURGLARY,BURGLARY incident reported in Central Delhi (Connaught Place),Central Delhi (Connaught Place),False,Central Delhi (Connaught Place),28.618023937417103,77.20445818518762
80733301/2024,2024-11-05 15:52:00,ASSAULT,ASSAULT incident reported in East Delhi (Preet Vihar),East Delhi (Preet Vihar),False,East Delhi (Preet Vihar),28.662888171391025,77.29278988688122
"FIR No. 0303/2026, P.S. Rohini",2026-04-01 12:12:00,BURGLARY,BURGLARY incident reported in North West Delhi (Rohini),North West Delhi (Rohini),True,North West Delhi (Rohini),28.70921927933656,77.07692338605463
"FIR No. 0319/2026, P.S. Hauz Khas",2026-05-29 02:00:00,ASSAULT,ASSAULT incident reported in South Delhi (Hauz Khas),South Delhi (Hauz Khas),False,South Delhi (Hauz Khas),28.56467155362031,77.21140928649753
"FIR No. 0067/2026, P.S. Connaught Place",2026-02-18 03:27:00,OTHER,OTHER incident reported in Central Delhi (Connaught Place),Central Delhi (Connaught Place),False,Central Delhi (Connaught Place),28.624577733523367,77.23848331259185
"FIR No. 0514/2025, P.S. Hauz Khas",2025-07-09 18:36:00,THEFT,THEFT incident reported in South Delhi (Hauz Khas),South Delhi (Hauz Khas),False,South Delhi (Hauz Khas),28.55534353650345,77.18792695588539
"FIR No. 0152/2023, P.S. Preet Vihar",2023-10-03 07:18:00,ROBBERY,ROBBERY incident reported in East Delhi (Preet Vihar),East Delhi (Preet Vihar),False,East Delhi (Preet Vihar),28.642397123572305,77.28731645684822
"FIR No. 0508/2024, P.S. Hauz Khas",2024-10-09 16:12:00,BURGLARY,BURGLARY incident reported in South Delhi (Hauz Khas),South Delhi (Hauz Khas),False,South Delhi (Hauz Khas),28.55615863480991,77.23114298869693
"FIR No. 0393/2026, P.S. Rohini",2026-05-01 09:09:00,THEFT,THEFT incident reported in North West Delhi (Rohini),North West Delhi (Rohini),False,North West Delhi (Rohini),28.69851220485096,77.11797864040855
"FIR No. 0274/2023, P.S. Parliament Street",2023-08-17 11:51:00,THEFT,THEFT incident reported in New Delhi (Parliament Street),New Delhi (Parliament Street),True,New Delhi (Parliament Street),28.61846203451768,77.23169401166967
"FIR No. 0220/2024, P.S. Connaught Place",2024-11-28 15:46:00,ROBBERY,ROBBERY incident reported in Central Delhi (Connaught Place),Central Delhi (Connaught Place),False,Central Delhi (Connaught Place),28.637405125917063,77.21904367743221
"FIR No. 0928/2024, P.S. Hauz Khas",2024-11-07 16:54:00,BURGLARY,BURGLARY incident reported in South Delhi (Hauz Khas),South Delhi (Hauz Khas),False,South Delhi (Hauz Khas),28.548237823412595,77.22395748648354
"FIR No. 0030/2023, P.S. Parliament Street",2023-10-24 17:03:00,KIDNAPPING,KIDNAPPING incident reported in New Delhi (Parliament Street),New Delhi (Parliament Street),False,New Delhi (Parliament Street),28.62518537471332,77.21173156455426
"FIR No. 0608/2024, P.S. Parliament Street",2024-07-20 20:19:00,THEFT,THEFT incident reported in New Delhi (Parliament Street),New Delhi (Parliament Street),True,New Delhi (Parliament Street),28.608735581556488,77.22538570922997
"FIR No. 0108/2025, P.S. Preet Vihar",2025-09-12 10:01:00,BURGLARY,BURGLARY incident reported in East Delhi (Preet Vihar),East Delhi (Preet Vihar),False,East Delhi (Preet Vihar),28.62300034289681,77.32106662661796
"FIR No. 0092/2024, P.S. Preet Vihar",2024-02-02 05:28:00,BURGLARY,BURGLARY incident reported in East Delhi (Preet Vihar),East Delhi (Preet Vihar),False,East Delhi (Preet Vihar),28.66034615189356,77.29227085547004
"FIR No. 0041/2025, P.S. Connaught Place",2025-07-07 03:08:00,THEFT,THEFT incident reported in Central Delhi (Connaught Place),Central Delhi (Connaught Place),False,Central Delhi (Connaught Place),28.655352989989407,77.22564708514072
"FIR No. 0367/2026, P.S. Preet Vihar",2026-07-21 00:30:00,ASSAULT,ASSAULT incident reported in East Delhi (Preet Vihar),East Delhi (Preet Vihar),True,East Delhi (Preet Vihar),28.63757866149902,77.27186230011672
"FIR No. 0119/2026, P.S. Connaught Place",2026-05-20 21:56:00,ASSAULT,ASSAULT incident reported in Central Delhi (Connaught Place),Central Delhi (Connaught Place),False,Central Delhi (Connaught Place),28.62339008837356,77.20706339487944
82521984/2023,2023-12-13 09:44:00,KIDNAPPING,KIDNAPPING incident reported in South Delhi (Hauz Khas),South Delhi (Hauz Khas),False,South Delhi (Hauz Khas),28.53428248135604,77.19582804952385
"FIR No. 0140/2025, P.S. Parliament Street",2025-10-26 10:46:00,THEFT,THEFT incident reported in New Delhi (Parliament Street),New Delhi (Parliament Street),False,New Delhi (Parliament Street),28.61616640779663,77.20769795007605
"FIR No. 0006/2024, P.S. Rohini",2024-03-15 21:02:00,OTHER,OTHER incident reported in North West Delhi (Rohini),North West Delhi (Rohini),False,North West Delhi (Rohini),28.71810221995037,77.09324687703405
87177411/2023,2023-02-11 06:41:00,ASSAULT,ASSAULT incident reported in South Delhi (Hauz Khas),South Delhi (Hauz Khas),False,South Delhi (Hauz Khas),28.546159316689003,77.19612753921723
86801733/2023,2023-11-06 16:54:00,BURGLARY,BURGLARY incident reported in Central Delhi (Connaught Place),Central Delhi (Connaught Place),True,Central Delhi (Connaught Place),28.635807698977647,77.20141779789718
"FIR No. 0346/2024, P.S. Rohini",2024-04-04 10:35:00,THEFT,THEFT incident reported in North West Delhi (Rohini),North West Delhi (Rohini),True,North West Delhi (Rohini),28.714120766939043,77.10172075539607
"FIR No. 0380/2024, P.S. Preet Vihar",2024-08-30 04:17:00,KIDNAPPING,KIDNAPPING incident reported in East Delhi (Preet Vihar),East Delhi (Preet Vihar),True,East Delhi (Preet Vihar),28.6544260784697,77.31413756082151
"FIR No. 0092/2024, P.S. Hauz Khas",2024-01-02 03:52:00,THEFT,THEFT incident reported in South Delhi (Hauz Khas),South Delhi (Hauz Khas),False,South Delhi (Hauz Khas),28.54498282465005,77.20223237838616
"FIR No. 0147/2024, P.S. Rohini",2024-04-06 16:25:00,THEFT,THEFT incident reported in North West Delhi (Rohini),North West Delhi (Rohini),False,North West Delhi (Rohini),28.732540231527388,77.09380102115423
"FIR No. 0154/2023, P.S. Dwarka",2023-07-25 23:01:00,BURGLARY,BURGLARY incident reported in South West Delhi (Dwarka),South West Delhi (Dwarka),False,South West Delhi (Dwarka),28.6047289586683,77.04532467832726
87971174/2023,2023-01-29 18:38:00,THEFT,THEFT incident reported in New Delhi (Parliament Street),New Delhi (Parliament Street),False,New Delhi (Parliament Street),28.61956714996055,77.17559237977711
"FIR No. 0087/2024, P.S. Preet Vihar",2024-03-06 09:19:00,ASSAULT,ASSAULT incident reported in East Delhi (Preet Vihar),East Delhi (Preet Vihar),False,East Delhi (Preet Vihar),28.63144883088576,77.31561537251572
"FIR No. 0146/2026, P.S. Preet Vihar",2026-06-05 08:28:00,THEFT,THEFT incident reported in East Delhi (Preet Vihar),East Delhi (Preet Vihar),True,East Delhi (Preet Vihar),28.66192253661575,77.27580755778611
"FIR No. 0499/2023, P.S. Connaught Place",2023-06-02 11:05:00,ASSAULT,ASSAULT incident reported in Central Delhi (Connaught Place),Central Delhi (Connaught Place),False,Central Delhi (Connaught Place),28.64294889885668,77.21633519230737
"FIR No. 0030/2025, P.S. Rohini",2025-01-16 13:44:00,BURGLARY,BURGLARY incident reported in North West Delhi (Rohini),North West Delhi (Rohini),False,North West Delhi (Rohini),28.718102490339675,77.10278682182155
"FIR No. 0073/2026, P.S. Dwarka",2026-01-26 20:02:00,THEFT,THEFT incident reported in South West Delhi (Dwarka),South West Delhi (Dwarka),False,South West Delhi (Dwarka),28.59344143952284,77.06152495351868
"FIR No. 0636/2025, P.S. Dwarka",2025-12-05 13:17:00,THEFT,THEFT incident reported in South West Delhi (Dwarka),South West Delhi (Dwarka),False,South West Delhi (Dwarka),28.58420920172907,77.03043163468233
"FIR No. 0022/2026, P.S. Connaught Place",2026-05-22 09:33:00,KIDNAPPING,KIDNAPPING incident reported in Central Delhi (Connaught Place),Central Delhi (Connaught Place),False,Central Delhi (Connaught Place),28.62046124928534,77.2151299445097
"FIR No. 0302/2025, P.S. Connaught Place",2025-06-08 00:52:00,ASSAULT,ASSAULT incident reported in Central Delhi (Connaught Place),Central Delhi (Connaught Place),False,Central Delhi (Connaught Place),28.63685157421996,77.23927049399737
"FIR No. 0029/2025, P.S. Connaught Place",2025-04-07 12:12:00,OTHER,OTHER incident reported in Central Delhi (Connaught Place),Central Delhi (Connaught Place),False,Central Delhi (Connaught Place),28.653606628021628,77.20256940562048
88472939/2023,2023-05-08 05:32:00,THEFT,THEFT incident reported in East Delhi (Preet Vihar),East Delhi (Preet Vihar),False,East Delhi (Preet Vihar),28.63899696758329,77.34488501332685
83989818/2023,2023-03-18 14:01:00,THEFT,THEFT incident reported in East Delhi (Preet Vihar),East Delhi (Preet Vihar),False,East Delhi (Preet Vihar),28.65102555681972,77.30302189380619
"FIR No. 0004/2024, P.S. Hauz Khas",2024-02-05 06:08:00,THEFT,THEFT incident reported in South Delhi (Hauz Khas),South Delhi (Hauz Khas),False,South Delhi (Hauz Khas),28.566306066775013,77.20965808217782
"FIR No. 0681/2025, P.S. Connaught Place",2025-10-15 05:45:00,ASSAULT,ASSAULT incident reported in Central Delhi (Connaught Place),Central Delhi (Connaught Place),False,Central Delhi (Connaught Place),28.61655922645533,77.22680570926191
"FIR No. 0052/2026, P.S. Rohini",2026-03-30 09:09:00,OTHER,OTHER incident reported in North West Delhi (Rohini),North West Delhi (Rohini),False,North West Delhi (Rohini),28.72052226425259,77.1061849760943
"FIR No. 0451/2024, P.S. Hauz Khas",2024-09-24 19:16:00,ASSAULT,ASSAULT incident reported in South Delhi (Hauz Khas),South Delhi (Hauz Khas),True,South Delhi (Hauz Khas),28.57728517174254,77.2400712083907
85015965/2025,2025-08-07 17:40:00,ASSAULT,ASSAULT incident reported in South Delhi (Hauz Khas),South Delhi (Hauz Khas),False,South Delhi (Hauz Khas),28.55008672927335,77.19923835215496
"FIR No. 0657/2024, P.S. Connaught Place",2024-10-06 17:39:00,ROBBERY,ROBBERY incident reported in Central Delhi (Connaught Place),Central Delhi (Connaught Place),True,Central Delhi (Connaught Place),28.60526170259201,77.22553413119948
"FIR No. 0308/2024, P.S. Hauz Khas",2024-05-01 11:50:00,BURGLARY,BURGLARY incident reported in South Delhi (Hauz Khas),South Delhi (Hauz Khas),False,South Delhi (Hauz Khas),28.54569430783388,77.20537350306721
"FIR No. 0197/2023, P.S. Connaught Place",2023-12-03 18:37:00,THEFT,THEFT incident reported in Central Delhi (Connaught Place),Central Delhi (Connaught Place),True,Central Delhi (Connaught Place),28.63806651276812,77.20676384674083
"FIR No. 0765/2025, P.S. Dwarka",2025-10-06 22:12:00,ROBBERY,ROBBERY incident reported in South West Delhi (Dwarka),South West Delhi (Dwarka),False,South West Delhi (Dwarka),28.620050175389665,77.03583832010962
"FIR No. 0159/2024, P.S. Connaught Place",2024-05-21 16:01:00,ASSAULT,ASSAULT incident reported in Central Delhi (Connaught Place),Central Delhi (Connaught Place),False,Central Delhi (Connaught Place),28.624791098039463,77.21225266722212
"FIR No. 0502/2025, P.S. Preet Vihar",2025-11-11 13:43:00,ROBBERY,ROBBERY incident reported in East Delhi (Preet Vihar),East Delhi (Preet Vihar),False,East Delhi (Preet Vihar),28.66087402955454,77.30069669846628
"FIR No. 0174/2026, P.S. Parliament Street",2026-07-13 23:02:00,THEFT,THEFT incident reported in New Delhi (Parliament Street),New Delhi (Parliament Street),False,New Delhi (Parliament Street),28.637249826084844,77.19640242876831
"FIR No. 0586/2023, P.S. Rohini",2023-12-19 10:08:00,THEFT,THEFT incident reported in North West Delhi (Rohini),North West Delhi (Rohini),False,North West Delhi (Rohini),28.73289330463529,77.11412039807396
84067281/2023,2023-01-08 12:35:00,KIDNAPPING,KIDNAPPING incident reported in Central Delhi (Connaught Place),Central Delhi (Connaught Place),True,Central Delhi (Connaught Place),28.62653516117112,77.25699379298904
"FIR No. 0037/2024, P.S. Connaught Place",2024-03-14 09:41:00,ROBBERY,ROBBERY incident reported in Central Delhi (Connaught Place),Central Delhi (Connaught Place),False,Central Delhi (Connaught Place),28.6380761651474,77.20526113012353
82584366/2024,2024-11-29 15:27:00,THEFT,THEFT incident reported in East Delhi (Preet Vihar),East Delhi (Preet Vihar),True,East Delhi (Preet Vihar),28.64149451311309,77.3062283601114
"FIR No. 0949/2024, P.S. Parliament Street",2024-12-15 23:45:00,BURGLARY,BURGLARY incident reported in New Delhi (Parliament Street),New Delhi (Parliament Street),False,New Delhi (Parliament Street),28.60475341420347,77.22185282538543
"FIR No. 0116/2025, P.S. Hauz Khas",2025-03-23 13:30:00,THEFT,THEFT incident reported in South Delhi (Hauz Khas),South Delhi (Hauz Khas),False,South Delhi (Hauz Khas),28.557477245173786,77.18275917753495
"FIR No. 0379/2025, P.S. Preet Vihar",2025-06-17 15:06:00,THEFT,THEFT incident reported in East Delhi (Preet Vihar),East Delhi (Preet Vihar),False,East Delhi (Preet Vihar),28.604851410403896,77.29382938878604
"FIR No. 0205/2024, P.S. Rohini",2024-03-30 07:12:00,THEFT,THEFT incident reported in North West Delhi (Rohini),North West Delhi (Rohini),False,North West Delhi (Rohini),28.699104757719308,77.10089355693472
"FIR No. 0160/2025, P.S. Hauz Khas",2025-08-10 15:50:00,ASSAULT,ASSAULT incident reported in South Delhi (Hauz Khas),South Delhi (Hauz Khas),False,South Delhi (Hauz Khas),28.52253906364667,77.23418625129925
87156838/2023,2023-12-26 12:06:00,THEFT,THEFT incident reported in South Delhi (Hauz Khas),South Delhi (Hauz Khas),True,South Delhi (Hauz Khas),28.53011203188856,77.20873319659084
80435154/2023,2023-09-29 00:11:00,ASSAULT,ASSAULT incident reported in South Delhi (Hauz Khas),South Delhi (Hauz Khas),False,South Delhi (Hauz Khas),28.55925555717436,77.1987117149976
"FIR No. 0771/2024, P.S. Parliament Street",2024-08-14 22:41:00,THEFT,THEFT incident reported in New Delhi (Parliament Street),New Delhi (Parliament Street),True,New Delhi (Parliament Street),28.62014464099096,77.25049065228765
"FIR No. 0099/2026, P.S. Dwarka",2026-01-02 14:06:00,ASSAULT,ASSAULT incident reported in South West Delhi (Dwarka),South West Delhi (Dwarka),False,South West Delhi (Dwarka),28.57705508120058,77.03060357278537
"FIR No. 0098/2023, P.S. Dwarka",2023-02-01 21:01:00,OTHER,OTHER incident reported in South West Delhi (Dwarka),South West Delhi (Dwarka),False,South West Delhi (Dwarka),28.5764333263537,77.04712459737516
"FIR No. 0075/2026, P.S. Rohini",2026-08-07 00:19:00,ASSAULT,ASSAULT incident reported in North West Delhi (Rohini),North West Delhi (Rohini),False,North West Delhi (Rohini),28.73361873825939,77.09194246145746
80871189/2025,2025-07-16 11:02:00,THEFT,THEFT incident reported in South Delhi (Hauz Khas),South Delhi (Hauz Khas),False,South Delhi (Hauz Khas),28.550205648836865,77.21185453498532
"FIR No. 0009/2025, P.S. Connaught Place",2025-06-20 03:06:00,ASSAULT,ASSAULT incident reported in Central Delhi (Connaught Place),Central Delhi (Connaught Place),False,Central Delhi (Connaught Place),28.626014295836463,77.23110781891768
"FIR No. 0888/2023, P.S. Connaught Place",2023-10-27 05:14:00,THEFT,THEFT incident reported in Central Delhi (Connaught Place),Central Delhi (Connaught Place),False,Central Delhi (Connaught Place),28.63748332207765,77.20992790644353
"FIR No. 0133/2023, P.S. Connaught Place",2023-05-11 00:21:00,THEFT,THEFT incident reported in Central Delhi (Connaught Place),Central Delhi (Connaught Place),True,Central Delhi (Connaught Place),28.630853447066112,77.22986803565851
"FIR No. 0032/2025, P.S. Dwarka",2025-03-16 19:55:00,ROBBERY,ROBBERY incident reported in South West Delhi (Dwarka),South West Delhi (Dwarka),False,South West Delhi (Dwarka),28.58810239722137,77.03479829656979
"FIR No. 0055/2023, P.S. Dwarka",2023-01-01 09:22:00,BURGLARY,BURGLARY incident reported in South West Delhi (Dwarka),South West Delhi (Dwarka),False,South West Delhi (Dwarka),28.56338330598324,77.0413791171551
"FIR No. 0269/2025, P.S. Connaught Place",2025-05-08 10:23:00,ASSAULT,ASSAULT incident reported in Central Delhi (Connaught Place),Central Delhi (Connaught Place),True,Central Delhi (Connaught Place),28.6083800998162,77.2097131485696
"FIR No. 0136/2024, P.S. Dwarka",2024-04-29 01:08:00,THEFT,THEFT incident reported in South West Delhi (Dwarka),South West Delhi (Dwarka),False,South West Delhi (Dwarka),28.59060903140268,77.04310497338189
"FIR No. 0122/2025, P.S. Parliament Street",2025-02-15 11:02:00,THEFT,THEFT incident reported in New Delhi (Parliament Street),New Delhi (Parliament Street),False,New Delhi (Parliament Street),28.624207864960013,77.2009219953167
"FIR No. 0036/2024, P.S. Preet Vihar",2024-01-17 08:34:00,THEFT,THEFT incident reported in East Delhi (Preet Vihar),East Delhi (Preet Vihar),False,East Delhi (Preet Vihar),28.62255125579508,77.27886264617594
"FIR No. 0151/2025, P.S. Rohini",2025-05-31 23:41:00,BURGLARY,BURGLARY incident reported in North West Delhi (Rohini),North West Delhi (Rohini),False,North West Delhi (Rohini),28.70737331016113,77.10070947763717
88038895/2024,2024-10-28 21:38:00,THEFT,THEFT incident reported in East Delhi (Preet Vihar),East Delhi (Preet Vihar),False,East Delhi (Preet Vihar),28.63323577479403,77.28755980176854
"FIR No. 0060/2024, P.S. Connaught Place",2024-02-25 19:21:00,THEFT,THEFT incident reported in Central Delhi (Connaught Place),Central Delhi (Connaught Place),True,Central Delhi (Connaught Place),28.62809891512189,77.23172120175275
88548029/2025,2025-03-10 12:29:00,THEFT,THEFT incident reported in North West Delhi (Rohini),North West Delhi (Rohini),False,North West Delhi (Rohini),28.694724391927377,77.08945396851824
"FIR No. 0707/2023, P.S. Rohini",2023-11-06 18:20:00,THEFT,THEFT incident reported in North West Delhi (Rohini),North West Delhi (Rohini),False,North West Delhi (Rohini),28.6950523983282,77.09647617604939
87220139/2025,2025-10-01 05:37:00,ASSAULT,ASSAULT incident reported in Central Delhi (Connaught Place),Central Delhi (Connaught Place),False,Central Delhi (Connaught Place),28.609459983743907,77.2214145795235
"FIR No. 0714/2026, P.S. Connaught Place",2026-08-28 12:59:00,THEFT,THEFT incident reported in Central Delhi (Connaught Place),Central Delhi (Connaught Place),False,Central Delhi (Connaught Place),28.6230123858528,77.21142145533805
"FIR No. 0286/2025, P.S. Connaught Place",2025-05-08 14:09:00,BURGLARY,BURGLARY incident reported in Central Delhi (Connaught Place),Central Delhi (Connaught Place),True,Central Delhi (Connaught Place),28.62425277974527,77.22434970748967
"FIR No. 0279/2023, P.S. Connaught Place",2023-03-28 16:00:00,BURGLARY,BURGLARY incident reported in Central Delhi (Connaught Place),Central Delhi (Connaught Place),False,Central Delhi (Connaught Place),28.64162483874061,77.19847579445118
"FIR No. 0520/2024, P.S. Connaught Place",2024-12-18 10:25:00,THEFT,THEFT incident reported in Central Delhi (Connaught Place),Central Delhi (Connaught Place),False,Central Delhi (Connaught Place),28.64749985100995,77.2133668484926
"FIR No. 0099/2025, P.S. Connaught Place",2025-04-05 19:04:00,THEFT,THEFT incident reported in Central Delhi (Connaught Place),Central Delhi (Connaught Place),False,Central Delhi (Connaught Place),28.624539713189066,77.21660325775457
"FIR No. 0643/2026, P.S. Preet Vihar",2026-06-02 20:11:00,ASSAULT,ASSAULT incident reported in East Delhi (Preet Vihar),East Delhi (Preet Vihar),False,East Delhi (Preet Vihar),28.656379500662272,77.30837510243099
"FIR No. 0153/2024, P.S. Parliament Street",2024-07-28 03:28:00,THEFT,THEFT incident reported in New Delhi (Parliament Street),New Delhi (Parliament Street),False,New Delhi (Parliament Street),28.58935705772356,77.20687942849118
"FIR No. 0276/2023, P.S. Parliament Street",2023-05-04 14:34:00,THEFT,THEFT incident reported in New Delhi (Parliament Street),New Delhi (Parliament Street),True,New Delhi (Parliament Street),28.619930876761284,77.20716057924497
"FIR No. 0094/2025, P.S. Rohini",2025-05-21 10:36:00,THEFT,THEFT incident reported in North West Delhi (Rohini),North West Delhi (Rohini),False,North West Delhi (Rohini),28.71380045725163,77.07876784376094
"FIR No. 0127/2023, P.S. Parliament Street",2023-03-25 00:27:00,OTHER,OTHER incident reported in New Delhi (Parliament Street),New Delhi (Parliament Street),False,New Delhi (Parliament Street),28.607713810053795,77.20819326989842
"FIR No. 0184/2025, P.S. Parliament Street",2025-06-28 02:44:00,THEFT,THEFT incident reported in New Delhi (Parliament Street),New Delhi (Parliament Street),False,New Delhi (Parliament Street),28.663156262511528,77.20457995187189
"FIR No. 0311/2025, P.S. Hauz Khas",2025-08-21 16:20:00,ROBBERY,ROBBERY incident reported in South Delhi (Hauz Khas),South Delhi (Hauz Khas),False,South Delhi (Hauz Khas),28.534500890926413,77.19690693342109
85919968/2026,2026-02-05 00:42:00,THEFT,THEFT incident reported in Central Delhi (Connaught Place),Central Delhi (Connaught Place),True,Central Delhi (Connaught Place),28.62108297581603,77.19774962664253
"FIR No. 0144/2026, P.S. Connaught Place",2026-02-11 08:53:00,ASSAULT,ASSAULT incident reported in Central Delhi (Connaught Place),Central Delhi (Connaught Place),False,Central Delhi (Connaught Place),28.619922094552013,77.20096052438056
"FIR No. 0456/2023, P.S. Rohini",2023-10-25 11:20:00,THEFT,THEFT incident reported in North West Delhi (Rohini),North West Delhi (Rohini),True,North West Delhi (Rohini),28.69615385448332,77.0995189597772
86225967/2023,2023-12-03 08:12:00,THEFT,THEFT incident reported in South Delhi (Hauz Khas),South Delhi (Hauz Khas),True,South Delhi (Hauz Khas),28.542517221085607,77.17701821334119
85312461/2026,2026-01-05 13:19:00,THEFT,THEFT incident reported in Central Delhi (Connaught Place),Central Delhi (Connaught Place),False,Central Delhi (Connaught Place),28.63983740437697,77.20358408319527
"FIR No. 0603/2023, P.S. Parliament Street",2023-11-03 02:27:00,ASSAULT,ASSAULT incident reported in New Delhi (Parliament Street),New Delhi (Parliament Street),True,New Delhi (Parliament Street),28.61519963418944,77.19211934397995
"FIR No. 0316/2025, P.S. Dwarka",2025-12-15 07:00:00,ASSAULT,ASSAULT incident reported in South West Delhi (Dwarka),South West Delhi (Dwarka),False,South West Delhi (Dwarka),28.58474579626976,77.04308151840202
"FIR No. 0948/2025, P.S. Connaught Place",2025-11-01 12:08:00,ROBBERY,ROBBERY incident reported in Central Delhi (Connaught Place),Central Delhi (Connaught Place),False,Central Delhi (Connaught Place),28.6013070795825,77.21670157823499
"FIR No. 0456/2025, P.S. Connaught Place",2025-05-28 13:25:00,OTHER,OTHER incident reported in Central Delhi (Connaught Place),Central Delhi (Connaught Place),False,Central Delhi (Connaught Place),28.61489457409911,77.21586274257687
"FIR No. 0723/2025, P.S. Hauz Khas",2025-12-27 05:32:00,ASSAULT,ASSAULT incident reported in South Delhi (Hauz Khas),South Delhi (Hauz Khas),True,South Delhi (Hauz Khas),28.537968475084767,77.1859956436256
"FIR No. 0483/2025, P.S. Rohini",2025-11-09 19:54:00,THEFT,THEFT incident reported in North West Delhi (Rohini),North West Delhi (Rohini),False,North West Delhi (Rohini),28.699708058962976,77.11164091965658
"FIR No. 0031/2025, P.S. Hauz Khas",2025-01-14 15:25:00,THEFT,THEFT incident reported in South Delhi (Hauz Khas),South Delhi (Hauz Khas),False,South Delhi (Hauz Khas),28.54258151366732,77.22140291871112
"FIR No. 0269/2023, P.S. Rohini",2023-07-14 19:36:00,ASSAULT,ASSAULT incident reported in North West Delhi (Rohini),North West Delhi (Rohini),False,North West Delhi (Rohini),28.69230917153324,77.09464876976317
"FIR No. 1009/2024, P.S. Parliament Street",2024-09-16 10:53:00,THEFT,THEFT incident reported in New Delhi (Parliament Street),New Delhi (Parliament Street),False,New Delhi (Parliament Street),28.61850892175212,77.20797723357596
88989647/2023,2023-02-08 14:32:00,THEFT,THEFT incident reported in Central Delhi (Connaught Place),Central Delhi (Connaught Place),True,Central Delhi (Connaught Place),28.61859932450467,77.2071415032437
"FIR No. 0730/2023, P.S. Hauz Khas",2023-12-30 16:41:00,BURGLARY,BURGLARY incident reported in South Delhi (Hauz Khas),South Delhi (Hauz Khas),False,South Delhi (Hauz Khas),28.542601212148384,77.20576266656059
"FIR No. 0344/2025, P.S. Rohini",2025-06-07 20:28:00,BURGLARY,BURGLARY incident reported in North West Delhi (Rohini),North West Delhi (Rohini),True,North West Delhi (Rohini),28.69734387823995,77.09691358475024
"FIR No. 0067/2026, P.S. Hauz Khas",2026-02-26 07:42:00,ROBBERY,ROBBERY incident reported in South Delhi (Hauz Khas),South Delhi (Hauz Khas),True,South Delhi (Hauz Khas),28.54134844597353,77.20829857439462
80987299/2025,2025-01-13 20:53:00,THEFT,THEFT incident reported in East Delhi (Preet Vihar),East Delhi (Preet Vihar),False,East Delhi (Preet Vihar),28.665788437594973,77.31663450346817
"FIR No. 0441/2023, P.S. Dwarka",2023-06-23 20:57:00,THEFT,THEFT incident reported in South West Delhi (Dwarka),South West Delhi (Dwarka),False,South West Delhi (Dwarka),28.58143788625724,77.04351768284953
"FIR No. 0255/2026, P.S. Dwarka",2026-06-27 20:38:00,OTHER,OTHER incident reported in South West Delhi (Dwarka),South West Delhi (Dwarka),True,South West Delhi (Dwarka),28.60433434632424,77.05926294229187
"FIR No. 0618/2023, P.S. Dwarka",2023-12-14 12:48:00,BURGLARY,BURGLARY incident reported in South West Delhi (Dwarka),South West Delhi (Dwarka),False,South West Delhi (Dwarka),28.61922976588865,77.06782223999069
84228249/2025,2025-04-18 18:50:00,ROBBERY,ROBBERY incident reported in New Delhi (Parliament Street),New Delhi (Parliament Street),True,New Delhi (Parliament Street),28.6210380061321,77.18492354775512
"FIR No. 0125/2026, P.S. Parliament Street",2026-05-19 06:22:00,THEFT,THEFT incident reported in New Delhi (Parliament Street),New Delhi (Parliament Street),False,New Delhi (Parliament Street),28.637358814643644,77.24149211457588
"FIR No. 0003/2024, P.S. Rohini",2024-06-24 07:45:00,THEFT,THEFT incident reported in North West Delhi (Rohini),North West Delhi (Rohini),False,North West Delhi (Rohini),28.66922650330403,77.10016406876312
87916937/2026,2026-05-16 09:30:00,ROBBERY,ROBBERY incident reported in South West Delhi (Dwarka),South West Delhi (Dwarka),False,South West Delhi (Dwarka),28.59864270338282,77.03003279330787
"FIR No. 0435/2026, P.S. Dwarka",2026-06-27 05:11:00,OTHER,OTHER incident reported in South West Delhi (Dwarka),South West Delhi (Dwarka),False,South West Delhi (Dwarka),28.61272338078308,77.04122959284258
"FIR No. 0046/2025, P.S. Dwarka",2025-02-14 12:37:00,BURGLARY,BURGLARY incident reported in South West Delhi (Dwarka),South West Delhi (Dwarka),False,South West Delhi (Dwarka),28.59111745971558,77.029322828805
"FIR No. 0095/2023, P.S. Connaught Place",2023-02-04 10:28:00,ASSAULT,ASSAULT incident reported in Central Delhi (Connaught Place),Central Delhi (Connaught Place),False,Central Delhi (Connaught Place),28.639492748326045,77.22742896879251
"FIR No. 0224/2023, P.S. Rohini",2023-04-05 05:30:00,ROBBERY,ROBBERY incident reported in North West Delhi (Rohini),North West Delhi (Rohini),False,North West Delhi (Rohini),28.716632066338907,77.1227415299359
80116384/2026,2026-06-11 13:55:00,KIDNAPPING,KIDNAPPING incident reported in Central Delhi (Connaught Place),Central Delhi (Connaught Place),False,Central Delhi (Connaught Place),28.650505859504307,77.23647485103787
"FIR No. 0767/2025, P.S. Rohini",2025-09-15 20:42:00,THEFT,THEFT incident reported in North West Delhi (Rohini),North West Delhi (Rohini),False,North West Delhi (Rohini),28.699995322581085,77.10462813714246
"FIR No. 0036/2026, P.S. Hauz Khas",2026-05-31 15:42:00,ASSAULT,ASSAULT incident reported in South Delhi (Hauz Khas),South Delhi (Hauz Khas),False,South Delhi (Hauz Khas),28.528272929000423,77.23076928552577
"FIR No. 0772/2025, P.S. Hauz Khas",2025-08-06 01:42:00,THEFT,THEFT incident reported in South Delhi (Hauz Khas),South Delhi (Hauz Khas),False,South Delhi (Hauz Khas),28.54301570164315,77.20181983650583
"FIR No. 0084/2025, P.S. Preet Vihar",2025-01-27 00:08:00,KIDNAPPING,KIDNAPPING incident reported in East Delhi (Preet Vihar),East Delhi (Preet Vihar),False,East Delhi (Preet Vihar),28.63324234018302,77.2984047235278
"FIR No. 0425/2023, P.S. Preet Vihar",2023-08-08 04:22:00,BURGLARY,BURGLARY incident reported in East Delhi (Preet Vihar),East Delhi (Preet Vihar),True,East Delhi (Preet Vihar),28.653150854904368,77.27601656531114
"FIR No. 0087/2025, P.S. Connaught Place",2025-01-20 01:57:00,THEFT,THEFT incident reported in Central Delhi (Connaught Place),Central Delhi (Connaught Place),False,Central Delhi (Connaught Place),28.65151406854235,77.20654611151326
"FIR No. 0340/2025, P.S. Connaught Place",2025-03-08 08:17:00,THEFT,THEFT incident reported in Central Delhi (Connaught Place),Central Delhi (Connaught Place),False,Central Delhi (Connaught Place),28.64033415440556,77.20515165536774
"FIR No. 0448/2023, P.S. Dwarka",2023-10-26 14:24:00,ASSAULT,ASSAULT incident reported in South West Delhi (Dwarka),South West Delhi (Dwarka),False,South West Delhi (Dwarka),28.57799148745953,77.04245696256973
"FIR No. 0015/2023, P.S. Preet Vihar",2023-04-13 21:50:00,THEFT,THEFT incident reported in East Delhi (Preet Vihar),East Delhi (Preet Vihar),False,East Delhi (Preet Vihar),28.6593675655714,77.30848827032308
"FIR No. 1043/2023, P.S. Hauz Khas",2023-10-27 11:43:00,THEFT,THEFT incident reported in South Delhi (Hauz Khas),South Delhi (Hauz Khas),False,South Delhi (Hauz Khas),28.54367706445276,77.1793896317597
"FIR No. 0727/2024, P.S. Connaught Place",2024-12-31 21:19:00,THEFT,THEFT incident reported in Central Delhi (Connaught Place),Central Delhi (Connaught Place),False,Central Delhi (Connaught Place),28.637521371495406,77.20959567600717
"FIR No. 0109/2025, P.S. Hauz Khas",2025-07-11 02:39:00,ROBBERY,ROBBERY incident reported in South Delhi (Hauz Khas),South Delhi (Hauz Khas),False,South Delhi (Hauz Khas),28.526175352492142,77.19872961753141
"FIR No. 0130/2023, P.S. Connaught Place",2023-02-21 09:55:00,THEFT,THEFT incident reported in Central Delhi (Connaught Place),Central Delhi (Connaught Place),False,Central Delhi (Connaught Place),28.63265123173934,77.22908445013847
"FIR No. 0027/2023, P.S. Connaught Place",2023-01-27 02:40:00,THEFT,THEFT incident reported in Central Delhi (Connaught Place),Central Delhi (Connaught Place),False,Central Delhi (Connaught Place),28.61850873645084,77.20034616402383
"FIR No. 0140/2026, P.S. Hauz Khas",2026-08-10 01:12:00,THEFT,THEFT incident reported in South Delhi (Hauz Khas),South Delhi (Hauz Khas),False,South Delhi (Hauz Khas),28.556262945381853,77.20655181824142
89243748/2026,2026-06-23 11:43:00,KIDNAPPING,KIDNAPPING incident reported in South Delhi (Hauz Khas),South Delhi (Hauz Khas),True,South Delhi (Hauz Khas),28.53249443980321,77.22372399864973
80784718/2024,2024-09-24 04:19:00,ASSAULT,ASSAULT incident reported in South Delhi (Hauz Khas),South Delhi (Hauz Khas),False,South Delhi (Hauz Khas),28.58466738829483,77.21972178697575
80977796/2026,2026-08-15 15:44:00,ASSAULT,ASSAULT incident reported in South West Delhi (Dwarka),South West Delhi (Dwarka),False,South West Delhi (Dwarka),28.600915207522405,77.04139695069891
"FIR No. 0604/2025, P.S. Dwarka",2025-10-26 03:41:00,ASSAULT,ASSAULT incident reported in South West Delhi (Dwarka),South West Delhi (Dwarka),True,South West Delhi (Dwarka),28.59769799778628,77.0550990699756
"FIR No. 0020/2023, P.S. Dwarka",2023-04-15 09:41:00,ROBBERY,ROBBERY incident reported in South West Delhi (Dwarka),South West Delhi (Dwarka),True,South West Delhi (Dwarka),28.59962305796485,77.06444549440332
"FIR No. 0319/2023, P.S. Parliament Street",2023-06-30 12:15:00,THEFT,THEFT incident reported in New Delhi (Parliament Street),New Delhi (Parliament Street),False,New Delhi (Parliament Street),28.6160056961077,77.21650122854484
80109597/2026,2026-03-18 02:04:00,THEFT,THEFT incident reported in Central Delhi (Connaught Place),Central Delhi (Connaught Place),True,Central Delhi (Connaught Place),28.651986287857795,77.2391378751815
"FIR No. 0238/2026, P.S. Hauz Khas",2026-05-01 18:14:00,THEFT,THEFT incident reported in South Delhi (Hauz Khas),South Delhi (Hauz Khas),False,South Delhi (Hauz Khas),28.540670033301904,77.18977399552757
"FIR No. 0196/2026, P.S. Rohini",2026-03-13 07:58:00,THEFT,THEFT incident reported in North West Delhi (Rohini),North West Delhi (Rohini),False,North West Delhi (Rohini),28.70980247946466,77.09407696043456
"FIR No. 0082/2026, P.S. Connaught Place",2026-01-08 18:47:00,THEFT,THEFT incident reported in Central Delhi (Connaught Place),Central Delhi (Connaught Place),False,Central Delhi (Connaught Place),28.634284668442017,77.2131251822176
"FIR No. 0074/2025, P.S. Rohini",2025-10-03 01:05:00,ASSAULT,ASSAULT incident reported in North West Delhi (Rohini),North West Delhi (Rohini),False,North West Delhi (Rohini),28.72325377558689,77.10274467907506
"FIR No. 0592/2024, P.S. Dwarka",2024-08-18 17:24:00,ASSAULT,ASSAULT incident reported in South West Delhi (Dwarka),South West Delhi (Dwarka),False,South West Delhi (Dwarka),28.5850856182741,77.02526571129793
"FIR No. 0367/2023, P.S. Connaught Place",2023-09-12 12:36:00,ROBBERY,ROBBERY incident reported in Central Delhi (Connaught Place),Central Delhi (Connaught Place),False,Central Delhi (Connaught Place),28.61560470775096,77.19476653271082
"FIR No. 0049/2025, P.S. Dwarka",2025-01-14 21:23:00,ASSAULT,ASSAULT incident reported in South West Delhi (Dwarka),South West Delhi (Dwarka),False,South West Delhi (Dwarka),28.59705447662904,77.03614853100846
88356772/2023,2023-05-29 04:04:00,THEFT,THEFT incident reported in East Delhi (Preet Vihar),East Delhi (Preet Vihar),False,East Delhi (Preet Vihar),28.63600551069838,77.30576318841541
"FIR No. 0473/2024, P.S. Preet Vihar",2024-09-07 00:05:00,OTHER,OTHER incident reported in East Delhi (Preet Vihar),East Delhi (Preet Vihar),False,East Delhi (Preet Vihar),28.62367420105231,77.29232012077715
"FIR No. 0356/2026, P.S. Dwarka",2026-08-19 09:48:00,ROBBERY,ROBBERY incident reported in South West Delhi (Dwarka),South West Delhi (Dwarka),False,South West Delhi (Dwarka),28.58355436474728,77.03888035614834
81544682/2026,2026-05-28 18:33:00,KIDNAPPING,KIDNAPPING incident reported in North West Delhi (Rohini),North West Delhi (Rohini),True,North West Delhi (Rohini),28.714498204594,77.0930639167997
"FIR No. 0339/2023, P.S. Hauz Khas",2023-08-17 02:40:00,THEFT,THEFT incident reported in South Delhi (Hauz Khas),South Delhi (Hauz Khas),True,South Delhi (Hauz Khas),28.568321740810926,77.21093436639593
"FIR No. 0021/2025, P.S. Dwarka",2025-01-14 16:10:00,THEFT,THEFT incident reported in South West Delhi (Dwarka),South West Delhi (Dwarka),False,South West Delhi (Dwarka),28.56184342552681,77.03198761749755
"FIR No. 0129/2025, P.S. Hauz Khas",2025-02-18 07:43:00,ASSAULT,ASSAULT incident reported in South Delhi (Hauz Khas),South Delhi (Hauz Khas),False,South Delhi (Hauz Khas),28.534819890402947,77.19966853595116
83889368/2026,2026-08-14 06:15:00,BURGLARY,BURGLARY incident reported in South Delhi (Hauz Khas),South Delhi (Hauz Khas),False,South Delhi (Hauz Khas),28.53442247885641,77.22094492266883
"FIR No. 0102/2023, P.S. Connaught Place",2023-05-18 00:04:00,BURGLARY,BURGLARY incident reported in Central Delhi (Connaught Place),Central Delhi (Connaught Place),False,Central Delhi (Connaught Place),28.63977643564772,77.2153244641728
"FIR No. 0179/2025, P.S. Connaught Place",2025-09-29 15:23:00,THEFT,THEFT incident reported in Central Delhi (Connaught Place),Central Delhi (Connaught Place),False,Central Delhi (Connaught Place),28.60491669384881,77.19276642075495
80355258/2026,2026-01-22 16:40:00,ASSAULT,ASSAULT incident reported in Central Delhi (Connaught Place),Central Delhi (Connaught Place),False,Central Delhi (Connaught Place),28.63677264733438,77.22315069882794
"FIR No. 0267/2024, P.S. Preet Vihar",2024-03-01 07:51:00,THEFT,THEFT incident reported in East Delhi (Preet Vihar),East Delhi (Preet Vihar),False,East Delhi (Preet Vihar),28.65634079250866,77.31259114297245
"FIR No. 0101/2023, P.S. Hauz Khas",2023-08-18 11:37:00,THEFT,THEFT incident reported in South Delhi (Hauz Khas),South Delhi (Hauz Khas),False,South Delhi (Hauz Khas),28.563392631988343,77.2058046960159
"FIR No. 0282/2025, P.S. Connaught Place",2025-04-05 13:32:00,THEFT,THEFT incident reported in Central Delhi (Connaught Place),Central Delhi (Connaught Place),False,Central Delhi (Connaught Place),28.630837004477108,77.20156661072575
"FIR No. 0061/2026, P.S. Rohini",2026-01-06 20:58:00,BURGLARY,BURGLARY incident reported in North West Delhi (Rohini),North West Delhi (Rohini),False,North West Delhi (Rohini),28.6870624675445,77.07891141971767
"FIR No. 0626/2026, P.S. Hauz Khas",2026-08-25 00:46:00,KIDNAPPING,KIDNAPPING incident reported in South Delhi (Hauz Khas),South Delhi (Hauz Khas),False,South Delhi (Hauz Khas),28.559064386096367,77.21515127167119
"FIR No. 0417/2026, P.S. Preet Vihar",2026-08-28 23:55:00,THEFT,THEFT incident reported in East Delhi (Preet Vihar),East Delhi (Preet Vihar),False,East Delhi (Preet Vihar),28.646133511430147,77.29631380506551
"FIR No. 0398/2025, P.S. Rohini",2025-04-13 09:21:00,ASSAULT,ASSAULT incident reported in North West Delhi (Rohini),North West Delhi (Rohini),False,North West Delhi (Rohini),28.718528647327823,77.10890391109106
"FIR No. 0549/2023, P.S. Connaught Place",2023-06-29 22:34:00,OTHER,OTHER incident reported in Central Delhi (Connaught Place),Central Delhi (Connaught Place),False,Central Delhi (Connaught Place),28.63244025645336,77.21932577789732
"FIR No. 0020/2024, P.S. Parliament Street",2024-12-27 06:52:00,ASSAULT,ASSAULT incident reported in New Delhi (Parliament Street),New Delhi (Parliament Street),False,New Delhi (Parliament Street),28.61715005806941,77.19468550932577
"FIR No. 0160/2023, P.S. Connaught Place",2023-11-20 04:15:00,THEFT,THEFT incident reported in Central Delhi (Connaught Place),Central Delhi (Connaught Place),False,Central Delhi (Connaught Place),28.64722922129704,77.1797739944801
"FIR No. 0575/2025, P.S. Hauz Khas",2025-11-19 05:46:00,THEFT,THEFT incident reported in South Delhi (Hauz Khas),South Delhi (Hauz Khas),False,South Delhi (Hauz Khas),28.53558181684724,77.2231562455379
"FIR No. 0026/2025, P.S. Hauz Khas",2025-07-27 04:29:00,THEFT,THEFT incident reported in South Delhi (Hauz Khas),South Delhi (Hauz Khas),False,South Delhi (Hauz Khas),28.54276743487436,77.19010994040909
"FIR No. 1143/2025, P.S. Hauz Khas",2025-12-15 13:36:00,ROBBERY,ROBBERY incident reported in South Delhi (Hauz Khas),South Delhi (Hauz Khas),False,South Delhi (Hauz Khas),28.535900753880743,77.22369171252285
"FIR No. 0108/2025, P.S. Connaught Place",2025-12-06 06:03:00,BURGLARY,BURGLARY incident reported in Central Delhi (Connaught Place),Central Delhi (Connaught Place),True,Central Delhi (Connaught Place),28.63908463944552,77.19555216868987
"FIR No. 0567/2026, P.S. Parliament Street",2026-06-15 05:33:00,OTHER,OTHER incident reported in New Delhi (Parliament Street),New Delhi (Parliament Street),False,New Delhi (Parliament Street),28.628887786782222,77.20441482905005
"FIR No. 0035/2024, P.S. Hauz Khas",2024-01-28 08:35:00,BURGLARY,BURGLARY incident reported in South Delhi (Hauz Khas),South Delhi (Hauz Khas),False,South Delhi (Hauz Khas),28.553211101839032,77.20728602395553
"FIR No. 0358/2023, P.S. Preet Vihar",2023-08-29 20:23:00,THEFT,THEFT incident reported in East Delhi (Preet Vihar),East Delhi (Preet Vihar),False,East Delhi (Preet Vihar),28.642337593689245,77.28582294876826
"FIR No. 0638/2023, P.S. Preet Vihar",2023-10-13 20:04:00,THEFT,THEFT incident reported in East Delhi (Preet Vihar),East Delhi (Preet Vihar),True,East Delhi (Preet Vihar),28.65971158499045,77.29405306005143
"FIR No. 0179/2023, P.S. Connaught Place",2023-07-16 10:28:00,THEFT,THEFT incident reported in Central Delhi (Connaught Place),Central Delhi (Connaught Place),True,Central Delhi (Connaught Place),28.64745583559566,77.2352739265564
"FIR No. 0055/2026, P.S. Connaught Place",2026-01-30 14:50:00,THEFT,THEFT incident reported in Central Delhi (Connaught Place),Central Delhi (Connaught Place),True,Central Delhi (Connaught Place),28.62181442356759,77.19268601188384
"FIR No. 0570/2025, P.S. Connaught Place",2025-09-10 04:57:00,THEFT,THEFT incident reported in Central Delhi (Connaught Place),Central Delhi (Connaught Place),False,Central Delhi (Connaught Place),28.619510564219244,77.21147292571857
"FIR No. 0215/2023, P.S. Connaught Place",2023-06-20 01:21:00,ROBBERY,ROBBERY incident reported in Central Delhi (Connaught Place),Central Delhi (Connaught Place),False,Central Delhi (Connaught Place),28.62428263881564,77.22894497510467
"FIR No. 0215/2025, P.S. Parliament Street",2025-11-01 06:49:00,THEFT,THEFT incident reported in New Delhi (Parliament Street),New Delhi (Parliament Street),False,New Delhi (Parliament Street),28.658118777149003,77.19066008501973
"FIR No. 0526/2026, P.S. Connaught Place",2026-08-13 20:21:00,ASSAULT,ASSAULT incident reported in Central Delhi (Connaught Place),Central Delhi (Connaught Place),True,Central Delhi (Connaught Place),28.629148712961385,77.19703622145141
"FIR No. 0427/2025, P.S. Dwarka",2025-11-29 05:06:00,THEFT,THEFT incident reported in South West Delhi (Dwarka),South West Delhi (Dwarka),False,South West Delhi (Dwarka),28.57871641986411,77.0247846293784
"FIR No. 0084/2024, P.S. Preet Vihar",2024-01-20 15:07:00,ROBBERY,ROBBERY incident reported in East Delhi (Preet Vihar),East Delhi (Preet Vihar),True,East Delhi (Preet Vihar),28.628043185515253,77.2667029682706
"FIR No. 0364/2023, P.S. Connaught Place",2023-05-04 20:28:00,ROBBERY,ROBBERY incident reported in Central Delhi (Connaught Place),Central Delhi (Connaught Place),False,Central Delhi (Connaught Place),28.6207228688374,77.20500202440378
82175402/2023,2023-02-04 07:22:00,ASSAULT,ASSAULT incident reported in South West Delhi (Dwarka),South West Delhi (Dwarka),True,South West Delhi (Dwarka),28.60758420345533,77.04377022412815
"FIR No. 0114/2023, P.S. Connaught Place",2023-03-21 01:51:00,THEFT,THEFT incident reported in Central Delhi (Connaught Place),Central Delhi (Connaught Place),False,Central Delhi (Connaught Place),28.627857052422023,77.22215407134904
"FIR No. 0007/2025, P.S. Dwarka",2025-06-14 03:50:00,ASSAULT,ASSAULT incident reported in South West Delhi (Dwarka),South West Delhi (Dwarka),False,South West Delhi (Dwarka),28.56996957798242,77.02811486518702
84758929/2024,2024-11-04 10:47:00,ASSAULT,ASSAULT incident reported in New Delhi (Parliament Street),New Delhi (Parliament Street),False,New Delhi (Parliament Street),28.63383822801808,77.21852710726837
"FIR No. 0016/2026, P.S. Preet Vihar",2026-06-12 18:39:00,ROBBERY,ROBBERY incident reported in East Delhi (Preet Vihar),East Delhi (Preet Vihar),False,East Delhi (Preet Vihar),28.626640344318133,77.28644908452493
"FIR No. 0031/2025, P.S. Parliament Street",2025-08-29 10:32:00,ROBBERY,ROBBERY incident reported in New Delhi (Parliament Street),New Delhi (Parliament Street),True,New Delhi (Parliament Street),28.6214713383176,77.23569460491555
"FIR No. 0469/2024, P.S. Preet Vihar",2024-09-10 22:10:00,THEFT,THEFT incident reported in East Delhi (Preet Vihar),East Delhi (Preet Vihar),True,East Delhi (Preet Vihar),28.661162333234444,77.27501870063396
"FIR No. 0105/2026, P.S. Rohini",2026-04-29 19:13:00,ASSAULT,ASSAULT incident reported in North West Delhi (Rohini),North West Delhi (Rohini),False,North West Delhi (Rohini),28.701287018106783,77.10563615539931
"FIR No. 0349/2026, P.S. Preet Vihar",2026-06-29 04:07:00,ASSAULT,ASSAULT incident reported in East Delhi (Preet Vihar),East Delhi (Preet Vihar),False,East Delhi (Preet Vihar),28.618271011669545,77.2809560578835
88101042/2024,2024-04-27 09:20:00,THEFT,THEFT incident reported in East Delhi (Preet Vihar),East Delhi (Preet Vihar),False,East Delhi (Preet Vihar),28.67119359922751,77.27026441046573
88220134/2026,2026-04-22 13:21:00,THEFT,THEFT incident reported in New Delhi (Parliament Street),New Delhi (Parliament Street),False,New Delhi (Parliament Street),28.623723775471664,77.2223949724134
81229603/2025,2025-10-07 04:10:00,BURGLARY,BURGLARY incident reported in Central Delhi (Connaught Place),Central Delhi (Connaught Place),False,Central Delhi (Connaught Place),28.63243823112621,77.1819890238766
"FIR No. 0686/2025, P.S. Connaught Place",2025-07-17 14:42:00,ASSAULT,ASSAULT incident reported in Central Delhi (Connaught Place),Central Delhi (Connaught Place),False,Central Delhi (Connaught Place),28.618374090629207,77.22315609387906
"FIR No. 0353/2023, P.S. Hauz Khas",2023-12-09 12:17:00,ROBBERY,ROBBERY incident reported in South Delhi (Hauz Khas),South Delhi (Hauz Khas),True,South Delhi (Hauz Khas),28.55492231881396,77.19439842368948
"FIR No. 0205/2023, P.S. Dwarka",2023-04-04 22:55:00,THEFT,THEFT incident reported in South West Delhi (Dwarka),South West Delhi (Dwarka),True,South West Delhi (Dwarka),28.601684396419387,77.06253508287685
80964370/2023,2023-03-19 01:27:00,BURGLARY,BURGLARY incident reported in Central Delhi (Connaught Place),Central Delhi (Connaught Place),False,Central Delhi (Connaught Place),28.637456148555867,77.24606286722477
"FIR No. 0164/2024, P.S. Hauz Khas",2024-12-24 10:43:00,THEFT,THEFT incident reported in South Delhi (Hauz Khas),South Delhi (Hauz Khas),True,South Delhi (Hauz Khas),28.54260550456018,77.2040455877618
"FIR No. 0873/2025, P.S. Hauz Khas",2025-08-26 13:16:00,THEFT,THEFT incident reported in South Delhi (Hauz Khas),South Delhi (Hauz Khas),True,South Delhi (Hauz Khas),28.51273579103169,77.19841336355336
"FIR No. 0210/2026, P.S. Connaught Place",2026-04-08 00:46:00,ASSAULT,ASSAULT incident reported in Central Delhi (Connaught Place),Central Delhi (Connaught Place),False,Central Delhi (Connaught Place),28.63710834374503,77.21639934795806
86899680/2024,2024-11-16 14:05:00,BURGLARY,BURGLARY incident reported in Central Delhi (Connaught Place),Central Delhi (Connaught Place),False,Central Delhi (Connaught Place),28.64021888973025,77.23681040061665
"FIR No. 0340/2023, P.S. Hauz Khas",2023-05-04 02:12:00,ASSAULT,ASSAULT incident reported in South Delhi (Hauz Khas),South Delhi (Hauz Khas),True,South Delhi (Hauz Khas),28.538424097675765,77.21033934147968
"FIR No. 0723/2025, P.S. Parliament Street",2025-10-15 05:44:00,BURGLARY,BURGLARY incident reported in New Delhi (Parliament Street),New Delhi (Parliament Street),False,New Delhi (Parliament Street),28.6260700608461,77.20108561265423
"FIR No. 0465/2024, P.S. Connaught Place",2024-06-30 04:56:00,OTHER,OTHER incident reported in Central Delhi (Connaught Place),Central Delhi (Connaught Place),False,Central Delhi (Connaught Place),28.639704005047733,77.22762463158952
"FIR No. 0463/2024, P.S. Connaught Place",2024-07-06 07:04:00,THEFT,THEFT incident reported in Central Delhi (Connaught Place),Central Delhi (Connaught Place),False,Central Delhi (Connaught Place),28.625486120935523,77.19130525539934
"FIR No. 0001/2023, P.S. Parliament Street",2023-03-18 12:26:00,ASSAULT,ASSAULT incident reported in New Delhi (Parliament Street),New Delhi (Parliament Street),False,New Delhi (Parliament Street),28.657169279154274,77.23602866204531
88837707/2026,2026-02-05 16:02:00,ROBBERY,ROBBERY incident reported in North West Delhi (Rohini),North West Delhi (Rohini),False,North West Delhi (Rohini),28.7246371939782,77.11069682121881
"FIR No. 0077/2023, P.S. Dwarka",2023-09-04 10:00:00,THEFT,THEFT incident reported in South West Delhi (Dwarka),South West Delhi (Dwarka),False,South West Delhi (Dwarka),28.59480130806687,77.06396320099236
83728312/2026,2026-02-28 11:45:00,THEFT,THEFT incident reported in Central Delhi (Connaught Place),Central Delhi (Connaught Place),False,Central Delhi (Connaught Place),28.628858378468315,77.22216329734532
"FIR No. 0456/2024, P.S. Hauz Khas",2024-09-15 13:58:00,ASSAULT,ASSAULT incident reported in South Delhi (Hauz Khas),South Delhi (Hauz Khas),False,South Delhi (Hauz Khas),28.54122400202403,77.19984699048385
"FIR No. 0586/2024, P.S. Hauz Khas",2024-12-21 18:54:00,THEFT,THEFT incident reported in South Delhi (Hauz Khas),South Delhi (Hauz Khas),True,South Delhi (Hauz Khas),28.515014330340385,77.20166044700372
87966667/2026,2026-03-15 09:34:00,THEFT,THEFT incident reported in North West Delhi (Rohini),North West Delhi (Rohini),False,North West Delhi (Rohini),28.69619184741117,77.10964749890897
"FIR No. 0030/2026, P.S. Parliament Street",2026-07-10 18:28:00,BURGLARY,BURGLARY incident reported in New Delhi (Parliament Street),New Delhi (Parliament Street),False,New Delhi (Parliament Street),28.61914555224768,77.2050350263123
"FIR No. 0107/2023, P.S. Hauz Khas",2023-08-06 14:00:00,ASSAULT,ASSAULT incident reported in South Delhi (Hauz Khas),South Delhi (Hauz Khas),True,South Delhi (Hauz Khas),28.55372334680606,77.18737023915808
"FIR No. 0433/2026, P.S. Hauz Khas",2026-06-14 10:21:00,THEFT,THEFT incident reported in South Delhi (Hauz Khas),South Delhi (Hauz Khas),False,South Delhi (Hauz Khas),28.547096722689776,77.2109033287596
"FIR No. 0152/2025, P.S. Parliament Street",2025-06-24 18:49:00,THEFT,THEFT incident reported in New Delhi (Parliament Street),New Delhi (Parliament Street),False,New Delhi (Parliament Street),28.612672298499007,77.2205043759008
"FIR No. 0406/2023, P.S. Dwarka",2023-07-27 01:35:00,ASSAULT,ASSAULT incident reported in South West Delhi (Dwarka),South West Delhi (Dwarka),False,South West Delhi (Dwarka),28.588283190735915,77.05999109776592
"FIR No. 0194/2023, P.S. Rohini",2023-12-21 03:54:00,ASSAULT,ASSAULT incident reported in North West Delhi (Rohini),North West Delhi (Rohini),True,North West Delhi (Rohini),28.697530875623016,77.1089093477303
82578270/2025,2025-02-13 08:48:00,THEFT,THEFT incident reported in Central Delhi (Connaught Place),Central Delhi (Connaught Place),False,Central Delhi (Connaught Place),28.61985825228624,77.19204209073426
84333164/2024,2024-11-19 08:21:00,ROBBERY,ROBBERY incident reported in North West Delhi (Rohini),North West Delhi (Rohini),False,North West Delhi (Rohini),28.711938773227192,77.0860165904088
"FIR No. 0475/2025, P.S. Connaught Place",2025-08-26 03:05:00,BURGLARY,BURGLARY incident reported in Central Delhi (Connaught Place),Central Delhi (Connaught Place),False,Central Delhi (Connaught Place),28.614705039263345,77.19104832052864
"FIR No. 0330/2023, P.S. Hauz Khas",2023-06-22 16:33:00,ROBBERY,ROBBERY incident reported in South Delhi (Hauz Khas),South Delhi (Hauz Khas),False,South Delhi (Hauz Khas),28.534801416437304,77.19741818504636
"FIR No. 0195/2023, P.S. Hauz Khas",2023-05-11 09:17:00,ROBBERY,ROBBERY incident reported in South Delhi (Hauz Khas),South Delhi (Hauz Khas),False,South Delhi (Hauz Khas),28.55232864947406,77.18783851744256
"FIR No. 0416/2025, P.S. Rohini",2025-07-12 22:38:00,THEFT,THEFT incident reported in North West Delhi (Rohini),North West Delhi (Rohini),False,North West Delhi (Rohini),28.71754765770561,77.09182819893401
"FIR No. 0083/2025, P.S. Hauz Khas",2025-02-24 11:52:00,THEFT,THEFT incident reported in South Delhi (Hauz Khas),South Delhi (Hauz Khas),False,South Delhi (Hauz Khas),28.560486872419773,77.19934151359719
"FIR No. 0293/2024, P.S. Dwarka",2024-04-07 06:46:00,ROBBERY,ROBBERY incident reported in South West Delhi (Dwarka),South West Delhi (Dwarka),True,South West Delhi (Dwarka),28.579392299028488,77.05855286358462
"FIR No. 0746/2024, P.S. Hauz Khas",2024-11-24 21:21:00,THEFT,THEFT incident reported in South Delhi (Hauz Khas),South Delhi (Hauz Khas),False,South Delhi (Hauz Khas),28.52040029564328,77.2115688964992
"FIR No. 0173/2025, P.S. Connaught Place",2025-10-14 10:17:00,ASSAULT,ASSAULT incident reported in Central Delhi (Connaught Place),Central Delhi (Connaught Place),False,Central Delhi (Connaught Place),28.62097433418727,77.22456506398396
"FIR No. 0136/2023, P.S. Preet Vihar",2023-03-17 23:04:00,BURGLARY,BURGLARY incident reported in East Delhi (Preet Vihar),East Delhi (Preet Vihar),False,East Delhi (Preet Vihar),28.62086591612254,77.28295536868634
"FIR No. 0418/2024, P.S. Dwarka",2024-08-22 17:16:00,BURGLARY,BURGLARY incident reported in South West Delhi (Dwarka),South West Delhi (Dwarka),False,South West Delhi (Dwarka),28.602198663270823,77.05403802037088
"FIR No. 0032/2024, P.S. Rohini",2024-04-25 18:09:00,BURGLARY,BURGLARY incident reported in North West Delhi (Rohini),North West Delhi (Rohini),True,North West Delhi (Rohini),28.713120793452592,77.10762603831199
"FIR No. 0810/2026, P.S. Dwarka",2026-08-20 16:37:00,ASSAULT,ASSAULT incident reported in South West Delhi (Dwarka),South West Delhi (Dwarka),False,South West Delhi (Dwarka),28.575498514847983,77.01948502766611
"FIR No. 0061/2025, P.S. Hauz Khas",2025-11-04 16:13:00,THEFT,THEFT incident reported in South Delhi (Hauz Khas),South Delhi (Hauz Khas),False,South Delhi (Hauz Khas),28.538517019675943,77.21373816976444
"FIR No. 0473/2025, P.S. Dwarka",2025-11-10 16:59:00,ASSAULT,ASSAULT incident reported in South West Delhi (Dwarka),South West Delhi (Dwarka),True,South West Delhi (Dwarka),28.608632971065003,77.05661172577783
"FIR No. 0400/2024, P.S. Connaught Place",2024-06-29 15:04:00,ROBBERY,ROBBERY incident reported in Central Delhi (Connaught Place),Central Delhi (Connaught Place),True,Central Delhi (Connaught Place),28.620722791868825,77.23457538061443
"FIR No. 0139/2026, P.S. Hauz Khas",2026-03-13 02:50:00,THEFT,THEFT incident reported in South Delhi (Hauz Khas),South Delhi (Hauz Khas),True,South Delhi (Hauz Khas),28.54211320325191,77.22037033051281
"FIR No. 0316/2026, P.S. Hauz Khas",2026-06-21 17:26:00,BURGLARY,BURGLARY incident reported in South Delhi (Hauz Khas),South Delhi (Hauz Khas),False,South Delhi (Hauz Khas),28.57056138902145,77.18994908208465
"FIR No. 0608/2024, P.S. Rohini",2024-10-23 14:37:00,ASSAULT,ASSAULT incident reported in North West Delhi (Rohini),North West Delhi (Rohini),False,North West Delhi (Rohini),28.70650731525745,77.09884157846308
81826343/2025,2025-08-12 12:13:00,ASSAULT,ASSAULT incident reported in South Delhi (Hauz Khas),South Delhi (Hauz Khas),False,South Delhi (Hauz Khas),28.54008169917225,77.21601359409712
"FIR No. 0520/2023, P.S. Hauz Khas",2023-10-08 09:26:00,ASSAULT,ASSAULT incident reported in South Delhi (Hauz Khas),South Delhi (Hauz Khas),False,South Delhi (Hauz Khas),28.54262312079804,77.20407977324561
"FIR No. 0253/2023, P.S. Parliament Street",2023-05-31 11:16:00,ASSAULT,ASSAULT incident reported in New Delhi (Parliament Street),New Delhi (Parliament Street),True,New Delhi (Parliament Street),28.643976386939634,77.20361907550853
80071706/2023,2023-03-30 06:58:00,THEFT,THEFT incident reported in South Delhi (Hauz Khas),South Delhi (Hauz Khas),False,South Delhi (Hauz Khas),28.560505623672853,77.17619617638988
"FIR No. 0936/2025, P.S. Connaught Place",2025-12-06 23:57:00,KIDNAPPING,KIDNAPPING incident reported in Central Delhi (Connaught Place),Central Delhi (Connaught Place),False,Central Delhi (Connaught Place),28.615894697635973,77.2408331772947
"FIR No. 0738/2025, P.S. Connaught Place",2025-10-24 23:15:00,ASSAULT,ASSAULT incident reported in Central Delhi (Connaught Place),Central Delhi (Connaught Place),True,Central Delhi (Connaught Place),28.64558037019712,77.2474369177186
"FIR No. 0076/2024, P.S. Connaught Place",2024-04-13 15:34:00,THEFT,THEFT incident reported in Central Delhi (Connaught Place),Central Delhi (Connaught Place),True,Central Delhi (Connaught Place),28.62436351220231,77.23553661257681
"FIR No. 0062/2023, P.S. Hauz Khas",2023-05-31 02:19:00,OTHER,OTHER incident reported in South Delhi (Hauz Khas),South Delhi (Hauz Khas),False,South Delhi (Hauz Khas),28.558669131180867,77.20034159693874
"FIR No. 0246/2024, P.S. Dwarka",2024-05-13 08:01:00,THEFT,THEFT incident reported in South West Delhi (Dwarka),South West Delhi (Dwarka),True,South West Delhi (Dwarka),28.596094805011354,77.08804952110913
"FIR No. 0037/2026, P.S. Connaught Place",2026-06-09 13:20:00,THEFT,THEFT incident reported in Central Delhi (Connaught Place),Central Delhi (Connaught Place),True,Central Delhi (Connaught Place),28.619933289172355,77.22066971727034
"FIR No. 0608/2025, P.S. Hauz Khas",2025-08-15 08:43:00,ROBBERY,ROBBERY incident reported in South Delhi (Hauz Khas),South Delhi (Hauz Khas),False,South Delhi (Hauz Khas),28.55194166206184,77.21492787546899
"FIR No. 0003/2026, P.S. Dwarka",2026-03-22 04:00:00,THEFT,THEFT incident reported in South West Delhi (Dwarka),South West Delhi (Dwarka),True,South West Delhi (Dwarka),28.61205908627184,77.04084948158912
"FIR No. 0148/2023, P.S. Rohini",2023-04-24 16:30:00,ASSAULT,ASSAULT incident reported in North West Delhi (Rohini),North West Delhi (Rohini),True,North West Delhi (Rohini),28.708432149813422,77.07712559826115
"FIR No. 0999/2023, P.S. Connaught Place",2023-12-31 09:13:00,THEFT,THEFT incident reported in Central Delhi (Connaught Place),Central Delhi (Connaught Place),False,Central Delhi (Connaught Place),28.63060100091885,77.2062250419259
"FIR No. 0183/2023, P.S. Hauz Khas",2023-12-28 01:14:00,THEFT,THEFT incident reported in South Delhi (Hauz Khas),South Delhi (Hauz Khas),False,South Delhi (Hauz Khas),28.568855861397143,77.17533862872027
"FIR No. 0453/2025, P.S. Rohini",2025-08-05 15:36:00,OTHER,OTHER incident reported in North West Delhi (Rohini),North West Delhi (Rohini),False,North West Delhi (Rohini),28.714881328299143,77.07539262311242
86200613/2024,2024-01-17 22:39:00,THEFT,THEFT incident reported in South Delhi (Hauz Khas),South Delhi (Hauz Khas),False,South Delhi (Hauz Khas),28.522730578994032,77.19790957101993
86460330/2025,2025-06-28 12:00:00,THEFT,THEFT incident reported in North West Delhi (Rohini),North West Delhi (Rohini),False,North West Delhi (Rohini),28.711952627491584,77.09845142511719
84553897/2023,2023-03-06 22:54:00,ROBBERY,ROBBERY incident reported in Central Delhi (Connaught Place),Central Delhi (Connaught Place),False,Central Delhi (Connaught Place),28.617552259149694,77.19621186736346
83004086/2025,2025-07-24 22:38:00,THEFT,THEFT incident reported in North West Delhi (Rohini),North West Delhi (Rohini),True,North West Delhi (Rohini),28.727037789737484,77.09776670139519
85469237/2024,2024-11-13 05:33:00,ASSAULT,ASSAULT incident reported in Central Delhi (Connaught Place),Central Delhi (Connaught Place),False,Central Delhi (Connaught Place),28.64503905091884,77.22809461489385
82183234/2026,2026-07-06 18:19:00,BURGLARY,BURGLARY incident reported in South West Delhi (Dwarka),South West Delhi (Dwarka),False,South West Delhi (Dwarka),28.59835782289296,77.03911238986167
"FIR No. 0800/2025, P.S. Preet Vihar",2025-12-27 02:25:00,ROBBERY,ROBBERY incident reported in East Delhi (Preet Vihar),East Delhi (Preet Vihar),False,East Delhi (Preet Vihar),28.645402096781662,77.29283478399586
"FIR No. 0124/2023, P.S. Connaught Place",2023-10-28 18:03:00,OTHER,OTHER incident reported in Central Delhi (Connaught Place),Central Delhi (Connaught Place),False,Central Delhi (Connaught Place),28.66891398533645,77.19700220904775
86724426/2023,2023-11-09 12:20:00,ASSAULT,ASSAULT incident reported in Central Delhi (Connaught Place),Central Delhi (Connaught Place),False,Central Delhi (Connaught Place),28.62671321923712,77.21529123339732
"FIR No. 0034/2026, P.S. Preet Vihar",2026-01-06 08:09:00,BURGLARY,BURGLARY incident reported in East Delhi (Preet Vihar),East Delhi (Preet Vihar),False,East Delhi (Preet Vihar),28.65069091645209,77.29685089152103
"FIR No. 0369/2023, P.S. Connaught Place",2023-09-02 17:09:00,ROBBERY,ROBBERY incident reported in Central Delhi (Connaught Place),Central Delhi (Connaught Place),True,Central Delhi (Connaught Place),28.6413260864232,77.23876200153893
85367945/2023,2023-09-04 19:30:00,THEFT,THEFT incident reported in South Delhi (Hauz Khas),South Delhi (Hauz Khas),False,South Delhi (Hauz Khas),28.56249276923893,77.1959380675889
"FIR No. 0689/2026, P.S. Connaught Place",2026-08-17 08:52:00,ASSAULT,ASSAULT incident reported in Central Delhi (Connaught Place),Central Delhi (Connaught Place),False,Central Delhi (Connaught Place),28.622644260197674,77.21324550790918
86792247/2024,2024-04-08 07:17:00,THEFT,THEFT incident reported in New Delhi (Parliament Street),New Delhi (Parliament Street),True,New Delhi (Parliament Street),28.62473620580477,77.2244790483795
"FIR No. 0036/2026, P.S. Parliament Street",2026-03-14 20:48:00,ASSAULT,ASSAULT incident reported in New Delhi (Parliament Street),New Delhi (Parliament Street),False,New Delhi (Parliament Street),28.6205280513673,77.22212481939802
"FIR No. 0386/2025, P.S. Dwarka",2025-09-17 21:17:00,THEFT,THEFT incident reported in South West Delhi (Dwarka),South West Delhi (Dwarka),False,South West Delhi (Dwarka),28.58781227867212,77.04182870867653
"FIR No. 0465/2023, P.S. Parliament Street",2023-12-16 07:00:00,KIDNAPPING,KIDNAPPING incident reported in New Delhi (Parliament Street),New Delhi (Parliament Street),False,New Delhi (Parliament Street),28.61823147474001,77.22262817254182
83577346/2023,2023-01-29 01:39:00,ASSAULT,ASSAULT incident reported in North West Delhi (Rohini),North West Delhi (Rohini),False,North West Delhi (Rohini),28.67255059648684,77.09232142883592
86495370/2025,2025-01-03 08:33:00,ROBBERY,ROBBERY incident reported in South West Delhi (Dwarka),South West Delhi (Dwarka),False,South West Delhi (Dwarka),28.61452723417942,77.04094034759332
"FIR No. 0006/2023, P.S. Dwarka",2023-11-17 23:29:00,BURGLARY,BURGLARY incident reported in South West Delhi (Dwarka),South West Delhi (Dwarka),False,South West Delhi (Dwarka),28.57719113285768,77.05641354522733
"FIR No. 0214/2025, P.S. Dwarka",2025-05-14 17:33:00,ASSAULT,ASSAULT incident reported in South West Delhi (Dwarka),South West Delhi (Dwarka),False,South West Delhi (Dwarka),28.59418373333774,77.06827063149139
"FIR No. 0037/2024, P.S. Rohini",2024-04-08 16:55:00,THEFT,THEFT incident reported in North West Delhi (Rohini),North West Delhi (Rohini),False,North West Delhi (Rohini),28.71568798889583,77.10647923867806
82522709/2026,2026-06-02 22:33:00,THEFT,THEFT incident reported in South Delhi (Hauz Khas),South Delhi (Hauz Khas),False,South Delhi (Hauz Khas),28.556155038926665,77.2238811825025
"FIR No. 0037/2026, P.S. Hauz Khas",2026-01-06 16:31:00,THEFT,THEFT incident reported in South Delhi (Hauz Khas),South Delhi (Hauz Khas),False,South Delhi (Hauz Khas),28.541738437042703,77.21430202550272
88469224/2024,2024-12-16 06:15:00,ASSAULT,ASSAULT incident reported in New Delhi (Parliament Street),New Delhi (Parliament Street),False,New Delhi (Parliament Street),28.60912202854252,77.25378814835626
"FIR No. 0140/2024, P.S. Hauz Khas",2024-02-05 19:01:00,ASSAULT,ASSAULT incident reported in South Delhi (Hauz Khas),South Delhi (Hauz Khas),True,South Delhi (Hauz Khas),28.55503772254153,77.20339443522658
83824900/2025,2025-09-18 08:16:00,OTHER,OTHER incident reported in East Delhi (Preet Vihar),East Delhi (Preet Vihar),False,East Delhi (Preet Vihar),28.613205068932228,77.29030463021496
86790964/2023,2023-01-01 22:38:00,THEFT,THEFT incident reported in South Delhi (Hauz Khas),South Delhi (Hauz Khas),False,South Delhi (Hauz Khas),28.572243348531195,77.19056805126922
80016528/2025,2025-12-06 23:13:00,THEFT,THEFT incident reported in South Delhi (Hauz Khas),South Delhi (Hauz Khas),False,South Delhi (Hauz Khas),28.555034735639524,77.22463375401311
"FIR No. 0129/2025, P.S. Dwarka",2025-04-02 03:53:00,BURGLARY,BURGLARY incident reported in South West Delhi (Dwarka),South West Delhi (Dwarka),False,South West Delhi (Dwarka),28.57300493135367,77.02803153739369
"FIR No. 0610/2026, P.S. Rohini",2026-07-23 22:37:00,THEFT,THEFT incident reported in North West Delhi (Rohini),North West Delhi (Rohini),False,North West Delhi (Rohini),28.712780758182213,77.10591365954559
"FIR No. 0118/2024, P.S. Preet Vihar",2024-05-14 05:04:00,ROBBERY,ROBBERY incident reported in East Delhi (Preet Vihar),East Delhi (Preet Vihar),False,East Delhi (Preet Vihar),28.63466221220027,77.32231741520353
"FIR No. 0336/2025, P.S. Rohini",2025-08-06 17:19:00,THEFT,THEFT incident reported in North West Delhi (Rohini),North West Delhi (Rohini),True,North West Delhi (Rohini),28.718184828760624,77.09214120897776
"FIR No. 0051/2023, P.S. Dwarka",2023-01-09 00:00:00,ROBBERY,ROBBERY incident reported in South West Delhi (Dwarka),South West Delhi (Dwarka),True,South West Delhi (Dwarka),28.56791240924138,77.0534196876026
"FIR No. 0064/2023, P.S. Dwarka",2023-05-10 17:48:00,ASSAULT,ASSAULT incident reported in South West Delhi (Dwarka),South West Delhi (Dwarka),False,South West Delhi (Dwarka),28.61832419887359,77.03475636041392
"FIR No. 0044/2023, P.S. Connaught Place",2023-03-24 03:31:00,BURGLARY,BURGLARY incident reported in Central Delhi (Connaught Place),Central Delhi (Connaught Place),False,Central Delhi (Connaught Place),28.616991458934947,77.20312268804497
"FIR No. 0270/2023, P.S. Connaught Place",2023-09-06 08:36:00,ASSAULT,ASSAULT incident reported in Central Delhi (Connaught Place),Central Delhi (Connaught Place),False,Central Delhi (Connaught Place),28.624556400244195,77.22884244236324
"FIR No. 0768/2025, P.S. Hauz Khas",2025-11-07 17:55:00,THEFT,THEFT incident reported in South Delhi (Hauz Khas),South Delhi (Hauz Khas),True,South Delhi (Hauz Khas),28.51300464181912,77.21230222632711
"FIR No. 0355/2025, P.S. Connaught Place",2025-04-05 12:06:00,BURGLARY,BURGLARY incident reported in Central Delhi (Connaught Place),Central Delhi (Connaught Place),False,Central Delhi (Connaught Place),28.630470167484656,77.216734126615
"FIR No. 0261/2025, P.S. Preet Vihar",2025-04-13 21:11:00,THEFT,THEFT incident reported in East Delhi (Preet Vihar),East Delhi (Preet Vihar),False,East Delhi (Preet Vihar),28.644159253515305,77.3261676093955
"FIR No. 0073/2026, P.S. Preet Vihar",2026-01-10 22:05:00,THEFT,THEFT incident reported in East Delhi (Preet Vihar),East Delhi (Preet Vihar),False,East Delhi (Preet Vihar),28.623306040001044,77.30092574057599
"FIR No. 0116/2023, P.S. Rohini",2023-01-25 07:24:00,ASSAULT,ASSAULT incident reported in North West Delhi (Rohini),North West Delhi (Rohini),False,North West Delhi (Rohini),28.686443016727143,77.12169450885389
"FIR No. 0307/2023, P.S. Hauz Khas",2023-10-09 06:31:00,KIDNAPPING,KIDNAPPING incident reported in South Delhi (Hauz Khas),South Delhi (Hauz Khas),False,South Delhi (Hauz Khas),28.535925264818765,77.18921122340805
"FIR No. 0005/2023, P.S. Connaught Place",2023-01-12 05:11:00,BURGLARY,BURGLARY incident reported in Central Delhi (Connaught Place),Central Delhi (Connaught Place),False,Central Delhi (Connaught Place),28.6238978924359,77.20865981223278
"FIR No. 0085/2023, P.S. Rohini",2023-01-07 13:11:00,THEFT,THEFT incident reported in North West Delhi (Rohini),North West Delhi (Rohini),False,North West Delhi (Rohini),28.70665960798961,77.07947538488804
"FIR No. 0034/2025, P.S. Connaught Place",2025-03-24 16:50:00,THEFT,THEFT incident reported in Central Delhi (Connaught Place),Central Delhi (Connaught Place),False,Central Delhi (Connaught Place),28.631526137009,77.22554634531201
"FIR No. 0005/2026, P.S. Preet Vihar",2026-02-26 17:51:00,ASSAULT,ASSAULT incident reported in East Delhi (Preet Vihar),East Delhi (Preet Vihar),False,East Delhi (Preet Vihar),28.637067179134768,77.29205644084482
"FIR No. 0169/2024, P.S. Hauz Khas",2024-03-16 21:25:00,ROBBERY,ROBBERY incident reported in South Delhi (Hauz Khas),South Delhi (Hauz Khas),False,South Delhi (Hauz Khas),28.578133120155467,77.17674933365261
"FIR No. 0272/2024, P.S. Connaught Place",2024-04-14 21:31:00,THEFT,THEFT incident reported in Central Delhi (Connaught Place),Central Delhi (Connaught Place),True,Central Delhi (Connaught Place),28.617239673365543,77.20378203032918
"FIR No. 0337/2026, P.S. Preet Vihar",2026-07-24 14:12:00,THEFT,THEFT incident reported in East Delhi (Preet Vihar),East Delhi (Preet Vihar),False,East Delhi (Preet Vihar),28.636772197710904,77.30883614691268
81416680/2025,2025-06-17 17:31:00,OTHER,OTHER incident reported in North West Delhi (Rohini),North West Delhi (Rohini),False,North West Delhi (Rohini),28.68267752385469,77.10522431175195
"FIR No. 0099/2026, P.S. Preet Vihar",2026-02-21 22:25:00,ROBBERY,ROBBERY incident reported in East Delhi (Preet Vihar),East Delhi (Preet Vihar),False,East Delhi (Preet Vihar),28.635628027935745,77.29694311251957
"FIR No. 0137/2025, P.S. Rohini",2025-02-19 19:30:00,THEFT,THEFT incident reported in North West Delhi (Rohini),North West Delhi (Rohini),False,North West Delhi (Rohini),28.695707858919004,77.10008674383617
"FIR No. 0524/2026, P.S. Hauz Khas",2026-08-20 01:04:00,THEFT,THEFT incident reported in South Delhi (Hauz Khas),South Delhi (Hauz Khas),False,South Delhi (Hauz Khas),28.53937297172784,77.20294867687208
"FIR No. 0586/2025, P.S. Hauz Khas",2025-07-02 21:05:00,ROBBERY,ROBBERY incident reported in South Delhi (Hauz Khas),South Delhi (Hauz Khas),False,South Delhi (Hauz Khas),28.57228423562336,77.20569980222115
87709050/2024,2024-06-20 18:58:00,ROBBERY,ROBBERY incident reported in South West Delhi (Dwarka),South West Delhi (Dwarka),True,South West Delhi (Dwarka),28.576821058504024,77.02241430626623
"FIR No. 0028/2025, P.S. Dwarka",2025-02-06 17:21:00,THEFT,THEFT incident reported in South West Delhi (Dwarka),South West Delhi (Dwarka),False,South West Delhi (Dwarka),28.609809715292545,77.06741905876994
"FIR No. 0113/2026, P.S. Dwarka",2026-03-11 19:33:00,ROBBERY,ROBBERY incident reported in South West Delhi (Dwarka),South West Delhi (Dwarka),False,South West Delhi (Dwarka),28.60860217819437,77.07027899113294
"FIR No. 0021/2023, P.S. Rohini",2023-01-26 09:46:00,THEFT,THEFT incident reported in North West Delhi (Rohini),North West Delhi (Rohini),True,North West Delhi (Rohini),28.720579126102272,77.10762745809052
"FIR No. 0461/2023, P.S. Dwarka",2023-08-18 17:22:00,BURGLARY,BURGLARY incident reported in South West Delhi (Dwarka),South West Delhi (Dwarka),False,South West Delhi (Dwarka),28.566532038690152,77.08411342573216
"FIR No. 0137/2026, P.S. Hauz Khas",2026-06-09 11:51:00,ROBBERY,ROBBERY incident reported in South Delhi (Hauz Khas),South Delhi (Hauz Khas),False,South Delhi (Hauz Khas),28.57687315520401,77.21697345403759
"FIR No. 0090/2026, P.S. Parliament Street",2026-04-25 10:00:00,THEFT,THEFT incident reported in New Delhi (Parliament Street),New Delhi (Parliament Street),False,New Delhi (Parliament Street),28.63276716842748,77.22999574917426
"FIR No. 0210/2026, P.S. Rohini",2026-06-13 04:53:00,ASSAULT,ASSAULT incident reported in North West Delhi (Rohini),North West Delhi (Rohini),True,North West Delhi (Rohini),28.72180709073567,77.10712963623249
89170948/2026,2026-05-13 05:50:00,ASSAULT,ASSAULT incident reported in South West Delhi (Dwarka),South West Delhi (Dwarka),True,South West Delhi (Dwarka),28.59862242872828,77.04944323386327
"FIR No. 0101/2026, P.S. Hauz Khas",2026-02-05 07:39:00,KIDNAPPING,KIDNAPPING incident reported in South Delhi (Hauz Khas),South Delhi (Hauz Khas),True,South Delhi (Hauz Khas),28.538276155747536,77.20289172538595
"FIR No. 0384/2023, P.S. Rohini",2023-12-16 15:54:00,THEFT,THEFT incident reported in North West Delhi (Rohini),North West Delhi (Rohini),False,North West Delhi (Rohini),28.696434888788364,77.09941628508281
"FIR No. 0042/2023, P.S. Dwarka",2023-05-22 01:47:00,BURGLARY,BURGLARY incident reported in South West Delhi (Dwarka),South West Delhi (Dwarka),True,South West Delhi (Dwarka),28.60294203014497,77.0448525681174
"FIR No. 0214/2025, P.S. Parliament Street",2025-11-05 04:40:00,KIDNAPPING,KIDNAPPING incident reported in New Delhi (Parliament Street),New Delhi (Parliament Street),False,New Delhi (Parliament Street),28.62534354846854,77.23018165754245
"FIR No. 0066/2024, P.S. Hauz Khas",2024-02-02 02:38:00,THEFT,THEFT incident reported in South Delhi (Hauz Khas),South Delhi (Hauz Khas),True,South Delhi (Hauz Khas),28.551957468086112,77.21648638442892
"FIR No. 0161/2025, P.S. Hauz Khas",2025-09-02 04:10:00,ASSAULT,ASSAULT incident reported in South Delhi (Hauz Khas),South Delhi (Hauz Khas),False,South Delhi (Hauz Khas),28.54450098734918,77.20731188486536
"FIR No. 0258/2024, P.S. Hauz Khas",2024-06-28 09:44:00,ASSAULT,ASSAULT incident reported in South Delhi (Hauz Khas),South Delhi (Hauz Khas),False,South Delhi (Hauz Khas),28.561477240301823,77.1713265965524
"FIR No. 0216/2023, P.S. Connaught Place",2023-10-12 00:35:00,THEFT,THEFT incident reported in Central Delhi (Connaught Place),Central Delhi (Connaught Place),False,Central Delhi (Connaught Place),28.64126096708828,77.24365549913846
"FIR No. 0158/2026, P.S. Connaught Place",2026-04-21 18:56:00,THEFT,THEFT incident reported in Central Delhi (Connaught Place),Central Delhi (Connaught Place),True,Central Delhi (Connaught Place),28.64339532207931,77.22545684534659
"FIR No. 1054/2024, P.S. Connaught Place",2024-11-06 13:06:00,BURGLARY,BURGLARY incident reported in Central Delhi (Connaught Place),Central Delhi (Connaught Place),False,Central Delhi (Connaught Place),28.636080164194365,77.21666299244353
"FIR No. 0029/2023, P.S. Parliament Street",2023-01-29 01:45:00,THEFT,THEFT incident reported in New Delhi (Parliament Street),New Delhi (Parliament Street),True,New Delhi (Parliament Street),28.60719284271056,77.24208372902707
83311456/2026,2026-01-17 19:46:00,KIDNAPPING,KIDNAPPING incident reported in Central Delhi (Connaught Place),Central Delhi (Connaught Place),True,Central Delhi (Connaught Place),28.66861837634508,77.21566905936615
"FIR No. 0318/2024, P.S. Parliament Street",2024-06-13 08:41:00,THEFT,THEFT incident reported in New Delhi (Parliament Street),New Delhi (Parliament Street),False,New Delhi (Parliament Street),28.63916508611875,77.1969492457019
"FIR No. 0004/2023, P.S. Parliament Street",2023-01-16 12:22:00,THEFT,THEFT incident reported in New Delhi (Parliament Street),New Delhi (Parliament Street),False,New Delhi (Parliament Street),28.63031723546136,77.21135680675702
"FIR No. 0221/2026, P.S. Parliament Street",2026-04-04 06:23:00,THEFT,THEFT incident reported in New Delhi (Parliament Street),New Delhi (Parliament Street),True,New Delhi (Parliament Street),28.610108624343937,77.25009734151716
"FIR No. 0260/2024, P.S. Hauz Khas",2024-06-04 10:31:00,THEFT,THEFT incident reported in South Delhi (Hauz Khas),South Delhi (Hauz Khas),False,South Delhi (Hauz Khas),28.558245188246232,77.20124069304161
82917825/2026,2026-01-06 16:26:00,OTHER,OTHER incident reported in South West Delhi (Dwarka),South West Delhi (Dwarka),False,South West Delhi (Dwarka),28.60486262221649,77.0585583538116
89445921/2023,2023-04-26 06:17:00,THEFT,THEFT incident reported in East Delhi (Preet Vihar),East Delhi (Preet Vihar),True,East Delhi (Preet Vihar),28.665555303460906,77.32884271498251
"FIR No. 0132/2025, P.S. Connaught Place",2025-03-22 02:39:00,THEFT,THEFT incident reported in Central Delhi (Connaught Place),Central Delhi (Connaught Place),False,Central Delhi (Connaught Place),28.626343693035142,77.23761648792708
87103335/2023,2023-04-06 05:34:00,THEFT,THEFT incident reported in Central Delhi (Connaught Place),Central Delhi (Connaught Place),False,Central Delhi (Connaught Place),28.616593639288343,77.21716900840615
"FIR No. 0438/2023, P.S. Hauz Khas",2023-11-01 01:30:00,ROBBERY,ROBBERY incident reported in South Delhi (Hauz Khas),South Delhi (Hauz Khas),False,South Delhi (Hauz Khas),28.559025013182328,77.2242682810759
84744939/2025,2025-07-07 15:53:00,ROBBERY,ROBBERY incident reported in East Delhi (Preet Vihar),East Delhi (Preet Vihar),False,East Delhi (Preet Vihar),28.64306960548941,77.3002366718664
86943612/2024,2024-12-26 22:39:00,THEFT,THEFT incident reported in South Delhi (Hauz Khas),South Delhi (Hauz Khas),False,South Delhi (Hauz Khas),28.55306535392956,77.2142299085376
"FIR No. 0290/2026, P.S. Hauz Khas",2026-08-18 13:30:00,ASSAULT,ASSAULT incident reported in South Delhi (Hauz Khas),South Delhi (Hauz Khas),True,South Delhi (Hauz Khas),28.54823813498036,77.18857775011793
"FIR No. 0086/2026, P.S. Rohini",2026-01-07 12:09:00,THEFT,THEFT incident reported in North West Delhi (Rohini),North West Delhi (Rohini),False,North West Delhi (Rohini),28.677948602783804,77.10550660661647
"FIR No. 0071/2025, P.S. Parliament Street",2025-05-21 22:35:00,BURGLARY,BURGLARY incident reported in New Delhi (Parliament Street),New Delhi (Parliament Street),False,New Delhi (Parliament Street),28.62504458196269,77.19830618456146
"FIR No. 0207/2025, P.S. Preet Vihar",2025-05-10 07:58:00,ASSAULT,ASSAULT incident reported in East Delhi (Preet Vihar),East Delhi (Preet Vihar),False,East Delhi (Preet Vihar),28.63938689779324,77.2854827535633
"FIR No. 0052/2025, P.S. Dwarka",2025-06-14 23:27:00,BURGLARY,BURGLARY incident reported in South West Delhi (Dwarka),South West Delhi (Dwarka),False,South West Delhi (Dwarka),28.57938919277069,77.02892014175336
80227352/2024,2024-12-06 06:19:00,THEFT,THEFT incident reported in Central Delhi (Connaught Place),Central Delhi (Connaught Place),False,Central Delhi (Connaught Place),28.63625625409589,77.20206684474522
"FIR No. 0056/2024, P.S. Hauz Khas",2024-01-10 05:44:00,ASSAULT,ASSAULT incident reported in South Delhi (Hauz Khas),South Delhi (Hauz Khas),False,South Delhi (Hauz Khas),28.55455865417749,77.21071939189459
"FIR No. 0176/2026, P.S. Hauz Khas",2026-06-23 09:43:00,THEFT,THEFT incident reported in South Delhi (Hauz Khas),South Delhi (Hauz Khas),False,South Delhi (Hauz Khas),28.552648550913418,77.19573411433163
"FIR No. 0027/2025, P.S. Dwarka",2025-01-19 12:59:00,ASSAULT,ASSAULT incident reported in South West Delhi (Dwarka),South West Delhi (Dwarka),False,South West Delhi (Dwarka),28.60494171274961,77.04634169418496
"FIR No. 0038/2025, P.S. Connaught Place",2025-11-13 19:30:00,ASSAULT,ASSAULT incident reported in Central Delhi (Connaught Place),Central Delhi (Connaught Place),False,Central Delhi (Connaught Place),28.631989165101853,77.22059003452819
"FIR No. 0489/2023, P.S. Connaught Place",2023-06-17 00:45:00,KIDNAPPING,KIDNAPPING incident reported in Central Delhi (Connaught Place),Central Delhi (Connaught Place),False,Central Delhi (Connaught Place),28.64796025398456,77.22267243233952
"FIR No. 0507/2024, P.S. Preet Vihar",2024-12-29 20:32:00,KIDNAPPING,KIDNAPPING incident reported in East Delhi (Preet Vihar),East Delhi (Preet Vihar),False,East Delhi (Preet Vihar),28.62752309002306,77.29341852464708
"FIR No. 0270/2024, P.S. Dwarka",2024-07-22 17:32:00,ROBBERY,ROBBERY incident reported in South West Delhi (Dwarka),South West Delhi (Dwarka),False,South West Delhi (Dwarka),28.58165867856008,77.05100419630192
"FIR No. 0782/2024, P.S. Parliament Street",2024-09-05 22:07:00,THEFT,THEFT incident reported in New Delhi (Parliament Street),New Delhi (Parliament Street),False,New Delhi (Parliament Street),28.61630970079017,77.20991811599721
87874529/2024,2024-06-12 09:25:00,THEFT,THEFT incident reported in South West Delhi (Dwarka),South West Delhi (Dwarka),True,South West Delhi (Dwarka),28.591293791429493,77.0305602916277
"FIR No. 0504/2025, P.S. Parliament Street",2025-09-25 19:48:00,THEFT,THEFT incident reported in New Delhi (Parliament Street),New Delhi (Parliament Street),False,New Delhi (Parliament Street),28.62553327502637,77.22933671991889
"FIR No. 0512/2025, P.S. Rohini",2025-08-26 16:02:00,ROBBERY,ROBBERY incident reported in North West Delhi (Rohini),North West Delhi (Rohini),False,North West Delhi (Rohini),28.67831105625938,77.09695916233854
"FIR No. 0397/2024, P.S. Preet Vihar",2024-07-05 17:39:00,THEFT,THEFT incident reported in East Delhi (Preet Vihar),East Delhi (Preet Vihar),False,East Delhi (Preet Vihar),28.64711467312437,77.29621466207256
"FIR No. 0357/2023, P.S. Dwarka",2023-08-27 09:22:00,ROBBERY,ROBBERY incident reported in South West Delhi (Dwarka),South West Delhi (Dwarka),True,South West Delhi (Dwarka),28.596605420426783,77.07574456474336
"FIR No. 0491/2024, P.S. Preet Vihar",2024-12-04 13:42:00,ASSAULT,ASSAULT incident reported in East Delhi (Preet Vihar),East Delhi (Preet Vihar),False,East Delhi (Preet Vihar),28.64508491690212,77.31687656570976
"FIR No. 0234/2023, P.S. Preet Vihar",2023-04-22 05:01:00,BURGLARY,BURGLARY incident reported in East Delhi (Preet Vihar),East Delhi (Preet Vihar),False,East Delhi (Preet Vihar),28.620811441822045,77.33965351540856
"FIR No. 0309/2024, P.S. Hauz Khas",2024-05-13 07:50:00,ROBBERY,ROBBERY incident reported in South Delhi (Hauz Khas),South Delhi (Hauz Khas),False,South Delhi (Hauz Khas),28.57129485491913,77.20250009759214
"FIR No. 0132/2026, P.S. Parliament Street",2026-02-01 16:00:00,ASSAULT,ASSAULT incident reported in New Delhi (Parliament Street),New Delhi (Parliament Street),False,New Delhi (Parliament Street),28.62499788263596,77.22337928782156
"FIR No. 0069/2023, P.S. Connaught Place",2023-01-05 11:43:00,ASSAULT,ASSAULT incident reported in Central Delhi (Connaught Place),Central Delhi (Connaught Place),False,Central Delhi (Connaught Place),28.61788579547447,77.21416038449762
"FIR No. 0398/2025, P.S. Hauz Khas",2025-12-20 11:46:00,THEFT,THEFT incident reported in South Delhi (Hauz Khas),South Delhi (Hauz Khas),True,South Delhi (Hauz Khas),28.56146151984868,77.2182370091052
"FIR No. 0185/2024, P.S. Connaught Place",2024-04-22 23:32:00,THEFT,THEFT incident reported in Central Delhi (Connaught Place),Central Delhi (Connaught Place),True,Central Delhi (Connaught Place),28.645178555221136,77.22026769618606
"FIR No. 0152/2026, P.S. Rohini",2026-05-23 18:22:00,THEFT,THEFT incident reported in North West Delhi (Rohini),North West Delhi (Rohini),False,North West Delhi (Rohini),28.727463787488016,77.08577507913884
"FIR No. 0020/2026, P.S. Connaught Place",2026-02-01 04:24:00,OTHER,OTHER incident reported in Central Delhi (Connaught Place),Central Delhi (Connaught Place),False,Central Delhi (Connaught Place),28.594951336918463,77.22872169769788
"FIR No. 0151/2023, P.S. Parliament Street",2023-03-30 12:22:00,ASSAULT,ASSAULT incident reported in New Delhi (Parliament Street),New Delhi (Parliament Street),False,New Delhi (Parliament Street),28.63453177800908,77.22747816403555
83660626/2023,2023-06-25 21:50:00,THEFT,THEFT incident reported in South Delhi (Hauz Khas),South Delhi (Hauz Khas),True,South Delhi (Hauz Khas),28.539130070309337,77.18145526943364
"FIR No. 0490/2026, P.S. Connaught Place",2026-08-22 16:00:00,THEFT,THEFT incident reported in Central Delhi (Connaught Place),Central Delhi (Connaught Place),False,Central Delhi (Connaught Place),28.64311641146522,77.2163454393774
"FIR No. 0631/2024, P.S. Hauz Khas",2024-09-20 16:30:00,ROBBERY,ROBBERY incident reported in South Delhi (Hauz Khas),South Delhi (Hauz Khas),True,South Delhi (Hauz Khas),28.551225556388168,77.1994845226843
"FIR No. 0032/2023, P.S. Dwarka",2023-02-10 23:16:00,THEFT,THEFT incident reported in South West Delhi (Dwarka),South West Delhi (Dwarka),False,South West Delhi (Dwarka),28.57847330789401,77.05442577018043
80789203/2025,2025-09-13 17:38:00,THEFT,THEFT incident reported in Central Delhi (Connaught Place),Central Delhi (Connaught Place),False,Central Delhi (Connaught Place),28.647943518632395,77.22052728461773
"FIR No. 0439/2024, P.S. Preet Vihar",2024-05-26 18:13:00,THEFT,THEFT incident reported in East Delhi (Preet Vihar),East Delhi (Preet Vihar),True,East Delhi (Preet Vihar),28.64578038509764,77.30973739976697
"FIR No. 0155/2024, P.S. Connaught Place",2024-05-18 12:07:00,THEFT,THEFT incident reported in Central Delhi (Connaught Place),Central Delhi (Connaught Place),False,Central Delhi (Connaught Place),28.63106396323046,77.21240130212873
"FIR No. 0087/2025, P.S. Preet Vihar",2025-12-12 13:03:00,BURGLARY,BURGLARY incident reported in East Delhi (Preet Vihar),East Delhi (Preet Vihar),False,East Delhi (Preet Vihar),28.631817127355408,77.31335372858844
"FIR No. 0039/2025, P.S. Dwarka",2025-01-25 21:15:00,OTHER,OTHER incident reported in South West Delhi (Dwarka),South West Delhi (Dwarka),False,South West Delhi (Dwarka),28.56987928441032,77.0459348965909
"FIR No. 0068/2023, P.S. Dwarka",2023-03-16 17:53:00,THEFT,THEFT incident reported in South West Delhi (Dwarka),South West Delhi (Dwarka),False,South West Delhi (Dwarka),28.593839553001235,77.0575642228367
"FIR No. 0087/2024, P.S. Hauz Khas",2024-02-21 04:23:00,THEFT,THEFT incident reported in South Delhi (Hauz Khas),South Delhi (Hauz Khas),True,South Delhi (Hauz Khas),28.519283707254008,77.19921233166436
"FIR No. 0073/2024, P.S. Dwarka",2024-02-01 20:04:00,ASSAULT,ASSAULT incident reported in South West Delhi (Dwarka),South West Delhi (Dwarka),False,South West Delhi (Dwarka),28.571783288659866,77.05569165203671
"FIR No. 0323/2026, P.S. Hauz Khas",2026-05-12 13:14:00,ASSAULT,ASSAULT incident reported in South Delhi (Hauz Khas),South Delhi (Hauz Khas),False,South Delhi (Hauz Khas),28.550041131951524,77.2289991671762
"FIR No. 0207/2026, P.S. Hauz Khas",2026-07-21 15:47:00,THEFT,THEFT incident reported in South Delhi (Hauz Khas),South Delhi (Hauz Khas),True,South Delhi (Hauz Khas),28.56368208939641,77.17342984056135
"FIR No. 0281/2026, P.S. Connaught Place",2026-03-19 21:34:00,THEFT,THEFT incident reported in Central Delhi (Connaught Place),Central Delhi (Connaught Place),False,Central Delhi (Connaught Place),28.615983297952344,77.19946485481277
"FIR No. 0013/2026, P.S. Preet Vihar",2026-08-03 05:44:00,THEFT,THEFT incident reported in East Delhi (Preet Vihar),East Delhi (Preet Vihar),True,East Delhi (Preet Vihar),28.641083984106807,77.29048427061106
82442975/2023,2023-09-30 19:40:00,ROBBERY,ROBBERY incident reported in East Delhi (Preet Vihar),East Delhi (Preet Vihar),False,East Delhi (Preet Vihar),28.63917010521497,77.29267252709481
88280810/2024,2024-05-01 12:04:00,THEFT,THEFT incident reported in North West Delhi (Rohini),North West Delhi (Rohini),False,North West Delhi (Rohini),28.711687623720948,77.09742348198137
"FIR No. 0050/2025, P.S. Hauz Khas",2025-05-28 23:32:00,OTHER,OTHER incident reported in South Delhi (Hauz Khas),South Delhi (Hauz Khas),True,South Delhi (Hauz Khas),28.562788910519764,77.23077873236245
"FIR No. 0357/2025, P.S. Rohini",2025-09-16 13:32:00,ASSAULT,ASSAULT incident reported in North West Delhi (Rohini),North West Delhi (Rohini),False,North West Delhi (Rohini),28.718320642282816,77.11640822781686
"FIR No. 0411/2025, P.S. Connaught Place",2025-12-03 12:51:00,ASSAULT,ASSAULT incident reported in Central Delhi (Connaught Place),Central Delhi (Connaught Place),True,Central Delhi (Connaught Place),28.62454125470136,77.23436810149069
"FIR No. 0059/2025, P.S. Rohini",2025-01-31 02:19:00,ASSAULT,ASSAULT incident reported in North West Delhi (Rohini),North West Delhi (Rohini),False,North West Delhi (Rohini),28.709736808177453,77.10233419686179
"FIR No. 0323/2024, P.S. Dwarka",2024-12-21 22:38:00,ROBBERY,ROBBERY incident reported in South West Delhi (Dwarka),South West Delhi (Dwarka),False,South West Delhi (Dwarka),28.58944441410839,77.05787379076526
"FIR No. 0372/2023, P.S. Preet Vihar",2023-05-26 16:04:00,BURGLARY,BURGLARY incident reported in East Delhi (Preet Vihar),East Delhi (Preet Vihar),True,East Delhi (Preet Vihar),28.65371069877506,77.31473923883975
"FIR No. 0731/2023, P.S. Dwarka",2023-11-12 01:15:00,THEFT,THEFT incident reported in South West Delhi (Dwarka),South West Delhi (Dwarka),False,South West Delhi (Dwarka),28.60518671029444,77.0674583770873
85068570/2024,2024-03-18 03:44:00,ROBBERY,ROBBERY incident reported in South West Delhi (Dwarka),South West Delhi (Dwarka),False,South West Delhi (Dwarka),28.577691039700195,77.05178317595544
86592913/2025,2025-09-23 17:17:00,OTHER,OTHER incident reported in North West Delhi (Rohini),North West Delhi (Rohini),False,North West Delhi (Rohini),28.728783481344337,77.11314551825338
"FIR No. 0306/2024, P.S. Hauz Khas",2024-06-08 12:41:00,ROBBERY,ROBBERY incident reported in South Delhi (Hauz Khas),South Delhi (Hauz Khas),True,South Delhi (Hauz Khas),28.570928414073773,77.20414333286456
"FIR No. 1263/2024, P.S. Connaught Place",2024-11-05 21:01:00,THEFT,THEFT incident reported in Central Delhi (Connaught Place),Central Delhi (Connaught Place),True,Central Delhi (Connaught Place),28.662632018251017,77.22734238901758
87332808/2024,2024-09-07 21:36:00,THEFT,THEFT incident reported in Central Delhi (Connaught Place),Central Delhi (Connaught Place),True,Central Delhi (Connaught Place),28.629981780375765,77.22384314147796
"FIR No. 0262/2023, P.S. Connaught Place",2023-05-10 21:23:00,THEFT,THEFT incident reported in Central Delhi (Connaught Place),Central Delhi (Connaught Place),True,Central Delhi (Connaught Place),28.64803063290063,77.2232223708562
"FIR No. 0053/2024, P.S. Connaught Place",2024-01-25 04:42:00,THEFT,THEFT incident reported in Central Delhi (Connaught Place),Central Delhi (Connaught Place),True,Central Delhi (Connaught Place),28.63220998273627,77.22922056442445
"FIR No. 0664/2024, P.S. Dwarka",2024-12-18 17:30:00,ASSAULT,ASSAULT incident reported in South West Delhi (Dwarka),South West Delhi (Dwarka),False,South West Delhi (Dwarka),28.628651857077795,77.0647688100513
86382029/2026,2026-04-24 15:24:00,BURGLARY,BURGLARY incident reported in Central Delhi (Connaught Place),Central Delhi (Connaught Place),False,Central Delhi (Connaught Place),28.617597064059595,77.21864999019539
"FIR No. 0019/2026, P.S. Connaught Place",2026-02-15 10:06:00,THEFT,THEFT incident reported in Central Delhi (Connaught Place),Central Delhi (Connaught Place),True,Central Delhi (Connaught Place),28.61558350247004,77.21648223991822
88971795/2025,2025-04-07 16:26:00,THEFT,THEFT incident reported in South West Delhi (Dwarka),South West Delhi (Dwarka),True,South West Delhi (Dwarka),28.56136958512817,77.05188296610008
"FIR No. 0028/2023, P.S. Preet Vihar",2023-08-22 02:51:00,ROBBERY,ROBBERY incident reported in East Delhi (Preet Vihar),East Delhi (Preet Vihar),False,East Delhi (Preet Vihar),28.627680306852145,77.27464439636856
"FIR No. 0264/2026, P.S. Rohini",2026-06-04 17:04:00,ASSAULT,ASSAULT incident reported in North West Delhi (Rohini),North West Delhi (Rohini),False,North West Delhi (Rohini),28.7024911011975,77.10028759720466
"FIR No. 0016/2025, P.S. Connaught Place",2025-08-20 15:16:00,THEFT,THEFT incident reported in Central Delhi (Connaught Place),Central Delhi (Connaught Place),False,Central Delhi (Connaught Place),28.623447494395226,77.20190073182172
"FIR No. 0625/2026, P.S. Connaught Place",2026-08-10 23:57:00,THEFT,THEFT incident reported in Central Delhi (Connaught Place),Central Delhi (Connaught Place),False,Central Delhi (Connaught Place),28.62566521573581,77.20993871864559
"FIR No. 0169/2026, P.S. Dwarka",2026-02-18 22:21:00,ASSAULT,ASSAULT incident reported in South West Delhi (Dwarka),South West Delhi (Dwarka),False,South West Delhi (Dwarka),28.57660031823937,77.01487749343934
"FIR No. 0196/2024, P.S. Hauz Khas",2024-12-04 16:46:00,THEFT,THEFT incident reported in South Delhi (Hauz Khas),South Delhi (Hauz Khas),False,South Delhi (Hauz Khas),28.561727440591312,77.17877981112773
"FIR No. 0097/2025, P.S. Parliament Street",2025-07-30 11:03:00,THEFT,THEFT incident reported in New Delhi (Parliament Street),New Delhi (Parliament Street),True,New Delhi (Parliament Street),28.6391751496806,77.21970938891835
"FIR No. 0232/2025, P.S. Dwarka",2025-02-03 05:17:00,ROBBERY,ROBBERY incident reported in South West Delhi (Dwarka),South West Delhi (Dwarka),False,South West Delhi (Dwarka),28.57392068830262,77.03822812041531
"FIR No. 0061/2023, P.S. Connaught Place",2023-03-02 17:33:00,BURGLARY,BURGLARY incident reported in Central Delhi (Connaught Place),Central Delhi (Connaught Place),False,Central Delhi (Connaught Place),28.619852649934504,77.19848536061279
"FIR No. 0107/2025, P.S. Hauz Khas",2025-03-19 18:32:00,BURGLARY,BURGLARY incident reported in South Delhi (Hauz Khas),South Delhi (Hauz Khas),False,South Delhi (Hauz Khas),28.560439919787548,77.19859476914603
"FIR No. 0089/2026, P.S. Connaught Place",2026-05-02 12:27:00,THEFT,THEFT incident reported in Central Delhi (Connaught Place),Central Delhi (Connaught Place),False,Central Delhi (Connaught Place),28.605025221988484,77.2224218061485
89915226/2024,2024-04-11 02:08:00,ASSAULT,ASSAULT incident reported in South Delhi (Hauz Khas),South Delhi (Hauz Khas),False,South Delhi (Hauz Khas),28.561151398117897,77.1863920724474
"FIR No. 0792/2023, P.S. Connaught Place",2023-10-07 15:34:00,THEFT,THEFT incident reported in Central Delhi (Connaught Place),Central Delhi (Connaught Place),False,Central Delhi (Connaught Place),28.631928408103,77.19958510497773
"FIR No. 0193/2026, P.S. Dwarka",2026-06-25 07:28:00,BURGLARY,BURGLARY incident reported in South West Delhi (Dwarka),South West Delhi (Dwarka),False,South West Delhi (Dwarka),28.608644497318664,77.03698576516356
"FIR No. 0106/2023, P.S. Connaught Place",2023-03-29 06:08:00,THEFT,THEFT incident reported in Central Delhi (Connaught Place),Central Delhi (Connaught Place),False,Central Delhi (Connaught Place),28.616075185630653,77.2297037527482
"FIR No. 0164/2024, P.S. Parliament Street",2024-11-02 11:18:00,ASSAULT,ASSAULT incident reported in New Delhi (Parliament Street),New Delhi (Parliament Street),False,New Delhi (Parliament Street),28.6006837428983,77.20803630947205
"FIR No. 0408/2024, P.S. Connaught Place",2024-06-02 07:23:00,BURGLARY,BURGLARY incident reported in Central Delhi (Connaught Place),Central Delhi (Connaught Place),False,Central Delhi (Connaught Place),28.653726717604385,77.24736334445015
85302964/2026,2026-04-07 22:56:00,OTHER,OTHER incident reported in South Delhi (Hauz Khas),South Delhi (Hauz Khas),False,South Delhi (Hauz Khas),28.55452228078075,77.20701067551161
"FIR No. 0252/2025, P.S. Hauz Khas",2025-08-24 04:39:00,THEFT,THEFT incident reported in South Delhi (Hauz Khas),South Delhi (Hauz Khas),False,South Delhi (Hauz Khas),28.5510734627832,77.2016594824329
"FIR No. 0954/2023, P.S. Preet Vihar",2023-09-08 01:16:00,THEFT,THEFT incident reported in East Delhi (Preet Vihar),East Delhi (Preet Vihar),False,East Delhi (Preet Vihar),28.616093386390723,77.30366460995907
"FIR No. 0452/2024, P.S. Connaught Place",2024-05-13 12:08:00,THEFT,THEFT incident reported in Central Delhi (Connaught Place),Central Delhi (Connaught Place),False,Central Delhi (Connaught Place),28.587996515489248,77.20210014979111
"FIR No. 0071/2024, P.S. Hauz Khas",2024-01-01 17:32:00,THEFT,THEFT incident reported in South Delhi (Hauz Khas),South Delhi (Hauz Khas),False,South Delhi (Hauz Khas),28.558526909643163,77.22017679893395
"FIR No. 0012/2026, P.S. Rohini",2026-01-17 12:37:00,THEFT,THEFT incident reported in North West Delhi (Rohini),North West Delhi (Rohini),False,North West Delhi (Rohini),28.71024072569384,77.09179527746923
"FIR No. 0099/2023, P.S. Dwarka",2023-05-13 19:38:00,ASSAULT,ASSAULT incident reported in South West Delhi (Dwarka),South West Delhi (Dwarka),False,South West Delhi (Dwarka),28.60173613471013,77.05399814395325
"FIR No. 0187/2026, P.S. Preet Vihar",2026-05-13 14:37:00,ASSAULT,ASSAULT incident reported in East Delhi (Preet Vihar),East Delhi (Preet Vihar),True,East Delhi (Preet Vihar),28.6498479245728,77.32349151118748
"FIR No. 0460/2023, P.S. Preet Vihar",2023-07-01 13:21:00,THEFT,THEFT incident reported in East Delhi (Preet Vihar),East Delhi (Preet Vihar),False,East Delhi (Preet Vihar),28.616212051520584,77.28275342272863
"FIR No. 0760/2023, P.S. Rohini",2023-12-09 01:10:00,THEFT,THEFT incident reported in North West Delhi (Rohini),North West Delhi (Rohini),False,North West Delhi (Rohini),28.713951962670222,77.12011453870038
89672907/2026,2026-07-03 20:45:00,ROBBERY,ROBBERY incident reported in Central Delhi (Connaught Place),Central Delhi (Connaught Place),False,Central Delhi (Connaught Place),28.644618139912275,77.19731492020861
"FIR No. 0881/2023, P.S. Connaught Place",2023-12-31 17:22:00,THEFT,THEFT incident reported in Central Delhi (Connaught Place),Central Delhi (Connaught Place),True,Central Delhi (Connaught Place),28.65478967463813,77.24821552347017
"FIR No. 0029/2025, P.S. Preet Vihar",2025-01-16 02:43:00,KIDNAPPING,KIDNAPPING incident reported in East Delhi (Preet Vihar),East Delhi (Preet Vihar),False,East Delhi (Preet Vihar),28.618152114105687,77.2844917117198
"FIR No. 0028/2026, P.S. Hauz Khas",2026-04-02 14:39:00,KIDNAPPING,KIDNAPPING incident reported in South Delhi (Hauz Khas),South Delhi (Hauz Khas),True,South Delhi (Hauz Khas),28.5442727607733,77.15896717430405
"FIR No. 0403/2023, P.S. Preet Vihar",2023-08-31 15:07:00,THEFT,THEFT incident reported in East Delhi (Preet Vihar),East Delhi (Preet Vihar),False,East Delhi (Preet Vihar),28.618568682053823,77.30019532573402
"FIR No. 0006/2026, P.S. Rohini",2026-05-17 22:13:00,ASSAULT,ASSAULT incident reported in North West Delhi (Rohini),North West Delhi (Rohini),False,North West Delhi (Rohini),28.719188898881587,77.09151368621734
"FIR No. 0179/2024, P.S. Dwarka",2024-04-25 01:46:00,ROBBERY,ROBBERY incident reported in South West Delhi (Dwarka),South West Delhi (Dwarka),True,South West Delhi (Dwarka),28.618223259218823,77.04864132843468
"FIR No. 0387/2023, P.S. Rohini",2023-10-10 20:24:00,ROBBERY,ROBBERY incident reported in North West Delhi (Rohini),North West Delhi (Rohini),False,North West Delhi (Rohini),28.696788044598392,77.0902845572346
"FIR No. 0638/2025, P.S. Connaught Place",2025-11-03 08:40:00,ASSAULT,ASSAULT incident reported in Central Delhi (Connaught Place),Central Delhi (Connaught Place),False,Central Delhi (Connaught Place),28.635082579218373,77.24683199307849
"FIR No. 0137/2023, P.S. Hauz Khas",2023-05-30 07:09:00,THEFT,THEFT incident reported in South Delhi (Hauz Khas),South Delhi (Hauz Khas),False,South Delhi (Hauz Khas),28.55273200429717,77.23157526401054
"FIR No. 0083/2026, P.S. Rohini",2026-06-18 09:07:00,THEFT,THEFT incident reported in North West Delhi (Rohini),North West Delhi (Rohini),False,North West Delhi (Rohini),28.70942939357496,77.08538834963325
"FIR No. 0047/2024, P.S. Connaught Place",2024-01-29 14:06:00,THEFT,THEFT incident reported in Central Delhi (Connaught Place),Central Delhi (Connaught Place),False,Central Delhi (Connaught Place),28.633512044939422,77.24390534586384
"FIR No. 0079/2025, P.S. Connaught Place",2025-03-13 13:46:00,THEFT,THEFT incident reported in Central Delhi (Connaught Place),Central Delhi (Connaught Place),False,Central Delhi (Connaught Place),28.6210415262368,77.20460574168358
83673655/2023,2023-02-09 22:43:00,ASSAULT,ASSAULT incident reported in South Delhi (Hauz Khas),South Delhi (Hauz Khas),True,South Delhi (Hauz Khas),28.54258137227992,77.18757404379767
"FIR No. 0421/2024, P.S. Connaught Place",2024-05-25 07:03:00,THEFT,THEFT incident reported in Central Delhi (Connaught Place),Central Delhi (Connaught Place),False,Central Delhi (Connaught Place),28.64601505937031,77.22008209389156
"FIR No. 0794/2023, P.S. Connaught Place",2023-10-12 01:10:00,THEFT,THEFT incident reported in Central Delhi (Connaught Place),Central Delhi (Connaught Place),False,Central Delhi (Connaught Place),28.615220199352443,77.22496368573984
"FIR No. 0348/2023, P.S. Dwarka",2023-05-13 21:02:00,THEFT,THEFT incident reported in South West Delhi (Dwarka),South West Delhi (Dwarka),False,South West Delhi (Dwarka),28.57353451793332,77.0111394154898
82030721/2025,2025-09-26 08:25:00,ASSAULT,ASSAULT incident reported in Central Delhi (Connaught Place),Central Delhi (Connaught Place),False,Central Delhi (Connaught Place),28.641321717552547,77.20079358886741
"FIR No. 0037/2026, P.S. Connaught Place",2026-01-15 16:37:00,ASSAULT,ASSAULT incident reported in Central Delhi (Connaught Place),Central Delhi (Connaught Place),True,Central Delhi (Connaught Place),28.63864321402012,77.21031065489697
"FIR No. 0168/2024, P.S. Dwarka",2024-10-29 17:49:00,THEFT,THEFT incident reported in South West Delhi (Dwarka),South West Delhi (Dwarka),False,South West Delhi (Dwarka),28.57012685359584,77.0203892617239
"FIR No. 0111/2026, P.S. Dwarka",2026-02-17 01:44:00,BURGLARY,BURGLARY incident reported in South West Delhi (Dwarka),South West Delhi (Dwarka),True,South West Delhi (Dwarka),28.571910688885755,77.04490515656484
84122052/2025,2025-03-30 11:17:00,ASSAULT,ASSAULT incident reported in Central Delhi (Connaught Place),Central Delhi (Connaught Place),False,Central Delhi (Connaught Place),28.62976306396537,77.23502804207938
"FIR No. 0004/2026, P.S. Rohini",2026-01-21 19:18:00,ROBBERY,ROBBERY incident reported in North West Delhi (Rohini),North West Delhi (Rohini),False,North West Delhi (Rohini),28.702960907067208,77.09403534410069
88084395/2025,2025-04-01 05:01:00,THEFT,THEFT incident reported in East Delhi (Preet Vihar),East Delhi (Preet Vihar),False,East Delhi (Preet Vihar),28.629214861531747,77.31421393843569
"FIR No. 0547/2026, P.S. Connaught Place",2026-06-06 22:12:00,BURGLARY,BURGLARY incident reported in Central Delhi (Connaught Place),Central Delhi (Connaught Place),False,Central Delhi (Connaught Place),28.63800869716537,77.20086993904496
"FIR No. 0442/2023, P.S. Connaught Place",2023-05-19 10:42:00,THEFT,THEFT incident reported in Central Delhi (Connaught Place),Central Delhi (Connaught Place),True,Central Delhi (Connaught Place),28.62009255101781,77.20890408132564
89906915/2023,2023-10-22 11:00:00,THEFT,THEFT incident reported in Central Delhi (Connaught Place),Central Delhi (Connaught Place),False,Central Delhi (Connaught Place),28.64462159438148,77.2123637506398
"FIR No. 0143/2024, P.S. Connaught Place",2024-06-30 11:56:00,THEFT,THEFT incident reported in Central Delhi (Connaught Place),Central Delhi (Connaught Place),True,Central Delhi (Connaught Place),28.6226218697361,77.20270070448154
80756127/2023,2023-02-09 08:46:00,THEFT,THEFT incident reported in South Delhi (Hauz Khas),South Delhi (Hauz Khas),False,South Delhi (Hauz Khas),28.57838956009864,77.16055885642855
"FIR No. 0528/2023, P.S. Hauz Khas",2023-05-21 19:56:00,ROBBERY,ROBBERY incident reported in South Delhi (Hauz Khas),South Delhi (Hauz Khas),False,South Delhi (Hauz Khas),28.54716507156893,77.21394783622041
"FIR No. 0639/2026, P.S. Parliament Street",2026-07-21 17:00:00,ASSAULT,ASSAULT incident reported in New Delhi (Parliament Street),New Delhi (Parliament Street),False,New Delhi (Parliament Street),28.62157733402342,77.21618435592005
"FIR No. 0172/2026, P.S. Hauz Khas",2026-03-05 03:48:00,ROBBERY,ROBBERY incident reported in South Delhi (Hauz Khas),South Delhi (Hauz Khas),True,South Delhi (Hauz Khas),28.555977283200924,77.22734636789784
"FIR No. 0008/2024, P.S. Connaught Place",2024-07-29 17:36:00,KIDNAPPING,KIDNAPPING incident reported in Central Delhi (Connaught Place),Central Delhi (Connaught Place),True,Central Delhi (Connaught Place),28.645340262016227,77.21199969394863
"FIR No. 0453/2023, P.S. Preet Vihar",2023-07-06 05:33:00,THEFT,THEFT incident reported in East Delhi (Preet Vihar),East Delhi (Preet Vihar),False,East Delhi (Preet Vihar),28.626098536155105,77.31982383708852
"FIR No. 0321/2025, P.S. Rohini",2025-08-08 19:47:00,THEFT,THEFT incident reported in North West Delhi (Rohini),North West Delhi (Rohini),False,North West Delhi (Rohini),28.69024849559501,77.09632054404581
"FIR No. 0748/2025, P.S. Hauz Khas",2025-11-03 18:18:00,THEFT,THEFT incident reported in South Delhi (Hauz Khas),South Delhi (Hauz Khas),False,South Delhi (Hauz Khas),28.559136987599903,77.18683246361363
"FIR No. 0520/2023, P.S. Connaught Place",2023-09-06 22:46:00,ROBBERY,ROBBERY incident reported in Central Delhi (Connaught Place),Central Delhi (Connaught Place),True,Central Delhi (Connaught Place),28.61648623120277,77.22765518256774
83861590/2024,2024-04-12 22:52:00,THEFT,THEFT incident reported in East Delhi (Preet Vihar),East Delhi (Preet Vihar),False,East Delhi (Preet Vihar),28.64604546408363,77.30280311548657
"FIR No. 0101/2026, P.S. Connaught Place",2026-04-19 06:02:00,THEFT,THEFT incident reported in Central Delhi (Connaught Place),Central Delhi (Connaught Place),False,Central Delhi (Connaught Place),28.6239516905495,77.22983527322076
"FIR No. 0182/2024, P.S. Hauz Khas",2024-03-12 10:33:00,OTHER,OTHER incident reported in South Delhi (Hauz Khas),South Delhi (Hauz Khas),False,South Delhi (Hauz Khas),28.55794773460596,77.23237958631252
"FIR No. 0612/2024, P.S. Rohini",2024-07-22 13:01:00,THEFT,THEFT incident reported in North West Delhi (Rohini),North West Delhi (Rohini),False,North West Delhi (Rohini),28.69240768540644,77.07560389022274
"FIR No. 0580/2023, P.S. Parliament Street",2023-09-25 06:11:00,ASSAULT,ASSAULT incident reported in New Delhi (Parliament Street),New Delhi (Parliament Street),False,New Delhi (Parliament Street),28.645740011765326,77.19858380195936
"FIR No. 0516/2025, P.S. Rohini",2025-07-22 09:51:00,BURGLARY,BURGLARY incident reported in North West Delhi (Rohini),North West Delhi (Rohini),False,North West Delhi (Rohini),28.68609784106977,77.11989588115237
"FIR No. 0252/2024, P.S. Hauz Khas",2024-07-07 08:35:00,BURGLARY,BURGLARY incident reported in South Delhi (Hauz Khas),South Delhi (Hauz Khas),True,South Delhi (Hauz Khas),28.542562288765573,77.18965439327808
"FIR No. 0014/2025, P.S. Parliament Street",2025-09-28 11:04:00,THEFT,THEFT incident reported in New Delhi (Parliament Street),New Delhi (Parliament Street),False,New Delhi (Parliament Street),28.648379384112783,77.20691684264216
"FIR No. 0433/2024, P.S. Dwarka",2024-05-19 12:13:00,KIDNAPPING,KIDNAPPING incident reported in South West Delhi (Dwarka),South West Delhi (Dwarka),False,South West Delhi (Dwarka),28.58323537487733,77.04188988704036
80605506/2026,2026-05-30 15:07:00,OTHER,OTHER incident reported in South West Delhi (Dwarka),South West Delhi (Dwarka),False,South West Delhi (Dwarka),28.59056180737396,77.04387802757593
"FIR No. 0277/2024, P.S. Connaught Place",2024-05-05 11:22:00,THEFT,THEFT incident reported in Central Delhi (Connaught Place),Central Delhi (Connaught Place),False,Central Delhi (Connaught Place),28.61928835720396,77.20951057917819
"FIR No. 0247/2023, P.S. Connaught Place",2023-06-23 22:31:00,ASSAULT,ASSAULT incident reported in Central Delhi (Connaught Place),Central Delhi (Connaught Place),False,Central Delhi (Connaught Place),28.623322780350097,77.22852848750425
"FIR No. 0356/2024, P.S. Rohini",2024-09-22 01:02:00,THEFT,THEFT incident reported in North West Delhi (Rohini),North West Delhi (Rohini),True,North West Delhi (Rohini),28.73845730403205,77.0763617924615
"FIR No. 0234/2024, P.S. Connaught Place",2024-04-01 13:36:00,BURGLARY,BURGLARY incident reported in Central Delhi (Connaught Place),Central Delhi (Connaught Place),False,Central Delhi (Connaught Place),28.6211827179995,77.18222235800982
"FIR No. 0087/2026, P.S. Preet Vihar",2026-02-16 04:49:00,KIDNAPPING,KIDNAPPING incident reported in East Delhi (Preet Vihar),East Delhi (Preet Vihar),True,East Delhi (Preet Vihar),28.64260285178416,77.31521533393342
"FIR No. 0342/2023, P.S. Rohini",2023-08-25 16:57:00,ASSAULT,ASSAULT incident reported in North West Delhi (Rohini),North West Delhi (Rohini),True,North West Delhi (Rohini),28.678143128451108,77.10978343456554
"FIR No. 0066/2026, P.S. Connaught Place",2026-04-24 01:31:00,BURGLARY,BURGLARY incident reported in Central Delhi (Connaught Place),Central Delhi (Connaught Place),False,Central Delhi (Connaught Place),28.608594754005807,77.21348667424833
"FIR No. 0365/2025, P.S. Parliament Street",2025-04-14 04:35:00,THEFT,THEFT incident reported in New Delhi (Parliament Street),New Delhi (Parliament Street),False,New Delhi (Parliament Street),28.629363355884443,77.22536234485985
"FIR No. 0255/2026, P.S. Dwarka",2026-08-02 02:43:00,THEFT,THEFT incident reported in South West Delhi (Dwarka),South West Delhi (Dwarka),False,South West Delhi (Dwarka),28.58222996254052,77.06282895219415
"FIR No. 0688/2024, P.S. Connaught Place",2024-08-02 07:28:00,THEFT,THEFT incident reported in Central Delhi (Connaught Place),Central Delhi (Connaught Place),False,Central Delhi (Connaught Place),28.64095503162888,77.23836801623442
"FIR No. 0139/2026, P.S. Preet Vihar",2026-05-01 22:43:00,ROBBERY,ROBBERY incident reported in East Delhi (Preet Vihar),East Delhi (Preet Vihar),False,East Delhi (Preet Vihar),28.646019199176056,77.29654587295082
"FIR No. 0071/2026, P.S. Rohini",2026-03-07 05:43:00,THEFT,THEFT incident reported in North West Delhi (Rohini),North West Delhi (Rohini),False,North West Delhi (Rohini),28.716136828141305,77.08504456365407
"FIR No. 0014/2025, P.S. Connaught Place",2025-02-15 15:30:00,THEFT,THEFT incident reported in Central Delhi (Connaught Place),Central Delhi (Connaught Place),False,Central Delhi (Connaught Place),28.61502611018608,77.20948409277675
"FIR No. 0089/2025, P.S. Connaught Place",2025-09-28 21:49:00,THEFT,THEFT incident reported in Central Delhi (Connaught Place),Central Delhi (Connaught Place),False,Central Delhi (Connaught Place),28.630500545442885,77.21046500504387
"FIR No. 0407/2024, P.S. Preet Vihar",2024-04-30 08:46:00,THEFT,THEFT incident reported in East Delhi (Preet Vihar),East Delhi (Preet Vihar),False,East Delhi (Preet Vihar),28.63496385503021,77.31887987421747
"FIR No. 0365/2025, P.S. Connaught Place",2025-07-07 11:56:00,THEFT,THEFT incident reported in Central Delhi (Connaught Place),Central Delhi (Connaught Place),False,Central Delhi (Connaught Place),28.61556459808241,77.1828910290644
84803188/2023,2023-12-13 08:27:00,BURGLARY,BURGLARY incident reported in South Delhi (Hauz Khas),South Delhi (Hauz Khas),True,South Delhi (Hauz Khas),28.559076040467293,77.22140347658252
"FIR No. 0181/2023, P.S. Dwarka",2023-04-15 05:32:00,ROBBERY,ROBBERY incident reported in South West Delhi (Dwarka),South West Delhi (Dwarka),False,South West Delhi (Dwarka),28.58913911591822,77.03028779985479
"FIR No. 0517/2024, P.S. Parliament Street",2024-06-08 02:39:00,ASSAULT,ASSAULT incident reported in New Delhi (Parliament Street),New Delhi (Parliament Street),True,New Delhi (Parliament Street),28.63089045981497,77.2005330702197
"FIR No. 0004/2025, P.S. Rohini",2025-08-23 23:18:00,THEFT,THEFT incident reported in North West Delhi (Rohini),North West Delhi (Rohini),False,North West Delhi (Rohini),28.689383512156656,77.07161617003158
"FIR No. 0054/2023, P.S. Rohini",2023-10-31 15:02:00,THEFT,THEFT incident reported in North West Delhi (Rohini),North West Delhi (Rohini),False,North West Delhi (Rohini),28.712605373222228,77.08919668267224
85462549/2024,2024-02-28 23:30:00,THEFT,THEFT incident reported in North West Delhi (Rohini),North West Delhi (Rohini),False,North West Delhi (Rohini),28.710892580703103,77.0690219483814
"FIR No. 0172/2024, P.S. Parliament Street",2024-03-17 19:01:00,THEFT,THEFT incident reported in New Delhi (Parliament Street),New Delhi (Parliament Street),False,New Delhi (Parliament Street),28.62427529200647,77.20586898043473
"FIR No. 0354/2025, P.S. Connaught Place",2025-08-29 00:14:00,KIDNAPPING,KIDNAPPING incident reported in Central Delhi (Connaught Place),Central Delhi (Connaught Place),False,Central Delhi (Connaught Place),28.631044131329627,77.22252075968811
83599582/2025,2025-11-21 21:07:00,ASSAULT,ASSAULT incident reported in South West Delhi (Dwarka),South West Delhi (Dwarka),False,South West Delhi (Dwarka),28.59356471920068,77.05413965054956
"FIR No. 0376/2025, P.S. Connaught Place",2025-04-21 01:15:00,ROBBERY,ROBBERY incident reported in Central Delhi (Connaught Place),Central Delhi (Connaught Place),True,Central Delhi (Connaught Place),28.636921984933306,77.21334966180872
87415535/2023,2023-05-26 23:27:00,ROBBERY,ROBBERY incident reported in East Delhi (Preet Vihar),East Delhi (Preet Vihar),False,East Delhi (Preet Vihar),28.61914021624664,77.31260250526799
"FIR No. 0182/2024, P.S. Hauz Khas",2024-09-29 13:19:00,ASSAULT,ASSAULT incident reported in South Delhi (Hauz Khas),South Delhi (Hauz Khas),False,South Delhi (Hauz Khas),28.542375565381302,77.2061152726834
"FIR No. 0276/2023, P.S. Rohini",2023-06-26 09:26:00,THEFT,THEFT incident reported in North West Delhi (Rohini),North West Delhi (Rohini),False,North West Delhi (Rohini),28.69403699807549,77.13959301680185
"FIR No. 0268/2023, P.S. Hauz Khas",2023-08-07 13:20:00,THEFT,THEFT incident reported in South Delhi (Hauz Khas),South Delhi (Hauz Khas),False,South Delhi (Hauz Khas),28.53824891583896,77.19759571180278
"FIR No. 0250/2024, P.S. Dwarka",2024-05-13 13:05:00,ASSAULT,ASSAULT incident reported in South West Delhi (Dwarka),South West Delhi (Dwarka),False,South West Delhi (Dwarka),28.623360183918432,77.06885966813992
"FIR No. 0076/2026, P.S. Connaught Place",2026-01-13 13:00:00,THEFT,THEFT incident reported in Central Delhi (Connaught Place),Central Delhi (Connaught Place),False,Central Delhi (Connaught Place),28.619810203670426,77.21153602317844
"FIR No. 0310/2025, P.S. Rohini",2025-11-18 08:52:00,ROBBERY,ROBBERY incident reported in North West Delhi (Rohini),North West Delhi (Rohini),False,North West Delhi (Rohini),28.69265111526548,77.07894540625846
"FIR No. 0016/2025, P.S. Preet Vihar",2025-03-29 05:30:00,THEFT,THEFT incident reported in East Delhi (Preet Vihar),East Delhi (Preet Vihar),False,East Delhi (Preet Vihar),28.623876945816107,77.29012610747675
"FIR No. 0134/2026, P.S. Connaught Place",2026-02-25 06:30:00,ASSAULT,ASSAULT incident reported in Central Delhi (Connaught Place),Central Delhi (Connaught Place),False,Central Delhi (Connaught Place),28.619889834494327,77.2121230007866
"FIR No. 0054/2025, P.S. Parliament Street",2025-12-21 08:33:00,OTHER,OTHER incident reported in New Delhi (Parliament Street),New Delhi (Parliament Street),False,New Delhi (Parliament Street),28.629421921911003,77.19211520425547
"FIR No. 0101/2023, P.S. Connaught Place",2023-02-24 04:55:00,ASSAULT,ASSAULT incident reported in Central Delhi (Connaught Place),Central Delhi (Connaught Place),False,Central Delhi (Connaught Place),28.63249781489917,77.18698597139841
"FIR No. 0626/2025, P.S. Hauz Khas",2025-12-08 21:01:00,THEFT,THEFT incident reported in South Delhi (Hauz Khas),South Delhi (Hauz Khas),True,South Delhi (Hauz Khas),28.53775672273885,77.21815170839162
"FIR No. 0019/2025, P.S. Parliament Street",2025-03-08 19:29:00,ASSAULT,ASSAULT incident reported in New Delhi (Parliament Street),New Delhi (Parliament Street),False,New Delhi (Parliament Street),28.613434849861243,77.20347889302194
81288848/2025,2025-07-06 06:53:00,THEFT,THEFT incident reported in South West Delhi (Dwarka),South West Delhi (Dwarka),False,South West Delhi (Dwarka),28.57770099382643,77.03938427371627
"FIR No. 0185/2024, P.S. Dwarka",2024-03-19 21:32:00,THEFT,THEFT incident reported in South West Delhi (Dwarka),South West Delhi (Dwarka),False,South West Delhi (Dwarka),28.61182613569323,77.06162334455611
