ID,Date,Primary Type,Description,Location Description,Arrest,District,Latitude,Longitude
"FIR No. 0246/2026, P.S. Malleswaram",2026-03-09 21:08:00,ASSAULT,ASSAULT incident reported in North (Malleswaram),North (Malleswaram),True,North (Malleswaram),13.008075455272436,77.57616042668475
85941054/2024,2024-08-29 07:11:00,THEFT,THEFT incident reported in South East (Koramangala),South East (Koramangala),False,South East (Koramangala),12.948087137814472,77.61436137500237
"FIR No. 0048/2025, P.S. Koramangala",2025-01-12 16:13:00,CYBER,CYBER incident reported in South East (Koramangala),South East (Koramangala),True,South East (Koramangala),12.938136750393328,77.63928214345755
"FIR No. 0100/2023, P.S. Whitefield",2023-03-06 03:20:00,OTHER,OTHER incident reported in IT Corridor (Whitefield),IT Corridor (Whitefield),False,IT Corridor (Whitefield),12.942531571655474,77.72955476658368
81567367/2025,2025-12-30 18:30:00,THEFT,THEFT incident reported in IT Corridor (Whitefield),IT Corridor (Whitefield),False,IT Corridor (Whitefield),12.989184489997124,77.77879063974264
"FIR No. 0101/2024, P.S. Whitefield",2024-03-25 15:32:00,THEFT,THEFT incident reported in IT Corridor (Whitefield),IT Corridor (Whitefield),False,IT Corridor (Whitefield),12.945283406404275,77.73993386362793
"FIR No. 0178/2026, P.S. Whitefield",2026-03-04 13:04:00,THEFT,THEFT incident reported in IT Corridor (Whitefield),IT Corridor (Whitefield),False,IT Corridor (Whitefield),12.949346125742595,77.76018931192505
"FIR No. 0236/2023, P.S. Malleswaram",2023-09-30 06:35:00,BURGLARY,BURGLARY incident reported in North (Malleswaram),North (Malleswaram),False,North (Malleswaram),13.018449372543571,77.56710463211368
"FIR No. 0397/2023, P.S. Indiranagar",2023-06-23 14:18:00,THEFT,THEFT incident reported in East (Indiranagar),East (Indiranagar),False,East (Indiranagar),12.984014786192812,77.66694744265548
"FIR No. 0181/2025, P.S. Koramangala",2025-03-30 22:27:00,ASSAULT,ASSAULT incident reported in South East (Koramangala),South East (Koramangala),False,South East (Koramangala),12.918421493794565,77.63894110217626
"FIR No. 0075/2025, P.S. Koramangala",2025-08-07 20:52:00,THEFT,THEFT incident reported in South East (Koramangala),South East (Koramangala),False,South East (Koramangala),12.929686951456867,77.61411368065697
"FIR No. 0221/2023, P.S. Indiranagar",2023-07-27 17:37:00,THEFT,THEFT incident reported in East (Indiranagar),East (Indiranagar),True,East (Indiranagar),12.991340097575009,77.67740370015053
"FIR No. 0077/2024, P.S. Indiranagar",2024-08-19 14:02:00,CYBER,CYBER incident reported in East (Indiranagar),East (Indiranagar),False,East (Indiranagar),12.969283543798625,77.62686026152728
"FIR No. 0206/2023, P.S. Majestic/MG Road",2023-04-14 11:22:00,THEFT,THEFT incident reported in Central (Majestic/MG Road),Central (Majestic/MG Road),False,Central (Majestic/MG Road),12.999622971552377,77.57032869820736
"FIR No. 0356/2023, P.S. Whitefield",2023-05-11 08:18:00,THEFT,THEFT incident reported in IT Corridor (Whitefield),IT Corridor (Whitefield),False,IT Corridor (Whitefield),12.953291516916456,77.74352357024598
"FIR No. 0014/2025, P.S. Jayanagar",2025-01-14 09:21:00,THEFT,THEFT incident reported in South (Jayanagar),South (Jayanagar),False,South (Jayanagar),12.941403194693578,77.57820746026074
"FIR No. 0138/2025, P.S. Indiranagar",2025-02-15 12:34:00,ASSAULT,ASSAULT incident reported in East (Indiranagar),East (Indiranagar),True,East (Indiranagar),13.002003858028452,77.64148778974615
"FIR No. 0497/2024, P.S. Indiranagar",2024-10-01 07:01:00,ROBBERY,ROBBERY incident reported in East (Indiranagar),East (Indiranagar),False,East (Indiranagar),12.981077454952256,77.61437435068852
"FIR No. 0042/2026, P.S. Indiranagar",2026-06-25 09:33:00,CYBER,CYBER incident reported in East (Indiranagar),East (Indiranagar),False,East (Indiranagar),12.946347862974765,77.64112505054017
"FIR No. 0093/2024, P.S. Koramangala",2024-04-27 05:38:00,THEFT,THEFT incident reported in South East (Koramangala),South East (Koramangala),False,South East (Koramangala),12.93817838519625,77.62362077906668
"FIR No. 0458/2024, P.S. Whitefield",2024-08-13 01:24:00,CYBER,CYBER incident reported in IT Corridor (Whitefield),IT Corridor (Whitefield),False,IT Corridor (Whitefield),12.960373072332146,77.73713016073187
"FIR No. 0266/2023, P.S. Koramangala",2023-06-08 08:08:00,CYBER,CYBER incident reported in South East (Koramangala),South East (Koramangala),False,South East (Koramangala),12.945121405844816,77.62331736702895
"FIR No. 0026/2026, P.S. Jayanagar",2026-01-04 18:37:00,CYBER,CYBER incident reported in South (Jayanagar),South (Jayanagar),True,South (Jayanagar),12.945371141328922,77.58912545561581
"FIR No. 0735/2023, P.S. Jayanagar",2023-12-27 06:36:00,CYBER,CYBER incident reported in South (Jayanagar),South (Jayanagar),False,South (Jayanagar),12.898815565590809,77.58860757997807
"FIR No. 0098/2025, P.S. Majestic/MG Road",2025-06-30 18:51:00,OTHER,OTHER incident reported in Central (Majestic/MG Road),Central (Majestic/MG Road),False,Central (Majestic/MG Road),12.974363219356135,77.58156042569198
89282240/2024,2024-12-09 19:16:00,THEFT,THEFT incident reported in Central (Majestic/MG Road),Central (Majestic/MG Road),True,Central (Majestic/MG Road),12.962760521263393,77.58946471304272
"FIR No. 0078/2024, P.S. Jayanagar",2024-03-28 03:31:00,BURGLARY,BURGLARY incident reported in South (Jayanagar),South (Jayanagar),False,South (Jayanagar),12.923534551875765,77.57724607025473
89250069/2023,2023-05-21 00:12:00,THEFT,THEFT incident reported in Central (Majestic/MG Road),Central (Majestic/MG Road),False,Central (Majestic/MG Road),12.957832515382156,77.58501773102009
"FIR No. 0025/2024, P.S. Koramangala",2024-10-03 16:19:00,ROBBERY,ROBBERY incident reported in South East (Koramangala),South East (Koramangala),False,South East (Koramangala),12.93177005711333,77.63217164318088
"FIR No. 0329/2024, P.S. Koramangala",2024-05-12 01:08:00,THEFT,THEFT incident reported in South East (Koramangala),South East (Koramangala),False,South East (Koramangala),12.930044298629328,77.5946886441442
"FIR No. 0488/2026, P.S. Jayanagar",2026-05-07 19:03:00,ASSAULT,ASSAULT incident reported in South (Jayanagar),South (Jayanagar),False,South (Jayanagar),12.919401847576845,77.57556731791219
89570218/2026,2026-07-15 19:45:00,ASSAULT,ASSAULT incident reported in South East (Koramangala),South East (Koramangala),False,South East (Koramangala),12.914748831665076,77.62160699229348
"FIR No. 0428/2025, P.S. Indiranagar",2025-10-16 13:04:00,CYBER,CYBER incident reported in East (Indiranagar),East (Indiranagar),False,East (Indiranagar),12.990576566354171,77.62414559173605
"FIR No. 0315/2025, P.S. Koramangala",2025-03-28 00:16:00,ASSAULT,ASSAULT incident reported in South East (Koramangala),South East (Koramangala),False,South East (Koramangala),12.943366464557991,77.59834498129777
"FIR No. 0309/2025, P.S. Whitefield",2025-04-01 07:37:00,CYBER,CYBER incident reported in IT Corridor (Whitefield),IT Corridor (Whitefield),True,IT Corridor (Whitefield),12.962907771948515,77.73307411736205
"FIR No. 0030/2023, P.S. Jayanagar",2023-06-29 17:32:00,CYBER,CYBER incident reported in South (Jayanagar),South (Jayanagar),True,South (Jayanagar),12.920036109404338,77.57461007081444
"FIR No. 0004/2026, P.S. Koramangala",2026-01-21 14:45:00,THEFT,THEFT incident reported in South East (Koramangala),South East (Koramangala),False,South East (Koramangala),12.927169056615949,77.63704057311978
"FIR No. 0044/2026, P.S. Majestic/MG Road",2026-07-16 09:08:00,THEFT,THEFT incident reported in Central (Majestic/MG Road),Central (Majestic/MG Road),True,Central (Majestic/MG Road),13.00293031806485,77.58346577908543
"FIR No. 0110/2024, P.S. Koramangala",2024-02-26 01:01:00,ROBBERY,ROBBERY incident reported in South East (Koramangala),South East (Koramangala),False,South East (Koramangala),12.909893903371042,77.61917466280462
89913701/2024,2024-12-18 03:52:00,ASSAULT,ASSAULT incident reported in South (Jayanagar),South (Jayanagar),False,South (Jayanagar),12.91559801605804,77.58283828683352
"FIR No. 0044/2023, P.S. Indiranagar",2023-01-31 04:14:00,ASSAULT,ASSAULT incident reported in East (Indiranagar),East (Indiranagar),False,East (Indiranagar),12.973892649240645,77.6680191046576
81448789/2025,2025-08-16 23:39:00,CYBER,CYBER incident reported in South (Jayanagar),South (Jayanagar),False,South (Jayanagar),12.91175019315352,77.60428756131533
"FIR No. 0033/2026, P.S. Indiranagar",2026-01-06 03:29:00,THEFT,THEFT incident reported in East (Indiranagar),East (Indiranagar),True,East (Indiranagar),12.977037747139564,77.64930818604658
"FIR No. 0205/2026, P.S. Jayanagar",2026-03-24 04:22:00,THEFT,THEFT incident reported in South (Jayanagar),South (Jayanagar),False,South (Jayanagar),12.924844938336772,77.58057636834192
"FIR No. 0582/2026, P.S. Whitefield",2026-07-23 03:01:00,ROBBERY,ROBBERY incident reported in IT Corridor (Whitefield),IT Corridor (Whitefield),True,IT Corridor (Whitefield),12.989576247804075,77.75864274827228
"FIR No. 0451/2024, P.S. Indiranagar",2024-12-25 15:31:00,BURGLARY,BURGLARY incident reported in East (Indiranagar),East (Indiranagar),False,East (Indiranagar),12.958029495620671,77.63897498285627
85410721/2026,2026-07-30 15:55:00,CYBER,CYBER incident reported in South (Jayanagar),South (Jayanagar),False,South (Jayanagar),12.947953899051033,77.57021786738181
"FIR No. 0036/2025, P.S. Whitefield",2025-04-04 19:48:00,THEFT,THEFT incident reported in IT Corridor (Whitefield),IT Corridor (Whitefield),False,IT Corridor (Whitefield),12.943358496536447,77.74775762232119
"FIR No. 0024/2024, P.S. Indiranagar",2024-03-04 10:33:00,CYBER,CYBER incident reported in East (Indiranagar),East (Indiranagar),False,East (Indiranagar),12.975707734816387,77.65019325795217
87355135/2023,2023-02-23 19:50:00,THEFT,THEFT incident reported in South (Jayanagar),South (Jayanagar),False,South (Jayanagar),12.933464215203816,77.58578371360991
81176535/2024,2024-09-06 18:14:00,ROBBERY,ROBBERY incident reported in Central (Majestic/MG Road),Central (Majestic/MG Road),False,Central (Majestic/MG Road),12.991257975341313,77.5929118127907
"FIR No. 0225/2025, P.S. Majestic/MG Road",2025-06-30 17:58:00,CYBER,CYBER incident reported in Central (Majestic/MG Road),Central (Majestic/MG Road),False,Central (Majestic/MG Road),12.952214842622912,77.57749017727352
"FIR No. 0076/2023, P.S. Majestic/MG Road",2023-02-12 14:07:00,THEFT,THEFT incident reported in Central (Majestic/MG Road),Central (Majestic/MG Road),False,Central (Majestic/MG Road),12.951746587942994,77.5597865657058
"FIR No. 0252/2024, P.S. Indiranagar",2024-05-31 18:50:00,CYBER,CYBER incident reported in East (Indiranagar),East (Indiranagar),False,East (Indiranagar),12.991200909226594,77.63214248103327
89805297/2026,2026-02-10 22:50:00,THEFT,THEFT incident reported in Central (Majestic/MG Road),Central (Majestic/MG Road),False,Central (Majestic/MG Road),12.99117843896615,77.54501776916882
"FIR No. 0569/2024, P.S. Whitefield",2024-06-02 17:17:00,ASSAULT,ASSAULT incident reported in IT Corridor (Whitefield),IT Corridor (Whitefield),False,IT Corridor (Whitefield),12.950633903072692,77.74857649779601
83072390/2026,2026-05-09 20:54:00,THEFT,THEFT incident reported in South East (Koramangala),South East (Koramangala),False,South East (Koramangala),12.928878348583856,77.63419518162844
85758933/2024,2024-03-08 10:34:00,THEFT,THEFT incident reported in Central (Majestic/MG Road),Central (Majestic/MG Road),False,Central (Majestic/MG Road),13.009440211823932,77.56662242306975
88511392/2024,2024-11-04 15:31:00,CYBER,CYBER incident reported in East (Indiranagar),East (Indiranagar),False,East (Indiranagar),12.976091991743411,77.62421576161161
"FIR No. 0054/2023, P.S. Jayanagar",2023-01-21 01:51:00,CYBER,CYBER incident reported in South (Jayanagar),South (Jayanagar),False,South (Jayanagar),12.92143239317364,77.58462668273505
"FIR No. 0117/2023, P.S. Jayanagar",2023-09-01 16:13:00,THEFT,THEFT incident reported in South (Jayanagar),South (Jayanagar),False,South (Jayanagar),12.939298780350605,77.57932989091391
"FIR No. 0142/2026, P.S. Koramangala",2026-04-11 06:14:00,ASSAULT,ASSAULT incident reported in South East (Koramangala),South East (Koramangala),False,South East (Koramangala),12.946082429280048,77.6229118991074
"FIR No. 0037/2025, P.S. Majestic/MG Road",2025-01-13 19:38:00,ROBBERY,ROBBERY incident reported in Central (Majestic/MG Road),Central (Majestic/MG Road),False,Central (Majestic/MG Road),12.972217118506316,77.57416136844829
"FIR No. 0173/2025, P.S. Whitefield",2025-08-09 03:17:00,CYBER,CYBER incident reported in IT Corridor (Whitefield),IT Corridor (Whitefield),False,IT Corridor (Whitefield),12.956671966458472,77.77508155464979
"FIR No. 0087/2023, P.S. Majestic/MG Road",2023-01-08 15:38:00,THEFT,THEFT incident reported in Central (Majestic/MG Road),Central (Majestic/MG Road),False,Central (Majestic/MG Road),12.983072253857324,77.53395405576852
"FIR No. 0230/2026, P.S. Majestic/MG Road",2026-07-09 04:44:00,THEFT,THEFT incident reported in Central (Majestic/MG Road),Central (Majestic/MG Road),False,Central (Majestic/MG Road),12.984884528125043,77.57605067700918
"FIR No. 0398/2023, P.S. Koramangala",2023-07-06 16:18:00,CYBER,CYBER incident reported in South East (Koramangala),South East (Koramangala),False,South East (Koramangala),12.940936982932604,77.62900694955302
"FIR No. 0682/2023, P.S. Koramangala",2023-07-19 18:59:00,THEFT,THEFT incident reported in South East (Koramangala),South East (Koramangala),False,South East (Koramangala),12.937280568624278,77.59158353605633
"FIR No. 0001/2023, P.S. Koramangala",2023-02-14 08:08:00,ROBBERY,ROBBERY incident reported in South East (Koramangala),South East (Koramangala),False,South East (Koramangala),12.936820626643618,77.62834499147067
"FIR No. 0483/2025, P.S. Majestic/MG Road",2025-05-07 09:50:00,THEFT,THEFT incident reported in Central (Majestic/MG Road),Central (Majestic/MG Road),False,Central (Majestic/MG Road),12.965583490982835,77.58829676396756
"FIR No. 0017/2025, P.S. Indiranagar",2025-02-02 13:08:00,THEFT,THEFT incident reported in East (Indiranagar),East (Indiranagar),False,East (Indiranagar),12.975697114473732,77.60508382022715
"FIR No. 0367/2024, P.S. Majestic/MG Road",2024-12-11 18:54:00,THEFT,THEFT incident reported in Central (Majestic/MG Road),Central (Majestic/MG Road),False,Central (Majestic/MG Road),12.983413327601784,77.58789378817728
"FIR No. 0217/2023, P.S. Whitefield",2023-03-08 21:03:00,THEFT,THEFT incident reported in IT Corridor (Whitefield),IT Corridor (Whitefield),True,IT Corridor (Whitefield),12.963030349375757,77.76200400861035
"FIR No. 0433/2025, P.S. Koramangala",2025-12-28 09:09:00,THEFT,THEFT incident reported in South East (Koramangala),South East (Koramangala),True,South East (Koramangala),12.931185385376336,77.63405957028142
85103990/2026,2026-06-06 08:02:00,CYBER,CYBER incident reported in IT Corridor (Whitefield),IT Corridor (Whitefield),False,IT Corridor (Whitefield),12.954768595545298,77.7608332908701
"FIR No. 0530/2023, P.S. Jayanagar",2023-07-10 02:14:00,BURGLARY,BURGLARY incident reported in South (Jayanagar),South (Jayanagar),True,South (Jayanagar),12.922379616792968,77.61464234354581
"FIR No. 0015/2025, P.S. Koramangala",2025-01-17 21:39:00,CYBER,CYBER incident reported in South East (Koramangala),South East (Koramangala),True,South East (Koramangala),12.9264550993615,77.61439945276821
"FIR No. 0476/2026, P.S. Koramangala",2026-07-12 01:17:00,CYBER,CYBER incident reported in South East (Koramangala),South East (Koramangala),False,South East (Koramangala),12.932434600964474,77.63729973037861
"FIR No. 0314/2023, P.S. Indiranagar",2023-03-18 11:45:00,THEFT,THEFT incident reported in East (Indiranagar),East (Indiranagar),False,East (Indiranagar),12.971282571445943,77.63618272355232
"FIR No. 0117/2026, P.S. Koramangala",2026-01-07 04:32:00,OTHER,OTHER incident reported in South East (Koramangala),South East (Koramangala),False,South East (Koramangala),12.961404134598022,77.60184598383923
"FIR No. 0144/2025, P.S. Majestic/MG Road",2025-05-17 13:39:00,THEFT,THEFT incident reported in Central (Majestic/MG Road),Central (Majestic/MG Road),True,Central (Majestic/MG Road),12.977379222771358,77.58145373157348
"FIR No. 0110/2025, P.S. Majestic/MG Road",2025-01-15 11:56:00,THEFT,THEFT incident reported in Central (Majestic/MG Road),Central (Majestic/MG Road),False,Central (Majestic/MG Road),12.991238094745656,77.56849141088291
"FIR No. 0925/2023, P.S. Koramangala",2023-09-02 05:07:00,ASSAULT,ASSAULT incident reported in South East (Koramangala),South East (Koramangala),False,South East (Koramangala),12.958401315576127,77.63075936743587
"FIR No. 0013/2025, P.S. Jayanagar",2025-08-26 14:13:00,ASSAULT,ASSAULT incident reported in South (Jayanagar),South (Jayanagar),False,South (Jayanagar),12.938890134460385,77.57924660799951
"FIR No. 1114/2023, P.S. Majestic/MG Road",2023-12-21 05:32:00,ASSAULT,ASSAULT incident reported in Central (Majestic/MG Road),Central (Majestic/MG Road),True,Central (Majestic/MG Road),12.95031580156401,77.59284811172327
"FIR No. 0463/2024, P.S. Koramangala",2024-12-02 13:48:00,THEFT,THEFT incident reported in South East (Koramangala),South East (Koramangala),False,South East (Koramangala),12.927005698110962,77.61812356842167
"FIR No. 0083/2025, P.S. Koramangala",2025-04-28 09:11:00,THEFT,THEFT incident reported in South East (Koramangala),South East (Koramangala),False,South East (Koramangala),12.950233742476287,77.63671012054589
"FIR No. 0060/2024, P.S. Whitefield",2024-01-19 20:57:00,THEFT,THEFT incident reported in IT Corridor (Whitefield),IT Corridor (Whitefield),False,IT Corridor (Whitefield),12.989997374236156,77.75094364965979
"FIR No. 0319/2024, P.S. Indiranagar",2024-12-08 20:31:00,THEFT,THEFT incident reported in East (Indiranagar),East (Indiranagar),False,East (Indiranagar),12.978501849052376,77.63698050259818
"FIR No. 0042/2023, P.S. Whitefield",2023-01-26 22:50:00,ASSAULT,ASSAULT incident reported in IT Corridor (Whitefield),IT Corridor (Whitefield),False,IT Corridor (Whitefield),13.00261310349476,77.72662506897633
"FIR No. 0076/2024, P.S. Whitefield",2024-03-20 12:21:00,ASSAULT,ASSAULT incident reported in IT Corridor (Whitefield),IT Corridor (Whitefield),False,IT Corridor (Whitefield),12.970311109171142,77.74725968534231
"FIR No. 0027/2024, P.S. Koramangala",2024-04-18 11:33:00,CYBER,CYBER incident reported in South East (Koramangala),South East (Koramangala),True,South East (Koramangala),12.916362508036968,77.6218354089452
"FIR No. 0443/2024, P.S. Koramangala",2024-07-22 05:57:00,THEFT,THEFT incident reported in South East (Koramangala),South East (Koramangala),False,South East (Koramangala),12.949081759191882,77.6240566799624
84013862/2025,2025-07-14 17:30:00,ASSAULT,ASSAULT incident reported in South (Jayanagar),South (Jayanagar),False,South (Jayanagar),12.954178692410748,77.5477382661922
"FIR No. 0255/2023, P.S. Jayanagar",2023-07-29 19:48:00,ASSAULT,ASSAULT incident reported in South (Jayanagar),South (Jayanagar),True,South (Jayanagar),12.933957923226528,77.55937298779897
"FIR No. 0566/2025, P.S. Malleswaram",2025-08-01 13:51:00,CYBER,CYBER incident reported in North (Malleswaram),North (Malleswaram),True,North (Malleswaram),13.008896177222434,77.58544915626032
"FIR No. 0099/2024, P.S. Koramangala",2024-03-11 04:20:00,CYBER,CYBER incident reported in South East (Koramangala),South East (Koramangala),False,South East (Koramangala),12.942297086864183,77.62910449783074
"FIR No. 0042/2023, P.S. Malleswaram",2023-01-15 06:53:00,THEFT,THEFT incident reported in North (Malleswaram),North (Malleswaram),False,North (Malleswaram),13.000701284401432,77.55401064369458
"FIR No. 0185/2024, P.S. Malleswaram",2024-02-03 08:48:00,CYBER,CYBER incident reported in North (Malleswaram),North (Malleswaram),False,North (Malleswaram),13.005447465870196,77.57311724555787
"FIR No. 0460/2024, P.S. Koramangala",2024-10-12 01:53:00,THEFT,THEFT incident reported in South East (Koramangala),South East (Koramangala),False,South East (Koramangala),12.937047443133755,77.62996106945913
81634984/2026,2026-03-13 20:58:00,CYBER,CYBER incident reported in South East (Koramangala),South East (Koramangala),False,South East (Koramangala),12.924008503470702,77.61117711567499
"FIR No. 1207/2024, P.S. Indiranagar",2024-12-10 18:01:00,THEFT,THEFT incident reported in East (Indiranagar),East (Indiranagar),False,East (Indiranagar),12.94903746759346,77.6252829486467
"FIR No. 0190/2024, P.S. Jayanagar",2024-03-13 02:39:00,CYBER,CYBER incident reported in South (Jayanagar),South (Jayanagar),False,South (Jayanagar),12.920151046222042,77.55982375370478
"FIR No. 0086/2026, P.S. Whitefield",2026-03-11 14:12:00,THEFT,THEFT incident reported in IT Corridor (Whitefield),IT Corridor (Whitefield),False,IT Corridor (Whitefield),12.989314118230972,77.74387772022493
"FIR No. 0114/2023, P.S. Indiranagar",2023-07-17 00:21:00,ROBBERY,ROBBERY incident reported in East (Indiranagar),East (Indiranagar),False,East (Indiranagar),12.990570376466149,77.62250728634712
"FIR No. 0139/2025, P.S. Jayanagar",2025-08-02 12:50:00,THEFT,THEFT incident reported in South (Jayanagar),South (Jayanagar),False,South (Jayanagar),12.943565223694652,77.57386185505852
"FIR No. 0282/2026, P.S. Koramangala",2026-05-21 05:52:00,CYBER,CYBER incident reported in South East (Koramangala),South East (Koramangala),False,South East (Koramangala),12.935065541687546,77.63070090039676
"FIR No. 0054/2024, P.S. Koramangala",2024-02-27 02:29:00,OTHER,OTHER incident reported in South East (Koramangala),South East (Koramangala),False,South East (Koramangala),12.92298718879811,77.61928306916542
"FIR No. 0890/2024, P.S. Majestic/MG Road",2024-12-19 06:20:00,CYBER,CYBER incident reported in Central (Majestic/MG Road),Central (Majestic/MG Road),False,Central (Majestic/MG Road),12.980001177122617,77.57364064632668
"FIR No. 0049/2023, P.S. Jayanagar",2023-01-18 12:10:00,THEFT,THEFT incident reported in South (Jayanagar),South (Jayanagar),False,South (Jayanagar),12.940628526406282,77.56424197769915
"FIR No. 0057/2023, P.S. Jayanagar",2023-04-09 22:54:00,THEFT,THEFT incident reported in South (Jayanagar),South (Jayanagar),False,South (Jayanagar),12.94174042524662,77.58017630739089
"FIR No. 0494/2023, P.S. Majestic/MG Road",2023-07-02 07:39:00,CYBER,CYBER incident reported in Central (Majestic/MG Road),Central (Majestic/MG Road),False,Central (Majestic/MG Road),12.997680195553256,77.57096812596568
"FIR No. 0618/2023, P.S. Majestic/MG Road",2023-08-25 15:01:00,ROBBERY,ROBBERY incident reported in Central (Majestic/MG Road),Central (Majestic/MG Road),False,Central (Majestic/MG Road),12.980635706637203,77.57889325284484
"FIR No. 0119/2023, P.S. Koramangala",2023-01-05 06:38:00,ASSAULT,ASSAULT incident reported in South East (Koramangala),South East (Koramangala),False,South East (Koramangala),12.931707893658515,77.61482409463636
"FIR No. 0336/2024, P.S. Majestic/MG Road",2024-09-29 01:21:00,ASSAULT,ASSAULT incident reported in Central (Majestic/MG Road),Central (Majestic/MG Road),True,Central (Majestic/MG Road),12.971345311198611,77.57536945753662
"FIR No. 0024/2025, P.S. Majestic/MG Road",2025-03-11 01:49:00,ASSAULT,ASSAULT incident reported in Central (Majestic/MG Road),Central (Majestic/MG Road),False,Central (Majestic/MG Road),12.948227252834132,77.57735518205422
"FIR No. 0255/2026, P.S. Koramangala",2026-04-02 18:52:00,THEFT,THEFT incident reported in South East (Koramangala),South East (Koramangala),True,South East (Koramangala),12.931506864421968,77.59123974164962
83268499/2026,2026-04-14 09:35:00,THEFT,THEFT incident reported in East (Indiranagar),East (Indiranagar),False,East (Indiranagar),12.956843912251028,77.65116722468665
"FIR No. 0181/2024, P.S. Whitefield",2024-02-27 20:11:00,ROBBERY,ROBBERY incident reported in IT Corridor (Whitefield),IT Corridor (Whitefield),False,IT Corridor (Whitefield),12.96600406261757,77.76402443442679
86413687/2025,2025-02-18 00:17:00,THEFT,THEFT incident reported in South East (Koramangala),South East (Koramangala),False,South East (Koramangala),12.93825419522062,77.65544318152254
"FIR No. 0543/2024, P.S. Malleswaram",2024-11-17 03:11:00,THEFT,THEFT incident reported in North (Malleswaram),North (Malleswaram),False,North (Malleswaram),12.982229739204794,77.59065087608731
"FIR No. 1062/2025, P.S. Jayanagar",2025-12-29 04:28:00,CYBER,CYBER incident reported in South (Jayanagar),South (Jayanagar),True,South (Jayanagar),12.928559050377403,77.60939908985678
"FIR No. 0334/2025, P.S. Majestic/MG Road",2025-07-03 21:10:00,THEFT,THEFT incident reported in Central (Majestic/MG Road),Central (Majestic/MG Road),False,Central (Majestic/MG Road),12.974951444662336,77.56284496800299
86946958/2026,2026-01-30 19:06:00,ROBBERY,ROBBERY incident reported in South (Jayanagar),South (Jayanagar),True,South (Jayanagar),12.89944290448634,77.59405053378886
"FIR No. 0043/2024, P.S. Whitefield",2024-02-10 00:07:00,THEFT,THEFT incident reported in IT Corridor (Whitefield),IT Corridor (Whitefield),False,IT Corridor (Whitefield),12.959808020195036,77.76330828874968
"FIR No. 0327/2023, P.S. Whitefield",2023-07-30 01:14:00,CYBER,CYBER incident reported in IT Corridor (Whitefield),IT Corridor (Whitefield),True,IT Corridor (Whitefield),12.964905706975788,77.76327186330634
"FIR No. 0739/2023, P.S. Indiranagar",2023-08-09 03:50:00,CYBER,CYBER incident reported in East (Indiranagar),East (Indiranagar),False,East (Indiranagar),12.98971653527412,77.62332070258587
81494395/2025,2025-01-28 09:13:00,CYBER,CYBER incident reported in East (Indiranagar),East (Indiranagar),False,East (Indiranagar),12.997128210454628,77.64176569296012
"FIR No. 0127/2026, P.S. Majestic/MG Road",2026-02-13 15:06:00,ASSAULT,ASSAULT incident reported in Central (Majestic/MG Road),Central (Majestic/MG Road),False,Central (Majestic/MG Road),12.991656877185504,77.5972343611104
"FIR No. 0146/2025, P.S. Malleswaram",2025-03-12 04:29:00,BURGLARY,BURGLARY incident reported in North (Malleswaram),North (Malleswaram),True,North (Malleswaram),13.011704864487818,77.54625828811938
"FIR No. 0758/2024, P.S. Majestic/MG Road",2024-09-13 02:31:00,THEFT,THEFT incident reported in Central (Majestic/MG Road),Central (Majestic/MG Road),False,Central (Majestic/MG Road),13.002726349526275,77.57499943457304
"FIR No. 0337/2026, P.S. Whitefield",2026-04-03 17:56:00,BURGLARY,BURGLARY incident reported in IT Corridor (Whitefield),IT Corridor (Whitefield),False,IT Corridor (Whitefield),12.978385753711164,77.73091743894966
"FIR No. 0630/2025, P.S. Majestic/MG Road",2025-09-15 02:25:00,CYBER,CYBER incident reported in Central (Majestic/MG Road),Central (Majestic/MG Road),False,Central (Majestic/MG Road),12.957119653934791,77.56885038563276
"FIR No. 0177/2026, P.S. Koramangala",2026-06-23 13:11:00,ROBBERY,ROBBERY incident reported in South East (Koramangala),South East (Koramangala),False,South East (Koramangala),12.924072791149028,77.62604064428169
"FIR No. 0227/2024, P.S. Indiranagar",2024-03-25 19:38:00,CYBER,CYBER incident reported in East (Indiranagar),East (Indiranagar),False,East (Indiranagar),12.96404547049405,77.64049098790399
"FIR No. 0018/2026, P.S. Malleswaram",2026-02-09 10:22:00,ROBBERY,ROBBERY incident reported in North (Malleswaram),North (Malleswaram),False,North (Malleswaram),13.012937424612348,77.57453036449486
"FIR No. 0129/2023, P.S. Koramangala",2023-04-23 08:33:00,THEFT,THEFT incident reported in South East (Koramangala),South East (Koramangala),False,South East (Koramangala),12.929410372195,77.62569620269196
"FIR No. 0112/2025, P.S. Majestic/MG Road",2025-04-09 21:49:00,CYBER,CYBER incident reported in Central (Majestic/MG Road),Central (Majestic/MG Road),False,Central (Majestic/MG Road),12.974157089398744,77.59692397416701
"FIR No. 0024/2023, P.S. Indiranagar",2023-02-20 21:04:00,OTHER,OTHER incident reported in East (Indiranagar),East (Indiranagar),False,East (Indiranagar),12.971793567238215,77.64260585103024
"FIR No. 0321/2025, P.S. Majestic/MG Road",2025-05-30 16:47:00,ROBBERY,ROBBERY incident reported in Central (Majestic/MG Road),Central (Majestic/MG Road),False,Central (Majestic/MG Road),12.953118251379898,77.57311363190169
84107317/2023,2023-09-22 13:05:00,OTHER,OTHER incident reported in North (Malleswaram),North (Malleswaram),False,North (Malleswaram),13.022110506556391,77.55388172760486
"FIR No. 0273/2026, P.S. Jayanagar",2026-05-13 17:46:00,ASSAULT,ASSAULT incident reported in South (Jayanagar),South (Jayanagar),False,South (Jayanagar),12.91992514815732,77.56615123870006
"FIR No. 0072/2026, P.S. Majestic/MG Road",2026-04-13 06:05:00,CYBER,CYBER incident reported in Central (Majestic/MG Road),Central (Majestic/MG Road),False,Central (Majestic/MG Road),12.97836355457292,77.56381000394359
"FIR No. 0419/2026, P.S. Whitefield",2026-08-13 20:44:00,THEFT,THEFT incident reported in IT Corridor (Whitefield),IT Corridor (Whitefield),False,IT Corridor (Whitefield),12.96353638102234,77.74025940040423
80745087/2025,2025-02-09 00:30:00,CYBER,CYBER incident reported in South East (Koramangala),South East (Koramangala),False,South East (Koramangala),12.937595948524583,77.65150166673774
"FIR No. 0059/2024, P.S. Jayanagar",2024-06-03 10:16:00,CYBER,CYBER incident reported in South (Jayanagar),South (Jayanagar),True,South (Jayanagar),12.943140802515272,77.60183407483088
88223186/2025,2025-04-20 17:05:00,THEFT,THEFT incident reported in South (Jayanagar),South (Jayanagar),False,South (Jayanagar),12.93937854316173,77.57501791447075
"FIR No. 0144/2026, P.S. Indiranagar",2026-04-25 12:21:00,ASSAULT,ASSAULT incident reported in East (Indiranagar),East (Indiranagar),False,East (Indiranagar),12.97664315305592,77.65383826308157
"FIR No. 0712/2024, P.S. Koramangala",2024-07-14 21:22:00,THEFT,THEFT incident reported in South East (Koramangala),South East (Koramangala),False,South East (Koramangala),12.94388828353326,77.6610979416903
"FIR No. 0836/2025, P.S. Indiranagar",2025-09-29 17:12:00,ASSAULT,ASSAULT incident reported in East (Indiranagar),East (Indiranagar),False,East (Indiranagar),12.98800991191124,77.6278121625413
83848783/2023,2023-08-30 00:27:00,THEFT,THEFT incident reported in Central (Majestic/MG Road),Central (Majestic/MG Road),False,Central (Majestic/MG Road),12.987575000755822,77.56282759516283
"FIR No. 0760/2024, P.S. Koramangala",2024-10-15 11:38:00,ASSAULT,ASSAULT incident reported in South East (Koramangala),South East (Koramangala),False,South East (Koramangala),12.945414770491784,77.62176727061029
"FIR No. 0474/2023, P.S. Indiranagar",2023-12-31 19:30:00,ASSAULT,ASSAULT incident reported in East (Indiranagar),East (Indiranagar),False,East (Indiranagar),12.978259059181308,77.63435907818076
"FIR No. 0241/2024, P.S. Koramangala",2024-04-06 04:46:00,ASSAULT,ASSAULT incident reported in South East (Koramangala),South East (Koramangala),False,South East (Koramangala),12.946200764679777,77.61277532825319
"FIR No. 0196/2024, P.S. Jayanagar",2024-04-21 16:31:00,ROBBERY,ROBBERY incident reported in South (Jayanagar),South (Jayanagar),True,South (Jayanagar),12.950610905854855,77.61511796177466
"FIR No. 0074/2023, P.S. Koramangala",2023-01-19 00:51:00,ROBBERY,ROBBERY incident reported in South East (Koramangala),South East (Koramangala),False,South East (Koramangala),12.935911172572949,77.6134313087805
87853229/2023,2023-02-03 02:23:00,CYBER,CYBER incident reported in North (Malleswaram),North (Malleswaram),True,North (Malleswaram),12.990593553291776,77.56052425715444
"FIR No. 0716/2025, P.S. Majestic/MG Road",2025-10-16 02:33:00,ASSAULT,ASSAULT incident reported in Central (Majestic/MG Road),Central (Majestic/MG Road),False,Central (Majestic/MG Road),12.97627868567595,77.5638380905323
"FIR No. 0309/2023, P.S. Majestic/MG Road",2023-07-08 23:20:00,THEFT,THEFT incident reported in Central (Majestic/MG Road),Central (Majestic/MG Road),True,Central (Majestic/MG Road),12.96855488287485,77.57081767393876
"FIR No. 0328/2024, P.S. Koramangala",2024-07-07 11:43:00,CYBER,CYBER incident reported in South East (Koramangala),South East (Koramangala),False,South East (Koramangala),12.933691176515191,77.6101869354704
"FIR No. 0120/2024, P.S. Malleswaram",2024-05-30 05:22:00,BURGLARY,BURGLARY incident reported in North (Malleswaram),North (Malleswaram),False,North (Malleswaram),13.034760537676878,77.53867715039988
"FIR No. 0223/2025, P.S. Malleswaram",2025-06-13 13:39:00,THEFT,THEFT incident reported in North (Malleswaram),North (Malleswaram),False,North (Malleswaram),13.020925083472475,77.550667025098
"FIR No. 0043/2026, P.S. Koramangala",2026-03-28 12:27:00,OTHER,OTHER incident reported in South East (Koramangala),South East (Koramangala),False,South East (Koramangala),12.940023235406349,77.60531345871307
89277982/2023,2023-09-23 15:34:00,CYBER,CYBER incident reported in North (Malleswaram),North (Malleswaram),False,North (Malleswaram),12.993968252355913,77.58491959448875
"FIR No. 0203/2026, P.S. Whitefield",2026-06-01 14:48:00,ASSAULT,ASSAULT incident reported in IT Corridor (Whitefield),IT Corridor (Whitefield),False,IT Corridor (Whitefield),12.973806316651189,77.73486549469737
"FIR No. 0004/2023, P.S. Indiranagar",2023-01-26 15:35:00,ASSAULT,ASSAULT incident reported in East (Indiranagar),East (Indiranagar),False,East (Indiranagar),12.970115888675666,77.65108252209303
"FIR No. 0056/2023, P.S. Indiranagar",2023-02-17 08:45:00,THEFT,THEFT incident reported in East (Indiranagar),East (Indiranagar),True,East (Indiranagar),12.977913230915068,77.63007802656678
"FIR No. 0151/2025, P.S. Majestic/MG Road",2025-06-07 01:17:00,CYBER,CYBER incident reported in Central (Majestic/MG Road),Central (Majestic/MG Road),False,Central (Majestic/MG Road),12.959829538432244,77.56991722866744
"FIR No. 0050/2024, P.S. Indiranagar",2024-02-02 17:59:00,ASSAULT,ASSAULT incident reported in East (Indiranagar),East (Indiranagar),False,East (Indiranagar),12.97224485881882,77.65617319796884
"FIR No. 0236/2025, P.S. Majestic/MG Road",2025-04-13 19:46:00,BURGLARY,BURGLARY incident reported in Central (Majestic/MG Road),Central (Majestic/MG Road),True,Central (Majestic/MG Road),13.01200012571327,77.58812052881531
88272540/2023,2023-10-15 04:45:00,OTHER,OTHER incident reported in South East (Koramangala),South East (Koramangala),True,South East (Koramangala),12.940997344953695,77.64239503666361
85172168/2025,2025-05-10 06:09:00,THEFT,THEFT incident reported in East (Indiranagar),East (Indiranagar),True,East (Indiranagar),12.98379590038856,77.6318286746282
"FIR No. 0460/2025, P.S. Malleswaram",2025-09-27 02:56:00,CYBER,CYBER incident reported in North (Malleswaram),North (Malleswaram),True,North (Malleswaram),13.013285329150415,77.56759438324117
"FIR No. 0010/2024, P.S. Jayanagar",2024-01-25 07:10:00,ASSAULT,ASSAULT incident reported in South (Jayanagar),South (Jayanagar),False,South (Jayanagar),12.938323992096532,77.60831859688348
85793616/2023,2023-04-14 17:34:00,ROBBERY,ROBBERY incident reported in North (Malleswaram),North (Malleswaram),False,North (Malleswaram),12.980236174357753,77.5660340128905
"FIR No. 0003/2023, P.S. Indiranagar",2023-02-14 08:58:00,THEFT,THEFT incident reported in East (Indiranagar),East (Indiranagar),False,East (Indiranagar),12.980393392601728,77.64706723026357
"FIR No. 0617/2023, P.S. Indiranagar",2023-11-03 06:53:00,THEFT,THEFT incident reported in East (Indiranagar),East (Indiranagar),True,East (Indiranagar),12.994794369779004,77.65032494395658
"FIR No. 0331/2024, P.S. Majestic/MG Road",2024-06-11 03:26:00,ROBBERY,ROBBERY incident reported in Central (Majestic/MG Road),Central (Majestic/MG Road),False,Central (Majestic/MG Road),12.98635415468051,77.55549573165517
"FIR No. 0107/2023, P.S. Jayanagar",2023-01-03 20:13:00,THEFT,THEFT incident reported in South (Jayanagar),South (Jayanagar),False,South (Jayanagar),12.934873717865624,77.5608189845979
"FIR No. 0086/2025, P.S. Koramangala",2025-01-26 02:50:00,CYBER,CYBER incident reported in South East (Koramangala),South East (Koramangala),False,South East (Koramangala),12.975575692429969,77.61914519563511
"FIR No. 0708/2025, P.S. Indiranagar",2025-09-05 13:03:00,THEFT,THEFT incident reported in East (Indiranagar),East (Indiranagar),False,East (Indiranagar),13.018905865039033,77.63568890063102
"FIR No. 0239/2026, P.S. Whitefield",2026-08-26 04:39:00,ASSAULT,ASSAULT incident reported in IT Corridor (Whitefield),IT Corridor (Whitefield),True,IT Corridor (Whitefield),12.948940637882489,77.75615190899401
"FIR No. 0055/2026, P.S. Majestic/MG Road",2026-04-15 21:32:00,OTHER,OTHER incident reported in Central (Majestic/MG Road),Central (Majestic/MG Road),False,Central (Majestic/MG Road),12.985356415136796,77.57060470191614
"FIR No. 0156/2025, P.S. Majestic/MG Road",2025-05-06 11:36:00,ROBBERY,ROBBERY incident reported in Central (Majestic/MG Road),Central (Majestic/MG Road),True,Central (Majestic/MG Road),13.00428207981094,77.56050894778738
"FIR No. 0511/2026, P.S. Koramangala",2026-05-03 19:34:00,CYBER,CYBER incident reported in South East (Koramangala),South East (Koramangala),False,South East (Koramangala),12.8958850282271,77.6243331328899
"FIR No. 0374/2026, P.S. Jayanagar",2026-08-18 17:24:00,THEFT,THEFT incident reported in South (Jayanagar),South (Jayanagar),False,South (Jayanagar),12.899860315213084,77.57748915533433
"FIR No. 0038/2025, P.S. Malleswaram",2025-03-30 06:17:00,THEFT,THEFT incident reported in North (Malleswaram),North (Malleswaram),False,North (Malleswaram),12.991942282694897,77.57203488814821
81089705/2025,2025-11-04 15:02:00,THEFT,THEFT incident reported in East (Indiranagar),East (Indiranagar),False,East (Indiranagar),12.940963291837626,77.63518591075905
"FIR No. 0428/2026, P.S. Indiranagar",2026-07-05 08:23:00,ROBBERY,ROBBERY incident reported in East (Indiranagar),East (Indiranagar),False,East (Indiranagar),12.984882870437042,77.65083849552768
83159703/2023,2023-12-20 15:11:00,ROBBERY,ROBBERY incident reported in East (Indiranagar),East (Indiranagar),False,East (Indiranagar),12.964361708631996,77.64853643133785
"FIR No. 0153/2023, P.S. Koramangala",2023-07-09 14:18:00,CYBER,CYBER incident reported in South East (Koramangala),South East (Koramangala),False,South East (Koramangala),12.957244713551969,77.63786029257312
"FIR No. 0458/2023, P.S. Majestic/MG Road",2023-09-08 12:22:00,CYBER,CYBER incident reported in Central (Majestic/MG Road),Central (Majestic/MG Road),True,Central (Majestic/MG Road),12.96533101342219,77.57844355022469
82282298/2024,2024-06-28 18:56:00,BURGLARY,BURGLARY incident reported in South (Jayanagar),South (Jayanagar),False,South (Jayanagar),12.916804647635937,77.59527043844533
"FIR No. 0092/2023, P.S. Majestic/MG Road",2023-05-26 00:04:00,CYBER,CYBER incident reported in Central (Majestic/MG Road),Central (Majestic/MG Road),False,Central (Majestic/MG Road),12.982926617250364,77.59974879598973
85546282/2025,2025-02-09 20:39:00,THEFT,THEFT incident reported in IT Corridor (Whitefield),IT Corridor (Whitefield),False,IT Corridor (Whitefield),12.969879230877408,77.7675988763209
88063813/2024,2024-08-22 18:00:00,THEFT,THEFT incident reported in Central (Majestic/MG Road),Central (Majestic/MG Road),False,Central (Majestic/MG Road),12.987404453946588,77.58307547283006
"FIR No. 0991/2025, P.S. Indiranagar",2025-10-12 03:33:00,ROBBERY,ROBBERY incident reported in East (Indiranagar),East (Indiranagar),False,East (Indiranagar),12.989119426584551,77.63828774481061
"FIR No. 0049/2025, P.S. Koramangala",2025-10-10 11:35:00,THEFT,THEFT incident reported in South East (Koramangala),South East (Koramangala),False,South East (Koramangala),12.917106410859976,77.62221651459971
"FIR No. 0121/2024, P.S. Indiranagar",2024-03-28 21:32:00,CYBER,CYBER incident reported in East (Indiranagar),East (Indiranagar),True,East (Indiranagar),12.97740594593091,77.62163726544513
"FIR No. 0082/2025, P.S. Koramangala",2025-02-11 20:27:00,CYBER,CYBER incident reported in South East (Koramangala),South East (Koramangala),False,South East (Koramangala),12.95726253761806,77.62184215010947
89662839/2023,2023-06-04 23:52:00,THEFT,THEFT incident reported in South East (Koramangala),South East (Koramangala),False,South East (Koramangala),12.947348846874116,77.6152625567979
"FIR No. 1179/2025, P.S. Majestic/MG Road",2025-11-25 19:39:00,CYBER,CYBER incident reported in Central (Majestic/MG Road),Central (Majestic/MG Road),False,Central (Majestic/MG Road),12.96856547460175,77.55943450447842
"FIR No. 0533/2024, P.S. Koramangala",2024-12-16 14:52:00,CYBER,CYBER incident reported in South East (Koramangala),South East (Koramangala),False,South East (Koramangala),12.93373615335654,77.62793046077962
"FIR No. 0458/2026, P.S. Malleswaram",2026-06-12 12:43:00,THEFT,THEFT incident reported in North (Malleswaram),North (Malleswaram),False,North (Malleswaram),13.019554226494082,77.56941081973184
"FIR No. 0159/2023, P.S. Indiranagar",2023-04-10 13:07:00,CYBER,CYBER incident reported in East (Indiranagar),East (Indiranagar),True,East (Indiranagar),12.980119250614072,77.64309325435656
88433294/2023,2023-06-28 12:10:00,ROBBERY,ROBBERY incident reported in South (Jayanagar),South (Jayanagar),True,South (Jayanagar),12.933735400639351,77.58510180583575
"FIR No. 0019/2025, P.S. Malleswaram",2025-01-19 03:08:00,CYBER,CYBER incident reported in North (Malleswaram),North (Malleswaram),False,North (Malleswaram),13.0416250432304,77.55336628620552
"FIR No. 0066/2025, P.S. Indiranagar",2025-10-05 16:20:00,THEFT,THEFT incident reported in East (Indiranagar),East (Indiranagar),False,East (Indiranagar),12.96925458342758,77.63793330051404
"FIR No. 0052/2026, P.S. Majestic/MG Road",2026-01-07 03:47:00,CYBER,CYBER incident reported in Central (Majestic/MG Road),Central (Majestic/MG Road),False,Central (Majestic/MG Road),12.971352191416496,77.5645454910243
"FIR No. 0168/2023, P.S. Koramangala",2023-06-10 12:20:00,THEFT,THEFT incident reported in South East (Koramangala),South East (Koramangala),False,South East (Koramangala),12.923829519092994,77.63915838790295
"FIR No. 0711/2025, P.S. Jayanagar",2025-10-21 09:10:00,CYBER,CYBER incident reported in South (Jayanagar),South (Jayanagar),True,South (Jayanagar),12.919963844755268,77.59758087148546
"FIR No. 0165/2025, P.S. Whitefield",2025-02-13 16:15:00,THEFT,THEFT incident reported in IT Corridor (Whitefield),IT Corridor (Whitefield),False,IT Corridor (Whitefield),12.98798652112838,77.7439328584349
"FIR No. 0231/2023, P.S. Indiranagar",2023-07-08 21:55:00,CYBER,CYBER incident reported in East (Indiranagar),East (Indiranagar),False,East (Indiranagar),12.974456109127392,77.63405010476914
"FIR No. 0318/2026, P.S. Majestic/MG Road",2026-06-23 20:29:00,THEFT,THEFT incident reported in Central (Majestic/MG Road),Central (Majestic/MG Road),True,Central (Majestic/MG Road),12.962494315163545,77.57327448984046
"FIR No. 0042/2024, P.S. Koramangala",2024-01-26 20:41:00,ROBBERY,ROBBERY incident reported in South East (Koramangala),South East (Koramangala),False,South East (Koramangala),12.941846898024028,77.62824834545422
"FIR No. 0245/2024, P.S. Koramangala",2024-08-14 04:07:00,THEFT,THEFT incident reported in South East (Koramangala),South East (Koramangala),True,South East (Koramangala),12.940220228833104,77.64885812507026
"FIR No. 0148/2025, P.S. Whitefield",2025-02-07 12:13:00,CYBER,CYBER incident reported in IT Corridor (Whitefield),IT Corridor (Whitefield),False,IT Corridor (Whitefield),12.946523601373253,77.73424043152129
"FIR No. 0258/2023, P.S. Indiranagar",2023-04-19 16:55:00,CYBER,CYBER incident reported in East (Indiranagar),East (Indiranagar),True,East (Indiranagar),13.012173714371633,77.64536115268842
"FIR No. 0142/2026, P.S. Jayanagar",2026-02-02 01:50:00,THEFT,THEFT incident reported in South (Jayanagar),South (Jayanagar),False,South (Jayanagar),12.93784553473302,77.59349494392706
"FIR No. 0275/2023, P.S. Indiranagar",2023-12-08 19:27:00,CYBER,CYBER incident reported in East (Indiranagar),East (Indiranagar),False,East (Indiranagar),12.9767064435368,77.641550330832
85614447/2023,2023-12-10 20:52:00,ROBBERY,ROBBERY incident reported in South East (Koramangala),South East (Koramangala),True,South East (Koramangala),12.9582343055433,77.62256557003306
82859039/2026,2026-06-27 08:49:00,CYBER,CYBER incident reported in Central (Majestic/MG Road),Central (Majestic/MG Road),False,Central (Majestic/MG Road),12.974118105563113,77.57613321860033
84598611/2025,2025-01-25 18:45:00,ASSAULT,ASSAULT incident reported in South (Jayanagar),South (Jayanagar),False,South (Jayanagar),12.944809329090296,77.60868063520283
"FIR No. 0361/2023, P.S. Malleswaram",2023-10-10 03:11:00,THEFT,THEFT incident reported in North (Malleswaram),North (Malleswaram),False,North (Malleswaram),13.019409672460558,77.56092375127368
"FIR No. 0011/2025, P.S. Indiranagar",2025-01-04 06:01:00,CYBER,CYBER incident reported in East (Indiranagar),East (Indiranagar),True,East (Indiranagar),12.97436708277559,77.61275822502934
"FIR No. 0907/2023, P.S. Jayanagar",2023-09-19 16:37:00,THEFT,THEFT incident reported in South (Jayanagar),South (Jayanagar),False,South (Jayanagar),12.913916223109936,77.58693920148215
"FIR No. 0827/2023, P.S. Koramangala",2023-12-22 01:28:00,ASSAULT,ASSAULT incident reported in South East (Koramangala),South East (Koramangala),False,South East (Koramangala),12.912269748821618,77.61989673708648
"FIR No. 0237/2025, P.S. Indiranagar",2025-11-18 06:11:00,ROBBERY,ROBBERY incident reported in East (Indiranagar),East (Indiranagar),True,East (Indiranagar),12.976345787227476,77.65106924467655
"FIR No. 0020/2025, P.S. Majestic/MG Road",2025-07-30 21:09:00,CYBER,CYBER incident reported in Central (Majestic/MG Road),Central (Majestic/MG Road),True,Central (Majestic/MG Road),12.965269927714584,77.55958450155639
"FIR No. 0107/2023, P.S. Whitefield",2023-03-28 08:46:00,THEFT,THEFT incident reported in IT Corridor (Whitefield),IT Corridor (Whitefield),False,IT Corridor (Whitefield),12.964356960172822,77.73222925463435
"FIR No. 0007/2025, P.S. Malleswaram",2025-04-05 20:58:00,THEFT,THEFT incident reported in North (Malleswaram),North (Malleswaram),False,North (Malleswaram),13.004573014156762,77.54476592616453
"FIR No. 0051/2026, P.S. Jayanagar",2026-02-22 11:05:00,THEFT,THEFT incident reported in South (Jayanagar),South (Jayanagar),False,South (Jayanagar),12.943462680436818,77.59111844152129
"FIR No. 0317/2025, P.S. Indiranagar",2025-04-16 15:33:00,BURGLARY,BURGLARY incident reported in East (Indiranagar),East (Indiranagar),False,East (Indiranagar),12.975003081027587,77.62351479520254
"FIR No. 0494/2026, P.S. Koramangala",2026-07-30 03:32:00,CYBER,CYBER incident reported in South East (Koramangala),South East (Koramangala),True,South East (Koramangala),12.931922827487034,77.61053847777475
"FIR No. 0147/2025, P.S. Whitefield",2025-03-10 22:16:00,THEFT,THEFT incident reported in IT Corridor (Whitefield),IT Corridor (Whitefield),False,IT Corridor (Whitefield),12.989656500368753,77.72715763505684
"FIR No. 0713/2025, P.S. Malleswaram",2025-09-04 06:36:00,CYBER,CYBER incident reported in North (Malleswaram),North (Malleswaram),True,North (Malleswaram),12.993464527412732,77.5854089260497
"FIR No. 1051/2025, P.S. Indiranagar",2025-12-17 03:28:00,THEFT,THEFT incident reported in East (Indiranagar),East (Indiranagar),True,East (Indiranagar),12.959407041605338,77.62201280768612
"FIR No. 0869/2024, P.S. Indiranagar",2024-09-14 10:26:00,ASSAULT,ASSAULT incident reported in East (Indiranagar),East (Indiranagar),True,East (Indiranagar),12.996455645881072,77.62984125005158
"FIR No. 0034/2025, P.S. Majestic/MG Road",2025-10-24 22:50:00,ASSAULT,ASSAULT incident reported in Central (Majestic/MG Road),Central (Majestic/MG Road),False,Central (Majestic/MG Road),12.983027002331692,77.55436982249687
"FIR No. 0022/2024, P.S. Indiranagar",2024-04-27 13:46:00,THEFT,THEFT incident reported in East (Indiranagar),East (Indiranagar),False,East (Indiranagar),12.971747102033884,77.64293605235542
"FIR No. 0170/2024, P.S. Indiranagar",2024-12-20 09:13:00,CYBER,CYBER incident reported in East (Indiranagar),East (Indiranagar),False,East (Indiranagar),12.970930632214191,77.60977790703981
81841018/2025,2025-09-18 05:15:00,ASSAULT,ASSAULT incident reported in North (Malleswaram),North (Malleswaram),False,North (Malleswaram),13.008356867857046,77.54833840414707
"FIR No. 0076/2025, P.S. Jayanagar",2025-01-01 17:33:00,ASSAULT,ASSAULT incident reported in South (Jayanagar),South (Jayanagar),True,South (Jayanagar),12.93875086791769,77.5579306006686
"FIR No. 0026/2024, P.S. Indiranagar",2024-03-30 10:23:00,THEFT,THEFT incident reported in East (Indiranagar),East (Indiranagar),False,East (Indiranagar),12.978406775477564,77.64362409690986
"FIR No. 0233/2024, P.S. Malleswaram",2024-04-24 03:53:00,CYBER,CYBER incident reported in North (Malleswaram),North (Malleswaram),False,North (Malleswaram),13.008638619739395,77.5640956293363
"FIR No. 0446/2024, P.S. Koramangala",2024-06-25 21:48:00,ASSAULT,ASSAULT incident reported in South East (Koramangala),South East (Koramangala),True,South East (Koramangala),12.91780061392748,77.60417577877121
86247425/2024,2024-11-05 12:56:00,THEFT,THEFT incident reported in South East (Koramangala),South East (Koramangala),True,South East (Koramangala),12.916186824315355,77.62079815975049
"FIR No. 0199/2024, P.S. Malleswaram",2024-05-05 21:27:00,THEFT,THEFT incident reported in North (Malleswaram),North (Malleswaram),False,North (Malleswaram),13.015785005031068,77.56037342809611
"FIR No. 0039/2024, P.S. Jayanagar",2024-01-25 01:55:00,THEFT,THEFT incident reported in South (Jayanagar),South (Jayanagar),False,South (Jayanagar),12.930976112697104,77.55636843684458
"FIR No. 0046/2023, P.S. Jayanagar",2023-01-30 01:11:00,BURGLARY,BURGLARY incident reported in South (Jayanagar),South (Jayanagar),False,South (Jayanagar),12.918372621726654,77.58520213402853
86391216/2023,2023-08-27 15:29:00,THEFT,THEFT incident reported in East (Indiranagar),East (Indiranagar),False,East (Indiranagar),13.007581805708732,77.66431296839478
"FIR No. 0644/2024, P.S. Koramangala",2024-07-12 13:56:00,CYBER,CYBER incident reported in South East (Koramangala),South East (Koramangala),False,South East (Koramangala),12.937532906418138,77.6103832577786
87676216/2026,2026-02-02 10:06:00,THEFT,THEFT incident reported in East (Indiranagar),East (Indiranagar),True,East (Indiranagar),12.963227280774676,77.65659079417927
89551843/2026,2026-08-06 09:42:00,CYBER,CYBER incident reported in South (Jayanagar),South (Jayanagar),False,South (Jayanagar),12.936850740416096,77.59658136259984
84074013/2023,2023-03-26 19:57:00,THEFT,THEFT incident reported in IT Corridor (Whitefield),IT Corridor (Whitefield),True,IT Corridor (Whitefield),12.97565063774972,77.74354879031054
"FIR No. 0651/2024, P.S. Majestic/MG Road",2024-09-21 20:22:00,CYBER,CYBER incident reported in Central (Majestic/MG Road),Central (Majestic/MG Road),True,Central (Majestic/MG Road),12.99726327316147,77.58522417212664
"FIR No. 0210/2026, P.S. Majestic/MG Road",2026-05-26 01:07:00,THEFT,THEFT incident reported in Central (Majestic/MG Road),Central (Majestic/MG Road),False,Central (Majestic/MG Road),12.9745185825404,77.58720220432556
"FIR No. 0219/2024, P.S. Malleswaram",2024-10-04 17:57:00,THEFT,THEFT incident reported in North (Malleswaram),North (Malleswaram),False,North (Malleswaram),13.015217143936182,77.56739106647089
"FIR No. 0521/2023, P.S. Indiranagar",2023-10-27 06:13:00,BURGLARY,BURGLARY incident reported in East (Indiranagar),East (Indiranagar),True,East (Indiranagar),12.989388008419926,77.63651675066434
"FIR No. 0533/2023, P.S. Indiranagar",2023-09-13 14:18:00,THEFT,THEFT incident reported in East (Indiranagar),East (Indiranagar),False,East (Indiranagar),12.975772543578476,77.64479046609938
"FIR No. 0385/2025, P.S. Indiranagar",2025-07-14 10:16:00,ASSAULT,ASSAULT incident reported in East (Indiranagar),East (Indiranagar),False,East (Indiranagar),12.97707310961337,77.6389200130959
"FIR No. 0670/2024, P.S. Malleswaram",2024-08-19 19:01:00,CYBER,CYBER incident reported in North (Malleswaram),North (Malleswaram),False,North (Malleswaram),12.999885204369834,77.56250529154163
"FIR No. 0312/2024, P.S. Whitefield",2024-10-05 15:40:00,ASSAULT,ASSAULT incident reported in IT Corridor (Whitefield),IT Corridor (Whitefield),False,IT Corridor (Whitefield),12.954969134650955,77.76187723323507
"FIR No. 0252/2023, P.S. Majestic/MG Road",2023-05-22 04:46:00,CYBER,CYBER incident reported in Central (Majestic/MG Road),Central (Majestic/MG Road),True,Central (Majestic/MG Road),13.000349851499688,77.56919713923979
"FIR No. 0035/2025, P.S. Malleswaram",2025-01-31 14:50:00,CYBER,CYBER incident reported in North (Malleswaram),North (Malleswaram),False,North (Malleswaram),13.022754644516036,77.52052236797563
"FIR No. 0206/2024, P.S. Koramangala",2024-05-12 19:39:00,ASSAULT,ASSAULT incident reported in South East (Koramangala),South East (Koramangala),False,South East (Koramangala),12.95910748710876,77.62091457403285
"FIR No. 0136/2024, P.S. Jayanagar",2024-03-03 07:55:00,ASSAULT,ASSAULT incident reported in South (Jayanagar),South (Jayanagar),False,South (Jayanagar),12.92779468133764,77.57456005172129
"FIR No. 0217/2024, P.S. Koramangala",2024-10-30 12:37:00,CYBER,CYBER incident reported in South East (Koramangala),South East (Koramangala),False,South East (Koramangala),12.917835525261305,77.63453468474347
"FIR No. 0020/2026, P.S. Majestic/MG Road",2026-05-20 10:59:00,ASSAULT,ASSAULT incident reported in Central (Majestic/MG Road),Central (Majestic/MG Road),False,Central (Majestic/MG Road),12.989179952272131,77.56123703327893
"FIR No. 0511/2024, P.S. Koramangala",2024-08-06 15:57:00,ASSAULT,ASSAULT incident reported in South East (Koramangala),South East (Koramangala),False,South East (Koramangala),12.940751228163634,77.62664177206888
"FIR No. 0092/2024, P.S. Indiranagar",2024-03-20 23:20:00,THEFT,THEFT incident reported in East (Indiranagar),East (Indiranagar),True,East (Indiranagar),12.962600973086529,77.65815248137184
81023606/2024,2024-08-01 15:03:00,THEFT,THEFT incident reported in South East (Koramangala),South East (Koramangala),True,South East (Koramangala),12.92185904697045,77.64260413359538
"FIR No. 0074/2024, P.S. Malleswaram",2024-08-08 23:20:00,THEFT,THEFT incident reported in North (Malleswaram),North (Malleswaram),False,North (Malleswaram),12.964979176942842,77.57340937922731
"FIR No. 0685/2026, P.S. Indiranagar",2026-08-24 17:48:00,THEFT,THEFT incident reported in East (Indiranagar),East (Indiranagar),False,East (Indiranagar),12.962614122663348,77.66498342556301
84921176/2023,2023-08-17 18:13:00,THEFT,THEFT incident reported in South (Jayanagar),South (Jayanagar),False,South (Jayanagar),12.902326253166592,77.56470230016483
88026998/2024,2024-06-17 23:15:00,CYBER,CYBER incident reported in Central (Majestic/MG Road),Central (Majestic/MG Road),False,Central (Majestic/MG Road),12.989330266804677,77.57405422666419
81136113/2023,2023-04-29 18:32:00,THEFT,THEFT incident reported in East (Indiranagar),East (Indiranagar),False,East (Indiranagar),12.97945081489409,77.65163073638003
81706729/2023,2023-01-12 19:43:00,CYBER,CYBER incident reported in Central (Majestic/MG Road),Central (Majestic/MG Road),True,Central (Majestic/MG Road),12.99640148359615,77.58221322581208
"FIR No. 0174/2023, P.S. Koramangala",2023-02-24 10:01:00,ROBBERY,ROBBERY incident reported in South East (Koramangala),South East (Koramangala),False,South East (Koramangala),12.917484599767766,77.61537527320965
"FIR No. 0149/2025, P.S. Malleswaram",2025-03-29 02:26:00,THEFT,THEFT incident reported in North (Malleswaram),North (Malleswaram),False,North (Malleswaram),12.99791992358352,77.54841602783635
89201111/2025,2025-01-08 14:57:00,THEFT,THEFT incident reported in South East (Koramangala),South East (Koramangala),False,South East (Koramangala),12.900578185201912,77.63836247753945
"FIR No. 0609/2024, P.S. Indiranagar",2024-08-21 21:45:00,ROBBERY,ROBBERY incident reported in East (Indiranagar),East (Indiranagar),True,East (Indiranagar),12.959831121985522,77.63618242501093
89192341/2025,2025-03-19 10:36:00,THEFT,THEFT incident reported in IT Corridor (Whitefield),IT Corridor (Whitefield),False,IT Corridor (Whitefield),12.961387350631586,77.77336888324791
84688671/2024,2024-01-31 22:39:00,CYBER,CYBER incident reported in East (Indiranagar),East (Indiranagar),False,East (Indiranagar),12.984356524091714,77.63483333822546
"FIR No. 0028/2025, P.S. Koramangala",2025-04-17 12:26:00,CYBER,CYBER incident reported in South East (Koramangala),South East (Koramangala),True,South East (Koramangala),12.937826857798283,77.62292569006581
"FIR No. 0467/2026, P.S. Jayanagar",2026-08-11 01:27:00,ASSAULT,ASSAULT incident reported in South (Jayanagar),South (Jayanagar),False,South (Jayanagar),12.903913506752373,77.56586412406595
"FIR No. 0033/2026, P.S. Majestic/MG Road",2026-06-15 01:03:00,ASSAULT,ASSAULT incident reported in Central (Majestic/MG Road),Central (Majestic/MG Road),False,Central (Majestic/MG Road),12.978012725484252,77.56600129463855
"FIR No. 0059/2024, P.S. Majestic/MG Road",2024-12-06 00:13:00,THEFT,THEFT incident reported in Central (Majestic/MG Road),Central (Majestic/MG Road),True,Central (Majestic/MG Road),12.983687219926194,77.55537545422001
"FIR No. 0047/2023, P.S. Indiranagar",2023-07-24 07:50:00,CYBER,CYBER incident reported in East (Indiranagar),East (Indiranagar),False,East (Indiranagar),12.98637195695116,77.67704774074663
"FIR No. 0291/2023, P.S. Indiranagar",2023-10-23 00:31:00,CYBER,CYBER incident reported in East (Indiranagar),East (Indiranagar),False,East (Indiranagar),12.967537357596996,77.64139792543372
"FIR No. 0566/2024, P.S. Indiranagar",2024-12-31 21:25:00,CYBER,CYBER incident reported in East (Indiranagar),East (Indiranagar),True,East (Indiranagar),13.007958973021063,77.65134808605139
"FIR No. 0987/2025, P.S. Jayanagar",2025-11-23 11:01:00,OTHER,OTHER incident reported in South (Jayanagar),South (Jayanagar),False,South (Jayanagar),12.927003197966242,77.59285079123859
"FIR No. 0621/2025, P.S. Jayanagar",2025-11-02 20:26:00,CYBER,CYBER incident reported in South (Jayanagar),South (Jayanagar),False,South (Jayanagar),12.931171518348837,77.5946941217114
"FIR No. 0072/2025, P.S. Whitefield",2025-06-03 07:59:00,ROBBERY,ROBBERY incident reported in IT Corridor (Whitefield),IT Corridor (Whitefield),False,IT Corridor (Whitefield),12.96342278264105,77.73890367504445
"FIR No. 0529/2023, P.S. Koramangala",2023-05-14 04:15:00,ASSAULT,ASSAULT incident reported in South East (Koramangala),South East (Koramangala),False,South East (Koramangala),12.945226087879034,77.63158686336638
"FIR No. 0395/2025, P.S. Koramangala",2025-08-08 14:58:00,OTHER,OTHER incident reported in South East (Koramangala),South East (Koramangala),False,South East (Koramangala),12.936365654876456,77.59933321387888
"FIR No. 0898/2024, P.S. Malleswaram",2024-12-03 00:10:00,ASSAULT,ASSAULT incident reported in North (Malleswaram),North (Malleswaram),False,North (Malleswaram),13.019005552883607,77.54398969565527
"FIR No. 0256/2023, P.S. Koramangala",2023-06-07 04:54:00,ASSAULT,ASSAULT incident reported in South East (Koramangala),South East (Koramangala),False,South East (Koramangala),12.936943142381306,77.61543517876606
"FIR No. 0187/2025, P.S. Indiranagar",2025-02-12 13:28:00,THEFT,THEFT incident reported in East (Indiranagar),East (Indiranagar),True,East (Indiranagar),12.966548622839149,77.64788022349549
"FIR No. 0497/2024, P.S. Jayanagar",2024-06-27 17:21:00,CYBER,CYBER incident reported in South (Jayanagar),South (Jayanagar),False,South (Jayanagar),12.9230227882874,77.59228665637957
"FIR No. 0142/2023, P.S. Jayanagar",2023-05-05 16:02:00,THEFT,THEFT incident reported in South (Jayanagar),South (Jayanagar),False,South (Jayanagar),12.934504383089838,77.59927323495222
"FIR No. 0097/2024, P.S. Koramangala",2024-05-07 01:20:00,CYBER,CYBER incident reported in South East (Koramangala),South East (Koramangala),False,South East (Koramangala),12.92905086214038,77.65007313157616
"FIR No. 0896/2023, P.S. Jayanagar",2023-09-22 07:06:00,THEFT,THEFT incident reported in South (Jayanagar),South (Jayanagar),True,South (Jayanagar),12.937750831514377,77.58513289960882
"FIR No. 0191/2024, P.S. Majestic/MG Road",2024-08-28 06:23:00,THEFT,THEFT incident reported in Central (Majestic/MG Road),Central (Majestic/MG Road),False,Central (Majestic/MG Road),12.992590261743688,77.57086369770087
84361264/2023,2023-09-02 03:39:00,ASSAULT,ASSAULT incident reported in South (Jayanagar),South (Jayanagar),True,South (Jayanagar),12.923862043832084,77.59201179115713
"FIR No. 0493/2024, P.S. Majestic/MG Road",2024-06-08 03:59:00,ASSAULT,ASSAULT incident reported in Central (Majestic/MG Road),Central (Majestic/MG Road),False,Central (Majestic/MG Road),13.0045668251795,77.5630229007572
"FIR No. 0010/2023, P.S. Majestic/MG Road",2023-06-22 05:07:00,THEFT,THEFT incident reported in Central (Majestic/MG Road),Central (Majestic/MG Road),False,Central (Majestic/MG Road),12.97929415717941,77.56031717456564
84968382/2025,2025-05-21 08:10:00,ASSAULT,ASSAULT incident reported in South (Jayanagar),South (Jayanagar),True,South (Jayanagar),12.929724198493764,77.58233864405267
"FIR No. 0541/2024, P.S. Jayanagar",2024-09-22 03:33:00,ROBBERY,ROBBERY incident reported in South (Jayanagar),South (Jayanagar),False,South (Jayanagar),12.948554803529005,77.59239208303234
"FIR No. 0359/2025, P.S. Koramangala",2025-11-13 02:52:00,THEFT,THEFT incident reported in South East (Koramangala),South East (Koramangala),False,South East (Koramangala),12.919570805005186,77.62334069085385
"FIR No. 0263/2023, P.S. Indiranagar",2023-04-21 12:13:00,BURGLARY,BURGLARY incident reported in East (Indiranagar),East (Indiranagar),True,East (Indiranagar),12.973053911646616,77.62680024847687
80002521/2026,2026-06-17 11:39:00,ASSAULT,ASSAULT incident reported in East (Indiranagar),East (Indiranagar),False,East (Indiranagar),12.981223809567718,77.64239064580637
"FIR No. 0224/2024, P.S. Indiranagar",2024-09-23 00:29:00,THEFT,THEFT incident reported in East (Indiranagar),East (Indiranagar),True,East (Indiranagar),12.992563276103189,77.64943248272938
"FIR No. 0061/2024, P.S. Whitefield",2024-01-02 23:14:00,THEFT,THEFT incident reported in IT Corridor (Whitefield),IT Corridor (Whitefield),False,IT Corridor (Whitefield),12.954267425498529,77.73098925405114
"FIR No. 0074/2025, P.S. Majestic/MG Road",2025-09-12 05:53:00,THEFT,THEFT incident reported in Central (Majestic/MG Road),Central (Majestic/MG Road),False,Central (Majestic/MG Road),12.95451338635104,77.55824807308284
"FIR No. 0234/2023, P.S. Indiranagar",2023-03-21 16:50:00,ROBBERY,ROBBERY incident reported in East (Indiranagar),East (Indiranagar),False,East (Indiranagar),12.987186263583434,77.6397930296299
"FIR No. 0110/2023, P.S. Malleswaram",2023-02-20 18:51:00,CYBER,CYBER incident reported in North (Malleswaram),North (Malleswaram),False,North (Malleswaram),13.02333631346568,77.57101264910484
"FIR No. 0359/2026, P.S. Malleswaram",2026-06-29 07:24:00,CYBER,CYBER incident reported in North (Malleswaram),North (Malleswaram),False,North (Malleswaram),13.021754078081436,77.56282130230734
"FIR No. 0108/2026, P.S. Koramangala",2026-03-04 08:54:00,THEFT,THEFT incident reported in South East (Koramangala),South East (Koramangala),False,South East (Koramangala),12.92747481669455,77.63010929270575
"FIR No. 0175/2025, P.S. Indiranagar",2025-03-03 20:05:00,CYBER,CYBER incident reported in East (Indiranagar),East (Indiranagar),False,East (Indiranagar),12.984614623322058,77.64073383048522
"FIR No. 0850/2025, P.S. Koramangala",2025-12-13 23:34:00,THEFT,THEFT incident reported in South East (Koramangala),South East (Koramangala),False,South East (Koramangala),12.906803475613676,77.61460591814729
"FIR No. 0249/2026, P.S. Majestic/MG Road",2026-04-17 14:45:00,OTHER,OTHER incident reported in Central (Majestic/MG Road),Central (Majestic/MG Road),False,Central (Majestic/MG Road),12.976706838085674,77.58427966943545
"FIR No. 0266/2023, P.S. Indiranagar",2023-05-07 16:54:00,ASSAULT,ASSAULT incident reported in East (Indiranagar),East (Indiranagar),True,East (Indiranagar),12.994492209418896,77.64528840934832
"FIR No. 0798/2025, P.S. Indiranagar",2025-10-05 09:40:00,CYBER,CYBER incident reported in East (Indiranagar),East (Indiranagar),False,East (Indiranagar),12.979113963344526,77.64841500594711
"FIR No. 0111/2026, P.S. Majestic/MG Road",2026-02-19 06:20:00,ASSAULT,ASSAULT incident reported in Central (Majestic/MG Road),Central (Majestic/MG Road),False,Central (Majestic/MG Road),12.980487079947364,77.56221501906921
"FIR No. 0157/2024, P.S. Malleswaram",2024-08-04 04:36:00,THEFT,THEFT incident reported in North (Malleswaram),North (Malleswaram),True,North (Malleswaram),13.002771574041036,77.56093483343265
"FIR No. 0011/2026, P.S. Indiranagar",2026-07-08 03:42:00,CYBER,CYBER incident reported in East (Indiranagar),East (Indiranagar),True,East (Indiranagar),12.991975127407006,77.63966332778212
"FIR No. 0236/2024, P.S. Majestic/MG Road",2024-04-27 11:54:00,CYBER,CYBER incident reported in Central (Majestic/MG Road),Central (Majestic/MG Road),False,Central (Majestic/MG Road),12.976958841549203,77.54829610335408
85121577/2023,2023-03-23 19:16:00,THEFT,THEFT incident reported in East (Indiranagar),East (Indiranagar),True,East (Indiranagar),12.991241254057444,77.61967888728512
"FIR No. 0048/2026, P.S. Malleswaram",2026-02-13 20:46:00,ASSAULT,ASSAULT incident reported in North (Malleswaram),North (Malleswaram),False,North (Malleswaram),13.009139300417264,77.57269558691327
"FIR No. 0009/2023, P.S. Jayanagar",2023-01-28 10:10:00,THEFT,THEFT incident reported in South (Jayanagar),South (Jayanagar),False,South (Jayanagar),12.931040971286178,77.59522890903136
"FIR No. 0384/2025, P.S. Koramangala",2025-05-21 15:15:00,CYBER,CYBER incident reported in South East (Koramangala),South East (Koramangala),True,South East (Koramangala),12.936110681662171,77.62480836216044
"FIR No. 0021/2023, P.S. Indiranagar",2023-03-25 15:43:00,ASSAULT,ASSAULT incident reported in East (Indiranagar),East (Indiranagar),False,East (Indiranagar),12.960701588506703,77.64409657262506
89357999/2023,2023-12-27 04:25:00,CYBER,CYBER incident reported in North (Malleswaram),North (Malleswaram),True,North (Malleswaram),13.01315106464016,77.57331165084862
"FIR No. 0346/2025, P.S. Indiranagar",2025-07-30 18:09:00,CYBER,CYBER incident reported in East (Indiranagar),East (Indiranagar),True,East (Indiranagar),12.966823224852096,77.61077200661737
"FIR No. 0096/2024, P.S. Jayanagar",2024-03-11 14:04:00,ASSAULT,ASSAULT incident reported in South (Jayanagar),South (Jayanagar),False,South (Jayanagar),12.948348345708183,77.58243880648993
"FIR No. 0056/2026, P.S. Koramangala",2026-02-16 09:48:00,CYBER,CYBER incident reported in South East (Koramangala),South East (Koramangala),False,South East (Koramangala),12.912690747862618,77.61120366241863
"FIR No. 0014/2023, P.S. Whitefield",2023-06-06 07:19:00,CYBER,CYBER incident reported in IT Corridor (Whitefield),IT Corridor (Whitefield),False,IT Corridor (Whitefield),12.975964167518828,77.73280512460511
82968242/2023,2023-10-09 01:45:00,ASSAULT,ASSAULT incident reported in Central (Majestic/MG Road),Central (Majestic/MG Road),True,Central (Majestic/MG Road),12.969133869757854,77.57634687757749
"FIR No. 0798/2024, P.S. Indiranagar",2024-11-10 02:04:00,THEFT,THEFT incident reported in East (Indiranagar),East (Indiranagar),False,East (Indiranagar),12.985338503763762,77.62532837465916
"FIR No. 0301/2025, P.S. Whitefield",2025-04-15 19:14:00,CYBER,CYBER incident reported in IT Corridor (Whitefield),IT Corridor (Whitefield),False,IT Corridor (Whitefield),12.979961187228692,77.7564843573749
"FIR No. 0415/2024, P.S. Jayanagar",2024-07-02 13:52:00,THEFT,THEFT incident reported in South (Jayanagar),South (Jayanagar),True,South (Jayanagar),12.94462747891334,77.57454143742248
"FIR No. 0172/2024, P.S. Majestic/MG Road",2024-04-18 01:30:00,THEFT,THEFT incident reported in Central (Majestic/MG Road),Central (Majestic/MG Road),False,Central (Majestic/MG Road),12.96825895358242,77.5894275817216
"FIR No. 0592/2025, P.S. Koramangala",2025-10-27 21:00:00,CYBER,CYBER incident reported in South East (Koramangala),South East (Koramangala),False,South East (Koramangala),12.9529288985937,77.63470791334377
86591451/2025,2025-04-10 23:54:00,THEFT,THEFT incident reported in South (Jayanagar),South (Jayanagar),False,South (Jayanagar),12.933542815862571,77.62306096107264
"FIR No. 1035/2025, P.S. Malleswaram",2025-11-11 03:12:00,THEFT,THEFT incident reported in North (Malleswaram),North (Malleswaram),True,North (Malleswaram),12.983940819497004,77.54047770171847
"FIR No. 0636/2025, P.S. Indiranagar",2025-07-30 01:04:00,CYBER,CYBER incident reported in East (Indiranagar),East (Indiranagar),False,East (Indiranagar),12.991391754102438,77.63103175391863
83815387/2024,2024-07-25 12:04:00,CYBER,CYBER incident reported in North (Malleswaram),North (Malleswaram),True,North (Malleswaram),13.005338088914431,77.55846131611068
"FIR No. 0088/2024, P.S. Indiranagar",2024-09-22 16:28:00,THEFT,THEFT incident reported in East (Indiranagar),East (Indiranagar),True,East (Indiranagar),12.983198173663036,77.64813270755707
"FIR No. 0887/2024, P.S. Malleswaram",2024-09-01 03:11:00,ASSAULT,ASSAULT incident reported in North (Malleswaram),North (Malleswaram),True,North (Malleswaram),13.001778539606848,77.55693893612799
"FIR No. 0341/2024, P.S. Jayanagar",2024-10-15 07:07:00,BURGLARY,BURGLARY incident reported in South (Jayanagar),South (Jayanagar),True,South (Jayanagar),12.940464486459575,77.56733577830505
"FIR No. 0271/2023, P.S. Indiranagar",2023-04-02 18:07:00,THEFT,THEFT incident reported in East (Indiranagar),East (Indiranagar),True,East (Indiranagar),13.010005545750367,77.64662075379047
"FIR No. 1102/2023, P.S. Indiranagar",2023-12-14 22:36:00,BURGLARY,BURGLARY incident reported in East (Indiranagar),East (Indiranagar),False,East (Indiranagar),12.975760362704085,77.66017962904483
"FIR No. 0097/2023, P.S. Jayanagar",2023-01-17 03:54:00,ROBBERY,ROBBERY incident reported in South (Jayanagar),South (Jayanagar),True,South (Jayanagar),12.943495316942087,77.59969501908995
"FIR No. 0006/2026, P.S. Majestic/MG Road",2026-06-15 07:50:00,BURGLARY,BURGLARY incident reported in Central (Majestic/MG Road),Central (Majestic/MG Road),False,Central (Majestic/MG Road),12.980266050984694,77.57515909758477
"FIR No. 0081/2026, P.S. Jayanagar",2026-01-01 16:56:00,THEFT,THEFT incident reported in South (Jayanagar),South (Jayanagar),True,South (Jayanagar),12.929484150793762,77.57317963406678
80929774/2023,2023-11-05 01:08:00,BURGLARY,BURGLARY incident reported in South East (Koramangala),South East (Koramangala),True,South East (Koramangala),12.937481430680783,77.60798795201589
"FIR No. 0240/2024, P.S. Whitefield",2024-05-06 17:57:00,ASSAULT,ASSAULT incident reported in IT Corridor (Whitefield),IT Corridor (Whitefield),True,IT Corridor (Whitefield),12.946346594007284,77.74792624962939
89940947/2026,2026-01-04 23:39:00,THEFT,THEFT incident reported in North (Malleswaram),North (Malleswaram),False,North (Malleswaram),12.98746498539029,77.56326516704229
87686867/2025,2025-08-20 04:05:00,CYBER,CYBER incident reported in South (Jayanagar),South (Jayanagar),True,South (Jayanagar),12.950109199334204,77.56115757256211
"FIR No. 0970/2025, P.S. Majestic/MG Road",2025-09-29 02:26:00,ASSAULT,ASSAULT incident reported in Central (Majestic/MG Road),Central (Majestic/MG Road),True,Central (Majestic/MG Road),12.982134829936516,77.53316100382106
"FIR No. 0061/2023, P.S. Indiranagar",2023-02-09 18:44:00,THEFT,THEFT incident reported in East (Indiranagar),East (Indiranagar),False,East (Indiranagar),12.980916537735876,77.63998808150184
87983358/2023,2023-09-07 13:09:00,ASSAULT,ASSAULT incident reported in South East (Koramangala),South East (Koramangala),False,South East (Koramangala),12.957721258738408,77.60819358926892
"FIR No. 0061/2026, P.S. Majestic/MG Road",2026-01-13 01:17:00,ASSAULT,ASSAULT incident reported in Central (Majestic/MG Road),Central (Majestic/MG Road),True,Central (Majestic/MG Road),13.000208789766912,77.54921084691061
"FIR No. 0596/2023, P.S. Indiranagar",2023-08-30 04:32:00,THEFT,THEFT incident reported in East (Indiranagar),East (Indiranagar),False,East (Indiranagar),12.97373307327206,77.61351865823809
"FIR No. 0456/2024, P.S. Koramangala",2024-10-07 04:25:00,THEFT,THEFT incident reported in South East (Koramangala),South East (Koramangala),False,South East (Koramangala),12.924191743986468,77.61516492716666
83300870/2025,2025-08-06 23:20:00,ROBBERY,ROBBERY incident reported in East (Indiranagar),East (Indiranagar),False,East (Indiranagar),12.980148243591865,77.66013955038159
"FIR No. 0069/2026, P.S. Jayanagar",2026-01-31 18:12:00,CYBER,CYBER incident reported in South (Jayanagar),South (Jayanagar),True,South (Jayanagar),12.928363729152675,77.59266420019206
"FIR No. 0318/2024, P.S. Majestic/MG Road",2024-12-16 10:36:00,CYBER,CYBER incident reported in Central (Majestic/MG Road),Central (Majestic/MG Road),False,Central (Majestic/MG Road),12.944471278905164,77.54958586360834
"FIR No. 0059/2025, P.S. Koramangala",2025-01-27 04:31:00,ASSAULT,ASSAULT incident reported in South East (Koramangala),South East (Koramangala),False,South East (Koramangala),12.908736978497926,77.63212362243547
"FIR No. 0078/2026, P.S. Koramangala",2026-01-24 04:23:00,ASSAULT,ASSAULT incident reported in South East (Koramangala),South East (Koramangala),False,South East (Koramangala),12.940814016031227,77.60422921566737
"FIR No. 0391/2025, P.S. Jayanagar",2025-10-12 11:23:00,ASSAULT,ASSAULT incident reported in South (Jayanagar),South (Jayanagar),True,South (Jayanagar),12.93262602309045,77.58205066395183
"FIR No. 0423/2025, P.S. Jayanagar",2025-04-17 00:25:00,BURGLARY,BURGLARY incident reported in South (Jayanagar),South (Jayanagar),False,South (Jayanagar),12.933976619667684,77.57074189145446
"FIR No. 0039/2024, P.S. Malleswaram",2024-01-05 03:57:00,THEFT,THEFT incident reported in North (Malleswaram),North (Malleswaram),True,North (Malleswaram),12.996501970310064,77.58592018016937
"FIR No. 0477/2023, P.S. Jayanagar",2023-12-11 13:39:00,THEFT,THEFT incident reported in South (Jayanagar),South (Jayanagar),True,South (Jayanagar),12.92507481041231,77.57641750196088
"FIR No. 0490/2023, P.S. Koramangala",2023-09-28 19:11:00,THEFT,THEFT incident reported in South East (Koramangala),South East (Koramangala),False,South East (Koramangala),12.922412962877477,77.61924672956594
"FIR No. 0085/2023, P.S. Indiranagar",2023-01-18 03:02:00,CYBER,CYBER incident reported in East (Indiranagar),East (Indiranagar),False,East (Indiranagar),12.981841944315685,77.60837897268674
"FIR No. 0159/2023, P.S. Indiranagar",2023-08-12 20:10:00,ASSAULT,ASSAULT incident reported in East (Indiranagar),East (Indiranagar),True,East (Indiranagar),12.98150791411654,77.65328121595917
"FIR No. 0163/2023, P.S. Jayanagar",2023-11-13 18:32:00,ASSAULT,ASSAULT incident reported in South (Jayanagar),South (Jayanagar),False,South (Jayanagar),12.951280999192704,77.6107364130967
"FIR No. 0265/2024, P.S. Malleswaram",2024-11-28 22:48:00,THEFT,THEFT incident reported in North (Malleswaram),North (Malleswaram),True,North (Malleswaram),12.975761860476178,77.57605393112243
"FIR No. 0737/2023, P.S. Koramangala",2023-08-02 16:54:00,CYBER,CYBER incident reported in South East (Koramangala),South East (Koramangala),False,South East (Koramangala),12.937659798488818,77.62568097567461
"FIR No. 0070/2024, P.S. Jayanagar",2024-01-04 07:07:00,THEFT,THEFT incident reported in South (Jayanagar),South (Jayanagar),False,South (Jayanagar),12.963841004702848,77.59674534966513
"FIR No. 0321/2024, P.S. Koramangala",2024-07-04 20:08:00,BURGLARY,BURGLARY incident reported in South East (Koramangala),South East (Koramangala),False,South East (Koramangala),12.964993360386076,77.61418408595154
81256626/2026,2026-06-15 14:42:00,THEFT,THEFT incident reported in East (Indiranagar),East (Indiranagar),False,East (Indiranagar),12.989782858368963,77.61780970592162
"FIR No. 0407/2025, P.S. Malleswaram",2025-09-09 17:44:00,THEFT,THEFT incident reported in North (Malleswaram),North (Malleswaram),False,North (Malleswaram),13.03182654902299,77.56684267209499
87070624/2024,2024-02-29 11:31:00,ASSAULT,ASSAULT incident reported in IT Corridor (Whitefield),IT Corridor (Whitefield),False,IT Corridor (Whitefield),12.961634100618417,77.75711531329746
"FIR No. 0060/2024, P.S. Jayanagar",2024-03-31 18:50:00,CYBER,CYBER incident reported in South (Jayanagar),South (Jayanagar),False,South (Jayanagar),12.932696124149418,77.58557101220354
"FIR No. 0206/2023, P.S. Koramangala",2023-04-18 09:11:00,CYBER,CYBER incident reported in South East (Koramangala),South East (Koramangala),True,South East (Koramangala),12.942247270354684,77.62395976131714
"FIR No. 0194/2024, P.S. Majestic/MG Road",2024-03-28 01:24:00,CYBER,CYBER incident reported in Central (Majestic/MG Road),Central (Majestic/MG Road),True,Central (Majestic/MG Road),12.991975217844994,77.56817979414136
"FIR No. 0053/2023, P.S. Koramangala",2023-02-11 20:09:00,BURGLARY,BURGLARY incident reported in South East (Koramangala),South East (Koramangala),False,South East (Koramangala),12.932867285324107,77.64025503311134
80584499/2024,2024-10-26 09:26:00,THEFT,THEFT incident reported in North (Malleswaram),North (Malleswaram),True,North (Malleswaram),13.01257487592911,77.54471143796026
89572531/2023,2023-11-25 07:06:00,ROBBERY,ROBBERY incident reported in North (Malleswaram),North (Malleswaram),False,North (Malleswaram),12.994562128725184,77.58278180747457
"FIR No. 0587/2023, P.S. Indiranagar",2023-12-11 07:05:00,THEFT,THEFT incident reported in East (Indiranagar),East (Indiranagar),False,East (Indiranagar),12.978495529112404,77.62746846002386
"FIR No. 0557/2023, P.S. Majestic/MG Road",2023-06-12 17:42:00,CYBER,CYBER incident reported in Central (Majestic/MG Road),Central (Majestic/MG Road),False,Central (Majestic/MG Road),12.972463044864991,77.57032901850376
"FIR No. 0061/2026, P.S. Jayanagar",2026-01-19 22:38:00,CYBER,CYBER incident reported in South (Jayanagar),South (Jayanagar),False,South (Jayanagar),12.937974716159465,77.60456985058427
86901016/2026,2026-05-16 04:50:00,THEFT,THEFT incident reported in East (Indiranagar),East (Indiranagar),False,East (Indiranagar),12.979583500877713,77.60855526532183
"FIR No. 0099/2023, P.S. Koramangala",2023-04-28 01:25:00,ROBBERY,ROBBERY incident reported in South East (Koramangala),South East (Koramangala),False,South East (Koramangala),12.936331536414343,77.61082431381986
"FIR No. 0096/2023, P.S. Indiranagar",2023-02-15 18:06:00,ROBBERY,ROBBERY incident reported in East (Indiranagar),East (Indiranagar),False,East (Indiranagar),12.991302066840024,77.65336014848415
89342231/2025,2025-06-08 17:52:00,CYBER,CYBER incident reported in South East (Koramangala),South East (Koramangala),False,South East (Koramangala),12.921720586947934,77.63504560330999
"FIR No. 0204/2026, P.S. Koramangala",2026-04-23 08:09:00,CYBER,CYBER incident reported in South East (Koramangala),South East (Koramangala),False,South East (Koramangala),12.916700456556404,77.62769320044998
82493739/2023,2023-11-09 07:09:00,THEFT,THEFT incident reported in East (Indiranagar),East (Indiranagar),False,East (Indiranagar),12.993701982742222,77.66739416204821
81168631/2024,2024-12-20 22:45:00,THEFT,THEFT incident reported in South East (Koramangala),South East (Koramangala),False,South East (Koramangala),12.949887420513576,77.63892912237654
"FIR No. 0282/2023, P.S. Indiranagar",2023-03-10 02:31:00,ASSAULT,ASSAULT incident reported in East (Indiranagar),East (Indiranagar),False,East (Indiranagar),12.997934591953364,77.6143749578219
"FIR No. 0106/2025, P.S. Majestic/MG Road",2025-02-07 14:15:00,CYBER,CYBER incident reported in Central (Majestic/MG Road),Central (Majestic/MG Road),False,Central (Majestic/MG Road),12.980928447854923,77.5679973668759
89186952/2024,2024-05-04 07:10:00,THEFT,THEFT incident reported in South (Jayanagar),South (Jayanagar),True,South (Jayanagar),12.929545304865693,77.57328263935035
"FIR No. 0700/2023, P.S. Majestic/MG Road",2023-08-01 18:53:00,ASSAULT,ASSAULT incident reported in Central (Majestic/MG Road),Central (Majestic/MG Road),True,Central (Majestic/MG Road),12.981138411700693,77.5920646190196
"FIR No. 0057/2023, P.S. Jayanagar",2023-01-27 11:54:00,THEFT,THEFT incident reported in South (Jayanagar),South (Jayanagar),False,South (Jayanagar),12.90406768445692,77.5882891968507
87941325/2023,2023-09-09 18:24:00,THEFT,THEFT incident reported in North (Malleswaram),North (Malleswaram),False,North (Malleswaram),13.008573642823476,77.60083034187876
"FIR No. 0199/2023, P.S. Koramangala",2023-08-22 18:54:00,CYBER,CYBER incident reported in South East (Koramangala),South East (Koramangala),False,South East (Koramangala),12.94400413055228,77.60269419824341
"FIR No. 0268/2023, P.S. Koramangala",2023-07-30 04:52:00,THEFT,THEFT incident reported in South East (Koramangala),South East (Koramangala),False,South East (Koramangala),12.933368949660904,77.61021795000308
"FIR No. 0174/2023, P.S. Jayanagar",2023-08-04 12:15:00,CYBER,CYBER incident reported in South (Jayanagar),South (Jayanagar),False,South (Jayanagar),12.920769042823688,77.61579803800971
"FIR No. 0003/2024, P.S. Indiranagar",2024-02-24 07:19:00,THEFT,THEFT incident reported in East (Indiranagar),East (Indiranagar),False,East (Indiranagar),12.980565013530756,77.69228174433385
"FIR No. 0226/2023, P.S. Koramangala",2023-08-20 14:55:00,CYBER,CYBER incident reported in South East (Koramangala),South East (Koramangala),False,South East (Koramangala),12.949808740932369,77.61589836188303
"FIR No. 0026/2025, P.S. Jayanagar",2025-02-09 07:40:00,CYBER,CYBER incident reported in South (Jayanagar),South (Jayanagar),False,South (Jayanagar),12.920978273064463,77.59258091278558
81099152/2025,2025-05-23 11:50:00,THEFT,THEFT incident reported in North (Malleswaram),North (Malleswaram),False,North (Malleswaram),12.988717854913173,77.55708822210057
"FIR No. 0082/2025, P.S. Indiranagar",2025-05-05 17:01:00,ASSAULT,ASSAULT incident reported in East (Indiranagar),East (Indiranagar),True,East (Indiranagar),12.964999805365036,77.61782451655249
"FIR No. 0667/2025, P.S. Malleswaram",2025-12-11 12:05:00,OTHER,OTHER incident reported in North (Malleswaram),North (Malleswaram),False,North (Malleswaram),12.990164651056364,77.58320343570485
"FIR No. 0182/2026, P.S. Koramangala",2026-03-19 09:59:00,CYBER,CYBER incident reported in South East (Koramangala),South East (Koramangala),False,South East (Koramangala),12.924002075022509,77.62739449021616
"FIR No. 0029/2025, P.S. Majestic/MG Road",2025-02-17 19:32:00,ASSAULT,ASSAULT incident reported in Central (Majestic/MG Road),Central (Majestic/MG Road),False,Central (Majestic/MG Road),12.961446447387752,77.60433750912772
"FIR No. 0331/2025, P.S. Indiranagar",2025-11-17 08:02:00,BURGLARY,BURGLARY incident reported in East (Indiranagar),East (Indiranagar),False,East (Indiranagar),12.996248518979844,77.66162583421216
"FIR No. 0991/2025, P.S. Jayanagar",2025-12-15 10:18:00,ASSAULT,ASSAULT incident reported in South (Jayanagar),South (Jayanagar),False,South (Jayanagar),12.924396188169077,77.58324465356243
"FIR No. 0023/2024, P.S. Whitefield",2024-11-09 16:38:00,CYBER,CYBER incident reported in IT Corridor (Whitefield),IT Corridor (Whitefield),True,IT Corridor (Whitefield),12.961839999703091,77.74531305784409
"FIR No. 0102/2023, P.S. Whitefield",2023-02-10 10:15:00,ASSAULT,ASSAULT incident reported in IT Corridor (Whitefield),IT Corridor (Whitefield),False,IT Corridor (Whitefield),12.94342804589196,77.7593746077378
"FIR No. 0033/2026, P.S. Koramangala",2026-02-20 14:34:00,CYBER,CYBER incident reported in South East (Koramangala),South East (Koramangala),True,South East (Koramangala),12.925720679363598,77.63325172776212
"FIR No. 0089/2023, P.S. Malleswaram",2023-05-30 09:20:00,THEFT,THEFT incident reported in North (Malleswaram),North (Malleswaram),False,North (Malleswaram),13.0006421874871,77.55528039186404
84473027/2023,2023-08-03 08:01:00,BURGLARY,BURGLARY incident reported in IT Corridor (Whitefield),IT Corridor (Whitefield),False,IT Corridor (Whitefield),12.95573510725218,77.75066899379988
"FIR No. 0086/2023, P.S. Majestic/MG Road",2023-01-02 00:29:00,THEFT,THEFT incident reported in Central (Majestic/MG Road),Central (Majestic/MG Road),False,Central (Majestic/MG Road),12.96964427519828,77.5370106607991
"FIR No. 0474/2023, P.S. Whitefield",2023-09-22 20:55:00,THEFT,THEFT incident reported in IT Corridor (Whitefield),IT Corridor (Whitefield),False,IT Corridor (Whitefield),12.957407073959743,77.74743376916786
"FIR No. 0024/2023, P.S. Koramangala",2023-05-31 13:04:00,THEFT,THEFT incident reported in South East (Koramangala),South East (Koramangala),False,South East (Koramangala),12.942752175227971,77.6076539073263
"FIR No. 0005/2023, P.S. Majestic/MG Road",2023-01-11 00:48:00,CYBER,CYBER incident reported in Central (Majestic/MG Road),Central (Majestic/MG Road),False,Central (Majestic/MG Road),12.9998752033777,77.5806534486762
"FIR No. 0161/2023, P.S. Jayanagar",2023-05-19 22:24:00,THEFT,THEFT incident reported in South (Jayanagar),South (Jayanagar),False,South (Jayanagar),12.903205685977987,77.5812900824826
"FIR No. 0550/2025, P.S. Indiranagar",2025-08-13 01:09:00,THEFT,THEFT incident reported in East (Indiranagar),East (Indiranagar),False,East (Indiranagar),12.97838292005874,77.63447345573816
"FIR No. 0055/2023, P.S. Majestic/MG Road",2023-10-03 13:58:00,CYBER,CYBER incident reported in Central (Majestic/MG Road),Central (Majestic/MG Road),False,Central (Majestic/MG Road),12.97860379346285,77.55385040341758
"FIR No. 0682/2025, P.S. Whitefield",2025-12-05 06:57:00,THEFT,THEFT incident reported in IT Corridor (Whitefield),IT Corridor (Whitefield),True,IT Corridor (Whitefield),12.999000706374716,77.72541643673186
"FIR No. 0090/2026, P.S. Majestic/MG Road",2026-01-10 13:31:00,ROBBERY,ROBBERY incident reported in Central (Majestic/MG Road),Central (Majestic/MG Road),False,Central (Majestic/MG Road),12.99123911546369,77.57895116065366
"FIR No. 0359/2025, P.S. Majestic/MG Road",2025-04-17 15:33:00,THEFT,THEFT incident reported in Central (Majestic/MG Road),Central (Majestic/MG Road),False,Central (Majestic/MG Road),12.979203888279397,77.57431967687624
"FIR No. 0332/2025, P.S. Jayanagar",2025-06-16 15:58:00,THEFT,THEFT incident reported in South (Jayanagar),South (Jayanagar),False,South (Jayanagar),12.92059113567962,77.58992666881824
"FIR No. 0163/2024, P.S. Jayanagar",2024-03-16 20:18:00,CYBER,CYBER incident reported in South (Jayanagar),South (Jayanagar),False,South (Jayanagar),12.955622249475343,77.55806508128978
"FIR No. 0203/2026, P.S. Whitefield",2026-02-27 12:53:00,THEFT,THEFT incident reported in IT Corridor (Whitefield),IT Corridor (Whitefield),False,IT Corridor (Whitefield),12.963631965260529,77.7590066289055
83627164/2023,2023-05-28 23:53:00,ROBBERY,ROBBERY incident reported in South (Jayanagar),South (Jayanagar),True,South (Jayanagar),12.922165863495287,77.58970943123296
82204730/2024,2024-11-29 15:50:00,CYBER,CYBER incident reported in East (Indiranagar),East (Indiranagar),True,East (Indiranagar),12.997853509291652,77.6400423332013
"FIR No. 0203/2026, P.S. Indiranagar",2026-07-07 23:49:00,THEFT,THEFT incident reported in East (Indiranagar),East (Indiranagar),False,East (Indiranagar),13.001088971839284,77.648398496255
"FIR No. 0046/2024, P.S. Indiranagar",2024-05-03 00:31:00,BURGLARY,BURGLARY incident reported in East (Indiranagar),East (Indiranagar),False,East (Indiranagar),12.98483441040552,77.65122949439382
"FIR No. 0800/2023, P.S. Jayanagar",2023-08-23 05:16:00,THEFT,THEFT incident reported in South (Jayanagar),South (Jayanagar),False,South (Jayanagar),12.925835507039649,77.59824749750473
"FIR No. 0612/2024, P.S. Indiranagar",2024-11-19 14:57:00,THEFT,THEFT incident reported in East (Indiranagar),East (Indiranagar),False,East (Indiranagar),12.968050702770183,77.62563940632126
88407321/2024,2024-06-22 20:01:00,THEFT,THEFT incident reported in East (Indiranagar),East (Indiranagar),False,East (Indiranagar),12.979659632355084,77.62926776982603
"FIR No. 0110/2024, P.S. Indiranagar",2024-01-23 11:22:00,ASSAULT,ASSAULT incident reported in East (Indiranagar),East (Indiranagar),False,East (Indiranagar),13.000088290150131,77.63866437498069
"FIR No. 0500/2026, P.S. Koramangala",2026-05-30 11:00:00,THEFT,THEFT incident reported in South East (Koramangala),South East (Koramangala),False,South East (Koramangala),12.946469499054633,77.59518969263567
"FIR No. 0127/2025, P.S. Malleswaram",2025-04-19 10:07:00,ROBBERY,ROBBERY incident reported in North (Malleswaram),North (Malleswaram),True,North (Malleswaram),13.0108276940071,77.54573476066575
"FIR No. 0423/2023, P.S. Majestic/MG Road",2023-08-01 23:29:00,OTHER,OTHER incident reported in Central (Majestic/MG Road),Central (Majestic/MG Road),True,Central (Majestic/MG Road),12.990011063147952,77.56926699963245
"FIR No. 0197/2024, P.S. Koramangala",2024-04-11 00:15:00,THEFT,THEFT incident reported in South East (Koramangala),South East (Koramangala),True,South East (Koramangala),12.929668698434384,77.60424806190196
"FIR No. 0075/2026, P.S. Indiranagar",2026-04-13 17:42:00,THEFT,THEFT incident reported in East (Indiranagar),East (Indiranagar),True,East (Indiranagar),12.975674709822322,77.60735022872873
"FIR No. 0345/2026, P.S. Koramangala",2026-05-13 03:31:00,CYBER,CYBER incident reported in South East (Koramangala),South East (Koramangala),False,South East (Koramangala),12.926085680867674,77.60524449491882
"FIR No. 0247/2026, P.S. Koramangala",2026-07-02 20:45:00,ROBBERY,ROBBERY incident reported in South East (Koramangala),South East (Koramangala),False,South East (Koramangala),12.958526982305084,77.58974597203705
"FIR No. 0050/2024, P.S. Majestic/MG Road",2024-07-04 13:06:00,CYBER,CYBER incident reported in Central (Majestic/MG Road),Central (Majestic/MG Road),False,Central (Majestic/MG Road),12.97574708616376,77.57396579220543
"FIR No. 0509/2026, P.S. Indiranagar",2026-08-21 10:14:00,THEFT,THEFT incident reported in East (Indiranagar),East (Indiranagar),False,East (Indiranagar),12.995963706979335,77.61635423030769
82840395/2025,2025-07-05 05:06:00,THEFT,THEFT incident reported in South East (Koramangala),South East (Koramangala),False,South East (Koramangala),12.928445382468306,77.63463277950476
"FIR No. 0597/2023, P.S. Majestic/MG Road",2023-11-25 14:15:00,ROBBERY,ROBBERY incident reported in Central (Majestic/MG Road),Central (Majestic/MG Road),False,Central (Majestic/MG Road),12.995493915958464,77.575855286942
"FIR No. 0436/2026, P.S. Majestic/MG Road",2026-06-13 04:35:00,CYBER,CYBER incident reported in Central (Majestic/MG Road),Central (Majestic/MG Road),False,Central (Majestic/MG Road),12.951903933620049,77.57465238565956
80156479/2025,2025-05-09 10:41:00,THEFT,THEFT incident reported in South East (Koramangala),South East (Koramangala),False,South East (Koramangala),12.928573056707137,77.64325004095107
"FIR No. 0074/2025, P.S. Majestic/MG Road",2025-03-16 06:15:00,ROBBERY,ROBBERY incident reported in Central (Majestic/MG Road),Central (Majestic/MG Road),False,Central (Majestic/MG Road),12.993552660641178,77.55874755293857
"FIR No. 0128/2025, P.S. Whitefield",2025-05-08 19:07:00,CYBER,CYBER incident reported in IT Corridor (Whitefield),IT Corridor (Whitefield),False,IT Corridor (Whitefield),12.9760338967895,77.7375873127179
"FIR No. 0219/2024, P.S. Koramangala",2024-04-11 21:21:00,ROBBERY,ROBBERY incident reported in South East (Koramangala),South East (Koramangala),False,South East (Koramangala),12.925413062467758,77.6120689562485
"FIR No. 0665/2025, P.S. Koramangala",2025-09-12 17:08:00,ROBBERY,ROBBERY incident reported in South East (Koramangala),South East (Koramangala),False,South East (Koramangala),12.931560638674393,77.6540914257795
"FIR No. 0890/2025, P.S. Koramangala",2025-11-22 16:29:00,ROBBERY,ROBBERY incident reported in South East (Koramangala),South East (Koramangala),False,South East (Koramangala),12.923115785297703,77.62401278366056
"FIR No. 0028/2025, P.S. Malleswaram",2025-01-01 00:24:00,CYBER,CYBER incident reported in North (Malleswaram),North (Malleswaram),False,North (Malleswaram),12.98778857884991,77.56513611637862
"FIR No. 0533/2025, P.S. Jayanagar",2025-08-12 23:11:00,ROBBERY,ROBBERY incident reported in South (Jayanagar),South (Jayanagar),True,South (Jayanagar),12.932038480790766,77.56109385570738
"FIR No. 0108/2025, P.S. Indiranagar",2025-02-25 08:49:00,CYBER,CYBER incident reported in East (Indiranagar),East (Indiranagar),False,East (Indiranagar),12.978287413772865,77.65223327214505
81316971/2026,2026-07-11 18:43:00,ROBBERY,ROBBERY incident reported in IT Corridor (Whitefield),IT Corridor (Whitefield),False,IT Corridor (Whitefield),12.97616733112358,77.7709444675471
"FIR No. 0016/2024, P.S. Indiranagar",2024-06-02 12:09:00,THEFT,THEFT incident reported in East (Indiranagar),East (Indiranagar),False,East (Indiranagar),12.956642102931951,77.64878089329625
"FIR No. 0246/2023, P.S. Whitefield",2023-10-12 02:31:00,CYBER,CYBER incident reported in IT Corridor (Whitefield),IT Corridor (Whitefield),False,IT Corridor (Whitefield),12.995409633868876,77.76028580704094
"FIR No. 0487/2025, P.S. Majestic/MG Road",2025-09-29 15:20:00,ASSAULT,ASSAULT incident reported in Central (Majestic/MG Road),Central (Majestic/MG Road),True,Central (Majestic/MG Road),12.98996986286033,77.56909309599297
"FIR No. 0396/2026, P.S. Malleswaram",2026-07-08 04:09:00,CYBER,CYBER incident reported in North (Malleswaram),North (Malleswaram),False,North (Malleswaram),13.004693033279228,77.56147863032518
"FIR No. 0180/2026, P.S. Malleswaram",2026-07-28 11:48:00,THEFT,THEFT incident reported in North (Malleswaram),North (Malleswaram),False,North (Malleswaram),12.967503546513676,77.58787207913545
"FIR No. 0084/2026, P.S. Malleswaram",2026-02-15 21:49:00,THEFT,THEFT incident reported in North (Malleswaram),North (Malleswaram),False,North (Malleswaram),12.988124877423791,77.57667040857062
"FIR No. 0100/2026, P.S. Koramangala",2026-05-21 22:14:00,ASSAULT,ASSAULT incident reported in South East (Koramangala),South East (Koramangala),False,South East (Koramangala),12.94916225006765,77.60286071463787
"FIR No. 0229/2025, P.S. Majestic/MG Road",2025-09-28 12:24:00,THEFT,THEFT incident reported in Central (Majestic/MG Road),Central (Majestic/MG Road),False,Central (Majestic/MG Road),12.982592691842642,77.56008472561024
"FIR No. 0256/2026, P.S. Koramangala",2026-04-30 04:19:00,THEFT,THEFT incident reported in South East (Koramangala),South East (Koramangala),False,South East (Koramangala),12.945056883937127,77.62136507257377
87949977/2024,2024-04-23 02:31:00,THEFT,THEFT incident reported in IT Corridor (Whitefield),IT Corridor (Whitefield),True,IT Corridor (Whitefield),12.96392065049564,77.7508843326876
"FIR No. 0403/2025, P.S. Jayanagar",2025-08-19 06:27:00,BURGLARY,BURGLARY incident reported in South (Jayanagar),South (Jayanagar),False,South (Jayanagar),12.948948211191908,77.60112537964062
"FIR No. 0583/2024, P.S. Koramangala",2024-10-22 06:16:00,THEFT,THEFT incident reported in South East (Koramangala),South East (Koramangala),False,South East (Koramangala),12.944402130867267,77.62465992699974
"FIR No. 0003/2026, P.S. Majestic/MG Road",2026-05-01 08:58:00,THEFT,THEFT incident reported in Central (Majestic/MG Road),Central (Majestic/MG Road),False,Central (Majestic/MG Road),12.9752340289467,77.596789440625
"FIR No. 0220/2025, P.S. Koramangala",2025-03-26 03:58:00,THEFT,THEFT incident reported in South East (Koramangala),South East (Koramangala),True,South East (Koramangala),12.954482442019003,77.62279768400357
"FIR No. 0071/2023, P.S. Indiranagar",2023-08-13 09:00:00,ROBBERY,ROBBERY incident reported in East (Indiranagar),East (Indiranagar),False,East (Indiranagar),12.973721066266034,77.64529881408038
"FIR No. 0366/2024, P.S. Majestic/MG Road",2024-07-29 21:15:00,BURGLARY,BURGLARY incident reported in Central (Majestic/MG Road),Central (Majestic/MG Road),False,Central (Majestic/MG Road),12.95168634732089,77.5776376820455
"FIR No. 0061/2026, P.S. Indiranagar",2026-06-26 06:18:00,ROBBERY,ROBBERY incident reported in East (Indiranagar),East (Indiranagar),False,East (Indiranagar),12.971667339722432,77.60696660218248
82262642/2026,2026-04-06 22:18:00,THEFT,THEFT incident reported in North (Malleswaram),North (Malleswaram),False,North (Malleswaram),12.992462123888252,77.5352387161818
"FIR No. 0021/2024, P.S. Jayanagar",2024-01-01 03:23:00,THEFT,THEFT incident reported in South (Jayanagar),South (Jayanagar),False,South (Jayanagar),12.920469979223547,77.57760180925956
"FIR No. 0054/2026, P.S. Whitefield",2026-02-20 07:07:00,ASSAULT,ASSAULT incident reported in IT Corridor (Whitefield),IT Corridor (Whitefield),True,IT Corridor (Whitefield),12.947068454333271,77.74886325915965
"FIR No. 0340/2023, P.S. Koramangala",2023-12-08 05:59:00,CYBER,CYBER incident reported in South East (Koramangala),South East (Koramangala),False,South East (Koramangala),12.922356445802349,77.62306040711997
"FIR No. 0836/2025, P.S. Majestic/MG Road",2025-10-18 18:42:00,CYBER,CYBER incident reported in Central (Majestic/MG Road),Central (Majestic/MG Road),True,Central (Majestic/MG Road),12.975540442457284,77.56921854005743
"FIR No. 0771/2023, P.S. Jayanagar",2023-09-22 07:14:00,CYBER,CYBER incident reported in South (Jayanagar),South (Jayanagar),False,South (Jayanagar),12.926236119279446,77.61066619753619
"FIR No. 0149/2025, P.S. Indiranagar",2025-06-22 19:57:00,ASSAULT,ASSAULT incident reported in East (Indiranagar),East (Indiranagar),False,East (Indiranagar),12.96005021347072,77.6268797905178
"FIR No. 0660/2023, P.S. Koramangala",2023-09-01 18:54:00,ASSAULT,ASSAULT incident reported in South East (Koramangala),South East (Koramangala),False,South East (Koramangala),12.942580016395151,77.65422763206153
"FIR No. 0849/2024, P.S. Koramangala",2024-12-15 09:19:00,OTHER,OTHER incident reported in South East (Koramangala),South East (Koramangala),True,South East (Koramangala),12.94824117765359,77.62822055510674
84075577/2026,2026-07-04 13:46:00,CYBER,CYBER incident reported in East (Indiranagar),East (Indiranagar),True,East (Indiranagar),12.97314636610923,77.63882173313978
"FIR No. 0116/2024, P.S. Whitefield",2024-03-10 14:35:00,THEFT,THEFT incident reported in IT Corridor (Whitefield),IT Corridor (Whitefield),False,IT Corridor (Whitefield),12.99529384186779,77.73507558138508
"FIR No. 0463/2026, P.S. Jayanagar",2026-07-31 07:14:00,THEFT,THEFT incident reported in South (Jayanagar),South (Jayanagar),False,South (Jayanagar),12.939482412057163,77.59267057898882
"FIR No. 0296/2024, P.S. Koramangala",2024-05-24 09:59:00,THEFT,THEFT incident reported in South East (Koramangala),South East (Koramangala),True,South East (Koramangala),12.9429049594463,77.61261576748942
"FIR No. 0457/2024, P.S. Malleswaram",2024-11-19 10:21:00,ASSAULT,ASSAULT incident reported in North (Malleswaram),North (Malleswaram),False,North (Malleswaram),13.01263046800922,77.55892551342451
"FIR No. 0852/2023, P.S. Majestic/MG Road",2023-09-08 04:15:00,CYBER,CYBER incident reported in Central (Majestic/MG Road),Central (Majestic/MG Road),False,Central (Majestic/MG Road),13.002482016923462,77.5551656475187
"FIR No. 0143/2025, P.S. Jayanagar",2025-08-08 18:15:00,ROBBERY,ROBBERY incident reported in South (Jayanagar),South (Jayanagar),False,South (Jayanagar),12.929012690036922,77.59853437274228
"FIR No. 0343/2023, P.S. Koramangala",2023-05-22 15:39:00,THEFT,THEFT incident reported in South East (Koramangala),South East (Koramangala),False,South East (Koramangala),12.913717118547137,77.60233173929622
"FIR No. 0493/2025, P.S. Indiranagar",2025-11-22 03:29:00,CYBER,CYBER incident reported in East (Indiranagar),East (Indiranagar),True,East (Indiranagar),12.984201081368282,77.6195205662441
"FIR No. 0133/2024, P.S. Whitefield",2024-03-11 17:03:00,THEFT,THEFT incident reported in IT Corridor (Whitefield),IT Corridor (Whitefield),False,IT Corridor (Whitefield),12.983395763785463,77.76088229605612
"FIR No. 0029/2024, P.S. Malleswaram",2024-01-18 18:35:00,ROBBERY,ROBBERY incident reported in North (Malleswaram),North (Malleswaram),True,North (Malleswaram),13.009421476276264,77.57022928331705
"FIR No. 0317/2025, P.S. Jayanagar",2025-06-25 04:06:00,CYBER,CYBER incident reported in South (Jayanagar),South (Jayanagar),True,South (Jayanagar),12.93388093285211,77.5829378979896
"FIR No. 0144/2026, P.S. Majestic/MG Road",2026-03-03 01:26:00,THEFT,THEFT incident reported in Central (Majestic/MG Road),Central (Majestic/MG Road),False,Central (Majestic/MG Road),12.977815949936408,77.56632651260125
"FIR No. 0178/2024, P.S. Koramangala",2024-02-17 14:41:00,THEFT,THEFT incident reported in South East (Koramangala),South East (Koramangala),False,South East (Koramangala),12.894784397691716,77.62557394122693
"FIR No. 0371/2023, P.S. Jayanagar",2023-06-04 20:51:00,THEFT,THEFT incident reported in South (Jayanagar),South (Jayanagar),False,South (Jayanagar),12.90641682182256,77.59073585011221
"FIR No. 0290/2023, P.S. Jayanagar",2023-12-11 00:58:00,OTHER,OTHER incident reported in South (Jayanagar),South (Jayanagar),True,South (Jayanagar),12.921242275658471,77.58190206295923
"FIR No. 0508/2025, P.S. Koramangala",2025-10-19 08:37:00,ROBBERY,ROBBERY incident reported in South East (Koramangala),South East (Koramangala),False,South East (Koramangala),12.93437301024189,77.60190637561779
"FIR No. 0085/2023, P.S. Koramangala",2023-03-23 06:41:00,CYBER,CYBER incident reported in South East (Koramangala),South East (Koramangala),False,South East (Koramangala),12.9239518797722,77.62584677831109
"FIR No. 0368/2024, P.S. Jayanagar",2024-10-27 22:58:00,OTHER,OTHER incident reported in South (Jayanagar),South (Jayanagar),True,South (Jayanagar),12.954769614674156,77.59017888098067
"FIR No. 0661/2023, P.S. Majestic/MG Road",2023-06-25 00:56:00,THEFT,THEFT incident reported in Central (Majestic/MG Road),Central (Majestic/MG Road),False,Central (Majestic/MG Road),12.991316357088529,77.59567209939667
"FIR No. 0185/2026, P.S. Whitefield",2026-03-16 21:55:00,THEFT,THEFT incident reported in IT Corridor (Whitefield),IT Corridor (Whitefield),True,IT Corridor (Whitefield),12.979874426857169,77.76256744389423
"FIR No. 0151/2026, P.S. Koramangala",2026-02-02 14:01:00,CYBER,CYBER incident reported in South East (Koramangala),South East (Koramangala),True,South East (Koramangala),12.956383564937234,77.63627005599359
81747111/2025,2025-02-28 19:08:00,THEFT,THEFT incident reported in South East (Koramangala),South East (Koramangala),False,South East (Koramangala),12.926449057635372,77.644133166161
"FIR No. 0263/2024, P.S. Majestic/MG Road",2024-03-10 07:08:00,ASSAULT,ASSAULT incident reported in Central (Majestic/MG Road),Central (Majestic/MG Road),False,Central (Majestic/MG Road),12.974337316015896,77.61157096191667
"FIR No. 0197/2025, P.S. Jayanagar",2025-07-10 21:35:00,THEFT,THEFT incident reported in South (Jayanagar),South (Jayanagar),False,South (Jayanagar),12.914325966693134,77.60203831894601
"FIR No. 0173/2024, P.S. Koramangala",2024-05-08 12:46:00,THEFT,THEFT incident reported in South East (Koramangala),South East (Koramangala),False,South East (Koramangala),12.936975389065244,77.63239191382225
"FIR No. 0268/2026, P.S. Jayanagar",2026-05-20 13:17:00,CYBER,CYBER incident reported in South (Jayanagar),South (Jayanagar),False,South (Jayanagar),12.911367046304052,77.5666139015037
81572737/2023,2023-12-12 18:11:00,BURGLARY,BURGLARY incident reported in East (Indiranagar),East (Indiranagar),True,East (Indiranagar),12.98851818370302,77.63346607757764
"FIR No. 0238/2026, P.S. Koramangala",2026-06-19 14:16:00,THEFT,THEFT incident reported in South East (Koramangala),South East (Koramangala),True,South East (Koramangala),12.933086730276605,77.63657328620391
"FIR No. 0861/2024, P.S. Majestic/MG Road",2024-11-27 14:12:00,OTHER,OTHER incident reported in Central (Majestic/MG Road),Central (Majestic/MG Road),False,Central (Majestic/MG Road),12.938944325840303,77.56928378496734
"FIR No. 1018/2025, P.S. Indiranagar",2025-10-25 23:48:00,THEFT,THEFT incident reported in East (Indiranagar),East (Indiranagar),True,East (Indiranagar),12.995625195359304,77.6581023284748
"FIR No. 0312/2023, P.S. Jayanagar",2023-07-29 16:12:00,OTHER,OTHER incident reported in South (Jayanagar),South (Jayanagar),False,South (Jayanagar),12.940243780739946,77.60410582507276
"FIR No. 0715/2026, P.S. Jayanagar",2026-08-09 16:51:00,THEFT,THEFT incident reported in South (Jayanagar),South (Jayanagar),False,South (Jayanagar),12.944825298369055,77.61868421598177
"FIR No. 0179/2026, P.S. Whitefield",2026-02-28 18:22:00,ASSAULT,ASSAULT incident reported in IT Corridor (Whitefield),IT Corridor (Whitefield),False,IT Corridor (Whitefield),12.942699522927692,77.74818691328602
"FIR No. 0019/2026, P.S. Majestic/MG Road",2026-03-25 07:27:00,CYBER,CYBER incident reported in Central (Majestic/MG Road),Central (Majestic/MG Road),False,Central (Majestic/MG Road),12.97478223497938,77.58955902070186
"FIR No. 0015/2026, P.S. Koramangala",2026-02-27 19:02:00,ROBBERY,ROBBERY incident reported in South East (Koramangala),South East (Koramangala),False,South East (Koramangala),12.942650297271776,77.62769973461792
88679237/2026,2026-02-03 06:02:00,ASSAULT,ASSAULT incident reported in Central (Majestic/MG Road),Central (Majestic/MG Road),False,Central (Majestic/MG Road),12.982322903096648,77.56640828288442
"FIR No. 1071/2024, P.S. Whitefield",2024-12-23 07:20:00,THEFT,THEFT incident reported in IT Corridor (Whitefield),IT Corridor (Whitefield),False,IT Corridor (Whitefield),12.961707532321023,77.74069475939527
"FIR No. 0583/2024, P.S. Majestic/MG Road",2024-12-02 00:55:00,THEFT,THEFT incident reported in Central (Majestic/MG Road),Central (Majestic/MG Road),False,Central (Majestic/MG Road),12.957681802840332,77.58051314375736
"FIR No. 0170/2026, P.S. Whitefield",2026-02-15 01:54:00,CYBER,CYBER incident reported in IT Corridor (Whitefield),IT Corridor (Whitefield),False,IT Corridor (Whitefield),12.955432254547537,77.73655544208688
87328548/2025,2025-11-05 05:29:00,THEFT,THEFT incident reported in East (Indiranagar),East (Indiranagar),False,East (Indiranagar),13.007348348075029,77.65034715000134
"FIR No. 0020/2024, P.S. Majestic/MG Road",2024-04-16 11:00:00,CYBER,CYBER incident reported in Central (Majestic/MG Road),Central (Majestic/MG Road),False,Central (Majestic/MG Road),12.972716214666049,77.54788199604978
"FIR No. 0033/2025, P.S. Indiranagar",2025-02-20 10:07:00,CYBER,CYBER incident reported in East (Indiranagar),East (Indiranagar),False,East (Indiranagar),13.024934919114802,77.63486412124405
"FIR No. 1060/2025, P.S. Koramangala",2025-10-31 08:00:00,THEFT,THEFT incident reported in South East (Koramangala),South East (Koramangala),True,South East (Koramangala),12.916183548448062,77.64295398407921
"FIR No. 0492/2023, P.S. Majestic/MG Road",2023-11-18 08:17:00,BURGLARY,BURGLARY incident reported in Central (Majestic/MG Road),Central (Majestic/MG Road),False,Central (Majestic/MG Road),12.93435497368382,77.55655196120274
"FIR No. 0836/2024, P.S. Indiranagar",2024-11-12 09:34:00,CYBER,CYBER incident reported in East (Indiranagar),East (Indiranagar),False,East (Indiranagar),13.001341127539812,77.66237290514518
"FIR No. 0215/2026, P.S. Majestic/MG Road",2026-04-10 22:18:00,ASSAULT,ASSAULT incident reported in Central (Majestic/MG Road),Central (Majestic/MG Road),False,Central (Majestic/MG Road),12.975748759854138,77.57660510741533
"FIR No. 0248/2024, P.S. Jayanagar",2024-06-01 14:24:00,CYBER,CYBER incident reported in South (Jayanagar),South (Jayanagar),False,South (Jayanagar),12.943336046156984,77.56402418055445
"FIR No. 0024/2025, P.S. Jayanagar",2025-02-17 11:13:00,CYBER,CYBER incident reported in South (Jayanagar),South (Jayanagar),False,South (Jayanagar),12.937948065757253,77.60993683038068
"FIR No. 0490/2023, P.S. Whitefield",2023-08-01 10:44:00,THEFT,THEFT incident reported in IT Corridor (Whitefield),IT Corridor (Whitefield),False,IT Corridor (Whitefield),12.971036601472967,77.74229735163976
"FIR No. 0698/2024, P.S. Jayanagar",2024-11-03 20:47:00,ASSAULT,ASSAULT incident reported in South (Jayanagar),South (Jayanagar),False,South (Jayanagar),12.930402188890238,77.58480500920439
"FIR No. 0886/2024, P.S. Jayanagar",2024-08-08 15:10:00,THEFT,THEFT incident reported in South (Jayanagar),South (Jayanagar),False,South (Jayanagar),12.944814651370876,77.55206498477563
"FIR No. 0135/2024, P.S. Indiranagar",2024-02-04 19:04:00,ROBBERY,ROBBERY incident reported in East (Indiranagar),East (Indiranagar),False,East (Indiranagar),12.980840763954337,77.63085545470508
"FIR No. 0896/2024, P.S. Majestic/MG Road",2024-11-29 15:06:00,THEFT,THEFT incident reported in Central (Majestic/MG Road),Central (Majestic/MG Road),False,Central (Majestic/MG Road),12.962808354787947,77.58425033480819
"FIR No. 0745/2023, P.S. Koramangala",2023-11-27 15:00:00,THEFT,THEFT incident reported in South East (Koramangala),South East (Koramangala),False,South East (Koramangala),12.953916107525762,77.61676141576874
"FIR No. 0028/2025, P.S. Koramangala",2025-01-05 11:27:00,THEFT,THEFT incident reported in South East (Koramangala),South East (Koramangala),False,South East (Koramangala),12.922630646587676,77.62483566769143
83264733/2026,2026-03-20 19:48:00,CYBER,CYBER incident reported in Central (Majestic/MG Road),Central (Majestic/MG Road),False,Central (Majestic/MG Road),12.978844596427903,77.55435633629432
"FIR No. 0050/2026, P.S. Indiranagar",2026-01-02 15:04:00,THEFT,THEFT incident reported in East (Indiranagar),East (Indiranagar),False,East (Indiranagar),12.96757173079464,77.66197393141546
"FIR No. 0630/2026, P.S. Whitefield",2026-08-08 23:09:00,CYBER,CYBER incident reported in IT Corridor (Whitefield),IT Corridor (Whitefield),True,IT Corridor (Whitefield),12.967986230335416,77.74538163152525
"FIR No. 0360/2025, P.S. Koramangala",2025-07-27 21:15:00,CYBER,CYBER incident reported in South East (Koramangala),South East (Koramangala),False,South East (Koramangala),12.92224237506912,77.63169358653197
"FIR No. 0902/2023, P.S. Koramangala",2023-12-23 12:28:00,CYBER,CYBER incident reported in South East (Koramangala),South East (Koramangala),False,South East (Koramangala),12.944679953334576,77.64300861989241
"FIR No. 0460/2025, P.S. Majestic/MG Road",2025-05-18 15:48:00,ASSAULT,ASSAULT incident reported in Central (Majestic/MG Road),Central (Majestic/MG Road),False,Central (Majestic/MG Road),12.97893433324772,77.58217892467465
"FIR No. 0528/2024, P.S. Jayanagar",2024-08-02 07:23:00,ASSAULT,ASSAULT incident reported in South (Jayanagar),South (Jayanagar),False,South (Jayanagar),12.964750377150844,77.5974239393069
86977704/2025,2025-08-29 21:08:00,CYBER,CYBER incident reported in Central (Majestic/MG Road),Central (Majestic/MG Road),True,Central (Majestic/MG Road),12.95522473743399,77.56319173439903
"FIR No. 0028/2024, P.S. Koramangala",2024-01-08 07:32:00,ASSAULT,ASSAULT incident reported in South East (Koramangala),South East (Koramangala),False,South East (Koramangala),12.947990102397844,77.63823669802227
"FIR No. 0398/2024, P.S. Koramangala",2024-11-27 04:45:00,THEFT,THEFT incident reported in South East (Koramangala),South East (Koramangala),False,South East (Koramangala),12.91152062612496,77.65427060157722
"FIR No. 0044/2026, P.S. Malleswaram",2026-02-27 16:37:00,CYBER,CYBER incident reported in North (Malleswaram),North (Malleswaram),False,North (Malleswaram),13.018016967767524,77.57493256849853
"FIR No. 0141/2023, P.S. Koramangala",2023-07-30 04:20:00,OTHER,OTHER incident reported in South East (Koramangala),South East (Koramangala),False,South East (Koramangala),12.9426348003705,77.60927888823889
"FIR No. 0043/2023, P.S. Whitefield",2023-09-08 05:28:00,THEFT,THEFT incident reported in IT Corridor (Whitefield),IT Corridor (Whitefield),True,IT Corridor (Whitefield),12.94852142184793,77.74329036762137
"FIR No. 0241/2026, P.S. Koramangala",2026-03-27 11:14:00,THEFT,THEFT incident reported in South East (Koramangala),South East (Koramangala),False,South East (Koramangala),12.920280911098716,77.63540697226084
"FIR No. 0728/2024, P.S. Koramangala",2024-12-27 07:31:00,ROBBERY,ROBBERY incident reported in South East (Koramangala),South East (Koramangala),False,South East (Koramangala),12.910473477535303,77.63536629939065
"FIR No. 0029/2023, P.S. Majestic/MG Road",2023-09-10 22:35:00,THEFT,THEFT incident reported in Central (Majestic/MG Road),Central (Majestic/MG Road),False,Central (Majestic/MG Road),13.00598664104233,77.56124561723765
"FIR No. 0044/2026, P.S. Jayanagar",2026-03-31 12:58:00,ROBBERY,ROBBERY incident reported in South (Jayanagar),South (Jayanagar),False,South (Jayanagar),12.940545053685868,77.57869178863783
"FIR No. 0153/2023, P.S. Jayanagar",2023-11-21 11:20:00,CYBER,CYBER incident reported in South (Jayanagar),South (Jayanagar),True,South (Jayanagar),12.921127579780304,77.60822573003051
"FIR No. 0055/2026, P.S. Koramangala",2026-05-06 10:18:00,THEFT,THEFT incident reported in South East (Koramangala),South East (Koramangala),True,South East (Koramangala),12.955381313134676,77.59658347409656
85820636/2024,2024-07-17 07:59:00,ROBBERY,ROBBERY incident reported in IT Corridor (Whitefield),IT Corridor (Whitefield),False,IT Corridor (Whitefield),12.94381783259475,77.75928096430022
"FIR No. 0200/2025, P.S. Majestic/MG Road",2025-05-06 13:45:00,ASSAULT,ASSAULT incident reported in Central (Majestic/MG Road),Central (Majestic/MG Road),False,Central (Majestic/MG Road),13.010316015556034,77.58451259295457
84814709/2025,2025-09-15 04:51:00,THEFT,THEFT incident reported in South East (Koramangala),South East (Koramangala),False,South East (Koramangala),12.961948074641368,77.61701083667349
"FIR No. 0612/2025, P.S. Koramangala",2025-10-18 21:50:00,THEFT,THEFT incident reported in South East (Koramangala),South East (Koramangala),False,South East (Koramangala),12.923489092596158,77.63575574566525
"FIR No. 0220/2025, P.S. Koramangala",2025-03-11 09:53:00,CYBER,CYBER incident reported in South East (Koramangala),South East (Koramangala),True,South East (Koramangala),12.931957510066738,77.64082409138224
"FIR No. 0668/2023, P.S. Jayanagar",2023-10-15 05:28:00,BURGLARY,BURGLARY incident reported in South (Jayanagar),South (Jayanagar),False,South (Jayanagar),12.967192316653769,77.57368728917548
"FIR No. 0390/2025, P.S. Malleswaram",2025-07-06 18:02:00,ROBBERY,ROBBERY incident reported in North (Malleswaram),North (Malleswaram),True,North (Malleswaram),13.036699554240954,77.56333113531353
"FIR No. 0446/2026, P.S. Whitefield",2026-06-06 10:04:00,THEFT,THEFT incident reported in IT Corridor (Whitefield),IT Corridor (Whitefield),False,IT Corridor (Whitefield),12.957090653363212,77.71603038086967
"FIR No. 0662/2023, P.S. Malleswaram",2023-11-14 00:40:00,ASSAULT,ASSAULT incident reported in North (Malleswaram),North (Malleswaram),False,North (Malleswaram),13.009841596402628,77.58646040936723
"FIR No. 0388/2024, P.S. Malleswaram",2024-08-11 06:18:00,ASSAULT,ASSAULT incident reported in North (Malleswaram),North (Malleswaram),False,North (Malleswaram),13.007124853402813,77.54762053333778
"FIR No. 0002/2025, P.S. Whitefield",2025-01-18 19:03:00,ROBBERY,ROBBERY incident reported in IT Corridor (Whitefield),IT Corridor (Whitefield),True,IT Corridor (Whitefield),12.975287444029592,77.77037202301713
"FIR No. 0480/2025, P.S. Koramangala",2025-10-26 05:13:00,THEFT,THEFT incident reported in South East (Koramangala),South East (Koramangala),False,South East (Koramangala),12.95632868314684,77.60858421559814
"FIR No. 0017/2025, P.S. Indiranagar",2025-06-14 04:00:00,ASSAULT,ASSAULT incident reported in East (Indiranagar),East (Indiranagar),True,East (Indiranagar),12.968459357856988,77.61612421842874
"FIR No. 0506/2024, P.S. Jayanagar",2024-07-21 19:35:00,THEFT,THEFT incident reported in South (Jayanagar),South (Jayanagar),False,South (Jayanagar),12.939354221922455,77.56798905741586
"FIR No. 0258/2023, P.S. Majestic/MG Road",2023-03-17 17:38:00,ASSAULT,ASSAULT incident reported in Central (Majestic/MG Road),Central (Majestic/MG Road),False,Central (Majestic/MG Road),12.983019409139423,77.57328266463412
"FIR No. 0074/2024, P.S. Majestic/MG Road",2024-05-10 04:54:00,CYBER,CYBER incident reported in Central (Majestic/MG Road),Central (Majestic/MG Road),False,Central (Majestic/MG Road),13.00960447043624,77.53231629972166
"FIR No. 0398/2023, P.S. Koramangala",2023-09-26 23:57:00,ASSAULT,ASSAULT incident reported in South East (Koramangala),South East (Koramangala),False,South East (Koramangala),12.947969620181356,77.60550425474193
"FIR No. 0584/2023, P.S. Indiranagar",2023-08-26 21:47:00,CYBER,CYBER incident reported in East (Indiranagar),East (Indiranagar),False,East (Indiranagar),12.97620336839854,77.67776523787663
"FIR No. 0159/2025, P.S. Indiranagar",2025-06-17 02:48:00,CYBER,CYBER incident reported in East (Indiranagar),East (Indiranagar),False,East (Indiranagar),12.993303770547604,77.62064436933264
80006726/2024,2024-04-02 19:54:00,CYBER,CYBER incident reported in South (Jayanagar),South (Jayanagar),False,South (Jayanagar),12.949525949154175,77.59459736407436
"FIR No. 0754/2025, P.S. Indiranagar",2025-10-24 10:59:00,CYBER,CYBER incident reported in East (Indiranagar),East (Indiranagar),False,East (Indiranagar),12.998389986482437,77.65676907609254
85366470/2026,2026-04-06 16:32:00,CYBER,CYBER incident reported in North (Malleswaram),North (Malleswaram),False,North (Malleswaram),12.988077634204036,77.57136776516852
"FIR No. 0860/2024, P.S. Jayanagar",2024-09-12 14:41:00,THEFT,THEFT incident reported in South (Jayanagar),South (Jayanagar),False,South (Jayanagar),12.93006906069316,77.59062348522109
"FIR No. 0228/2023, P.S. Majestic/MG Road",2023-10-03 03:17:00,THEFT,THEFT incident reported in Central (Majestic/MG Road),Central (Majestic/MG Road),True,Central (Majestic/MG Road),12.977108095555586,77.5600874176911
"FIR No. 0786/2023, P.S. Koramangala",2023-10-26 13:47:00,CYBER,CYBER incident reported in South East (Koramangala),South East (Koramangala),False,South East (Koramangala),12.922999866497651,77.60999508104607
"FIR No. 0042/2025, P.S. Majestic/MG Road",2025-08-28 00:39:00,THEFT,THEFT incident reported in Central (Majestic/MG Road),Central (Majestic/MG Road),True,Central (Majestic/MG Road),12.9740381049971,77.5784172724715
"FIR No. 0160/2023, P.S. Koramangala",2023-02-12 19:48:00,THEFT,THEFT incident reported in South East (Koramangala),South East (Koramangala),False,South East (Koramangala),12.933959948906502,77.62979128768356
"FIR No. 0201/2025, P.S. Jayanagar",2025-11-01 03:03:00,CYBER,CYBER incident reported in South (Jayanagar),South (Jayanagar),True,South (Jayanagar),12.937995275079446,77.55910707708263
"FIR No. 0133/2025, P.S. Whitefield",2025-04-23 09:59:00,THEFT,THEFT incident reported in IT Corridor (Whitefield),IT Corridor (Whitefield),False,IT Corridor (Whitefield),12.967274020340971,77.75580000993226
"FIR No. 0167/2024, P.S. Malleswaram",2024-04-15 19:16:00,ROBBERY,ROBBERY incident reported in North (Malleswaram),North (Malleswaram),False,North (Malleswaram),12.993503008082005,77.55574206970286
84621098/2024,2024-09-17 18:56:00,ROBBERY,ROBBERY incident reported in IT Corridor (Whitefield),IT Corridor (Whitefield),True,IT Corridor (Whitefield),12.97804262682873,77.72989892477125
"FIR No. 0324/2023, P.S. Koramangala",2023-05-09 02:12:00,ASSAULT,ASSAULT incident reported in South East (Koramangala),South East (Koramangala),False,South East (Koramangala),12.949560466395711,77.63528788895638
"FIR No. 0108/2026, P.S. Koramangala",2026-05-04 03:23:00,THEFT,THEFT incident reported in South East (Koramangala),South East (Koramangala),True,South East (Koramangala),12.94380718915495,77.60829739241348
84015136/2024,2024-04-22 19:04:00,CYBER,CYBER incident reported in Central (Majestic/MG Road),Central (Majestic/MG Road),False,Central (Majestic/MG Road),13.01329578699609,77.560379883596
"FIR No. 0726/2024, P.S. Koramangala",2024-11-20 13:53:00,CYBER,CYBER incident reported in South East (Koramangala),South East (Koramangala),True,South East (Koramangala),12.90286922012287,77.64457157343197
"FIR No. 0755/2025, P.S. Whitefield",2025-09-28 03:09:00,ASSAULT,ASSAULT incident reported in IT Corridor (Whitefield),IT Corridor (Whitefield),False,IT Corridor (Whitefield),12.978572039675246,77.7503563855212
"FIR No. 0100/2024, P.S. Koramangala",2024-02-04 15:44:00,ROBBERY,ROBBERY incident reported in South East (Koramangala),South East (Koramangala),False,South East (Koramangala),12.940303425889422,77.62430347067406
82905900/2024,2024-08-21 15:25:00,THEFT,THEFT incident reported in Central (Majestic/MG Road),Central (Majestic/MG Road),True,Central (Majestic/MG Road),12.985732642593865,77.55061200746177
"FIR No. 0025/2025, P.S. Majestic/MG Road",2025-04-13 09:43:00,THEFT,THEFT incident reported in Central (Majestic/MG Road),Central (Majestic/MG Road),False,Central (Majestic/MG Road),12.947995702696698,77.56573576104415
80499121/2023,2023-02-07 17:09:00,THEFT,THEFT incident reported in IT Corridor (Whitefield),IT Corridor (Whitefield),False,IT Corridor (Whitefield),12.971255879755551,77.74800325346203
"FIR No. 0005/2024, P.S. Indiranagar",2024-05-30 15:25:00,THEFT,THEFT incident reported in East (Indiranagar),East (Indiranagar),False,East (Indiranagar),12.961624895166697,77.63620324584781
"FIR No. 0434/2025, P.S. Whitefield",2025-05-27 09:50:00,CYBER,CYBER incident reported in IT Corridor (Whitefield),IT Corridor (Whitefield),False,IT Corridor (Whitefield),12.979150521186792,77.73818160156226
"FIR No. 0249/2026, P.S. Koramangala",2026-03-01 15:57:00,CYBER,CYBER incident reported in South East (Koramangala),South East (Koramangala),True,South East (Koramangala),12.961820940391767,77.62591146027067
"FIR No. 0502/2024, P.S. Majestic/MG Road",2024-07-17 01:15:00,THEFT,THEFT incident reported in Central (Majestic/MG Road),Central (Majestic/MG Road),False,Central (Majestic/MG Road),12.957454568683168,77.56001796928471
84554044/2026,2026-01-08 13:15:00,THEFT,THEFT incident reported in East (Indiranagar),East (Indiranagar),False,East (Indiranagar),12.99603946536604,77.63680317862752
83393426/2025,2025-12-26 23:57:00,ASSAULT,ASSAULT incident reported in South (Jayanagar),South (Jayanagar),True,South (Jayanagar),12.934426820592767,77.61197873469986
81958963/2024,2024-04-20 08:48:00,CYBER,CYBER incident reported in IT Corridor (Whitefield),IT Corridor (Whitefield),False,IT Corridor (Whitefield),12.988078671477314,77.75546387891927
"FIR No. 0145/2025, P.S. Majestic/MG Road",2025-02-14 06:50:00,THEFT,THEFT incident reported in Central (Majestic/MG Road),Central (Majestic/MG Road),False,Central (Majestic/MG Road),12.964062065626036,77.55710618802252
"FIR No. 0053/2024, P.S. Malleswaram",2024-01-15 09:14:00,ASSAULT,ASSAULT incident reported in North (Malleswaram),North (Malleswaram),True,North (Malleswaram),13.001794954690562,77.55846133800803
"FIR No. 0180/2023, P.S. Indiranagar",2023-04-21 20:37:00,CYBER,CYBER incident reported in East (Indiranagar),East (Indiranagar),True,East (Indiranagar),12.97527781438737,77.63166906804398
"FIR No. 0322/2023, P.S. Koramangala",2023-06-02 02:23:00,CYBER,CYBER incident reported in South East (Koramangala),South East (Koramangala),True,South East (Koramangala),12.92424576347804,77.64210845162458
"FIR No. 0303/2024, P.S. Jayanagar",2024-03-26 22:18:00,CYBER,CYBER incident reported in South (Jayanagar),South (Jayanagar),False,South (Jayanagar),12.932908320116992,77.59386813252652
87087219/2026,2026-06-29 21:38:00,CYBER,CYBER incident reported in Central (Majestic/MG Road),Central (Majestic/MG Road),False,Central (Majestic/MG Road),12.981290916546332,77.58711875565507
"FIR No. 0163/2025, P.S. Indiranagar",2025-07-31 12:31:00,THEFT,THEFT incident reported in East (Indiranagar),East (Indiranagar),False,East (Indiranagar),12.997341797723772,77.64545638858348
"FIR No. 0609/2025, P.S. Majestic/MG Road",2025-09-07 21:05:00,CYBER,CYBER incident reported in Central (Majestic/MG Road),Central (Majestic/MG Road),False,Central (Majestic/MG Road),12.974254121240476,77.58680484764935
"FIR No. 0694/2024, P.S. Jayanagar",2024-11-11 08:59:00,THEFT,THEFT incident reported in South (Jayanagar),South (Jayanagar),False,South (Jayanagar),12.906516401422286,77.58869007190505
"FIR No. 0110/2024, P.S. Malleswaram",2024-03-25 16:51:00,CYBER,CYBER incident reported in North (Malleswaram),North (Malleswaram),True,North (Malleswaram),12.995804976190676,77.55772329728657
"FIR No. 0251/2025, P.S. Whitefield",2025-04-19 09:03:00,ROBBERY,ROBBERY incident reported in IT Corridor (Whitefield),IT Corridor (Whitefield),False,IT Corridor (Whitefield),12.971425490019652,77.74387386729133
"FIR No. 0055/2026, P.S. Jayanagar",2026-01-12 16:38:00,ASSAULT,ASSAULT incident reported in South (Jayanagar),South (Jayanagar),False,South (Jayanagar),12.953797730826436,77.57750118685286
"FIR No. 0475/2024, P.S. Malleswaram",2024-07-22 06:53:00,BURGLARY,BURGLARY incident reported in North (Malleswaram),North (Malleswaram),True,North (Malleswaram),12.996080995151653,77.54326236770324
"FIR No. 0286/2024, P.S. Majestic/MG Road",2024-08-29 16:50:00,ASSAULT,ASSAULT incident reported in Central (Majestic/MG Road),Central (Majestic/MG Road),False,Central (Majestic/MG Road),12.944983251201307,77.55352712808912
"FIR No. 0629/2023, P.S. Malleswaram",2023-11-05 09:50:00,CYBER,CYBER incident reported in North (Malleswaram),North (Malleswaram),False,North (Malleswaram),12.993213449337553,77.57384246887189
87869786/2026,2026-03-24 04:06:00,THEFT,THEFT incident reported in Central (Majestic/MG Road),Central (Majestic/MG Road),False,Central (Majestic/MG Road),12.96883690827286,77.56929061336746
"FIR No. 0036/2024, P.S. Majestic/MG Road",2024-07-19 12:42:00,ASSAULT,ASSAULT incident reported in Central (Majestic/MG Road),Central (Majestic/MG Road),False,Central (Majestic/MG Road),12.946352250906756,77.56464999062453
"FIR No. 0349/2023, P.S. Jayanagar",2023-04-13 02:29:00,OTHER,OTHER incident reported in South (Jayanagar),South (Jayanagar),False,South (Jayanagar),12.920893707727949,77.57184709381836
88457660/2025,2025-04-29 18:19:00,BURGLARY,BURGLARY incident reported in South (Jayanagar),South (Jayanagar),False,South (Jayanagar),12.9050755643305,77.57245706396057
87452835/2024,2024-01-15 07:58:00,CYBER,CYBER incident reported in East (Indiranagar),East (Indiranagar),False,East (Indiranagar),12.991905143515972,77.64591114991063
"FIR No. 0805/2023, P.S. Majestic/MG Road",2023-10-26 20:23:00,THEFT,THEFT incident reported in Central (Majestic/MG Road),Central (Majestic/MG Road),False,Central (Majestic/MG Road),12.98512725376412,77.56912466243455
"FIR No. 0491/2024, P.S. Whitefield",2024-06-22 19:17:00,THEFT,THEFT incident reported in IT Corridor (Whitefield),IT Corridor (Whitefield),False,IT Corridor (Whitefield),12.975865806874689,77.76066350866998
"FIR No. 0126/2023, P.S. Majestic/MG Road",2023-02-26 05:30:00,THEFT,THEFT incident reported in Central (Majestic/MG Road),Central (Majestic/MG Road),False,Central (Majestic/MG Road),13.003043093278505,77.54243493812538
"FIR No. 0045/2024, P.S. Majestic/MG Road",2024-03-27 11:29:00,OTHER,OTHER incident reported in Central (Majestic/MG Road),Central (Majestic/MG Road),False,Central (Majestic/MG Road),12.982928244750418,77.56090239624561
"FIR No. 0145/2023, P.S. Koramangala",2023-10-18 01:04:00,THEFT,THEFT incident reported in South East (Koramangala),South East (Koramangala),False,South East (Koramangala),12.932432819699688,77.61560101040705
"FIR No. 0539/2023, P.S. Indiranagar",2023-08-09 00:27:00,ASSAULT,ASSAULT incident reported in East (Indiranagar),East (Indiranagar),False,East (Indiranagar),13.005644955675857,77.64629833182674
86780741/2025,2025-10-17 07:47:00,THEFT,THEFT incident reported in Central (Majestic/MG Road),Central (Majestic/MG Road),False,Central (Majestic/MG Road),12.98015332652751,77.56675846686002
"FIR No. 0072/2024, P.S. Koramangala",2024-01-07 10:32:00,ASSAULT,ASSAULT incident reported in South East (Koramangala),South East (Koramangala),False,South East (Koramangala),12.949715603671374,77.63115764358453
83480838/2026,2026-08-02 06:11:00,ASSAULT,ASSAULT incident reported in South East (Koramangala),South East (Koramangala),False,South East (Koramangala),12.945201173677338,77.6312426184385
"FIR No. 0096/2024, P.S. Indiranagar",2024-10-12 00:26:00,CYBER,CYBER incident reported in East (Indiranagar),East (Indiranagar),False,East (Indiranagar),12.966137479524953,77.64801301934772
80442190/2024,2024-06-05 15:18:00,CYBER,CYBER incident reported in South (Jayanagar),South (Jayanagar),True,South (Jayanagar),12.922627623560114,77.5615271093389
"FIR No. 0079/2023, P.S. Majestic/MG Road",2023-03-24 16:22:00,THEFT,THEFT incident reported in Central (Majestic/MG Road),Central (Majestic/MG Road),False,Central (Majestic/MG Road),12.989039779108472,77.57005423268355
"FIR No. 0581/2025, P.S. Whitefield",2025-12-05 10:56:00,BURGLARY,BURGLARY incident reported in IT Corridor (Whitefield),IT Corridor (Whitefield),False,IT Corridor (Whitefield),12.97446788444207,77.75643135951789
"FIR No. 0165/2023, P.S. Koramangala",2023-10-31 14:28:00,THEFT,THEFT incident reported in South East (Koramangala),South East (Koramangala),False,South East (Koramangala),12.934878054499942,77.63078645970809
"FIR No. 0341/2024, P.S. Majestic/MG Road",2024-06-25 06:43:00,ASSAULT,ASSAULT incident reported in Central (Majestic/MG Road),Central (Majestic/MG Road),False,Central (Majestic/MG Road),13.001897919454173,77.57616163764564
"FIR No. 0029/2024, P.S. Koramangala",2024-11-07 20:20:00,CYBER,CYBER incident reported in South East (Koramangala),South East (Koramangala),False,South East (Koramangala),12.940449547413916,77.64029725926305
"FIR No. 0771/2024, P.S. Majestic/MG Road",2024-07-08 21:53:00,CYBER,CYBER incident reported in Central (Majestic/MG Road),Central (Majestic/MG Road),False,Central (Majestic/MG Road),12.976943065364344,77.590064203538
"FIR No. 0165/2025, P.S. Jayanagar",2025-10-27 09:59:00,ROBBERY,ROBBERY incident reported in South (Jayanagar),South (Jayanagar),True,South (Jayanagar),12.923479021854028,77.55571823296671
"FIR No. 0344/2023, P.S. Malleswaram",2023-07-05 13:01:00,THEFT,THEFT incident reported in North (Malleswaram),North (Malleswaram),True,North (Malleswaram),13.016013586604217,77.58957483427807
"FIR No. 0349/2026, P.S. Koramangala",2026-06-12 04:42:00,BURGLARY,BURGLARY incident reported in South East (Koramangala),South East (Koramangala),False,South East (Koramangala),12.957362155757368,77.60340823123832
"FIR No. 0564/2023, P.S. Indiranagar",2023-06-10 10:45:00,THEFT,THEFT incident reported in East (Indiranagar),East (Indiranagar),False,East (Indiranagar),12.962862871285411,77.64904134242008
83668442/2025,2025-05-25 04:10:00,THEFT,THEFT incident reported in North (Malleswaram),North (Malleswaram),False,North (Malleswaram),13.00723048555244,77.562102109885
"FIR No. 0278/2025, P.S. Jayanagar",2025-06-16 02:14:00,CYBER,CYBER incident reported in South (Jayanagar),South (Jayanagar),False,South (Jayanagar),12.91665196982424,77.57673642177812
"FIR No. 1109/2023, P.S. Jayanagar",2023-11-09 10:27:00,ASSAULT,ASSAULT incident reported in South (Jayanagar),South (Jayanagar),False,South (Jayanagar),12.930659385327797,77.56862287506719
"FIR No. 0057/2025, P.S. Majestic/MG Road",2025-04-20 21:05:00,ASSAULT,ASSAULT incident reported in Central (Majestic/MG Road),Central (Majestic/MG Road),False,Central (Majestic/MG Road),12.969027062941064,77.57681017543037
"FIR No. 0200/2025, P.S. Jayanagar",2025-11-23 07:17:00,CYBER,CYBER incident reported in South (Jayanagar),South (Jayanagar),False,South (Jayanagar),12.916899566593797,77.57996785301324
"FIR No. 0143/2026, P.S. Jayanagar",2026-05-25 05:21:00,THEFT,THEFT incident reported in South (Jayanagar),South (Jayanagar),False,South (Jayanagar),12.938190948934198,77.59092878339317
"FIR No. 0349/2023, P.S. Indiranagar",2023-05-29 14:17:00,THEFT,THEFT incident reported in East (Indiranagar),East (Indiranagar),False,East (Indiranagar),12.981880034331605,77.62715050519566
"FIR No. 0055/2025, P.S. Whitefield",2025-01-19 01:23:00,CYBER,CYBER incident reported in IT Corridor (Whitefield),IT Corridor (Whitefield),True,IT Corridor (Whitefield),12.98313325734507,77.75083909734688
"FIR No. 0554/2024, P.S. Majestic/MG Road",2024-11-25 08:39:00,THEFT,THEFT incident reported in Central (Majestic/MG Road),Central (Majestic/MG Road),False,Central (Majestic/MG Road),12.983134434595597,77.57061857689506
83374190/2023,2023-09-11 16:14:00,BURGLARY,BURGLARY incident reported in South (Jayanagar),South (Jayanagar),False,South (Jayanagar),12.925809973651472,77.57511189224111
"FIR No. 0136/2024, P.S. Jayanagar",2024-03-20 22:11:00,CYBER,CYBER incident reported in South (Jayanagar),South (Jayanagar),False,South (Jayanagar),12.923683007033514,77.57972111371231
"FIR No. 0124/2023, P.S. Koramangala",2023-03-28 05:37:00,BURGLARY,BURGLARY incident reported in South East (Koramangala),South East (Koramangala),False,South East (Koramangala),12.937916307802784,77.62933992636725
"FIR No. 0621/2025, P.S. Jayanagar",2025-11-02 15:27:00,CYBER,CYBER incident reported in South (Jayanagar),South (Jayanagar),False,South (Jayanagar),12.950686133856298,77.57228011215307
"FIR No. 0034/2025, P.S. Indiranagar",2025-03-14 11:38:00,ROBBERY,ROBBERY incident reported in East (Indiranagar),East (Indiranagar),False,East (Indiranagar),12.959694130640734,77.64267573742694
"FIR No. 0237/2025, P.S. Majestic/MG Road",2025-03-20 17:21:00,THEFT,THEFT incident reported in Central (Majestic/MG Road),Central (Majestic/MG Road),False,Central (Majestic/MG Road),12.967113360205168,77.58520418598931
"FIR No. 0084/2026, P.S. Koramangala",2026-02-05 12:34:00,CYBER,CYBER incident reported in South East (Koramangala),South East (Koramangala),False,South East (Koramangala),12.9411778890514,77.6127377814504
"FIR No. 0408/2025, P.S. Koramangala",2025-08-22 20:55:00,THEFT,THEFT incident reported in South East (Koramangala),South East (Koramangala),False,South East (Koramangala),12.925283406177174,77.61740689275695
"FIR No. 0090/2026, P.S. Indiranagar",2026-01-01 22:18:00,CYBER,CYBER incident reported in East (Indiranagar),East (Indiranagar),False,East (Indiranagar),12.974096060009106,77.642617926023
81704894/2024,2024-12-05 07:00:00,CYBER,CYBER incident reported in South East (Koramangala),South East (Koramangala),False,South East (Koramangala),12.937407472881633,77.62407779152456
"FIR No. 0292/2025, P.S. Jayanagar",2025-11-09 12:34:00,CYBER,CYBER incident reported in South (Jayanagar),South (Jayanagar),False,South (Jayanagar),12.936473230656013,77.57896423785891
"FIR No. 0261/2023, P.S. Koramangala",2023-04-09 10:33:00,THEFT,THEFT incident reported in South East (Koramangala),South East (Koramangala),False,South East (Koramangala),12.94231556342728,77.59928935518947
"FIR No. 0005/2025, P.S. Malleswaram",2025-05-21 17:57:00,CYBER,CYBER incident reported in North (Malleswaram),North (Malleswaram),False,North (Malleswaram),13.007618946279855,77.55884485638624
87890972/2024,2024-04-07 15:27:00,ROBBERY,ROBBERY incident reported in South East (Koramangala),South East (Koramangala),False,South East (Koramangala),12.918919391366304,77.61906866569969
"FIR No. 0014/2024, P.S. Jayanagar",2024-03-23 14:52:00,ASSAULT,ASSAULT incident reported in South (Jayanagar),South (Jayanagar),False,South (Jayanagar),12.917701663219182,77.58019485864217
85482848/2024,2024-04-12 04:35:00,CYBER,CYBER incident reported in South East (Koramangala),South East (Koramangala),False,South East (Koramangala),12.938984041805837,77.61792425177987
88337645/2024,2024-11-18 13:44:00,CYBER,CYBER incident reported in East (Indiranagar),East (Indiranagar),False,East (Indiranagar),12.988312291915534,77.64280268741712
"FIR No. 0191/2025, P.S. Jayanagar",2025-03-22 14:24:00,THEFT,THEFT incident reported in South (Jayanagar),South (Jayanagar),False,South (Jayanagar),12.949332192609612,77.56384401398132
"FIR No. 0342/2023, P.S. Majestic/MG Road",2023-12-08 18:04:00,CYBER,CYBER incident reported in Central (Majestic/MG Road),Central (Majestic/MG Road),False,Central (Majestic/MG Road),12.997541351236451,77.56426042917874
"FIR No. 0300/2025, P.S. Majestic/MG Road",2025-05-04 02:26:00,THEFT,THEFT incident reported in Central (Majestic/MG Road),Central (Majestic/MG Road),False,Central (Majestic/MG Road),12.988480849878854,77.56044679251356
"FIR No. 0290/2025, P.S. Koramangala",2025-07-01 14:07:00,CYBER,CYBER incident reported in South East (Koramangala),South East (Koramangala),False,South East (Koramangala),12.92240140388545,77.64729816374837
"FIR No. 0100/2025, P.S. Majestic/MG Road",2025-03-14 11:24:00,CYBER,CYBER incident reported in Central (Majestic/MG Road),Central (Majestic/MG Road),False,Central (Majestic/MG Road),12.973883271248797,77.59294792292032
82918999/2023,2023-08-21 16:22:00,ROBBERY,ROBBERY incident reported in Central (Majestic/MG Road),Central (Majestic/MG Road),False,Central (Majestic/MG Road),12.99004757977118,77.56076219168142
"FIR No. 0246/2023, P.S. Malleswaram",2023-07-12 01:59:00,ROBBERY,ROBBERY incident reported in North (Malleswaram),North (Malleswaram),False,North (Malleswaram),12.988341416538503,77.58526428725638
"FIR No. 0016/2025, P.S. Jayanagar",2025-02-14 05:27:00,THEFT,THEFT incident reported in South (Jayanagar),South (Jayanagar),False,South (Jayanagar),12.894312734335832,77.57283156023458
"FIR No. 0697/2025, P.S. Koramangala",2025-11-09 18:37:00,THEFT,THEFT incident reported in South East (Koramangala),South East (Koramangala),False,South East (Koramangala),12.916559131415918,77.63960587188815
87683915/2023,2023-02-14 16:53:00,CYBER,CYBER incident reported in IT Corridor (Whitefield),IT Corridor (Whitefield),False,IT Corridor (Whitefield),12.96799900269985,77.71849247590671
"FIR No. 0519/2025, P.S. Indiranagar",2025-07-22 20:27:00,OTHER,OTHER incident reported in East (Indiranagar),East (Indiranagar),False,East (Indiranagar),12.981654862897624,77.65630961941878
"FIR No. 0177/2026, P.S. Majestic/MG Road",2026-02-22 00:34:00,THEFT,THEFT incident reported in Central (Majestic/MG Road),Central (Majestic/MG Road),False,Central (Majestic/MG Road),12.985876655787605,77.55873460905772
"FIR No. 0167/2026, P.S. Koramangala",2026-02-12 04:38:00,THEFT,THEFT incident reported in South East (Koramangala),South East (Koramangala),False,South East (Koramangala),12.920365377740916,77.60025264804696
"FIR No. 0139/2025, P.S. Koramangala",2025-03-16 02:54:00,BURGLARY,BURGLARY incident reported in South East (Koramangala),South East (Koramangala),False,South East (Koramangala),12.939125203165997,77.61929071849991
"FIR No. 0327/2024, P.S. Koramangala",2024-10-05 06:43:00,ASSAULT,ASSAULT incident reported in South East (Koramangala),South East (Koramangala),False,South East (Koramangala),12.935543275961525,77.60945659401726
"FIR No. 0147/2026, P.S. Koramangala",2026-03-09 19:49:00,CYBER,CYBER incident reported in South East (Koramangala),South East (Koramangala),False,South East (Koramangala),12.945351170526706,77.63702154526199
"FIR No. 0114/2026, P.S. Majestic/MG Road",2026-03-10 02:29:00,CYBER,CYBER incident reported in Central (Majestic/MG Road),Central (Majestic/MG Road),False,Central (Majestic/MG Road),12.966970728764924,77.56422245311418
"FIR No. 0501/2025, P.S. Koramangala",2025-10-19 06:28:00,THEFT,THEFT incident reported in South East (Koramangala),South East (Koramangala),False,South East (Koramangala),12.936436084730076,77.61604064291795
"FIR No. 0280/2026, P.S. Majestic/MG Road",2026-07-04 12:17:00,THEFT,THEFT incident reported in Central (Majestic/MG Road),Central (Majestic/MG Road),True,Central (Majestic/MG Road),12.975269405378766,77.57013252835499
"FIR No. 0802/2023, P.S. Koramangala",2023-10-27 22:57:00,ASSAULT,ASSAULT incident reported in South East (Koramangala),South East (Koramangala),True,South East (Koramangala),12.931396594554574,77.63094657659225
"FIR No. 0415/2023, P.S. Malleswaram",2023-07-22 15:55:00,CYBER,CYBER incident reported in North (Malleswaram),North (Malleswaram),False,North (Malleswaram),13.01001668408858,77.55550561466382
"FIR No. 0673/2023, P.S. Indiranagar",2023-06-27 04:11:00,ROBBERY,ROBBERY incident reported in East (Indiranagar),East (Indiranagar),False,East (Indiranagar),12.968955848972476,77.6281753739863
"FIR No. 0148/2026, P.S. Malleswaram",2026-02-09 09:25:00,THEFT,THEFT incident reported in North (Malleswaram),North (Malleswaram),False,North (Malleswaram),13.014135082183332,77.55030853162998
"FIR No. 0870/2025, P.S. Majestic/MG Road",2025-11-25 16:06:00,CYBER,CYBER incident reported in Central (Majestic/MG Road),Central (Majestic/MG Road),False,Central (Majestic/MG Road),12.977707313792374,77.5741668032463
"FIR No. 0364/2023, P.S. Indiranagar",2023-08-15 10:35:00,THEFT,THEFT incident reported in East (Indiranagar),East (Indiranagar),False,East (Indiranagar),12.96722583937552,77.63886603518542
"FIR No. 0246/2023, P.S. Majestic/MG Road",2023-03-20 00:44:00,ROBBERY,ROBBERY incident reported in Central (Majestic/MG Road),Central (Majestic/MG Road),False,Central (Majestic/MG Road),12.981428288997282,77.5406701579343
"FIR No. 0715/2024, P.S. Koramangala",2024-10-01 05:55:00,THEFT,THEFT incident reported in South East (Koramangala),South East (Koramangala),False,South East (Koramangala),12.90650996032367,77.65020815849259
84550465/2024,2024-09-17 13:42:00,THEFT,THEFT incident reported in North (Malleswaram),North (Malleswaram),True,North (Malleswaram),12.978365799714108,77.56319171156304
"FIR No. 0021/2024, P.S. Indiranagar",2024-01-17 01:33:00,THEFT,THEFT incident reported in East (Indiranagar),East (Indiranagar),True,East (Indiranagar),12.980587288712584,77.6466671920421
"FIR No. 0053/2025, P.S. Indiranagar",2025-01-12 03:11:00,ROBBERY,ROBBERY incident reported in East (Indiranagar),East (Indiranagar),False,East (Indiranagar),12.984993508988428,77.61249714091767
"FIR No. 0197/2026, P.S. Malleswaram",2026-07-30 09:30:00,ASSAULT,ASSAULT incident reported in North (Malleswaram),North (Malleswaram),True,North (Malleswaram),12.997887731358029,77.58687185681546
82099650/2024,2024-02-10 10:48:00,CYBER,CYBER incident reported in South (Jayanagar),South (Jayanagar),True,South (Jayanagar),12.897694092679812,77.58828877643003
"FIR No. 0661/2023, P.S. Indiranagar",2023-09-02 09:42:00,THEFT,THEFT incident reported in East (Indiranagar),East (Indiranagar),True,East (Indiranagar),12.96448225662457,77.65437631493687
"FIR No. 0056/2025, P.S. Koramangala",2025-05-31 16:41:00,THEFT,THEFT incident reported in South East (Koramangala),South East (Koramangala),False,South East (Koramangala),12.933116778201107,77.62865366601427
"FIR No. 0134/2025, P.S. Koramangala",2025-02-10 15:33:00,THEFT,THEFT incident reported in South East (Koramangala),South East (Koramangala),False,South East (Koramangala),12.94891267192225,77.64028003051749
"FIR No. 0826/2023, P.S. Koramangala",2023-08-11 08:49:00,THEFT,THEFT incident reported in South East (Koramangala),South East (Koramangala),True,South East (Koramangala),12.926326189933729,77.62830443163762
"FIR No. 0003/2026, P.S. Koramangala",2026-02-25 17:41:00,CYBER,CYBER incident reported in South East (Koramangala),South East (Koramangala),False,South East (Koramangala),12.950423148775036,77.61871133812203
"FIR No. 0269/2025, P.S. Koramangala",2025-04-01 18:34:00,THEFT,THEFT incident reported in South East (Koramangala),South East (Koramangala),False,South East (Koramangala),12.945942943221098,77.62183653092981
"FIR No. 0232/2024, P.S. Malleswaram",2024-03-16 08:37:00,ROBBERY,ROBBERY incident reported in North (Malleswaram),North (Malleswaram),True,North (Malleswaram),12.972228223762473,77.5693975290231
"FIR No. 0162/2025, P.S. Whitefield",2025-07-12 06:03:00,THEFT,THEFT incident reported in IT Corridor (Whitefield),IT Corridor (Whitefield),True,IT Corridor (Whitefield),12.96952277667662,77.74776976196054
"FIR No. 0218/2023, P.S. Indiranagar",2023-06-11 08:03:00,ROBBERY,ROBBERY incident reported in East (Indiranagar),East (Indiranagar),True,East (Indiranagar),12.955857645961103,77.63344612274456
85823325/2025,2025-02-16 06:22:00,CYBER,CYBER incident reported in IT Corridor (Whitefield),IT Corridor (Whitefield),True,IT Corridor (Whitefield),12.95024513834704,77.72612631345089
"FIR No. 0191/2024, P.S. Indiranagar",2024-04-30 23:17:00,ROBBERY,ROBBERY incident reported in East (Indiranagar),East (Indiranagar),False,East (Indiranagar),12.974856417286889,77.6482778892744
"FIR No. 0116/2026, P.S. Indiranagar",2026-06-16 22:06:00,CYBER,CYBER incident reported in East (Indiranagar),East (Indiranagar),False,East (Indiranagar),12.977268362951976,77.64010014760292
"FIR No. 0054/2024, P.S. Whitefield",2024-12-23 19:19:00,CYBER,CYBER incident reported in IT Corridor (Whitefield),IT Corridor (Whitefield),False,IT Corridor (Whitefield),12.963564902886068,77.73707996954816
"FIR No. 0040/2024, P.S. Indiranagar",2024-03-29 12:14:00,CYBER,CYBER incident reported in East (Indiranagar),East (Indiranagar),True,East (Indiranagar),12.9548803764219,77.64189078633177
83517445/2023,2023-11-17 16:54:00,THEFT,THEFT incident reported in Central (Majestic/MG Road),Central (Majestic/MG Road),False,Central (Majestic/MG Road),12.962432314642324,77.55996553905324
"FIR No. 0105/2024, P.S. Koramangala",2024-05-16 13:46:00,ASSAULT,ASSAULT incident reported in South East (Koramangala),South East (Koramangala),False,South East (Koramangala),12.940901739632244,77.63017777432684
"FIR No. 0068/2025, P.S. Indiranagar",2025-08-27 23:11:00,CYBER,CYBER incident reported in East (Indiranagar),East (Indiranagar),True,East (Indiranagar),12.984153475555464,77.63851067913434
"FIR No. 0504/2025, P.S. Whitefield",2025-12-03 09:37:00,ASSAULT,ASSAULT incident reported in IT Corridor (Whitefield),IT Corridor (Whitefield),False,IT Corridor (Whitefield),12.950748622562704,77.75235831836173
"FIR No. 0229/2023, P.S. Indiranagar",2023-08-01 16:10:00,CYBER,CYBER incident reported in East (Indiranagar),East (Indiranagar),False,East (Indiranagar),12.979514894314754,77.63359500200605
"FIR No. 0471/2024, P.S. Whitefield",2024-08-13 17:30:00,ASSAULT,ASSAULT incident reported in IT Corridor (Whitefield),IT Corridor (Whitefield),False,IT Corridor (Whitefield),12.961542395266513,77.7559326363728
"FIR No. 0501/2024, P.S. Indiranagar",2024-11-27 06:21:00,CYBER,CYBER incident reported in East (Indiranagar),East (Indiranagar),False,East (Indiranagar),13.000940848365442,77.67377255184373
81520474/2023,2023-10-04 08:15:00,CYBER,CYBER incident reported in East (Indiranagar),East (Indiranagar),False,East (Indiranagar),12.991307694659168,77.64534618026373
"FIR No. 0128/2024, P.S. Whitefield",2024-02-24 00:20:00,ROBBERY,ROBBERY incident reported in IT Corridor (Whitefield),IT Corridor (Whitefield),False,IT Corridor (Whitefield),12.96163775996758,77.75560899241405
"FIR No. 0243/2023, P.S. Whitefield",2023-06-15 16:56:00,ASSAULT,ASSAULT incident reported in IT Corridor (Whitefield),IT Corridor (Whitefield),False,IT Corridor (Whitefield),12.979647100109892,77.7524026316894
"FIR No. 0108/2025, P.S. Majestic/MG Road",2025-01-03 05:38:00,CYBER,CYBER incident reported in Central (Majestic/MG Road),Central (Majestic/MG Road),True,Central (Majestic/MG Road),12.976980158917558,77.5568146508148
"FIR No. 0509/2025, P.S. Jayanagar",2025-09-09 03:46:00,ASSAULT,ASSAULT incident reported in South (Jayanagar),South (Jayanagar),False,South (Jayanagar),12.942841991638057,77.57490880082149
"FIR No. 0068/2024, P.S. Koramangala",2024-08-15 06:41:00,ROBBERY,ROBBERY incident reported in South East (Koramangala),South East (Koramangala),True,South East (Koramangala),12.934790268978285,77.61144016443475
"FIR No. 0116/2026, P.S. Koramangala",2026-08-11 00:34:00,CYBER,CYBER incident reported in South East (Koramangala),South East (Koramangala),False,South East (Koramangala),12.926068226422553,77.6355713585233
"FIR No. 0214/2024, P.S. Jayanagar",2024-08-16 13:12:00,THEFT,THEFT incident reported in South (Jayanagar),South (Jayanagar),False,South (Jayanagar),12.927750007468807,77.60584456239852
"FIR No. 0551/2025, P.S. Indiranagar",2025-06-02 00:51:00,THEFT,THEFT incident reported in East (Indiranagar),East (Indiranagar),True,East (Indiranagar),12.98544420211026,77.64968511150558
"FIR No. 0145/2024, P.S. Majestic/MG Road",2024-02-21 19:59:00,ROBBERY,ROBBERY incident reported in Central (Majestic/MG Road),Central (Majestic/MG Road),False,Central (Majestic/MG Road),12.983056850023422,77.56744816524905
"FIR No. 0052/2025, P.S. Majestic/MG Road",2025-07-04 21:43:00,BURGLARY,BURGLARY incident reported in Central (Majestic/MG Road),Central (Majestic/MG Road),True,Central (Majestic/MG Road),12.956817641764982,77.60432143800305
85898981/2025,2025-10-13 00:07:00,OTHER,OTHER incident reported in South East (Koramangala),South East (Koramangala),False,South East (Koramangala),12.94606898077162,77.61101675103235
"FIR No. 0425/2025, P.S. Koramangala",2025-08-20 16:52:00,CYBER,CYBER incident reported in South East (Koramangala),South East (Koramangala),False,South East (Koramangala),12.924493773666756,77.6078446314472
"FIR No. 0072/2025, P.S. Jayanagar",2025-01-25 00:19:00,THEFT,THEFT incident reported in South (Jayanagar),South (Jayanagar),False,South (Jayanagar),12.948667244286126,77.55685722471137
86732290/2025,2025-08-13 10:49:00,THEFT,THEFT incident reported in East (Indiranagar),East (Indiranagar),False,East (Indiranagar),13.000871351492126,77.66070391058149
"FIR No. 0192/2026, P.S. Majestic/MG Road",2026-04-07 15:54:00,THEFT,THEFT incident reported in Central (Majestic/MG Road),Central (Majestic/MG Road),False,Central (Majestic/MG Road),13.00438101331812,77.56315482159516
"FIR No. 0931/2024, P.S. Jayanagar",2024-10-08 06:24:00,THEFT,THEFT incident reported in South (Jayanagar),South (Jayanagar),False,South (Jayanagar),12.913145447480575,77.56251039254323
"FIR No. 0196/2026, P.S. Koramangala",2026-03-02 07:38:00,OTHER,OTHER incident reported in South East (Koramangala),South East (Koramangala),False,South East (Koramangala),12.9143346535927,77.61425102866664
"FIR No. 0833/2023, P.S. Koramangala",2023-11-21 13:32:00,ASSAULT,ASSAULT incident reported in South East (Koramangala),South East (Koramangala),False,South East (Koramangala),12.915574860574331,77.61202852268839
"FIR No. 0467/2024, P.S. Majestic/MG Road",2024-09-16 20:04:00,ASSAULT,ASSAULT incident reported in Central (Majestic/MG Road),Central (Majestic/MG Road),False,Central (Majestic/MG Road),12.9600447593589,77.57311891680035
"FIR No. 0260/2025, P.S. Koramangala",2025-05-25 22:21:00,CYBER,CYBER incident reported in South East (Koramangala),South East (Koramangala),False,South East (Koramangala),12.93729323641288,77.6440051117093
"FIR No. 0178/2026, P.S. Jayanagar",2026-03-14 07:25:00,THEFT,THEFT incident reported in South (Jayanagar),South (Jayanagar),False,South (Jayanagar),12.948888636350562,77.56931842355242
"FIR No. 0087/2025, P.S. Jayanagar",2025-01-19 07:01:00,THEFT,THEFT incident reported in South (Jayanagar),South (Jayanagar),False,South (Jayanagar),12.922073801994417,77.56317366418408
80195929/2026,2026-05-27 14:11:00,THEFT,THEFT incident reported in South (Jayanagar),South (Jayanagar),False,South (Jayanagar),12.908046227874438,77.58772753585377
"FIR No. 0034/2023, P.S. Jayanagar",2023-04-07 14:06:00,THEFT,THEFT incident reported in South (Jayanagar),South (Jayanagar),False,South (Jayanagar),12.921849834248473,77.58202643029854
"FIR No. 0344/2023, P.S. Koramangala",2023-04-12 19:08:00,THEFT,THEFT incident reported in South East (Koramangala),South East (Koramangala),False,South East (Koramangala),12.933633229120632,77.6053665185356
"FIR No. 0164/2024, P.S. Whitefield",2024-03-02 09:25:00,BURGLARY,BURGLARY incident reported in IT Corridor (Whitefield),IT Corridor (Whitefield),False,IT Corridor (Whitefield),12.984053063655267,77.73748355393207
"FIR No. 0160/2026, P.S. Majestic/MG Road",2026-05-19 14:32:00,THEFT,THEFT incident reported in Central (Majestic/MG Road),Central (Majestic/MG Road),True,Central (Majestic/MG Road),12.966466128073206,77.56129956195366
"FIR No. 0780/2024, P.S. Indiranagar",2024-12-20 20:30:00,ROBBERY,ROBBERY incident reported in East (Indiranagar),East (Indiranagar),True,East (Indiranagar),12.98900472836623,77.63978600175417
"FIR No. 0175/2025, P.S. Indiranagar",2025-12-10 13:11:00,ASSAULT,ASSAULT incident reported in East (Indiranagar),East (Indiranagar),False,East (Indiranagar),12.98265470326429,77.6258014530891
"FIR No. 0011/2024, P.S. Koramangala",2024-07-04 23:26:00,THEFT,THEFT incident reported in South East (Koramangala),South East (Koramangala),False,South East (Koramangala),12.936396665546056,77.64403084475474
"FIR No. 0209/2024, P.S. Malleswaram",2024-09-06 15:58:00,CYBER,CYBER incident reported in North (Malleswaram),North (Malleswaram),False,North (Malleswaram),13.007052135995544,77.57249811984597
"FIR No. 0382/2025, P.S. Indiranagar",2025-10-09 12:15:00,THEFT,THEFT incident reported in East (Indiranagar),East (Indiranagar),True,East (Indiranagar),12.95341373286706,77.64370245413954
"FIR No. 0199/2026, P.S. Malleswaram",2026-02-05 03:27:00,ASSAULT,ASSAULT incident reported in North (Malleswaram),North (Malleswaram),True,North (Malleswaram),13.025162898194743,77.57783297531222
"FIR No. 0820/2023, P.S. Koramangala",2023-11-08 17:30:00,THEFT,THEFT incident reported in South East (Koramangala),South East (Koramangala),False,South East (Koramangala),12.943720580480708,77.62629987900529
"FIR No. 0036/2023, P.S. Koramangala",2023-01-21 02:34:00,CYBER,CYBER incident reported in South East (Koramangala),South East (Koramangala),False,South East (Koramangala),12.951837566156646,77.62919079472098
"FIR No. 0571/2023, P.S. Malleswaram",2023-09-28 20:34:00,ASSAULT,ASSAULT incident reported in North (Malleswaram),North (Malleswaram),False,North (Malleswaram),13.003952330452629,77.56256154318156
"FIR No. 0413/2026, P.S. Indiranagar",2026-06-28 15:24:00,CYBER,CYBER incident reported in East (Indiranagar),East (Indiranagar),False,East (Indiranagar),12.982409842482642,77.64708833357656
"FIR No. 0036/2023, P.S. Koramangala",2023-10-14 10:59:00,ASSAULT,ASSAULT incident reported in South East (Koramangala),South East (Koramangala),False,South East (Koramangala),12.933145860110118,77.63452586292486
88349020/2025,2025-08-25 00:08:00,CYBER,CYBER incident reported in North (Malleswaram),North (Malleswaram),False,North (Malleswaram),12.991039994417154,77.55238382314137
"FIR No. 0049/2023, P.S. Indiranagar",2023-01-30 10:59:00,ASSAULT,ASSAULT incident reported in East (Indiranagar),East (Indiranagar),True,East (Indiranagar),12.964971101634765,77.64294235558793
"FIR No. 0174/2023, P.S. Whitefield",2023-07-07 20:53:00,THEFT,THEFT incident reported in IT Corridor (Whitefield),IT Corridor (Whitefield),False,IT Corridor (Whitefield),12.981426079831689,77.75842208985796
"FIR No. 0117/2023, P.S. Koramangala",2023-02-08 14:14:00,THEFT,THEFT incident reported in South East (Koramangala),South East (Koramangala),False,South East (Koramangala),12.951251891839256,77.65389015818991
"FIR No. 0336/2025, P.S. Indiranagar",2025-05-25 15:37:00,ROBBERY,ROBBERY incident reported in East (Indiranagar),East (Indiranagar),False,East (Indiranagar),12.986875205487062,77.6718471924893
84288479/2026,2026-08-08 21:26:00,ROBBERY,ROBBERY incident reported in South (Jayanagar),South (Jayanagar),False,South (Jayanagar),12.965199480299477,77.57723579564905
"FIR No. 0588/2025, P.S. Indiranagar",2025-07-09 16:49:00,THEFT,THEFT incident reported in East (Indiranagar),East (Indiranagar),False,East (Indiranagar),12.97847995914866,77.62559386995508
84895112/2024,2024-04-24 16:50:00,ROBBERY,ROBBERY incident reported in Central (Majestic/MG Road),Central (Majestic/MG Road),False,Central (Majestic/MG Road),13.000262615391197,77.57498951306722
"FIR No. 0829/2023, P.S. Indiranagar",2023-11-28 18:17:00,THEFT,THEFT incident reported in East (Indiranagar),East (Indiranagar),True,East (Indiranagar),12.964585095650412,77.65931364594616
"FIR No. 0342/2024, P.S. Majestic/MG Road",2024-08-16 10:11:00,THEFT,THEFT incident reported in Central (Majestic/MG Road),Central (Majestic/MG Road),True,Central (Majestic/MG Road),12.971062871269607,77.59138240079956
89006180/2023,2023-12-01 02:04:00,ASSAULT,ASSAULT incident reported in North (Malleswaram),North (Malleswaram),True,North (Malleswaram),13.00734889387858,77.54286626996837
"FIR No. 0558/2024, P.S. Malleswaram",2024-05-08 15:35:00,THEFT,THEFT incident reported in North (Malleswaram),North (Malleswaram),False,North (Malleswaram),12.990164454641828,77.57932486614493
87593770/2024,2024-03-06 15:27:00,ROBBERY,ROBBERY incident reported in IT Corridor (Whitefield),IT Corridor (Whitefield),False,IT Corridor (Whitefield),12.957885812519692,77.76479283237646
"FIR No. 0321/2023, P.S. Majestic/MG Road",2023-04-30 22:52:00,CYBER,CYBER incident reported in Central (Majestic/MG Road),Central (Majestic/MG Road),True,Central (Majestic/MG Road),12.991440134114011,77.5808343437487
"FIR No. 0093/2023, P.S. Indiranagar",2023-02-08 06:19:00,CYBER,CYBER incident reported in East (Indiranagar),East (Indiranagar),False,East (Indiranagar),12.998754673590856,77.65013710411058
88938568/2023,2023-01-02 19:58:00,THEFT,THEFT incident reported in South (Jayanagar),South (Jayanagar),True,South (Jayanagar),12.92336069518754,77.56862622193997
"FIR No. 0142/2023, P.S. Jayanagar",2023-06-18 14:42:00,CYBER,CYBER incident reported in South (Jayanagar),South (Jayanagar),False,South (Jayanagar),12.917345093468988,77.5616604677738
"FIR No. 0220/2023, P.S. Indiranagar",2023-05-25 23:44:00,BURGLARY,BURGLARY incident reported in East (Indiranagar),East (Indiranagar),False,East (Indiranagar),12.955235887517585,77.6426554376709
81311362/2026,2026-05-28 06:23:00,BURGLARY,BURGLARY incident reported in South East (Koramangala),South East (Koramangala),False,South East (Koramangala),12.927772479531829,77.62210918856708
"FIR No. 0548/2024, P.S. Majestic/MG Road",2024-10-09 06:35:00,THEFT,THEFT incident reported in Central (Majestic/MG Road),Central (Majestic/MG Road),False,Central (Majestic/MG Road),12.980128814412655,77.55747852042391
"FIR No. 0951/2025, P.S. Jayanagar",2025-10-28 13:02:00,ASSAULT,ASSAULT incident reported in South (Jayanagar),South (Jayanagar),True,South (Jayanagar),12.895026064334258,77.58149688840656
"FIR No. 0192/2025, P.S. Majestic/MG Road",2025-02-11 14:28:00,CYBER,CYBER incident reported in Central (Majestic/MG Road),Central (Majestic/MG Road),False,Central (Majestic/MG Road),12.95702887090951,77.56065488729988
82697155/2023,2023-02-19 17:48:00,ROBBERY,ROBBERY incident reported in IT Corridor (Whitefield),IT Corridor (Whitefield),False,IT Corridor (Whitefield),12.955921848718909,77.73334654915621
"FIR No. 0042/2023, P.S. Jayanagar",2023-01-20 20:00:00,THEFT,THEFT incident reported in South (Jayanagar),South (Jayanagar),True,South (Jayanagar),12.945670802827753,77.57854820248618
"FIR No. 0655/2024, P.S. Whitefield",2024-09-12 18:51:00,ASSAULT,ASSAULT incident reported in IT Corridor (Whitefield),IT Corridor (Whitefield),False,IT Corridor (Whitefield),12.958393613518563,77.7450719435394
"FIR No. 0341/2024, P.S. Indiranagar",2024-11-27 02:20:00,CYBER,CYBER incident reported in East (Indiranagar),East (Indiranagar),False,East (Indiranagar),12.98612686605023,77.64998572503792
84080688/2025,2025-01-14 15:02:00,ASSAULT,ASSAULT incident reported in South (Jayanagar),South (Jayanagar),False,South (Jayanagar),12.919909617479142,77.56438891264193
"FIR No. 0007/2023, P.S. Koramangala",2023-01-28 05:53:00,THEFT,THEFT incident reported in South East (Koramangala),South East (Koramangala),False,South East (Koramangala),12.966715629775091,77.6344972767646
"FIR No. 0551/2023, P.S. Indiranagar",2023-07-13 08:19:00,THEFT,THEFT incident reported in East (Indiranagar),East (Indiranagar),True,East (Indiranagar),12.974966958156855,77.63553358753177
"FIR No. 0155/2025, P.S. Whitefield",2025-04-08 15:58:00,THEFT,THEFT incident reported in IT Corridor (Whitefield),IT Corridor (Whitefield),False,IT Corridor (Whitefield),12.984919577142888,77.75580983069487
"FIR No. 0589/2024, P.S. Majestic/MG Road",2024-09-03 01:49:00,THEFT,THEFT incident reported in Central (Majestic/MG Road),Central (Majestic/MG Road),False,Central (Majestic/MG Road),12.964814422461927,77.61571274317618
"FIR No. 0145/2023, P.S. Majestic/MG Road",2023-02-19 08:25:00,CYBER,CYBER incident reported in Central (Majestic/MG Road),Central (Majestic/MG Road),False,Central (Majestic/MG Road),13.005762903330185,77.57730825117683
87743735/2024,2024-02-15 14:47:00,BURGLARY,BURGLARY incident reported in North (Malleswaram),North (Malleswaram),False,North (Malleswaram),12.995823563921348,77.5455420237582
"FIR No. 0281/2025, P.S. Indiranagar",2025-12-26 12:46:00,ASSAULT,ASSAULT incident reported in East (Indiranagar),East (Indiranagar),False,East (Indiranagar),12.967222292352329,77.61673988793625
"FIR No. 0805/2023, P.S. Malleswaram",2023-07-12 12:00:00,THEFT,THEFT incident reported in North (Malleswaram),North (Malleswaram),False,North (Malleswaram),13.022114755003226,77.57415209502969
"FIR No. 0702/2023, P.S. Jayanagar",2023-08-28 17:21:00,ASSAULT,ASSAULT incident reported in South (Jayanagar),South (Jayanagar),False,South (Jayanagar),12.926621352267782,77.57631749093088
84149181/2025,2025-09-25 02:37:00,THEFT,THEFT incident reported in South East (Koramangala),South East (Koramangala),False,South East (Koramangala),12.952441421220596,77.60451564724482
"FIR No. 0020/2025, P.S. Koramangala",2025-04-28 15:50:00,ASSAULT,ASSAULT incident reported in South East (Koramangala),South East (Koramangala),False,South East (Koramangala),12.939901549995104,77.63734643166447
87901545/2024,2024-07-24 09:39:00,BURGLARY,BURGLARY incident reported in East (Indiranagar),East (Indiranagar),False,East (Indiranagar),12.95472721652638,77.63457083657588
"FIR No. 0660/2025, P.S. Koramangala",2025-08-27 21:05:00,BURGLARY,BURGLARY incident reported in South East (Koramangala),South East (Koramangala),False,South East (Koramangala),12.940831236727904,77.62054634001261
"FIR No. 0718/2023, P.S. Majestic/MG Road",2023-12-14 00:24:00,ROBBERY,ROBBERY incident reported in Central (Majestic/MG Road),Central (Majestic/MG Road),False,Central (Majestic/MG Road),12.987140983645096,77.57584928992746
"FIR No. 0033/2023, P.S. Koramangala",2023-04-17 11:59:00,THEFT,THEFT incident reported in South East (Koramangala),South East (Koramangala),False,South East (Koramangala),12.913998740510408,77.62783722376822
"FIR No. 0117/2023, P.S. Majestic/MG Road",2023-05-29 23:42:00,THEFT,THEFT incident reported in Central (Majestic/MG Road),Central (Majestic/MG Road),True,Central (Majestic/MG Road),12.985099496730896,77.5654139885075
"FIR No. 0487/2024, P.S. Malleswaram",2024-06-13 02:39:00,THEFT,THEFT incident reported in North (Malleswaram),North (Malleswaram),False,North (Malleswaram),13.013009273355198,77.57849481931275
"FIR No. 0928/2024, P.S. Majestic/MG Road",2024-09-30 23:48:00,CYBER,CYBER incident reported in Central (Majestic/MG Road),Central (Majestic/MG Road),False,Central (Majestic/MG Road),12.979677408201296,77.57792161374806
"FIR No. 0540/2025, P.S. Malleswaram",2025-10-15 13:36:00,THEFT,THEFT incident reported in North (Malleswaram),North (Malleswaram),True,North (Malleswaram),12.991629562458202,77.54998194390589
"FIR No. 0318/2026, P.S. Indiranagar",2026-04-16 15:27:00,CYBER,CYBER incident reported in East (Indiranagar),East (Indiranagar),False,East (Indiranagar),12.97534805520652,77.63471046855918
83777156/2025,2025-07-25 04:17:00,CYBER,CYBER incident reported in IT Corridor (Whitefield),IT Corridor (Whitefield),False,IT Corridor (Whitefield),12.94290182592556,77.73801123240999
"FIR No. 0338/2023, P.S. Majestic/MG Road",2023-10-05 03:10:00,THEFT,THEFT incident reported in Central (Majestic/MG Road),Central (Majestic/MG Road),False,Central (Majestic/MG Road),12.96798313277525,77.5795411823654
"FIR No. 0509/2026, P.S. Indiranagar",2026-08-04 21:45:00,THEFT,THEFT incident reported in East (Indiranagar),East (Indiranagar),False,East (Indiranagar),12.983469117648315,77.64793736065805
"FIR No. 0156/2024, P.S. Jayanagar",2024-03-18 01:33:00,ROBBERY,ROBBERY incident reported in South (Jayanagar),South (Jayanagar),True,South (Jayanagar),12.911738461835569,77.59253502722795
"FIR No. 0120/2024, P.S. Indiranagar",2024-12-16 02:54:00,CYBER,CYBER incident reported in East (Indiranagar),East (Indiranagar),False,East (Indiranagar),12.962967094559508,77.64065565370393
"FIR No. 0431/2024, P.S. Jayanagar",2024-07-10 20:02:00,ASSAULT,ASSAULT incident reported in South (Jayanagar),South (Jayanagar),False,South (Jayanagar),12.932291998653088,77.59393629203649
89599871/2023,2023-10-02 08:04:00,THEFT,THEFT incident reported in North (Malleswaram),North (Malleswaram),True,North (Malleswaram),13.010447865951203,77.56229328626277
88275577/2025,2025-06-14 11:33:00,ASSAULT,ASSAULT incident reported in South East (Koramangala),South East (Koramangala),True,South East (Koramangala),12.945239335135884,77.63606954026388
"FIR No. 0242/2025, P.S. Majestic/MG Road",2025-09-13 00:40:00,ROBBERY,ROBBERY incident reported in Central (Majestic/MG Road),Central (Majestic/MG Road),False,Central (Majestic/MG Road),12.982004712474913,77.58203727183188
"FIR No. 0040/2023, P.S. Malleswaram",2023-01-01 10:19:00,CYBER,CYBER incident reported in North (Malleswaram),North (Malleswaram),True,North (Malleswaram),12.988154295641626,77.58713633592063
"FIR No. 0041/2023, P.S. Indiranagar",2023-02-03 16:01:00,THEFT,THEFT incident reported in East (Indiranagar),East (Indiranagar),True,East (Indiranagar),12.975857470063731,77.67607694011518
88644830/2025,2025-11-12 20:41:00,BURGLARY,BURGLARY incident reported in East (Indiranagar),East (Indiranagar),False,East (Indiranagar),13.000475353472126,77.6480950442792
"FIR No. 0331/2024, P.S. Jayanagar",2024-10-22 07:41:00,THEFT,THEFT incident reported in South (Jayanagar),South (Jayanagar),False,South (Jayanagar),12.940708493498043,77.57033325829885
"FIR No. 0008/2026, P.S. Koramangala",2026-01-10 06:54:00,ASSAULT,ASSAULT incident reported in South East (Koramangala),South East (Koramangala),False,South East (Koramangala),12.913795103194202,77.63559407562371
"FIR No. 0668/2025, P.S. Whitefield",2025-11-03 16:43:00,OTHER,OTHER incident reported in IT Corridor (Whitefield),IT Corridor (Whitefield),False,IT Corridor (Whitefield),12.975252826081611,77.77737804360406
"FIR No. 0234/2024, P.S. Koramangala",2024-05-13 23:59:00,CYBER,CYBER incident reported in South East (Koramangala),South East (Koramangala),True,South East (Koramangala),12.943499749633116,77.6280281497266
"FIR No. 0044/2025, P.S. Majestic/MG Road",2025-01-25 18:09:00,THEFT,THEFT incident reported in Central (Majestic/MG Road),Central (Majestic/MG Road),True,Central (Majestic/MG Road),12.97595468076739,77.58258463856019
86549443/2024,2024-09-19 02:46:00,CYBER,CYBER incident reported in East (Indiranagar),East (Indiranagar),True,East (Indiranagar),12.990091264102164,77.63632435026106
"FIR No. 0488/2024, P.S. Jayanagar",2024-08-15 15:59:00,THEFT,THEFT incident reported in South (Jayanagar),South (Jayanagar),True,South (Jayanagar),12.908406472301923,77.59371028825063
"FIR No. 0096/2025, P.S. Malleswaram",2025-02-24 04:26:00,OTHER,OTHER incident reported in North (Malleswaram),North (Malleswaram),False,North (Malleswaram),13.017844738021177,77.55884252802969
"FIR No. 0128/2024, P.S. Jayanagar",2024-03-12 13:39:00,ASSAULT,ASSAULT incident reported in South (Jayanagar),South (Jayanagar),True,South (Jayanagar),12.9288251455573,77.57777956905981
"FIR No. 0038/2023, P.S. Koramangala",2023-04-25 13:42:00,CYBER,CYBER incident reported in South East (Koramangala),South East (Koramangala),True,South East (Koramangala),12.941264576448829,77.66434991757163
"FIR No. 0480/2025, P.S. Koramangala",2025-10-13 16:28:00,THEFT,THEFT incident reported in South East (Koramangala),South East (Koramangala),False,South East (Koramangala),12.942391045963271,77.64653813095921
"FIR No. 0601/2024, P.S. Jayanagar",2024-10-21 01:41:00,ROBBERY,ROBBERY incident reported in South (Jayanagar),South (Jayanagar),False,South (Jayanagar),12.948626470635482,77.57040000153357
"FIR No. 0419/2023, P.S. Indiranagar",2023-12-01 17:40:00,THEFT,THEFT incident reported in East (Indiranagar),East (Indiranagar),False,East (Indiranagar),12.963605890964764,77.64512851998873
"FIR No. 0652/2024, P.S. Koramangala",2024-11-13 16:26:00,ASSAULT,ASSAULT incident reported in South East (Koramangala),South East (Koramangala),False,South East (Koramangala),12.946187600827066,77.62271177708003
"FIR No. 0525/2023, P.S. Jayanagar",2023-05-04 00:04:00,ASSAULT,ASSAULT incident reported in South (Jayanagar),South (Jayanagar),False,South (Jayanagar),12.927365155394032,77.57782939376285
"FIR No. 0949/2025, P.S. Majestic/MG Road",2025-12-10 16:47:00,CYBER,CYBER incident reported in Central (Majestic/MG Road),Central (Majestic/MG Road),False,Central (Majestic/MG Road),12.97048144642504,77.55161014323944
"FIR No. 0560/2023, P.S. Majestic/MG Road",2023-06-03 23:20:00,THEFT,THEFT incident reported in Central (Majestic/MG Road),Central (Majestic/MG Road),False,Central (Majestic/MG Road),12.967945604313492,77.56085822918278
"FIR No. 0837/2024, P.S. Indiranagar",2024-12-04 22:23:00,THEFT,THEFT incident reported in East (Indiranagar),East (Indiranagar),False,East (Indiranagar),12.960022722351631,77.62055004426335
"FIR No. 0078/2023, P.S. Koramangala",2023-01-21 09:16:00,CYBER,CYBER incident reported in South East (Koramangala),South East (Koramangala),False,South East (Koramangala),12.943321945281456,77.62496845253052
86791909/2023,2023-04-18 12:10:00,THEFT,THEFT incident reported in IT Corridor (Whitefield),IT Corridor (Whitefield),False,IT Corridor (Whitefield),12.979186150893067,77.71929019303705
"FIR No. 0603/2025, P.S. Whitefield",2025-06-23 15:33:00,CYBER,CYBER incident reported in IT Corridor (Whitefield),IT Corridor (Whitefield),True,IT Corridor (Whitefield),12.982215326891932,77.77780532073699
"FIR No. 0115/2024, P.S. Majestic/MG Road",2024-07-02 13:51:00,CYBER,CYBER incident reported in Central (Majestic/MG Road),Central (Majestic/MG Road),False,Central (Majestic/MG Road),12.978523875769769,77.55067685404624
"FIR No. 0003/2023, P.S. Majestic/MG Road",2023-05-16 19:03:00,CYBER,CYBER incident reported in Central (Majestic/MG Road),Central (Majestic/MG Road),False,Central (Majestic/MG Road),12.992872115312773,77.56217534708806
82799640/2025,2025-01-07 18:59:00,ROBBERY,ROBBERY incident reported in East (Indiranagar),East (Indiranagar),True,East (Indiranagar),12.97082166459311,77.63725577029835
"FIR No. 0112/2023, P.S. Whitefield",2023-03-13 20:47:00,THEFT,THEFT incident reported in IT Corridor (Whitefield),IT Corridor (Whitefield),False,IT Corridor (Whitefield),12.97134584893567,77.73641667664475
"FIR No. 0567/2025, P.S. Koramangala",2025-11-10 08:49:00,CYBER,CYBER incident reported in South East (Koramangala),South East (Koramangala),False,South East (Koramangala),12.936295287164338,77.6065540557465
83444930/2024,2024-01-13 23:13:00,CYBER,CYBER incident reported in South (Jayanagar),South (Jayanagar),False,South (Jayanagar),12.926727285110475,77.58504893448539
"FIR No. 0753/2025, P.S. Indiranagar",2025-12-08 22:36:00,ASSAULT,ASSAULT incident reported in East (Indiranagar),East (Indiranagar),False,East (Indiranagar),12.95968646565766,77.64834239203755
86086151/2023,2023-02-03 17:54:00,THEFT,THEFT incident reported in South East (Koramangala),South East (Koramangala),False,South East (Koramangala),12.9295735342234,77.62290278069878
"FIR No. 0306/2025, P.S. Koramangala",2025-04-28 00:32:00,OTHER,OTHER incident reported in South East (Koramangala),South East (Koramangala),True,South East (Koramangala),12.923525345502547,77.62577758187018
"FIR No. 0087/2026, P.S. Koramangala",2026-01-04 15:35:00,ASSAULT,ASSAULT incident reported in South East (Koramangala),South East (Koramangala),False,South East (Koramangala),12.938324846911268,77.64231603480016
"FIR No. 0315/2025, P.S. Indiranagar",2025-05-04 20:03:00,CYBER,CYBER incident reported in East (Indiranagar),East (Indiranagar),True,East (Indiranagar),12.96113176716815,77.66243793952307
"FIR No. 0241/2026, P.S. Koramangala",2026-06-30 10:49:00,ASSAULT,ASSAULT incident reported in South East (Koramangala),South East (Koramangala),False,South East (Koramangala),12.939888192312852,77.6109501330275
"FIR No. 0003/2023, P.S. Malleswaram",2023-07-09 16:41:00,THEFT,THEFT incident reported in North (Malleswaram),North (Malleswaram),False,North (Malleswaram),13.03212065378493,77.5587150657034
"FIR No. 0633/2025, P.S. Whitefield",2025-08-08 17:00:00,THEFT,THEFT incident reported in IT Corridor (Whitefield),IT Corridor (Whitefield),False,IT Corridor (Whitefield),12.958927480974546,77.73455612470701
"FIR No. 0661/2026, P.S. Indiranagar",2026-07-25 17:07:00,THEFT,THEFT incident reported in East (Indiranagar),East (Indiranagar),False,East (Indiranagar),12.99889759863633,77.63838091912527
"FIR No. 0921/2024, P.S. Indiranagar",2024-12-09 05:32:00,CYBER,CYBER incident reported in East (Indiranagar),East (Indiranagar),False,East (Indiranagar),12.973602601042046,77.64735437674253
"FIR No. 0082/2024, P.S. Koramangala",2024-01-28 22:29:00,ROBBERY,ROBBERY incident reported in South East (Koramangala),South East (Koramangala),False,South East (Koramangala),12.94285682071312,77.61220524931367
82184426/2024,2024-01-18 17:05:00,THEFT,THEFT incident reported in South (Jayanagar),South (Jayanagar),False,South (Jayanagar),12.921546533354428,77.59347123914142
"FIR No. 0799/2024, P.S. Malleswaram",2024-10-01 08:41:00,ROBBERY,ROBBERY incident reported in North (Malleswaram),North (Malleswaram),False,North (Malleswaram),12.97412515732157,77.57501783717755
"FIR No. 0379/2023, P.S. Majestic/MG Road",2023-06-01 21:34:00,THEFT,THEFT incident reported in Central (Majestic/MG Road),Central (Majestic/MG Road),False,Central (Majestic/MG Road),13.005460654087258,77.5723304321082
"FIR No. 0197/2025, P.S. Koramangala",2025-02-04 05:38:00,THEFT,THEFT incident reported in South East (Koramangala),South East (Koramangala),True,South East (Koramangala),12.939321843946937,77.62931286419779
83783063/2024,2024-11-30 02:40:00,ROBBERY,ROBBERY incident reported in East (Indiranagar),East (Indiranagar),False,East (Indiranagar),12.981178657645357,77.64654231269621
"FIR No. 0318/2024, P.S. Majestic/MG Road",2024-07-10 08:02:00,THEFT,THEFT incident reported in Central (Majestic/MG Road),Central (Majestic/MG Road),True,Central (Majestic/MG Road),12.962090815900336,77.59162539847497
"FIR No. 0030/2025, P.S. Koramangala",2025-02-07 00:34:00,THEFT,THEFT incident reported in South East (Koramangala),South East (Koramangala),False,South East (Koramangala),12.934575043551533,77.61476030020648
"FIR No. 0262/2025, P.S. Jayanagar",2025-11-27 21:41:00,THEFT,THEFT incident reported in South (Jayanagar),South (Jayanagar),True,South (Jayanagar),12.945760736122985,77.58966327095212
"FIR No. 0224/2023, P.S. Indiranagar",2023-03-29 04:09:00,ROBBERY,ROBBERY incident reported in East (Indiranagar),East (Indiranagar),False,East (Indiranagar),12.95476175588148,77.65929484984527
"FIR No. 0126/2024, P.S. Majestic/MG Road",2024-06-02 23:52:00,CYBER,CYBER incident reported in Central (Majestic/MG Road),Central (Majestic/MG Road),False,Central (Majestic/MG Road),12.96298462417369,77.54157793358786
"FIR No. 0097/2024, P.S. Whitefield",2024-04-11 02:45:00,ROBBERY,ROBBERY incident reported in IT Corridor (Whitefield),IT Corridor (Whitefield),True,IT Corridor (Whitefield),12.960413223545917,77.76006733826296
"FIR No. 0034/2024, P.S. Jayanagar",2024-06-17 05:34:00,CYBER,CYBER incident reported in South (Jayanagar),South (Jayanagar),True,South (Jayanagar),12.915796412299672,77.59894737073644
"FIR No. 0209/2026, P.S. Jayanagar",2026-04-30 00:08:00,ASSAULT,ASSAULT incident reported in South (Jayanagar),South (Jayanagar),False,South (Jayanagar),12.908855091151146,77.5732542135706
"FIR No. 0002/2023, P.S. Indiranagar",2023-07-09 14:53:00,ROBBERY,ROBBERY incident reported in East (Indiranagar),East (Indiranagar),True,East (Indiranagar),12.968426646743389,77.63298043375256
83867119/2024,2024-08-12 02:04:00,THEFT,THEFT incident reported in Central (Majestic/MG Road),Central (Majestic/MG Road),False,Central (Majestic/MG Road),12.982810396050272,77.57327511328938
"FIR No. 0524/2024, P.S. Majestic/MG Road",2024-12-20 17:32:00,THEFT,THEFT incident reported in Central (Majestic/MG Road),Central (Majestic/MG Road),False,Central (Majestic/MG Road),12.98377137308622,77.56638947607395
80641098/2023,2023-08-27 10:41:00,CYBER,CYBER incident reported in North (Malleswaram),North (Malleswaram),False,North (Malleswaram),12.999210578966412,77.573443851869
"FIR No. 0172/2025, P.S. Whitefield",2025-08-18 09:45:00,BURGLARY,BURGLARY incident reported in IT Corridor (Whitefield),IT Corridor (Whitefield),False,IT Corridor (Whitefield),12.96226597604734,77.7418587415139
"FIR No. 0207/2024, P.S. Jayanagar",2024-03-03 14:54:00,THEFT,THEFT incident reported in South (Jayanagar),South (Jayanagar),False,South (Jayanagar),12.926785892406828,77.59054669393477
"FIR No. 0022/2025, P.S. Jayanagar",2025-04-03 01:53:00,THEFT,THEFT incident reported in South (Jayanagar),South (Jayanagar),True,South (Jayanagar),12.948312268377787,77.59215670140236
87710896/2023,2023-02-07 10:50:00,BURGLARY,BURGLARY incident reported in East (Indiranagar),East (Indiranagar),False,East (Indiranagar),12.962762259460815,77.64606798075576
89570989/2026,2026-03-03 19:24:00,ASSAULT,ASSAULT incident reported in South East (Koramangala),South East (Koramangala),False,South East (Koramangala),12.954180358500595,77.60028827990644
"FIR No. 0080/2024, P.S. Whitefield",2024-11-06 10:28:00,THEFT,THEFT incident reported in IT Corridor (Whitefield),IT Corridor (Whitefield),False,IT Corridor (Whitefield),12.964839796957486,77.74367827148482
86679923/2024,2024-03-27 21:05:00,CYBER,CYBER incident reported in North (Malleswaram),North (Malleswaram),False,North (Malleswaram),13.001136454666137,77.57142715927213
"FIR No. 0097/2024, P.S. Jayanagar",2024-01-10 06:38:00,OTHER,OTHER incident reported in South (Jayanagar),South (Jayanagar),False,South (Jayanagar),12.94314884505612,77.56245043048109
"FIR No. 0051/2026, P.S. Jayanagar",2026-01-21 00:13:00,CYBER,CYBER incident reported in South (Jayanagar),South (Jayanagar),False,South (Jayanagar),12.920031108817357,77.56032207396481
"FIR No. 0686/2023, P.S. Majestic/MG Road",2023-08-17 17:14:00,THEFT,THEFT incident reported in Central (Majestic/MG Road),Central (Majestic/MG Road),True,Central (Majestic/MG Road),12.976688137023576,77.56260327631085
"FIR No. 0471/2026, P.S. Majestic/MG Road",2026-07-13 04:34:00,THEFT,THEFT incident reported in Central (Majestic/MG Road),Central (Majestic/MG Road),False,Central (Majestic/MG Road),12.989028275161925,77.56578952318188
"FIR No. 0357/2026, P.S. Malleswaram",2026-04-27 04:01:00,CYBER,CYBER incident reported in North (Malleswaram),North (Malleswaram),False,North (Malleswaram),13.003841576551416,77.5731000844591
"FIR No. 0062/2026, P.S. Majestic/MG Road",2026-04-27 13:39:00,THEFT,THEFT incident reported in Central (Majestic/MG Road),Central (Majestic/MG Road),True,Central (Majestic/MG Road),12.960774037615492,77.55892967794667
"FIR No. 0261/2025, P.S. Jayanagar",2025-06-19 20:53:00,CYBER,CYBER incident reported in South (Jayanagar),South (Jayanagar),False,South (Jayanagar),12.946110969495276,77.5801977637276
"FIR No. 0225/2024, P.S. Majestic/MG Road",2024-02-01 09:45:00,CYBER,CYBER incident reported in Central (Majestic/MG Road),Central (Majestic/MG Road),False,Central (Majestic/MG Road),12.982117548774353,77.56322973408604
"FIR No. 0594/2023, P.S. Majestic/MG Road",2023-12-13 22:00:00,CYBER,CYBER incident reported in Central (Majestic/MG Road),Central (Majestic/MG Road),False,Central (Majestic/MG Road),12.994717964657776,77.59016173631952
"FIR No. 0287/2026, P.S. Koramangala",2026-05-30 23:15:00,THEFT,THEFT incident reported in South East (Koramangala),South East (Koramangala),False,South East (Koramangala),12.932741209572177,77.64688212960392
85674491/2026,2026-07-16 09:47:00,CYBER,CYBER incident reported in South East (Koramangala),South East (Koramangala),False,South East (Koramangala),12.939990344599236,77.61733451403309
"FIR No. 0131/2026, P.S. Indiranagar",2026-06-17 12:54:00,ASSAULT,ASSAULT incident reported in East (Indiranagar),East (Indiranagar),False,East (Indiranagar),12.967314532699929,77.62426249453212
"FIR No. 0932/2023, P.S. Koramangala",2023-12-04 07:13:00,CYBER,CYBER incident reported in South East (Koramangala),South East (Koramangala),True,South East (Koramangala),12.94991511153463,77.60001905958394
"FIR No. 0585/2026, P.S. Koramangala",2026-07-28 16:35:00,BURGLARY,BURGLARY incident reported in South East (Koramangala),South East (Koramangala),False,South East (Koramangala),12.929765624542826,77.6476962462529
"FIR No. 0148/2026, P.S. Koramangala",2026-08-14 16:48:00,CYBER,CYBER incident reported in South East (Koramangala),South East (Koramangala),False,South East (Koramangala),12.943270467294091,77.62104412933832
"FIR No. 0736/2025, P.S. Majestic/MG Road",2025-11-01 05:30:00,THEFT,THEFT incident reported in Central (Majestic/MG Road),Central (Majestic/MG Road),False,Central (Majestic/MG Road),12.979542578571907,77.569884066708
"FIR No. 0637/2025, P.S. Koramangala",2025-12-16 07:45:00,THEFT,THEFT incident reported in South East (Koramangala),South East (Koramangala),True,South East (Koramangala),12.942269052308792,77.63632433479827
"FIR No. 0332/2026, P.S. Koramangala",2026-06-20 23:19:00,THEFT,THEFT incident reported in South East (Koramangala),South East (Koramangala),True,South East (Koramangala),12.932913161404803,77.59038571439719
81972985/2024,2024-06-17 07:54:00,THEFT,THEFT incident reported in South (Jayanagar),South (Jayanagar),True,South (Jayanagar),12.928148351691275,77.61520320012585
89633661/2024,2024-12-20 15:09:00,ASSAULT,ASSAULT incident reported in South East (Koramangala),South East (Koramangala),False,South East (Koramangala),12.923715710088429,77.66624188219618
85434117/2025,2025-12-18 06:08:00,THEFT,THEFT incident reported in East (Indiranagar),East (Indiranagar),False,East (Indiranagar),12.976183935178154,77.66581171823744
"FIR No. 0016/2023, P.S. Majestic/MG Road",2023-01-14 13:30:00,THEFT,THEFT incident reported in Central (Majestic/MG Road),Central (Majestic/MG Road),False,Central (Majestic/MG Road),12.950589666909371,77.57206816818466
"FIR No. 0118/2023, P.S. Jayanagar",2023-02-16 14:13:00,CYBER,CYBER incident reported in South (Jayanagar),South (Jayanagar),False,South (Jayanagar),12.941008450614069,77.57705174633904
"FIR No. 0132/2023, P.S. Jayanagar",2023-07-31 00:58:00,ASSAULT,ASSAULT incident reported in South (Jayanagar),South (Jayanagar),False,South (Jayanagar),12.919839434301906,77.59084244592785
"FIR No. 0019/2026, P.S. Whitefield",2026-01-19 02:53:00,CYBER,CYBER incident reported in IT Corridor (Whitefield),IT Corridor (Whitefield),True,IT Corridor (Whitefield),12.981908245083355,77.72317530583956
85706887/2023,2023-06-13 14:34:00,THEFT,THEFT incident reported in Central (Majestic/MG Road),Central (Majestic/MG Road),True,Central (Majestic/MG Road),12.959608855306168,77.56677571478076
"FIR No. 0209/2024, P.S. Koramangala",2024-11-16 22:52:00,THEFT,THEFT incident reported in South East (Koramangala),South East (Koramangala),False,South East (Koramangala),12.962101708549918,77.62073958238354
"FIR No. 0711/2023, P.S. Indiranagar",2023-11-07 20:59:00,BURGLARY,BURGLARY incident reported in East (Indiranagar),East (Indiranagar),False,East (Indiranagar),12.9734065840037,77.6606652643675
"FIR No. 0801/2023, P.S. Koramangala",2023-11-25 18:35:00,OTHER,OTHER incident reported in South East (Koramangala),South East (Koramangala),True,South East (Koramangala),12.9480938126924,77.61856943335935
"FIR No. 0455/2023, P.S. Indiranagar",2023-08-01 01:02:00,THEFT,THEFT incident reported in East (Indiranagar),East (Indiranagar),False,East (Indiranagar),12.957059153618712,77.65674363295786
83233775/2025,2025-02-04 17:59:00,ASSAULT,ASSAULT incident reported in Central (Majestic/MG Road),Central (Majestic/MG Road),False,Central (Majestic/MG Road),12.948780690264185,77.56344150262312
"FIR No. 0123/2025, P.S. Jayanagar",2025-06-20 03:53:00,CYBER,CYBER incident reported in South (Jayanagar),South (Jayanagar),True,South (Jayanagar),12.941193846362768,77.59028864914404
"FIR No. 0045/2024, P.S. Malleswaram",2024-01-01 19:23:00,THEFT,THEFT incident reported in North (Malleswaram),North (Malleswaram),True,North (Malleswaram),12.976306192323948,77.568842167497
"FIR No. 0104/2023, P.S. Whitefield",2023-12-27 14:24:00,THEFT,THEFT incident reported in IT Corridor (Whitefield),IT Corridor (Whitefield),False,IT Corridor (Whitefield),12.9536865107634,77.77728448825897
"FIR No. 0838/2024, P.S. Koramangala",2024-11-18 16:55:00,ASSAULT,ASSAULT incident reported in South East (Koramangala),South East (Koramangala),True,South East (Koramangala),12.942851506627878,77.59481379851124
"FIR No. 0570/2024, P.S. Whitefield",2024-09-05 00:40:00,ROBBERY,ROBBERY incident reported in IT Corridor (Whitefield),IT Corridor (Whitefield),True,IT Corridor (Whitefield),12.963777555048846,77.75590370372706
"FIR No. 0321/2024, P.S. Jayanagar",2024-04-10 11:59:00,CYBER,CYBER incident reported in South (Jayanagar),South (Jayanagar),False,South (Jayanagar),12.896617767458409,77.59404526292911
"FIR No. 0150/2023, P.S. Majestic/MG Road",2023-11-07 10:15:00,THEFT,THEFT incident reported in Central (Majestic/MG Road),Central (Majestic/MG Road),True,Central (Majestic/MG Road),12.985133376211207,77.54640629968893
89141667/2026,2026-06-27 17:38:00,ROBBERY,ROBBERY incident reported in Central (Majestic/MG Road),Central (Majestic/MG Road),True,Central (Majestic/MG Road),12.947040804029836,77.60107522442382
83979429/2024,2024-05-30 05:35:00,ASSAULT,ASSAULT incident reported in South (Jayanagar),South (Jayanagar),True,South (Jayanagar),12.929500409329036,77.57753263539587
"FIR No. 0686/2023, P.S. Indiranagar",2023-08-26 07:46:00,THEFT,THEFT incident reported in East (Indiranagar),East (Indiranagar),True,East (Indiranagar),12.969641619169488,77.62439681353099
"FIR No. 0174/2023, P.S. Jayanagar",2023-08-22 17:48:00,CYBER,CYBER incident reported in South (Jayanagar),South (Jayanagar),True,South (Jayanagar),12.921766460322472,77.58349252840563
"FIR No. 0092/2026, P.S. Koramangala",2026-05-10 14:23:00,ROBBERY,ROBBERY incident reported in South East (Koramangala),South East (Koramangala),False,South East (Koramangala),12.939617900682473,77.61684719271415
"FIR No. 0307/2024, P.S. Koramangala",2024-05-20 17:20:00,ROBBERY,ROBBERY incident reported in South East (Koramangala),South East (Koramangala),False,South East (Koramangala),12.943926251979905,77.6412516182198
"FIR No. 0275/2025, P.S. Malleswaram",2025-10-12 08:30:00,OTHER,OTHER incident reported in North (Malleswaram),North (Malleswaram),False,North (Malleswaram),12.99294297587509,77.56591563443807
84161342/2026,2026-02-11 16:40:00,ASSAULT,ASSAULT incident reported in Central (Majestic/MG Road),Central (Majestic/MG Road),False,Central (Majestic/MG Road),12.996496998530109,77.56759184768472
"FIR No. 0142/2023, P.S. Whitefield",2023-06-02 11:32:00,CYBER,CYBER incident reported in IT Corridor (Whitefield),IT Corridor (Whitefield),False,IT Corridor (Whitefield),12.967515002142358,77.74562678346922
"FIR No. 0084/2023, P.S. Majestic/MG Road",2023-05-21 15:56:00,BURGLARY,BURGLARY incident reported in Central (Majestic/MG Road),Central (Majestic/MG Road),False,Central (Majestic/MG Road),12.972162522146228,77.57217504241517
"FIR No. 0162/2023, P.S. Majestic/MG Road",2023-06-08 07:36:00,THEFT,THEFT incident reported in Central (Majestic/MG Road),Central (Majestic/MG Road),False,Central (Majestic/MG Road),12.977493695154998,77.55732428965112
"FIR No. 0349/2023, P.S. Whitefield",2023-08-02 01:49:00,ROBBERY,ROBBERY incident reported in IT Corridor (Whitefield),IT Corridor (Whitefield),False,IT Corridor (Whitefield),12.98404798020874,77.75492909913753
84202854/2023,2023-04-10 05:05:00,ASSAULT,ASSAULT incident reported in IT Corridor (Whitefield),IT Corridor (Whitefield),True,IT Corridor (Whitefield),12.960022522399663,77.77034612234945
"FIR No. 0546/2023, P.S. Majestic/MG Road",2023-09-22 18:07:00,CYBER,CYBER incident reported in Central (Majestic/MG Road),Central (Majestic/MG Road),False,Central (Majestic/MG Road),12.95994100642938,77.54072991790811
"FIR No. 0085/2025, P.S. Majestic/MG Road",2025-02-13 12:31:00,CYBER,CYBER incident reported in Central (Majestic/MG Road),Central (Majestic/MG Road),True,Central (Majestic/MG Road),12.962341422996492,77.57853777071647
85845291/2026,2026-01-26 01:16:00,THEFT,THEFT incident reported in North (Malleswaram),North (Malleswaram),False,North (Malleswaram),12.987065061055418,77.55169083201832
88737420/2025,2025-10-20 01:14:00,ASSAULT,ASSAULT incident reported in South (Jayanagar),South (Jayanagar),False,South (Jayanagar),12.91911398798104,77.53900756847773
"FIR No. 0259/2023, P.S. Whitefield",2023-05-02 17:21:00,THEFT,THEFT incident reported in IT Corridor (Whitefield),IT Corridor (Whitefield),False,IT Corridor (Whitefield),12.993390975147047,77.74560649679754
"FIR No. 0404/2025, P.S. Koramangala",2025-05-31 22:25:00,THEFT,THEFT incident reported in South East (Koramangala),South East (Koramangala),False,South East (Koramangala),12.93694470685883,77.61641237064457
"FIR No. 0036/2025, P.S. Indiranagar",2025-02-22 19:10:00,ASSAULT,ASSAULT incident reported in East (Indiranagar),East (Indiranagar),False,East (Indiranagar),12.993725353878876,77.65461003498315
"FIR No. 0512/2024, P.S. Indiranagar",2024-11-24 06:31:00,ASSAULT,ASSAULT incident reported in East (Indiranagar),East (Indiranagar),False,East (Indiranagar),12.978309321868242,77.63277821794728
"FIR No. 0236/2023, P.S. Malleswaram",2023-09-29 13:10:00,THEFT,THEFT incident reported in North (Malleswaram),North (Malleswaram),False,North (Malleswaram),13.008162637789916,77.5551090861911
88783850/2023,2023-06-20 14:01:00,THEFT,THEFT incident reported in Central (Majestic/MG Road),Central (Majestic/MG Road),False,Central (Majestic/MG Road),12.98082256328204,77.56835559353641
"FIR No. 0498/2025, P.S. Koramangala",2025-08-12 15:44:00,CYBER,CYBER incident reported in South East (Koramangala),South East (Koramangala),False,South East (Koramangala),12.93097782727805,77.632593185657
88764658/2023,2023-12-16 21:37:00,THEFT,THEFT incident reported in South (Jayanagar),South (Jayanagar),False,South (Jayanagar),12.963922179195915,77.57859240873329
"FIR No. 0186/2024, P.S. Malleswaram",2024-06-05 07:18:00,ASSAULT,ASSAULT incident reported in North (Malleswaram),North (Malleswaram),False,North (Malleswaram),12.99920256510014,77.55725926040121
"FIR No. 1235/2025, P.S. Koramangala",2025-12-07 20:34:00,ROBBERY,ROBBERY incident reported in South East (Koramangala),South East (Koramangala),False,South East (Koramangala),12.939341527233635,77.65334815266115
"FIR No. 0321/2024, P.S. Majestic/MG Road",2024-06-28 07:59:00,THEFT,THEFT incident reported in Central (Majestic/MG Road),Central (Majestic/MG Road),False,Central (Majestic/MG Road),12.982889937183652,77.55605583197672
86369598/2026,2026-05-27 12:00:00,CYBER,CYBER incident reported in South East (Koramangala),South East (Koramangala),False,South East (Koramangala),12.930950507370383,77.63695019111793
88441843/2025,2025-08-12 14:59:00,THEFT,THEFT incident reported in North (Malleswaram),North (Malleswaram),False,North (Malleswaram),13.023668916403675,77.56278525137283
"FIR No. 0529/2025, P.S. Jayanagar",2025-07-22 09:51:00,THEFT,THEFT incident reported in South (Jayanagar),South (Jayanagar),False,South (Jayanagar),12.934279765078072,77.58733341946021
"FIR No. 0461/2025, P.S. Majestic/MG Road",2025-12-25 09:57:00,ASSAULT,ASSAULT incident reported in Central (Majestic/MG Road),Central (Majestic/MG Road),False,Central (Majestic/MG Road),12.97199959723039,77.55419750164008
"FIR No. 0107/2023, P.S. Majestic/MG Road",2023-08-12 12:53:00,THEFT,THEFT incident reported in Central (Majestic/MG Road),Central (Majestic/MG Road),False,Central (Majestic/MG Road),12.960305739430405,77.54936738175724
"FIR No. 0165/2024, P.S. Whitefield",2024-06-25 09:32:00,CYBER,CYBER incident reported in IT Corridor (Whitefield),IT Corridor (Whitefield),False,IT Corridor (Whitefield),12.970130999069069,77.73873110551474
"FIR No. 0642/2025, P.S. Jayanagar",2025-11-22 03:01:00,ASSAULT,ASSAULT incident reported in South (Jayanagar),South (Jayanagar),False,South (Jayanagar),12.922433161896183,77.59329668316347
82089473/2025,2025-10-01 10:01:00,THEFT,THEFT incident reported in South (Jayanagar),South (Jayanagar),False,South (Jayanagar),12.91993725339307,77.57561946697882
80584461/2024,2024-03-24 22:01:00,CYBER,CYBER incident reported in South (Jayanagar),South (Jayanagar),False,South (Jayanagar),12.915044953675796,77.57679049871051
"FIR No. 0533/2024, P.S. Malleswaram",2024-08-21 04:02:00,THEFT,THEFT incident reported in North (Malleswaram),North (Malleswaram),False,North (Malleswaram),13.002477731351744,77.55327898828564
"FIR No. 0491/2025, P.S. Jayanagar",2025-12-14 10:27:00,OTHER,OTHER incident reported in South (Jayanagar),South (Jayanagar),False,South (Jayanagar),12.943884807314852,77.59067309128247
"FIR No. 0015/2024, P.S. Whitefield",2024-01-26 19:29:00,THEFT,THEFT incident reported in IT Corridor (Whitefield),IT Corridor (Whitefield),False,IT Corridor (Whitefield),12.971361993385203,77.74913450489628
"FIR No. 0719/2026, P.S. Malleswaram",2026-07-03 09:58:00,ASSAULT,ASSAULT incident reported in North (Malleswaram),North (Malleswaram),True,North (Malleswaram),13.009460449186111,77.58989980887641
"FIR No. 0235/2025, P.S. Malleswaram",2025-05-11 15:56:00,BURGLARY,BURGLARY incident reported in North (Malleswaram),North (Malleswaram),False,North (Malleswaram),12.998685874988322,77.58367785393331
"FIR No. 0174/2024, P.S. Koramangala",2024-04-26 22:10:00,ROBBERY,ROBBERY incident reported in South East (Koramangala),South East (Koramangala),True,South East (Koramangala),12.916375554237655,77.61975705512313
"FIR No. 0177/2024, P.S. Malleswaram",2024-10-30 22:25:00,THEFT,THEFT incident reported in North (Malleswaram),North (Malleswaram),False,North (Malleswaram),13.002332018066038,77.57438434353033
"FIR No. 0309/2026, P.S. Whitefield",2026-05-18 22:01:00,OTHER,OTHER incident reported in IT Corridor (Whitefield),IT Corridor (Whitefield),True,IT Corridor (Whitefield),12.971053784831398,77.78309261003751
"FIR No. 0540/2024, P.S. Koramangala",2024-06-16 16:49:00,CYBER,CYBER incident reported in South East (Koramangala),South East (Koramangala),True,South East (Koramangala),12.936499476878351,77.63023399755372
"FIR No. 0308/2025, P.S. Majestic/MG Road",2025-04-20 17:42:00,THEFT,THEFT incident reported in Central (Majestic/MG Road),Central (Majestic/MG Road),False,Central (Majestic/MG Road),12.991476083450834,77.59605955250643
"FIR No. 0027/2024, P.S. Jayanagar",2024-01-31 00:55:00,ASSAULT,ASSAULT incident reported in South (Jayanagar),South (Jayanagar),False,South (Jayanagar),12.92923880653652,77.58240597925911
"FIR No. 0658/2025, P.S. Koramangala",2025-10-09 10:49:00,ROBBERY,ROBBERY incident reported in South East (Koramangala),South East (Koramangala),False,South East (Koramangala),12.925967484567108,77.63872167290431
"FIR No. 0315/2024, P.S. Indiranagar",2024-07-04 12:49:00,THEFT,THEFT incident reported in East (Indiranagar),East (Indiranagar),True,East (Indiranagar),13.005485689442732,77.6322192659835
"FIR No. 0887/2024, P.S. Whitefield",2024-11-04 22:08:00,ASSAULT,ASSAULT incident reported in IT Corridor (Whitefield),IT Corridor (Whitefield),False,IT Corridor (Whitefield),12.9762970357818,77.7754140184434
"FIR No. 0518/2026, P.S. Whitefield",2026-08-15 15:49:00,OTHER,OTHER incident reported in IT Corridor (Whitefield),IT Corridor (Whitefield),True,IT Corridor (Whitefield),12.966518524948023,77.74039586217607
"FIR No. 0276/2023, P.S. Indiranagar",2023-05-16 17:21:00,THEFT,THEFT incident reported in East (Indiranagar),East (Indiranagar),True,East (Indiranagar),12.986467905827425,77.64137992864586
"FIR No. 0110/2024, P.S. Jayanagar",2024-04-29 11:39:00,CYBER,CYBER incident reported in South (Jayanagar),South (Jayanagar),False,South (Jayanagar),12.926807012536656,77.55864700747357
"FIR No. 0069/2025, P.S. Koramangala",2025-02-02 15:48:00,THEFT,THEFT incident reported in South East (Koramangala),South East (Koramangala),False,South East (Koramangala),12.97397069550818,77.59523088460435
"FIR No. 0204/2026, P.S. Majestic/MG Road",2026-03-08 17:32:00,ROBBERY,ROBBERY incident reported in Central (Majestic/MG Road),Central (Majestic/MG Road),False,Central (Majestic/MG Road),12.997910927313391,77.56815834280148
87830345/2026,2026-06-22 10:13:00,THEFT,THEFT incident reported in South (Jayanagar),South (Jayanagar),False,South (Jayanagar),12.942081524728412,77.55897022779321
"FIR No. 0212/2026, P.S. Majestic/MG Road",2026-08-24 09:22:00,OTHER,OTHER incident reported in Central (Majestic/MG Road),Central (Majestic/MG Road),False,Central (Majestic/MG Road),12.977901169346085,77.5490529147551
"FIR No. 0209/2023, P.S. Majestic/MG Road",2023-03-12 08:38:00,CYBER,CYBER incident reported in Central (Majestic/MG Road),Central (Majestic/MG Road),False,Central (Majestic/MG Road),12.974294656640504,77.56262517581042
84360866/2026,2026-03-13 10:47:00,ASSAULT,ASSAULT incident reported in IT Corridor (Whitefield),IT Corridor (Whitefield),False,IT Corridor (Whitefield),12.985211978286795,77.74900911056052
"FIR No. 0178/2024, P.S. Koramangala",2024-03-31 01:29:00,THEFT,THEFT incident reported in South East (Koramangala),South East (Koramangala),False,South East (Koramangala),12.920599098478531,77.62072088069779
"FIR No. 0642/2023, P.S. Koramangala",2023-09-15 12:32:00,CYBER,CYBER incident reported in South East (Koramangala),South East (Koramangala),False,South East (Koramangala),12.931616208487837,77.62096075557116
"FIR No. 0407/2023, P.S. Majestic/MG Road",2023-04-02 15:13:00,BURGLARY,BURGLARY incident reported in Central (Majestic/MG Road),Central (Majestic/MG Road),True,Central (Majestic/MG Road),12.993882271204262,77.58755481369326
"FIR No. 0153/2025, P.S. Majestic/MG Road",2025-02-23 23:51:00,ROBBERY,ROBBERY incident reported in Central (Majestic/MG Road),Central (Majestic/MG Road),False,Central (Majestic/MG Road),12.989330702065764,77.57486074948405
86282829/2026,2026-02-15 22:18:00,CYBER,CYBER incident reported in South East (Koramangala),South East (Koramangala),True,South East (Koramangala),12.97819503303591,77.59388620210673
"FIR No. 0584/2024, P.S. Jayanagar",2024-10-19 09:39:00,BURGLARY,BURGLARY incident reported in South (Jayanagar),South (Jayanagar),False,South (Jayanagar),12.927584318020662,77.5914343460877
"FIR No. 0031/2025, P.S. Indiranagar",2025-01-22 11:04:00,THEFT,THEFT incident reported in East (Indiranagar),East (Indiranagar),True,East (Indiranagar),12.970422876627197,77.63688671270916
80666528/2025,2025-02-05 01:22:00,THEFT,THEFT incident reported in South East (Koramangala),South East (Koramangala),False,South East (Koramangala),12.92894704660356,77.61954054692941
"FIR No. 0982/2024, P.S. Majestic/MG Road",2024-10-10 07:24:00,ASSAULT,ASSAULT incident reported in Central (Majestic/MG Road),Central (Majestic/MG Road),False,Central (Majestic/MG Road),12.961736325964331,77.57963352982352
"FIR No. 0306/2026, P.S. Majestic/MG Road",2026-08-16 15:47:00,THEFT,THEFT incident reported in Central (Majestic/MG Road),Central (Majestic/MG Road),False,Central (Majestic/MG Road),12.949837545418513,77.56755610726138
"FIR No. 0140/2025, P.S. Majestic/MG Road",2025-08-02 19:33:00,CYBER,CYBER incident reported in Central (Majestic/MG Road),Central (Majestic/MG Road),True,Central (Majestic/MG Road),12.965705332198656,77.59706209720147
82363626/2025,2025-02-09 06:00:00,THEFT,THEFT incident reported in Central (Majestic/MG Road),Central (Majestic/MG Road),False,Central (Majestic/MG Road),12.994607557284796,77.55782953979285
"FIR No. 0517/2026, P.S. Jayanagar",2026-05-14 18:25:00,THEFT,THEFT incident reported in South (Jayanagar),South (Jayanagar),False,South (Jayanagar),12.897487431488658,77.6008036462103
"FIR No. 0555/2026, P.S. Indiranagar",2026-06-27 00:44:00,ASSAULT,ASSAULT incident reported in East (Indiranagar),East (Indiranagar),False,East (Indiranagar),12.952104662453207,77.66223083895622
"FIR No. 0446/2024, P.S. Jayanagar",2024-10-16 12:04:00,THEFT,THEFT incident reported in South (Jayanagar),South (Jayanagar),False,South (Jayanagar),12.940225145530553,77.56782528837337
"FIR No. 0673/2024, P.S. Majestic/MG Road",2024-08-30 01:55:00,ASSAULT,ASSAULT incident reported in Central (Majestic/MG Road),Central (Majestic/MG Road),True,Central (Majestic/MG Road),12.946386861390996,77.5794363824472
"FIR No. 0046/2026, P.S. Whitefield",2026-04-12 13:06:00,THEFT,THEFT incident reported in IT Corridor (Whitefield),IT Corridor (Whitefield),True,IT Corridor (Whitefield),12.981739667282309,77.76152708594526
80765387/2025,2025-04-04 17:40:00,CYBER,CYBER incident reported in Central (Majestic/MG Road),Central (Majestic/MG Road),True,Central (Majestic/MG Road),12.95544700634001,77.58210216918225
84058261/2023,2023-11-10 01:01:00,THEFT,THEFT incident reported in Central (Majestic/MG Road),Central (Majestic/MG Road),True,Central (Majestic/MG Road),13.009004884241604,77.54796194250301
"FIR No. 0297/2023, P.S. Majestic/MG Road",2023-07-08 21:44:00,ROBBERY,ROBBERY incident reported in Central (Majestic/MG Road),Central (Majestic/MG Road),False,Central (Majestic/MG Road),12.982322597045524,77.5603557327212
"FIR No. 0119/2023, P.S. Majestic/MG Road",2023-03-26 07:09:00,ASSAULT,ASSAULT incident reported in Central (Majestic/MG Road),Central (Majestic/MG Road),False,Central (Majestic/MG Road),12.967238362748844,77.55424558692822
"FIR No. 0426/2026, P.S. Majestic/MG Road",2026-05-05 23:29:00,CYBER,CYBER incident reported in Central (Majestic/MG Road),Central (Majestic/MG Road),False,Central (Majestic/MG Road),12.97431708532005,77.5990215162617
"FIR No. 0043/2025, P.S. Jayanagar",2025-03-30 17:35:00,OTHER,OTHER incident reported in South (Jayanagar),South (Jayanagar),False,South (Jayanagar),12.933181023604734,77.55627085737635
"FIR No. 0713/2023, P.S. Indiranagar",2023-09-22 07:24:00,CYBER,CYBER incident reported in East (Indiranagar),East (Indiranagar),False,East (Indiranagar),13.004677461147296,77.6539338153063
"FIR No. 0367/2024, P.S. Majestic/MG Road",2024-08-18 10:06:00,THEFT,THEFT incident reported in Central (Majestic/MG Road),Central (Majestic/MG Road),True,Central (Majestic/MG Road),12.97590491234618,77.56735403822218
"FIR No. 0089/2024, P.S. Jayanagar",2024-02-19 05:59:00,CYBER,CYBER incident reported in South (Jayanagar),South (Jayanagar),True,South (Jayanagar),12.91255013236274,77.58682104318379
"FIR No. 0572/2025, P.S. Indiranagar",2025-12-14 14:00:00,ROBBERY,ROBBERY incident reported in East (Indiranagar),East (Indiranagar),False,East (Indiranagar),12.982665501914283,77.65278723966776
"FIR No. 0304/2023, P.S. Koramangala",2023-05-13 00:40:00,CYBER,CYBER incident reported in South East (Koramangala),South East (Koramangala),False,South East (Koramangala),12.939742946797685,77.63701784901899
"FIR No. 0151/2024, P.S. Indiranagar",2024-03-09 13:49:00,BURGLARY,BURGLARY incident reported in East (Indiranagar),East (Indiranagar),True,East (Indiranagar),12.995707925615555,77.64286180293689
"FIR No. 0053/2024, P.S. Jayanagar",2024-04-29 03:45:00,CYBER,CYBER incident reported in South (Jayanagar),South (Jayanagar),False,South (Jayanagar),12.927121622465686,77.58470025436071
"FIR No. 0119/2026, P.S. Majestic/MG Road",2026-03-10 02:41:00,ASSAULT,ASSAULT incident reported in Central (Majestic/MG Road),Central (Majestic/MG Road),False,Central (Majestic/MG Road),12.974427565324971,77.58406445477033
"FIR No. 0124/2025, P.S. Majestic/MG Road",2025-02-02 13:24:00,ROBBERY,ROBBERY incident reported in Central (Majestic/MG Road),Central (Majestic/MG Road),True,Central (Majestic/MG Road),12.957054889134955,77.55502945280483
"FIR No. 0738/2025, P.S. Whitefield",2025-12-12 15:37:00,CYBER,CYBER incident reported in IT Corridor (Whitefield),IT Corridor (Whitefield),False,IT Corridor (Whitefield),12.972171481844152,77.75770086678247
86926625/2026,2026-03-24 08:41:00,CYBER,CYBER incident reported in South (Jayanagar),South (Jayanagar),True,South (Jayanagar),12.886562977308376,77.56127300092018
"FIR No. 0008/2024, P.S. Jayanagar",2024-01-16 18:01:00,ASSAULT,ASSAULT incident reported in South (Jayanagar),South (Jayanagar),False,South (Jayanagar),12.916364595233624,77.58214514153286
"FIR No. 0214/2025, P.S. Jayanagar",2025-10-18 22:07:00,OTHER,OTHER incident reported in South (Jayanagar),South (Jayanagar),False,South (Jayanagar),12.915964639162365,77.57743205496844
"FIR No. 0046/2023, P.S. Jayanagar",2023-01-18 14:00:00,THEFT,THEFT incident reported in South (Jayanagar),South (Jayanagar),False,South (Jayanagar),12.953351182749223,77.58141642251273
"FIR No. 0054/2023, P.S. Whitefield",2023-01-30 15:57:00,CYBER,CYBER incident reported in IT Corridor (Whitefield),IT Corridor (Whitefield),False,IT Corridor (Whitefield),12.98474117188018,77.73115174385846
"FIR No. 0027/2025, P.S. Whitefield",2025-08-16 23:56:00,THEFT,THEFT incident reported in IT Corridor (Whitefield),IT Corridor (Whitefield),False,IT Corridor (Whitefield),12.940404946930292,77.71729137239151
"FIR No. 0010/2025, P.S. Whitefield",2025-01-25 12:48:00,ASSAULT,ASSAULT incident reported in IT Corridor (Whitefield),IT Corridor (Whitefield),False,IT Corridor (Whitefield),12.957903705359946,77.76430300488816
"FIR No. 0256/2025, P.S. Malleswaram",2025-03-27 05:54:00,ROBBERY,ROBBERY incident reported in North (Malleswaram),North (Malleswaram),False,North (Malleswaram),12.99628079028745,77.56589903019423
"FIR No. 0154/2023, P.S. Indiranagar",2023-09-18 12:54:00,THEFT,THEFT incident reported in East (Indiranagar),East (Indiranagar),False,East (Indiranagar),12.98283473846103,77.6407112213053
86689211/2024,2024-05-01 09:02:00,ASSAULT,ASSAULT incident reported in South East (Koramangala),South East (Koramangala),False,South East (Koramangala),12.948816286120415,77.63099756961233
"FIR No. 0294/2023, P.S. Koramangala",2023-08-12 20:24:00,CYBER,CYBER incident reported in South East (Koramangala),South East (Koramangala),False,South East (Koramangala),12.92870959690139,77.6443564792272
"FIR No. 0032/2025, P.S. Malleswaram",2025-01-02 02:38:00,OTHER,OTHER incident reported in North (Malleswaram),North (Malleswaram),False,North (Malleswaram),13.015502248065546,77.55347856623774
"FIR No. 0266/2025, P.S. Koramangala",2025-05-19 04:01:00,THEFT,THEFT incident reported in South East (Koramangala),South East (Koramangala),False,South East (Koramangala),12.964697216397612,77.61485053207157
"FIR No. 0012/2025, P.S. Whitefield",2025-03-04 19:40:00,ASSAULT,ASSAULT incident reported in IT Corridor (Whitefield),IT Corridor (Whitefield),False,IT Corridor (Whitefield),12.970118714957652,77.74241162156568
"FIR No. 0189/2023, P.S. Whitefield",2023-03-06 08:09:00,ASSAULT,ASSAULT incident reported in IT Corridor (Whitefield),IT Corridor (Whitefield),False,IT Corridor (Whitefield),12.97987276206094,77.760348181327
83948274/2025,2025-08-22 00:25:00,ASSAULT,ASSAULT incident reported in North (Malleswaram),North (Malleswaram),False,North (Malleswaram),13.022292658580405,77.53684172815322
"FIR No. 0677/2023, P.S. Malleswaram",2023-12-23 13:49:00,THEFT,THEFT incident reported in North (Malleswaram),North (Malleswaram),False,North (Malleswaram),12.998502481886426,77.54756556787407
"FIR No. 0174/2024, P.S. Malleswaram",2024-04-07 15:47:00,BURGLARY,BURGLARY incident reported in North (Malleswaram),North (Malleswaram),False,North (Malleswaram),12.991567933122152,77.6114148743196
"FIR No. 0003/2025, P.S. Indiranagar",2025-11-19 17:22:00,ASSAULT,ASSAULT incident reported in East (Indiranagar),East (Indiranagar),False,East (Indiranagar),12.97378009528641,77.62751047105871
"FIR No. 0255/2023, P.S. Indiranagar",2023-07-07 02:40:00,THEFT,THEFT incident reported in East (Indiranagar),East (Indiranagar),True,East (Indiranagar),13.002380448994542,77.65295268148508
"FIR No. 0095/2025, P.S. Indiranagar",2025-01-22 09:31:00,THEFT,THEFT incident reported in East (Indiranagar),East (Indiranagar),False,East (Indiranagar),12.996030920223088,77.63164213683176
82204732/2024,2024-01-18 15:28:00,THEFT,THEFT incident reported in Central (Majestic/MG Road),Central (Majestic/MG Road),True,Central (Majestic/MG Road),12.97663891728349,77.59849028975009
"FIR No. 0303/2023, P.S. Whitefield",2023-07-20 07:05:00,ASSAULT,ASSAULT incident reported in IT Corridor (Whitefield),IT Corridor (Whitefield),False,IT Corridor (Whitefield),12.973175834509057,77.74087175338853
"FIR No. 0041/2023, P.S. Jayanagar",2023-05-20 12:28:00,THEFT,THEFT incident reported in South (Jayanagar),South (Jayanagar),True,South (Jayanagar),12.954100671726344,77.5983399450816
"FIR No. 0183/2025, P.S. Majestic/MG Road",2025-11-20 23:39:00,ROBBERY,ROBBERY incident reported in Central (Majestic/MG Road),Central (Majestic/MG Road),False,Central (Majestic/MG Road),12.987714498325088,77.57088274533085
"FIR No. 0785/2025, P.S. Majestic/MG Road",2025-11-30 14:13:00,CYBER,CYBER incident reported in Central (Majestic/MG Road),Central (Majestic/MG Road),True,Central (Majestic/MG Road),12.96094468741076,77.56732188821503
89253174/2025,2025-01-29 15:58:00,ASSAULT,ASSAULT incident reported in South East (Koramangala),South East (Koramangala),False,South East (Koramangala),12.921023214734609,77.63345229645658
"FIR No. 0227/2024, P.S. Indiranagar",2024-05-18 16:03:00,THEFT,THEFT incident reported in East (Indiranagar),East (Indiranagar),True,East (Indiranagar),12.985063732383948,77.63951041886905
81321389/2025,2025-04-10 21:46:00,ASSAULT,ASSAULT incident reported in South (Jayanagar),South (Jayanagar),False,South (Jayanagar),12.930543745908398,77.57596974492927
"FIR No. 0207/2025, P.S. Indiranagar",2025-04-26 18:58:00,THEFT,THEFT incident reported in East (Indiranagar),East (Indiranagar),True,East (Indiranagar),13.003003955171453,77.662945588266
82241164/2024,2024-04-03 14:09:00,CYBER,CYBER incident reported in Central (Majestic/MG Road),Central (Majestic/MG Road),False,Central (Majestic/MG Road),12.972372573045376,77.57605618680499
"FIR No. 0036/2026, P.S. Majestic/MG Road",2026-03-01 16:44:00,BURGLARY,BURGLARY incident reported in Central (Majestic/MG Road),Central (Majestic/MG Road),True,Central (Majestic/MG Road),12.976340922494783,77.59782610587949
"FIR No. 0022/2023, P.S. Koramangala",2023-03-29 10:25:00,THEFT,THEFT incident reported in South East (Koramangala),South East (Koramangala),False,South East (Koramangala),12.937971558698605,77.63071899481442
"FIR No. 0551/2023, P.S. Koramangala",2023-08-04 22:55:00,OTHER,OTHER incident reported in South East (Koramangala),South East (Koramangala),False,South East (Koramangala),12.922286962331208,77.63678203627799
"FIR No. 0089/2024, P.S. Koramangala",2024-10-13 21:05:00,THEFT,THEFT incident reported in South East (Koramangala),South East (Koramangala),True,South East (Koramangala),12.956464966899466,77.59964831216502
87239510/2025,2025-11-22 06:39:00,THEFT,THEFT incident reported in Central (Majestic/MG Road),Central (Majestic/MG Road),True,Central (Majestic/MG Road),12.9821043998138,77.56433836115157
"FIR No. 0180/2025, P.S. Malleswaram",2025-02-21 14:37:00,OTHER,OTHER incident reported in North (Malleswaram),North (Malleswaram),False,North (Malleswaram),12.993107738271744,77.56975760714562
"FIR No. 0130/2026, P.S. Jayanagar",2026-04-06 18:14:00,CYBER,CYBER incident reported in South (Jayanagar),South (Jayanagar),False,South (Jayanagar),12.934712505532454,77.57134762720491
"FIR No. 0299/2024, P.S. Jayanagar",2024-12-01 00:28:00,ASSAULT,ASSAULT incident reported in South (Jayanagar),South (Jayanagar),False,South (Jayanagar),12.921103252167375,77.59657690695447
"FIR No. 0119/2024, P.S. Koramangala",2024-10-06 03:56:00,THEFT,THEFT incident reported in South East (Koramangala),South East (Koramangala),False,South East (Koramangala),12.960215119503411,77.61233876857578
"FIR No. 0399/2024, P.S. Koramangala",2024-07-12 16:14:00,ROBBERY,ROBBERY incident reported in South East (Koramangala),South East (Koramangala),False,South East (Koramangala),12.947122376785469,77.64319738776267
"FIR No. 0035/2023, P.S. Malleswaram",2023-07-02 22:32:00,CYBER,CYBER incident reported in North (Malleswaram),North (Malleswaram),True,North (Malleswaram),13.01682411013363,77.5735799316133
"FIR No. 0041/2026, P.S. Koramangala",2026-04-19 05:20:00,THEFT,THEFT incident reported in South East (Koramangala),South East (Koramangala),False,South East (Koramangala),12.94494757187408,77.62198837931462
"FIR No. 0123/2023, P.S. Majestic/MG Road",2023-03-26 09:42:00,ASSAULT,ASSAULT incident reported in Central (Majestic/MG Road),Central (Majestic/MG Road),True,Central (Majestic/MG Road),12.966237383016091,77.58937128660905
80912889/2023,2023-06-04 22:30:00,ASSAULT,ASSAULT incident reported in IT Corridor (Whitefield),IT Corridor (Whitefield),True,IT Corridor (Whitefield),12.966386020907338,77.74030998829188
"FIR No. 0130/2024, P.S. Whitefield",2024-03-22 07:58:00,THEFT,THEFT incident reported in IT Corridor (Whitefield),IT Corridor (Whitefield),False,IT Corridor (Whitefield),12.96219431424364,77.76630919217493
"FIR No. 0075/2023, P.S. Indiranagar",2023-10-26 06:41:00,THEFT,THEFT incident reported in East (Indiranagar),East (Indiranagar),False,East (Indiranagar),12.972088695934271,77.63653665670208
82610646/2026,2026-03-13 18:24:00,CYBER,CYBER incident reported in South (Jayanagar),South (Jayanagar),False,South (Jayanagar),12.934300766263563,77.58233935516256
"FIR No. 0409/2024, P.S. Majestic/MG Road",2024-05-12 15:52:00,ASSAULT,ASSAULT incident reported in Central (Majestic/MG Road),Central (Majestic/MG Road),False,Central (Majestic/MG Road),12.99503219508137,77.5545180850133
"FIR No. 0122/2026, P.S. Majestic/MG Road",2026-06-01 04:02:00,OTHER,OTHER incident reported in Central (Majestic/MG Road),Central (Majestic/MG Road),False,Central (Majestic/MG Road),12.97408318424302,77.57961218581025
"FIR No. 0178/2025, P.S. Malleswaram",2025-02-10 11:22:00,CYBER,CYBER incident reported in North (Malleswaram),North (Malleswaram),False,North (Malleswaram),13.025863913966305,77.56758105774867
"FIR No. 0598/2024, P.S. Majestic/MG Road",2024-12-19 20:31:00,THEFT,THEFT incident reported in Central (Majestic/MG Road),Central (Majestic/MG Road),False,Central (Majestic/MG Road),13.004160074851606,77.55568572843913
"FIR No. 0070/2024, P.S. Indiranagar",2024-08-20 02:55:00,THEFT,THEFT incident reported in East (Indiranagar),East (Indiranagar),True,East (Indiranagar),12.97112970665475,77.65257488899903
"FIR No. 0092/2025, P.S. Koramangala",2025-07-29 22:42:00,THEFT,THEFT incident reported in South East (Koramangala),South East (Koramangala),False,South East (Koramangala),12.933388450009266,77.63346635157494
"FIR No. 0103/2025, P.S. Indiranagar",2025-02-08 21:16:00,THEFT,THEFT incident reported in East (Indiranagar),East (Indiranagar),False,East (Indiranagar),12.95149936227344,77.64123980882205
85075342/2023,2023-02-13 17:26:00,CYBER,CYBER incident reported in Central (Majestic/MG Road),Central (Majestic/MG Road),False,Central (Majestic/MG Road),12.982586913531865,77.5957271589368
87087204/2024,2024-07-17 08:12:00,ASSAULT,ASSAULT incident reported in South East (Koramangala),South East (Koramangala),False,South East (Koramangala),12.929758670094976,77.62022463425217
"FIR No. 0025/2025, P.S. Whitefield",2025-01-27 23:50:00,CYBER,CYBER incident reported in IT Corridor (Whitefield),IT Corridor (Whitefield),False,IT Corridor (Whitefield),12.991232869644508,77.74597831898669
"FIR No. 0636/2024, P.S. Koramangala",2024-12-04 18:02:00,THEFT,THEFT incident reported in South East (Koramangala),South East (Koramangala),False,South East (Koramangala),12.946151467817367,77.61619922733394
"FIR No. 0617/2024, P.S. Indiranagar",2024-12-10 04:30:00,CYBER,CYBER incident reported in East (Indiranagar),East (Indiranagar),True,East (Indiranagar),12.965752510419913,77.62066046565555
"FIR No. 0411/2024, P.S. Majestic/MG Road",2024-08-12 12:16:00,CYBER,CYBER incident reported in Central (Majestic/MG Road),Central (Majestic/MG Road),False,Central (Majestic/MG Road),12.975274474522816,77.59267938481536
81997383/2026,2026-04-08 08:05:00,THEFT,THEFT incident reported in North (Malleswaram),North (Malleswaram),False,North (Malleswaram),13.005048406169324,77.581881842879
"FIR No. 0621/2023, P.S. Jayanagar",2023-10-08 02:26:00,ROBBERY,ROBBERY incident reported in South (Jayanagar),South (Jayanagar),False,South (Jayanagar),12.921263633394902,77.58292363094678
87094420/2026,2026-06-12 09:36:00,THEFT,THEFT incident reported in South East (Koramangala),South East (Koramangala),True,South East (Koramangala),12.929159517233092,77.6237986036352
"FIR No. 0176/2026, P.S. Koramangala",2026-06-28 14:10:00,THEFT,THEFT incident reported in South East (Koramangala),South East (Koramangala),False,South East (Koramangala),12.930920547109018,77.61271815057958
"FIR No. 0243/2025, P.S. Indiranagar",2025-12-02 11:02:00,ASSAULT,ASSAULT incident reported in East (Indiranagar),East (Indiranagar),True,East (Indiranagar),12.974241159347716,77.63269778748786
"FIR No. 0263/2025, P.S. Majestic/MG Road",2025-04-10 05:40:00,CYBER,CYBER incident reported in Central (Majestic/MG Road),Central (Majestic/MG Road),False,Central (Majestic/MG Road),13.020861748342876,77.59407667730872
"FIR No. 0815/2025, P.S. Whitefield",2025-12-03 13:51:00,THEFT,THEFT incident reported in IT Corridor (Whitefield),IT Corridor (Whitefield),False,IT Corridor (Whitefield),12.9662101315752,77.76606636584744
"FIR No. 0201/2025, P.S. Koramangala",2025-03-14 20:11:00,THEFT,THEFT incident reported in South East (Koramangala),South East (Koramangala),False,South East (Koramangala),12.918203008456002,77.59441083742477
"FIR No. 0255/2023, P.S. Jayanagar",2023-10-20 15:20:00,BURGLARY,BURGLARY incident reported in South (Jayanagar),South (Jayanagar),False,South (Jayanagar),12.938010770214088,77.60993631433858
"FIR No. 0569/2024, P.S. Majestic/MG Road",2024-10-19 03:08:00,ROBBERY,ROBBERY incident reported in Central (Majestic/MG Road),Central (Majestic/MG Road),False,Central (Majestic/MG Road),12.95504583123111,77.59112407030777
"FIR No. 0075/2025, P.S. Koramangala",2025-01-07 23:03:00,THEFT,THEFT incident reported in South East (Koramangala),South East (Koramangala),False,South East (Koramangala),12.907646076923802,77.64479839097875
"FIR No. 0198/2024, P.S. Koramangala",2024-03-14 01:16:00,THEFT,THEFT incident reported in South East (Koramangala),South East (Koramangala),False,South East (Koramangala),12.926794190435311,77.63083817397269
"FIR No. 0458/2023, P.S. Majestic/MG Road",2023-05-03 20:12:00,CYBER,CYBER incident reported in Central (Majestic/MG Road),Central (Majestic/MG Road),True,Central (Majestic/MG Road),12.981563637174837,77.57749457713798
"FIR No. 0494/2025, P.S. Koramangala",2025-09-15 20:07:00,THEFT,THEFT incident reported in South East (Koramangala),South East (Koramangala),True,South East (Koramangala),12.928726882560474,77.61909146861184
"FIR No. 1040/2025, P.S. Koramangala",2025-10-13 03:36:00,THEFT,THEFT incident reported in South East (Koramangala),South East (Koramangala),True,South East (Koramangala),12.92047616952798,77.62467327291606
87298780/2025,2025-10-19 20:24:00,THEFT,THEFT incident reported in Central (Majestic/MG Road),Central (Majestic/MG Road),False,Central (Majestic/MG Road),12.983176561341237,77.56917550764483
88667071/2023,2023-11-06 23:32:00,ASSAULT,ASSAULT incident reported in South (Jayanagar),South (Jayanagar),False,South (Jayanagar),12.929882388300369,77.57509476525645
"FIR No. 0173/2023, P.S. Koramangala",2023-09-28 04:16:00,THEFT,THEFT incident reported in South East (Koramangala),South East (Koramangala),False,South East (Koramangala),12.950531064261572,77.63523693166705
"FIR No. 0194/2025, P.S. Jayanagar",2025-03-05 07:04:00,ASSAULT,ASSAULT incident reported in South (Jayanagar),South (Jayanagar),False,South (Jayanagar),12.921057513034858,77.58866974860341
"FIR No. 0103/2025, P.S. Koramangala",2025-10-16 07:54:00,ASSAULT,ASSAULT incident reported in South East (Koramangala),South East (Koramangala),False,South East (Koramangala),12.945440435336234,77.61727054255061
"FIR No. 0314/2023, P.S. Koramangala",2023-03-01 02:10:00,CYBER,CYBER incident reported in South East (Koramangala),South East (Koramangala),False,South East (Koramangala),12.935990276310331,77.64208606674035
"FIR No. 0490/2024, P.S. Majestic/MG Road",2024-10-20 06:06:00,ROBBERY,ROBBERY incident reported in Central (Majestic/MG Road),Central (Majestic/MG Road),False,Central (Majestic/MG Road),12.987836333217835,77.55897292157724
"FIR No. 0060/2026, P.S. Jayanagar",2026-08-25 22:19:00,THEFT,THEFT incident reported in South (Jayanagar),South (Jayanagar),False,South (Jayanagar),12.939319529775036,77.55548550057928
"FIR No. 0204/2025, P.S. Majestic/MG Road",2025-05-23 13:28:00,CYBER,CYBER incident reported in Central (Majestic/MG Road),Central (Majestic/MG Road),True,Central (Majestic/MG Road),12.968269683409703,77.58281411229584
"FIR No. 0259/2025, P.S. Majestic/MG Road",2025-03-31 12:08:00,CYBER,CYBER incident reported in Central (Majestic/MG Road),Central (Majestic/MG Road),False,Central (Majestic/MG Road),13.00799410181918,77.54766648544651
"FIR No. 0183/2026, P.S. Whitefield",2026-08-16 23:42:00,THEFT,THEFT incident reported in IT Corridor (Whitefield),IT Corridor (Whitefield),False,IT Corridor (Whitefield),12.957839114575462,77.75838551940564
"FIR No. 0585/2023, P.S. Jayanagar",2023-12-02 16:49:00,CYBER,CYBER incident reported in South (Jayanagar),South (Jayanagar),True,South (Jayanagar),12.943460083767352,77.56875739733772
"FIR No. 0421/2026, P.S. Whitefield",2026-06-30 02:29:00,ROBBERY,ROBBERY incident reported in IT Corridor (Whitefield),IT Corridor (Whitefield),False,IT Corridor (Whitefield),12.984881777690225,77.75189837094665
"FIR No. 0027/2024, P.S. Whitefield",2024-01-02 19:02:00,ROBBERY,ROBBERY incident reported in IT Corridor (Whitefield),IT Corridor (Whitefield),True,IT Corridor (Whitefield),12.960525983735607,77.76048379850792
"FIR No. 0150/2024, P.S. Koramangala",2024-03-31 10:25:00,OTHER,OTHER incident reported in South East (Koramangala),South East (Koramangala),False,South East (Koramangala),12.933077864625249,77.61205152689155
"FIR No. 0119/2023, P.S. Koramangala",2023-12-18 20:52:00,OTHER,OTHER incident reported in South East (Koramangala),South East (Koramangala),True,South East (Koramangala),12.930155399030207,77.60989686891246
83039186/2026,2026-03-03 03:56:00,THEFT,THEFT incident reported in South East (Koramangala),South East (Koramangala),False,South East (Koramangala),12.963934313639871,77.63489588555075
80810885/2023,2023-03-09 17:20:00,ASSAULT,ASSAULT incident reported in South (Jayanagar),South (Jayanagar),False,South (Jayanagar),12.92652807603156,77.59995013941933
82447340/2023,2023-08-14 07:00:00,ASSAULT,ASSAULT incident reported in IT Corridor (Whitefield),IT Corridor (Whitefield),False,IT Corridor (Whitefield),12.97017382523054,77.74132144887236
"FIR No. 0095/2023, P.S. Majestic/MG Road",2023-02-01 08:07:00,ROBBERY,ROBBERY incident reported in Central (Majestic/MG Road),Central (Majestic/MG Road),False,Central (Majestic/MG Road),12.973232242009445,77.59464726581449
"FIR No. 0127/2024, P.S. Indiranagar",2024-11-05 09:05:00,OTHER,OTHER incident reported in East (Indiranagar),East (Indiranagar),False,East (Indiranagar),12.982736160865558,77.64239915479276
"FIR No. 0157/2023, P.S. Whitefield",2023-07-31 13:48:00,CYBER,CYBER incident reported in IT Corridor (Whitefield),IT Corridor (Whitefield),False,IT Corridor (Whitefield),12.99000840433561,77.75426244064752
"FIR No. 0516/2025, P.S. Koramangala",2025-08-07 13:05:00,CYBER,CYBER incident reported in South East (Koramangala),South East (Koramangala),False,South East (Koramangala),12.952336557213684,77.63439938421229
"FIR No. 0112/2024, P.S. Indiranagar",2024-03-08 05:41:00,CYBER,CYBER incident reported in East (Indiranagar),East (Indiranagar),False,East (Indiranagar),12.974538924562433,77.64209922444073
"FIR No. 0107/2026, P.S. Indiranagar",2026-02-23 18:08:00,ASSAULT,ASSAULT incident reported in East (Indiranagar),East (Indiranagar),True,East (Indiranagar),12.960686470596778,77.62915301629495
"FIR No. 0101/2026, P.S. Malleswaram",2026-02-26 15:05:00,CYBER,CYBER incident reported in North (Malleswaram),North (Malleswaram),True,North (Malleswaram),13.012832991336468,77.56231930353528
"FIR No. 0449/2024, P.S. Majestic/MG Road",2024-08-14 13:58:00,CYBER,CYBER incident reported in Central (Majestic/MG Road),Central (Majestic/MG Road),True,Central (Majestic/MG Road),12.992416457766812,77.5921599184957
"FIR No. 0888/2023, P.S. Whitefield",2023-08-25 07:44:00,ASSAULT,ASSAULT incident reported in IT Corridor (Whitefield),IT Corridor (Whitefield),False,IT Corridor (Whitefield),12.952734939521742,77.7359964529341
"FIR No. 0088/2024, P.S. Whitefield",2024-02-22 09:54:00,BURGLARY,BURGLARY incident reported in IT Corridor (Whitefield),IT Corridor (Whitefield),False,IT Corridor (Whitefield),12.99483478616183,77.7170660000407
86154819/2024,2024-04-12 04:57:00,CYBER,CYBER incident reported in South East (Koramangala),South East (Koramangala),False,South East (Koramangala),12.968608880026393,77.61484286725093
"FIR No. 0284/2024, P.S. Jayanagar",2024-06-24 23:18:00,ASSAULT,ASSAULT incident reported in South (Jayanagar),South (Jayanagar),False,South (Jayanagar),12.912982841121448,77.57229799716744
"FIR No. 0136/2023, P.S. Majestic/MG Road",2023-05-25 23:37:00,CYBER,CYBER incident reported in Central (Majestic/MG Road),Central (Majestic/MG Road),False,Central (Majestic/MG Road),13.001226211955531,77.54651632799522
"FIR No. 1248/2023, P.S. Jayanagar",2023-12-18 13:16:00,THEFT,THEFT incident reported in South (Jayanagar),South (Jayanagar),True,South (Jayanagar),12.918307507466569,77.54655449693291
"FIR No. 0025/2025, P.S. Jayanagar",2025-10-09 21:55:00,ROBBERY,ROBBERY incident reported in South (Jayanagar),South (Jayanagar),False,South (Jayanagar),12.948239981610032,77.58537362928968
88114304/2023,2023-11-24 02:17:00,CYBER,CYBER incident reported in IT Corridor (Whitefield),IT Corridor (Whitefield),False,IT Corridor (Whitefield),12.957578251627744,77.74931823943432
"FIR No. 0212/2023, P.S. Jayanagar",2023-03-12 05:09:00,THEFT,THEFT incident reported in South (Jayanagar),South (Jayanagar),False,South (Jayanagar),12.921978139190754,77.59567071243573
"FIR No. 0986/2024, P.S. Malleswaram",2024-11-06 15:19:00,THEFT,THEFT incident reported in North (Malleswaram),North (Malleswaram),False,North (Malleswaram),13.008254150124866,77.56195560310519
"FIR No. 0056/2023, P.S. Koramangala",2023-01-27 01:01:00,BURGLARY,BURGLARY incident reported in South East (Koramangala),South East (Koramangala),False,South East (Koramangala),12.936630693959328,77.63545668285352
"FIR No. 0585/2023, P.S. Jayanagar",2023-10-07 14:01:00,ROBBERY,ROBBERY incident reported in South (Jayanagar),South (Jayanagar),False,South (Jayanagar),12.95960052390727,77.586385624127
"FIR No. 0073/2024, P.S. Koramangala",2024-01-10 17:19:00,ASSAULT,ASSAULT incident reported in South East (Koramangala),South East (Koramangala),True,South East (Koramangala),12.92937303435188,77.64612202570898
"FIR No. 0456/2026, P.S. Koramangala",2026-06-20 23:27:00,THEFT,THEFT incident reported in South East (Koramangala),South East (Koramangala),True,South East (Koramangala),12.921481102363982,77.62694737038824
"FIR No. 0737/2025, P.S. Malleswaram",2025-08-29 03:47:00,CYBER,CYBER incident reported in North (Malleswaram),North (Malleswaram),False,North (Malleswaram),13.00663822774814,77.56213143130577
"FIR No. 0669/2024, P.S. Indiranagar",2024-10-14 17:03:00,CYBER,CYBER incident reported in East (Indiranagar),East (Indiranagar),False,East (Indiranagar),12.967798953156985,77.62397240301101
"FIR No. 0017/2023, P.S. Indiranagar",2023-01-22 08:35:00,ASSAULT,ASSAULT incident reported in East (Indiranagar),East (Indiranagar),False,East (Indiranagar),13.012492228697235,77.62066387645763
"FIR No. 0002/2023, P.S. Indiranagar",2023-03-04 03:18:00,THEFT,THEFT incident reported in East (Indiranagar),East (Indiranagar),False,East (Indiranagar),12.972038979627357,77.65326671948768
"FIR No. 0679/2025, P.S. Koramangala",2025-08-12 05:28:00,THEFT,THEFT incident reported in South East (Koramangala),South East (Koramangala),False,South East (Koramangala),12.926571231004043,77.59744263522742
83055756/2026,2026-05-02 03:39:00,CYBER,CYBER incident reported in Central (Majestic/MG Road),Central (Majestic/MG Road),True,Central (Majestic/MG Road),12.9737163257515,77.58132766044545
"FIR No. 0159/2025, P.S. Indiranagar",2025-02-01 19:46:00,ROBBERY,ROBBERY incident reported in East (Indiranagar),East (Indiranagar),False,East (Indiranagar),12.97330848166875,77.62890152814494
"FIR No. 0821/2024, P.S. Majestic/MG Road",2024-09-29 08:19:00,ROBBERY,ROBBERY incident reported in Central (Majestic/MG Road),Central (Majestic/MG Road),True,Central (Majestic/MG Road),12.9867574575757,77.58786599147636
"FIR No. 0028/2026, P.S. Jayanagar",2026-01-17 18:01:00,ROBBERY,ROBBERY incident reported in South (Jayanagar),South (Jayanagar),False,South (Jayanagar),12.939332648608335,77.58072134971503
"FIR No. 0555/2024, P.S. Jayanagar",2024-08-31 08:28:00,ASSAULT,ASSAULT incident reported in South (Jayanagar),South (Jayanagar),True,South (Jayanagar),12.941293433952607,77.58224856694767
"FIR No. 0046/2026, P.S. Koramangala",2026-01-10 17:18:00,ROBBERY,ROBBERY incident reported in South East (Koramangala),South East (Koramangala),False,South East (Koramangala),12.916834936243903,77.63957951819317
"FIR No. 0108/2024, P.S. Majestic/MG Road",2024-05-30 13:57:00,BURGLARY,BURGLARY incident reported in Central (Majestic/MG Road),Central (Majestic/MG Road),False,Central (Majestic/MG Road),12.960541557284554,77.5796023506268
"FIR No. 0200/2023, P.S. Majestic/MG Road",2023-07-07 17:25:00,ROBBERY,ROBBERY incident reported in Central (Majestic/MG Road),Central (Majestic/MG Road),False,Central (Majestic/MG Road),12.97561971781206,77.54143080396915
"FIR No. 0591/2024, P.S. Majestic/MG Road",2024-09-12 17:28:00,CYBER,CYBER incident reported in Central (Majestic/MG Road),Central (Majestic/MG Road),False,Central (Majestic/MG Road),12.972886566500897,77.55306842509827
"FIR No. 0139/2025, P.S. Whitefield",2025-02-16 23:17:00,OTHER,OTHER incident reported in IT Corridor (Whitefield),IT Corridor (Whitefield),False,IT Corridor (Whitefield),12.95627707817494,77.76795483308094
"FIR No. 0099/2026, P.S. Jayanagar",2026-02-25 18:33:00,THEFT,THEFT incident reported in South (Jayanagar),South (Jayanagar),False,South (Jayanagar),12.918892247725406,77.5803825541956
"FIR No. 0516/2023, P.S. Jayanagar",2023-12-31 05:30:00,THEFT,THEFT incident reported in South (Jayanagar),South (Jayanagar),False,South (Jayanagar),12.934360836002217,77.57590250184793
"FIR No. 0146/2025, P.S. Indiranagar",2025-10-14 20:21:00,ASSAULT,ASSAULT incident reported in East (Indiranagar),East (Indiranagar),False,East (Indiranagar),12.98099529291435,77.66930896396907
"FIR No. 0099/2025, P.S. Malleswaram",2025-05-10 23:59:00,CYBER,CYBER incident reported in North (Malleswaram),North (Malleswaram),False,North (Malleswaram),13.03375196283405,77.57262976032865
"FIR No. 0486/2026, P.S. Indiranagar",2026-06-13 17:51:00,THEFT,THEFT incident reported in East (Indiranagar),East (Indiranagar),False,East (Indiranagar),12.96785299736244,77.63513508239348
85424254/2024,2024-10-29 08:48:00,CYBER,CYBER incident reported in Central (Majestic/MG Road),Central (Majestic/MG Road),False,Central (Majestic/MG Road),12.980408744035962,77.57964985706167
"FIR No. 1007/2023, P.S. Indiranagar",2023-11-07 04:11:00,ASSAULT,ASSAULT incident reported in East (Indiranagar),East (Indiranagar),False,East (Indiranagar),12.980419902251963,77.66169724243807
86853408/2025,2025-03-12 23:31:00,CYBER,CYBER incident reported in Central (Majestic/MG Road),Central (Majestic/MG Road),False,Central (Majestic/MG Road),12.984836939835525,77.58569041147368
"FIR No. 0309/2026, P.S. Koramangala",2026-08-09 07:24:00,THEFT,THEFT incident reported in South East (Koramangala),South East (Koramangala),False,South East (Koramangala),12.95139060155152,77.60458079395724
87970434/2023,2023-10-31 16:31:00,THEFT,THEFT incident reported in North (Malleswaram),North (Malleswaram),False,North (Malleswaram),13.008723389448871,77.55759256991847
"FIR No. 0209/2026, P.S. Majestic/MG Road",2026-03-20 18:36:00,CYBER,CYBER incident reported in Central (Majestic/MG Road),Central (Majestic/MG Road),False,Central (Majestic/MG Road),12.993278238701704,77.53634974732603
88081056/2023,2023-08-25 17:44:00,BURGLARY,BURGLARY incident reported in South East (Koramangala),South East (Koramangala),False,South East (Koramangala),12.901372063363246,77.65033246572884
"FIR No. 0111/2026, P.S. Koramangala",2026-04-08 10:04:00,BURGLARY,BURGLARY incident reported in South East (Koramangala),South East (Koramangala),False,South East (Koramangala),12.925756426958127,77.61516992942238
"FIR No. 0065/2024, P.S. Koramangala",2024-01-27 06:17:00,ASSAULT,ASSAULT incident reported in South East (Koramangala),South East (Koramangala),True,South East (Koramangala),12.937048491289849,77.65022677574784
"FIR No. 0337/2026, P.S. Indiranagar",2026-08-01 20:12:00,CYBER,CYBER incident reported in East (Indiranagar),East (Indiranagar),False,East (Indiranagar),12.99514202100212,77.61437229902218
"FIR No. 0375/2025, P.S. Whitefield",2025-11-13 13:30:00,THEFT,THEFT incident reported in IT Corridor (Whitefield),IT Corridor (Whitefield),True,IT Corridor (Whitefield),12.943445549486237,77.73837619764197
"FIR No. 0647/2025, P.S. Jayanagar",2025-09-10 04:25:00,ASSAULT,ASSAULT incident reported in South (Jayanagar),South (Jayanagar),False,South (Jayanagar),12.90013914133769,77.57153454132403
"FIR No. 1001/2024, P.S. Majestic/MG Road",2024-11-15 12:56:00,CYBER,CYBER incident reported in Central (Majestic/MG Road),Central (Majestic/MG Road),True,Central (Majestic/MG Road),12.964535450355957,77.58336501310656
"FIR No. 0516/2025, P.S. Malleswaram",2025-06-11 05:05:00,ROBBERY,ROBBERY incident reported in North (Malleswaram),North (Malleswaram),True,North (Malleswaram),12.999727180195809,77.57910083410084
"FIR No. 0180/2023, P.S. Malleswaram",2023-02-08 12:52:00,THEFT,THEFT incident reported in North (Malleswaram),North (Malleswaram),False,North (Malleswaram),13.003486292741496,77.58553265473888
"FIR No. 0050/2023, P.S. Malleswaram",2023-01-24 07:52:00,THEFT,THEFT incident reported in North (Malleswaram),North (Malleswaram),True,North (Malleswaram),13.001924308292116,77.56599588829643
"FIR No. 0653/2024, P.S. Whitefield",2024-07-03 03:43:00,CYBER,CYBER incident reported in IT Corridor (Whitefield),IT Corridor (Whitefield),True,IT Corridor (Whitefield),12.959839081699936,77.75638317295619
"FIR No. 0256/2026, P.S. Majestic/MG Road",2026-04-28 04:24:00,THEFT,THEFT incident reported in Central (Majestic/MG Road),Central (Majestic/MG Road),False,Central (Majestic/MG Road),12.989135013825829,77.53276680157241
"FIR No. 0185/2025, P.S. Indiranagar",2025-05-10 05:20:00,OTHER,OTHER incident reported in East (Indiranagar),East (Indiranagar),False,East (Indiranagar),12.986707384335118,77.6458727146794
"FIR No. 0220/2025, P.S. Majestic/MG Road",2025-02-14 07:16:00,OTHER,OTHER incident reported in Central (Majestic/MG Road),Central (Majestic/MG Road),False,Central (Majestic/MG Road),12.978810012893277,77.56939911494908
"FIR No. 1106/2025, P.S. Koramangala",2025-12-06 13:10:00,CYBER,CYBER incident reported in South East (Koramangala),South East (Koramangala),False,South East (Koramangala),12.900546165755248,77.60887401025461
"FIR No. 0066/2024, P.S. Whitefield",2024-09-06 08:44:00,CYBER,CYBER incident reported in IT Corridor (Whitefield),IT Corridor (Whitefield),False,IT Corridor (Whitefield),12.976190582882662,77.72471301767385
83804571/2026,2026-05-02 10:10:00,THEFT,THEFT incident reported in East (Indiranagar),East (Indiranagar),False,East (Indiranagar),12.97843784927776,77.63848051357868
"FIR No. 0131/2023, P.S. Koramangala",2023-04-03 06:41:00,CYBER,CYBER incident reported in South East (Koramangala),South East (Koramangala),True,South East (Koramangala),12.969697326870463,77.63235661449897
"FIR No. 0275/2023, P.S. Majestic/MG Road",2023-08-16 08:33:00,ASSAULT,ASSAULT incident reported in Central (Majestic/MG Road),Central (Majestic/MG Road),False,Central (Majestic/MG Road),12.971920695302291,77.57552480290785
"FIR No. 1213/2024, P.S. Indiranagar",2024-12-07 04:50:00,CYBER,CYBER incident reported in East (Indiranagar),East (Indiranagar),False,East (Indiranagar),12.97499132599098,77.6345222043136
89339196/2025,2025-10-20 15:23:00,BURGLARY,BURGLARY incident reported in North (Malleswaram),North (Malleswaram),False,North (Malleswaram),13.003252417159848,77.55206724331957
"FIR No. 0628/2024, P.S. Koramangala",2024-11-11 21:27:00,ROBBERY,ROBBERY incident reported in South East (Koramangala),South East (Koramangala),False,South East (Koramangala),12.945259115751892,77.63056602101403
"FIR No. 0687/2024, P.S. Indiranagar",2024-09-08 19:06:00,BURGLARY,BURGLARY incident reported in East (Indiranagar),East (Indiranagar),False,East (Indiranagar),13.000313345243114,77.63660975967238
"FIR No. 0203/2024, P.S. Indiranagar",2024-02-21 11:11:00,THEFT,THEFT incident reported in East (Indiranagar),East (Indiranagar),True,East (Indiranagar),13.001499610415683,77.64138309875983
"FIR No. 0164/2026, P.S. Jayanagar",2026-05-21 10:48:00,ASSAULT,ASSAULT incident reported in South (Jayanagar),South (Jayanagar),False,South (Jayanagar),12.923824383362067,77.59722779255269
"FIR No. 0175/2026, P.S. Indiranagar",2026-06-29 02:21:00,OTHER,OTHER incident reported in East (Indiranagar),East (Indiranagar),False,East (Indiranagar),12.976536116756376,77.63902550010648
"FIR No. 0109/2024, P.S. Koramangala",2024-09-15 19:04:00,ASSAULT,ASSAULT incident reported in South East (Koramangala),South East (Koramangala),False,South East (Koramangala),12.92071107243247,77.5933194520335
"FIR No. 0079/2023, P.S. Koramangala",2023-03-09 07:25:00,CYBER,CYBER incident reported in South East (Koramangala),South East (Koramangala),False,South East (Koramangala),12.956791123156084,77.63088692092796
"FIR No. 0243/2026, P.S. Koramangala",2026-04-11 17:09:00,THEFT,THEFT incident reported in South East (Koramangala),South East (Koramangala),False,South East (Koramangala),12.939897862385433,77.62279426776615
"FIR No. 0106/2024, P.S. Jayanagar",2024-04-11 20:43:00,ASSAULT,ASSAULT incident reported in South (Jayanagar),South (Jayanagar),True,South (Jayanagar),12.93386900072688,77.58477287676614
"FIR No. 0146/2024, P.S. Indiranagar",2024-04-23 17:41:00,THEFT,THEFT incident reported in East (Indiranagar),East (Indiranagar),False,East (Indiranagar),12.973262979491867,77.62894628490776
84123857/2023,2023-02-06 11:42:00,ASSAULT,ASSAULT incident reported in IT Corridor (Whitefield),IT Corridor (Whitefield),True,IT Corridor (Whitefield),12.968631950113233,77.76409882955902
87184983/2025,2025-09-19 13:47:00,CYBER,CYBER incident reported in East (Indiranagar),East (Indiranagar),False,East (Indiranagar),12.968135428157776,77.64100392120262
85503065/2024,2024-10-14 17:10:00,ASSAULT,ASSAULT incident reported in Central (Majestic/MG Road),Central (Majestic/MG Road),False,Central (Majestic/MG Road),12.956916695331367,77.57827360370185
88146284/2024,2024-06-04 18:20:00,ASSAULT,ASSAULT incident reported in South East (Koramangala),South East (Koramangala),True,South East (Koramangala),12.948245002737243,77.64746968020442
"FIR No. 0199/2023, P.S. Indiranagar",2023-05-17 05:35:00,OTHER,OTHER incident reported in East (Indiranagar),East (Indiranagar),False,East (Indiranagar),12.976879161176807,77.63886673060989
84859316/2023,2023-03-28 12:49:00,CYBER,CYBER incident reported in South East (Koramangala),South East (Koramangala),False,South East (Koramangala),12.907674747380277,77.61852576772706
"FIR No. 1006/2024, P.S. Jayanagar",2024-10-26 11:51:00,THEFT,THEFT incident reported in South (Jayanagar),South (Jayanagar),True,South (Jayanagar),12.9155034419124,77.60006631559098
"FIR No. 0036/2023, P.S. Koramangala",2023-04-06 20:12:00,CYBER,CYBER incident reported in South East (Koramangala),South East (Koramangala),False,South East (Koramangala),12.927323605351914,77.59971194035909
86441052/2023,2023-05-15 15:52:00,CYBER,CYBER incident reported in South (Jayanagar),South (Jayanagar),False,South (Jayanagar),12.920554668849906,77.58267646094167
"FIR No. 0145/2025, P.S. Whitefield",2025-03-08 05:30:00,ROBBERY,ROBBERY incident reported in IT Corridor (Whitefield),IT Corridor (Whitefield),True,IT Corridor (Whitefield),12.977297957139651,77.73831527470227
"FIR No. 0039/2025, P.S. Malleswaram",2025-04-24 09:59:00,ASSAULT,ASSAULT incident reported in North (Malleswaram),North (Malleswaram),False,North (Malleswaram),13.016544769624431,77.58925024441173
"FIR No. 0296/2024, P.S. Indiranagar",2024-06-01 18:34:00,CYBER,CYBER incident reported in East (Indiranagar),East (Indiranagar),False,East (Indiranagar),12.99292644555721,77.66155304945939
"FIR No. 0052/2025, P.S. Koramangala",2025-01-19 16:12:00,THEFT,THEFT incident reported in South East (Koramangala),South East (Koramangala),False,South East (Koramangala),12.943156843672371,77.63738125474586
"FIR No. 0018/2023, P.S. Indiranagar",2023-03-20 18:29:00,THEFT,THEFT incident reported in East (Indiranagar),East (Indiranagar),False,East (Indiranagar),12.962594081158468,77.6483085886574
"FIR No. 0043/2025, P.S. Indiranagar",2025-02-15 05:35:00,CYBER,CYBER incident reported in East (Indiranagar),East (Indiranagar),False,East (Indiranagar),12.97731358143546,77.64314930543291
"FIR No. 0683/2026, P.S. Malleswaram",2026-08-07 13:24:00,ASSAULT,ASSAULT incident reported in North (Malleswaram),North (Malleswaram),False,North (Malleswaram),12.997978490246368,77.58314038284647
83555328/2026,2026-04-17 13:22:00,BURGLARY,BURGLARY incident reported in IT Corridor (Whitefield),IT Corridor (Whitefield),False,IT Corridor (Whitefield),12.96657236074836,77.74199404142874
"FIR No. 0030/2023, P.S. Indiranagar",2023-07-12 09:38:00,ROBBERY,ROBBERY incident reported in East (Indiranagar),East (Indiranagar),False,East (Indiranagar),12.961654191610696,77.66365652149696
"FIR No. 0010/2023, P.S. Jayanagar",2023-01-05 02:16:00,THEFT,THEFT incident reported in South (Jayanagar),South (Jayanagar),True,South (Jayanagar),12.93768210400996,77.57020728228832
"FIR No. 0019/2023, P.S. Jayanagar",2023-01-11 16:01:00,THEFT,THEFT incident reported in South (Jayanagar),South (Jayanagar),False,South (Jayanagar),12.938732283931602,77.58895475437387
"FIR No. 0252/2025, P.S. Indiranagar",2025-06-20 02:38:00,THEFT,THEFT incident reported in East (Indiranagar),East (Indiranagar),False,East (Indiranagar),12.965892313965467,77.6208630220859
82262861/2023,2023-04-10 19:01:00,ROBBERY,ROBBERY incident reported in South East (Koramangala),South East (Koramangala),False,South East (Koramangala),12.933750999938548,77.60184996997171
"FIR No. 0011/2023, P.S. Majestic/MG Road",2023-04-07 23:21:00,CYBER,CYBER incident reported in Central (Majestic/MG Road),Central (Majestic/MG Road),False,Central (Majestic/MG Road),12.961760659074455,77.570871113268
"FIR No. 0069/2023, P.S. Koramangala",2023-05-07 12:25:00,CYBER,CYBER incident reported in South East (Koramangala),South East (Koramangala),False,South East (Koramangala),12.924570572469412,77.61299098163282
"FIR No. 0200/2025, P.S. Koramangala",2025-03-10 09:48:00,THEFT,THEFT incident reported in South East (Koramangala),South East (Koramangala),False,South East (Koramangala),12.925129029484738,77.6015750577639
"FIR No. 0151/2025, P.S. Whitefield",2025-11-23 02:53:00,THEFT,THEFT incident reported in IT Corridor (Whitefield),IT Corridor (Whitefield),False,IT Corridor (Whitefield),12.982309904402609,77.75861969890433
"FIR No. 0235/2023, P.S. Indiranagar",2023-09-09 07:33:00,CYBER,CYBER incident reported in East (Indiranagar),East (Indiranagar),False,East (Indiranagar),12.983065341033477,77.64279083640692
88381193/2025,2025-04-09 20:09:00,ASSAULT,ASSAULT incident reported in North (Malleswaram),North (Malleswaram),False,North (Malleswaram),12.990215527743782,77.56898030595974
"FIR No. 0354/2024, P.S. Malleswaram",2024-04-22 16:06:00,THEFT,THEFT incident reported in North (Malleswaram),North (Malleswaram),True,North (Malleswaram),12.983149169681996,77.58285693706503
85292625/2025,2025-01-16 14:41:00,THEFT,THEFT incident reported in East (Indiranagar),East (Indiranagar),False,East (Indiranagar),12.971080853340633,77.641011143171
"FIR No. 0309/2023, P.S. Jayanagar",2023-12-26 05:49:00,THEFT,THEFT incident reported in South (Jayanagar),South (Jayanagar),True,South (Jayanagar),12.925459904149283,77.57120986226775
"FIR No. 0023/2024, P.S. Malleswaram",2024-08-25 01:23:00,CYBER,CYBER incident reported in North (Malleswaram),North (Malleswaram),False,North (Malleswaram),13.004523985924465,77.56231554545337
"FIR No. 0259/2023, P.S. Indiranagar",2023-05-27 13:09:00,THEFT,THEFT incident reported in East (Indiranagar),East (Indiranagar),False,East (Indiranagar),12.976583640022394,77.64112778615487
"FIR No. 0187/2025, P.S. Koramangala",2025-10-28 00:01:00,THEFT,THEFT incident reported in South East (Koramangala),South East (Koramangala),False,South East (Koramangala),12.93956592818092,77.61673974156106
"FIR No. 0026/2024, P.S. Majestic/MG Road",2024-03-24 16:52:00,THEFT,THEFT incident reported in Central (Majestic/MG Road),Central (Majestic/MG Road),True,Central (Majestic/MG Road),12.964252601023668,77.58483881342748
"FIR No. 0762/2025, P.S. Koramangala",2025-10-17 22:53:00,THEFT,THEFT incident reported in South East (Koramangala),South East (Koramangala),True,South East (Koramangala),12.911977586981186,77.64411065564941
"FIR No. 0200/2025, P.S. Jayanagar",2025-08-22 14:20:00,THEFT,THEFT incident reported in South (Jayanagar),South (Jayanagar),False,South (Jayanagar),12.936507275045972,77.57375332380612
83882181/2023,2023-03-08 07:08:00,ASSAULT,ASSAULT incident reported in North (Malleswaram),North (Malleswaram),False,North (Malleswaram),13.041104356506594,77.58635477265732
"FIR No. 0508/2025, P.S. Whitefield",2025-10-10 08:59:00,CYBER,CYBER incident reported in IT Corridor (Whitefield),IT Corridor (Whitefield),False,IT Corridor (Whitefield),12.97403252928969,77.76016015429722
"FIR No. 0281/2024, P.S. Malleswaram",2024-11-23 16:12:00,ASSAULT,ASSAULT incident reported in North (Malleswaram),North (Malleswaram),False,North (Malleswaram),12.986891243599464,77.56565644048932
"FIR No. 0440/2025, P.S. Majestic/MG Road",2025-08-18 23:58:00,THEFT,THEFT incident reported in Central (Majestic/MG Road),Central (Majestic/MG Road),False,Central (Majestic/MG Road),12.94756117846231,77.56999594828733
"FIR No. 0327/2024, P.S. Indiranagar",2024-08-01 21:00:00,THEFT,THEFT incident reported in East (Indiranagar),East (Indiranagar),True,East (Indiranagar),12.974285215059174,77.62819380898344
88490963/2026,2026-07-21 05:15:00,THEFT,THEFT incident reported in East (Indiranagar),East (Indiranagar),False,East (Indiranagar),12.954414268040235,77.67285728315886
"FIR No. 0031/2023, P.S. Whitefield",2023-01-10 20:40:00,CYBER,CYBER incident reported in IT Corridor (Whitefield),IT Corridor (Whitefield),False,IT Corridor (Whitefield),12.98288897528086,77.76563444255667
"FIR No. 0131/2024, P.S. Malleswaram",2024-11-02 00:00:00,THEFT,THEFT incident reported in North (Malleswaram),North (Malleswaram),False,North (Malleswaram),13.004541210840287,77.55969533662149
"FIR No. 0095/2024, P.S. Koramangala",2024-03-19 02:55:00,ASSAULT,ASSAULT incident reported in South East (Koramangala),South East (Koramangala),True,South East (Koramangala),12.932133899169427,77.62869584612739
"FIR No. 0117/2024, P.S. Majestic/MG Road",2024-02-25 16:23:00,THEFT,THEFT incident reported in Central (Majestic/MG Road),Central (Majestic/MG Road),False,Central (Majestic/MG Road),12.988129819365914,77.60068116925726
"FIR No. 0045/2026, P.S. Whitefield",2026-05-21 04:06:00,CYBER,CYBER incident reported in IT Corridor (Whitefield),IT Corridor (Whitefield),False,IT Corridor (Whitefield),12.962818874671672,77.75012149603577
"FIR No. 0168/2024, P.S. Malleswaram",2024-11-25 03:44:00,ROBBERY,ROBBERY incident reported in North (Malleswaram),North (Malleswaram),False,North (Malleswaram),13.018694414136371,77.57992226535177
"FIR No. 0386/2024, P.S. Koramangala",2024-11-11 14:02:00,ASSAULT,ASSAULT incident reported in South East (Koramangala),South East (Koramangala),False,South East (Koramangala),12.91825286325922,77.60431342308662
85584597/2024,2024-09-16 20:29:00,THEFT,THEFT incident reported in Central (Majestic/MG Road),Central (Majestic/MG Road),False,Central (Majestic/MG Road),12.990685691456852,77.56528198608977
89556822/2023,2023-07-06 15:50:00,OTHER,OTHER incident reported in Central (Majestic/MG Road),Central (Majestic/MG Road),True,Central (Majestic/MG Road),13.00391352926304,77.57739295026286
"FIR No. 0229/2024, P.S. Koramangala",2024-09-26 23:00:00,CYBER,CYBER incident reported in South East (Koramangala),South East (Koramangala),False,South East (Koramangala),12.914749871787398,77.62267485117884
"FIR No. 0394/2024, P.S. Indiranagar",2024-09-22 21:43:00,CYBER,CYBER incident reported in East (Indiranagar),East (Indiranagar),False,East (Indiranagar),12.958480541716884,77.64360564435545
86500332/2025,2025-11-03 16:21:00,THEFT,THEFT incident reported in Central (Majestic/MG Road),Central (Majestic/MG Road),True,Central (Majestic/MG Road),12.986166276394083,77.57958411140662
"FIR No. 0665/2025, P.S. Jayanagar",2025-09-21 08:56:00,THEFT,THEFT incident reported in South (Jayanagar),South (Jayanagar),False,South (Jayanagar),12.92463674194693,77.6074405534182
"FIR No. 1000/2025, P.S. Jayanagar",2025-09-10 09:18:00,THEFT,THEFT incident reported in South (Jayanagar),South (Jayanagar),True,South (Jayanagar),12.929673390831276,77.57618907039137
"FIR No. 0063/2023, P.S. Jayanagar",2023-01-13 18:50:00,BURGLARY,BURGLARY incident reported in South (Jayanagar),South (Jayanagar),False,South (Jayanagar),12.91850130679156,77.59983392303879
"FIR No. 0557/2024, P.S. Jayanagar",2024-10-22 08:13:00,BURGLARY,BURGLARY incident reported in South (Jayanagar),South (Jayanagar),True,South (Jayanagar),12.942322647606556,77.60173911697038
82139001/2025,2025-09-28 20:18:00,THEFT,THEFT incident reported in South (Jayanagar),South (Jayanagar),False,South (Jayanagar),12.915079989487683,77.58181450024142
"FIR No. 0543/2023, P.S. Koramangala",2023-08-15 08:49:00,THEFT,THEFT incident reported in South East (Koramangala),South East (Koramangala),False,South East (Koramangala),12.93995345350331,77.61259334921482
"FIR No. 0138/2024, P.S. Whitefield",2024-07-17 05:15:00,THEFT,THEFT incident reported in IT Corridor (Whitefield),IT Corridor (Whitefield),True,IT Corridor (Whitefield),12.96174891574326,77.78245768666817
"FIR No. 0206/2024, P.S. Whitefield",2024-04-28 18:36:00,THEFT,THEFT incident reported in IT Corridor (Whitefield),IT Corridor (Whitefield),False,IT Corridor (Whitefield),12.951383460351312,77.75714318130379
"FIR No. 0063/2024, P.S. Majestic/MG Road",2024-01-03 00:47:00,THEFT,THEFT incident reported in Central (Majestic/MG Road),Central (Majestic/MG Road),False,Central (Majestic/MG Road),12.992094298555042,77.57762483654562
88697505/2023,2023-07-08 17:37:00,THEFT,THEFT incident reported in South (Jayanagar),South (Jayanagar),True,South (Jayanagar),12.934189019984014,77.55609852959654
82597686/2024,2024-05-19 08:56:00,THEFT,THEFT incident reported in South (Jayanagar),South (Jayanagar),True,South (Jayanagar),12.91067476021882,77.60634359051369
"FIR No. 0606/2023, P.S. Malleswaram",2023-08-22 18:39:00,CYBER,CYBER incident reported in North (Malleswaram),North (Malleswaram),False,North (Malleswaram),12.996110715118254,77.55486427760147
"FIR No. 0114/2025, P.S. Whitefield",2025-08-31 14:05:00,CYBER,CYBER incident reported in IT Corridor (Whitefield),IT Corridor (Whitefield),False,IT Corridor (Whitefield),12.956572531824062,77.73518651570666
"FIR No. 0110/2025, P.S. Jayanagar",2025-02-13 12:01:00,ROBBERY,ROBBERY incident reported in South (Jayanagar),South (Jayanagar),False,South (Jayanagar),12.915370453236823,77.57100234185016
88139597/2024,2024-11-13 19:41:00,ASSAULT,ASSAULT incident reported in South East (Koramangala),South East (Koramangala),True,South East (Koramangala),12.919296411412128,77.62652210282529
"FIR No. 0451/2025, P.S. Koramangala",2025-07-29 06:20:00,CYBER,CYBER incident reported in South East (Koramangala),South East (Koramangala),False,South East (Koramangala),12.941154435797074,77.64985408366462
"FIR No. 0132/2024, P.S. Majestic/MG Road",2024-02-05 17:07:00,THEFT,THEFT incident reported in Central (Majestic/MG Road),Central (Majestic/MG Road),False,Central (Majestic/MG Road),12.992708713147309,77.55569696977092
89193134/2023,2023-03-16 12:02:00,THEFT,THEFT incident reported in South (Jayanagar),South (Jayanagar),False,South (Jayanagar),12.921142881686595,77.58378550549389
"FIR No. 0088/2023, P.S. Jayanagar",2023-02-01 00:23:00,THEFT,THEFT incident reported in South (Jayanagar),South (Jayanagar),False,South (Jayanagar),12.938692600724314,77.57623097994448
"FIR No. 0016/2024, P.S. Koramangala",2024-01-08 11:59:00,THEFT,THEFT incident reported in South East (Koramangala),South East (Koramangala),False,South East (Koramangala),12.91368217129383,77.57553349503898
"FIR No. 0014/2026, P.S. Indiranagar",2026-04-08 00:27:00,ASSAULT,ASSAULT incident reported in East (Indiranagar),East (Indiranagar),False,East (Indiranagar),13.013379912105522,77.64790905531348
82216459/2024,2024-06-13 12:50:00,CYBER,CYBER incident reported in South (Jayanagar),South (Jayanagar),False,South (Jayanagar),12.925511520387678,77.59714110658958
"FIR No. 0105/2025, P.S. Koramangala",2025-02-01 07:27:00,THEFT,THEFT incident reported in South East (Koramangala),South East (Koramangala),False,South East (Koramangala),12.941352824802642,77.63972277615677
"FIR No. 0179/2026, P.S. Majestic/MG Road",2026-03-08 03:28:00,ASSAULT,ASSAULT incident reported in Central (Majestic/MG Road),Central (Majestic/MG Road),False,Central (Majestic/MG Road),12.965294890144728,77.57954634616317
"FIR No. 0076/2023, P.S. Whitefield",2023-01-13 14:54:00,THEFT,THEFT incident reported in IT Corridor (Whitefield),IT Corridor (Whitefield),False,IT Corridor (Whitefield),12.948604755663617,77.74547054310041
"FIR No. 1291/2025, P.S. Jayanagar",2025-12-21 12:50:00,THEFT,THEFT incident reported in South (Jayanagar),South (Jayanagar),True,South (Jayanagar),12.93049259510678,77.57267279368618
"FIR No. 0672/2025, P.S. Whitefield",2025-12-27 21:24:00,THEFT,THEFT incident reported in IT Corridor (Whitefield),IT Corridor (Whitefield),False,IT Corridor (Whitefield),12.966530895198844,77.7272867249472
"FIR No. 0080/2024, P.S. Jayanagar",2024-06-24 06:09:00,THEFT,THEFT incident reported in South (Jayanagar),South (Jayanagar),False,South (Jayanagar),12.936157955720647,77.57743473992237
"FIR No. 0219/2026, P.S. Koramangala",2026-07-10 21:27:00,THEFT,THEFT incident reported in South East (Koramangala),South East (Koramangala),False,South East (Koramangala),12.94187042702273,77.6479410267347
"FIR No. 0370/2024, P.S. Koramangala",2024-05-22 18:13:00,THEFT,THEFT incident reported in South East (Koramangala),South East (Koramangala),False,South East (Koramangala),12.961264846388604,77.59897924549081
"FIR No. 0209/2025, P.S. Majestic/MG Road",2025-04-26 20:03:00,ASSAULT,ASSAULT incident reported in Central (Majestic/MG Road),Central (Majestic/MG Road),True,Central (Majestic/MG Road),12.984981597871547,77.60071155788708
"FIR No. 0031/2023, P.S. Koramangala",2023-01-14 15:35:00,CYBER,CYBER incident reported in South East (Koramangala),South East (Koramangala),False,South East (Koramangala),12.92106286151787,77.61281453286492
"FIR No. 0002/2026, P.S. Indiranagar",2026-01-22 04:15:00,THEFT,THEFT incident reported in East (Indiranagar),East (Indiranagar),False,East (Indiranagar),12.994555885821512,77.65266188756189
"FIR No. 0267/2024, P.S. Koramangala",2024-04-16 22:47:00,BURGLARY,BURGLARY incident reported in South East (Koramangala),South East (Koramangala),False,South East (Koramangala),12.959179178306028,77.62414062767635
"FIR No. 0243/2026, P.S. Majestic/MG Road",2026-05-21 13:19:00,ROBBERY,ROBBERY incident reported in Central (Majestic/MG Road),Central (Majestic/MG Road),False,Central (Majestic/MG Road),12.979301189930538,77.56639220635786
84169287/2023,2023-02-19 10:01:00,OTHER,OTHER incident reported in North (Malleswaram),North (Malleswaram),True,North (Malleswaram),13.01085969904308,77.54470513688788
"FIR No. 0226/2024, P.S. Majestic/MG Road",2024-04-29 13:45:00,ASSAULT,ASSAULT incident reported in Central (Majestic/MG Road),Central (Majestic/MG Road),False,Central (Majestic/MG Road),12.9775683400484,77.56143527562514
"FIR No. 0069/2025, P.S. Indiranagar",2025-01-29 19:02:00,CYBER,CYBER incident reported in East (Indiranagar),East (Indiranagar),True,East (Indiranagar),12.976232923215017,77.63731806551831
"FIR No. 0379/2024, P.S. Indiranagar",2024-10-15 14:52:00,THEFT,THEFT incident reported in East (Indiranagar),East (Indiranagar),False,East (Indiranagar),12.991662327740295,77.63541311108155
84949747/2023,2023-09-11 08:47:00,CYBER,CYBER incident reported in South East (Koramangala),South East (Koramangala),False,South East (Koramangala),12.94368905351795,77.59551003499138
"FIR No. 0090/2026, P.S. Whitefield",2026-03-21 15:12:00,CYBER,CYBER incident reported in IT Corridor (Whitefield),IT Corridor (Whitefield),False,IT Corridor (Whitefield),12.95957896425166,77.74965397664715
"FIR No. 0830/2025, P.S. Majestic/MG Road",2025-12-18 08:08:00,ASSAULT,ASSAULT incident reported in Central (Majestic/MG Road),Central (Majestic/MG Road),True,Central (Majestic/MG Road),12.970336309613916,77.56497260443918
"FIR No. 0079/2025, P.S. Koramangala",2025-12-12 19:53:00,CYBER,CYBER incident reported in South East (Koramangala),South East (Koramangala),True,South East (Koramangala),12.933797577283627,77.60803254121606
"FIR No. 0060/2025, P.S. Koramangala",2025-05-21 13:38:00,THEFT,THEFT incident reported in South East (Koramangala),South East (Koramangala),True,South East (Koramangala),12.932867475282976,77.61149700947873
"FIR No. 0041/2023, P.S. Majestic/MG Road",2023-01-02 08:32:00,ASSAULT,ASSAULT incident reported in Central (Majestic/MG Road),Central (Majestic/MG Road),True,Central (Majestic/MG Road),12.959627595866811,77.55451332933097
"FIR No. 0585/2024, P.S. Koramangala",2024-12-16 09:32:00,THEFT,THEFT incident reported in South East (Koramangala),South East (Koramangala),False,South East (Koramangala),12.922811782937034,77.60126349369543
81391028/2023,2023-04-13 17:52:00,ASSAULT,ASSAULT incident reported in South East (Koramangala),South East (Koramangala),False,South East (Koramangala),12.94819831558857,77.62382192327237
"FIR No. 0186/2026, P.S. Koramangala",2026-06-10 21:50:00,THEFT,THEFT incident reported in South East (Koramangala),South East (Koramangala),False,South East (Koramangala),12.938646314895212,77.6382364764981
85948087/2023,2023-01-06 12:34:00,CYBER,CYBER incident reported in Central (Majestic/MG Road),Central (Majestic/MG Road),True,Central (Majestic/MG Road),12.964096904419428,77.57427244905658
"FIR No. 0033/2024, P.S. Majestic/MG Road",2024-05-19 03:04:00,CYBER,CYBER incident reported in Central (Majestic/MG Road),Central (Majestic/MG Road),False,Central (Majestic/MG Road),12.989801176549069,77.56806178910469
"FIR No. 0225/2024, P.S. Jayanagar",2024-04-12 21:06:00,ROBBERY,ROBBERY incident reported in South (Jayanagar),South (Jayanagar),False,South (Jayanagar),12.936629178702114,77.57955954512347
"FIR No. 0081/2026, P.S. Koramangala",2026-03-09 03:03:00,THEFT,THEFT incident reported in South East (Koramangala),South East (Koramangala),False,South East (Koramangala),12.934271436542724,77.64509835356918
80278671/2025,2025-04-14 04:16:00,ASSAULT,ASSAULT incident reported in South (Jayanagar),South (Jayanagar),False,South (Jayanagar),12.924958474837808,77.56656379349074
"FIR No. 0510/2025, P.S. Majestic/MG Road",2025-12-28 09:36:00,OTHER,OTHER incident reported in Central (Majestic/MG Road),Central (Majestic/MG Road),False,Central (Majestic/MG Road),12.970428262400691,77.57700494309364
"FIR No. 0485/2023, P.S. Majestic/MG Road",2023-07-23 17:38:00,ROBBERY,ROBBERY incident reported in Central (Majestic/MG Road),Central (Majestic/MG Road),False,Central (Majestic/MG Road),12.99000320876858,77.56761770348503
82164482/2023,2023-04-05 22:52:00,THEFT,THEFT incident reported in South (Jayanagar),South (Jayanagar),True,South (Jayanagar),12.966278688522507,77.56850689422262
"FIR No. 0116/2025, P.S. Indiranagar",2025-11-16 14:06:00,THEFT,THEFT incident reported in East (Indiranagar),East (Indiranagar),False,East (Indiranagar),12.960405579020891,77.6624769859302
"FIR No. 0017/2023, P.S. Indiranagar",2023-01-14 20:15:00,THEFT,THEFT incident reported in East (Indiranagar),East (Indiranagar),False,East (Indiranagar),12.986580038119248,77.64291449232596
"FIR No. 0208/2024, P.S. Koramangala",2024-03-07 12:29:00,THEFT,THEFT incident reported in South East (Koramangala),South East (Koramangala),False,South East (Koramangala),12.9164578560513,77.61702681732949
88011136/2024,2024-08-19 00:11:00,CYBER,CYBER incident reported in South East (Koramangala),South East (Koramangala),False,South East (Koramangala),12.94039599868927,77.60620971168977
"FIR No. 0202/2023, P.S. Majestic/MG Road",2023-03-09 10:26:00,ROBBERY,ROBBERY incident reported in Central (Majestic/MG Road),Central (Majestic/MG Road),False,Central (Majestic/MG Road),12.983770513577264,77.56203594213683
"FIR No. 0054/2024, P.S. Jayanagar",2024-08-05 10:43:00,CYBER,CYBER incident reported in South (Jayanagar),South (Jayanagar),False,South (Jayanagar),12.936318654241342,77.57110415541963
"FIR No. 0374/2025, P.S. Koramangala",2025-12-16 03:26:00,OTHER,OTHER incident reported in South East (Koramangala),South East (Koramangala),False,South East (Koramangala),12.908334378309084,77.62646975266887
"FIR No. 0043/2023, P.S. Koramangala",2023-02-08 05:35:00,CYBER,CYBER incident reported in South East (Koramangala),South East (Koramangala),False,South East (Koramangala),12.969760000542044,77.63072380534733
83700159/2024,2024-11-16 05:52:00,THEFT,THEFT incident reported in South East (Koramangala),South East (Koramangala),True,South East (Koramangala),12.943475056535265,77.61478422263212
"FIR No. 0068/2026, P.S. Koramangala",2026-01-02 19:06:00,CYBER,CYBER incident reported in South East (Koramangala),South East (Koramangala),False,South East (Koramangala),12.962226348377134,77.62618042567433
89855602/2024,2024-06-09 07:46:00,THEFT,THEFT incident reported in Central (Majestic/MG Road),Central (Majestic/MG Road),True,Central (Majestic/MG Road),12.96751407323656,77.58435472548598
"FIR No. 0096/2024, P.S. Whitefield",2024-01-23 11:10:00,BURGLARY,BURGLARY incident reported in IT Corridor (Whitefield),IT Corridor (Whitefield),False,IT Corridor (Whitefield),12.988873417525689,77.73795495687254
"FIR No. 0169/2026, P.S. Malleswaram",2026-08-15 17:00:00,THEFT,THEFT incident reported in North (Malleswaram),North (Malleswaram),False,North (Malleswaram),12.9902105851687,77.53924218795689
"FIR No. 0573/2025, P.S. Indiranagar",2025-06-16 08:34:00,THEFT,THEFT incident reported in East (Indiranagar),East (Indiranagar),True,East (Indiranagar),12.967614395900227,77.6460908365936
"FIR No. 0152/2023, P.S. Majestic/MG Road",2023-03-21 05:31:00,CYBER,CYBER incident reported in Central (Majestic/MG Road),Central (Majestic/MG Road),False,Central (Majestic/MG Road),12.977271393541065,77.61513470797546
80205453/2025,2025-01-09 19:30:00,OTHER,OTHER incident reported in South East (Koramangala),South East (Koramangala),True,South East (Koramangala),12.950412373183848,77.63529494509864
"FIR No. 0052/2026, P.S. Majestic/MG Road",2026-05-19 01:53:00,CYBER,CYBER incident reported in Central (Majestic/MG Road),Central (Majestic/MG Road),False,Central (Majestic/MG Road),12.95761536609496,77.59975307935234
"FIR No. 0031/2026, P.S. Malleswaram",2026-01-18 23:03:00,THEFT,THEFT incident reported in North (Malleswaram),North (Malleswaram),True,North (Malleswaram),13.009477129709,77.55733127959498
"FIR No. 0070/2025, P.S. Majestic/MG Road",2025-01-06 18:46:00,THEFT,THEFT incident reported in Central (Majestic/MG Road),Central (Majestic/MG Road),True,Central (Majestic/MG Road),12.988542240599678,77.56795874466638
"FIR No. 0117/2025, P.S. Koramangala",2025-02-04 20:38:00,CYBER,CYBER incident reported in South East (Koramangala),South East (Koramangala),False,South East (Koramangala),12.944619073340354,77.64304104983621
"FIR No. 0048/2026, P.S. Indiranagar",2026-02-22 05:56:00,CYBER,CYBER incident reported in East (Indiranagar),East (Indiranagar),False,East (Indiranagar),12.988236744935858,77.6446709331329
"FIR No. 0005/2024, P.S. Jayanagar",2024-01-12 07:51:00,THEFT,THEFT incident reported in South (Jayanagar),South (Jayanagar),False,South (Jayanagar),12.966462205514569,77.58801412259204
"FIR No. 0231/2025, P.S. Koramangala",2025-12-06 13:18:00,OTHER,OTHER incident reported in South East (Koramangala),South East (Koramangala),False,South East (Koramangala),12.913273759944977,77.63846599782731
"FIR No. 1010/2025, P.S. Jayanagar",2025-11-06 16:25:00,BURGLARY,BURGLARY incident reported in South (Jayanagar),South (Jayanagar),False,South (Jayanagar),12.938212365522377,77.57346776370227
"FIR No. 0213/2025, P.S. Jayanagar",2025-06-22 13:54:00,ASSAULT,ASSAULT incident reported in South (Jayanagar),South (Jayanagar),False,South (Jayanagar),12.907005661122462,77.5877500411056
"FIR No. 0102/2024, P.S. Koramangala",2024-01-03 10:43:00,THEFT,THEFT incident reported in South East (Koramangala),South East (Koramangala),True,South East (Koramangala),12.891059716628478,77.59858806259139
85577059/2024,2024-04-30 04:51:00,CYBER,CYBER incident reported in East (Indiranagar),East (Indiranagar),True,East (Indiranagar),12.986678285068582,77.6465189628397
"FIR No. 0781/2024, P.S. Malleswaram",2024-11-18 14:29:00,CYBER,CYBER incident reported in North (Malleswaram),North (Malleswaram),True,North (Malleswaram),12.98269865689382,77.5666946061468
"FIR No. 0060/2023, P.S. Indiranagar",2023-12-19 16:34:00,THEFT,THEFT incident reported in East (Indiranagar),East (Indiranagar),False,East (Indiranagar),13.003333657041242,77.67089420025208
"FIR No. 0648/2025, P.S. Indiranagar",2025-08-18 00:56:00,THEFT,THEFT incident reported in East (Indiranagar),East (Indiranagar),False,East (Indiranagar),12.940266908517128,77.63996050638812
"FIR No. 0223/2024, P.S. Majestic/MG Road",2024-03-12 06:34:00,THEFT,THEFT incident reported in Central (Majestic/MG Road),Central (Majestic/MG Road),False,Central (Majestic/MG Road),12.982621498242905,77.58380112488736
"FIR No. 0390/2024, P.S. Whitefield",2024-07-19 23:49:00,ASSAULT,ASSAULT incident reported in IT Corridor (Whitefield),IT Corridor (Whitefield),False,IT Corridor (Whitefield),12.98447576217792,77.74103129180105
"FIR No. 0497/2023, P.S. Majestic/MG Road",2023-08-12 21:43:00,THEFT,THEFT incident reported in Central (Majestic/MG Road),Central (Majestic/MG Road),True,Central (Majestic/MG Road),12.992122156423171,77.55553525041573
81323610/2026,2026-04-26 13:23:00,THEFT,THEFT incident reported in South East (Koramangala),South East (Koramangala),False,South East (Koramangala),12.937704201852563,77.6237291373622
84345074/2025,2025-05-12 02:52:00,CYBER,CYBER incident reported in South (Jayanagar),South (Jayanagar),False,South (Jayanagar),12.93167665445442,77.59352155342461
84861185/2025,2025-03-13 05:03:00,ROBBERY,ROBBERY incident reported in South (Jayanagar),South (Jayanagar),False,South (Jayanagar),12.941325872357384,77.59137359519416
"FIR No. 0554/2023, P.S. Koramangala",2023-09-23 19:33:00,THEFT,THEFT incident reported in South East (Koramangala),South East (Koramangala),True,South East (Koramangala),12.913641526938504,77.6191930545217
87826695/2025,2025-06-10 04:28:00,OTHER,OTHER incident reported in South (Jayanagar),South (Jayanagar),False,South (Jayanagar),12.919317043136642,77.59158413837591
"FIR No. 0340/2023, P.S. Koramangala",2023-04-24 09:48:00,BURGLARY,BURGLARY incident reported in South East (Koramangala),South East (Koramangala),True,South East (Koramangala),12.932249115930423,77.63641502148181
82502403/2026,2026-05-13 01:13:00,ASSAULT,ASSAULT incident reported in North (Malleswaram),North (Malleswaram),True,North (Malleswaram),13.001397690059884,77.57418747582123
"FIR No. 0906/2023, P.S. Majestic/MG Road",2023-09-29 22:20:00,THEFT,THEFT incident reported in Central (Majestic/MG Road),Central (Majestic/MG Road),False,Central (Majestic/MG Road),12.974516163908588,77.57677810967458
83845899/2025,2025-07-12 10:48:00,THEFT,THEFT incident reported in Central (Majestic/MG Road),Central (Majestic/MG Road),False,Central (Majestic/MG Road),12.976098261214709,77.58345427871612
"FIR No. 0090/2023, P.S. Malleswaram",2023-07-22 17:36:00,ASSAULT,ASSAULT incident reported in North (Malleswaram),North (Malleswaram),False,North (Malleswaram),13.026565463136931,77.56414165386047
"FIR No. 0149/2023, P.S. Koramangala",2023-08-30 11:59:00,ASSAULT,ASSAULT incident reported in South East (Koramangala),South East (Koramangala),False,South East (Koramangala),12.947425852683844,77.58107374006485
"FIR No. 0645/2023, P.S. Majestic/MG Road",2023-11-13 21:22:00,CYBER,CYBER incident reported in Central (Majestic/MG Road),Central (Majestic/MG Road),False,Central (Majestic/MG Road),12.970384291711602,77.57268047454721
"FIR No. 0217/2024, P.S. Majestic/MG Road",2024-03-09 06:50:00,CYBER,CYBER incident reported in Central (Majestic/MG Road),Central (Majestic/MG Road),True,Central (Majestic/MG Road),12.977610510279774,77.54281704153802
"FIR No. 1009/2023, P.S. Indiranagar",2023-12-21 23:47:00,THEFT,THEFT incident reported in East (Indiranagar),East (Indiranagar),False,East (Indiranagar),12.971974285546157,77.6537391766571
"FIR No. 0454/2024, P.S. Whitefield",2024-10-02 09:13:00,CYBER,CYBER incident reported in IT Corridor (Whitefield),IT Corridor (Whitefield),False,IT Corridor (Whitefield),12.995893708710462,77.7627913759282
"FIR No. 0317/2026, P.S. Indiranagar",2026-05-17 08:02:00,THEFT,THEFT incident reported in East (Indiranagar),East (Indiranagar),False,East (Indiranagar),12.980762903530266,77.66416285356966
"FIR No. 0280/2023, P.S. Whitefield",2023-07-08 18:43:00,THEFT,THEFT incident reported in IT Corridor (Whitefield),IT Corridor (Whitefield),True,IT Corridor (Whitefield),12.98420102076943,77.74555611462904
"FIR No. 0065/2023, P.S. Koramangala",2023-02-14 00:10:00,OTHER,OTHER incident reported in South East (Koramangala),South East (Koramangala),True,South East (Koramangala),12.919145146091704,77.61439044113473
"FIR No. 0304/2023, P.S. Majestic/MG Road",2023-04-15 21:19:00,ASSAULT,ASSAULT incident reported in Central (Majestic/MG Road),Central (Majestic/MG Road),False,Central (Majestic/MG Road),12.98581641056001,77.5646514298662
"FIR No. 0053/2024, P.S. Koramangala",2024-08-01 17:14:00,THEFT,THEFT incident reported in South East (Koramangala),South East (Koramangala),True,South East (Koramangala),12.939418482846278,77.640647046089
"FIR No. 0515/2025, P.S. Majestic/MG Road",2025-06-26 16:11:00,THEFT,THEFT incident reported in Central (Majestic/MG Road),Central (Majestic/MG Road),True,Central (Majestic/MG Road),12.986288049282214,77.5680463254248
"FIR No. 0101/2025, P.S. Jayanagar",2025-01-24 22:17:00,ASSAULT,ASSAULT incident reported in South (Jayanagar),South (Jayanagar),False,South (Jayanagar),12.93946502498763,77.5822732435591
"FIR No. 0011/2025, P.S. Koramangala",2025-01-30 06:16:00,ROBBERY,ROBBERY incident reported in South East (Koramangala),South East (Koramangala),False,South East (Koramangala),12.930282576350455,77.61403594652914
86663561/2025,2025-12-05 07:36:00,ASSAULT,ASSAULT incident reported in South East (Koramangala),South East (Koramangala),False,South East (Koramangala),12.94467852439344,77.63766669267046
"FIR No. 0587/2025, P.S. Koramangala",2025-12-24 15:40:00,THEFT,THEFT incident reported in South East (Koramangala),South East (Koramangala),False,South East (Koramangala),12.933143817037786,77.60888029301853
"FIR No. 0737/2024, P.S. Indiranagar",2024-11-05 07:54:00,ROBBERY,ROBBERY incident reported in East (Indiranagar),East (Indiranagar),False,East (Indiranagar),12.96335856384078,77.63639281904834
"FIR No. 1153/2024, P.S. Indiranagar",2024-12-07 15:25:00,CYBER,CYBER incident reported in East (Indiranagar),East (Indiranagar),False,East (Indiranagar),12.97515557578913,77.65214406065807
83381267/2025,2025-02-21 15:27:00,THEFT,THEFT incident reported in South (Jayanagar),South (Jayanagar),False,South (Jayanagar),12.9300489286166,77.59245402907301
89270610/2024,2024-07-29 12:33:00,CYBER,CYBER incident reported in Central (Majestic/MG Road),Central (Majestic/MG Road),False,Central (Majestic/MG Road),12.966756516276112,77.56129533739009
"FIR No. 0602/2023, P.S. Koramangala",2023-12-15 07:12:00,THEFT,THEFT incident reported in South East (Koramangala),South East (Koramangala),False,South East (Koramangala),12.910551801975728,77.61913672477634
83829135/2025,2025-12-30 19:19:00,OTHER,OTHER incident reported in Central (Majestic/MG Road),Central (Majestic/MG Road),False,Central (Majestic/MG Road),12.977613388531594,77.55238935143161
"FIR No. 0301/2025, P.S. Majestic/MG Road",2025-09-12 23:12:00,OTHER,OTHER incident reported in Central (Majestic/MG Road),Central (Majestic/MG Road),False,Central (Majestic/MG Road),12.963636471944412,77.54652847795126
"FIR No. 0241/2025, P.S. Koramangala",2025-05-26 04:43:00,THEFT,THEFT incident reported in South East (Koramangala),South East (Koramangala),False,South East (Koramangala),12.93978197827456,77.63701273312691
"FIR No. 1009/2023, P.S. Malleswaram",2023-11-17 08:47:00,OTHER,OTHER incident reported in North (Malleswaram),North (Malleswaram),True,North (Malleswaram),13.019332536454044,77.5591274660131
"FIR No. 0785/2023, P.S. Majestic/MG Road",2023-12-15 20:46:00,ASSAULT,ASSAULT incident reported in Central (Majestic/MG Road),Central (Majestic/MG Road),False,Central (Majestic/MG Road),12.990694592400205,77.57702298854345
"FIR No. 0040/2026, P.S. Indiranagar",2026-01-19 18:26:00,ASSAULT,ASSAULT incident reported in East (Indiranagar),East (Indiranagar),False,East (Indiranagar),12.964719370230949,77.64255358420144
"FIR No. 0231/2025, P.S. Indiranagar",2025-07-29 10:46:00,ASSAULT,ASSAULT incident reported in East (Indiranagar),East (Indiranagar),False,East (Indiranagar),13.000113343801663,77.64398641164023
"FIR No. 0042/2025, P.S. Whitefield",2025-01-09 09:44:00,THEFT,THEFT incident reported in IT Corridor (Whitefield),IT Corridor (Whitefield),False,IT Corridor (Whitefield),12.944865502258295,77.73434395743222
"FIR No. 0018/2024, P.S. Majestic/MG Road",2024-01-23 07:46:00,THEFT,THEFT incident reported in Central (Majestic/MG Road),Central (Majestic/MG Road),False,Central (Majestic/MG Road),12.994586308837375,77.57228107147107
87832197/2024,2024-09-08 16:50:00,THEFT,THEFT incident reported in South (Jayanagar),South (Jayanagar),False,South (Jayanagar),12.92541653162256,77.57228906126245
"FIR No. 0204/2026, P.S. Jayanagar",2026-03-02 08:34:00,CYBER,CYBER incident reported in South (Jayanagar),South (Jayanagar),True,South (Jayanagar),12.94697863581012,77.55034839944996
"FIR No. 0075/2024, P.S. Majestic/MG Road",2024-02-09 16:44:00,CYBER,CYBER incident reported in Central (Majestic/MG Road),Central (Majestic/MG Road),False,Central (Majestic/MG Road),12.977935735599988,77.56086958167182
84665911/2023,2023-04-03 19:26:00,CYBER,CYBER incident reported in North (Malleswaram),North (Malleswaram),False,North (Malleswaram),13.00334163020242,77.56120285047571
"FIR No. 0220/2024, P.S. Whitefield",2024-03-17 11:42:00,THEFT,THEFT incident reported in IT Corridor (Whitefield),IT Corridor (Whitefield),False,IT Corridor (Whitefield),12.982938685068737,77.7419051171267
"FIR No. 0112/2024, P.S. Malleswaram",2024-10-24 09:28:00,CYBER,CYBER incident reported in North (Malleswaram),North (Malleswaram),False,North (Malleswaram),13.001124052853058,77.57130181576052
"FIR No. 0006/2024, P.S. Koramangala",2024-04-09 20:45:00,THEFT,THEFT incident reported in South East (Koramangala),South East (Koramangala),False,South East (Koramangala),12.968777814549744,77.6011479010037
"FIR No. 0444/2024, P.S. Whitefield",2024-06-27 19:40:00,THEFT,THEFT incident reported in IT Corridor (Whitefield),IT Corridor (Whitefield),False,IT Corridor (Whitefield),12.97616860708831,77.75859675063798
81204879/2024,2024-09-02 00:20:00,BURGLARY,BURGLARY incident reported in South East (Koramangala),South East (Koramangala),True,South East (Koramangala),12.958606915941552,77.64897765137175
"FIR No. 0321/2025, P.S. Koramangala",2025-07-16 12:22:00,ROBBERY,ROBBERY incident reported in South East (Koramangala),South East (Koramangala),False,South East (Koramangala),12.942158676650834,77.63279871042205
"FIR No. 0353/2025, P.S. Koramangala",2025-04-19 17:05:00,ASSAULT,ASSAULT incident reported in South East (Koramangala),South East (Koramangala),True,South East (Koramangala),12.932157433797338,77.64710153826516
"FIR No. 0033/2023, P.S. Majestic/MG Road",2023-01-04 19:38:00,ASSAULT,ASSAULT incident reported in Central (Majestic/MG Road),Central (Majestic/MG Road),False,Central (Majestic/MG Road),12.97665657412812,77.57897340888644
"FIR No. 0288/2025, P.S. Koramangala",2025-05-14 19:12:00,THEFT,THEFT incident reported in South East (Koramangala),South East (Koramangala),False,South East (Koramangala),12.904979394959216,77.63490431392768
"FIR No. 0275/2024, P.S. Indiranagar",2024-07-26 21:20:00,ROBBERY,ROBBERY incident reported in East (Indiranagar),East (Indiranagar),False,East (Indiranagar),12.96911143134433,77.62454768133982
88875731/2025,2025-07-16 20:28:00,BURGLARY,BURGLARY incident reported in Central (Majestic/MG Road),Central (Majestic/MG Road),False,Central (Majestic/MG Road),12.962514522141772,77.59096862782341
"FIR No. 0057/2024, P.S. Whitefield",2024-02-23 07:25:00,ASSAULT,ASSAULT incident reported in IT Corridor (Whitefield),IT Corridor (Whitefield),False,IT Corridor (Whitefield),12.96008277947522,77.7358156954278
"FIR No. 0460/2024, P.S. Malleswaram",2024-11-15 23:31:00,THEFT,THEFT incident reported in North (Malleswaram),North (Malleswaram),True,North (Malleswaram),12.99054049229081,77.57799015438005
"FIR No. 0037/2026, P.S. Majestic/MG Road",2026-02-05 03:43:00,ROBBERY,ROBBERY incident reported in Central (Majestic/MG Road),Central (Majestic/MG Road),True,Central (Majestic/MG Road),12.987946942928511,77.58394170504555
"FIR No. 0147/2023, P.S. Whitefield",2023-03-16 08:02:00,THEFT,THEFT incident reported in IT Corridor (Whitefield),IT Corridor (Whitefield),False,IT Corridor (Whitefield),12.97868790098182,77.73492709169672
"FIR No. 0192/2026, P.S. Indiranagar",2026-07-20 21:12:00,THEFT,THEFT incident reported in East (Indiranagar),East (Indiranagar),False,East (Indiranagar),12.99571703500422,77.65036070511538
"FIR No. 0110/2023, P.S. Jayanagar",2023-02-24 11:47:00,CYBER,CYBER incident reported in South (Jayanagar),South (Jayanagar),False,South (Jayanagar),12.955713160801636,77.58269613439431
86752043/2024,2024-02-23 01:12:00,CYBER,CYBER incident reported in South (Jayanagar),South (Jayanagar),False,South (Jayanagar),12.922313992026108,77.58455298645472
"FIR No. 0375/2023, P.S. Koramangala",2023-11-06 19:02:00,ROBBERY,ROBBERY incident reported in South East (Koramangala),South East (Koramangala),False,South East (Koramangala),12.948525530019248,77.60511627491094
"FIR No. 0011/2024, P.S. Jayanagar",2024-11-06 05:05:00,THEFT,THEFT incident reported in South (Jayanagar),South (Jayanagar),True,South (Jayanagar),12.959314104066037,77.58793792814227
"FIR No. 0060/2023, P.S. Koramangala",2023-06-12 08:59:00,ASSAULT,ASSAULT incident reported in South East (Koramangala),South East (Koramangala),False,South East (Koramangala),12.97422440228334,77.61599198396563
"FIR No. 0214/2026, P.S. Majestic/MG Road",2026-05-18 11:07:00,ROBBERY,ROBBERY incident reported in Central (Majestic/MG Road),Central (Majestic/MG Road),False,Central (Majestic/MG Road),12.975208023102669,77.56365454180637
"FIR No. 0197/2023, P.S. Indiranagar",2023-05-15 14:21:00,THEFT,THEFT incident reported in East (Indiranagar),East (Indiranagar),False,East (Indiranagar),13.003235757303134,77.63827130371702
"FIR No. 0067/2025, P.S. Koramangala",2025-02-27 11:41:00,ASSAULT,ASSAULT incident reported in South East (Koramangala),South East (Koramangala),True,South East (Koramangala),12.94731465982731,77.61146829282852
86519505/2026,2026-06-22 12:47:00,THEFT,THEFT incident reported in South (Jayanagar),South (Jayanagar),False,South (Jayanagar),12.914214117379688,77.59212322771928
"FIR No. 0045/2023, P.S. Jayanagar",2023-06-22 11:30:00,THEFT,THEFT incident reported in South (Jayanagar),South (Jayanagar),True,South (Jayanagar),12.93031482106358,77.57735383538044
89069865/2026,2026-02-01 22:37:00,CYBER,CYBER incident reported in IT Corridor (Whitefield),IT Corridor (Whitefield),False,IT Corridor (Whitefield),12.96342954427145,77.76614986674954
"FIR No. 1015/2024, P.S. Majestic/MG Road",2024-12-28 03:09:00,CYBER,CYBER incident reported in Central (Majestic/MG Road),Central (Majestic/MG Road),False,Central (Majestic/MG Road),12.975127176232444,77.58104937186536
"FIR No. 0018/2023, P.S. Indiranagar",2023-01-26 18:38:00,ASSAULT,ASSAULT incident reported in East (Indiranagar),East (Indiranagar),False,East (Indiranagar),12.977149946287607,77.6414990324875
"FIR No. 0488/2025, P.S. Majestic/MG Road",2025-10-26 06:44:00,THEFT,THEFT incident reported in Central (Majestic/MG Road),Central (Majestic/MG Road),False,Central (Majestic/MG Road),12.984987394901568,77.56628101684969
"FIR No. 0291/2025, P.S. Majestic/MG Road",2025-06-09 05:00:00,CYBER,CYBER incident reported in Central (Majestic/MG Road),Central (Majestic/MG Road),False,Central (Majestic/MG Road),12.967308637233112,77.55532425678385
"FIR No. 0075/2024, P.S. Jayanagar",2024-05-20 14:34:00,THEFT,THEFT incident reported in South (Jayanagar),South (Jayanagar),True,South (Jayanagar),12.919375823414978,77.61574301978543
"FIR No. 0123/2024, P.S. Jayanagar",2024-03-08 02:35:00,ASSAULT,ASSAULT incident reported in South (Jayanagar),South (Jayanagar),False,South (Jayanagar),12.909365915270776,77.57231032526106
"FIR No. 0068/2026, P.S. Koramangala",2026-08-01 05:21:00,THEFT,THEFT incident reported in South East (Koramangala),South East (Koramangala),False,South East (Koramangala),12.9390376171,77.62401632389714
"FIR No. 0175/2024, P.S. Indiranagar",2024-04-22 08:44:00,ASSAULT,ASSAULT incident reported in East (Indiranagar),East (Indiranagar),False,East (Indiranagar),12.974255252521242,77.62383585173744
"FIR No. 0545/2024, P.S. Indiranagar",2024-05-23 12:05:00,THEFT,THEFT incident reported in East (Indiranagar),East (Indiranagar),False,East (Indiranagar),13.019203379961374,77.64155219961935
"FIR No. 0316/2023, P.S. Koramangala",2023-04-10 03:52:00,ASSAULT,ASSAULT incident reported in South East (Koramangala),South East (Koramangala),False,South East (Koramangala),12.930308425363876,77.62650604293759
"FIR No. 0092/2023, P.S. Majestic/MG Road",2023-04-16 16:04:00,THEFT,THEFT incident reported in Central (Majestic/MG Road),Central (Majestic/MG Road),False,Central (Majestic/MG Road),12.948014207835609,77.56078071843292
"FIR No. 0311/2025, P.S. Indiranagar",2025-03-19 20:04:00,OTHER,OTHER incident reported in East (Indiranagar),East (Indiranagar),True,East (Indiranagar),12.976362893203468,77.63807943301241
"FIR No. 0558/2025, P.S. Whitefield",2025-07-28 08:26:00,THEFT,THEFT incident reported in IT Corridor (Whitefield),IT Corridor (Whitefield),False,IT Corridor (Whitefield),12.985713917817591,77.74645247439221
"FIR No. 0863/2023, P.S. Malleswaram",2023-08-29 10:49:00,CYBER,CYBER incident reported in North (Malleswaram),North (Malleswaram),False,North (Malleswaram),13.002142883465092,77.57859834025446
89036960/2023,2023-03-25 00:54:00,ASSAULT,ASSAULT incident reported in IT Corridor (Whitefield),IT Corridor (Whitefield),False,IT Corridor (Whitefield),12.965300436605329,77.75216125288858
"FIR No. 0060/2024, P.S. Malleswaram",2024-02-05 08:28:00,THEFT,THEFT incident reported in North (Malleswaram),North (Malleswaram),True,North (Malleswaram),13.001735309202267,77.57227905416387
"FIR No. 0377/2024, P.S. Majestic/MG Road",2024-07-20 03:27:00,CYBER,CYBER incident reported in Central (Majestic/MG Road),Central (Majestic/MG Road),False,Central (Majestic/MG Road),13.007026105798609,77.5620672921626
"FIR No. 0518/2023, P.S. Indiranagar",2023-09-11 11:39:00,ASSAULT,ASSAULT incident reported in East (Indiranagar),East (Indiranagar),False,East (Indiranagar),12.975076237757888,77.65431991925894
"FIR No. 0002/2025, P.S. Jayanagar",2025-12-09 14:15:00,THEFT,THEFT incident reported in South (Jayanagar),South (Jayanagar),False,South (Jayanagar),12.925759620859234,77.58846793402247
"FIR No. 0022/2026, P.S. Majestic/MG Road",2026-05-10 14:28:00,CYBER,CYBER incident reported in Central (Majestic/MG Road),Central (Majestic/MG Road),False,Central (Majestic/MG Road),12.985801632626773,77.55247421994466
"FIR No. 0052/2023, P.S. Indiranagar",2023-06-11 10:13:00,ASSAULT,ASSAULT incident reported in East (Indiranagar),East (Indiranagar),False,East (Indiranagar),12.98141419717603,77.6568608852286
"FIR No. 0557/2024, P.S. Jayanagar",2024-06-29 13:33:00,CYBER,CYBER incident reported in South (Jayanagar),South (Jayanagar),False,South (Jayanagar),12.914680839158551,77.59766836608823
"FIR No. 0222/2026, P.S. Whitefield",2026-03-28 20:47:00,CYBER,CYBER incident reported in IT Corridor (Whitefield),IT Corridor (Whitefield),False,IT Corridor (Whitefield),12.985284439936017,77.7416279484097
"FIR No. 0052/2023, P.S. Indiranagar",2023-01-05 09:38:00,CYBER,CYBER incident reported in East (Indiranagar),East (Indiranagar),False,East (Indiranagar),12.961934243927796,77.62868864652656
"FIR No. 1028/2025, P.S. Indiranagar",2025-11-20 20:43:00,CYBER,CYBER incident reported in East (Indiranagar),East (Indiranagar),True,East (Indiranagar),13.000252289370133,77.6411583241626
"FIR No. 0109/2023, P.S. Indiranagar",2023-04-09 00:11:00,ROBBERY,ROBBERY incident reported in East (Indiranagar),East (Indiranagar),True,East (Indiranagar),12.976378927615118,77.65084761564162
"FIR No. 0246/2026, P.S. Jayanagar",2026-07-22 22:53:00,THEFT,THEFT incident reported in South (Jayanagar),South (Jayanagar),False,South (Jayanagar),12.933598747276896,77.59352678260882
"FIR No. 0212/2023, P.S. Koramangala",2023-03-19 17:20:00,THEFT,THEFT incident reported in South East (Koramangala),South East (Koramangala),False,South East (Koramangala),12.928081280540992,77.60649428801501
"FIR No. 0485/2023, P.S. Koramangala",2023-05-20 18:58:00,THEFT,THEFT incident reported in South East (Koramangala),South East (Koramangala),False,South East (Koramangala),12.926857936983618,77.61950602369403
"FIR No. 0162/2024, P.S. Malleswaram",2024-05-04 19:44:00,THEFT,THEFT incident reported in North (Malleswaram),North (Malleswaram),False,North (Malleswaram),13.009074100974816,77.56649409693856
86283490/2023,2023-07-24 17:45:00,THEFT,THEFT incident reported in South (Jayanagar),South (Jayanagar),False,South (Jayanagar),12.930154442081294,77.60240420744643
"FIR No. 0310/2024, P.S. Koramangala",2024-06-11 09:15:00,THEFT,THEFT incident reported in South East (Koramangala),South East (Koramangala),True,South East (Koramangala),12.93361533464981,77.61147220700016
84262809/2025,2025-09-14 21:11:00,THEFT,THEFT incident reported in Central (Majestic/MG Road),Central (Majestic/MG Road),True,Central (Majestic/MG Road),12.996923445035144,77.56759748689053
86201384/2023,2023-12-26 17:28:00,OTHER,OTHER incident reported in Central (Majestic/MG Road),Central (Majestic/MG Road),True,Central (Majestic/MG Road),12.978133115797004,77.55483553062277
80881781/2024,2024-11-18 13:12:00,OTHER,OTHER incident reported in East (Indiranagar),East (Indiranagar),True,East (Indiranagar),12.977897552081409,77.65748188446192
"FIR No. 0703/2025, P.S. Koramangala",2025-10-07 09:46:00,CYBER,CYBER incident reported in South East (Koramangala),South East (Koramangala),True,South East (Koramangala),12.923686137250431,77.6099026831758
"FIR No. 0500/2023, P.S. Koramangala",2023-09-10 07:12:00,ASSAULT,ASSAULT incident reported in South East (Koramangala),South East (Koramangala),False,South East (Koramangala),12.93739511445115,77.63800093269577
89277508/2025,2025-06-24 14:44:00,BURGLARY,BURGLARY incident reported in North (Malleswaram),North (Malleswaram),True,North (Malleswaram),13.000410697717056,77.54796491473917
"FIR No. 0628/2023, P.S. Indiranagar",2023-12-06 20:13:00,CYBER,CYBER incident reported in East (Indiranagar),East (Indiranagar),False,East (Indiranagar),13.002474267294504,77.64171510241414
"FIR No. 0138/2024, P.S. Jayanagar",2024-10-17 01:24:00,ROBBERY,ROBBERY incident reported in South (Jayanagar),South (Jayanagar),False,South (Jayanagar),12.955242164545398,77.57168012127894
"FIR No. 0104/2025, P.S. Indiranagar",2025-06-25 10:35:00,CYBER,CYBER incident reported in East (Indiranagar),East (Indiranagar),False,East (Indiranagar),12.96581245844625,77.66285343098036
"FIR No. 1245/2024, P.S. Koramangala",2024-12-28 22:06:00,THEFT,THEFT incident reported in South East (Koramangala),South East (Koramangala),False,South East (Koramangala),12.916857454172078,77.62870080238989
87907815/2025,2025-05-27 19:07:00,CYBER,CYBER incident reported in Central (Majestic/MG Road),Central (Majestic/MG Road),False,Central (Majestic/MG Road),12.99545199429926,77.57674418204664
"FIR No. 0321/2023, P.S. Indiranagar",2023-09-10 00:55:00,CYBER,CYBER incident reported in East (Indiranagar),East (Indiranagar),False,East (Indiranagar),12.962103829873511,77.60936920685728
"FIR No. 0647/2025, P.S. Indiranagar",2025-09-20 13:27:00,ASSAULT,ASSAULT incident reported in East (Indiranagar),East (Indiranagar),True,East (Indiranagar),12.96026193770745,77.63881099998649
"FIR No. 0249/2026, P.S. Indiranagar",2026-03-29 07:33:00,THEFT,THEFT incident reported in East (Indiranagar),East (Indiranagar),False,East (Indiranagar),12.96852623586502,77.63396477404031
"FIR No. 0059/2026, P.S. Whitefield",2026-02-09 00:31:00,THEFT,THEFT incident reported in IT Corridor (Whitefield),IT Corridor (Whitefield),False,IT Corridor (Whitefield),12.978913272426,77.72911050122504
"FIR No. 0165/2025, P.S. Majestic/MG Road",2025-02-01 03:00:00,ASSAULT,ASSAULT incident reported in Central (Majestic/MG Road),Central (Majestic/MG Road),False,Central (Majestic/MG Road),12.98616611083648,77.55611676435757
"FIR No. 0505/2025, P.S. Majestic/MG Road",2025-09-08 08:12:00,ASSAULT,ASSAULT incident reported in Central (Majestic/MG Road),Central (Majestic/MG Road),False,Central (Majestic/MG Road),12.973314122176188,77.56806622783876
"FIR No. 0356/2024, P.S. Jayanagar",2024-06-14 23:53:00,ASSAULT,ASSAULT incident reported in South (Jayanagar),South (Jayanagar),False,South (Jayanagar),12.943850513928696,77.60313195452967
"FIR No. 0346/2026, P.S. Malleswaram",2026-05-12 19:28:00,BURGLARY,BURGLARY incident reported in North (Malleswaram),North (Malleswaram),False,North (Malleswaram),12.990721017654016,77.57259731034587
"FIR No. 0522/2023, P.S. Majestic/MG Road",2023-12-21 00:28:00,THEFT,THEFT incident reported in Central (Majestic/MG Road),Central (Majestic/MG Road),False,Central (Majestic/MG Road),12.970457133028972,77.58367050324617
89363317/2025,2025-05-23 01:08:00,THEFT,THEFT incident reported in South (Jayanagar),South (Jayanagar),False,South (Jayanagar),12.920947396759937,77.59526591686334
"FIR No. 0213/2023, P.S. Whitefield",2023-04-20 00:16:00,ASSAULT,ASSAULT incident reported in IT Corridor (Whitefield),IT Corridor (Whitefield),True,IT Corridor (Whitefield),12.969798941536911,77.7689932003651
"FIR No. 0358/2025, P.S. Jayanagar",2025-07-23 22:18:00,THEFT,THEFT incident reported in South (Jayanagar),South (Jayanagar),False,South (Jayanagar),12.911170458615889,77.57157045182115
"FIR No. 0451/2026, P.S. Jayanagar",2026-06-16 17:43:00,OTHER,OTHER incident reported in South (Jayanagar),South (Jayanagar),False,South (Jayanagar),12.93624802020593,77.57614053702656
"FIR No. 0066/2025, P.S. Koramangala",2025-10-09 04:54:00,ROBBERY,ROBBERY incident reported in South East (Koramangala),South East (Koramangala),True,South East (Koramangala),12.938781743274266,77.63436616245751
"FIR No. 0202/2023, P.S. Malleswaram",2023-09-30 20:10:00,THEFT,THEFT incident reported in North (Malleswaram),North (Malleswaram),False,North (Malleswaram),13.003971835932822,77.54774424978439
"FIR No. 0075/2026, P.S. Whitefield",2026-05-23 03:01:00,ROBBERY,ROBBERY incident reported in IT Corridor (Whitefield),IT Corridor (Whitefield),False,IT Corridor (Whitefield),12.968577680756086,77.70641796623734
89726979/2026,2026-04-25 23:57:00,ASSAULT,ASSAULT incident reported in East (Indiranagar),East (Indiranagar),False,East (Indiranagar),12.985021645188407,77.63974275419561
"FIR No. 0051/2025, P.S. Koramangala",2025-01-20 01:33:00,CYBER,CYBER incident reported in South East (Koramangala),South East (Koramangala),False,South East (Koramangala),12.939699879325412,77.60738127876944
"FIR No. 0456/2026, P.S. Whitefield",2026-07-27 15:15:00,THEFT,THEFT incident reported in IT Corridor (Whitefield),IT Corridor (Whitefield),False,IT Corridor (Whitefield),12.973981736395968,77.73812626277893
"FIR No. 0040/2023, P.S. Koramangala",2023-01-24 07:02:00,THEFT,THEFT incident reported in South East (Koramangala),South East (Koramangala),False,South East (Koramangala),12.947858584161567,77.6231720130062
"FIR No. 0046/2026, P.S. Indiranagar",2026-01-20 00:08:00,THEFT,THEFT incident reported in East (Indiranagar),East (Indiranagar),False,East (Indiranagar),12.97615305966224,77.63442493848575
"FIR No. 0216/2024, P.S. Majestic/MG Road",2024-07-21 04:07:00,THEFT,THEFT incident reported in Central (Majestic/MG Road),Central (Majestic/MG Road),False,Central (Majestic/MG Road),12.996870010680228,77.53914930354726
"FIR No. 1064/2025, P.S. Majestic/MG Road",2025-12-27 11:25:00,THEFT,THEFT incident reported in Central (Majestic/MG Road),Central (Majestic/MG Road),False,Central (Majestic/MG Road),12.959936020313531,77.56886683855554
"FIR No. 0052/2023, P.S. Indiranagar",2023-04-13 23:30:00,ASSAULT,ASSAULT incident reported in East (Indiranagar),East (Indiranagar),True,East (Indiranagar),12.977078387827255,77.60030350954747
"FIR No. 0173/2024, P.S. Koramangala",2024-05-28 00:21:00,CYBER,CYBER incident reported in South East (Koramangala),South East (Koramangala),True,South East (Koramangala),12.926787751557946,77.61828635355451
"FIR No. 0087/2025, P.S. Indiranagar",2025-04-05 07:20:00,BURGLARY,BURGLARY incident reported in East (Indiranagar),East (Indiranagar),True,East (Indiranagar),12.984974360336825,77.63681753821011
"FIR No. 0215/2025, P.S. Whitefield",2025-04-10 17:56:00,BURGLARY,BURGLARY incident reported in IT Corridor (Whitefield),IT Corridor (Whitefield),True,IT Corridor (Whitefield),12.966269251976142,77.76486675140298
"FIR No. 0783/2025, P.S. Jayanagar",2025-12-11 16:22:00,THEFT,THEFT incident reported in South (Jayanagar),South (Jayanagar),False,South (Jayanagar),12.925244533829607,77.58358980472416
"FIR No. 0234/2023, P.S. Koramangala",2023-07-28 23:05:00,THEFT,THEFT incident reported in South East (Koramangala),South East (Koramangala),False,South East (Koramangala),12.91036748682064,77.61674386679704
"FIR No. 0023/2026, P.S. Jayanagar",2026-05-05 01:32:00,THEFT,THEFT incident reported in South (Jayanagar),South (Jayanagar),True,South (Jayanagar),12.937407484940808,77.59290150625272
89443744/2023,2023-04-21 22:26:00,THEFT,THEFT incident reported in Central (Majestic/MG Road),Central (Majestic/MG Road),False,Central (Majestic/MG Road),12.990051110191713,77.55192176825896
"FIR No. 0053/2024, P.S. Indiranagar",2024-04-10 10:14:00,BURGLARY,BURGLARY incident reported in East (Indiranagar),East (Indiranagar),False,East (Indiranagar),12.96622418362036,77.63470755074005
89469762/2023,2023-06-21 13:38:00,CYBER,CYBER incident reported in South (Jayanagar),South (Jayanagar),False,South (Jayanagar),12.940690955362244,77.59518017956873
82737370/2023,2023-03-20 10:59:00,ASSAULT,ASSAULT incident reported in South East (Koramangala),South East (Koramangala),False,South East (Koramangala),12.94480406056088,77.63418124255271
"FIR No. 0198/2023, P.S. Whitefield",2023-05-30 07:04:00,THEFT,THEFT incident reported in IT Corridor (Whitefield),IT Corridor (Whitefield),False,IT Corridor (Whitefield),12.959970695703651,77.75564063939804
"FIR No. 0121/2024, P.S. Indiranagar",2024-02-26 04:09:00,THEFT,THEFT incident reported in East (Indiranagar),East (Indiranagar),False,East (Indiranagar),13.000384204824709,77.60404386275671
"FIR No. 0236/2024, P.S. Indiranagar",2024-06-01 05:32:00,ROBBERY,ROBBERY incident reported in East (Indiranagar),East (Indiranagar),False,East (Indiranagar),13.000843592495942,77.64537799444035
"FIR No. 0340/2025, P.S. Koramangala",2025-07-03 08:04:00,THEFT,THEFT incident reported in South East (Koramangala),South East (Koramangala),False,South East (Koramangala),12.929397849917324,77.62617199692752
"FIR No. 0010/2026, P.S. Koramangala",2026-04-27 12:42:00,ROBBERY,ROBBERY incident reported in South East (Koramangala),South East (Koramangala),False,South East (Koramangala),12.926076935858738,77.58031607556003
"FIR No. 0358/2023, P.S. Indiranagar",2023-06-24 10:26:00,THEFT,THEFT incident reported in East (Indiranagar),East (Indiranagar),False,East (Indiranagar),12.97475681096377,77.64765695800156
"FIR No. 0087/2025, P.S. Koramangala",2025-04-19 07:32:00,ASSAULT,ASSAULT incident reported in South East (Koramangala),South East (Koramangala),False,South East (Koramangala),12.9354673059152,77.61492394993148
"FIR No. 0378/2026, P.S. Jayanagar",2026-07-05 15:31:00,CYBER,CYBER incident reported in South (Jayanagar),South (Jayanagar),False,South (Jayanagar),12.907134365768664,77.58353161568341
"FIR No. 0344/2025, P.S. Koramangala",2025-06-04 22:17:00,CYBER,CYBER incident reported in South East (Koramangala),South East (Koramangala),False,South East (Koramangala),12.96049088944745,77.64144702066116
"FIR No. 0275/2025, P.S. Majestic/MG Road",2025-04-27 12:24:00,CYBER,CYBER incident reported in Central (Majestic/MG Road),Central (Majestic/MG Road),False,Central (Majestic/MG Road),12.987829977140755,77.57649392950057
"FIR No. 0854/2023, P.S. Indiranagar",2023-11-03 03:41:00,THEFT,THEFT incident reported in East (Indiranagar),East (Indiranagar),False,East (Indiranagar),12.99150835147431,77.67414560387168
"FIR No. 0225/2025, P.S. Whitefield",2025-04-28 07:34:00,ROBBERY,ROBBERY incident reported in IT Corridor (Whitefield),IT Corridor (Whitefield),False,IT Corridor (Whitefield),12.993989110622136,77.76660117079989
82028341/2023,2023-10-11 11:18:00,ASSAULT,ASSAULT incident reported in South (Jayanagar),South (Jayanagar),True,South (Jayanagar),12.9458732451846,77.55837618162845
"FIR No. 0225/2026, P.S. Koramangala",2026-02-17 02:25:00,ASSAULT,ASSAULT incident reported in South East (Koramangala),South East (Koramangala),False,South East (Koramangala),12.941262487227796,77.62899708834843
"FIR No. 0066/2024, P.S. Jayanagar",2024-01-08 21:26:00,ASSAULT,ASSAULT incident reported in South (Jayanagar),South (Jayanagar),True,South (Jayanagar),12.923627277026595,77.58027122959916
"FIR No. 0094/2026, P.S. Jayanagar",2026-01-18 06:16:00,CYBER,CYBER incident reported in South (Jayanagar),South (Jayanagar),False,South (Jayanagar),12.907154454954508,77.60394217794135
"FIR No. 0257/2025, P.S. Koramangala",2025-06-17 03:12:00,THEFT,THEFT incident reported in South East (Koramangala),South East (Koramangala),False,South East (Koramangala),12.928490955936129,77.59711386878095
"FIR No. 0290/2026, P.S. Malleswaram",2026-05-05 01:39:00,ASSAULT,ASSAULT incident reported in North (Malleswaram),North (Malleswaram),True,North (Malleswaram),12.987800517593618,77.56309591650971
"FIR No. 0487/2023, P.S. Indiranagar",2023-12-20 08:05:00,THEFT,THEFT incident reported in East (Indiranagar),East (Indiranagar),False,East (Indiranagar),12.975060450777727,77.64789044627125
"FIR No. 0060/2025, P.S. Jayanagar",2025-10-06 18:16:00,THEFT,THEFT incident reported in South (Jayanagar),South (Jayanagar),False,South (Jayanagar),12.914877070453144,77.58181109378704
"FIR No. 0053/2024, P.S. Malleswaram",2024-04-01 07:11:00,CYBER,CYBER incident reported in North (Malleswaram),North (Malleswaram),False,North (Malleswaram),12.998381484219614,77.54442070686709
83433805/2024,2024-04-27 19:44:00,CYBER,CYBER incident reported in North (Malleswaram),North (Malleswaram),True,North (Malleswaram),12.994104561166626,77.5598839392597
"FIR No. 0718/2024, P.S. Indiranagar",2024-12-23 05:02:00,ASSAULT,ASSAULT incident reported in East (Indiranagar),East (Indiranagar),False,East (Indiranagar),12.97571223673572,77.62560188077073
"FIR No. 0025/2025, P.S. Majestic/MG Road",2025-03-13 00:05:00,ASSAULT,ASSAULT incident reported in Central (Majestic/MG Road),Central (Majestic/MG Road),True,Central (Majestic/MG Road),13.00758948610009,77.56999868033454
80411086/2026,2026-03-06 00:12:00,THEFT,THEFT incident reported in East (Indiranagar),East (Indiranagar),False,East (Indiranagar),12.9803185610452,77.61192152619836
"FIR No. 0253/2026, P.S. Malleswaram",2026-07-17 11:56:00,CYBER,CYBER incident reported in North (Malleswaram),North (Malleswaram),False,North (Malleswaram),12.987149972147249,77.55719231859706
"FIR No. 0586/2024, P.S. Koramangala",2024-12-14 10:47:00,OTHER,OTHER incident reported in South East (Koramangala),South East (Koramangala),False,South East (Koramangala),12.924311827359018,77.61651668315994
"FIR No. 0472/2025, P.S. Koramangala",2025-07-08 20:45:00,THEFT,THEFT incident reported in South East (Koramangala),South East (Koramangala),False,South East (Koramangala),12.923865558925243,77.60879187126027
"FIR No. 0089/2024, P.S. Koramangala",2024-02-29 02:29:00,ASSAULT,ASSAULT incident reported in South East (Koramangala),South East (Koramangala),False,South East (Koramangala),12.916569918349897,77.63006902497004
"FIR No. 0114/2023, P.S. Indiranagar",2023-07-15 09:46:00,ASSAULT,ASSAULT incident reported in East (Indiranagar),East (Indiranagar),False,East (Indiranagar),12.99119003613046,77.6463836263902
"FIR No. 0304/2025, P.S. Majestic/MG Road",2025-09-16 11:21:00,CYBER,CYBER incident reported in Central (Majestic/MG Road),Central (Majestic/MG Road),False,Central (Majestic/MG Road),12.968161352561806,77.56470191882109
"FIR No. 0008/2025, P.S. Malleswaram",2025-02-08 08:25:00,CYBER,CYBER incident reported in North (Malleswaram),North (Malleswaram),True,North (Malleswaram),13.005297002469874,77.58822403658309
"FIR No. 0568/2024, P.S. Koramangala",2024-12-06 02:22:00,CYBER,CYBER incident reported in South East (Koramangala),South East (Koramangala),False,South East (Koramangala),12.926127552826271,77.64833924356999
"FIR No. 0036/2026, P.S. Jayanagar",2026-02-24 12:22:00,THEFT,THEFT incident reported in South (Jayanagar),South (Jayanagar),False,South (Jayanagar),12.9113578352679,77.57011932499735
81725327/2024,2024-02-03 22:48:00,CYBER,CYBER incident reported in South (Jayanagar),South (Jayanagar),False,South (Jayanagar),12.918528623210928,77.58818594791961
"FIR No. 0088/2024, P.S. Koramangala",2024-04-17 00:57:00,ROBBERY,ROBBERY incident reported in South East (Koramangala),South East (Koramangala),True,South East (Koramangala),12.943175045384043,77.61728416553642
"FIR No. 0314/2025, P.S. Majestic/MG Road",2025-06-22 06:51:00,CYBER,CYBER incident reported in Central (Majestic/MG Road),Central (Majestic/MG Road),False,Central (Majestic/MG Road),12.947897362952837,77.57764452146597
"FIR No. 0859/2026, P.S. Jayanagar",2026-08-10 19:12:00,THEFT,THEFT incident reported in South (Jayanagar),South (Jayanagar),True,South (Jayanagar),12.890942394770304,77.5662821474724
"FIR No. 0530/2026, P.S. Majestic/MG Road",2026-07-12 11:13:00,CYBER,CYBER incident reported in Central (Majestic/MG Road),Central (Majestic/MG Road),False,Central (Majestic/MG Road),12.964929579859788,77.56467139011322
"FIR No. 0107/2026, P.S. Malleswaram",2026-03-02 15:11:00,ASSAULT,ASSAULT incident reported in North (Malleswaram),North (Malleswaram),False,North (Malleswaram),13.001864895538624,77.54639168934034
"FIR No. 0529/2024, P.S. Indiranagar",2024-06-17 13:43:00,THEFT,THEFT incident reported in East (Indiranagar),East (Indiranagar),False,East (Indiranagar),12.967021236705358,77.65964069468147
"FIR No. 0383/2023, P.S. Jayanagar",2023-08-16 21:51:00,THEFT,THEFT incident reported in South (Jayanagar),South (Jayanagar),True,South (Jayanagar),12.934643676122832,77.59653446971174
"FIR No. 0145/2024, P.S. Majestic/MG Road",2024-02-01 08:00:00,THEFT,THEFT incident reported in Central (Majestic/MG Road),Central (Majestic/MG Road),False,Central (Majestic/MG Road),12.954562419614028,77.59022750050215
"FIR No. 0196/2023, P.S. Jayanagar",2023-03-02 22:51:00,ASSAULT,ASSAULT incident reported in South (Jayanagar),South (Jayanagar),False,South (Jayanagar),12.930550355078072,77.58803712478448
"FIR No. 0519/2026, P.S. Whitefield",2026-06-22 23:01:00,THEFT,THEFT incident reported in IT Corridor (Whitefield),IT Corridor (Whitefield),True,IT Corridor (Whitefield),12.97310302470274,77.7490457082264
"FIR No. 0285/2023, P.S. Malleswaram",2023-03-08 09:47:00,THEFT,THEFT incident reported in North (Malleswaram),North (Malleswaram),False,North (Malleswaram),12.99674491335867,77.55793770932509
86801152/2025,2025-08-14 07:56:00,THEFT,THEFT incident reported in South East (Koramangala),South East (Koramangala),False,South East (Koramangala),12.956733605061617,77.63409888642536
"FIR No. 0570/2026, P.S. Jayanagar",2026-07-06 10:56:00,THEFT,THEFT incident reported in South (Jayanagar),South (Jayanagar),False,South (Jayanagar),12.92836039357521,77.59049366513062
87090468/2025,2025-02-24 20:16:00,THEFT,THEFT incident reported in Central (Majestic/MG Road),Central (Majestic/MG Road),False,Central (Majestic/MG Road),12.98342902571677,77.55703362537139
"FIR No. 0031/2024, P.S. Whitefield",2024-02-01 12:14:00,ROBBERY,ROBBERY incident reported in IT Corridor (Whitefield),IT Corridor (Whitefield),True,IT Corridor (Whitefield),12.986484815119248,77.75390409300218
"FIR No. 0113/2026, P.S. Malleswaram",2026-03-21 01:39:00,ASSAULT,ASSAULT incident reported in North (Malleswaram),North (Malleswaram),False,North (Malleswaram),13.023021818847516,77.55509425672255
"FIR No. 0032/2026, P.S. Koramangala",2026-03-25 07:51:00,ASSAULT,ASSAULT incident reported in South East (Koramangala),South East (Koramangala),True,South East (Koramangala),12.9023284367764,77.60905689032965
"FIR No. 0575/2026, P.S. Majestic/MG Road",2026-07-12 20:33:00,ROBBERY,ROBBERY incident reported in Central (Majestic/MG Road),Central (Majestic/MG Road),False,Central (Majestic/MG Road),12.986390445833244,77.56251273172333
"FIR No. 0735/2024, P.S. Indiranagar",2024-11-30 11:29:00,CYBER,CYBER incident reported in East (Indiranagar),East (Indiranagar),False,East (Indiranagar),12.98301102275356,77.64877810418474
"FIR No. 0361/2024, P.S. Malleswaram",2024-08-26 01:54:00,THEFT,THEFT incident reported in North (Malleswaram),North (Malleswaram),False,North (Malleswaram),13.009010180783353,77.54459748429059
84882253/2023,2023-11-17 17:25:00,ASSAULT,ASSAULT incident reported in Central (Majestic/MG Road),Central (Majestic/MG Road),False,Central (Majestic/MG Road),12.978873812454117,77.56060233027443
82977752/2025,2025-08-26 07:57:00,CYBER,CYBER incident reported in South East (Koramangala),South East (Koramangala),False,South East (Koramangala),12.926936753400543,77.63958626272746
"FIR No. 0012/2026, P.S. Koramangala",2026-01-21 22:08:00,CYBER,CYBER incident reported in South East (Koramangala),South East (Koramangala),True,South East (Koramangala),12.93402795061684,77.63559694982295
"FIR No. 0667/2026, P.S. Majestic/MG Road",2026-08-23 03:19:00,CYBER,CYBER incident reported in Central (Majestic/MG Road),Central (Majestic/MG Road),True,Central (Majestic/MG Road),12.966391952058569,77.56396269664015
"FIR No. 0212/2023, P.S. Majestic/MG Road",2023-02-18 09:54:00,ROBBERY,ROBBERY incident reported in Central (Majestic/MG Road),Central (Majestic/MG Road),True,Central (Majestic/MG Road),12.994486315607029,77.59153558045259
"FIR No. 0301/2023, P.S. Koramangala",2023-07-29 23:40:00,CYBER,CYBER incident reported in South East (Koramangala),South East (Koramangala),True,South East (Koramangala),12.909611492272711,77.61965567883885
"FIR No. 0029/2026, P.S. Jayanagar",2026-02-20 11:34:00,CYBER,CYBER incident reported in South (Jayanagar),South (Jayanagar),False,South (Jayanagar),12.897681851893877,77.57258099668637
"FIR No. 0045/2024, P.S. Majestic/MG Road",2024-05-02 18:34:00,THEFT,THEFT incident reported in Central (Majestic/MG Road),Central (Majestic/MG Road),False,Central (Majestic/MG Road),12.964671589777153,77.57332595745198
"FIR No. 0119/2025, P.S. Indiranagar",2025-10-27 02:06:00,OTHER,OTHER incident reported in East (Indiranagar),East (Indiranagar),False,East (Indiranagar),12.974468041266343,77.62000216791358
"FIR No. 0174/2025, P.S. Koramangala",2025-04-05 00:01:00,ASSAULT,ASSAULT incident reported in South East (Koramangala),South East (Koramangala),False,South East (Koramangala),12.943993890829049,77.62185238204825
"FIR No. 0334/2023, P.S. Malleswaram",2023-05-05 08:28:00,CYBER,CYBER incident reported in North (Malleswaram),North (Malleswaram),True,North (Malleswaram),12.98677838064894,77.58080043195133
"FIR No. 0641/2023, P.S. Malleswaram",2023-09-29 16:46:00,CYBER,CYBER incident reported in North (Malleswaram),North (Malleswaram),False,North (Malleswaram),13.02849548818314,77.57530642605289
"FIR No. 0017/2023, P.S. Jayanagar",2023-12-04 07:58:00,ASSAULT,ASSAULT incident reported in South (Jayanagar),South (Jayanagar),False,South (Jayanagar),12.917062650513373,77.59162578535887
"FIR No. 0586/2023, P.S. Indiranagar",2023-12-30 20:34:00,CYBER,CYBER incident reported in East (Indiranagar),East (Indiranagar),False,East (Indiranagar),12.995330801388832,77.64344683028828
"FIR No. 0081/2024, P.S. Indiranagar",2024-01-05 20:43:00,CYBER,CYBER incident reported in East (Indiranagar),East (Indiranagar),False,East (Indiranagar),12.979202638006845,77.63415559624943
"FIR No. 0065/2024, P.S. Whitefield",2024-02-23 05:36:00,THEFT,THEFT incident reported in IT Corridor (Whitefield),IT Corridor (Whitefield),False,IT Corridor (Whitefield),12.94680302653738,77.7596261960037
84493020/2024,2024-07-26 00:48:00,ASSAULT,ASSAULT incident reported in Central (Majestic/MG Road),Central (Majestic/MG Road),False,Central (Majestic/MG Road),12.951038095877216,77.57659718257574
"FIR No. 0041/2023, P.S. Koramangala",2023-01-07 11:08:00,THEFT,THEFT incident reported in South East (Koramangala),South East (Koramangala),False,South East (Koramangala),12.937386320484128,77.6326940118319
"FIR No. 0201/2023, P.S. Majestic/MG Road",2023-12-18 11:12:00,BURGLARY,BURGLARY incident reported in Central (Majestic/MG Road),Central (Majestic/MG Road),True,Central (Majestic/MG Road),12.99386451667338,77.57836729938973
"FIR No. 0194/2023, P.S. Malleswaram",2023-09-18 19:03:00,ASSAULT,ASSAULT incident reported in North (Malleswaram),North (Malleswaram),False,North (Malleswaram),13.004844073676994,77.5513903845909
"FIR No. 0616/2025, P.S. Jayanagar",2025-12-01 17:25:00,CYBER,CYBER incident reported in South (Jayanagar),South (Jayanagar),False,South (Jayanagar),12.898474986453383,77.57742900521615
"FIR No. 0417/2023, P.S. Majestic/MG Road",2023-10-12 14:09:00,THEFT,THEFT incident reported in Central (Majestic/MG Road),Central (Majestic/MG Road),True,Central (Majestic/MG Road),12.95549014497202,77.600582886618
"FIR No. 0640/2024, P.S. Koramangala",2024-09-08 10:56:00,CYBER,CYBER incident reported in South East (Koramangala),South East (Koramangala),False,South East (Koramangala),12.938875860513264,77.64047083569952
89443689/2023,2023-11-16 20:04:00,ASSAULT,ASSAULT incident reported in North (Malleswaram),North (Malleswaram),False,North (Malleswaram),13.022918009040083,77.5432972901697
89192035/2026,2026-05-30 04:20:00,ASSAULT,ASSAULT incident reported in South (Jayanagar),South (Jayanagar),False,South (Jayanagar),12.942975938716048,77.58909199814863
"FIR No. 0150/2023, P.S. Jayanagar",2023-10-21 01:39:00,THEFT,THEFT incident reported in South (Jayanagar),South (Jayanagar),True,South (Jayanagar),12.91088566868476,77.59088522443439
"FIR No. 0273/2023, P.S. Majestic/MG Road",2023-04-19 04:29:00,ROBBERY,ROBBERY incident reported in Central (Majestic/MG Road),Central (Majestic/MG Road),False,Central (Majestic/MG Road),12.967398454274155,77.5903398500276
"FIR No. 0550/2025, P.S. Whitefield",2025-07-27 02:10:00,OTHER,OTHER incident reported in IT Corridor (Whitefield),IT Corridor (Whitefield),True,IT Corridor (Whitefield),12.960841593206116,77.76731317477659
"FIR No. 0203/2025, P.S. Majestic/MG Road",2025-03-03 15:03:00,THEFT,THEFT incident reported in Central (Majestic/MG Road),Central (Majestic/MG Road),True,Central (Majestic/MG Road),12.977204524692002,77.59029559118987
"FIR No. 0686/2025, P.S. Koramangala",2025-10-12 17:04:00,THEFT,THEFT incident reported in South East (Koramangala),South East (Koramangala),False,South East (Koramangala),12.943514209716144,77.61619267278158
80613901/2025,2025-12-28 13:46:00,CYBER,CYBER incident reported in East (Indiranagar),East (Indiranagar),True,East (Indiranagar),12.968707210420284,77.64537309247983
"FIR No. 0166/2024, P.S. Koramangala",2024-05-10 09:29:00,CYBER,CYBER incident reported in South East (Koramangala),South East (Koramangala),True,South East (Koramangala),12.924979203973994,77.61892533466076
"FIR No. 0300/2025, P.S. Koramangala",2025-07-03 01:52:00,ASSAULT,ASSAULT incident reported in South East (Koramangala),South East (Koramangala),False,South East (Koramangala),12.920765096235812,77.65877400371065
"FIR No. 0396/2024, P.S. Majestic/MG Road",2024-08-23 22:51:00,ASSAULT,ASSAULT incident reported in Central (Majestic/MG Road),Central (Majestic/MG Road),True,Central (Majestic/MG Road),12.961630773606736,77.55481286561333
"FIR No. 0101/2025, P.S. Koramangala",2025-04-15 16:06:00,ROBBERY,ROBBERY incident reported in South East (Koramangala),South East (Koramangala),True,South East (Koramangala),12.927098497652008,77.63942071314976
82096689/2025,2025-05-31 09:57:00,ASSAULT,ASSAULT incident reported in North (Malleswaram),North (Malleswaram),True,North (Malleswaram),13.011679573632096,77.5985074560788
"FIR No. 0949/2024, P.S. Indiranagar",2024-09-07 23:56:00,OTHER,OTHER incident reported in East (Indiranagar),East (Indiranagar),True,East (Indiranagar),12.98892574070545,77.6435847486943
"FIR No. 0119/2023, P.S. Jayanagar",2023-09-19 21:10:00,THEFT,THEFT incident reported in South (Jayanagar),South (Jayanagar),True,South (Jayanagar),12.94401411099709,77.59543974273763
"FIR No. 0023/2026, P.S. Whitefield",2026-03-28 21:10:00,ROBBERY,ROBBERY incident reported in IT Corridor (Whitefield),IT Corridor (Whitefield),False,IT Corridor (Whitefield),12.979465341834873,77.74117226990842
88377192/2025,2025-05-04 00:39:00,THEFT,THEFT incident reported in IT Corridor (Whitefield),IT Corridor (Whitefield),False,IT Corridor (Whitefield),12.96709430256018,77.75273738874162
"FIR No. 0104/2023, P.S. Indiranagar",2023-04-25 03:08:00,THEFT,THEFT incident reported in East (Indiranagar),East (Indiranagar),False,East (Indiranagar),12.975144881600372,77.64465953819746
"FIR No. 0770/2025, P.S. Majestic/MG Road",2025-09-28 22:29:00,THEFT,THEFT incident reported in Central (Majestic/MG Road),Central (Majestic/MG Road),False,Central (Majestic/MG Road),12.954048453026097,77.58737670159125
89965554/2025,2025-05-19 10:32:00,THEFT,THEFT incident reported in North (Malleswaram),North (Malleswaram),True,North (Malleswaram),13.000569787405825,77.55176337835864
"FIR No. 0129/2025, P.S. Koramangala",2025-06-22 19:18:00,THEFT,THEFT incident reported in South East (Koramangala),South East (Koramangala),False,South East (Koramangala),12.947653412988124,77.61207916921774
86691791/2023,2023-12-23 00:38:00,BURGLARY,BURGLARY incident reported in IT Corridor (Whitefield),IT Corridor (Whitefield),False,IT Corridor (Whitefield),12.960818135130936,77.75677025972946
"FIR No. 0021/2023, P.S. Majestic/MG Road",2023-01-21 09:12:00,ROBBERY,ROBBERY incident reported in Central (Majestic/MG Road),Central (Majestic/MG Road),False,Central (Majestic/MG Road),12.984867539246515,77.57726755746906
"FIR No. 0504/2025, P.S. Malleswaram",2025-10-30 10:50:00,ROBBERY,ROBBERY incident reported in North (Malleswaram),North (Malleswaram),True,North (Malleswaram),12.98689989566674,77.59014960029626
"FIR No. 0200/2024, P.S. Jayanagar",2024-02-05 04:20:00,CYBER,CYBER incident reported in South (Jayanagar),South (Jayanagar),True,South (Jayanagar),12.955505217879246,77.56541022204657
"FIR No. 0031/2024, P.S. Jayanagar",2024-11-15 21:38:00,CYBER,CYBER incident reported in South (Jayanagar),South (Jayanagar),False,South (Jayanagar),12.902692938495472,77.57021683770802
84425240/2026,2026-02-19 03:19:00,OTHER,OTHER incident reported in South (Jayanagar),South (Jayanagar),False,South (Jayanagar),12.912725790708048,77.57389110379751
"FIR No. 0778/2023, P.S. Majestic/MG Road",2023-10-06 21:21:00,ASSAULT,ASSAULT incident reported in Central (Majestic/MG Road),Central (Majestic/MG Road),False,Central (Majestic/MG Road),12.95142116909643,77.56317002727702
87573470/2023,2023-03-14 00:40:00,ROBBERY,ROBBERY incident reported in Central (Majestic/MG Road),Central (Majestic/MG Road),True,Central (Majestic/MG Road),12.96620984094476,77.5726203247612
"FIR No. 0049/2024, P.S. Indiranagar",2024-04-25 12:36:00,ASSAULT,ASSAULT incident reported in East (Indiranagar),East (Indiranagar),False,East (Indiranagar),12.976354014289944,77.64132031818578
"FIR No. 0309/2023, P.S. Koramangala",2023-06-12 23:11:00,CYBER,CYBER incident reported in South East (Koramangala),South East (Koramangala),True,South East (Koramangala),12.925228014163393,77.64667252073586
"FIR No. 0017/2025, P.S. Malleswaram",2025-01-14 05:11:00,CYBER,CYBER incident reported in North (Malleswaram),North (Malleswaram),False,North (Malleswaram),13.014102272230778,77.55816597409792
"FIR No. 0040/2024, P.S. Majestic/MG Road",2024-04-19 05:03:00,ASSAULT,ASSAULT incident reported in Central (Majestic/MG Road),Central (Majestic/MG Road),True,Central (Majestic/MG Road),12.982246082492969,77.56513499122683
"FIR No. 0867/2025, P.S. Koramangala",2025-12-22 10:59:00,THEFT,THEFT incident reported in South East (Koramangala),South East (Koramangala),False,South East (Koramangala),12.921983261960785,77.6435513935725
"FIR No. 0497/2023, P.S. Indiranagar",2023-09-07 13:22:00,CYBER,CYBER incident reported in East (Indiranagar),East (Indiranagar),False,East (Indiranagar),12.9937253960809,77.63299443287958
"FIR No. 0055/2025, P.S. Jayanagar",2025-01-21 22:22:00,ASSAULT,ASSAULT incident reported in South (Jayanagar),South (Jayanagar),False,South (Jayanagar),12.950447736288456,77.5633913743388
"FIR No. 1362/2025, P.S. Koramangala",2025-12-12 18:20:00,CYBER,CYBER incident reported in South East (Koramangala),South East (Koramangala),True,South East (Koramangala),12.948476962919113,77.62887626503642
84465241/2024,2024-09-02 15:37:00,ROBBERY,ROBBERY incident reported in IT Corridor (Whitefield),IT Corridor (Whitefield),True,IT Corridor (Whitefield),12.958050658124762,77.73277457564255
"FIR No. 0060/2026, P.S. Indiranagar",2026-01-03 05:37:00,ROBBERY,ROBBERY incident reported in East (Indiranagar),East (Indiranagar),False,East (Indiranagar),12.987771569681051,77.63551562893623
81245696/2024,2024-06-17 08:34:00,ROBBERY,ROBBERY incident reported in Central (Majestic/MG Road),Central (Majestic/MG Road),True,Central (Majestic/MG Road),12.972357300495569,77.57441445813593
82385431/2026,2026-04-24 13:46:00,THEFT,THEFT incident reported in South East (Koramangala),South East (Koramangala),False,South East (Koramangala),12.937763306428776,77.63796975751244
"FIR No. 0285/2023, P.S. Malleswaram",2023-12-30 11:13:00,THEFT,THEFT incident reported in North (Malleswaram),North (Malleswaram),False,North (Malleswaram),12.97786703670457,77.5675976874727
88116513/2025,2025-02-04 10:48:00,CYBER,CYBER incident reported in South East (Koramangala),South East (Koramangala),True,South East (Koramangala),12.934130954014494,77.6205064223413
"FIR No. 0151/2026, P.S. Jayanagar",2026-02-12 00:50:00,THEFT,THEFT incident reported in South (Jayanagar),South (Jayanagar),False,South (Jayanagar),12.920972654820408,77.5833874408024
81963785/2026,2026-05-31 15:42:00,BURGLARY,BURGLARY incident reported in Central (Majestic/MG Road),Central (Majestic/MG Road),False,Central (Majestic/MG Road),13.002272365829963,77.55700457758087
"FIR No. 0362/2026, P.S. Whitefield",2026-08-06 02:09:00,BURGLARY,BURGLARY incident reported in IT Corridor (Whitefield),IT Corridor (Whitefield),False,IT Corridor (Whitefield),12.97012560413346,77.76077617933933
"FIR No. 0586/2023, P.S. Majestic/MG Road",2023-09-14 04:51:00,ASSAULT,ASSAULT incident reported in Central (Majestic/MG Road),Central (Majestic/MG Road),False,Central (Majestic/MG Road),12.971607039251992,77.58888878042956
81622224/2023,2023-12-06 09:24:00,THEFT,THEFT incident reported in IT Corridor (Whitefield),IT Corridor (Whitefield),False,IT Corridor (Whitefield),12.965483115234536,77.7399400396108
"FIR No. 0073/2024, P.S. Jayanagar",2024-11-02 22:33:00,OTHER,OTHER incident reported in South (Jayanagar),South (Jayanagar),False,South (Jayanagar),12.942582958772826,77.58973608693043
81620629/2024,2024-06-10 10:54:00,THEFT,THEFT incident reported in South (Jayanagar),South (Jayanagar),False,South (Jayanagar),12.924624328887694,77.55035796583516
"FIR No. 0543/2025, P.S. Majestic/MG Road",2025-07-06 21:55:00,CYBER,CYBER incident reported in Central (Majestic/MG Road),Central (Majestic/MG Road),False,Central (Majestic/MG Road),12.97839035182802,77.57374623481002
"FIR No. 0141/2026, P.S. Indiranagar",2026-02-03 09:02:00,THEFT,THEFT incident reported in East (Indiranagar),East (Indiranagar),False,East (Indiranagar),12.97906984949542,77.65763214274637
89661672/2026,2026-01-28 18:51:00,THEFT,THEFT incident reported in South (Jayanagar),South (Jayanagar),False,South (Jayanagar),12.908734180386435,77.60232969630646
"FIR No. 0351/2025, P.S. Indiranagar",2025-07-23 05:45:00,BURGLARY,BURGLARY incident reported in East (Indiranagar),East (Indiranagar),False,East (Indiranagar),12.96058583125328,77.62476792953655
"FIR No. 0204/2026, P.S. Majestic/MG Road",2026-06-25 13:32:00,ASSAULT,ASSAULT incident reported in Central (Majestic/MG Road),Central (Majestic/MG Road),False,Central (Majestic/MG Road),12.967387054727874,77.56672245380972
83442055/2024,2024-01-07 03:48:00,THEFT,THEFT incident reported in South East (Koramangala),South East (Koramangala),True,South East (Koramangala),12.934225619379532,77.61287447675694
"FIR No. 0598/2025, P.S. Majestic/MG Road",2025-12-04 10:09:00,ROBBERY,ROBBERY incident reported in Central (Majestic/MG Road),Central (Majestic/MG Road),False,Central (Majestic/MG Road),12.982084342710776,77.56120497190624
"FIR No. 0196/2026, P.S. Jayanagar",2026-06-22 18:16:00,ROBBERY,ROBBERY incident reported in South (Jayanagar),South (Jayanagar),False,South (Jayanagar),12.945078030123591,77.56398331749116
"FIR No. 0356/2025, P.S. Koramangala",2025-09-24 16:53:00,CYBER,CYBER incident reported in South East (Koramangala),South East (Koramangala),False,South East (Koramangala),12.931450797507646,77.64381270994744
"FIR No. 0139/2023, P.S. Indiranagar",2023-11-10 17:30:00,THEFT,THEFT incident reported in East (Indiranagar),East (Indiranagar),False,East (Indiranagar),12.972316156373164,77.60649883970926
"FIR No. 0152/2026, P.S. Koramangala",2026-07-03 16:50:00,THEFT,THEFT incident reported in South East (Koramangala),South East (Koramangala),False,South East (Koramangala),12.923567872694786,77.62925337173542
81109876/2026,2026-06-19 00:34:00,ROBBERY,ROBBERY incident reported in Central (Majestic/MG Road),Central (Majestic/MG Road),True,Central (Majestic/MG Road),12.983675474172886,77.56389420600722
"FIR No. 0221/2026, P.S. Jayanagar",2026-03-17 14:18:00,CYBER,CYBER incident reported in South (Jayanagar),South (Jayanagar),False,South (Jayanagar),12.944492039052244,77.5593113814077
"FIR No. 0160/2026, P.S. Whitefield",2026-03-20 15:35:00,OTHER,OTHER incident reported in IT Corridor (Whitefield),IT Corridor (Whitefield),False,IT Corridor (Whitefield),12.975724861684766,77.76325742731065
"FIR No. 0152/2023, P.S. Indiranagar",2023-02-12 02:36:00,ASSAULT,ASSAULT incident reported in East (Indiranagar),East (Indiranagar),False,East (Indiranagar),12.94779460742779,77.65208678852781
"FIR No. 0226/2024, P.S. Jayanagar",2024-09-16 16:48:00,ROBBERY,ROBBERY incident reported in South (Jayanagar),South (Jayanagar),False,South (Jayanagar),12.933611138153031,77.6088554487258
"FIR No. 0648/2025, P.S. Whitefield",2025-09-01 17:41:00,ASSAULT,ASSAULT incident reported in IT Corridor (Whitefield),IT Corridor (Whitefield),False,IT Corridor (Whitefield),12.973296009349353,77.76237078624901
"FIR No. 0177/2025, P.S. Indiranagar",2025-04-14 15:30:00,ASSAULT,ASSAULT incident reported in East (Indiranagar),East (Indiranagar),True,East (Indiranagar),12.999518823364406,77.66830978780618
"FIR No. 0075/2023, P.S. Malleswaram",2023-01-25 04:06:00,BURGLARY,BURGLARY incident reported in North (Malleswaram),North (Malleswaram),False,North (Malleswaram),12.991484401098926,77.55886855365584
80762252/2024,2024-02-07 02:34:00,CYBER,CYBER incident reported in South East (Koramangala),South East (Koramangala),True,South East (Koramangala),12.918930752078436,77.60318444516987
83470806/2026,2026-02-15 23:45:00,THEFT,THEFT incident reported in South (Jayanagar),South (Jayanagar),False,South (Jayanagar),12.940444305405885,77.58173078024828
81694702/2023,2023-08-26 13:22:00,ROBBERY,ROBBERY incident reported in South East (Koramangala),South East (Koramangala),False,South East (Koramangala),12.93837947932698,77.60996107214372
86914496/2023,2023-07-01 18:20:00,CYBER,CYBER incident reported in Central (Majestic/MG Road),Central (Majestic/MG Road),False,Central (Majestic/MG Road),13.009088711409424,77.56639791611207
"FIR No. 0581/2023, P.S. Indiranagar",2023-07-18 06:51:00,CYBER,CYBER incident reported in East (Indiranagar),East (Indiranagar),False,East (Indiranagar),12.989505686237647,77.66342092521542
"FIR No. 0435/2023, P.S. Indiranagar",2023-05-04 05:45:00,THEFT,THEFT incident reported in East (Indiranagar),East (Indiranagar),False,East (Indiranagar),12.99630733047386,77.62759186812569
"FIR No. 0179/2024, P.S. Indiranagar",2024-03-23 12:47:00,THEFT,THEFT incident reported in East (Indiranagar),East (Indiranagar),True,East (Indiranagar),12.996575475032964,77.6317147893913
"FIR No. 0728/2024, P.S. Koramangala",2024-10-03 11:00:00,THEFT,THEFT incident reported in South East (Koramangala),South East (Koramangala),False,South East (Koramangala),12.937304207766422,77.62317439817173
"FIR No. 0179/2025, P.S. Koramangala",2025-04-16 09:21:00,THEFT,THEFT incident reported in South East (Koramangala),South East (Koramangala),True,South East (Koramangala),12.939811495494784,77.62520305148172
"FIR No. 0549/2024, P.S. Malleswaram",2024-07-21 19:20:00,ROBBERY,ROBBERY incident reported in North (Malleswaram),North (Malleswaram),False,North (Malleswaram),13.019158230035234,77.60246524033406
"FIR No. 0120/2025, P.S. Indiranagar",2025-10-19 23:22:00,BURGLARY,BURGLARY incident reported in East (Indiranagar),East (Indiranagar),False,East (Indiranagar),12.978209227271266,77.61476164695577
"FIR No. 0022/2026, P.S. Malleswaram",2026-04-11 03:22:00,CYBER,CYBER incident reported in North (Malleswaram),North (Malleswaram),True,North (Malleswaram),13.002273678966084,77.56721303603902
"FIR No. 0231/2026, P.S. Koramangala",2026-06-26 22:14:00,THEFT,THEFT incident reported in South East (Koramangala),South East (Koramangala),False,South East (Koramangala),12.93897798750917,77.64603160073453
82995362/2025,2025-04-12 05:46:00,BURGLARY,BURGLARY incident reported in IT Corridor (Whitefield),IT Corridor (Whitefield),False,IT Corridor (Whitefield),12.957297751184791,77.7558673442848
"FIR No. 0302/2025, P.S. Majestic/MG Road",2025-05-18 17:44:00,CYBER,CYBER incident reported in Central (Majestic/MG Road),Central (Majestic/MG Road),False,Central (Majestic/MG Road),12.970485840971063,77.5808894700849
83955615/2026,2026-05-01 08:40:00,THEFT,THEFT incident reported in South East (Koramangala),South East (Koramangala),True,South East (Koramangala),12.91581082869968,77.61844622251596
"FIR No. 0497/2025, P.S. Indiranagar",2025-12-12 22:26:00,CYBER,CYBER incident reported in East (Indiranagar),East (Indiranagar),False,East (Indiranagar),12.988344142899129,77.65137324685162
"FIR No. 0376/2026, P.S. Whitefield",2026-08-15 20:55:00,THEFT,THEFT incident reported in IT Corridor (Whitefield),IT Corridor (Whitefield),False,IT Corridor (Whitefield),12.980719397144169,77.72181946723875
"FIR No. 0098/2025, P.S. Indiranagar",2025-02-08 07:29:00,CYBER,CYBER incident reported in East (Indiranagar),East (Indiranagar),False,East (Indiranagar),12.96337436123041,77.64932666705452
"FIR No. 0001/2025, P.S. Koramangala",2025-01-15 17:37:00,ASSAULT,ASSAULT incident reported in South East (Koramangala),South East (Koramangala),False,South East (Koramangala),12.934362700981854,77.63566470635905
"FIR No. 0145/2026, P.S. Majestic/MG Road",2026-04-07 14:55:00,ASSAULT,ASSAULT incident reported in Central (Majestic/MG Road),Central (Majestic/MG Road),False,Central (Majestic/MG Road),12.962573668478884,77.56441793844292
"FIR No. 0917/2024, P.S. Whitefield",2024-10-13 05:06:00,THEFT,THEFT incident reported in IT Corridor (Whitefield),IT Corridor (Whitefield),False,IT Corridor (Whitefield),12.949567918302982,77.74581667518146
"FIR No. 0629/2025, P.S. Majestic/MG Road",2025-12-21 07:34:00,ROBBERY,ROBBERY incident reported in Central (Majestic/MG Road),Central (Majestic/MG Road),True,Central (Majestic/MG Road),12.99351475898691,77.565721377807
"FIR No. 0658/2023, P.S. Indiranagar",2023-08-10 18:55:00,CYBER,CYBER incident reported in East (Indiranagar),East (Indiranagar),True,East (Indiranagar),12.985681797609365,77.64585828936745
"FIR No. 0168/2024, P.S. Koramangala",2024-06-20 03:08:00,ASSAULT,ASSAULT incident reported in South East (Koramangala),South East (Koramangala),False,South East (Koramangala),12.935750238091288,77.63162729240864
"FIR No. 0112/2026, P.S. Majestic/MG Road",2026-02-27 00:21:00,ROBBERY,ROBBERY incident reported in Central (Majestic/MG Road),Central (Majestic/MG Road),False,Central (Majestic/MG Road),12.9708633471086,77.55568802965648
82815125/2023,2023-08-27 00:10:00,CYBER,CYBER incident reported in South (Jayanagar),South (Jayanagar),True,South (Jayanagar),12.921058558835984,77.58951225969986
86145724/2023,2023-09-23 06:21:00,THEFT,THEFT incident reported in South (Jayanagar),South (Jayanagar),False,South (Jayanagar),12.923330568566952,77.58815815722673
"FIR No. 0326/2023, P.S. Jayanagar",2023-04-27 06:04:00,THEFT,THEFT incident reported in South (Jayanagar),South (Jayanagar),False,South (Jayanagar),12.926954545604373,77.58689439858536
"FIR No. 0245/2023, P.S. Indiranagar",2023-06-13 10:10:00,THEFT,THEFT incident reported in East (Indiranagar),East (Indiranagar),False,East (Indiranagar),12.990804848072232,77.60605510674047
"FIR No. 0732/2023, P.S. Whitefield",2023-10-31 08:08:00,ASSAULT,ASSAULT incident reported in IT Corridor (Whitefield),IT Corridor (Whitefield),False,IT Corridor (Whitefield),12.970210971459505,77.7615000678633
"FIR No. 0039/2024, P.S. Majestic/MG Road",2024-01-01 18:36:00,THEFT,THEFT incident reported in Central (Majestic/MG Road),Central (Majestic/MG Road),False,Central (Majestic/MG Road),13.015978827606853,77.57621471212073
"FIR No. 0099/2024, P.S. Majestic/MG Road",2024-02-01 02:23:00,CYBER,CYBER incident reported in Central (Majestic/MG Road),Central (Majestic/MG Road),False,Central (Majestic/MG Road),12.9735839207657,77.57132250113524
85485603/2023,2023-01-11 06:36:00,ASSAULT,ASSAULT incident reported in Central (Majestic/MG Road),Central (Majestic/MG Road),False,Central (Majestic/MG Road),12.978289840850506,77.55220866539345
86867068/2023,2023-09-26 18:56:00,CYBER,CYBER incident reported in South East (Koramangala),South East (Koramangala),True,South East (Koramangala),12.956381376964025,77.61565280526048
"FIR No. 0195/2024, P.S. Malleswaram",2024-04-25 20:55:00,THEFT,THEFT incident reported in North (Malleswaram),North (Malleswaram),True,North (Malleswaram),13.020594540319626,77.55018006249443
"FIR No. 0829/2024, P.S. Malleswaram",2024-09-25 00:03:00,BURGLARY,BURGLARY incident reported in North (Malleswaram),North (Malleswaram),False,North (Malleswaram),13.002442060265732,77.55251604351362
"FIR No. 0773/2024, P.S. Malleswaram",2024-11-18 23:57:00,THEFT,THEFT incident reported in North (Malleswaram),North (Malleswaram),False,North (Malleswaram),12.979806990764054,77.57799563550354
84444774/2025,2025-08-28 01:03:00,ASSAULT,ASSAULT incident reported in South (Jayanagar),South (Jayanagar),False,South (Jayanagar),12.922574052851806,77.57837673803307
80323822/2023,2023-07-22 10:04:00,CYBER,CYBER incident reported in IT Corridor (Whitefield),IT Corridor (Whitefield),False,IT Corridor (Whitefield),12.923659299013504,77.75885504883338
"FIR No. 0266/2024, P.S. Majestic/MG Road",2024-08-28 17:12:00,ROBBERY,ROBBERY incident reported in Central (Majestic/MG Road),Central (Majestic/MG Road),True,Central (Majestic/MG Road),12.96148248162186,77.5588327050379
84252958/2025,2025-11-15 20:34:00,CYBER,CYBER incident reported in IT Corridor (Whitefield),IT Corridor (Whitefield),False,IT Corridor (Whitefield),12.94060733319761,77.7453572245755
"FIR No. 0633/2023, P.S. Majestic/MG Road",2023-10-28 09:39:00,ROBBERY,ROBBERY incident reported in Central (Majestic/MG Road),Central (Majestic/MG Road),False,Central (Majestic/MG Road),12.964198190800271,77.5616818589859
81360419/2024,2024-12-17 16:53:00,THEFT,THEFT incident reported in South East (Koramangala),South East (Koramangala),False,South East (Koramangala),12.952119668888756,77.65255704603975
"FIR No. 0309/2025, P.S. Indiranagar",2025-04-15 16:13:00,THEFT,THEFT incident reported in East (Indiranagar),East (Indiranagar),False,East (Indiranagar),12.9743204079572,77.64681240198827
"FIR No. 0150/2026, P.S. Majestic/MG Road",2026-07-27 01:58:00,THEFT,THEFT incident reported in Central (Majestic/MG Road),Central (Majestic/MG Road),True,Central (Majestic/MG Road),12.983731193456013,77.59319193673461
88435736/2026,2026-02-22 11:22:00,THEFT,THEFT incident reported in Central (Majestic/MG Road),Central (Majestic/MG Road),True,Central (Majestic/MG Road),12.970215267540636,77.55293892322233
"FIR No. 0382/2026, P.S. Majestic/MG Road",2026-04-07 11:26:00,CYBER,CYBER incident reported in Central (Majestic/MG Road),Central (Majestic/MG Road),False,Central (Majestic/MG Road),12.977580389303323,77.58766503931948
"FIR No. 0986/2025, P.S. Indiranagar",2025-11-28 10:55:00,CYBER,CYBER incident reported in East (Indiranagar),East (Indiranagar),True,East (Indiranagar),12.981987630315496,77.65506863427514
"FIR No. 0620/2026, P.S. Koramangala",2026-07-25 04:51:00,CYBER,CYBER incident reported in South East (Koramangala),South East (Koramangala),True,South East (Koramangala),12.951885602604074,77.6261120317428
"FIR No. 0283/2026, P.S. Koramangala",2026-04-13 15:54:00,ASSAULT,ASSAULT incident reported in South East (Koramangala),South East (Koramangala),False,South East (Koramangala),12.92395642091616,77.60671708325145
"FIR No. 0055/2025, P.S. Indiranagar",2025-03-31 13:18:00,ASSAULT,ASSAULT incident reported in East (Indiranagar),East (Indiranagar),False,East (Indiranagar),12.98058866184146,77.64083272688697
"FIR No. 0123/2023, P.S. Indiranagar",2023-02-15 21:56:00,ASSAULT,ASSAULT incident reported in East (Indiranagar),East (Indiranagar),False,East (Indiranagar),12.999113123866584,77.62940509715548
"FIR No. 0242/2026, P.S. Indiranagar",2026-05-04 13:06:00,OTHER,OTHER incident reported in East (Indiranagar),East (Indiranagar),False,East (Indiranagar),13.001995281801909,77.64070461379393
"FIR No. 0695/2024, P.S. Malleswaram",2024-09-20 20:03:00,CYBER,CYBER incident reported in North (Malleswaram),North (Malleswaram),True,North (Malleswaram),12.990234917536757,77.5765600215423
87917302/2024,2024-09-15 04:20:00,THEFT,THEFT incident reported in South East (Koramangala),South East (Koramangala),False,South East (Koramangala),12.919779938814187,77.59613808701117
"FIR No. 0309/2023, P.S. Jayanagar",2023-11-17 10:10:00,THEFT,THEFT incident reported in South (Jayanagar),South (Jayanagar),False,South (Jayanagar),12.91182405986824,77.59880040656554
"FIR No. 0299/2026, P.S. Majestic/MG Road",2026-04-03 18:38:00,THEFT,THEFT incident reported in Central (Majestic/MG Road),Central (Majestic/MG Road),False,Central (Majestic/MG Road),12.97549745688034,77.56394732339545
"FIR No. 0314/2025, P.S. Whitefield",2025-05-03 16:59:00,THEFT,THEFT incident reported in IT Corridor (Whitefield),IT Corridor (Whitefield),False,IT Corridor (Whitefield),12.9826705768228,77.74023798540019
"FIR No. 0022/2025, P.S. Jayanagar",2025-01-31 06:46:00,CYBER,CYBER incident reported in South (Jayanagar),South (Jayanagar),False,South (Jayanagar),12.940141033082366,77.59649827359905
89525824/2025,2025-09-21 04:34:00,THEFT,THEFT incident reported in Central (Majestic/MG Road),Central (Majestic/MG Road),False,Central (Majestic/MG Road),12.988330386810286,77.57719752304051
85999334/2023,2023-07-17 10:45:00,CYBER,CYBER incident reported in IT Corridor (Whitefield),IT Corridor (Whitefield),False,IT Corridor (Whitefield),12.98009236779978,77.7640545565711
87826410/2024,2024-09-07 12:35:00,CYBER,CYBER incident reported in North (Malleswaram),North (Malleswaram),False,North (Malleswaram),12.978442423762107,77.58255083497541
"FIR No. 0191/2026, P.S. Indiranagar",2026-03-26 04:54:00,THEFT,THEFT incident reported in East (Indiranagar),East (Indiranagar),True,East (Indiranagar),12.968345908607892,77.63571603686795
"FIR No. 0123/2025, P.S. Jayanagar",2025-06-21 17:56:00,ASSAULT,ASSAULT incident reported in South (Jayanagar),South (Jayanagar),True,South (Jayanagar),12.92658260948098,77.56058629052364
"FIR No. 1071/2024, P.S. Jayanagar",2024-11-28 22:22:00,CYBER,CYBER incident reported in South (Jayanagar),South (Jayanagar),False,South (Jayanagar),12.911723598379238,77.59042379031253
"FIR No. 0101/2025, P.S. Koramangala",2025-02-12 02:47:00,THEFT,THEFT incident reported in South East (Koramangala),South East (Koramangala),False,South East (Koramangala),12.96218180982388,77.63255114253982
"FIR No. 0705/2023, P.S. Koramangala",2023-10-28 23:13:00,CYBER,CYBER incident reported in South East (Koramangala),South East (Koramangala),False,South East (Koramangala),12.928044957352434,77.63189323947981
85165272/2025,2025-04-26 05:14:00,THEFT,THEFT incident reported in South East (Koramangala),South East (Koramangala),False,South East (Koramangala),12.9300948167499,77.63170053136793
"FIR No. 1052/2024, P.S. Malleswaram",2024-12-01 05:20:00,THEFT,THEFT incident reported in North (Malleswaram),North (Malleswaram),False,North (Malleswaram),12.99070611907133,77.55579135238425
"FIR No. 0251/2023, P.S. Koramangala",2023-08-31 20:15:00,ROBBERY,ROBBERY incident reported in South East (Koramangala),South East (Koramangala),False,South East (Koramangala),12.966180103646156,77.59815382433241
"FIR No. 0382/2026, P.S. Indiranagar",2026-05-09 23:56:00,THEFT,THEFT incident reported in East (Indiranagar),East (Indiranagar),False,East (Indiranagar),13.00174719730646,77.6349187630923
"FIR No. 0018/2024, P.S. Indiranagar",2024-04-20 23:46:00,CYBER,CYBER incident reported in East (Indiranagar),East (Indiranagar),True,East (Indiranagar),12.989561547097132,77.65759009298688
81414093/2025,2025-05-20 11:06:00,ASSAULT,ASSAULT incident reported in North (Malleswaram),North (Malleswaram),True,North (Malleswaram),12.992301493931787,77.5864789173229
"FIR No. 0198/2023, P.S. Koramangala",2023-08-04 20:01:00,ROBBERY,ROBBERY incident reported in South East (Koramangala),South East (Koramangala),False,South East (Koramangala),12.950903534453431,77.64859397294198
"FIR No. 0394/2025, P.S. Majestic/MG Road",2025-06-18 10:42:00,THEFT,THEFT incident reported in Central (Majestic/MG Road),Central (Majestic/MG Road),False,Central (Majestic/MG Road),12.982358577876598,77.5703092392479
"FIR No. 0052/2023, P.S. Koramangala",2023-03-23 08:00:00,THEFT,THEFT incident reported in South East (Koramangala),South East (Koramangala),False,South East (Koramangala),12.936274168017304,77.60169507286285
81503645/2024,2024-03-10 23:13:00,CYBER,CYBER incident reported in Central (Majestic/MG Road),Central (Majestic/MG Road),True,Central (Majestic/MG Road),12.990146803140638,77.57053653774899
84232431/2026,2026-01-31 06:29:00,BURGLARY,BURGLARY incident reported in South East (Koramangala),South East (Koramangala),False,South East (Koramangala),12.95789195001017,77.63787328527077
"FIR No. 0334/2025, P.S. Koramangala",2025-11-17 17:15:00,CYBER,CYBER incident reported in South East (Koramangala),South East (Koramangala),True,South East (Koramangala),12.921295743922157,77.63241952213787
"FIR No. 0779/2023, P.S. Indiranagar",2023-12-15 11:58:00,THEFT,THEFT incident reported in East (Indiranagar),East (Indiranagar),False,East (Indiranagar),12.966667398721444,77.64373635137075
"FIR No. 0709/2023, P.S. Indiranagar",2023-07-29 10:35:00,THEFT,THEFT incident reported in East (Indiranagar),East (Indiranagar),False,East (Indiranagar),12.97221921187936,77.6409462158975
"FIR No. 0745/2023, P.S. Koramangala",2023-10-26 13:58:00,ASSAULT,ASSAULT incident reported in South East (Koramangala),South East (Koramangala),False,South East (Koramangala),12.908163608811954,77.61307212975393
"FIR No. 0377/2025, P.S. Indiranagar",2025-04-12 02:00:00,CYBER,CYBER incident reported in East (Indiranagar),East (Indiranagar),True,East (Indiranagar),12.996239061654236,77.63409815158764
"FIR No. 0196/2023, P.S. Indiranagar",2023-03-15 07:53:00,THEFT,THEFT incident reported in East (Indiranagar),East (Indiranagar),False,East (Indiranagar),13.004982684750988,77.66101800837363
"FIR No. 0053/2026, P.S. Majestic/MG Road",2026-05-17 03:15:00,ASSAULT,ASSAULT incident reported in Central (Majestic/MG Road),Central (Majestic/MG Road),False,Central (Majestic/MG Road),12.954272322637662,77.56484383544596
"FIR No. 0511/2023, P.S. Koramangala",2023-07-11 01:27:00,CYBER,CYBER incident reported in South East (Koramangala),South East (Koramangala),False,South East (Koramangala),12.933138695364775,77.66316695929437
86295418/2023,2023-10-22 11:28:00,ASSAULT,ASSAULT incident reported in North (Malleswaram),North (Malleswaram),False,North (Malleswaram),13.010317236243615,77.57412912822268
"FIR No. 0263/2023, P.S. Jayanagar",2023-05-31 12:34:00,CYBER,CYBER incident reported in South (Jayanagar),South (Jayanagar),False,South (Jayanagar),12.925821547007189,77.60692469906564
"FIR No. 0046/2026, P.S. Malleswaram",2026-01-05 21:19:00,CYBER,CYBER incident reported in North (Malleswaram),North (Malleswaram),False,North (Malleswaram),13.019405538554611,77.56068176346776
"FIR No. 0377/2023, P.S. Jayanagar",2023-08-30 13:39:00,BURGLARY,BURGLARY incident reported in South (Jayanagar),South (Jayanagar),False,South (Jayanagar),12.927416697030504,77.60936191063766
"FIR No. 0257/2025, P.S. Majestic/MG Road",2025-07-30 14:50:00,CYBER,CYBER incident reported in Central (Majestic/MG Road),Central (Majestic/MG Road),False,Central (Majestic/MG Road),13.001680612562051,77.5804362541344
"FIR No. 0018/2023, P.S. Majestic/MG Road",2023-02-08 15:43:00,THEFT,THEFT incident reported in Central (Majestic/MG Road),Central (Majestic/MG Road),False,Central (Majestic/MG Road),12.986408067477685,77.55142060764372
"FIR No. 0504/2023, P.S. Indiranagar",2023-12-24 10:19:00,BURGLARY,BURGLARY incident reported in East (Indiranagar),East (Indiranagar),False,East (Indiranagar),12.999816338017876,77.64324651547106
"FIR No. 0511/2025, P.S. Majestic/MG Road",2025-12-11 11:39:00,THEFT,THEFT incident reported in Central (Majestic/MG Road),Central (Majestic/MG Road),True,Central (Majestic/MG Road),12.98939054820679,77.60732899219036
84280878/2023,2023-01-09 17:18:00,ROBBERY,ROBBERY incident reported in Central (Majestic/MG Road),Central (Majestic/MG Road),False,Central (Majestic/MG Road),12.963867946880772,77.52274285906068
87531946/2024,2024-03-24 22:52:00,THEFT,THEFT incident reported in South East (Koramangala),South East (Koramangala),True,South East (Koramangala),12.917175818679349,77.61779847935065
"FIR No. 0056/2025, P.S. Indiranagar",2025-02-17 11:48:00,CYBER,CYBER incident reported in East (Indiranagar),East (Indiranagar),False,East (Indiranagar),12.969467193553712,77.63275801965105
"FIR No. 0013/2023, P.S. Whitefield",2023-01-28 03:11:00,ROBBERY,ROBBERY incident reported in IT Corridor (Whitefield),IT Corridor (Whitefield),False,IT Corridor (Whitefield),12.956558634330165,77.73939254259729
"FIR No. 0167/2026, P.S. Majestic/MG Road",2026-03-03 03:47:00,ASSAULT,ASSAULT incident reported in Central (Majestic/MG Road),Central (Majestic/MG Road),False,Central (Majestic/MG Road),13.011281524474423,77.57806385313403
"FIR No. 0853/2023, P.S. Indiranagar",2023-10-14 00:52:00,CYBER,CYBER incident reported in East (Indiranagar),East (Indiranagar),False,East (Indiranagar),12.992477161087615,77.61280201250996
"FIR No. 0156/2025, P.S. Majestic/MG Road",2025-02-01 07:53:00,CYBER,CYBER incident reported in Central (Majestic/MG Road),Central (Majestic/MG Road),True,Central (Majestic/MG Road),12.988311011477077,77.56633515772846
"FIR No. 0326/2024, P.S. Majestic/MG Road",2024-07-25 01:33:00,CYBER,CYBER incident reported in Central (Majestic/MG Road),Central (Majestic/MG Road),True,Central (Majestic/MG Road),12.97757404314964,77.5799872448311
"FIR No. 0109/2023, P.S. Koramangala",2023-07-29 10:18:00,CYBER,CYBER incident reported in South East (Koramangala),South East (Koramangala),False,South East (Koramangala),12.91977559324944,77.61256782877142
"FIR No. 0073/2024, P.S. Majestic/MG Road",2024-01-13 06:57:00,THEFT,THEFT incident reported in Central (Majestic/MG Road),Central (Majestic/MG Road),False,Central (Majestic/MG Road),12.97377531752472,77.55205914744226
86951572/2025,2025-02-17 17:39:00,ROBBERY,ROBBERY incident reported in Central (Majestic/MG Road),Central (Majestic/MG Road),False,Central (Majestic/MG Road),12.982559063115072,77.56682102783319
"FIR No. 0196/2026, P.S. Koramangala",2026-07-23 16:02:00,ASSAULT,ASSAULT incident reported in South East (Koramangala),South East (Koramangala),False,South East (Koramangala),12.92731735090472,77.63900083083202
"FIR No. 0616/2025, P.S. Jayanagar",2025-10-01 16:17:00,CYBER,CYBER incident reported in South (Jayanagar),South (Jayanagar),True,South (Jayanagar),12.942473475574396,77.57733943377553
82075231/2024,2024-04-11 07:41:00,ASSAULT,ASSAULT incident reported in South East (Koramangala),South East (Koramangala),False,South East (Koramangala),12.944888640555313,77.6710488221596
"FIR No. 0289/2025, P.S. Majestic/MG Road",2025-05-20 23:26:00,CYBER,CYBER incident reported in Central (Majestic/MG Road),Central (Majestic/MG Road),False,Central (Majestic/MG Road),12.977354212490766,77.56386659879792
"FIR No. 0187/2026, P.S. Koramangala",2026-03-01 11:32:00,THEFT,THEFT incident reported in South East (Koramangala),South East (Koramangala),True,South East (Koramangala),12.925321824956908,77.61269228918383
"FIR No. 0493/2023, P.S. Koramangala",2023-08-24 04:17:00,THEFT,THEFT incident reported in South East (Koramangala),South East (Koramangala),True,South East (Koramangala),12.93565516718166,77.5937799994594
"FIR No. 0050/2023, P.S. Majestic/MG Road",2023-03-05 09:16:00,CYBER,CYBER incident reported in Central (Majestic/MG Road),Central (Majestic/MG Road),False,Central (Majestic/MG Road),12.985604853097025,77.59074516451159
"FIR No. 0335/2023, P.S. Malleswaram",2023-09-27 17:44:00,ASSAULT,ASSAULT incident reported in North (Malleswaram),North (Malleswaram),False,North (Malleswaram),12.980918572773446,77.54954641338004
80161771/2026,2026-03-06 15:05:00,THEFT,THEFT incident reported in East (Indiranagar),East (Indiranagar),True,East (Indiranagar),12.982804906592088,77.63330015886494
"FIR No. 0349/2025, P.S. Majestic/MG Road",2025-06-28 01:41:00,CYBER,CYBER incident reported in Central (Majestic/MG Road),Central (Majestic/MG Road),True,Central (Majestic/MG Road),12.974108491394672,77.55722465390704
"FIR No. 0089/2024, P.S. Jayanagar",2024-02-01 12:23:00,CYBER,CYBER incident reported in South (Jayanagar),South (Jayanagar),False,South (Jayanagar),12.93453008916961,77.60560312507243
"FIR No. 0155/2025, P.S. Majestic/MG Road",2025-05-26 12:59:00,CYBER,CYBER incident reported in Central (Majestic/MG Road),Central (Majestic/MG Road),False,Central (Majestic/MG Road),12.976866966335695,77.5754837432123
"FIR No. 0296/2025, P.S. Koramangala",2025-04-16 11:21:00,CYBER,CYBER incident reported in South East (Koramangala),South East (Koramangala),False,South East (Koramangala),12.934312094164328,77.6103679476824
"FIR No. 0032/2026, P.S. Koramangala",2026-01-06 23:40:00,THEFT,THEFT incident reported in South East (Koramangala),South East (Koramangala),False,South East (Koramangala),12.932881064095389,77.6462500225342
"FIR No. 0288/2024, P.S. Majestic/MG Road",2024-09-25 22:30:00,ROBBERY,ROBBERY incident reported in Central (Majestic/MG Road),Central (Majestic/MG Road),False,Central (Majestic/MG Road),12.97796538573514,77.58061009347344
"FIR No. 0559/2023, P.S. Indiranagar",2023-07-23 21:34:00,THEFT,THEFT incident reported in East (Indiranagar),East (Indiranagar),False,East (Indiranagar),12.979104175364975,77.63339958414282
"FIR No. 0525/2023, P.S. Indiranagar",2023-10-22 08:54:00,ROBBERY,ROBBERY incident reported in East (Indiranagar),East (Indiranagar),False,East (Indiranagar),12.985047801879148,77.6407992065615
"FIR No. 0456/2025, P.S. Koramangala",2025-06-19 19:22:00,BURGLARY,BURGLARY incident reported in South East (Koramangala),South East (Koramangala),False,South East (Koramangala),12.9361033742862,77.6441183452298
"FIR No. 0413/2024, P.S. Jayanagar",2024-08-09 20:18:00,THEFT,THEFT incident reported in South (Jayanagar),South (Jayanagar),False,South (Jayanagar),12.913073301260216,77.57091679456883
"FIR No. 0136/2024, P.S. Whitefield",2024-07-23 10:56:00,CYBER,CYBER incident reported in IT Corridor (Whitefield),IT Corridor (Whitefield),False,IT Corridor (Whitefield),12.966464601168106,77.75063678167893
"FIR No. 0093/2026, P.S. Jayanagar",2026-07-12 19:53:00,THEFT,THEFT incident reported in South (Jayanagar),South (Jayanagar),False,South (Jayanagar),12.904566972432624,77.5757379749986
"FIR No. 0118/2023, P.S. Jayanagar",2023-05-06 05:28:00,CYBER,CYBER incident reported in South (Jayanagar),South (Jayanagar),False,South (Jayanagar),12.939330910460614,77.57390597714132
"FIR No. 0507/2024, P.S. Majestic/MG Road",2024-07-26 10:26:00,CYBER,CYBER incident reported in Central (Majestic/MG Road),Central (Majestic/MG Road),True,Central (Majestic/MG Road),12.982732059285446,77.57702880905337
"FIR No. 0123/2025, P.S. Whitefield",2025-04-23 23:01:00,ROBBERY,ROBBERY incident reported in IT Corridor (Whitefield),IT Corridor (Whitefield),False,IT Corridor (Whitefield),12.976276120131809,77.76063415663393
"FIR No. 0404/2023, P.S. Majestic/MG Road",2023-10-15 01:03:00,THEFT,THEFT incident reported in Central (Majestic/MG Road),Central (Majestic/MG Road),False,Central (Majestic/MG Road),12.966192851283804,77.57689994865258
"FIR No. 0049/2026, P.S. Indiranagar",2026-03-31 10:31:00,CYBER,CYBER incident reported in East (Indiranagar),East (Indiranagar),False,East (Indiranagar),12.991400234741722,77.63141353325436
"FIR No. 0615/2025, P.S. Majestic/MG Road",2025-08-29 01:44:00,THEFT,THEFT incident reported in Central (Majestic/MG Road),Central (Majestic/MG Road),False,Central (Majestic/MG Road),12.964926313181891,77.56306042027711
"FIR No. 0109/2025, P.S. Indiranagar",2025-03-31 05:20:00,THEFT,THEFT incident reported in East (Indiranagar),East (Indiranagar),False,East (Indiranagar),12.999131423093637,77.66841968292219
"FIR No. 0088/2023, P.S. Koramangala",2023-04-03 00:52:00,THEFT,THEFT incident reported in South East (Koramangala),South East (Koramangala),True,South East (Koramangala),12.941102358249328,77.63636916067671
"FIR No. 0196/2026, P.S. Indiranagar",2026-07-06 10:13:00,CYBER,CYBER incident reported in East (Indiranagar),East (Indiranagar),False,East (Indiranagar),12.970201647195925,77.60819047333338
"FIR No. 0055/2025, P.S. Indiranagar",2025-06-04 20:45:00,CYBER,CYBER incident reported in East (Indiranagar),East (Indiranagar),False,East (Indiranagar),12.957193789240996,77.6453093918511
85356932/2025,2025-04-17 18:35:00,CYBER,CYBER incident reported in North (Malleswaram),North (Malleswaram),False,North (Malleswaram),13.038072174900911,77.5452921315524
86042549/2023,2023-12-06 05:36:00,THEFT,THEFT incident reported in South East (Koramangala),South East (Koramangala),True,South East (Koramangala),12.926140682368333,77.61455712788789
88612042/2025,2025-08-05 06:58:00,ROBBERY,ROBBERY incident reported in East (Indiranagar),East (Indiranagar),False,East (Indiranagar),12.965341737626517,77.64388681776185
"FIR No. 0107/2026, P.S. Koramangala",2026-01-18 10:45:00,CYBER,CYBER incident reported in South East (Koramangala),South East (Koramangala),True,South East (Koramangala),12.92595310761165,77.64792365382021
"FIR No. 0110/2026, P.S. Jayanagar",2026-05-14 19:15:00,THEFT,THEFT incident reported in South (Jayanagar),South (Jayanagar),False,South (Jayanagar),12.942234994734443,77.61258220688953
81563124/2025,2025-08-14 16:00:00,OTHER,OTHER incident reported in Central (Majestic/MG Road),Central (Majestic/MG Road),False,Central (Majestic/MG Road),13.00333815480049,77.58726149360076
"FIR No. 0293/2026, P.S. Koramangala",2026-06-07 22:08:00,CYBER,CYBER incident reported in South East (Koramangala),South East (Koramangala),True,South East (Koramangala),12.9572302327325,77.63604962248841
"FIR No. 0554/2024, P.S. Majestic/MG Road",2024-11-22 17:27:00,THEFT,THEFT incident reported in Central (Majestic/MG Road),Central (Majestic/MG Road),True,Central (Majestic/MG Road),13.018107261933656,77.57618479956368
"FIR No. 0168/2024, P.S. Malleswaram",2024-03-16 14:03:00,CYBER,CYBER incident reported in North (Malleswaram),North (Malleswaram),False,North (Malleswaram),12.97970758104642,77.57058414168009
"FIR No. 0603/2024, P.S. Majestic/MG Road",2024-12-08 22:15:00,THEFT,THEFT incident reported in Central (Majestic/MG Road),Central (Majestic/MG Road),False,Central (Majestic/MG Road),12.95966921145906,77.59745156001057
"FIR No. 0132/2025, P.S. Majestic/MG Road",2025-04-05 00:24:00,THEFT,THEFT incident reported in Central (Majestic/MG Road),Central (Majestic/MG Road),False,Central (Majestic/MG Road),12.957812687526774,77.57899461756789
"FIR No. 0516/2025, P.S. Jayanagar",2025-07-27 07:11:00,THEFT,THEFT incident reported in South (Jayanagar),South (Jayanagar),False,South (Jayanagar),12.932287182272232,77.60213829621297
"FIR No. 0110/2026, P.S. Majestic/MG Road",2026-04-25 18:46:00,ASSAULT,ASSAULT incident reported in Central (Majestic/MG Road),Central (Majestic/MG Road),False,Central (Majestic/MG Road),12.97793442892953,77.56180597528801
"FIR No. 0150/2026, P.S. Jayanagar",2026-06-25 15:50:00,THEFT,THEFT incident reported in South (Jayanagar),South (Jayanagar),False,South (Jayanagar),12.966357985497416,77.56904876236216
"FIR No. 0178/2025, P.S. Indiranagar",2025-07-27 06:09:00,THEFT,THEFT incident reported in East (Indiranagar),East (Indiranagar),True,East (Indiranagar),12.983659066048046,77.65932865526317
"FIR No. 0245/2025, P.S. Malleswaram",2025-03-21 12:59:00,ROBBERY,ROBBERY incident reported in North (Malleswaram),North (Malleswaram),False,North (Malleswaram),12.998865700336038,77.54041399039767
"FIR No. 0941/2024, P.S. Indiranagar",2024-12-02 05:23:00,CYBER,CYBER incident reported in East (Indiranagar),East (Indiranagar),False,East (Indiranagar),12.998458428743731,77.6343563668125
"FIR No. 0181/2025, P.S. Majestic/MG Road",2025-05-01 23:00:00,CYBER,CYBER incident reported in Central (Majestic/MG Road),Central (Majestic/MG Road),False,Central (Majestic/MG Road),12.995102034106512,77.55393963946356
"FIR No. 0097/2025, P.S. Malleswaram",2025-02-06 15:25:00,THEFT,THEFT incident reported in North (Malleswaram),North (Malleswaram),False,North (Malleswaram),13.01794238670858,77.59139497122128
85245195/2024,2024-07-25 04:01:00,THEFT,THEFT incident reported in South (Jayanagar),South (Jayanagar),False,South (Jayanagar),12.946848155295676,77.56368724195681
"FIR No. 0212/2023, P.S. Koramangala",2023-08-19 09:24:00,THEFT,THEFT incident reported in South East (Koramangala),South East (Koramangala),False,South East (Koramangala),12.94692537905382,77.63025255854124
"FIR No. 0003/2024, P.S. Whitefield",2024-06-24 09:20:00,ASSAULT,ASSAULT incident reported in IT Corridor (Whitefield),IT Corridor (Whitefield),False,IT Corridor (Whitefield),12.956597852927697,77.78204058348726
"FIR No. 0167/2023, P.S. Majestic/MG Road",2023-11-28 07:42:00,CYBER,CYBER incident reported in Central (Majestic/MG Road),Central (Majestic/MG Road),True,Central (Majestic/MG Road),13.008370461209877,77.602299731985
"FIR No. 0072/2025, P.S. Jayanagar",2025-05-06 20:23:00,THEFT,THEFT incident reported in South (Jayanagar),South (Jayanagar),False,South (Jayanagar),12.94306411197985,77.5838025652701
"FIR No. 0285/2023, P.S. Indiranagar",2023-11-16 23:28:00,CYBER,CYBER incident reported in East (Indiranagar),East (Indiranagar),False,East (Indiranagar),12.973102406709948,77.64344581532488
"FIR No. 0223/2023, P.S. Whitefield",2023-09-12 08:17:00,CYBER,CYBER incident reported in IT Corridor (Whitefield),IT Corridor (Whitefield),False,IT Corridor (Whitefield),12.970544737014976,77.7582138211172
83377336/2025,2025-07-18 16:38:00,BURGLARY,BURGLARY incident reported in South East (Koramangala),South East (Koramangala),False,South East (Koramangala),12.936404738940706,77.62881128228601
"FIR No. 0382/2025, P.S. Koramangala",2025-07-25 07:42:00,ASSAULT,ASSAULT incident reported in South East (Koramangala),South East (Koramangala),True,South East (Koramangala),12.94114949626176,77.64131069416457
89346569/2023,2023-10-28 01:14:00,THEFT,THEFT incident reported in South East (Koramangala),South East (Koramangala),False,South East (Koramangala),12.942032470680807,77.62115841307939
"FIR No. 0065/2023, P.S. Majestic/MG Road",2023-09-22 20:22:00,ASSAULT,ASSAULT incident reported in Central (Majestic/MG Road),Central (Majestic/MG Road),True,Central (Majestic/MG Road),12.985707474574358,77.54235383081816
89285936/2024,2024-01-26 07:47:00,ASSAULT,ASSAULT incident reported in East (Indiranagar),East (Indiranagar),True,East (Indiranagar),12.9725250413679,77.63471421380467
"FIR No. 0099/2025, P.S. Majestic/MG Road",2025-03-27 04:29:00,CYBER,CYBER incident reported in Central (Majestic/MG Road),Central (Majestic/MG Road),False,Central (Majestic/MG Road),12.936664154896915,77.56578555919329
"FIR No. 0002/2025, P.S. Malleswaram",2025-04-27 10:57:00,ASSAULT,ASSAULT incident reported in North (Malleswaram),North (Malleswaram),True,North (Malleswaram),13.00071683034536,77.57135569940344
"FIR No. 0465/2024, P.S. Koramangala",2024-08-18 10:11:00,CYBER,CYBER incident reported in South East (Koramangala),South East (Koramangala),False,South East (Koramangala),12.9332698895253,77.64007465010846
"FIR No. 0393/2023, P.S. Koramangala",2023-05-10 19:12:00,BURGLARY,BURGLARY incident reported in South East (Koramangala),South East (Koramangala),False,South East (Koramangala),12.911429386071498,77.60525855646948
82508297/2026,2026-06-02 13:18:00,ASSAULT,ASSAULT incident reported in South East (Koramangala),South East (Koramangala),False,South East (Koramangala),12.92544573146978,77.62896386764024
"FIR No. 0010/2024, P.S. Majestic/MG Road",2024-01-19 15:30:00,THEFT,THEFT incident reported in Central (Majestic/MG Road),Central (Majestic/MG Road),False,Central (Majestic/MG Road),12.967333471328226,77.58047583123783
"FIR No. 0024/2026, P.S. Majestic/MG Road",2026-02-08 02:01:00,CYBER,CYBER incident reported in Central (Majestic/MG Road),Central (Majestic/MG Road),False,Central (Majestic/MG Road),12.991284715799097,77.57084772058546
"FIR No. 0038/2024, P.S. Koramangala",2024-01-08 04:32:00,THEFT,THEFT incident reported in South East (Koramangala),South East (Koramangala),False,South East (Koramangala),12.944485319366189,77.60787574298081
"FIR No. 0597/2025, P.S. Majestic/MG Road",2025-11-11 19:19:00,THEFT,THEFT incident reported in Central (Majestic/MG Road),Central (Majestic/MG Road),False,Central (Majestic/MG Road),13.008095956257485,77.55789789058068
"FIR No. 0093/2025, P.S. Koramangala",2025-11-20 18:59:00,THEFT,THEFT incident reported in South East (Koramangala),South East (Koramangala),True,South East (Koramangala),12.937107752403906,77.6248585641654
"FIR No. 0262/2024, P.S. Indiranagar",2024-03-03 12:04:00,CYBER,CYBER incident reported in East (Indiranagar),East (Indiranagar),False,East (Indiranagar),12.982121716075287,77.6365985462763
86955293/2026,2026-08-15 10:24:00,ROBBERY,ROBBERY incident reported in Central (Majestic/MG Road),Central (Majestic/MG Road),True,Central (Majestic/MG Road),12.9590491624237,77.57424486331308
"FIR No. 0120/2023, P.S. Jayanagar",2023-02-10 02:07:00,THEFT,THEFT incident reported in South (Jayanagar),South (Jayanagar),True,South (Jayanagar),12.92227322482032,77.57414665041367
"FIR No. 0216/2023, P.S. Koramangala",2023-05-04 16:19:00,THEFT,THEFT incident reported in South East (Koramangala),South East (Koramangala),False,South East (Koramangala),12.918816884250989,77.61986223228051
"FIR No. 0341/2023, P.S. Indiranagar",2023-09-28 12:51:00,ROBBERY,ROBBERY incident reported in East (Indiranagar),East (Indiranagar),True,East (Indiranagar),12.959167194893096,77.65907289468184
"FIR No. 0125/2026, P.S. Koramangala",2026-03-12 21:12:00,THEFT,THEFT incident reported in South East (Koramangala),South East (Koramangala),True,South East (Koramangala),12.89783183902517,77.61639033796263
"FIR No. 0059/2025, P.S. Whitefield",2025-01-24 21:30:00,THEFT,THEFT incident reported in IT Corridor (Whitefield),IT Corridor (Whitefield),False,IT Corridor (Whitefield),12.98516975253152,77.75593422831102
"FIR No. 0254/2023, P.S. Indiranagar",2023-10-09 09:44:00,THEFT,THEFT incident reported in East (Indiranagar),East (Indiranagar),False,East (Indiranagar),12.988110341420594,77.6156504905223
"FIR No. 0035/2023, P.S. Malleswaram",2023-01-12 21:46:00,CYBER,CYBER incident reported in North (Malleswaram),North (Malleswaram),False,North (Malleswaram),12.996315762197732,77.57677761169046
"FIR No. 0561/2024, P.S. Majestic/MG Road",2024-05-29 21:08:00,THEFT,THEFT incident reported in Central (Majestic/MG Road),Central (Majestic/MG Road),False,Central (Majestic/MG Road),12.987229317854109,77.58394735936126
"FIR No. 0557/2025, P.S. Indiranagar",2025-07-21 18:13:00,THEFT,THEFT incident reported in East (Indiranagar),East (Indiranagar),False,East (Indiranagar),12.973530836516224,77.62781864482517
84042149/2025,2025-12-05 17:58:00,THEFT,THEFT incident reported in Central (Majestic/MG Road),Central (Majestic/MG Road),False,Central (Majestic/MG Road),12.988489767563316,77.5604011065748
"FIR No. 0028/2024, P.S. Whitefield",2024-03-22 09:52:00,CYBER,CYBER incident reported in IT Corridor (Whitefield),IT Corridor (Whitefield),False,IT Corridor (Whitefield),12.968235533908112,77.76719911086145
"FIR No. 0289/2025, P.S. Majestic/MG Road",2025-12-03 05:06:00,OTHER,OTHER incident reported in Central (Majestic/MG Road),Central (Majestic/MG Road),False,Central (Majestic/MG Road),12.977072004873348,77.57121173698873
"FIR No. 0190/2025, P.S. Koramangala",2025-07-17 16:18:00,CYBER,CYBER incident reported in South East (Koramangala),South East (Koramangala),False,South East (Koramangala),12.910846992356436,77.61791717820451
"FIR No. 0334/2026, P.S. Indiranagar",2026-04-17 13:26:00,ASSAULT,ASSAULT incident reported in East (Indiranagar),East (Indiranagar),False,East (Indiranagar),12.974462734386728,77.64738643117869
"FIR No. 0176/2025, P.S. Koramangala",2025-03-22 18:44:00,CYBER,CYBER incident reported in South East (Koramangala),South East (Koramangala),False,South East (Koramangala),12.930679179915844,77.61052466314518
"FIR No. 0250/2024, P.S. Whitefield",2024-03-14 18:07:00,THEFT,THEFT incident reported in IT Corridor (Whitefield),IT Corridor (Whitefield),True,IT Corridor (Whitefield),12.96979350583318,77.75751219010807
"FIR No. 0025/2023, P.S. Jayanagar",2023-01-27 03:16:00,THEFT,THEFT incident reported in South (Jayanagar),South (Jayanagar),False,South (Jayanagar),12.928528384222448,77.5929094167419
"FIR No. 0092/2025, P.S. Jayanagar",2025-01-16 09:34:00,BURGLARY,BURGLARY incident reported in South (Jayanagar),South (Jayanagar),False,South (Jayanagar),12.921471260870176,77.5721238901208
84544176/2024,2024-01-10 18:22:00,THEFT,THEFT incident reported in South East (Koramangala),South East (Koramangala),False,South East (Koramangala),12.944447381297604,77.63484439585935
"FIR No. 0274/2023, P.S. Whitefield",2023-11-17 00:41:00,THEFT,THEFT incident reported in IT Corridor (Whitefield),IT Corridor (Whitefield),False,IT Corridor (Whitefield),12.95347142775272,77.75685967738386
"FIR No. 0162/2025, P.S. Majestic/MG Road",2025-02-04 12:45:00,ASSAULT,ASSAULT incident reported in Central (Majestic/MG Road),Central (Majestic/MG Road),False,Central (Majestic/MG Road),12.952798229475109,77.596817886737
"FIR No. 0114/2023, P.S. Koramangala",2023-02-05 08:36:00,THEFT,THEFT incident reported in South East (Koramangala),South East (Koramangala),False,South East (Koramangala),12.944965034612997,77.60256733601562
"FIR No. 0871/2025, P.S. Jayanagar",2025-10-14 21:39:00,THEFT,THEFT incident reported in South (Jayanagar),South (Jayanagar),True,South (Jayanagar),12.92122375832369,77.58885369208602
"FIR No. 0450/2025, P.S. Malleswaram",2025-06-25 15:06:00,THEFT,THEFT incident reported in North (Malleswaram),North (Malleswaram),True,North (Malleswaram),12.99874525139671,77.552736514073
"FIR No. 0079/2025, P.S. Majestic/MG Road",2025-02-10 20:04:00,CYBER,CYBER incident reported in Central (Majestic/MG Road),Central (Majestic/MG Road),True,Central (Majestic/MG Road),13.015562294398556,77.55409458550375
"FIR No. 0074/2026, P.S. Indiranagar",2026-02-19 22:46:00,THEFT,THEFT incident reported in East (Indiranagar),East (Indiranagar),False,East (Indiranagar),12.98285099822895,77.64598927747728
85979505/2026,2026-01-30 21:16:00,THEFT,THEFT incident reported in East (Indiranagar),East (Indiranagar),True,East (Indiranagar),12.98056359094424,77.64123818514958
80982655/2023,2023-05-17 19:33:00,CYBER,CYBER incident reported in South East (Koramangala),South East (Koramangala),False,South East (Koramangala),12.91160767560519,77.64974922388103
"FIR No. 0680/2023, P.S. Koramangala",2023-11-11 04:56:00,ROBBERY,ROBBERY incident reported in South East (Koramangala),South East (Koramangala),False,South East (Koramangala),12.909132934489488,77.62925694740647
"FIR No. 0135/2024, P.S. Malleswaram",2024-11-30 19:04:00,ASSAULT,ASSAULT incident reported in North (Malleswaram),North (Malleswaram),False,North (Malleswaram),12.995302274452634,77.56493610365656
"FIR No. 0240/2023, P.S. Indiranagar",2023-12-16 06:06:00,CYBER,CYBER incident reported in East (Indiranagar),East (Indiranagar),False,East (Indiranagar),12.996380979643032,77.6398108199731
"FIR No. 0450/2025, P.S. Malleswaram",2025-08-22 16:44:00,CYBER,CYBER incident reported in North (Malleswaram),North (Malleswaram),False,North (Malleswaram),13.007684120022828,77.57211725035314
"FIR No. 0118/2025, P.S. Indiranagar",2025-02-28 11:39:00,THEFT,THEFT incident reported in East (Indiranagar),East (Indiranagar),False,East (Indiranagar),12.975462343256696,77.62630441180646
"FIR No. 0103/2023, P.S. Indiranagar",2023-02-06 22:38:00,ROBBERY,ROBBERY incident reported in East (Indiranagar),East (Indiranagar),False,East (Indiranagar),12.995152103518652,77.66697896740672
"FIR No. 0668/2024, P.S. Indiranagar",2024-06-24 07:58:00,THEFT,THEFT incident reported in East (Indiranagar),East (Indiranagar),False,East (Indiranagar),12.970303736090614,77.61514082764972
"FIR No. 0639/2023, P.S. Jayanagar",2023-12-10 03:58:00,ASSAULT,ASSAULT incident reported in South (Jayanagar),South (Jayanagar),False,South (Jayanagar),12.93326510682386,77.59059494035
"FIR No. 0462/2026, P.S. Malleswaram",2026-07-10 14:32:00,THEFT,THEFT incident reported in North (Malleswaram),North (Malleswaram),False,North (Malleswaram),12.9654294170475,77.5255881096788
"FIR No. 0373/2025, P.S. Whitefield",2025-06-22 10:52:00,THEFT,THEFT incident reported in IT Corridor (Whitefield),IT Corridor (Whitefield),True,IT Corridor (Whitefield),12.968325698370876,77.76834097743642
"FIR No. 0167/2024, P.S. Majestic/MG Road",2024-02-26 15:00:00,ASSAULT,ASSAULT incident reported in Central (Majestic/MG Road),Central (Majestic/MG Road),False,Central (Majestic/MG Road),12.997273213256465,77.57990449838546
"FIR No. 0138/2025, P.S. Indiranagar",2025-02-19 17:54:00,CYBER,CYBER incident reported in East (Indiranagar),East (Indiranagar),True,East (Indiranagar),12.94465850596017,77.64441625567802
"FIR No. 0001/2023, P.S. Koramangala",2023-05-18 21:30:00,CYBER,CYBER incident reported in South East (Koramangala),South East (Koramangala),False,South East (Koramangala),12.939330782894633,77.61266740231443
"FIR No. 0087/2026, P.S. Jayanagar",2026-01-26 03:51:00,ROBBERY,ROBBERY incident reported in South (Jayanagar),South (Jayanagar),False,South (Jayanagar),12.882445794599803,77.58060178154523
"FIR No. 0203/2023, P.S. Koramangala",2023-09-30 05:45:00,ASSAULT,ASSAULT incident reported in South East (Koramangala),South East (Koramangala),False,South East (Koramangala),12.93914557866537,77.64482868368863
"FIR No. 0429/2026, P.S. Malleswaram",2026-05-17 23:07:00,THEFT,THEFT incident reported in North (Malleswaram),North (Malleswaram),True,North (Malleswaram),13.01363201809401,77.56436216894008
"FIR No. 0232/2024, P.S. Indiranagar",2024-06-06 16:37:00,ASSAULT,ASSAULT incident reported in East (Indiranagar),East (Indiranagar),False,East (Indiranagar),12.988405116554045,77.64177496535999
"FIR No. 0031/2026, P.S. Indiranagar",2026-01-19 01:49:00,THEFT,THEFT incident reported in East (Indiranagar),East (Indiranagar),False,East (Indiranagar),12.97696161949097,77.60247906413632
"FIR No. 0285/2024, P.S. Malleswaram",2024-03-29 07:57:00,ASSAULT,ASSAULT incident reported in North (Malleswaram),North (Malleswaram),False,North (Malleswaram),13.00302907643867,77.57195667829762
"FIR No. 0251/2023, P.S. Koramangala",2023-03-03 05:20:00,CYBER,CYBER incident reported in South East (Koramangala),South East (Koramangala),False,South East (Koramangala),12.926524120685766,77.62616975288074
"FIR No. 0208/2023, P.S. Koramangala",2023-08-21 10:32:00,CYBER,CYBER incident reported in South East (Koramangala),South East (Koramangala),True,South East (Koramangala),12.94258860230337,77.63751419843557
"FIR No. 0102/2024, P.S. Indiranagar",2024-04-01 16:48:00,OTHER,OTHER incident reported in East (Indiranagar),East (Indiranagar),False,East (Indiranagar),12.989068719472936,77.64207865376832
"FIR No. 0435/2023, P.S. Majestic/MG Road",2023-06-07 00:13:00,BURGLARY,BURGLARY incident reported in Central (Majestic/MG Road),Central (Majestic/MG Road),False,Central (Majestic/MG Road),12.946306896886377,77.5420139543536
"FIR No. 0158/2026, P.S. Koramangala",2026-02-05 04:08:00,ASSAULT,ASSAULT incident reported in South East (Koramangala),South East (Koramangala),True,South East (Koramangala),12.94655022457174,77.6510073431725
"FIR No. 0080/2026, P.S. Jayanagar",2026-02-18 00:27:00,ROBBERY,ROBBERY incident reported in South (Jayanagar),South (Jayanagar),False,South (Jayanagar),12.94431978700881,77.59546624217484
"FIR No. 0327/2023, P.S. Koramangala",2023-06-03 09:01:00,CYBER,CYBER incident reported in South East (Koramangala),South East (Koramangala),False,South East (Koramangala),12.93524128100448,77.62371077190045
"FIR No. 0240/2023, P.S. Indiranagar",2023-03-27 22:08:00,ASSAULT,ASSAULT incident reported in East (Indiranagar),East (Indiranagar),True,East (Indiranagar),12.960333596825334,77.6405627420161
"FIR No. 0066/2026, P.S. Indiranagar",2026-01-12 10:57:00,ASSAULT,ASSAULT incident reported in East (Indiranagar),East (Indiranagar),True,East (Indiranagar),12.97666310645859,77.6114181348011
"FIR No. 0032/2023, P.S. Indiranagar",2023-04-06 18:44:00,THEFT,THEFT incident reported in East (Indiranagar),East (Indiranagar),False,East (Indiranagar),12.967336310306283,77.63367618680576
"FIR No. 0148/2025, P.S. Whitefield",2025-04-22 14:19:00,CYBER,CYBER incident reported in IT Corridor (Whitefield),IT Corridor (Whitefield),False,IT Corridor (Whitefield),12.978786731146542,77.7625975270189
87115509/2024,2024-04-24 09:08:00,ROBBERY,ROBBERY incident reported in IT Corridor (Whitefield),IT Corridor (Whitefield),False,IT Corridor (Whitefield),12.975946635719875,77.77066987331003
"FIR No. 0109/2026, P.S. Whitefield",2026-03-26 21:47:00,CYBER,CYBER incident reported in IT Corridor (Whitefield),IT Corridor (Whitefield),False,IT Corridor (Whitefield),12.961260735082115,77.74438210934879
81868746/2025,2025-02-02 15:46:00,ASSAULT,ASSAULT incident reported in South East (Koramangala),South East (Koramangala),False,South East (Koramangala),12.924098237502312,77.61812409579943
87861053/2024,2024-10-13 15:09:00,CYBER,CYBER incident reported in Central (Majestic/MG Road),Central (Majestic/MG Road),False,Central (Majestic/MG Road),12.978320850587842,77.55958374652775
"FIR No. 0164/2023, P.S. Koramangala",2023-04-16 15:37:00,ASSAULT,ASSAULT incident reported in South East (Koramangala),South East (Koramangala),False,South East (Koramangala),12.947811618149004,77.62552406698221
"FIR No. 0111/2025, P.S. Majestic/MG Road",2025-03-07 09:09:00,CYBER,CYBER incident reported in Central (Majestic/MG Road),Central (Majestic/MG Road),False,Central (Majestic/MG Road),12.984503592168984,77.59037432502197
89620363/2023,2023-04-04 20:40:00,THEFT,THEFT incident reported in South East (Koramangala),South East (Koramangala),False,South East (Koramangala),12.9442662259074,77.62360090539423
"FIR No. 0017/2025, P.S. Whitefield",2025-01-26 17:24:00,BURGLARY,BURGLARY incident reported in IT Corridor (Whitefield),IT Corridor (Whitefield),False,IT Corridor (Whitefield),12.971074742040932,77.75096482405172
82515700/2026,2026-05-20 20:00:00,ASSAULT,ASSAULT incident reported in South (Jayanagar),South (Jayanagar),False,South (Jayanagar),12.928416659205263,77.59176211297824
"FIR No. 0050/2025, P.S. Malleswaram",2025-11-29 22:32:00,ASSAULT,ASSAULT incident reported in North (Malleswaram),North (Malleswaram),False,North (Malleswaram),12.980197667543791,77.5665892184576
87037725/2023,2023-02-22 11:46:00,THEFT,THEFT incident reported in IT Corridor (Whitefield),IT Corridor (Whitefield),False,IT Corridor (Whitefield),12.983984403724367,77.75019836232083
"FIR No. 0805/2024, P.S. Malleswaram",2024-11-25 02:32:00,THEFT,THEFT incident reported in North (Malleswaram),North (Malleswaram),True,North (Malleswaram),12.998022154471416,77.56441805195098
83695021/2023,2023-04-29 01:55:00,THEFT,THEFT incident reported in East (Indiranagar),East (Indiranagar),False,East (Indiranagar),12.971625108977412,77.6371873019387
"FIR No. 1132/2024, P.S. Indiranagar",2024-12-05 15:22:00,CYBER,CYBER incident reported in East (Indiranagar),East (Indiranagar),True,East (Indiranagar),12.966220166537871,77.62922431787594
"FIR No. 0128/2025, P.S. Whitefield",2025-03-31 10:17:00,CYBER,CYBER incident reported in IT Corridor (Whitefield),IT Corridor (Whitefield),False,IT Corridor (Whitefield),12.952265944230268,77.76056587176848
"FIR No. 0063/2026, P.S. Koramangala",2026-02-03 02:02:00,ROBBERY,ROBBERY incident reported in South East (Koramangala),South East (Koramangala),True,South East (Koramangala),12.959651637778045,77.63004167971268
"FIR No. 0161/2023, P.S. Majestic/MG Road",2023-04-22 11:28:00,ROBBERY,ROBBERY incident reported in Central (Majestic/MG Road),Central (Majestic/MG Road),False,Central (Majestic/MG Road),12.969787185242188,77.54559020671765
"FIR No. 0157/2026, P.S. Koramangala",2026-04-18 12:45:00,ROBBERY,ROBBERY incident reported in South East (Koramangala),South East (Koramangala),False,South East (Koramangala),12.920558354394776,77.63394431736569
"FIR No. 0052/2024, P.S. Koramangala",2024-04-23 12:12:00,CYBER,CYBER incident reported in South East (Koramangala),South East (Koramangala),True,South East (Koramangala),12.941648740213951,77.63004316390781
"FIR No. 0030/2024, P.S. Indiranagar",2024-01-22 20:54:00,CYBER,CYBER incident reported in East (Indiranagar),East (Indiranagar),False,East (Indiranagar),12.999730225751184,77.64878330948261
"FIR No. 0367/2025, P.S. Whitefield",2025-04-21 23:47:00,ASSAULT,ASSAULT incident reported in IT Corridor (Whitefield),IT Corridor (Whitefield),False,IT Corridor (Whitefield),12.983843183204106,77.74260996436318
83130770/2024,2024-04-15 09:29:00,CYBER,CYBER incident reported in IT Corridor (Whitefield),IT Corridor (Whitefield),False,IT Corridor (Whitefield),12.951091784435151,77.73024617336266
"FIR No. 0014/2024, P.S. Koramangala",2024-03-24 15:42:00,CYBER,CYBER incident reported in South East (Koramangala),South East (Koramangala),False,South East (Koramangala),12.9404146329675,77.63556242174289
"FIR No. 0090/2023, P.S. Koramangala",2023-05-30 04:59:00,THEFT,THEFT incident reported in South East (Koramangala),South East (Koramangala),False,South East (Koramangala),12.941453815549613,77.63685451593638
"FIR No. 0260/2023, P.S. Majestic/MG Road",2023-08-29 15:10:00,ASSAULT,ASSAULT incident reported in Central (Majestic/MG Road),Central (Majestic/MG Road),True,Central (Majestic/MG Road),12.98532748273711,77.56826375582911
"FIR No. 0325/2024, P.S. Indiranagar",2024-04-12 18:33:00,CYBER,CYBER incident reported in East (Indiranagar),East (Indiranagar),False,East (Indiranagar),12.973366030835711,77.64511682938902
"FIR No. 0521/2026, P.S. Indiranagar",2026-08-08 20:50:00,CYBER,CYBER incident reported in East (Indiranagar),East (Indiranagar),True,East (Indiranagar),12.95847009653679,77.62831112422047
"FIR No. 0501/2026, P.S. Indiranagar",2026-07-06 18:48:00,THEFT,THEFT incident reported in East (Indiranagar),East (Indiranagar),False,East (Indiranagar),13.001475842336053,77.65151100258332
"FIR No. 0334/2026, P.S. Whitefield",2026-06-08 09:27:00,BURGLARY,BURGLARY incident reported in IT Corridor (Whitefield),IT Corridor (Whitefield),False,IT Corridor (Whitefield),12.9895189003504,77.77707613145341
"FIR No. 0170/2024, P.S. Koramangala",2024-11-08 21:58:00,THEFT,THEFT incident reported in South East (Koramangala),South East (Koramangala),True,South East (Koramangala),12.948295046845926,77.63761748747652
"FIR No. 0598/2023, P.S. Malleswaram",2023-11-12 02:01:00,CYBER,CYBER incident reported in North (Malleswaram),North (Malleswaram),False,North (Malleswaram),12.994799679678856,77.55583398867252
"FIR No. 0222/2023, P.S. Indiranagar",2023-08-21 11:36:00,THEFT,THEFT incident reported in East (Indiranagar),East (Indiranagar),False,East (Indiranagar),12.991118863992796,77.63160337759147
"FIR No. 0119/2023, P.S. Koramangala",2023-02-21 14:43:00,ASSAULT,ASSAULT incident reported in South East (Koramangala),South East (Koramangala),False,South East (Koramangala),12.922641137643458,77.63162906069654
"FIR No. 0469/2023, P.S. Jayanagar",2023-05-15 02:15:00,ROBBERY,ROBBERY incident reported in South (Jayanagar),South (Jayanagar),False,South (Jayanagar),12.92486476416363,77.58908926290228
"FIR No. 0156/2025, P.S. Koramangala",2025-05-17 08:49:00,ASSAULT,ASSAULT incident reported in South East (Koramangala),South East (Koramangala),False,South East (Koramangala),12.937388347670783,77.63318811432836
"FIR No. 0140/2026, P.S. Whitefield",2026-04-04 10:10:00,THEFT,THEFT incident reported in IT Corridor (Whitefield),IT Corridor (Whitefield),False,IT Corridor (Whitefield),12.966039585168817,77.76522999720258
80036566/2023,2023-06-30 07:35:00,ASSAULT,ASSAULT incident reported in East (Indiranagar),East (Indiranagar),False,East (Indiranagar),12.984296858091268,77.67022659569326
"FIR No. 0037/2024, P.S. Whitefield",2024-02-20 07:35:00,THEFT,THEFT incident reported in IT Corridor (Whitefield),IT Corridor (Whitefield),False,IT Corridor (Whitefield),12.961229644811151,77.72987592111954
"FIR No. 0166/2026, P.S. Majestic/MG Road",2026-03-02 10:37:00,THEFT,THEFT incident reported in Central (Majestic/MG Road),Central (Majestic/MG Road),False,Central (Majestic/MG Road),12.978946338887376,77.58796079477281
"FIR No. 0193/2023, P.S. Jayanagar",2023-03-02 10:34:00,THEFT,THEFT incident reported in South (Jayanagar),South (Jayanagar),False,South (Jayanagar),12.911214700440322,77.57297521364961
"FIR No. 0322/2026, P.S. Koramangala",2026-07-17 15:32:00,CYBER,CYBER incident reported in South East (Koramangala),South East (Koramangala),False,South East (Koramangala),12.959420485066802,77.62646465781047
"FIR No. 0964/2023, P.S. Indiranagar",2023-10-30 19:10:00,CYBER,CYBER incident reported in East (Indiranagar),East (Indiranagar),False,East (Indiranagar),12.972102573082903,77.63750518675491
87768721/2025,2025-10-30 10:08:00,THEFT,THEFT incident reported in South East (Koramangala),South East (Koramangala),True,South East (Koramangala),12.944316572149445,77.6138566765529
"FIR No. 0391/2025, P.S. Koramangala",2025-10-29 01:06:00,BURGLARY,BURGLARY incident reported in South East (Koramangala),South East (Koramangala),True,South East (Koramangala),12.934967197859018,77.61526765030861
"FIR No. 0144/2024, P.S. Koramangala",2024-02-07 10:30:00,ASSAULT,ASSAULT incident reported in South East (Koramangala),South East (Koramangala),True,South East (Koramangala),12.927841036953328,77.60198791523966
"FIR No. 0056/2024, P.S. Jayanagar",2024-01-28 21:10:00,THEFT,THEFT incident reported in South (Jayanagar),South (Jayanagar),False,South (Jayanagar),12.953746395697104,77.59230848802314
"FIR No. 0144/2025, P.S. Jayanagar",2025-03-14 01:27:00,ASSAULT,ASSAULT incident reported in South (Jayanagar),South (Jayanagar),False,South (Jayanagar),12.938852843188638,77.59236736078651
"FIR No. 0128/2025, P.S. Majestic/MG Road",2025-12-30 07:22:00,ROBBERY,ROBBERY incident reported in Central (Majestic/MG Road),Central (Majestic/MG Road),True,Central (Majestic/MG Road),12.98967472247936,77.56214979941811
"FIR No. 0217/2024, P.S. Indiranagar",2024-09-21 22:11:00,CYBER,CYBER incident reported in East (Indiranagar),East (Indiranagar),False,East (Indiranagar),12.969531711735687,77.62665046001526
"FIR No. 0085/2026, P.S. Majestic/MG Road",2026-01-09 09:30:00,CYBER,CYBER incident reported in Central (Majestic/MG Road),Central (Majestic/MG Road),False,Central (Majestic/MG Road),12.968039687168694,77.55986019258079
"FIR No. 0336/2025, P.S. Majestic/MG Road",2025-05-21 01:14:00,CYBER,CYBER incident reported in Central (Majestic/MG Road),Central (Majestic/MG Road),False,Central (Majestic/MG Road),13.002699592955038,77.57101997251073
"FIR No. 0397/2025, P.S. Koramangala",2025-05-19 02:19:00,ROBBERY,ROBBERY incident reported in South East (Koramangala),South East (Koramangala),False,South East (Koramangala),12.92248210006361,77.61627709891295
83303138/2023,2023-11-28 10:47:00,ASSAULT,ASSAULT incident reported in South East (Koramangala),South East (Koramangala),True,South East (Koramangala),12.927799061777616,77.63239983992919
"FIR No. 0493/2026, P.S. Koramangala",2026-07-22 22:39:00,THEFT,THEFT incident reported in South East (Koramangala),South East (Koramangala),True,South East (Koramangala),12.94057504190894,77.6113680851106
82352269/2026,2026-03-15 03:20:00,ASSAULT,ASSAULT incident reported in IT Corridor (Whitefield),IT Corridor (Whitefield),False,IT Corridor (Whitefield),12.963192855529355,77.75988528504664
"FIR No. 0326/2026, P.S. Koramangala",2026-05-14 20:40:00,THEFT,THEFT incident reported in South East (Koramangala),South East (Koramangala),True,South East (Koramangala),12.941272592834892,77.64181640891546
"FIR No. 0128/2024, P.S. Whitefield",2024-12-09 06:58:00,THEFT,THEFT incident reported in IT Corridor (Whitefield),IT Corridor (Whitefield),False,IT Corridor (Whitefield),12.983059328222437,77.7628540900404
81576836/2023,2023-07-13 12:09:00,THEFT,THEFT incident reported in South East (Koramangala),South East (Koramangala),False,South East (Koramangala),12.947453452290285,77.64006028628428
"FIR No. 0143/2025, P.S. Indiranagar",2025-03-08 11:52:00,THEFT,THEFT incident reported in East (Indiranagar),East (Indiranagar),False,East (Indiranagar),12.949417950982632,77.63902870928194
"FIR No. 0789/2025, P.S. Koramangala",2025-12-22 08:01:00,ASSAULT,ASSAULT incident reported in South East (Koramangala),South East (Koramangala),False,South East (Koramangala),12.919438614693112,77.59421644918021
"FIR No. 0040/2025, P.S. Majestic/MG Road",2025-01-30 21:33:00,THEFT,THEFT incident reported in Central (Majestic/MG Road),Central (Majestic/MG Road),False,Central (Majestic/MG Road),12.983276451194149,77.5939909675461
"FIR No. 0115/2024, P.S. Indiranagar",2024-02-04 10:25:00,ASSAULT,ASSAULT incident reported in East (Indiranagar),East (Indiranagar),False,East (Indiranagar),12.984262679142333,77.6401136556249
"FIR No. 0385/2023, P.S. Jayanagar",2023-06-04 23:42:00,THEFT,THEFT incident reported in South (Jayanagar),South (Jayanagar),False,South (Jayanagar),12.936160592703104,77.5757396505825
"FIR No. 0204/2026, P.S. Koramangala",2026-06-10 17:03:00,ROBBERY,ROBBERY incident reported in South East (Koramangala),South East (Koramangala),False,South East (Koramangala),12.912290619759345,77.64038066736082
85708071/2025,2025-05-10 17:36:00,CYBER,CYBER incident reported in South (Jayanagar),South (Jayanagar),True,South (Jayanagar),12.940888936103072,77.60576251756683
"FIR No. 0303/2023, P.S. Jayanagar",2023-07-05 12:48:00,CYBER,CYBER incident reported in South (Jayanagar),South (Jayanagar),True,South (Jayanagar),12.9101279019756,77.5820295325729
80605820/2024,2024-08-16 04:00:00,ASSAULT,ASSAULT incident reported in Central (Majestic/MG Road),Central (Majestic/MG Road),True,Central (Majestic/MG Road),12.996433298920644,77.55843067075268
85290280/2025,2025-02-13 01:14:00,ASSAULT,ASSAULT incident reported in North (Malleswaram),North (Malleswaram),False,North (Malleswaram),12.985584807249207,77.5359765414695
80743788/2024,2024-10-20 04:05:00,CYBER,CYBER incident reported in East (Indiranagar),East (Indiranagar),False,East (Indiranagar),12.948565067378548,77.6539751041439
"FIR No. 0155/2026, P.S. Malleswaram",2026-05-14 00:21:00,ASSAULT,ASSAULT incident reported in North (Malleswaram),North (Malleswaram),False,North (Malleswaram),12.994410677730782,77.58648940734872
80020756/2024,2024-06-18 02:25:00,BURGLARY,BURGLARY incident reported in South (Jayanagar),South (Jayanagar),False,South (Jayanagar),12.926082185065242,77.55813332896024
"FIR No. 0664/2023, P.S. Majestic/MG Road",2023-12-08 09:43:00,THEFT,THEFT incident reported in Central (Majestic/MG Road),Central (Majestic/MG Road),False,Central (Majestic/MG Road),12.991017312241976,77.56838130814148
82490827/2024,2024-09-29 01:11:00,CYBER,CYBER incident reported in South (Jayanagar),South (Jayanagar),False,South (Jayanagar),12.921546220786484,77.56990752212036
"FIR No. 0034/2025, P.S. Malleswaram",2025-01-06 06:05:00,THEFT,THEFT incident reported in North (Malleswaram),North (Malleswaram),True,North (Malleswaram),12.979538871135489,77.5502669153421
"FIR No. 0098/2023, P.S. Malleswaram",2023-06-13 18:53:00,ROBBERY,ROBBERY incident reported in North (Malleswaram),North (Malleswaram),True,North (Malleswaram),13.009756835411508,77.5776622417664
86378202/2024,2024-06-19 23:34:00,ASSAULT,ASSAULT incident reported in East (Indiranagar),East (Indiranagar),True,East (Indiranagar),12.948013326926487,77.64448835292825
"FIR No. 0203/2026, P.S. Koramangala",2026-05-28 10:03:00,CYBER,CYBER incident reported in South East (Koramangala),South East (Koramangala),True,South East (Koramangala),12.937113684586995,77.61185237686698
87158674/2025,2025-12-06 15:39:00,ASSAULT,ASSAULT incident reported in East (Indiranagar),East (Indiranagar),False,East (Indiranagar),12.992532948989137,77.63300677206202
"FIR No. 0340/2026, P.S. Indiranagar",2026-06-29 18:59:00,ROBBERY,ROBBERY incident reported in East (Indiranagar),East (Indiranagar),False,East (Indiranagar),12.997426443875948,77.6606336382125
"FIR No. 0003/2026, P.S. Indiranagar",2026-01-09 04:44:00,ASSAULT,ASSAULT incident reported in East (Indiranagar),East (Indiranagar),False,East (Indiranagar),12.97823788737487,77.6422280820122
"FIR No. 0130/2025, P.S. Jayanagar",2025-06-28 20:39:00,ROBBERY,ROBBERY incident reported in South (Jayanagar),South (Jayanagar),False,South (Jayanagar),12.921030708369983,77.57920822562708
"FIR No. 0661/2025, P.S. Majestic/MG Road",2025-08-12 16:17:00,ASSAULT,ASSAULT incident reported in Central (Majestic/MG Road),Central (Majestic/MG Road),False,Central (Majestic/MG Road),12.975068829454262,77.56008400446501
"FIR No. 0140/2026, P.S. Majestic/MG Road",2026-02-22 14:47:00,ROBBERY,ROBBERY incident reported in Central (Majestic/MG Road),Central (Majestic/MG Road),False,Central (Majestic/MG Road),13.006667578117993,77.55736029050829
"FIR No. 0140/2025, P.S. Malleswaram",2025-04-19 10:05:00,ROBBERY,ROBBERY incident reported in North (Malleswaram),North (Malleswaram),True,North (Malleswaram),13.0087210075078,77.5599946050416
"FIR No. 0486/2024, P.S. Whitefield",2024-10-23 12:55:00,THEFT,THEFT incident reported in IT Corridor (Whitefield),IT Corridor (Whitefield),False,IT Corridor (Whitefield),12.990131285591252,77.74971143759522
86827986/2025,2025-03-19 13:10:00,ASSAULT,ASSAULT incident reported in South East (Koramangala),South East (Koramangala),False,South East (Koramangala),12.91697103308898,77.59761365432108
"FIR No. 0152/2023, P.S. Malleswaram",2023-05-17 19:34:00,ROBBERY,ROBBERY incident reported in North (Malleswaram),North (Malleswaram),False,North (Malleswaram),13.003817011307024,77.5735210390758
"FIR No. 0295/2024, P.S. Jayanagar",2024-07-28 11:12:00,THEFT,THEFT incident reported in South (Jayanagar),South (Jayanagar),True,South (Jayanagar),12.932819122184572,77.57890295015095
"FIR No. 0304/2024, P.S. Whitefield",2024-04-23 00:02:00,THEFT,THEFT incident reported in IT Corridor (Whitefield),IT Corridor (Whitefield),False,IT Corridor (Whitefield),12.9739770673238,77.75542110578901
"FIR No. 0702/2023, P.S. Whitefield",2023-08-14 15:50:00,THEFT,THEFT incident reported in IT Corridor (Whitefield),IT Corridor (Whitefield),False,IT Corridor (Whitefield),12.96956220082319,77.74062184277669
"FIR No. 0612/2023, P.S. Malleswaram",2023-09-09 01:04:00,THEFT,THEFT incident reported in North (Malleswaram),North (Malleswaram),False,North (Malleswaram),12.99838319123631,77.57899255212205
"FIR No. 0820/2024, P.S. Whitefield",2024-11-13 00:39:00,BURGLARY,BURGLARY incident reported in IT Corridor (Whitefield),IT Corridor (Whitefield),True,IT Corridor (Whitefield),12.981894266578404,77.71913896445417
83652091/2023,2023-04-03 03:39:00,THEFT,THEFT incident reported in East (Indiranagar),East (Indiranagar),False,East (Indiranagar),12.997181390952573,77.64307760855344
85434609/2025,2025-05-10 13:21:00,ROBBERY,ROBBERY incident reported in South East (Koramangala),South East (Koramangala),True,South East (Koramangala),12.944259853563151,77.64938792142608
"FIR No. 0090/2024, P.S. Indiranagar",2024-01-04 07:14:00,THEFT,THEFT incident reported in East (Indiranagar),East (Indiranagar),False,East (Indiranagar),12.956743973061522,77.6254520237446
"FIR No. 0095/2026, P.S. Majestic/MG Road",2026-03-05 05:14:00,THEFT,THEFT incident reported in Central (Majestic/MG Road),Central (Majestic/MG Road),False,Central (Majestic/MG Road),12.977373978412956,77.5743894779924
"FIR No. 0395/2023, P.S. Jayanagar",2023-09-13 15:19:00,THEFT,THEFT incident reported in South (Jayanagar),South (Jayanagar),False,South (Jayanagar),12.954441219298532,77.57986398879503
"FIR No. 0235/2025, P.S. Koramangala",2025-08-05 17:53:00,OTHER,OTHER incident reported in South East (Koramangala),South East (Koramangala),False,South East (Koramangala),12.94433987268593,77.6115473256183
"FIR No. 0002/2025, P.S. Majestic/MG Road",2025-03-05 05:23:00,THEFT,THEFT incident reported in Central (Majestic/MG Road),Central (Majestic/MG Road),True,Central (Majestic/MG Road),12.988229992845357,77.57203492583771
"FIR No. 0106/2023, P.S. Indiranagar",2023-08-19 16:31:00,ASSAULT,ASSAULT incident reported in East (Indiranagar),East (Indiranagar),False,East (Indiranagar),12.993866672258902,77.63739636843873
"FIR No. 0216/2025, P.S. Malleswaram",2025-03-17 08:14:00,ROBBERY,ROBBERY incident reported in North (Malleswaram),North (Malleswaram),True,North (Malleswaram),13.002825335532922,77.57021298481276
"FIR No. 0128/2023, P.S. Malleswaram",2023-03-19 07:37:00,ROBBERY,ROBBERY incident reported in North (Malleswaram),North (Malleswaram),False,North (Malleswaram),12.998724729774596,77.57602483049517
"FIR No. 0159/2023, P.S. Koramangala",2023-03-18 18:04:00,CYBER,CYBER incident reported in South East (Koramangala),South East (Koramangala),False,South East (Koramangala),12.937189574385112,77.57375206002837
81292853/2024,2024-07-11 07:09:00,THEFT,THEFT incident reported in East (Indiranagar),East (Indiranagar),False,East (Indiranagar),12.971003745173103,77.65509500338449
"FIR No. 0606/2024, P.S. Indiranagar",2024-06-16 05:40:00,CYBER,CYBER incident reported in East (Indiranagar),East (Indiranagar),False,East (Indiranagar),12.976169777005667,77.65568647549608
87858294/2023,2023-08-30 08:16:00,ASSAULT,ASSAULT incident reported in South (Jayanagar),South (Jayanagar),True,South (Jayanagar),12.941994898755151,77.5956459214557
"FIR No. 0454/2025, P.S. Koramangala",2025-08-15 10:29:00,ASSAULT,ASSAULT incident reported in South East (Koramangala),South East (Koramangala),True,South East (Koramangala),12.95174749844645,77.63221593344673
"FIR No. 0138/2024, P.S. Indiranagar",2024-04-24 05:28:00,THEFT,THEFT incident reported in East (Indiranagar),East (Indiranagar),False,East (Indiranagar),12.978213353054002,77.64075042375163
86652921/2025,2025-07-28 23:53:00,THEFT,THEFT incident reported in Central (Majestic/MG Road),Central (Majestic/MG Road),False,Central (Majestic/MG Road),12.96468174897959,77.5608941988999
"FIR No. 0520/2023, P.S. Malleswaram",2023-06-07 11:22:00,CYBER,CYBER incident reported in North (Malleswaram),North (Malleswaram),False,North (Malleswaram),12.9819391758966,77.5657902778862
"FIR No. 0460/2024, P.S. Jayanagar",2024-06-08 22:23:00,CYBER,CYBER incident reported in South (Jayanagar),South (Jayanagar),False,South (Jayanagar),12.919203791419442,77.58220570611562
"FIR No. 0023/2024, P.S. Indiranagar",2024-01-03 06:34:00,BURGLARY,BURGLARY incident reported in East (Indiranagar),East (Indiranagar),False,East (Indiranagar),12.974287756852524,77.62918066575324
"FIR No. 0168/2024, P.S. Jayanagar",2024-11-23 05:57:00,THEFT,THEFT incident reported in South (Jayanagar),South (Jayanagar),False,South (Jayanagar),12.94503819886221,77.59562579922654
"FIR No. 0204/2023, P.S. Jayanagar",2023-02-05 09:16:00,THEFT,THEFT incident reported in South (Jayanagar),South (Jayanagar),True,South (Jayanagar),12.926520446253146,77.59487430801468
"FIR No. 0183/2025, P.S. Indiranagar",2025-11-27 10:55:00,ASSAULT,ASSAULT incident reported in East (Indiranagar),East (Indiranagar),False,East (Indiranagar),12.975867300682744,77.62064563802404
87990238/2025,2025-03-22 06:21:00,THEFT,THEFT incident reported in South East (Koramangala),South East (Koramangala),False,South East (Koramangala),12.918371847423373,77.5834609870254
"FIR No. 0255/2025, P.S. Indiranagar",2025-05-25 23:39:00,ASSAULT,ASSAULT incident reported in East (Indiranagar),East (Indiranagar),True,East (Indiranagar),12.98325145254172,77.63366554963035
"FIR No. 0048/2026, P.S. Indiranagar",2026-01-17 19:08:00,THEFT,THEFT incident reported in East (Indiranagar),East (Indiranagar),False,East (Indiranagar),12.995186769660984,77.6289474367139
"FIR No. 0754/2024, P.S. Jayanagar",2024-12-16 13:18:00,THEFT,THEFT incident reported in South (Jayanagar),South (Jayanagar),False,South (Jayanagar),12.947364535727475,77.57050784099192
"FIR No. 0012/2025, P.S. Koramangala",2025-03-13 21:02:00,CYBER,CYBER incident reported in South East (Koramangala),South East (Koramangala),True,South East (Koramangala),12.934181088408506,77.63452768166661
88316598/2026,2026-02-09 04:03:00,THEFT,THEFT incident reported in IT Corridor (Whitefield),IT Corridor (Whitefield),True,IT Corridor (Whitefield),12.970254739159556,77.75931413146066
"FIR No. 0013/2023, P.S. Indiranagar",2023-10-16 11:48:00,THEFT,THEFT incident reported in East (Indiranagar),East (Indiranagar),False,East (Indiranagar),13.00520346567598,77.6414171716158
"FIR No. 0353/2023, P.S. Malleswaram",2023-12-13 15:52:00,THEFT,THEFT incident reported in North (Malleswaram),North (Malleswaram),False,North (Malleswaram),12.992085796353404,77.57091007526039
85688587/2023,2023-04-25 03:28:00,ASSAULT,ASSAULT incident reported in South East (Koramangala),South East (Koramangala),True,South East (Koramangala),12.894472926121226,77.64608094155555
"FIR No. 0345/2024, P.S. Koramangala",2024-10-04 08:06:00,CYBER,CYBER incident reported in South East (Koramangala),South East (Koramangala),False,South East (Koramangala),12.928906457111836,77.61837646439064
"FIR No. 0500/2026, P.S. Indiranagar",2026-08-26 11:24:00,ASSAULT,ASSAULT incident reported in East (Indiranagar),East (Indiranagar),False,East (Indiranagar),12.98081055277224,77.66062077055068
"FIR No. 0434/2025, P.S. Majestic/MG Road",2025-07-28 22:04:00,ROBBERY,ROBBERY incident reported in Central (Majestic/MG Road),Central (Majestic/MG Road),False,Central (Majestic/MG Road),12.978947015687403,77.58591569943586
"FIR No. 0054/2025, P.S. Indiranagar",2025-07-06 15:53:00,ASSAULT,ASSAULT incident reported in East (Indiranagar),East (Indiranagar),False,East (Indiranagar),12.986473207599698,77.63732989792541
"FIR No. 0390/2025, P.S. Koramangala",2025-07-15 00:14:00,CYBER,CYBER incident reported in South East (Koramangala),South East (Koramangala),True,South East (Koramangala),12.918775769609788,77.6242170611047
"FIR No. 0192/2024, P.S. Jayanagar",2024-10-15 10:35:00,ASSAULT,ASSAULT incident reported in South (Jayanagar),South (Jayanagar),True,South (Jayanagar),12.931941374324888,77.56915649765246
"FIR No. 0120/2025, P.S. Whitefield",2025-04-11 12:39:00,THEFT,THEFT incident reported in IT Corridor (Whitefield),IT Corridor (Whitefield),True,IT Corridor (Whitefield),12.986109668112052,77.74751797868257
87886135/2023,2023-08-30 02:44:00,CYBER,CYBER incident reported in North (Malleswaram),North (Malleswaram),True,North (Malleswaram),12.973942649402302,77.55418867647516
"FIR No. 0263/2023, P.S. Indiranagar",2023-05-12 19:18:00,THEFT,THEFT incident reported in East (Indiranagar),East (Indiranagar),False,East (Indiranagar),12.983404707869465,77.6216233078915
84039898/2026,2026-03-07 14:43:00,ROBBERY,ROBBERY incident reported in Central (Majestic/MG Road),Central (Majestic/MG Road),False,Central (Majestic/MG Road),12.995815599885272,77.57035956465955
"FIR No. 0196/2023, P.S. Indiranagar",2023-05-16 10:17:00,CYBER,CYBER incident reported in East (Indiranagar),East (Indiranagar),False,East (Indiranagar),12.989328879992406,77.6355067748408
85766635/2025,2025-11-22 10:36:00,CYBER,CYBER incident reported in Central (Majestic/MG Road),Central (Majestic/MG Road),False,Central (Majestic/MG Road),12.977926460832958,77.5823604548924
89676375/2025,2025-11-09 08:38:00,ROBBERY,ROBBERY incident reported in South East (Koramangala),South East (Koramangala),False,South East (Koramangala),12.927065685124628,77.62487307954292
"FIR No. 0095/2023, P.S. Malleswaram",2023-02-04 21:45:00,THEFT,THEFT incident reported in North (Malleswaram),North (Malleswaram),False,North (Malleswaram),12.995055622190527,77.56851836157611
"FIR No. 0494/2023, P.S. Koramangala",2023-11-10 01:41:00,ROBBERY,ROBBERY incident reported in South East (Koramangala),South East (Koramangala),False,South East (Koramangala),12.934692730025713,77.63439349494824
"FIR No. 0220/2023, P.S. Malleswaram",2023-05-28 03:38:00,ASSAULT,ASSAULT incident reported in North (Malleswaram),North (Malleswaram),False,North (Malleswaram),12.996695051796667,77.56271339573921
"FIR No. 0076/2023, P.S. Malleswaram",2023-02-15 23:46:00,CYBER,CYBER incident reported in North (Malleswaram),North (Malleswaram),False,North (Malleswaram),12.99163077238183,77.58315927101442
85563206/2026,2026-03-05 09:17:00,ROBBERY,ROBBERY incident reported in South East (Koramangala),South East (Koramangala),False,South East (Koramangala),12.942272766788976,77.6041622968126
"FIR No. 0289/2026, P.S. Malleswaram",2026-07-14 07:00:00,CYBER,CYBER incident reported in North (Malleswaram),North (Malleswaram),False,North (Malleswaram),12.98998519406632,77.57343368399242
"FIR No. 0904/2024, P.S. Whitefield",2024-12-30 05:57:00,ASSAULT,ASSAULT incident reported in IT Corridor (Whitefield),IT Corridor (Whitefield),False,IT Corridor (Whitefield),12.95515532420832,77.74283711373252
"FIR No. 1049/2023, P.S. Whitefield",2023-12-16 13:14:00,THEFT,THEFT incident reported in IT Corridor (Whitefield),IT Corridor (Whitefield),False,IT Corridor (Whitefield),12.97089067376348,77.73839570925612
"FIR No. 0071/2025, P.S. Indiranagar",2025-01-29 09:09:00,THEFT,THEFT incident reported in East (Indiranagar),East (Indiranagar),True,East (Indiranagar),12.96700270313714,77.64922766607368
"FIR No. 0063/2024, P.S. Indiranagar",2024-06-28 04:22:00,CYBER,CYBER incident reported in East (Indiranagar),East (Indiranagar),True,East (Indiranagar),12.956702967754982,77.62665410474193
"FIR No. 0065/2025, P.S. Malleswaram",2025-01-14 07:42:00,THEFT,THEFT incident reported in North (Malleswaram),North (Malleswaram),False,North (Malleswaram),13.008252129270211,77.56429868114371
"FIR No. 0505/2025, P.S. Majestic/MG Road",2025-10-05 19:28:00,CYBER,CYBER incident reported in Central (Majestic/MG Road),Central (Majestic/MG Road),False,Central (Majestic/MG Road),12.972881676719224,77.57206906583569
"FIR No. 0177/2025, P.S. Indiranagar",2025-05-19 07:52:00,BURGLARY,BURGLARY incident reported in East (Indiranagar),East (Indiranagar),False,East (Indiranagar),12.98605293075608,77.6713759458313
86266607/2024,2024-01-16 09:10:00,ASSAULT,ASSAULT incident reported in Central (Majestic/MG Road),Central (Majestic/MG Road),False,Central (Majestic/MG Road),12.967869169876248,77.57056666486324
"FIR No. 0055/2025, P.S. Koramangala",2025-02-18 12:03:00,CYBER,CYBER incident reported in South East (Koramangala),South East (Koramangala),False,South East (Koramangala),12.929477883346724,77.63983391507347
"FIR No. 0237/2024, P.S. Majestic/MG Road",2024-04-07 21:39:00,THEFT,THEFT incident reported in Central (Majestic/MG Road),Central (Majestic/MG Road),False,Central (Majestic/MG Road),12.977192559562594,77.56421460168791
"FIR No. 0231/2024, P.S. Malleswaram",2024-04-02 18:00:00,OTHER,OTHER incident reported in North (Malleswaram),North (Malleswaram),False,North (Malleswaram),12.998897910883352,77.51969483112636
"FIR No. 0157/2024, P.S. Koramangala",2024-03-30 22:11:00,THEFT,THEFT incident reported in South East (Koramangala),South East (Koramangala),False,South East (Koramangala),12.939708279213455,77.63155136453675
"FIR No. 0094/2023, P.S. Jayanagar",2023-12-10 21:34:00,THEFT,THEFT incident reported in South (Jayanagar),South (Jayanagar),False,South (Jayanagar),12.91748103398954,77.59258157258506
81341345/2023,2023-03-03 23:09:00,ASSAULT,ASSAULT incident reported in North (Malleswaram),North (Malleswaram),False,North (Malleswaram),13.00351718479597,77.55402183879498
"FIR No. 0039/2024, P.S. Jayanagar",2024-03-13 13:40:00,ASSAULT,ASSAULT incident reported in South (Jayanagar),South (Jayanagar),True,South (Jayanagar),12.938846329530303,77.57410072280794
"FIR No. 0279/2025, P.S. Jayanagar",2025-12-23 08:47:00,CYBER,CYBER incident reported in South (Jayanagar),South (Jayanagar),False,South (Jayanagar),12.935188405554095,77.59576688034362
"FIR No. 0494/2024, P.S. Indiranagar",2024-07-21 14:05:00,CYBER,CYBER incident reported in East (Indiranagar),East (Indiranagar),False,East (Indiranagar),12.956598877373484,77.67219660580352
"FIR No. 0420/2023, P.S. Jayanagar",2023-08-28 15:30:00,CYBER,CYBER incident reported in South (Jayanagar),South (Jayanagar),True,South (Jayanagar),12.929814420261852,77.57144780688527
"FIR No. 0537/2023, P.S. Koramangala",2023-09-21 22:36:00,THEFT,THEFT incident reported in South East (Koramangala),South East (Koramangala),True,South East (Koramangala),12.906511264620963,77.64195069460986
"FIR No. 0018/2023, P.S. Indiranagar",2023-03-24 23:51:00,THEFT,THEFT incident reported in East (Indiranagar),East (Indiranagar),False,East (Indiranagar),12.98004513806611,77.66014968470374
"FIR No. 0340/2023, P.S. Koramangala",2023-08-04 05:58:00,CYBER,CYBER incident reported in South East (Koramangala),South East (Koramangala),False,South East (Koramangala),12.935365025885377,77.61953764113152
"FIR No. 0347/2023, P.S. Malleswaram",2023-06-17 15:19:00,CYBER,CYBER incident reported in North (Malleswaram),North (Malleswaram),True,North (Malleswaram),13.008999021661992,77.57238343176034
"FIR No. 0308/2024, P.S. Koramangala",2024-03-23 17:04:00,ASSAULT,ASSAULT incident reported in South East (Koramangala),South East (Koramangala),False,South East (Koramangala),12.94518335287152,77.64624132390493
"FIR No. 0029/2026, P.S. Majestic/MG Road",2026-01-15 13:33:00,THEFT,THEFT incident reported in Central (Majestic/MG Road),Central (Majestic/MG Road),False,Central (Majestic/MG Road),12.965982144982046,77.58115033431221
80705562/2024,2024-06-23 07:06:00,ASSAULT,ASSAULT incident reported in Central (Majestic/MG Road),Central (Majestic/MG Road),False,Central (Majestic/MG Road),12.956733886458982,77.5696234984295
"FIR No. 0619/2025, P.S. Koramangala",2025-07-25 20:44:00,CYBER,CYBER incident reported in South East (Koramangala),South East (Koramangala),True,South East (Koramangala),12.931609154659371,77.63640952456575
"FIR No. 0402/2025, P.S. Malleswaram",2025-07-26 01:26:00,ROBBERY,ROBBERY incident reported in North (Malleswaram),North (Malleswaram),False,North (Malleswaram),13.003607730064548,77.57758783668424
84538956/2023,2023-01-21 23:32:00,THEFT,THEFT incident reported in IT Corridor (Whitefield),IT Corridor (Whitefield),False,IT Corridor (Whitefield),12.968871548738512,77.75036413133212
"FIR No. 0203/2025, P.S. Indiranagar",2025-06-21 17:19:00,CYBER,CYBER incident reported in East (Indiranagar),East (Indiranagar),False,East (Indiranagar),12.974923151806951,77.65428610315536
"FIR No. 0136/2025, P.S. Majestic/MG Road",2025-03-02 06:53:00,THEFT,THEFT incident reported in Central (Majestic/MG Road),Central (Majestic/MG Road),False,Central (Majestic/MG Road),12.983063863677286,77.56700689067593
"FIR No. 0672/2024, P.S. Indiranagar",2024-10-09 19:44:00,OTHER,OTHER incident reported in East (Indiranagar),East (Indiranagar),False,East (Indiranagar),12.970231324931165,77.63034359778909
"FIR No. 0325/2023, P.S. Whitefield",2023-11-29 06:46:00,THEFT,THEFT incident reported in IT Corridor (Whitefield),IT Corridor (Whitefield),False,IT Corridor (Whitefield),12.963558498173857,77.74136139093496
88491727/2025,2025-09-13 09:27:00,ROBBERY,ROBBERY incident reported in East (Indiranagar),East (Indiranagar),False,East (Indiranagar),13.003894949270707,77.61893508433724
"FIR No. 0393/2023, P.S. Indiranagar",2023-08-30 16:47:00,OTHER,OTHER incident reported in East (Indiranagar),East (Indiranagar),True,East (Indiranagar),12.95367437117124,77.6557195779903
"FIR No. 0241/2026, P.S. Jayanagar",2026-05-04 18:31:00,ASSAULT,ASSAULT incident reported in South (Jayanagar),South (Jayanagar),True,South (Jayanagar),12.916173470335428,77.56817511046093
"FIR No. 0061/2023, P.S. Majestic/MG Road",2023-04-19 21:34:00,THEFT,THEFT incident reported in Central (Majestic/MG Road),Central (Majestic/MG Road),False,Central (Majestic/MG Road),12.95341100371586,77.59214285338656
"FIR No. 0122/2023, P.S. Indiranagar",2023-02-02 21:04:00,ROBBERY,ROBBERY incident reported in East (Indiranagar),East (Indiranagar),False,East (Indiranagar),13.009389194395808,77.65344920755423
87423629/2023,2023-03-31 05:30:00,CYBER,CYBER incident reported in South East (Koramangala),South East (Koramangala),True,South East (Koramangala),12.91112449809849,77.63786860855282
"FIR No. 0221/2024, P.S. Jayanagar",2024-07-01 09:41:00,CYBER,CYBER incident reported in South (Jayanagar),South (Jayanagar),False,South (Jayanagar),12.929505091973793,77.57890593217991
82436200/2024,2024-05-02 04:03:00,CYBER,CYBER incident reported in Central (Majestic/MG Road),Central (Majestic/MG Road),False,Central (Majestic/MG Road),12.982600450078726,77.57201555613561
"FIR No. 0133/2026, P.S. Jayanagar",2026-02-15 13:08:00,ASSAULT,ASSAULT incident reported in South (Jayanagar),South (Jayanagar),False,South (Jayanagar),12.9339584478257,77.58718801281056
"FIR No. 0975/2024, P.S. Majestic/MG Road",2024-11-11 03:10:00,CYBER,CYBER incident reported in Central (Majestic/MG Road),Central (Majestic/MG Road),False,Central (Majestic/MG Road),12.95816456829536,77.56620978836767
"FIR No. 0357/2024, P.S. Jayanagar",2024-06-05 05:16:00,ASSAULT,ASSAULT incident reported in South (Jayanagar),South (Jayanagar),False,South (Jayanagar),12.932982937931254,77.57623215043719
"FIR No. 0437/2023, P.S. Majestic/MG Road",2023-06-30 02:50:00,BURGLARY,BURGLARY incident reported in Central (Majestic/MG Road),Central (Majestic/MG Road),False,Central (Majestic/MG Road),12.956846123394062,77.6186174995371
86452473/2025,2025-01-24 17:21:00,CYBER,CYBER incident reported in East (Indiranagar),East (Indiranagar),False,East (Indiranagar),12.968727390286912,77.63551244040794
"FIR No. 0165/2025, P.S. Koramangala",2025-03-03 14:27:00,BURGLARY,BURGLARY incident reported in South East (Koramangala),South East (Koramangala),False,South East (Koramangala),12.923845320255532,77.60413428969224
"FIR No. 0286/2025, P.S. Koramangala",2025-05-20 17:33:00,THEFT,THEFT incident reported in South East (Koramangala),South East (Koramangala),True,South East (Koramangala),12.925637163548002,77.60107651278693
87460453/2023,2023-06-13 18:31:00,THEFT,THEFT incident reported in East (Indiranagar),East (Indiranagar),False,East (Indiranagar),13.016550449399364,77.63107808773664
"FIR No. 0243/2026, P.S. Majestic/MG Road",2026-06-04 04:37:00,THEFT,THEFT incident reported in Central (Majestic/MG Road),Central (Majestic/MG Road),True,Central (Majestic/MG Road),12.977484136750691,77.56073335912646
"FIR No. 0682/2023, P.S. Indiranagar",2023-06-14 21:43:00,THEFT,THEFT incident reported in East (Indiranagar),East (Indiranagar),False,East (Indiranagar),12.99871156593066,77.64796477499335
"FIR No. 1373/2023, P.S. Koramangala",2023-12-07 19:47:00,ASSAULT,ASSAULT incident reported in South East (Koramangala),South East (Koramangala),False,South East (Koramangala),12.928700498624098,77.62091872734064
"FIR No. 0156/2026, P.S. Indiranagar",2026-07-11 07:05:00,OTHER,OTHER incident reported in East (Indiranagar),East (Indiranagar),False,East (Indiranagar),12.988525407631688,77.62422113239438
"FIR No. 0405/2024, P.S. Jayanagar",2024-10-18 13:09:00,CYBER,CYBER incident reported in South (Jayanagar),South (Jayanagar),True,South (Jayanagar),12.913018221596229,77.57126898416409
"FIR No. 0428/2024, P.S. Jayanagar",2024-07-07 10:31:00,CYBER,CYBER incident reported in South (Jayanagar),South (Jayanagar),False,South (Jayanagar),12.938609913941734,77.59209978678103
84067616/2023,2023-08-03 04:42:00,THEFT,THEFT incident reported in North (Malleswaram),North (Malleswaram),True,North (Malleswaram),13.01150440621054,77.56416557977346
"FIR No. 0199/2023, P.S. Whitefield",2023-05-27 04:41:00,ROBBERY,ROBBERY incident reported in IT Corridor (Whitefield),IT Corridor (Whitefield),True,IT Corridor (Whitefield),12.953842766744328,77.74650103388754
86427379/2024,2024-11-17 11:09:00,BURGLARY,BURGLARY incident reported in Central (Majestic/MG Road),Central (Majestic/MG Road),True,Central (Majestic/MG Road),12.975352832173073,77.56174673568796
"FIR No. 0057/2025, P.S. Koramangala",2025-01-09 17:18:00,THEFT,THEFT incident reported in South East (Koramangala),South East (Koramangala),True,South East (Koramangala),12.958457783750514,77.61591951652977
"FIR No. 1027/2024, P.S. Indiranagar",2024-12-06 10:01:00,CYBER,CYBER incident reported in East (Indiranagar),East (Indiranagar),False,East (Indiranagar),12.953361358099816,77.63697894545074
80643708/2023,2023-09-19 17:14:00,CYBER,CYBER incident reported in Central (Majestic/MG Road),Central (Majestic/MG Road),False,Central (Majestic/MG Road),12.963223349937776,77.54990359100574
"FIR No. 0187/2025, P.S. Malleswaram",2025-06-13 12:11:00,CYBER,CYBER incident reported in North (Malleswaram),North (Malleswaram),False,North (Malleswaram),12.992784616657428,77.56983076017126
"FIR No. 0273/2025, P.S. Majestic/MG Road",2025-07-14 00:15:00,CYBER,CYBER incident reported in Central (Majestic/MG Road),Central (Majestic/MG Road),True,Central (Majestic/MG Road),12.933540809069331,77.59152774805216
"FIR No. 0167/2024, P.S. Majestic/MG Road",2024-05-21 20:51:00,ASSAULT,ASSAULT incident reported in Central (Majestic/MG Road),Central (Majestic/MG Road),False,Central (Majestic/MG Road),12.985550428156516,77.57851235888907
"FIR No. 0559/2026, P.S. Whitefield",2026-07-22 21:30:00,THEFT,THEFT incident reported in IT Corridor (Whitefield),IT Corridor (Whitefield),False,IT Corridor (Whitefield),12.9731396026487,77.7495717877935
"FIR No. 0266/2024, P.S. Whitefield",2024-04-02 06:19:00,ASSAULT,ASSAULT incident reported in IT Corridor (Whitefield),IT Corridor (Whitefield),False,IT Corridor (Whitefield),12.979532676344324,77.77979868740796
88907463/2025,2025-09-08 06:52:00,THEFT,THEFT incident reported in South East (Koramangala),South East (Koramangala),False,South East (Koramangala),12.952891218622955,77.60585032894328
"FIR No. 0275/2026, P.S. Koramangala",2026-05-16 07:13:00,ASSAULT,ASSAULT incident reported in South East (Koramangala),South East (Koramangala),False,South East (Koramangala),12.951488861691397,77.61017992597995
82150551/2024,2024-08-02 17:29:00,CYBER,CYBER incident reported in South East (Koramangala),South East (Koramangala),True,South East (Koramangala),12.932809682896318,77.58293567819204
81406465/2023,2023-06-22 03:31:00,BURGLARY,BURGLARY incident reported in South East (Koramangala),South East (Koramangala),False,South East (Koramangala),12.937346385168976,77.60818949475085
85805897/2024,2024-07-27 16:54:00,ASSAULT,ASSAULT incident reported in South (Jayanagar),South (Jayanagar),False,South (Jayanagar),12.903449997495782,77.59292235878029
"FIR No. 0088/2026, P.S. Majestic/MG Road",2026-04-03 20:32:00,THEFT,THEFT incident reported in Central (Majestic/MG Road),Central (Majestic/MG Road),False,Central (Majestic/MG Road),12.984198949028697,77.55650453120539
"FIR No. 0064/2025, P.S. Majestic/MG Road",2025-01-06 22:19:00,CYBER,CYBER incident reported in Central (Majestic/MG Road),Central (Majestic/MG Road),False,Central (Majestic/MG Road),12.983937564240634,77.56083723499482
"FIR No. 0045/2023, P.S. Koramangala",2023-01-17 22:00:00,THEFT,THEFT incident reported in South East (Koramangala),South East (Koramangala),False,South East (Koramangala),12.935161748298404,77.59731405740773
80446636/2026,2026-02-01 12:03:00,CYBER,CYBER incident reported in East (Indiranagar),East (Indiranagar),False,East (Indiranagar),12.994869731440668,77.63537558446805
"FIR No. 0107/2023, P.S. Whitefield",2023-09-09 13:49:00,ASSAULT,ASSAULT incident reported in IT Corridor (Whitefield),IT Corridor (Whitefield),True,IT Corridor (Whitefield),12.948689722549638,77.75497330657952
"FIR No. 0405/2024, P.S. Indiranagar",2024-07-06 15:23:00,ROBBERY,ROBBERY incident reported in East (Indiranagar),East (Indiranagar),False,East (Indiranagar),12.96387102270128,77.61488507014185
"FIR No. 0267/2025, P.S. Indiranagar",2025-12-11 21:53:00,THEFT,THEFT incident reported in East (Indiranagar),East (Indiranagar),True,East (Indiranagar),12.968680076302183,77.62347572206933
"FIR No. 0163/2025, P.S. Jayanagar",2025-02-15 17:41:00,THEFT,THEFT incident reported in South (Jayanagar),South (Jayanagar),True,South (Jayanagar),12.90247449733889,77.57988516933064
"FIR No. 0084/2025, P.S. Koramangala",2025-02-02 06:21:00,CYBER,CYBER incident reported in South East (Koramangala),South East (Koramangala),False,South East (Koramangala),12.91289490177316,77.63133839627
"FIR No. 0004/2025, P.S. Indiranagar",2025-01-05 11:19:00,OTHER,OTHER incident reported in East (Indiranagar),East (Indiranagar),False,East (Indiranagar),12.980241131758206,77.65274041029814
"FIR No. 0049/2023, P.S. Majestic/MG Road",2023-07-24 20:48:00,ROBBERY,ROBBERY incident reported in Central (Majestic/MG Road),Central (Majestic/MG Road),True,Central (Majestic/MG Road),12.96267293373263,77.57441354935534
"FIR No. 0245/2023, P.S. Jayanagar",2023-03-09 08:28:00,THEFT,THEFT incident reported in South (Jayanagar),South (Jayanagar),False,South (Jayanagar),12.923853734872512,77.57577217007206
83372792/2024,2024-05-09 06:58:00,ROBBERY,ROBBERY incident reported in East (Indiranagar),East (Indiranagar),False,East (Indiranagar),12.972508057240589,77.62060210454034
"FIR No. 0613/2023, P.S. Koramangala",2023-10-09 03:07:00,BURGLARY,BURGLARY incident reported in South East (Koramangala),South East (Koramangala),False,South East (Koramangala),12.936631859037544,77.64195636175388
"FIR No. 0065/2024, P.S. Jayanagar",2024-01-27 17:03:00,CYBER,CYBER incident reported in South (Jayanagar),South (Jayanagar),False,South (Jayanagar),12.940060576648156,77.56880513780213
"FIR No. 0034/2024, P.S. Koramangala",2024-02-01 06:49:00,ASSAULT,ASSAULT incident reported in South East (Koramangala),South East (Koramangala),False,South East (Koramangala),12.941412154110678,77.63579204926044
"FIR No. 0082/2025, P.S. Whitefield",2025-03-31 20:43:00,THEFT,THEFT incident reported in IT Corridor (Whitefield),IT Corridor (Whitefield),True,IT Corridor (Whitefield),12.949676243891272,77.76124092880794
"FIR No. 1106/2023, P.S. Majestic/MG Road",2023-12-20 19:08:00,THEFT,THEFT incident reported in Central (Majestic/MG Road),Central (Majestic/MG Road),False,Central (Majestic/MG Road),12.967553145474232,77.57076599209239
"FIR No. 0090/2025, P.S. Indiranagar",2025-04-26 06:47:00,THEFT,THEFT incident reported in East (Indiranagar),East (Indiranagar),False,East (Indiranagar),12.988304205197204,77.61721123441646
"FIR No. 0102/2023, P.S. Indiranagar",2023-02-07 19:11:00,THEFT,THEFT incident reported in East (Indiranagar),East (Indiranagar),False,East (Indiranagar),12.981565887567802,77.64031428675945
85857124/2023,2023-07-27 16:01:00,ASSAULT,ASSAULT incident reported in Central (Majestic/MG Road),Central (Majestic/MG Road),False,Central (Majestic/MG Road),12.970547368862295,77.59215753182455
"FIR No. 0349/2026, P.S. Majestic/MG Road",2026-05-29 21:28:00,CYBER,CYBER incident reported in Central (Majestic/MG Road),Central (Majestic/MG Road),True,Central (Majestic/MG Road),12.96234057755371,77.59155282319097
"FIR No. 0350/2023, P.S. Malleswaram",2023-06-16 06:19:00,ASSAULT,ASSAULT incident reported in North (Malleswaram),North (Malleswaram),True,North (Malleswaram),13.002530935615068,77.59366903465738
"FIR No. 0185/2026, P.S. Whitefield",2026-04-09 04:10:00,ASSAULT,ASSAULT incident reported in IT Corridor (Whitefield),IT Corridor (Whitefield),False,IT Corridor (Whitefield),12.984702080421114,77.75632077239887
"FIR No. 0104/2026, P.S. Whitefield",2026-03-14 09:18:00,ASSAULT,ASSAULT incident reported in IT Corridor (Whitefield),IT Corridor (Whitefield),True,IT Corridor (Whitefield),12.981005439301091,77.74771033041858
"FIR No. 0055/2024, P.S. Koramangala",2024-02-23 21:05:00,CYBER,CYBER incident reported in South East (Koramangala),South East (Koramangala),False,South East (Koramangala),12.93538317357198,77.60479775031207
"FIR No. 0061/2025, P.S. Majestic/MG Road",2025-01-23 12:16:00,THEFT,THEFT incident reported in Central (Majestic/MG Road),Central (Majestic/MG Road),True,Central (Majestic/MG Road),12.954231229574368,77.5515580261977
86556149/2026,2026-07-06 22:15:00,THEFT,THEFT incident reported in North (Malleswaram),North (Malleswaram),False,North (Malleswaram),13.02291421663164,77.57427313224277
"FIR No. 0094/2023, P.S. Indiranagar",2023-05-08 03:40:00,CYBER,CYBER incident reported in East (Indiranagar),East (Indiranagar),False,East (Indiranagar),12.97624575933614,77.61948868757798
"FIR No. 0204/2026, P.S. Koramangala",2026-02-04 00:52:00,THEFT,THEFT incident reported in South East (Koramangala),South East (Koramangala),False,South East (Koramangala),12.897056437516458,77.63997083031985
"FIR No. 0020/2025, P.S. Indiranagar",2025-06-06 07:48:00,ASSAULT,ASSAULT incident reported in East (Indiranagar),East (Indiranagar),False,East (Indiranagar),12.977005281212104,77.65589386155582
"FIR No. 0317/2025, P.S. Jayanagar",2025-06-21 15:41:00,ROBBERY,ROBBERY incident reported in South (Jayanagar),South (Jayanagar),False,South (Jayanagar),12.934703922107602,77.5963107253063
"FIR No. 0034/2023, P.S. Majestic/MG Road",2023-06-14 10:30:00,THEFT,THEFT incident reported in Central (Majestic/MG Road),Central (Majestic/MG Road),False,Central (Majestic/MG Road),12.99014967969642,77.57707707698516
82884801/2023,2023-07-02 11:29:00,BURGLARY,BURGLARY incident reported in South (Jayanagar),South (Jayanagar),True,South (Jayanagar),12.917421285290455,77.57874074260506
"FIR No. 0101/2024, P.S. Koramangala",2024-09-20 08:59:00,THEFT,THEFT incident reported in South East (Koramangala),South East (Koramangala),False,South East (Koramangala),12.921117452259496,77.61380350465006
84145968/2025,2025-06-02 02:56:00,THEFT,THEFT incident reported in South East (Koramangala),South East (Koramangala),False,South East (Koramangala),12.93184361978697,77.6313447652772
"FIR No. 0242/2026, P.S. Koramangala",2026-07-18 18:36:00,THEFT,THEFT incident reported in South East (Koramangala),South East (Koramangala),False,South East (Koramangala),12.94769189522439,77.62230251013045
"FIR No. 0061/2023, P.S. Whitefield",2023-04-05 08:36:00,ROBBERY,ROBBERY incident reported in IT Corridor (Whitefield),IT Corridor (Whitefield),False,IT Corridor (Whitefield),12.975099620537332,77.76537419571781
"FIR No. 0493/2024, P.S. Jayanagar",2024-10-31 12:42:00,CYBER,CYBER incident reported in South (Jayanagar),South (Jayanagar),False,South (Jayanagar),12.954517355065608,77.56067664743408
"FIR No. 0252/2024, P.S. Malleswaram",2024-05-06 16:44:00,ASSAULT,ASSAULT incident reported in North (Malleswaram),North (Malleswaram),False,North (Malleswaram),13.00212874109912,77.56356902799466
"FIR No. 0403/2024, P.S. Jayanagar",2024-05-10 15:25:00,ROBBERY,ROBBERY incident reported in South (Jayanagar),South (Jayanagar),False,South (Jayanagar),12.90295095489484,77.56278782338505
"FIR No. 0452/2023, P.S. Jayanagar",2023-07-09 07:42:00,ASSAULT,ASSAULT incident reported in South (Jayanagar),South (Jayanagar),False,South (Jayanagar),12.899385445997812,77.579132664385
"FIR No. 0024/2025, P.S. Indiranagar",2025-01-24 21:22:00,THEFT,THEFT incident reported in East (Indiranagar),East (Indiranagar),False,East (Indiranagar),12.970492397678992,77.63835180503864
"FIR No. 0070/2024, P.S. Koramangala",2024-02-18 13:47:00,THEFT,THEFT incident reported in South East (Koramangala),South East (Koramangala),False,South East (Koramangala),12.950593041762737,77.63840339061771
87136617/2025,2025-07-06 00:17:00,THEFT,THEFT incident reported in East (Indiranagar),East (Indiranagar),False,East (Indiranagar),12.971924643887167,77.63325575384268
"FIR No. 0114/2025, P.S. Indiranagar",2025-04-27 15:24:00,ROBBERY,ROBBERY incident reported in East (Indiranagar),East (Indiranagar),False,East (Indiranagar),12.970315707601006,77.6354560268926
"FIR No. 0111/2024, P.S. Koramangala",2024-05-03 02:41:00,BURGLARY,BURGLARY incident reported in South East (Koramangala),South East (Koramangala),True,South East (Koramangala),12.94541727974007,77.61230121701168
85307003/2025,2025-04-29 16:09:00,THEFT,THEFT incident reported in South (Jayanagar),South (Jayanagar),False,South (Jayanagar),12.923672082990906,77.57376972228654
"FIR No. 0027/2026, P.S. Jayanagar",2026-06-24 12:40:00,THEFT,THEFT incident reported in South (Jayanagar),South (Jayanagar),False,South (Jayanagar),12.948920358264395,77.59095483729246
"FIR No. 0283/2026, P.S. Majestic/MG Road",2026-07-05 16:38:00,CYBER,CYBER incident reported in Central (Majestic/MG Road),Central (Majestic/MG Road),False,Central (Majestic/MG Road),12.977994882310838,77.55600072731822
"FIR No. 0122/2024, P.S. Malleswaram",2024-02-27 21:23:00,THEFT,THEFT incident reported in North (Malleswaram),North (Malleswaram),False,North (Malleswaram),12.984724462446245,77.56268411001284
83250815/2023,2023-05-01 23:31:00,ASSAULT,ASSAULT incident reported in South East (Koramangala),South East (Koramangala),False,South East (Koramangala),12.951493864240316,77.62879659322972
"FIR No. 0524/2023, P.S. Koramangala",2023-06-17 04:40:00,CYBER,CYBER incident reported in South East (Koramangala),South East (Koramangala),False,South East (Koramangala),12.90647593354442,77.62562208218057
"FIR No. 0316/2025, P.S. Malleswaram",2025-09-05 06:35:00,CYBER,CYBER incident reported in North (Malleswaram),North (Malleswaram),False,North (Malleswaram),13.013211711322828,77.5524424050173
"FIR No. 0219/2023, P.S. Koramangala",2023-05-17 06:23:00,THEFT,THEFT incident reported in South East (Koramangala),South East (Koramangala),False,South East (Koramangala),12.960078638238942,77.64550959394806
"FIR No. 0066/2025, P.S. Indiranagar",2025-02-23 19:07:00,ASSAULT,ASSAULT incident reported in East (Indiranagar),East (Indiranagar),True,East (Indiranagar),12.9827991909751,77.63855419777308
"FIR No. 0583/2024, P.S. Indiranagar",2024-11-27 16:33:00,ASSAULT,ASSAULT incident reported in East (Indiranagar),East (Indiranagar),False,East (Indiranagar),12.968432627738515,77.63395368235246
"FIR No. 0395/2025, P.S. Koramangala",2025-07-02 07:43:00,ROBBERY,ROBBERY incident reported in South East (Koramangala),South East (Koramangala),False,South East (Koramangala),12.94847417292372,77.61347101986838
81592590/2023,2023-06-01 06:44:00,ASSAULT,ASSAULT incident reported in IT Corridor (Whitefield),IT Corridor (Whitefield),True,IT Corridor (Whitefield),12.970078324839978,77.76502366839006
"FIR No. 1337/2025, P.S. Indiranagar",2025-12-20 20:27:00,ASSAULT,ASSAULT incident reported in East (Indiranagar),East (Indiranagar),True,East (Indiranagar),12.966366489719189,77.64957512879825
81778573/2024,2024-12-01 20:50:00,THEFT,THEFT incident reported in South East (Koramangala),South East (Koramangala),False,South East (Koramangala),12.93234810656463,77.62353334511435
"FIR No. 0073/2025, P.S. Whitefield",2025-04-03 01:40:00,BURGLARY,BURGLARY incident reported in IT Corridor (Whitefield),IT Corridor (Whitefield),False,IT Corridor (Whitefield),12.953750221799297,77.7380135477256
"FIR No. 0045/2026, P.S. Malleswaram",2026-03-31 23:16:00,ROBBERY,ROBBERY incident reported in North (Malleswaram),North (Malleswaram),False,North (Malleswaram),12.983188958613802,77.56229650795206
"FIR No. 0702/2025, P.S. Koramangala",2025-09-08 01:04:00,CYBER,CYBER incident reported in South East (Koramangala),South East (Koramangala),False,South East (Koramangala),12.946225271531198,77.62655575396177
"FIR No. 0271/2026, P.S. Majestic/MG Road",2026-08-01 19:05:00,CYBER,CYBER incident reported in Central (Majestic/MG Road),Central (Majestic/MG Road),True,Central (Majestic/MG Road),12.980635278858069,77.56843669663891
80889093/2026,2026-04-16 09:42:00,CYBER,CYBER incident reported in North (Malleswaram),North (Malleswaram),True,North (Malleswaram),13.013751800510953,77.57400827366114
"FIR No. 0033/2025, P.S. Majestic/MG Road",2025-03-26 21:56:00,THEFT,THEFT incident reported in Central (Majestic/MG Road),Central (Majestic/MG Road),False,Central (Majestic/MG Road),12.973158465404762,77.6032822256555
"FIR No. 0186/2025, P.S. Indiranagar",2025-02-20 00:04:00,CYBER,CYBER incident reported in East (Indiranagar),East (Indiranagar),True,East (Indiranagar),12.982009239144537,77.61761254132351
"FIR No. 0615/2025, P.S. Koramangala",2025-10-21 06:40:00,THEFT,THEFT incident reported in South East (Koramangala),South East (Koramangala),True,South East (Koramangala),12.914841732958296,77.59162234336995
"FIR No. 0025/2025, P.S. Jayanagar",2025-02-25 15:53:00,ASSAULT,ASSAULT incident reported in South (Jayanagar),South (Jayanagar),False,South (Jayanagar),12.93456038565854,77.5719410879014
80767014/2025,2025-04-10 23:28:00,CYBER,CYBER incident reported in North (Malleswaram),North (Malleswaram),False,North (Malleswaram),12.99572731578692,77.5629527290595
"FIR No. 0096/2023, P.S. Koramangala",2023-04-28 05:17:00,THEFT,THEFT incident reported in South East (Koramangala),South East (Koramangala),True,South East (Koramangala),12.9319917733317,77.62568257699219
"FIR No. 0334/2026, P.S. Indiranagar",2026-05-24 05:29:00,CYBER,CYBER incident reported in East (Indiranagar),East (Indiranagar),True,East (Indiranagar),12.9613867006337,77.61941051821528
83668086/2024,2024-03-14 07:48:00,THEFT,THEFT incident reported in East (Indiranagar),East (Indiranagar),True,East (Indiranagar),12.96403727585678,77.62609062401306
"FIR No. 0251/2024, P.S. Jayanagar",2024-06-09 04:10:00,ASSAULT,ASSAULT incident reported in South (Jayanagar),South (Jayanagar),False,South (Jayanagar),12.932287163066036,77.5797323578631
"FIR No. 0119/2025, P.S. Majestic/MG Road",2025-09-05 03:27:00,CYBER,CYBER incident reported in Central (Majestic/MG Road),Central (Majestic/MG Road),True,Central (Majestic/MG Road),12.985182368578831,77.57665504613645
"FIR No. 0546/2026, P.S. Jayanagar",2026-06-24 02:37:00,THEFT,THEFT incident reported in South (Jayanagar),South (Jayanagar),False,South (Jayanagar),12.922086863464887,77.55203664048156
"FIR No. 0339/2024, P.S. Majestic/MG Road",2024-12-31 05:59:00,THEFT,THEFT incident reported in Central (Majestic/MG Road),Central (Majestic/MG Road),False,Central (Majestic/MG Road),13.025801991739463,77.56075931342775
"FIR No. 0063/2023, P.S. Whitefield",2023-05-02 14:21:00,CYBER,CYBER incident reported in IT Corridor (Whitefield),IT Corridor (Whitefield),False,IT Corridor (Whitefield),12.993214156208593,77.75583568306739
89205782/2025,2025-05-10 11:37:00,THEFT,THEFT incident reported in Central (Majestic/MG Road),Central (Majestic/MG Road),False,Central (Majestic/MG Road),12.969031574453082,77.5788872514425
88386613/2023,2023-05-09 17:41:00,ASSAULT,ASSAULT incident reported in South East (Koramangala),South East (Koramangala),False,South East (Koramangala),12.918331621043068,77.60457111061703
80175978/2026,2026-07-14 16:20:00,THEFT,THEFT incident reported in Central (Majestic/MG Road),Central (Majestic/MG Road),False,Central (Majestic/MG Road),12.969613465976389,77.57306955540554
"FIR No. 0540/2025, P.S. Koramangala",2025-05-21 13:05:00,ASSAULT,ASSAULT incident reported in South East (Koramangala),South East (Koramangala),False,South East (Koramangala),12.92958150438222,77.60755604040402
"FIR No. 0363/2025, P.S. Malleswaram",2025-09-24 06:31:00,CYBER,CYBER incident reported in North (Malleswaram),North (Malleswaram),False,North (Malleswaram),13.0010566544362,77.58387052538382
"FIR No. 1110/2023, P.S. Malleswaram",2023-12-06 11:20:00,CYBER,CYBER incident reported in North (Malleswaram),North (Malleswaram),True,North (Malleswaram),12.99487002900534,77.56966610391315
80613165/2024,2024-12-22 22:09:00,OTHER,OTHER incident reported in Central (Majestic/MG Road),Central (Majestic/MG Road),False,Central (Majestic/MG Road),12.981957234005163,77.58161313281148
"FIR No. 0129/2023, P.S. Majestic/MG Road",2023-05-02 23:05:00,ROBBERY,ROBBERY incident reported in Central (Majestic/MG Road),Central (Majestic/MG Road),True,Central (Majestic/MG Road),12.984495541188066,77.59258712977217
81787065/2023,2023-01-10 02:49:00,CYBER,CYBER incident reported in Central (Majestic/MG Road),Central (Majestic/MG Road),False,Central (Majestic/MG Road),12.98168964696847,77.56437099420121
84299629/2024,2024-11-14 12:10:00,ASSAULT,ASSAULT incident reported in Central (Majestic/MG Road),Central (Majestic/MG Road),False,Central (Majestic/MG Road),12.965163808319012,77.56408133497557
84239044/2023,2023-01-02 04:00:00,ASSAULT,ASSAULT incident reported in East (Indiranagar),East (Indiranagar),True,East (Indiranagar),13.003124180662375,77.62153109274432
88740833/2024,2024-12-08 14:47:00,THEFT,THEFT incident reported in IT Corridor (Whitefield),IT Corridor (Whitefield),True,IT Corridor (Whitefield),12.9774280983672,77.75788288376009
"FIR No. 0220/2025, P.S. Majestic/MG Road",2025-06-01 06:41:00,CYBER,CYBER incident reported in Central (Majestic/MG Road),Central (Majestic/MG Road),True,Central (Majestic/MG Road),12.977212868154062,77.54402929917933
"FIR No. 0294/2023, P.S. Indiranagar",2023-05-22 14:50:00,ROBBERY,ROBBERY incident reported in East (Indiranagar),East (Indiranagar),False,East (Indiranagar),12.998330148204207,77.64971661729959
"FIR No. 0437/2025, P.S. Koramangala",2025-09-30 19:13:00,ROBBERY,ROBBERY incident reported in South East (Koramangala),South East (Koramangala),True,South East (Koramangala),12.940132579357591,77.61988788297981
"FIR No. 0650/2024, P.S. Malleswaram",2024-12-07 13:31:00,CYBER,CYBER incident reported in North (Malleswaram),North (Malleswaram),False,North (Malleswaram),13.024891438920278,77.54942115551596
"FIR No. 0022/2026, P.S. Jayanagar",2026-04-18 05:47:00,OTHER,OTHER incident reported in South (Jayanagar),South (Jayanagar),False,South (Jayanagar),12.939125694370706,77.57322432655121
"FIR No. 0326/2023, P.S. Majestic/MG Road",2023-07-16 00:44:00,BURGLARY,BURGLARY incident reported in Central (Majestic/MG Road),Central (Majestic/MG Road),False,Central (Majestic/MG Road),12.968396298176255,77.54276066618544
"FIR No. 0479/2023, P.S. Indiranagar",2023-11-17 17:15:00,THEFT,THEFT incident reported in East (Indiranagar),East (Indiranagar),False,East (Indiranagar),12.997759492739403,77.65250138113805
"FIR No. 0239/2026, P.S. Koramangala",2026-07-27 20:05:00,THEFT,THEFT incident reported in South East (Koramangala),South East (Koramangala),False,South East (Koramangala),12.939108467862226,77.61216781346506
"FIR No. 0627/2024, P.S. Koramangala",2024-08-11 22:47:00,THEFT,THEFT incident reported in South East (Koramangala),South East (Koramangala),True,South East (Koramangala),12.953074704256796,77.64498792995856
81328781/2023,2023-03-15 11:50:00,CYBER,CYBER incident reported in East (Indiranagar),East (Indiranagar),True,East (Indiranagar),12.985373111539204,77.62230351095508
"FIR No. 0065/2026, P.S. Whitefield",2026-02-15 15:41:00,ASSAULT,ASSAULT incident reported in IT Corridor (Whitefield),IT Corridor (Whitefield),False,IT Corridor (Whitefield),12.956722008829376,77.73253701906971
86326764/2023,2023-04-27 14:26:00,THEFT,THEFT incident reported in North (Malleswaram),North (Malleswaram),True,North (Malleswaram),12.991294399612476,77.55536094061081
"FIR No. 0571/2024, P.S. Majestic/MG Road",2024-09-05 18:16:00,THEFT,THEFT incident reported in Central (Majestic/MG Road),Central (Majestic/MG Road),False,Central (Majestic/MG Road),12.977906800962822,77.57822053960368
"FIR No. 0413/2025, P.S. Indiranagar",2025-10-21 23:02:00,ASSAULT,ASSAULT incident reported in East (Indiranagar),East (Indiranagar),False,East (Indiranagar),12.992574039392466,77.66559346778374
"FIR No. 0138/2024, P.S. Malleswaram",2024-06-14 01:49:00,THEFT,THEFT incident reported in North (Malleswaram),North (Malleswaram),False,North (Malleswaram),12.983423205842705,77.59004009790877
80951701/2023,2023-08-14 10:54:00,CYBER,CYBER incident reported in South East (Koramangala),South East (Koramangala),False,South East (Koramangala),12.94499162831295,77.63761887134288
"FIR No. 0495/2024, P.S. Koramangala",2024-07-11 12:35:00,THEFT,THEFT incident reported in South East (Koramangala),South East (Koramangala),False,South East (Koramangala),12.95250722892746,77.64677733855498
"FIR No. 0453/2023, P.S. Majestic/MG Road",2023-12-15 17:38:00,THEFT,THEFT incident reported in Central (Majestic/MG Road),Central (Majestic/MG Road),False,Central (Majestic/MG Road),12.96059549923539,77.57672742280312
"FIR No. 0303/2025, P.S. Jayanagar",2025-09-30 04:48:00,THEFT,THEFT incident reported in South (Jayanagar),South (Jayanagar),False,South (Jayanagar),12.928872977166634,77.58726837938124
"FIR No. 0167/2023, P.S. Majestic/MG Road",2023-03-05 01:21:00,CYBER,CYBER incident reported in Central (Majestic/MG Road),Central (Majestic/MG Road),False,Central (Majestic/MG Road),12.968858766610328,77.57169963401402
87962681/2023,2023-02-05 11:06:00,THEFT,THEFT incident reported in East (Indiranagar),East (Indiranagar),False,East (Indiranagar),12.990773837365944,77.61353887752017
"FIR No. 0617/2023, P.S. Indiranagar",2023-09-06 18:47:00,THEFT,THEFT incident reported in East (Indiranagar),East (Indiranagar),False,East (Indiranagar),12.979239888012447,77.64783038169647
"FIR No. 0042/2025, P.S. Jayanagar",2025-05-11 06:02:00,ASSAULT,ASSAULT incident reported in South (Jayanagar),South (Jayanagar),False,South (Jayanagar),12.940679905399312,77.57897543532219
"FIR No. 0208/2025, P.S. Majestic/MG Road",2025-04-23 22:54:00,THEFT,THEFT incident reported in Central (Majestic/MG Road),Central (Majestic/MG Road),False,Central (Majestic/MG Road),12.963729205874465,77.57803077090742
"FIR No. 0306/2023, P.S. Malleswaram",2023-03-15 21:17:00,THEFT,THEFT incident reported in North (Malleswaram),North (Malleswaram),False,North (Malleswaram),12.988396999499567,77.5822925862404
"FIR No. 0174/2023, P.S. Whitefield",2023-11-20 17:16:00,CYBER,CYBER incident reported in IT Corridor (Whitefield),IT Corridor (Whitefield),True,IT Corridor (Whitefield),12.942703497770047,77.74860042673353
89149753/2025,2025-10-16 15:37:00,THEFT,THEFT incident reported in East (Indiranagar),East (Indiranagar),True,East (Indiranagar),12.960212673449403,77.63458068098986
"FIR No. 0212/2025, P.S. Koramangala",2025-04-16 15:42:00,CYBER,CYBER incident reported in South East (Koramangala),South East (Koramangala),False,South East (Koramangala),12.90673695239335,77.61471167956635
"FIR No. 0227/2025, P.S. Whitefield",2025-10-01 14:27:00,THEFT,THEFT incident reported in IT Corridor (Whitefield),IT Corridor (Whitefield),False,IT Corridor (Whitefield),12.950784000932815,77.75794582904004
81615823/2026,2026-08-06 13:22:00,THEFT,THEFT incident reported in Central (Majestic/MG Road),Central (Majestic/MG Road),True,Central (Majestic/MG Road),12.988417072876782,77.55488114250944
"FIR No. 0697/2024, P.S. Jayanagar",2024-11-23 19:13:00,OTHER,OTHER incident reported in South (Jayanagar),South (Jayanagar),False,South (Jayanagar),12.944878657130932,77.58060340647734
"FIR No. 0501/2024, P.S. Majestic/MG Road",2024-11-05 22:21:00,CYBER,CYBER incident reported in Central (Majestic/MG Road),Central (Majestic/MG Road),True,Central (Majestic/MG Road),12.965222067848517,77.58226790218573
81218457/2024,2024-09-25 01:40:00,THEFT,THEFT incident reported in East (Indiranagar),East (Indiranagar),True,East (Indiranagar),12.991654126805871,77.63616692823653
"FIR No. 0140/2026, P.S. Koramangala",2026-03-07 03:21:00,ASSAULT,ASSAULT incident reported in South East (Koramangala),South East (Koramangala),False,South East (Koramangala),12.953428467067337,77.60875904386033
"FIR No. 0038/2026, P.S. Koramangala",2026-01-23 12:41:00,THEFT,THEFT incident reported in South East (Koramangala),South East (Koramangala),False,South East (Koramangala),12.923273461482108,77.63496665843076
"FIR No. 0109/2025, P.S. Koramangala",2025-01-06 09:42:00,CYBER,CYBER incident reported in South East (Koramangala),South East (Koramangala),True,South East (Koramangala),12.939525787802651,77.63557763664043
"FIR No. 0062/2025, P.S. Majestic/MG Road",2025-02-27 17:59:00,ROBBERY,ROBBERY incident reported in Central (Majestic/MG Road),Central (Majestic/MG Road),False,Central (Majestic/MG Road),13.000177906781117,77.58959524543705
82186612/2026,2026-07-21 03:44:00,CYBER,CYBER incident reported in Central (Majestic/MG Road),Central (Majestic/MG Road),True,Central (Majestic/MG Road),12.988166222741448,77.57249044384398
"FIR No. 0663/2023, P.S. Malleswaram",2023-10-12 13:21:00,CYBER,CYBER incident reported in North (Malleswaram),North (Malleswaram),False,North (Malleswaram),13.023763013217996,77.54177294520504
"FIR No. 0296/2024, P.S. Jayanagar",2024-04-17 18:54:00,CYBER,CYBER incident reported in South (Jayanagar),South (Jayanagar),False,South (Jayanagar),12.951449656196376,77.56206578115307
"FIR No. 0060/2024, P.S. Indiranagar",2024-03-29 10:23:00,THEFT,THEFT incident reported in East (Indiranagar),East (Indiranagar),False,East (Indiranagar),12.994951593564702,77.6516815503419
"FIR No. 0003/2023, P.S. Majestic/MG Road",2023-07-19 20:55:00,ROBBERY,ROBBERY incident reported in Central (Majestic/MG Road),Central (Majestic/MG Road),False,Central (Majestic/MG Road),12.96864755598437,77.56264665218006
"FIR No. 0047/2026, P.S. Koramangala",2026-03-15 05:04:00,THEFT,THEFT incident reported in South East (Koramangala),South East (Koramangala),False,South East (Koramangala),12.929161042725308,77.6237742211223
88192921/2024,2024-08-06 14:38:00,THEFT,THEFT incident reported in South (Jayanagar),South (Jayanagar),True,South (Jayanagar),12.935552230347424,77.56891996134893
"FIR No. 0118/2023, P.S. Majestic/MG Road",2023-01-29 09:03:00,THEFT,THEFT incident reported in Central (Majestic/MG Road),Central (Majestic/MG Road),False,Central (Majestic/MG Road),12.973417008656732,77.59170151687967
87213707/2026,2026-08-22 15:10:00,BURGLARY,BURGLARY incident reported in IT Corridor (Whitefield),IT Corridor (Whitefield),True,IT Corridor (Whitefield),12.994020039754176,77.74229297568651
"FIR No. 0011/2024, P.S. Malleswaram",2024-05-07 09:09:00,ROBBERY,ROBBERY incident reported in North (Malleswaram),North (Malleswaram),False,North (Malleswaram),12.977561024976335,77.56618319023757
"FIR No. 0001/2023, P.S. Koramangala",2023-03-07 07:59:00,ASSAULT,ASSAULT incident reported in South East (Koramangala),South East (Koramangala),False,South East (Koramangala),12.926559548847568,77.58356703713656
"FIR No. 0393/2025, P.S. Koramangala",2025-06-11 02:37:00,CYBER,CYBER incident reported in South East (Koramangala),South East (Koramangala),False,South East (Koramangala),12.912488173072648,77.59674487302375
80185136/2023,2023-12-15 15:53:00,CYBER,CYBER incident reported in South East (Koramangala),South East (Koramangala),False,South East (Koramangala),12.914372297169631,77.64576176852393
"FIR No. 0019/2025, P.S. Koramangala",2025-10-19 09:32:00,THEFT,THEFT incident reported in South East (Koramangala),South East (Koramangala),True,South East (Koramangala),12.92478832147906,77.63846107213702
"FIR No. 0186/2025, P.S. Koramangala",2025-12-01 04:33:00,CYBER,CYBER incident reported in South East (Koramangala),South East (Koramangala),False,South East (Koramangala),12.912682227933852,77.60567616569485
"FIR No. 0245/2024, P.S. Indiranagar",2024-06-20 23:20:00,ASSAULT,ASSAULT incident reported in East (Indiranagar),East (Indiranagar),False,East (Indiranagar),12.972354902632183,77.61625613397385
"FIR No. 0065/2023, P.S. Jayanagar",2023-01-22 04:46:00,ROBBERY,ROBBERY incident reported in South (Jayanagar),South (Jayanagar),False,South (Jayanagar),12.940824720772904,77.59453944294064
"FIR No. 0313/2025, P.S. Jayanagar",2025-03-25 23:46:00,THEFT,THEFT incident reported in South (Jayanagar),South (Jayanagar),False,South (Jayanagar),12.936572903074854,77.57661747671565
"FIR No. 0166/2024, P.S. Majestic/MG Road",2024-06-23 16:38:00,THEFT,THEFT incident reported in Central (Majestic/MG Road),Central (Majestic/MG Road),False,Central (Majestic/MG Road),12.97927939291232,77.5700121489973
"FIR No. 0228/2023, P.S. Malleswaram",2023-09-17 10:33:00,THEFT,THEFT incident reported in North (Malleswaram),North (Malleswaram),True,North (Malleswaram),12.998053017689708,77.5814819231034
"FIR No. 0254/2024, P.S. Jayanagar",2024-03-04 13:39:00,CYBER,CYBER incident reported in South (Jayanagar),South (Jayanagar),True,South (Jayanagar),12.939168977951276,77.60282436179541
"FIR No. 0231/2024, P.S. Jayanagar",2024-03-27 09:08:00,THEFT,THEFT incident reported in South (Jayanagar),South (Jayanagar),True,South (Jayanagar),12.941365070334214,77.58965023063233
"FIR No. 0107/2024, P.S. Koramangala",2024-04-13 15:28:00,THEFT,THEFT incident reported in South East (Koramangala),South East (Koramangala),False,South East (Koramangala),12.933462839086028,77.64439661225622
"FIR No. 0017/2024, P.S. Indiranagar",2024-01-05 06:12:00,CYBER,CYBER incident reported in East (Indiranagar),East (Indiranagar),False,East (Indiranagar),12.9422047135864,77.65143729905785
"FIR No. 0152/2025, P.S. Koramangala",2025-11-22 06:53:00,CYBER,CYBER incident reported in South East (Koramangala),South East (Koramangala),False,South East (Koramangala),12.920500662899226,77.65348373269224
"FIR No. 0040/2025, P.S. Majestic/MG Road",2025-03-14 10:04:00,THEFT,THEFT incident reported in Central (Majestic/MG Road),Central (Majestic/MG Road),True,Central (Majestic/MG Road),12.954793440382495,77.55885917144386
"FIR No. 0053/2026, P.S. Jayanagar",2026-01-06 16:11:00,CYBER,CYBER incident reported in South (Jayanagar),South (Jayanagar),False,South (Jayanagar),12.926153398298782,77.56213361902523
"FIR No. 0227/2024, P.S. Malleswaram",2024-12-26 13:46:00,ASSAULT,ASSAULT incident reported in North (Malleswaram),North (Malleswaram),False,North (Malleswaram),12.99993888465778,77.5557901834433
"FIR No. 0421/2023, P.S. Koramangala",2023-10-03 14:40:00,THEFT,THEFT incident reported in South East (Koramangala),South East (Koramangala),True,South East (Koramangala),12.935267451239165,77.61523995410306
82907071/2026,2026-05-04 15:13:00,ROBBERY,ROBBERY incident reported in South East (Koramangala),South East (Koramangala),False,South East (Koramangala),12.947504391420107,77.62977158792476
"FIR No. 0242/2023, P.S. Indiranagar",2023-05-17 13:21:00,ASSAULT,ASSAULT incident reported in East (Indiranagar),East (Indiranagar),False,East (Indiranagar),12.97590902809744,77.65132235004253
80076379/2026,2026-02-05 17:25:00,ROBBERY,ROBBERY incident reported in South East (Koramangala),South East (Koramangala),False,South East (Koramangala),12.939265493794489,77.63231558431781
"FIR No. 0145/2023, P.S. Malleswaram",2023-05-05 15:58:00,ASSAULT,ASSAULT incident reported in North (Malleswaram),North (Malleswaram),True,North (Malleswaram),13.008940300585664,77.5717039053901
"FIR No. 0053/2023, P.S. Koramangala",2023-01-02 01:19:00,THEFT,THEFT incident reported in South East (Koramangala),South East (Koramangala),False,South East (Koramangala),12.927397310773054,77.64643867461675
"FIR No. 0161/2025, P.S. Indiranagar",2025-07-02 15:00:00,OTHER,OTHER incident reported in East (Indiranagar),East (Indiranagar),True,East (Indiranagar),13.017374238576387,77.64236303652177
"FIR No. 0418/2025, P.S. Indiranagar",2025-07-06 04:53:00,CYBER,CYBER incident reported in East (Indiranagar),East (Indiranagar),False,East (Indiranagar),12.967578926869006,77.64586387010725
"FIR No. 0567/2024, P.S. Jayanagar",2024-11-17 19:14:00,THEFT,THEFT incident reported in South (Jayanagar),South (Jayanagar),True,South (Jayanagar),12.91085830278266,77.58446419783768
84087648/2023,2023-02-11 00:42:00,THEFT,THEFT incident reported in East (Indiranagar),East (Indiranagar),True,East (Indiranagar),12.985932134585804,77.65006079979803
"FIR No. 0120/2025, P.S. Indiranagar",2025-02-17 19:22:00,CYBER,CYBER incident reported in East (Indiranagar),East (Indiranagar),False,East (Indiranagar),12.972538326760764,77.61550347156427
83304388/2025,2025-01-05 01:08:00,CYBER,CYBER incident reported in South (Jayanagar),South (Jayanagar),False,South (Jayanagar),12.95433947328154,77.57175303211186
86824665/2025,2025-04-19 17:10:00,CYBER,CYBER incident reported in East (Indiranagar),East (Indiranagar),True,East (Indiranagar),12.967294074921863,77.65514092130537
"FIR No. 0078/2025, P.S. Malleswaram",2025-05-18 18:14:00,BURGLARY,BURGLARY incident reported in North (Malleswaram),North (Malleswaram),True,North (Malleswaram),13.016612981612475,77.56517576833355
"FIR No. 0276/2025, P.S. Majestic/MG Road",2025-04-10 02:21:00,ASSAULT,ASSAULT incident reported in Central (Majestic/MG Road),Central (Majestic/MG Road),False,Central (Majestic/MG Road),12.989963759115604,77.58977409557028
"FIR No. 0659/2023, P.S. Koramangala",2023-12-18 13:38:00,THEFT,THEFT incident reported in South East (Koramangala),South East (Koramangala),False,South East (Koramangala),12.929693126497996,77.62583062685732
"FIR No. 0750/2024, P.S. Jayanagar",2024-11-06 00:12:00,ROBBERY,ROBBERY incident reported in South (Jayanagar),South (Jayanagar),True,South (Jayanagar),12.944027253194236,77.57827150741068
"FIR No. 0188/2024, P.S. Indiranagar",2024-11-18 12:01:00,ROBBERY,ROBBERY incident reported in East (Indiranagar),East (Indiranagar),True,East (Indiranagar),12.99788762308736,77.65183688801623
"FIR No. 0231/2023, P.S. Malleswaram",2023-10-27 13:13:00,CYBER,CYBER incident reported in North (Malleswaram),North (Malleswaram),True,North (Malleswaram),12.984613936402138,77.54812773207162
"FIR No. 0194/2024, P.S. Whitefield",2024-10-28 12:55:00,THEFT,THEFT incident reported in IT Corridor (Whitefield),IT Corridor (Whitefield),True,IT Corridor (Whitefield),12.975324477482443,77.73301535556331
"FIR No. 0333/2023, P.S. Koramangala",2023-08-13 11:46:00,THEFT,THEFT incident reported in South East (Koramangala),South East (Koramangala),False,South East (Koramangala),12.980264818905832,77.61147015641723
83913828/2025,2025-12-18 10:10:00,CYBER,CYBER incident reported in South East (Koramangala),South East (Koramangala),False,South East (Koramangala),12.928699375472553,77.61561353944717
"FIR No. 0634/2024, P.S. Indiranagar",2024-10-01 21:16:00,CYBER,CYBER incident reported in East (Indiranagar),East (Indiranagar),True,East (Indiranagar),12.979585318282576,77.64964500369231
"FIR No. 0405/2025, P.S. Jayanagar",2025-05-03 16:32:00,ASSAULT,ASSAULT incident reported in South (Jayanagar),South (Jayanagar),True,South (Jayanagar),12.906517791800086,77.60299971427278
80008526/2025,2025-03-09 00:47:00,CYBER,CYBER incident reported in South East (Koramangala),South East (Koramangala),False,South East (Koramangala),12.926375546921944,77.62561540055968
"FIR No. 0142/2024, P.S. Majestic/MG Road",2024-02-21 08:21:00,CYBER,CYBER incident reported in Central (Majestic/MG Road),Central (Majestic/MG Road),False,Central (Majestic/MG Road),12.964841967108608,77.58441293728436
"FIR No. 0236/2025, P.S. Koramangala",2025-10-03 12:12:00,CYBER,CYBER incident reported in South East (Koramangala),South East (Koramangala),False,South East (Koramangala),12.94055804065514,77.60803476775465
"FIR No. 0045/2026, P.S. Jayanagar",2026-02-06 22:55:00,ASSAULT,ASSAULT incident reported in South (Jayanagar),South (Jayanagar),False,South (Jayanagar),12.926227419517105,77.579542403605
"FIR No. 0372/2026, P.S. Malleswaram",2026-05-17 22:23:00,ASSAULT,ASSAULT incident reported in North (Malleswaram),North (Malleswaram),False,North (Malleswaram),13.02585268266064,77.58347908016609
"FIR No. 0160/2026, P.S. Indiranagar",2026-05-24 23:44:00,THEFT,THEFT incident reported in East (Indiranagar),East (Indiranagar),False,East (Indiranagar),12.968970372627146,77.64790742265046
"FIR No. 0001/2024, P.S. Malleswaram",2024-10-23 04:38:00,THEFT,THEFT incident reported in North (Malleswaram),North (Malleswaram),False,North (Malleswaram),12.991325219932802,77.57825826412044
80848391/2023,2023-08-18 10:17:00,THEFT,THEFT incident reported in South East (Koramangala),South East (Koramangala),True,South East (Koramangala),12.925862675062795,77.63224425150187
"FIR No. 0482/2025, P.S. Indiranagar",2025-07-07 10:46:00,THEFT,THEFT incident reported in East (Indiranagar),East (Indiranagar),False,East (Indiranagar),12.997068016918377,77.61503957282626
"FIR No. 0458/2024, P.S. Malleswaram",2024-08-10 11:41:00,CYBER,CYBER incident reported in North (Malleswaram),North (Malleswaram),False,North (Malleswaram),12.981003734520035,77.5662109831936
"FIR No. 0225/2024, P.S. Koramangala",2024-03-07 02:18:00,BURGLARY,BURGLARY incident reported in South East (Koramangala),South East (Koramangala),False,South East (Koramangala),12.931778385344057,77.61137743016971
"FIR No. 0630/2025, P.S. Jayanagar",2025-08-09 23:21:00,THEFT,THEFT incident reported in South (Jayanagar),South (Jayanagar),False,South (Jayanagar),12.934122847673748,77.57802506322507
"FIR No. 0629/2023, P.S. Koramangala",2023-12-11 15:48:00,THEFT,THEFT incident reported in South East (Koramangala),South East (Koramangala),False,South East (Koramangala),12.942074598420156,77.62139834490876
"FIR No. 0313/2024, P.S. Whitefield",2024-05-18 21:58:00,CYBER,CYBER incident reported in IT Corridor (Whitefield),IT Corridor (Whitefield),False,IT Corridor (Whitefield),12.954811006712148,77.74437878284662
"FIR No. 0333/2024, P.S. Indiranagar",2024-12-13 13:12:00,CYBER,CYBER incident reported in East (Indiranagar),East (Indiranagar),True,East (Indiranagar),12.964387526914514,77.62738030661914
"FIR No. 0037/2024, P.S. Whitefield",2024-10-17 02:13:00,ASSAULT,ASSAULT incident reported in IT Corridor (Whitefield),IT Corridor (Whitefield),True,IT Corridor (Whitefield),12.982329517979524,77.73556744524645
84992488/2025,2025-07-19 15:37:00,CYBER,CYBER incident reported in IT Corridor (Whitefield),IT Corridor (Whitefield),False,IT Corridor (Whitefield),12.946345597883036,77.74771501622259
"FIR No. 0321/2023, P.S. Indiranagar",2023-07-15 06:05:00,CYBER,CYBER incident reported in East (Indiranagar),East (Indiranagar),False,East (Indiranagar),12.985135259924732,77.65515100118871
"FIR No. 0255/2025, P.S. Koramangala",2025-07-15 07:29:00,THEFT,THEFT incident reported in South East (Koramangala),South East (Koramangala),False,South East (Koramangala),12.9413774132222,77.62898301147371
81199208/2024,2024-03-04 17:57:00,THEFT,THEFT incident reported in South East (Koramangala),South East (Koramangala),False,South East (Koramangala),12.92816198089736,77.62575976303403
87165400/2023,2023-01-20 20:38:00,CYBER,CYBER incident reported in IT Corridor (Whitefield),IT Corridor (Whitefield),False,IT Corridor (Whitefield),12.955976518897284,77.74048068278606
"FIR No. 0501/2025, P.S. Majestic/MG Road",2025-05-14 10:35:00,ASSAULT,ASSAULT incident reported in Central (Majestic/MG Road),Central (Majestic/MG Road),True,Central (Majestic/MG Road),12.972534464355338,77.56169012689723
"FIR No. 0055/2023, P.S. Koramangala",2023-02-28 14:37:00,CYBER,CYBER incident reported in South East (Koramangala),South East (Koramangala),True,South East (Koramangala),12.929670776032232,77.60979576525264
"FIR No. 0833/2023, P.S. Malleswaram",2023-11-12 21:30:00,THEFT,THEFT incident reported in North (Malleswaram),North (Malleswaram),False,North (Malleswaram),13.00937157384672,77.55457136200198
80171615/2023,2023-12-18 12:38:00,ASSAULT,ASSAULT incident reported in Central (Majestic/MG Road),Central (Majestic/MG Road),True,Central (Majestic/MG Road),12.949101701275458,77.55493254633659
"FIR No. 0082/2025, P.S. Koramangala",2025-04-30 06:03:00,CYBER,CYBER incident reported in South East (Koramangala),South East (Koramangala),False,South East (Koramangala),12.933922425885614,77.63826852220217
87288401/2024,2024-07-12 04:26:00,THEFT,THEFT incident reported in Central (Majestic/MG Road),Central (Majestic/MG Road),False,Central (Majestic/MG Road),12.99726913678946,77.57504503207015
"FIR No. 0275/2024, P.S. Koramangala",2024-04-08 10:07:00,THEFT,THEFT incident reported in South East (Koramangala),South East (Koramangala),False,South East (Koramangala),12.934219109221871,77.63782336198302
"FIR No. 0034/2025, P.S. Koramangala",2025-04-16 13:43:00,ASSAULT,ASSAULT incident reported in South East (Koramangala),South East (Koramangala),False,South East (Koramangala),12.926766839138208,77.6301420337704
"FIR No. 0028/2024, P.S. Jayanagar",2024-04-23 12:27:00,THEFT,THEFT incident reported in South (Jayanagar),South (Jayanagar),False,South (Jayanagar),12.92734851200437,77.59910086007055
81156614/2025,2025-10-27 06:21:00,CYBER,CYBER incident reported in East (Indiranagar),East (Indiranagar),True,East (Indiranagar),12.996429321312672,77.65503809005948
"FIR No. 0769/2023, P.S. Malleswaram",2023-12-31 10:27:00,ASSAULT,ASSAULT incident reported in North (Malleswaram),North (Malleswaram),False,North (Malleswaram),13.006907338297994,77.57022779699314
"FIR No. 0540/2023, P.S. Malleswaram",2023-10-23 15:33:00,THEFT,THEFT incident reported in North (Malleswaram),North (Malleswaram),False,North (Malleswaram),12.99292687133986,77.54828321421198
"FIR No. 0334/2024, P.S. Indiranagar",2024-09-27 13:21:00,CYBER,CYBER incident reported in East (Indiranagar),East (Indiranagar),False,East (Indiranagar),12.996698176082838,77.62499386290966
"FIR No. 0404/2024, P.S. Koramangala",2024-05-17 10:06:00,ASSAULT,ASSAULT incident reported in South East (Koramangala),South East (Koramangala),False,South East (Koramangala),12.94612186125332,77.63369046673695
"FIR No. 0224/2026, P.S. Indiranagar",2026-03-15 22:38:00,ASSAULT,ASSAULT incident reported in East (Indiranagar),East (Indiranagar),False,East (Indiranagar),12.994670330783968,77.63954277705767
82705024/2024,2024-03-19 00:06:00,THEFT,THEFT incident reported in East (Indiranagar),East (Indiranagar),True,East (Indiranagar),12.97273384918826,77.66171639986295
"FIR No. 0816/2025, P.S. Koramangala",2025-11-29 23:26:00,ASSAULT,ASSAULT incident reported in South East (Koramangala),South East (Koramangala),True,South East (Koramangala),12.927894193552676,77.62612564934315
"FIR No. 0659/2026, P.S. Majestic/MG Road",2026-06-09 18:39:00,CYBER,CYBER incident reported in Central (Majestic/MG Road),Central (Majestic/MG Road),False,Central (Majestic/MG Road),12.935382568256063,77.56144359409878
"FIR No. 0594/2025, P.S. Indiranagar",2025-11-20 01:32:00,ASSAULT,ASSAULT incident reported in East (Indiranagar),East (Indiranagar),True,East (Indiranagar),12.965902370422878,77.62120205809542
"FIR No. 0014/2023, P.S. Jayanagar",2023-01-05 19:45:00,OTHER,OTHER incident reported in South (Jayanagar),South (Jayanagar),False,South (Jayanagar),12.933778913439216,77.58925673567173
"FIR No. 0009/2023, P.S. Majestic/MG Road",2023-07-03 11:43:00,ROBBERY,ROBBERY incident reported in Central (Majestic/MG Road),Central (Majestic/MG Road),False,Central (Majestic/MG Road),12.98487527916876,77.56069924893258
"FIR No. 0103/2024, P.S. Koramangala",2024-05-06 04:52:00,CYBER,CYBER incident reported in South East (Koramangala),South East (Koramangala),False,South East (Koramangala),12.950499185887734,77.62031046009754
89775111/2026,2026-07-11 22:18:00,BURGLARY,BURGLARY incident reported in Central (Majestic/MG Road),Central (Majestic/MG Road),False,Central (Majestic/MG Road),12.97326461512156,77.59596524668832
82839288/2025,2025-03-19 10:44:00,THEFT,THEFT incident reported in North (Malleswaram),North (Malleswaram),False,North (Malleswaram),12.991396698813071,77.57497462027978
"FIR No. 0357/2023, P.S. Indiranagar",2023-07-02 09:30:00,CYBER,CYBER incident reported in East (Indiranagar),East (Indiranagar),False,East (Indiranagar),12.971015540919865,77.65931169065477
"FIR No. 0026/2023, P.S. Majestic/MG Road",2023-03-01 19:49:00,THEFT,THEFT incident reported in Central (Majestic/MG Road),Central (Majestic/MG Road),False,Central (Majestic/MG Road),12.949275480872029,77.58064150053198
"FIR No. 0564/2023, P.S. Jayanagar",2023-11-10 06:49:00,BURGLARY,BURGLARY incident reported in South (Jayanagar),South (Jayanagar),True,South (Jayanagar),12.910048365577454,77.60962712192429
"FIR No. 0219/2024, P.S. Koramangala",2024-08-12 02:11:00,CYBER,CYBER incident reported in South East (Koramangala),South East (Koramangala),False,South East (Koramangala),12.937869454032636,77.61829549404452
"FIR No. 0452/2023, P.S. Indiranagar",2023-07-18 04:57:00,ASSAULT,ASSAULT incident reported in East (Indiranagar),East (Indiranagar),False,East (Indiranagar),12.994060501352044,77.6607948746208
"FIR No. 0491/2023, P.S. Majestic/MG Road",2023-10-11 04:24:00,THEFT,THEFT incident reported in Central (Majestic/MG Road),Central (Majestic/MG Road),False,Central (Majestic/MG Road),12.995054199050776,77.5573433583464
"FIR No. 0029/2026, P.S. Majestic/MG Road",2026-03-03 02:35:00,THEFT,THEFT incident reported in Central (Majestic/MG Road),Central (Majestic/MG Road),False,Central (Majestic/MG Road),12.955542333297208,77.58807808595749
"FIR No. 0514/2025, P.S. Jayanagar",2025-09-22 21:08:00,THEFT,THEFT incident reported in South (Jayanagar),South (Jayanagar),True,South (Jayanagar),12.925129301132126,77.58031483523388
"FIR No. 0167/2025, P.S. Majestic/MG Road",2025-05-14 16:09:00,ASSAULT,ASSAULT incident reported in Central (Majestic/MG Road),Central (Majestic/MG Road),True,Central (Majestic/MG Road),12.996484760470388,77.58173999066992
88223368/2024,2024-07-24 22:21:00,CYBER,CYBER incident reported in South East (Koramangala),South East (Koramangala),False,South East (Koramangala),12.935892024645602,77.62300491758184
"FIR No. 0019/2023, P.S. Malleswaram",2023-03-10 14:20:00,THEFT,THEFT incident reported in North (Malleswaram),North (Malleswaram),False,North (Malleswaram),12.989633233225026,77.58160803867534
"FIR No. 0346/2023, P.S. Malleswaram",2023-06-10 12:45:00,THEFT,THEFT incident reported in North (Malleswaram),North (Malleswaram),False,North (Malleswaram),13.000656188356809,77.58258920927962
"FIR No. 0492/2023, P.S. Majestic/MG Road",2023-07-03 04:17:00,ASSAULT,ASSAULT incident reported in Central (Majestic/MG Road),Central (Majestic/MG Road),False,Central (Majestic/MG Road),12.958619490367196,77.59982033373473
"FIR No. 0158/2025, P.S. Koramangala",2025-02-12 19:34:00,ASSAULT,ASSAULT incident reported in South East (Koramangala),South East (Koramangala),False,South East (Koramangala),12.96128040472781,77.62442875101131
89521272/2023,2023-07-18 05:26:00,OTHER,OTHER incident reported in Central (Majestic/MG Road),Central (Majestic/MG Road),False,Central (Majestic/MG Road),12.98689096620621,77.56811960520409
"FIR No. 0430/2024, P.S. Majestic/MG Road",2024-06-08 15:21:00,THEFT,THEFT incident reported in Central (Majestic/MG Road),Central (Majestic/MG Road),False,Central (Majestic/MG Road),12.972817257869906,77.5585862445519
"FIR No. 0005/2026, P.S. Indiranagar",2026-01-28 07:16:00,ASSAULT,ASSAULT incident reported in East (Indiranagar),East (Indiranagar),False,East (Indiranagar),12.973322150953466,77.61457504199136
"FIR No. 0732/2024, P.S. Indiranagar",2024-09-20 04:30:00,THEFT,THEFT incident reported in East (Indiranagar),East (Indiranagar),False,East (Indiranagar),12.964972126826472,77.64003590296736
"FIR No. 0150/2024, P.S. Koramangala",2024-05-27 00:27:00,THEFT,THEFT incident reported in South East (Koramangala),South East (Koramangala),False,South East (Koramangala),12.923417061895064,77.6496364472843
"FIR No. 0210/2024, P.S. Majestic/MG Road",2024-06-24 12:15:00,CYBER,CYBER incident reported in Central (Majestic/MG Road),Central (Majestic/MG Road),False,Central (Majestic/MG Road),12.974182021598352,77.57528134734244
"FIR No. 0586/2023, P.S. Majestic/MG Road",2023-09-13 07:12:00,THEFT,THEFT incident reported in Central (Majestic/MG Road),Central (Majestic/MG Road),True,Central (Majestic/MG Road),12.964425018519178,77.57436499720595
"FIR No. 0010/2023, P.S. Koramangala",2023-01-09 19:49:00,CYBER,CYBER incident reported in South East (Koramangala),South East (Koramangala),True,South East (Koramangala),12.935204710933668,77.62317628758434
"FIR No. 0158/2025, P.S. Whitefield",2025-02-19 21:09:00,ASSAULT,ASSAULT incident reported in IT Corridor (Whitefield),IT Corridor (Whitefield),True,IT Corridor (Whitefield),12.982066030784258,77.73188616678252
"FIR No. 0373/2025, P.S. Indiranagar",2025-05-11 02:58:00,ASSAULT,ASSAULT incident reported in East (Indiranagar),East (Indiranagar),False,East (Indiranagar),12.963274852340682,77.61776446306062
"FIR No. 0132/2024, P.S. Koramangala",2024-07-03 12:13:00,ROBBERY,ROBBERY incident reported in South East (Koramangala),South East (Koramangala),False,South East (Koramangala),12.932492449436898,77.63953690000953
"FIR No. 0139/2026, P.S. Koramangala",2026-04-02 09:56:00,ROBBERY,ROBBERY incident reported in South East (Koramangala),South East (Koramangala),False,South East (Koramangala),12.920548165052482,77.61930934482305
"FIR No. 0096/2026, P.S. Jayanagar",2026-01-29 11:36:00,ROBBERY,ROBBERY incident reported in South (Jayanagar),South (Jayanagar),False,South (Jayanagar),12.9341139545787,77.57459772814882
"FIR No. 0340/2025, P.S. Koramangala",2025-07-26 23:36:00,THEFT,THEFT incident reported in South East (Koramangala),South East (Koramangala),False,South East (Koramangala),12.9568468445149,77.64636603707547
"FIR No. 0037/2025, P.S. Koramangala",2025-09-13 15:34:00,CYBER,CYBER incident reported in South East (Koramangala),South East (Koramangala),True,South East (Koramangala),12.933104895547345,77.62793996434498
"FIR No. 0099/2023, P.S. Majestic/MG Road",2023-10-31 05:52:00,ROBBERY,ROBBERY incident reported in Central (Majestic/MG Road),Central (Majestic/MG Road),False,Central (Majestic/MG Road),12.980810874973807,77.58004071311471
"FIR No. 0253/2023, P.S. Malleswaram",2023-11-11 23:54:00,ASSAULT,ASSAULT incident reported in North (Malleswaram),North (Malleswaram),True,North (Malleswaram),13.007303052019994,77.58497866924601
"FIR No. 0170/2023, P.S. Jayanagar",2023-12-23 05:34:00,CYBER,CYBER incident reported in South (Jayanagar),South (Jayanagar),False,South (Jayanagar),12.941405687591992,77.58226866524575
"FIR No. 0844/2023, P.S. Koramangala",2023-12-08 03:54:00,CYBER,CYBER incident reported in South East (Koramangala),South East (Koramangala),False,South East (Koramangala),12.926210752577004,77.61773020677886
"FIR No. 0149/2024, P.S. Indiranagar",2024-10-12 09:52:00,THEFT,THEFT incident reported in East (Indiranagar),East (Indiranagar),False,East (Indiranagar),12.973289917290977,77.63995741983523
"FIR No. 0028/2025, P.S. Indiranagar",2025-04-27 14:50:00,THEFT,THEFT incident reported in East (Indiranagar),East (Indiranagar),True,East (Indiranagar),12.985374777666443,77.64063842175901
"FIR No. 0021/2024, P.S. Majestic/MG Road",2024-06-27 00:10:00,CYBER,CYBER incident reported in Central (Majestic/MG Road),Central (Majestic/MG Road),False,Central (Majestic/MG Road),12.986506196182924,77.56072195177713
"FIR No. 0402/2024, P.S. Whitefield",2024-06-11 21:40:00,BURGLARY,BURGLARY incident reported in IT Corridor (Whitefield),IT Corridor (Whitefield),False,IT Corridor (Whitefield),12.982442328718424,77.76702241994583
"FIR No. 0009/2023, P.S. Koramangala",2023-05-31 11:34:00,ASSAULT,ASSAULT incident reported in South East (Koramangala),South East (Koramangala),True,South East (Koramangala),12.978728515222858,77.62310847791427
"FIR No. 0585/2026, P.S. Koramangala",2026-07-07 11:48:00,CYBER,CYBER incident reported in South East (Koramangala),South East (Koramangala),True,South East (Koramangala),12.925357940146032,77.61271175358893
"FIR No. 0039/2025, P.S. Indiranagar",2025-04-08 16:09:00,THEFT,THEFT incident reported in East (Indiranagar),East (Indiranagar),False,East (Indiranagar),12.99604641841178,77.65234246185273
81837486/2023,2023-08-13 08:27:00,ASSAULT,ASSAULT incident reported in South (Jayanagar),South (Jayanagar),False,South (Jayanagar),12.916349821356368,77.57383389375039
"FIR No. 0505/2025, P.S. Majestic/MG Road",2025-07-09 05:24:00,THEFT,THEFT incident reported in Central (Majestic/MG Road),Central (Majestic/MG Road),True,Central (Majestic/MG Road),12.9957937018008,77.59277401082142
"FIR No. 0049/2023, P.S. Indiranagar",2023-02-23 11:49:00,CYBER,CYBER incident reported in East (Indiranagar),East (Indiranagar),False,East (Indiranagar),12.976031132358138,77.66230727104576
"FIR No. 0459/2025, P.S. Whitefield",2025-11-09 06:30:00,THEFT,THEFT incident reported in IT Corridor (Whitefield),IT Corridor (Whitefield),False,IT Corridor (Whitefield),12.960353988452407,77.75999036823748
"FIR No. 0023/2025, P.S. Jayanagar",2025-05-22 00:34:00,CYBER,CYBER incident reported in South (Jayanagar),South (Jayanagar),False,South (Jayanagar),12.942565555319554,77.58312492407566
"FIR No. 0641/2026, P.S. Malleswaram",2026-08-02 13:31:00,CYBER,CYBER incident reported in North (Malleswaram),North (Malleswaram),True,North (Malleswaram),12.99463464811057,77.56156071605437
"FIR No. 0508/2025, P.S. Indiranagar",2025-08-18 19:25:00,THEFT,THEFT incident reported in East (Indiranagar),East (Indiranagar),False,East (Indiranagar),12.96364530737659,77.62977316258802
"FIR No. 0954/2023, P.S. Koramangala",2023-09-25 17:42:00,CYBER,CYBER incident reported in South East (Koramangala),South East (Koramangala),False,South East (Koramangala),12.955146153820715,77.61155499282427
"FIR No. 0081/2024, P.S. Jayanagar",2024-11-07 22:45:00,THEFT,THEFT incident reported in South (Jayanagar),South (Jayanagar),False,South (Jayanagar),12.945529446270571,77.59332922981773
"FIR No. 0080/2025, P.S. Majestic/MG Road",2025-01-21 13:29:00,CYBER,CYBER incident reported in Central (Majestic/MG Road),Central (Majestic/MG Road),False,Central (Majestic/MG Road),12.975931635920425,77.568226898475
"FIR No. 0015/2024, P.S. Indiranagar",2024-02-08 22:14:00,BURGLARY,BURGLARY incident reported in East (Indiranagar),East (Indiranagar),False,East (Indiranagar),12.97840671439566,77.6339560009826
"FIR No. 0021/2024, P.S. Malleswaram",2024-10-17 19:26:00,CYBER,CYBER incident reported in North (Malleswaram),North (Malleswaram),True,North (Malleswaram),13.005916269184617,77.56216255472152
"FIR No. 0074/2025, P.S. Majestic/MG Road",2025-06-19 13:01:00,THEFT,THEFT incident reported in Central (Majestic/MG Road),Central (Majestic/MG Road),True,Central (Majestic/MG Road),12.970945718213704,77.58578076103431
"FIR No. 0160/2024, P.S. Indiranagar",2024-04-04 15:54:00,ASSAULT,ASSAULT incident reported in East (Indiranagar),East (Indiranagar),False,East (Indiranagar),12.978132502076557,77.63808254763069
88137594/2023,2023-04-23 00:31:00,THEFT,THEFT incident reported in East (Indiranagar),East (Indiranagar),True,East (Indiranagar),13.01454011232447,77.64661727124194
"FIR No. 0597/2023, P.S. Indiranagar",2023-08-17 05:38:00,THEFT,THEFT incident reported in East (Indiranagar),East (Indiranagar),False,East (Indiranagar),12.981097334394224,77.63366776220079
"FIR No. 0388/2023, P.S. Indiranagar",2023-12-12 08:40:00,CYBER,CYBER incident reported in East (Indiranagar),East (Indiranagar),True,East (Indiranagar),12.976019581407716,77.60115439514665
"FIR No. 0579/2023, P.S. Koramangala",2023-08-25 07:25:00,THEFT,THEFT incident reported in South East (Koramangala),South East (Koramangala),False,South East (Koramangala),12.92217355026756,77.64439779227521
"FIR No. 0710/2023, P.S. Koramangala",2023-11-14 15:13:00,THEFT,THEFT incident reported in South East (Koramangala),South East (Koramangala),False,South East (Koramangala),12.920459915794044,77.63564873395434
"FIR No. 0131/2023, P.S. Koramangala",2023-10-02 03:55:00,CYBER,CYBER incident reported in South East (Koramangala),South East (Koramangala),False,South East (Koramangala),12.925579892114056,77.62612679306505
82873903/2023,2023-11-30 01:06:00,THEFT,THEFT incident reported in South East (Koramangala),South East (Koramangala),False,South East (Koramangala),12.925705242812214,77.63876917105858
86069412/2024,2024-05-30 21:25:00,CYBER,CYBER incident reported in IT Corridor (Whitefield),IT Corridor (Whitefield),False,IT Corridor (Whitefield),12.97518273350261,77.76125287634089
"FIR No. 0550/2025, P.S. Majestic/MG Road",2025-11-30 16:00:00,CYBER,CYBER incident reported in Central (Majestic/MG Road),Central (Majestic/MG Road),False,Central (Majestic/MG Road),12.958931820010188,77.55240712799896
"FIR No. 0386/2024, P.S. Jayanagar",2024-09-29 10:41:00,THEFT,THEFT incident reported in South (Jayanagar),South (Jayanagar),True,South (Jayanagar),12.917534775578266,77.60463545011129
"FIR No. 0139/2026, P.S. Malleswaram",2026-02-15 16:43:00,ASSAULT,ASSAULT incident reported in North (Malleswaram),North (Malleswaram),False,North (Malleswaram),13.033548152844691,77.54295534858025
"FIR No. 0273/2024, P.S. Koramangala",2024-12-25 11:02:00,CYBER,CYBER incident reported in South East (Koramangala),South East (Koramangala),False,South East (Koramangala),12.947543615657954,77.61321813534282
"FIR No. 0131/2026, P.S. Koramangala",2026-06-20 12:05:00,THEFT,THEFT incident reported in South East (Koramangala),South East (Koramangala),False,South East (Koramangala),12.920145532764076,77.6217163548641
89325681/2024,2024-02-16 11:10:00,ROBBERY,ROBBERY incident reported in South East (Koramangala),South East (Koramangala),False,South East (Koramangala),12.946315325575194,77.61185333137168
"FIR No. 0274/2023, P.S. Koramangala",2023-12-08 13:57:00,THEFT,THEFT incident reported in South East (Koramangala),South East (Koramangala),True,South East (Koramangala),12.945642584812388,77.63133394064718
88364658/2024,2024-07-25 02:26:00,THEFT,THEFT incident reported in Central (Majestic/MG Road),Central (Majestic/MG Road),False,Central (Majestic/MG Road),12.953611846174477,77.59003521826315
"FIR No. 0335/2023, P.S. Indiranagar",2023-04-02 17:56:00,BURGLARY,BURGLARY incident reported in East (Indiranagar),East (Indiranagar),False,East (Indiranagar),12.991213344927347,77.65660756963783
"FIR No. 0511/2024, P.S. Majestic/MG Road",2024-08-12 20:04:00,BURGLARY,BURGLARY incident reported in Central (Majestic/MG Road),Central (Majestic/MG Road),True,Central (Majestic/MG Road),12.959777843842293,77.57287200917003
"FIR No. 0302/2026, P.S. Majestic/MG Road",2026-05-19 12:38:00,BURGLARY,BURGLARY incident reported in Central (Majestic/MG Road),Central (Majestic/MG Road),False,Central (Majestic/MG Road),12.97330019133845,77.56612124100113
"FIR No. 0180/2023, P.S. Koramangala",2023-04-13 23:30:00,THEFT,THEFT incident reported in South East (Koramangala),South East (Koramangala),False,South East (Koramangala),12.9289488220375,77.63831498140068
"FIR No. 0310/2025, P.S. Jayanagar",2025-05-19 00:19:00,ASSAULT,ASSAULT incident reported in South (Jayanagar),South (Jayanagar),False,South (Jayanagar),12.924661069584756,77.58512095986025
"FIR No. 0048/2023, P.S. Malleswaram",2023-02-28 20:49:00,BURGLARY,BURGLARY incident reported in North (Malleswaram),North (Malleswaram),False,North (Malleswaram),13.018548812902274,77.53864672115617
"FIR No. 0250/2023, P.S. Jayanagar",2023-04-01 21:12:00,ASSAULT,ASSAULT incident reported in South (Jayanagar),South (Jayanagar),False,South (Jayanagar),12.92473630469526,77.58011925856574
"FIR No. 0312/2025, P.S. Jayanagar",2025-04-07 19:15:00,CYBER,CYBER incident reported in South (Jayanagar),South (Jayanagar),False,South (Jayanagar),12.948906696728898,77.5858231624178
"FIR No. 0456/2023, P.S. Majestic/MG Road",2023-10-20 09:09:00,ROBBERY,ROBBERY incident reported in Central (Majestic/MG Road),Central (Majestic/MG Road),False,Central (Majestic/MG Road),12.975854965128464,77.57612471507237
"FIR No. 0018/2026, P.S. Majestic/MG Road",2026-08-14 12:12:00,ASSAULT,ASSAULT incident reported in Central (Majestic/MG Road),Central (Majestic/MG Road),False,Central (Majestic/MG Road),12.986157409203384,77.58388662511008
"FIR No. 0069/2025, P.S. Indiranagar",2025-03-02 13:13:00,THEFT,THEFT incident reported in East (Indiranagar),East (Indiranagar),True,East (Indiranagar),12.98903071417216,77.64472390563532
"FIR No. 0158/2025, P.S. Whitefield",2025-04-04 20:30:00,ASSAULT,ASSAULT incident reported in IT Corridor (Whitefield),IT Corridor (Whitefield),False,IT Corridor (Whitefield),12.931253452791111,77.72453280355798
"FIR No. 0467/2024, P.S. Whitefield",2024-12-10 10:09:00,THEFT,THEFT incident reported in IT Corridor (Whitefield),IT Corridor (Whitefield),True,IT Corridor (Whitefield),12.98964933301042,77.75755294421204
"FIR No. 0024/2025, P.S. Majestic/MG Road",2025-08-25 19:16:00,CYBER,CYBER incident reported in Central (Majestic/MG Road),Central (Majestic/MG Road),False,Central (Majestic/MG Road),12.995916336579024,77.56980021774939
"FIR No. 1138/2023, P.S. Koramangala",2023-10-19 00:49:00,THEFT,THEFT incident reported in South East (Koramangala),South East (Koramangala),False,South East (Koramangala),12.917988982900397,77.62894909931154
88625945/2023,2023-11-26 06:58:00,CYBER,CYBER incident reported in IT Corridor (Whitefield),IT Corridor (Whitefield),False,IT Corridor (Whitefield),12.956977503038628,77.72545520979673
89523798/2023,2023-08-31 06:58:00,THEFT,THEFT incident reported in South (Jayanagar),South (Jayanagar),False,South (Jayanagar),12.950586743948328,77.59440193730396
"FIR No. 0067/2023, P.S. Indiranagar",2023-01-19 09:40:00,THEFT,THEFT incident reported in East (Indiranagar),East (Indiranagar),False,East (Indiranagar),12.978364549361473,77.6451162826834
"FIR No. 0047/2025, P.S. Koramangala",2025-03-13 17:17:00,ASSAULT,ASSAULT incident reported in South East (Koramangala),South East (Koramangala),True,South East (Koramangala),12.921378906936177,77.65367913439593
"FIR No. 0426/2025, P.S. Koramangala",2025-06-16 05:22:00,CYBER,CYBER incident reported in South East (Koramangala),South East (Koramangala),False,South East (Koramangala),12.92643288484392,77.62350119443819
"FIR No. 0227/2024, P.S. Majestic/MG Road",2024-05-10 14:25:00,BURGLARY,BURGLARY incident reported in Central (Majestic/MG Road),Central (Majestic/MG Road),False,Central (Majestic/MG Road),12.967079576166071,77.56695812205854
"FIR No. 0214/2023, P.S. Majestic/MG Road",2023-08-20 12:00:00,ASSAULT,ASSAULT incident reported in Central (Majestic/MG Road),Central (Majestic/MG Road),True,Central (Majestic/MG Road),12.99097839426678,77.5552604376517
"FIR No. 0600/2023, P.S. Indiranagar",2023-10-15 02:13:00,ROBBERY,ROBBERY incident reported in East (Indiranagar),East (Indiranagar),False,East (Indiranagar),12.98543308904138,77.64036062979173
"FIR No. 0200/2025, P.S. Indiranagar",2025-05-12 18:46:00,ASSAULT,ASSAULT incident reported in East (Indiranagar),East (Indiranagar),False,East (Indiranagar),12.97387800121589,77.6425321936039
"FIR No. 0070/2025, P.S. Whitefield",2025-07-05 21:50:00,CYBER,CYBER incident reported in IT Corridor (Whitefield),IT Corridor (Whitefield),True,IT Corridor (Whitefield),12.982680709825432,77.75725071914043
81417586/2023,2023-02-01 17:01:00,CYBER,CYBER incident reported in East (Indiranagar),East (Indiranagar),False,East (Indiranagar),12.950649727424956,77.62661792674567
"FIR No. 0662/2023, P.S. Koramangala",2023-07-29 13:17:00,THEFT,THEFT incident reported in South East (Koramangala),South East (Koramangala),True,South East (Koramangala),12.931020500576665,77.62733356442065
"FIR No. 0382/2025, P.S. Indiranagar",2025-09-18 13:53:00,CYBER,CYBER incident reported in East (Indiranagar),East (Indiranagar),True,East (Indiranagar),12.951575612105726,77.61183998660107
"FIR No. 0046/2025, P.S. Majestic/MG Road",2025-07-08 00:44:00,ASSAULT,ASSAULT incident reported in Central (Majestic/MG Road),Central (Majestic/MG Road),False,Central (Majestic/MG Road),12.991554046099278,77.55846614273048
"FIR No. 0097/2026, P.S. Majestic/MG Road",2026-01-23 06:04:00,CYBER,CYBER incident reported in Central (Majestic/MG Road),Central (Majestic/MG Road),False,Central (Majestic/MG Road),12.969982967438954,77.57331244954287
"FIR No. 0128/2024, P.S. Majestic/MG Road",2024-03-16 05:47:00,ASSAULT,ASSAULT incident reported in Central (Majestic/MG Road),Central (Majestic/MG Road),False,Central (Majestic/MG Road),12.957847239758657,77.54645510815094
"FIR No. 0054/2024, P.S. Indiranagar",2024-01-19 23:39:00,THEFT,THEFT incident reported in East (Indiranagar),East (Indiranagar),False,East (Indiranagar),12.979334706023543,77.62054526696998
86895400/2023,2023-01-28 18:40:00,CYBER,CYBER incident reported in Central (Majestic/MG Road),Central (Majestic/MG Road),False,Central (Majestic/MG Road),12.980826978490208,77.57703308650348
85564142/2024,2024-06-15 15:12:00,OTHER,OTHER incident reported in Central (Majestic/MG Road),Central (Majestic/MG Road),True,Central (Majestic/MG Road),12.986569762266177,77.57213218978889
"FIR No. 0128/2024, P.S. Malleswaram",2024-12-11 06:02:00,THEFT,THEFT incident reported in North (Malleswaram),North (Malleswaram),False,North (Malleswaram),13.015381406895743,77.5599003608782
"FIR No. 0149/2026, P.S. Jayanagar",2026-06-14 06:26:00,ROBBERY,ROBBERY incident reported in South (Jayanagar),South (Jayanagar),False,South (Jayanagar),12.923614746101087,77.58872559338279
"FIR No. 0037/2026, P.S. Koramangala",2026-06-20 05:07:00,ROBBERY,ROBBERY incident reported in South East (Koramangala),South East (Koramangala),False,South East (Koramangala),12.934165976252388,77.60550510981709
"FIR No. 0037/2024, P.S. Koramangala",2024-04-21 02:27:00,CYBER,CYBER incident reported in South East (Koramangala),South East (Koramangala),True,South East (Koramangala),12.93039791504735,77.62154617518131
"FIR No. 0529/2023, P.S. Koramangala",2023-08-12 12:41:00,THEFT,THEFT incident reported in South East (Koramangala),South East (Koramangala),True,South East (Koramangala),12.939898765089202,77.61226511059844
"FIR No. 0296/2026, P.S. Majestic/MG Road",2026-04-07 19:26:00,THEFT,THEFT incident reported in Central (Majestic/MG Road),Central (Majestic/MG Road),False,Central (Majestic/MG Road),12.986513752208534,77.58662422890366
84336560/2024,2024-03-04 14:12:00,CYBER,CYBER incident reported in South East (Koramangala),South East (Koramangala),False,South East (Koramangala),12.939103858504746,77.61790824798891
84723117/2024,2024-10-18 12:29:00,ASSAULT,ASSAULT incident reported in North (Malleswaram),North (Malleswaram),True,North (Malleswaram),13.014555954079002,77.58931003242151
"FIR No. 0433/2026, P.S. Koramangala",2026-08-19 12:41:00,THEFT,THEFT incident reported in South East (Koramangala),South East (Koramangala),True,South East (Koramangala),12.940737472221157,77.61989170757737
85085114/2025,2025-04-21 21:22:00,OTHER,OTHER incident reported in North (Malleswaram),North (Malleswaram),False,North (Malleswaram),13.01376177174707,77.56762116319435
"FIR No. 0214/2026, P.S. Majestic/MG Road",2026-04-07 03:50:00,THEFT,THEFT incident reported in Central (Majestic/MG Road),Central (Majestic/MG Road),False,Central (Majestic/MG Road),12.964443864943034,77.54722320005786
"FIR No. 0637/2024, P.S. Whitefield",2024-07-01 19:00:00,THEFT,THEFT incident reported in IT Corridor (Whitefield),IT Corridor (Whitefield),False,IT Corridor (Whitefield),12.996953117160992,77.75564775914756
"FIR No. 0050/2024, P.S. Jayanagar",2024-02-05 21:43:00,BURGLARY,BURGLARY incident reported in South (Jayanagar),South (Jayanagar),False,South (Jayanagar),12.954332285397571,77.57933581587773
"FIR No. 0021/2023, P.S. Indiranagar",2023-08-16 22:27:00,THEFT,THEFT incident reported in East (Indiranagar),East (Indiranagar),False,East (Indiranagar),12.981040919480686,77.65248763791894
"FIR No. 0168/2023, P.S. Indiranagar",2023-02-15 04:35:00,THEFT,THEFT incident reported in East (Indiranagar),East (Indiranagar),False,East (Indiranagar),12.994535444440194,77.6377030786101
"FIR No. 0058/2024, P.S. Jayanagar",2024-08-15 15:15:00,CYBER,CYBER incident reported in South (Jayanagar),South (Jayanagar),False,South (Jayanagar),12.918070084995726,77.57269908775429
88604862/2023,2023-06-19 14:15:00,ASSAULT,ASSAULT incident reported in North (Malleswaram),North (Malleswaram),False,North (Malleswaram),12.994785975970707,77.55942473936976
"FIR No. 0074/2025, P.S. Jayanagar",2025-02-13 02:12:00,THEFT,THEFT incident reported in South (Jayanagar),South (Jayanagar),False,South (Jayanagar),12.913165881914466,77.59039060576723
"FIR No. 0002/2026, P.S. Koramangala",2026-08-20 20:12:00,ASSAULT,ASSAULT incident reported in South East (Koramangala),South East (Koramangala),False,South East (Koramangala),12.931904791992402,77.64696311000759
"FIR No. 0424/2026, P.S. Majestic/MG Road",2026-07-24 13:22:00,CYBER,CYBER incident reported in Central (Majestic/MG Road),Central (Majestic/MG Road),True,Central (Majestic/MG Road),12.980475121541229,77.54655122589698
"FIR No. 0399/2025, P.S. Majestic/MG Road",2025-06-29 06:46:00,ASSAULT,ASSAULT incident reported in Central (Majestic/MG Road),Central (Majestic/MG Road),False,Central (Majestic/MG Road),12.946243796293675,77.57713846665952
"FIR No. 0066/2024, P.S. Koramangala",2024-02-06 07:31:00,ROBBERY,ROBBERY incident reported in South East (Koramangala),South East (Koramangala),False,South East (Koramangala),12.940951201091442,77.62647640101727
"FIR No. 0363/2026, P.S. Majestic/MG Road",2026-06-23 16:21:00,CYBER,CYBER incident reported in Central (Majestic/MG Road),Central (Majestic/MG Road),False,Central (Majestic/MG Road),12.99658454690826,77.54474548473499
"FIR No. 0088/2025, P.S. Malleswaram",2025-01-27 09:18:00,THEFT,THEFT incident reported in North (Malleswaram),North (Malleswaram),False,North (Malleswaram),13.03311397705228,77.53463937081074
87222234/2025,2025-05-05 00:14:00,CYBER,CYBER incident reported in South East (Koramangala),South East (Koramangala),False,South East (Koramangala),12.942688763968688,77.61818629718469
"FIR No. 0213/2024, P.S. Majestic/MG Road",2024-03-08 16:53:00,CYBER,CYBER incident reported in Central (Majestic/MG Road),Central (Majestic/MG Road),True,Central (Majestic/MG Road),12.96050935331573,77.5645273408423
"FIR No. 0011/2025, P.S. Majestic/MG Road",2025-03-19 15:18:00,CYBER,CYBER incident reported in Central (Majestic/MG Road),Central (Majestic/MG Road),False,Central (Majestic/MG Road),12.97753356078832,77.57172833169722
"FIR No. 0853/2026, P.S. Koramangala",2026-08-15 09:56:00,ASSAULT,ASSAULT incident reported in South East (Koramangala),South East (Koramangala),False,South East (Koramangala),12.931183918031843,77.65140986007576
89262253/2024,2024-10-04 14:12:00,THEFT,THEFT incident reported in South (Jayanagar),South (Jayanagar),False,South (Jayanagar),12.90266893112736,77.58368952197597
84127017/2025,2025-07-24 19:36:00,THEFT,THEFT incident reported in South East (Koramangala),South East (Koramangala),False,South East (Koramangala),12.932978377808636,77.64614436653228
84759653/2026,2026-03-01 21:55:00,THEFT,THEFT incident reported in Central (Majestic/MG Road),Central (Majestic/MG Road),False,Central (Majestic/MG Road),12.987408520972464,77.58129363980035
"FIR No. 0185/2025, P.S. Jayanagar",2025-03-29 18:29:00,THEFT,THEFT incident reported in South (Jayanagar),South (Jayanagar),False,South (Jayanagar),12.929400632300904,77.60384514374303
"FIR No. 0262/2023, P.S. Majestic/MG Road",2023-08-20 19:21:00,THEFT,THEFT incident reported in Central (Majestic/MG Road),Central (Majestic/MG Road),False,Central (Majestic/MG Road),12.966396290222898,77.57390587222689
"FIR No. 0601/2023, P.S. Indiranagar",2023-08-30 15:13:00,ASSAULT,ASSAULT incident reported in East (Indiranagar),East (Indiranagar),False,East (Indiranagar),12.993030314680762,77.61066630289932
"FIR No. 0100/2023, P.S. Whitefield",2023-05-11 04:30:00,CYBER,CYBER incident reported in IT Corridor (Whitefield),IT Corridor (Whitefield),False,IT Corridor (Whitefield),12.942097980867391,77.75429487387912
"FIR No. 0162/2023, P.S. Indiranagar",2023-07-08 11:47:00,THEFT,THEFT incident reported in East (Indiranagar),East (Indiranagar),False,East (Indiranagar),12.954226012334638,77.63957508650593
"FIR No. 0348/2023, P.S. Jayanagar",2023-05-30 17:35:00,THEFT,THEFT incident reported in South (Jayanagar),South (Jayanagar),False,South (Jayanagar),12.92436342961594,77.59518535712616
"FIR No. 0223/2023, P.S. Majestic/MG Road",2023-08-24 21:46:00,OTHER,OTHER incident reported in Central (Majestic/MG Road),Central (Majestic/MG Road),False,Central (Majestic/MG Road),12.981327881423251,77.56732887070395
"FIR No. 0186/2026, P.S. Majestic/MG Road",2026-05-11 15:32:00,THEFT,THEFT incident reported in Central (Majestic/MG Road),Central (Majestic/MG Road),False,Central (Majestic/MG Road),12.979653400538483,77.59360612763167
"FIR No. 0082/2026, P.S. Indiranagar",2026-03-28 09:34:00,CYBER,CYBER incident reported in East (Indiranagar),East (Indiranagar),False,East (Indiranagar),12.960880783199498,77.64220829846691
"FIR No. 0790/2025, P.S. Indiranagar",2025-10-21 13:43:00,THEFT,THEFT incident reported in East (Indiranagar),East (Indiranagar),False,East (Indiranagar),12.968874213458118,77.63113305111315
"FIR No. 0140/2023, P.S. Whitefield",2023-03-30 01:11:00,ASSAULT,ASSAULT incident reported in IT Corridor (Whitefield),IT Corridor (Whitefield),True,IT Corridor (Whitefield),12.96085424735674,77.7512339626648
"FIR No. 0063/2023, P.S. Koramangala",2023-01-06 08:57:00,THEFT,THEFT incident reported in South East (Koramangala),South East (Koramangala),False,South East (Koramangala),12.93869937199844,77.60694019622325
"FIR No. 0580/2025, P.S. Indiranagar",2025-06-25 02:22:00,ROBBERY,ROBBERY incident reported in East (Indiranagar),East (Indiranagar),False,East (Indiranagar),12.973410877948044,77.63358224684754
"FIR No. 0276/2024, P.S. Koramangala",2024-05-19 17:21:00,OTHER,OTHER incident reported in South East (Koramangala),South East (Koramangala),False,South East (Koramangala),12.95399787209814,77.62087074780612
85715664/2023,2023-02-23 00:29:00,THEFT,THEFT incident reported in South East (Koramangala),South East (Koramangala),False,South East (Koramangala),12.950643898136054,77.63200310730635
"FIR No. 0636/2024, P.S. Koramangala",2024-10-18 09:39:00,THEFT,THEFT incident reported in South East (Koramangala),South East (Koramangala),False,South East (Koramangala),12.916354312944994,77.62359258663709
"FIR No. 0025/2025, P.S. Koramangala",2025-01-02 19:51:00,THEFT,THEFT incident reported in South East (Koramangala),South East (Koramangala),False,South East (Koramangala),12.953704027953782,77.58881725878146
84777938/2023,2023-06-03 13:27:00,ROBBERY,ROBBERY incident reported in East (Indiranagar),East (Indiranagar),True,East (Indiranagar),12.988764404665575,77.63889956960682
81240798/2024,2024-12-23 03:45:00,THEFT,THEFT incident reported in North (Malleswaram),North (Malleswaram),False,North (Malleswaram),12.992665018771346,77.59492781961715
"FIR No. 0180/2023, P.S. Majestic/MG Road",2023-03-20 23:13:00,ASSAULT,ASSAULT incident reported in Central (Majestic/MG Road),Central (Majestic/MG Road),True,Central (Majestic/MG Road),12.96087660790348,77.5666063495145
"FIR No. 0300/2023, P.S. Whitefield",2023-05-30 23:07:00,CYBER,CYBER incident reported in IT Corridor (Whitefield),IT Corridor (Whitefield),True,IT Corridor (Whitefield),12.944116727396077,77.7423937299239
"FIR No. 0287/2024, P.S. Jayanagar",2024-04-24 09:23:00,THEFT,THEFT incident reported in South (Jayanagar),South (Jayanagar),False,South (Jayanagar),12.93929631754049,77.59610414347684
"FIR No. 0050/2024, P.S. Majestic/MG Road",2024-12-23 07:47:00,ROBBERY,ROBBERY incident reported in Central (Majestic/MG Road),Central (Majestic/MG Road),False,Central (Majestic/MG Road),12.947044831143629,77.58744278003866
"FIR No. 0154/2025, P.S. Majestic/MG Road",2025-04-04 09:13:00,CYBER,CYBER incident reported in Central (Majestic/MG Road),Central (Majestic/MG Road),False,Central (Majestic/MG Road),12.97044992325996,77.57278577065907
"FIR No. 0241/2023, P.S. Indiranagar",2023-06-27 11:55:00,THEFT,THEFT incident reported in East (Indiranagar),East (Indiranagar),False,East (Indiranagar),12.965686182606303,77.65146234738417
"FIR No. 0270/2023, P.S. Koramangala",2023-12-21 05:19:00,CYBER,CYBER incident reported in South East (Koramangala),South East (Koramangala),False,South East (Koramangala),12.912654864301262,77.61044381213281
"FIR No. 0131/2026, P.S. Majestic/MG Road",2026-02-26 09:27:00,OTHER,OTHER incident reported in Central (Majestic/MG Road),Central (Majestic/MG Road),True,Central (Majestic/MG Road),12.992376549843538,77.56447372325425
"FIR No. 0299/2025, P.S. Indiranagar",2025-05-19 02:02:00,CYBER,CYBER incident reported in East (Indiranagar),East (Indiranagar),False,East (Indiranagar),12.990787293754297,77.64273606543904
"FIR No. 0028/2023, P.S. Indiranagar",2023-08-25 23:59:00,ROBBERY,ROBBERY incident reported in East (Indiranagar),East (Indiranagar),False,East (Indiranagar),12.955455509632804,77.65251452616606
"FIR No. 0173/2025, P.S. Indiranagar",2025-12-03 01:14:00,THEFT,THEFT incident reported in East (Indiranagar),East (Indiranagar),False,East (Indiranagar),12.968764660215149,77.6438955740469
"FIR No. 0051/2026, P.S. Majestic/MG Road",2026-03-12 23:59:00,THEFT,THEFT incident reported in Central (Majestic/MG Road),Central (Majestic/MG Road),False,Central (Majestic/MG Road),12.969651352341282,77.59104737920475
"FIR No. 0049/2024, P.S. Indiranagar",2024-01-24 07:05:00,ASSAULT,ASSAULT incident reported in East (Indiranagar),East (Indiranagar),True,East (Indiranagar),12.974507278130268,77.64450241906825
"FIR No. 0069/2026, P.S. Koramangala",2026-03-01 16:04:00,CYBER,CYBER incident reported in South East (Koramangala),South East (Koramangala),False,South East (Koramangala),12.92210520992202,77.62108862018937
"FIR No. 0991/2023, P.S. Indiranagar",2023-11-23 02:28:00,CYBER,CYBER incident reported in East (Indiranagar),East (Indiranagar),True,East (Indiranagar),12.975492880881708,77.63934804538077
"FIR No. 0262/2024, P.S. Koramangala",2024-03-08 10:54:00,THEFT,THEFT incident reported in South East (Koramangala),South East (Koramangala),False,South East (Koramangala),12.925307684215552,77.6206094883324
"FIR No. 0099/2023, P.S. Malleswaram",2023-02-23 03:27:00,THEFT,THEFT incident reported in North (Malleswaram),North (Malleswaram),False,North (Malleswaram),12.993763514113796,77.57239104377669
"FIR No. 0598/2024, P.S. Malleswaram",2024-09-30 13:44:00,ROBBERY,ROBBERY incident reported in North (Malleswaram),North (Malleswaram),True,North (Malleswaram),13.021779992745197,77.58002053843693
"FIR No. 0107/2023, P.S. Malleswaram",2023-10-21 01:36:00,ROBBERY,ROBBERY incident reported in North (Malleswaram),North (Malleswaram),False,North (Malleswaram),13.028616780166177,77.55268327960218
89263295/2025,2025-10-02 08:39:00,ROBBERY,ROBBERY incident reported in South East (Koramangala),South East (Koramangala),False,South East (Koramangala),12.938690191756312,77.61960996572533
83843348/2026,2026-05-01 01:17:00,ASSAULT,ASSAULT incident reported in South (Jayanagar),South (Jayanagar),True,South (Jayanagar),12.960107730771144,77.61191561721304
83663539/2024,2024-09-11 07:57:00,CYBER,CYBER incident reported in North (Malleswaram),North (Malleswaram),False,North (Malleswaram),13.00453364597249,77.56745168513353
"FIR No. 0192/2024, P.S. Majestic/MG Road",2024-07-12 20:01:00,CYBER,CYBER incident reported in Central (Majestic/MG Road),Central (Majestic/MG Road),True,Central (Majestic/MG Road),12.969707194350098,77.54536996381565
87080231/2025,2025-08-22 19:30:00,ASSAULT,ASSAULT incident reported in South (Jayanagar),South (Jayanagar),True,South (Jayanagar),12.953465316573553,77.58511360743263
"FIR No. 0655/2024, P.S. Indiranagar",2024-11-26 08:32:00,BURGLARY,BURGLARY incident reported in East (Indiranagar),East (Indiranagar),False,East (Indiranagar),12.959719744482957,77.66827757957176
"FIR No. 0382/2025, P.S. Majestic/MG Road",2025-05-11 20:35:00,ASSAULT,ASSAULT incident reported in Central (Majestic/MG Road),Central (Majestic/MG Road),False,Central (Majestic/MG Road),12.993321866977132,77.59226562566467
"FIR No. 0235/2024, P.S. Koramangala",2024-10-31 19:19:00,ROBBERY,ROBBERY incident reported in South East (Koramangala),South East (Koramangala),False,South East (Koramangala),12.943189194027289,77.64898319293589
"FIR No. 0046/2026, P.S. Majestic/MG Road",2026-02-10 05:06:00,CYBER,CYBER incident reported in Central (Majestic/MG Road),Central (Majestic/MG Road),False,Central (Majestic/MG Road),12.983382086492613,77.57463215300075
"FIR No. 0027/2023, P.S. Koramangala",2023-07-01 18:29:00,CYBER,CYBER incident reported in South East (Koramangala),South East (Koramangala),False,South East (Koramangala),12.92634353813689,77.62497064618432
83949090/2024,2024-12-31 20:01:00,BURGLARY,BURGLARY incident reported in South (Jayanagar),South (Jayanagar),False,South (Jayanagar),12.9239322577071,77.57755409768518
