ID,Date,Primary Type,Description,Latitude,Longitude,Arrest,District
116081234,2024-01-01,anti-social-behaviour,On or near Hercules Road,51.497269,-0.114064,False,Central London
116087081,2024-01-01,anti-social-behaviour,On or near Hills Place,51.515088,-0.140222,False,Central London
116085560,2024-01-01,anti-social-behaviour,On or near Dyott Street,51.516820,-0.127583,False,Central London
116087008,2024-01-01,anti-social-behaviour,On or near St Giles High Street,51.515598,-0.127633,False,Central London
116086992,2024-01-01,anti-social-behaviour,On or near Langham Place,51.517741,-0.143126,False,Central London
116086989,2024-01-01,anti-social-behaviour,On or near Further/higher Educational Building,51.517845,-0.121977,False,Central London
116086919,2024-01-01,anti-social-behaviour,On or near Villiers Street,51.507832,-0.123383,False,Central London
116083770,2024-01-01,anti-social-behaviour,On or near South Molton Lane,51.513288,-0.147530,False,Central London
116086895,2024-01-01,anti-social-behaviour,On or near Montreal Place,51.512133,-0.117918,False,Central London
116077267,2024-01-01,anti-social-behaviour,On or near Coburg Close,51.494661,-0.137668,False,Central London
116086746,2024-01-01,anti-social-behaviour,On or near John Prince's Street,51.515753,-0.143092,False,Central London
116084966,2024-01-01,anti-social-behaviour,On or near Bridge Street,51.500978,-0.125524,False,Central London
116086710,2024-01-01,anti-social-behaviour,On or near Theatre/concert Hall,51.510393,-0.123264,False,Central London
116083750,2024-01-01,anti-social-behaviour,On or near Arlington Street,51.506922,-0.140785,False,Central London
116084231,2024-01-01,anti-social-behaviour,On or near Conference/exhibition Centre,51.511301,-0.115963,False,Central London
116084896,2024-01-01,anti-social-behaviour,On or near Long Acre,51.513205,-0.124229,False,Central London
116086581,2024-01-01,anti-social-behaviour,On or near Smith Square,51.496238,-0.127130,False,Central London
116086555,2024-01-01,anti-social-behaviour,On or near Bridge Street,51.500978,-0.125524,False,Central London
116085600,2024-01-01,anti-social-behaviour,On or near Coventry Street,51.510295,-0.132318,False,Central London
116085219,2024-01-01,anti-social-behaviour,On or near Drury Lane,51.514369,-0.121645,False,Central London
116085418,2024-01-01,anti-social-behaviour,On or near Cleveland Place,51.506536,-0.136824,False,Central London
116084848,2024-01-01,anti-social-behaviour,On or near Bourchier Street,51.513052,-0.132681,False,Central London
116086521,2024-01-01,anti-social-behaviour,On or near Carlisle Place,51.495936,-0.141491,False,Central London
116086270,2024-01-01,anti-social-behaviour,On or near Rennie Street,51.507159,-0.105571,False,Central London
116086228,2024-01-01,anti-social-behaviour,On or near Supermarket,51.507415,-0.105835,False,Central London
116086168,2024-01-01,anti-social-behaviour,On or near Shopping Area,51.496466,-0.141499,False,Central London
116077071,2024-01-01,anti-social-behaviour,On or near South Molton Lane,51.513288,-0.147530,False,Central London
116086109,2024-01-01,anti-social-behaviour,On or near Denmark Street,51.515189,-0.129653,False,Central London
116073547,2024-01-01,anti-social-behaviour,On or near Downing Street,51.503196,-0.127032,False,Central London
116086091,2024-01-01,anti-social-behaviour,On or near Bloomsbury Square,51.519092,-0.122330,False,Central London
116074578,2024-01-01,anti-social-behaviour,On or near Pratt Walk,51.494818,-0.117089,False,Central London
116075712,2024-01-01,anti-social-behaviour,On or near Shopping Area,51.519933,-0.133899,False,Central London
116086038,2024-01-01,anti-social-behaviour,On or near Parking Area,51.510433,-0.140455,False,Central London
116076095,2024-01-01,anti-social-behaviour,On or near St Giles High Street,51.515598,-0.127633,False,Central London
116086031,2024-01-01,anti-social-behaviour,On or near Conference/exhibition Centre,51.496941,-0.130617,False,Central London
116076500,2024-01-01,anti-social-behaviour,On or near Further/higher Educational Building,51.517845,-0.121977,False,Central London
116085838,2024-01-01,anti-social-behaviour,On or near Shorts Gardens,51.514582,-0.125441,False,Central London
116076517,2024-01-01,anti-social-behaviour,On or near Montreal Place,51.512133,-0.117918,False,Central London
116076737,2024-01-01,anti-social-behaviour,On or near Leicester Square,51.510468,-0.130769,False,Central London
116085822,2024-01-01,anti-social-behaviour,On or near Charles Ii Street,51.507970,-0.133162,False,Central London
116085757,2024-01-01,anti-social-behaviour,On or near Langham Place,51.517741,-0.143126,False,Central London
116085686,2024-01-01,anti-social-behaviour,On or near Hills Place,51.515088,-0.140222,False,Central London
116085663,2024-01-01,anti-social-behaviour,On or near A302,51.498284,-0.110074,False,Central London
116085627,2024-01-01,anti-social-behaviour,On or near Down Street Mews,51.504717,-0.148022,False,Central London
116084827,2024-01-01,anti-social-behaviour,On or near Trafalgar Square,51.507938,-0.128898,False,Central London
116085647,2024-01-01,anti-social-behaviour,On or near Adeline Place,51.517858,-0.130120,False,Central London
116078777,2024-01-01,anti-social-behaviour,On or near Glasshouse Street,51.510520,-0.137439,False,Central London
116086381,2024-01-01,anti-social-behaviour,On or near Conference/exhibition Centre,51.515984,-0.118595,False,Central London
116076132,2024-01-01,anti-social-behaviour,On or near Nightclub,51.514012,-0.131078,False,Central London
116076921,2024-01-01,anti-social-behaviour,On or near South Molton Lane,51.513288,-0.147530,False,Central London
116073641,2024-01-01,anti-social-behaviour,On or near Upper James Street,51.512419,-0.137520,False,Central London
116075283,2024-01-01,anti-social-behaviour,On or near Bridge Street,51.500978,-0.125524,False,Central London
116086677,2024-01-01,anti-social-behaviour,On or near Percy Mews,51.517803,-0.133971,False,Central London
116083729,2024-01-01,anti-social-behaviour,On or near Theatre/concert Hall,51.510900,-0.127984,False,Central London
116081655,2024-01-01,anti-social-behaviour,On or near Surrey Street,51.512449,-0.115772,False,Central London
116074952,2024-01-01,anti-social-behaviour,On or near Bedford Place,51.520844,-0.125040,False,Central London
116079271,2024-01-01,anti-social-behaviour,On or near Hospital,51.499488,-0.118410,False,Central London
116076267,2024-01-01,anti-social-behaviour,On or near Bourchier Street,51.513052,-0.132681,False,Central London
116078438,2024-01-01,anti-social-behaviour,On or near Willoughby Street,51.517701,-0.127014,False,Central London
116077129,2024-01-01,anti-social-behaviour,On or near Hospital,51.499488,-0.118410,False,Central London
116078516,2024-01-01,anti-social-behaviour,On or near Hills Place,51.515088,-0.140222,False,Central London
116074931,2024-01-01,anti-social-behaviour,On or near Strutton Ground,51.497497,-0.133922,False,Central London
116074664,2024-01-01,anti-social-behaviour,On or near South Molton Lane,51.513288,-0.147530,False,Central London
116075736,2024-01-01,anti-social-behaviour,On or near Shopping Area,51.496466,-0.141499,False,Central London
116075634,2024-01-01,anti-social-behaviour,On or near Goodge Street,51.519378,-0.135737,False,Central London
116074923,2024-01-01,anti-social-behaviour,On or near Ormond Yard,51.508202,-0.136410,False,Central London
116074243,2024-01-01,anti-social-behaviour,On or near Long Acre,51.513205,-0.124229,False,Central London
116074229,2024-01-01,anti-social-behaviour,On or near Charing Cross,51.507394,-0.128042,False,Central London
116076332,2024-01-01,anti-social-behaviour,On or near Parking Area,51.495745,-0.132308,False,Central London
116074093,2024-01-01,anti-social-behaviour,On or near Nightclub,51.516341,-0.120151,False,Central London
116086466,2024-01-01,anti-social-behaviour,On or near Further/higher Educational Building,51.500280,-0.116091,False,Central London
116074833,2024-01-01,anti-social-behaviour,On or near Russell Street,51.512863,-0.120842,False,Central London
116087216,2024-01-01,anti-social-behaviour,On or near Nightclub,51.516900,-0.132077,False,Central London
116085167,2024-01-01,anti-social-behaviour,On or near Nightclub,51.511783,-0.129778,False,Central London
116074792,2024-01-01,anti-social-behaviour,On or near Palace Place,51.499046,-0.142561,False,Central London
116075228,2024-01-01,anti-social-behaviour,On or near Dane Street,51.518744,-0.118596,False,Central London
116074730,2024-01-01,anti-social-behaviour,On or near Fleet Street,51.513724,-0.111756,False,Central London
116084103,2024-01-01,anti-social-behaviour,On or near Downing Street,51.503196,-0.127032,False,Central London
116083927,2024-01-01,anti-social-behaviour,On or near Bloomfield Place,51.511694,-0.144568,False,Central London
116076360,2024-01-01,anti-social-behaviour,On or near Pratt Walk,51.494818,-0.117089,False,Central London
116083832,2024-01-01,anti-social-behaviour,On or near Conference/exhibition Centre,51.496941,-0.130617,False,Central London
115926286,2024-01-01,anti-social-behaviour,On or near Bridge Street,51.500978,-0.125524,False,Central London
116073745,2024-01-01,anti-social-behaviour,On or near Addington Street,51.501162,-0.116252,False,Central London
116078263,2024-01-01,anti-social-behaviour,On or near Princes Street,51.514365,-0.143408,False,Central London
116085331,2024-01-01,anti-social-behaviour,On or near Further/higher Educational Building,51.505035,-0.112677,False,Central London
116077811,2024-01-01,anti-social-behaviour,On or near Great Windmill Street,51.510952,-0.134064,False,Central London
116085336,2024-01-01,anti-social-behaviour,On or near Cosser Street,51.497024,-0.112777,False,Central London
116085369,2024-01-01,anti-social-behaviour,On or near Grafton Street,51.510141,-0.143046,False,Central London
116073711,2024-01-01,anti-social-behaviour,On or near Half Moon Street,51.506797,-0.145963,False,Central London
116087191,2024-01-01,anti-social-behaviour,On or near Race Track,51.518106,-0.116951,False,Central London
116077626,2024-01-01,anti-social-behaviour,On or near South Molton Lane,51.513288,-0.147530,False,Central London
116074953,2024-01-01,anti-social-behaviour,On or near Thirleby Road,51.496320,-0.138508,False,Central London
116083775,2024-01-01,anti-social-behaviour,On or near Thirleby Road,51.496320,-0.138508,False,Central London
116087151,2024-01-01,anti-social-behaviour,On or near New Bond Street,51.511893,-0.144070,False,Central London
116087334,2024-01-01,anti-social-behaviour,On or near William Iv Street,51.509491,-0.125924,False,Central London
116087111,2024-01-01,anti-social-behaviour,On or near Northumberland Avenue,51.506985,-0.124975,False,Central London
116076501,2024-01-01,anti-social-behaviour,On or near Nightclub,51.516341,-0.120151,False,Central London
116076589,2024-01-01,anti-social-behaviour,On or near Montague Street,51.519680,-0.125347,False,Central London
116075181,2024-01-01,anti-social-behaviour,On or near Nightclub,51.507766,-0.141284,False,Central London
116076622,2024-01-01,anti-social-behaviour,On or near St Giles High Street,51.515598,-0.127633,False,Central London
116086904,2024-01-01,anti-social-behaviour,On or near Charing Cross,51.507394,-0.128042,False,Central London
116076866,2024-01-01,anti-social-behaviour,On or near Nightclub,51.510953,-0.133012,False,Central London
116076924,2024-01-01,anti-social-behaviour,On or near Further/higher Educational Building,51.517727,-0.128612,False,Central London
116076136,2024-01-01,anti-social-behaviour,On or near Parking Area,51.518130,-0.137604,False,Central London
116074692,2024-01-01,anti-social-behaviour,On or near Broadwick Street,51.513470,-0.136339,False,Central London
116087092,2024-01-01,anti-social-behaviour,On or near John Prince's Street,51.515753,-0.143092,False,Central London
116078327,2024-01-01,anti-social-behaviour,On or near Pratt Walk,51.494818,-0.117089,False,Central London
116078344,2024-01-01,anti-social-behaviour,On or near Soho Street,51.515939,-0.132693,False,Central London
116078411,2024-01-01,anti-social-behaviour,On or near Curzon Street,51.506720,-0.147883,False,Central London
116078416,2024-01-01,anti-social-behaviour,On or near Hills Place,51.515088,-0.140222,False,Central London
116087180,2024-01-01,anti-social-behaviour,On or near Theatre/concert Hall,51.512300,-0.128388,False,Central London
116078565,2024-01-01,anti-social-behaviour,On or near Conference/exhibition Centre,51.511301,-0.115963,False,Central London
116078602,2024-01-01,anti-social-behaviour,On or near Nightclub,51.516623,-0.132976,False,Central London
116074579,2024-01-01,anti-social-behaviour,On or near Pratt Walk,51.494818,-0.117089,False,Central London
116077081,2024-01-01,anti-social-behaviour,On or near Lower Robert Street,51.508964,-0.122761,False,Central London
116078432,2024-01-01,anti-social-behaviour,On or near Hills Place,51.515088,-0.140222,False,Central London
116077204,2024-01-01,anti-social-behaviour,On or near Parker Mews,51.515487,-0.122420,False,Central London
116085644,2024-01-01,anti-social-behaviour,On or near Nightclub,51.516623,-0.132976,False,Central London
116077232,2024-01-01,anti-social-behaviour,On or near Nightclub,51.516623,-0.132976,False,Central London
116077297,2024-01-01,anti-social-behaviour,On or near Spencer Place,51.496440,-0.135867,False,Central London
116077318,2024-01-01,anti-social-behaviour,On or near Theatre/concert Hall,51.510345,-0.122502,False,Central London
116075755,2024-01-01,anti-social-behaviour,On or near Bourdon Street,51.511012,-0.145792,False,Central London
116088378,2024-01-01,anti-social-behaviour,On or near Further/higher Educational Building,51.516178,-0.131904,False,Central London
116075136,2024-01-01,anti-social-behaviour,On or near Wardour Street,51.513970,-0.134387,False,Central London
116077411,2024-01-01,anti-social-behaviour,On or near Leicester Square,51.510468,-0.130769,False,Central London
116085909,2024-01-01,anti-social-behaviour,On or near Theatre/concert Hall,51.511583,-0.133287,False,Central London
116077418,2024-01-01,anti-social-behaviour,On or near Lambeth North,51.499042,-0.111930,False,Central London
116075234,2024-01-01,anti-social-behaviour,On or near Percy Street,51.518456,-0.133209,False,Central London
116089482,2024-01-01,anti-social-behaviour,On or near Noel Street,51.515087,-0.136201,False,Central London
116077428,2024-01-01,anti-social-behaviour,On or near St Giles High Street,51.515598,-0.127633,False,Central London
116077486,2024-01-01,anti-social-behaviour,On or near Moor Street,51.513498,-0.130169,False,Central London
116077493,2024-01-01,anti-social-behaviour,On or near Corner House Street,51.507725,-0.125708,False,Central London
116077628,2024-01-01,anti-social-behaviour,On or near Dyott Street,51.516820,-0.127583,False,Central London
116077800,2024-01-01,anti-social-behaviour,On or near Nightclub,51.508087,-0.124122,False,Central London
116077867,2024-01-01,anti-social-behaviour,On or near Adeline Place,51.517858,-0.130120,False,Central London
116074504,2024-01-01,anti-social-behaviour,On or near Caxton Street,51.498553,-0.135291,False,Central London
116074431,2024-01-01,anti-social-behaviour,On or near Pratt Walk,51.494818,-0.117089,False,Central London
116074407,2024-01-01,anti-social-behaviour,On or near Conference/exhibition Centre,51.496941,-0.130617,False,Central London
116075714,2024-01-01,anti-social-behaviour,On or near Pear Place,51.502428,-0.110508,False,Central London
116077934,2024-01-01,anti-social-behaviour,On or near Further/higher Educational Building,51.516178,-0.131904,False,Central London
116074369,2024-01-01,anti-social-behaviour,On or near Nightclub,51.511783,-0.129778,False,Central London
116077983,2024-01-01,anti-social-behaviour,On or near Kean Street,51.514064,-0.118890,False,Central London
116078006,2024-01-01,anti-social-behaviour,On or near B402,51.512855,-0.124820,False,Central London
116078011,2024-01-01,anti-social-behaviour,On or near Nightclub,51.514012,-0.131078,False,Central London
116078070,2024-01-01,anti-social-behaviour,On or near Lower James Street,51.511312,-0.136326,False,Central London
116078076,2024-01-01,anti-social-behaviour,On or near Theatre/concert Hall,51.506632,-0.127640,False,Central London
116079235,2024-01-01,anti-social-behaviour,On or near Bayley Street,51.518739,-0.131785,False,Central London
116079002,2024-01-01,anti-social-behaviour,On or near Parking Area,51.506236,-0.141322,False,Central London
116075691,2024-01-01,anti-social-behaviour,On or near Strand,51.511022,-0.119880,False,Central London
116079260,2024-01-01,anti-social-behaviour,On or near Nightclub,51.516341,-0.120151,False,Central London
116076085,2024-01-01,anti-social-behaviour,On or near Irving Street,51.509886,-0.128646,False,Central London
116078729,2024-01-01,anti-social-behaviour,On or near Stephen Street,51.517563,-0.133001,False,Central London
116079061,2024-01-01,anti-social-behaviour,On or near Wardour Street,51.513970,-0.134387,False,Central London
116083364,2024-01-01,anti-social-behaviour,On or near Glasshouse Street,51.510520,-0.137439,False,Central London
116082765,2024-01-01,anti-social-behaviour,On or near Strand,51.511022,-0.119880,False,Central London
116076083,2024-01-01,anti-social-behaviour,On or near Nightclub,51.511783,-0.129778,False,Central London
116079309,2024-01-01,anti-social-behaviour,On or near Old Pye Street,51.497534,-0.132307,False,Central London
116081863,2024-01-01,anti-social-behaviour,On or near Charles Ii Street,51.507970,-0.133162,False,Central London
116087329,2024-01-01,anti-social-behaviour,On or near Theatre/concert Hall,51.510345,-0.122502,False,Central London
116075632,2024-01-01,anti-social-behaviour,On or near Old Queen Street,51.500800,-0.130732,False,Central London
116075465,2024-01-01,anti-social-behaviour,On or near Great Newport Street,51.511856,-0.127570,False,Central London
116079316,2024-01-01,anti-social-behaviour,On or near Pear Place,51.502428,-0.110508,False,Central London
116079133,2024-01-01,anti-social-behaviour,On or near Caxton Street,51.498553,-0.135291,False,Central London
116079811,2024-01-01,anti-social-behaviour,On or near A301,51.512059,-0.118929,False,Central London
116086106,2024-01-01,anti-social-behaviour,On or near Long Acre,51.513205,-0.124229,False,Central London
116079816,2024-01-01,anti-social-behaviour,On or near Further/higher Educational Building,51.519005,-0.114132,False,Central London
116079817,2024-01-01,anti-social-behaviour,On or near Supermarket,51.507415,-0.105835,False,Central London
116076036,2024-01-01,anti-social-behaviour,On or near Carlisle Place,51.495936,-0.141491,False,Central London
116079849,2024-01-01,anti-social-behaviour,On or near William Iv Street,51.509491,-0.125924,False,Central London
116079880,2024-01-01,anti-social-behaviour,On or near Dyott Street,51.516820,-0.127583,False,Central London
116076022,2024-01-01,anti-social-behaviour,On or near Macklin Street,51.516001,-0.122471,False,Central London
116079884,2024-01-01,anti-social-behaviour,On or near Soho Street,51.515939,-0.132693,False,Central London
116081218,2024-01-01,anti-social-behaviour,On or near Catherine Street,51.512408,-0.119910,False,Central London
116079911,2024-01-01,anti-social-behaviour,On or near Drury Lane,51.514369,-0.121645,False,Central London
116075325,2024-01-01,anti-social-behaviour,On or near Further/higher Educational Building,51.514867,-0.138790,False,Central London
116079322,2024-01-01,anti-social-behaviour,On or near Theatre/concert Hall,51.514523,-0.129580,False,Central London
116084983,2024-01-01,anti-social-behaviour,On or near William Iv Street,51.509491,-0.125924,False,Central London
116078708,2024-01-01,anti-social-behaviour,On or near Goodge Street,51.519378,-0.135737,False,Central London
116084372,2024-01-01,anti-social-behaviour,On or near Little Newport Street,51.511703,-0.128701,False,Central London
116074223,2024-01-01,anti-social-behaviour,On or near Strand,51.511022,-0.119880,False,Central London
116073775,2024-01-01,anti-social-behaviour,On or near Theatre/concert Hall,51.512300,-0.128388,False,Central London
116085065,2024-01-01,anti-social-behaviour,On or near Theatre/concert Hall,51.510345,-0.122502,False,Central London
116084404,2024-01-01,anti-social-behaviour,On or near Newton Street,51.516568,-0.121381,False,Central London
116084406,2024-01-01,anti-social-behaviour,On or near A401,51.511790,-0.132459,False,Central London
116084439,2024-01-01,anti-social-behaviour,On or near Orange Street,51.509396,-0.130626,False,Central London
116084488,2024-01-01,anti-social-behaviour,On or near Bourchier Street,51.513052,-0.132681,False,Central London
116078382,2024-01-01,anti-social-behaviour,On or near Earnshaw Street,51.516037,-0.128682,False,Central London
116085329,2024-01-01,anti-social-behaviour,On or near Supermarket,51.517476,-0.136579,False,Central London
116075214,2024-01-01,anti-social-behaviour,On or near Drury Lane,51.514369,-0.121645,False,Central London
116080347,2024-01-01,anti-social-behaviour,On or near Langham Place,51.517741,-0.143126,False,Central London
116074340,2024-01-01,anti-social-behaviour,On or near Race Track,51.518106,-0.116951,False,Central London
116076080,2024-01-01,anti-social-behaviour,On or near Hills Place,51.515088,-0.140222,False,Central London
116076070,2024-01-01,anti-social-behaviour,On or near Caxton Street,51.498553,-0.135291,False,Central London
116077848,2024-01-01,anti-social-behaviour,On or near Hills Place,51.515088,-0.140222,False,Central London
116089201,2024-01-01,anti-social-behaviour,On or near Ham Yard,51.511310,-0.134539,False,Central London
116080802,2024-01-01,anti-social-behaviour,On or near St Giles High Street,51.515598,-0.127633,False,Central London
116080872,2024-01-01,anti-social-behaviour,On or near Coburg Close,51.494661,-0.137668,False,Central London
116089033,2024-01-01,anti-social-behaviour,On or near Conference/exhibition Centre,51.496941,-0.130617,False,Central London
116083356,2024-01-01,anti-social-behaviour,On or near Hatfields,51.503496,-0.106473,False,Central London
116079522,2024-01-01,anti-social-behaviour,On or near Percy Street,51.518456,-0.133209,False,Central London
116088984,2024-01-01,anti-social-behaviour,On or near Nightclub,51.507576,-0.141776,False,Central London
116083480,2024-01-01,anti-social-behaviour,On or near Margaret Street,51.516668,-0.141210,False,Central London
116088871,2024-01-01,anti-social-behaviour,On or near Leicester Square,51.510468,-0.130769,False,Central London
116088702,2024-01-01,anti-social-behaviour,On or near Theatre/concert Hall,51.513477,-0.119880,False,Central London
116088396,2024-01-01,anti-social-behaviour,On or near Carlisle Place,51.495936,-0.141491,False,Central London
116079520,2024-01-01,anti-social-behaviour,On or near Embankment Place,51.507096,-0.122909,False,Central London
116083485,2024-01-01,anti-social-behaviour,On or near Caxton Street,51.498553,-0.135291,False,Central London
116088296,2024-01-01,anti-social-behaviour,On or near Nightclub,51.516341,-0.120151,False,Central London
116078557,2024-01-01,anti-social-behaviour,On or near Nightclub,51.510953,-0.133012,False,Central London
116088263,2024-01-01,anti-social-behaviour,On or near Page Street,51.493937,-0.129472,False,Central London
116078387,2024-01-01,anti-social-behaviour,On or near A301,51.512059,-0.118929,False,Central London
116078381,2024-01-01,anti-social-behaviour,On or near Strutton Ground,51.497497,-0.133922,False,Central London
116078331,2024-01-01,anti-social-behaviour,On or near Argyll Street,51.514684,-0.140844,False,Central London
116079402,2024-01-01,anti-social-behaviour,On or near Argyll Street,51.514684,-0.140844,False,Central London
116078316,2024-01-01,anti-social-behaviour,On or near Nightclub,51.515684,-0.135874,False,Central London
116078312,2024-01-01,anti-social-behaviour,On or near Caxton Street,51.498553,-0.135291,False,Central London
116316375,2024-01-01,anti-social-behaviour,On or near Dacre Street,51.498908,-0.132712,False,Central London
116088108,2024-01-01,anti-social-behaviour,On or near Ambrosden Avenue,51.496508,-0.139610,False,Central London
116078481,2024-01-01,anti-social-behaviour,On or near Ormond Yard,51.508202,-0.136410,False,Central London
116076864,2024-01-01,anti-social-behaviour,On or near Arlington Street,51.506922,-0.140785,False,Central London
116080005,2024-01-01,anti-social-behaviour,On or near St Giles High Street,51.515598,-0.127633,False,Central London
116088084,2024-01-01,anti-social-behaviour,On or near Nightclub,51.511783,-0.129778,False,Central London
116087915,2024-01-01,anti-social-behaviour,On or near Nightclub,51.508450,-0.143266,False,Central London
116087791,2024-01-01,anti-social-behaviour,On or near Spring Gardens,51.506855,-0.128078,False,Central London
116076775,2024-01-01,anti-social-behaviour,On or near Chapone Place,51.514286,-0.132818,False,Central London
116087768,2024-01-01,anti-social-behaviour,On or near Monmouth Street,51.514211,-0.126984,False,Central London
116087748,2024-01-01,anti-social-behaviour,On or near Pratt Walk,51.494818,-0.117089,False,Central London
116076729,2024-01-01,anti-social-behaviour,On or near Nightclub,51.511783,-0.129778,False,Central London
116087664,2024-01-01,anti-social-behaviour,On or near William Iv Street,51.509491,-0.125924,False,Central London
116080060,2024-01-01,anti-social-behaviour,On or near Albemarle Street,51.508990,-0.141882,False,Central London
116087594,2024-01-01,anti-social-behaviour,On or near Garrick Street,51.511574,-0.126271,False,Central London
116087506,2024-01-01,anti-social-behaviour,On or near Long Acre,51.513205,-0.124229,False,Central London
116087501,2024-01-01,anti-social-behaviour,On or near Noel Street,51.515087,-0.136201,False,Central London
116076609,2024-01-01,anti-social-behaviour,On or near Parking Area,51.495745,-0.132308,False,Central London
116080052,2024-01-01,anti-social-behaviour,On or near Hollen Street,51.515470,-0.134874,False,Central London
116087500,2024-01-01,anti-social-behaviour,On or near Nightclub,51.511783,-0.129778,False,Central London
116087486,2024-01-01,anti-social-behaviour,On or near Bloomfield Place,51.511694,-0.144568,False,Central London
116081713,2024-01-01,anti-social-behaviour,On or near Lisle Street,51.511534,-0.130495,False,Central London
116087465,2024-01-01,anti-social-behaviour,On or near Hospital,51.499488,-0.118410,False,Central London
116076406,2024-01-01,anti-social-behaviour,On or near Theatre/concert Hall,51.516785,-0.126532,False,Central London
116082237,2024-01-01,anti-social-behaviour,On or near Embankment Place,51.507096,-0.122909,False,Central London
116081032,2024-01-01,anti-social-behaviour,On or near St Giles High Street,51.515598,-0.127633,False,Central London
116079895,2024-01-01,anti-social-behaviour,On or near Theatre/concert Hall,51.510345,-0.122502,False,Central London
116081824,2024-01-01,anti-social-behaviour,On or near Nightclub,51.508450,-0.143266,False,Central London
116087402,2024-01-01,anti-social-behaviour,On or near Princes Street,51.514365,-0.143408,False,Central London
116079833,2024-01-01,anti-social-behaviour,On or near Pear Place,51.502428,-0.110508,False,Central London
116087396,2024-01-01,anti-social-behaviour,On or near Cornwall Road,51.504507,-0.110609,False,Central London
116083760,2024-01-01,anti-social-behaviour,On or near John Prince's Street,51.515753,-0.143092,False,Central London
116083751,2024-01-01,anti-social-behaviour,On or near Stephen Street,51.517563,-0.133001,False,Central London
116083698,2024-01-01,anti-social-behaviour,On or near John Prince's Street,51.515753,-0.143092,False,Central London
116078896,2024-01-01,anti-social-behaviour,On or near Launcelot Street,51.500683,-0.112194,False,Central London
116079107,2024-01-01,anti-social-behaviour,On or near Bloomsbury Square,51.519092,-0.122330,False,Central London
116078790,2024-01-01,anti-social-behaviour,On or near Little Russell Street,51.517742,-0.125614,False,Central London
116084244,2024-01-01,anti-social-behaviour,On or near Lisle Street,51.511534,-0.130495,False,Central London
116081129,2024-01-01,anti-social-behaviour,On or near Dover Street,51.508401,-0.142195,False,Central London
116084800,2024-01-01,anti-social-behaviour,On or near Short Street,51.502515,-0.107003,False,Central London
116084725,2024-01-01,anti-social-behaviour,On or near Russell Street,51.512863,-0.120842,False,Central London
116078720,2024-01-01,anti-social-behaviour,On or near Glasshouse Street,51.510520,-0.137439,False,Central London
116084678,2024-01-01,anti-social-behaviour,On or near Spring Gardens,51.506855,-0.128078,False,Central London
116076353,2024-01-01,anti-social-behaviour,On or near Theatre/concert Hall,51.516275,-0.126121,False,Central London
116081826,2024-01-01,anti-social-behaviour,On or near Garrick Street,51.511574,-0.126271,False,Central London
116084575,2024-01-01,anti-social-behaviour,On or near Parking Area,51.517287,-0.130403,False,Central London
116076310,2024-01-01,anti-social-behaviour,On or near Nightclub,51.512495,-0.138915,False,Central London
116081026,2024-01-01,anti-social-behaviour,On or near Hills Place,51.515088,-0.140222,False,Central London
116084055,2024-01-01,anti-social-behaviour,On or near Pall Mall,51.506600,-0.134054,False,Central London
116076304,2024-01-01,anti-social-behaviour,On or near A301,51.512059,-0.118929,False,Central London
116084169,2024-01-01,anti-social-behaviour,On or near Nightclub,51.510953,-0.133012,False,Central London
116083839,2024-01-01,anti-social-behaviour,On or near Parking Area,51.495745,-0.132308,False,Central London
116084850,2024-01-01,anti-social-behaviour,On or near Short Street,51.502515,-0.107003,False,Central London
116076943,2024-01-01,anti-social-behaviour,On or near Lower Road,51.501941,-0.112127,False,Central London
116079277,2024-01-01,anti-social-behaviour,On or near Spencer Place,51.496440,-0.135867,False,Central London
116076232,2024-01-01,anti-social-behaviour,On or near The Cut,51.503044,-0.107428,False,Central London
116081151,2024-01-01,anti-social-behaviour,On or near James Street,51.512802,-0.123770,False,Central London
116076230,2024-01-01,anti-social-behaviour,On or near Strand,51.511022,-0.119880,False,Central London
116076156,2024-01-01,anti-social-behaviour,On or near Pratt Walk,51.494818,-0.117089,False,Central London
116078679,2024-01-01,anti-social-behaviour,On or near Soho Street,51.515939,-0.132693,False,Central London
116076155,2024-01-01,anti-social-behaviour,On or near Little Newport Street,51.511703,-0.128701,False,Central London
116079005,2024-01-01,anti-social-behaviour,On or near Carlisle Place,51.495936,-0.141491,False,Central London
116075215,2024-01-01,anti-social-behaviour,On or near Pratt Walk,51.494818,-0.117089,False,Central London
116080214,2024-01-01,anti-social-behaviour,On or near South Molton Lane,51.513288,-0.147530,False,Central London
116080197,2024-01-01,anti-social-behaviour,On or near Strand,51.511022,-0.119880,False,Central London
116080161,2024-01-01,anti-social-behaviour,On or near Shopping Area,51.513057,-0.144844,False,Central London
116082093,2024-01-01,anti-social-behaviour,On or near St Ann's Street,51.497579,-0.130590,False,Central London
116081607,2024-01-01,anti-social-behaviour,On or near Nightclub,51.508087,-0.124122,False,Central London
116079506,2024-01-01,anti-social-behaviour,On or near Albany Courtyard,51.508699,-0.138306,False,Central London
116079226,2024-01-01,anti-social-behaviour,On or near Brad Street,51.504309,-0.108960,False,Central London
116079206,2024-01-01,anti-social-behaviour,On or near Argyll Street,51.514684,-0.140844,False,Central London
116079166,2024-01-01,anti-social-behaviour,On or near Theatre/concert Hall,51.510345,-0.122502,False,Central London
116078536,2024-01-01,anti-social-behaviour,On or near Gate Street,51.517114,-0.119009,False,Central London
116078514,2024-01-01,anti-social-behaviour,On or near William Iv Street,51.509491,-0.125924,False,Central London
116076936,2024-01-01,anti-social-behaviour,On or near Goodge Street,51.519378,-0.135737,False,Central London
116082097,2024-01-01,anti-social-behaviour,On or near Coventry Street,51.510295,-0.132318,False,Central London
116081663,2024-01-01,anti-social-behaviour,On or near Procter Street,51.518405,-0.119302,False,Central London
116074807,2024-01-01,anti-social-behaviour,On or near Leicester Square,51.510468,-0.130769,False,Central London
116074528,2024-01-01,anti-social-behaviour,On or near Corner House Street,51.507725,-0.125708,False,Central London
116075670,2024-01-01,anti-social-behaviour,On or near Abingdon Street,51.498185,-0.125739,False,Central London
116082389,2024-01-01,anti-social-behaviour,On or near John Prince's Street,51.515753,-0.143092,False,Central London
116074133,2024-01-01,anti-social-behaviour,On or near Caxton Street,51.498553,-0.135291,False,Central London
116075212,2024-01-01,anti-social-behaviour,On or near Theatre/concert Hall,51.514523,-0.129580,False,Central London
116086305,2024-01-01,anti-social-behaviour,On or near Ormond Yard,51.508202,-0.136410,False,Central London
116082472,2024-01-01,anti-social-behaviour,On or near Adeline Place,51.517858,-0.130120,False,Central London
116083837,2024-01-01,anti-social-behaviour,On or near Police Station,51.497580,-0.111573,False,Central London
116078236,2024-01-01,anti-social-behaviour,On or near Corner House Street,51.507725,-0.125708,False,Central London
116080076,2024-01-01,anti-social-behaviour,On or near Dyott Street,51.516820,-0.127583,False,Central London
116078185,2024-01-01,anti-social-behaviour,On or near Shopping Area,51.513057,-0.144844,False,Central London
116084985,2024-01-01,anti-social-behaviour,On or near Frith Street,51.513601,-0.131534,False,Central London
116084346,2024-01-01,anti-social-behaviour,On or near Theatre/concert Hall,51.510345,-0.122502,False,Central London
116075165,2024-01-01,anti-social-behaviour,On or near New North Street,51.520365,-0.119827,False,Central London
116075028,2024-01-01,anti-social-behaviour,On or near Bloomsbury Place,51.519639,-0.122797,False,Central London
116084397,2024-01-01,anti-social-behaviour,On or near Hills Place,51.515088,-0.140222,False,Central London
116081326,2024-01-01,anti-social-behaviour,On or near Drury Lane,51.515449,-0.123373,False,Central London
116085056,2024-01-01,anti-social-behaviour,On or near Addington Street,51.501162,-0.116252,False,Central London
116084423,2024-01-01,anti-social-behaviour,On or near Adeline Place,51.517858,-0.130120,False,Central London
116075023,2024-01-01,anti-social-behaviour,On or near Foley Street,51.519609,-0.139548,False,Central London
116084427,2024-01-01,anti-social-behaviour,On or near Parking Area,51.517287,-0.130403,False,Central London
116074898,2024-01-01,anti-social-behaviour,On or near Argyll Street,51.514684,-0.140844,False,Central London
116075887,2024-01-01,anti-social-behaviour,On or near Warwick House Street,51.507330,-0.130768,False,Central London
116084490,2024-01-01,anti-social-behaviour,On or near Abbey Orchard Street,51.498335,-0.131193,False,Central London
116078045,2024-01-01,anti-social-behaviour,On or near Bridge Street,51.500978,-0.125524,False,Central London
116084510,2024-01-01,anti-social-behaviour,On or near Argyll Street,51.514684,-0.140844,False,Central London
116078040,2024-01-01,anti-social-behaviour,On or near Kean Street,51.514064,-0.118890,False,Central London
116074812,2024-01-01,anti-social-behaviour,On or near Page Street,51.493937,-0.129472,False,Central London
116074739,2024-01-01,anti-social-behaviour,On or near Bloomfield Place,51.511694,-0.144568,False,Central London
116082519,2024-01-01,anti-social-behaviour,On or near Parking Area,51.518130,-0.137604,False,Central London
116085349,2024-01-01,anti-social-behaviour,On or near Nightclub,51.515684,-0.135874,False,Central London
116080100,2024-01-01,anti-social-behaviour,On or near Police Station,51.497580,-0.111573,False,Central London
116080102,2024-01-01,anti-social-behaviour,On or near Argyll Street,51.514684,-0.140844,False,Central London
116085397,2024-01-01,anti-social-behaviour,On or near Supermarket,51.507415,-0.105835,False,Central London
116085398,2024-01-01,anti-social-behaviour,On or near Supermarket,51.507415,-0.105835,False,Central London
116074639,2024-01-01,anti-social-behaviour,On or near Greencoat Row,51.495591,-0.136794,False,Central London
116081023,2024-01-01,anti-social-behaviour,On or near St Giles Passage,51.514537,-0.128196,False,Central London
116077974,2024-01-01,anti-social-behaviour,On or near Chapone Place,51.514286,-0.132818,False,Central London
116077855,2024-01-01,anti-social-behaviour,On or near Spring Gardens,51.506855,-0.128078,False,Central London
116074585,2024-01-01,anti-social-behaviour,On or near Ham Yard,51.511310,-0.134539,False,Central London
116075797,2024-01-01,anti-social-behaviour,On or near Percy Street,51.518456,-0.133209,False,Central London
116082522,2024-01-01,anti-social-behaviour,On or near Carlisle Place,51.495936,-0.141491,False,Central London
116077851,2024-01-01,anti-social-behaviour,On or near Old Bond Street,51.508911,-0.140877,False,Central London
116075770,2024-01-01,anti-social-behaviour,On or near Henrietta Street,51.511111,-0.123710,False,Central London
116085540,2024-01-01,anti-social-behaviour,On or near Upper Ground,51.507477,-0.109679,False,Central London
116085582,2024-01-01,anti-social-behaviour,On or near Spencer Place,51.496440,-0.135867,False,Central London
116081005,2024-01-01,anti-social-behaviour,On or near Shopping Area,51.496466,-0.141499,False,Central London
116074509,2024-01-01,anti-social-behaviour,On or near Percy Mews,51.517803,-0.133971,False,Central London
116082528,2024-01-01,anti-social-behaviour,On or near Nightclub,51.515684,-0.135874,False,Central London
116080971,2024-01-01,anti-social-behaviour,On or near Princes Street,51.514365,-0.143408,False,Central London
116082646,2024-01-01,anti-social-behaviour,On or near Downing Street,51.503196,-0.127032,False,Central London
116075619,2024-01-01,anti-social-behaviour,On or near Pear Place,51.502428,-0.110508,False,Central London
116085652,2024-01-01,anti-social-behaviour,On or near Buckingham Street,51.508409,-0.123461,False,Central London
116077777,2024-01-01,anti-social-behaviour,On or near Dyott Street,51.516820,-0.127583,False,Central London
116081446,2024-01-01,anti-social-behaviour,On or near Trafalgar Square,51.507938,-0.128898,False,Central London
116082648,2024-01-01,anti-social-behaviour,On or near Baylis Road,51.500396,-0.111082,False,Central London
116075594,2024-01-01,anti-social-behaviour,On or near John Prince's Street,51.515753,-0.143092,False,Central London
116075533,2024-01-01,anti-social-behaviour,On or near Dyott Street,51.516820,-0.127583,False,Central London
116075523,2024-01-01,anti-social-behaviour,On or near Theatre/concert Hall,51.509158,-0.134930,False,Central London
116079794,2024-01-01,anti-social-behaviour,On or near Procter Street,51.518405,-0.119302,False,Central London
116077776,2024-01-01,anti-social-behaviour,On or near Wild Court,51.515460,-0.119611,False,Central London
116077769,2024-01-01,anti-social-behaviour,On or near Theatre/concert Hall,51.512300,-0.128388,False,Central London
116085656,2024-01-01,anti-social-behaviour,On or near Bourchier Street,51.513052,-0.132681,False,Central London
116080452,2024-01-01,anti-social-behaviour,On or near Stukeley Street,51.516351,-0.122976,False,Central London
116075520,2024-01-01,anti-social-behaviour,On or near Theatre/concert Hall,51.512300,-0.128388,False,Central London
116082653,2024-01-01,anti-social-behaviour,On or near Cornwall Road,51.504507,-0.110609,False,Central London
116075426,2024-01-01,anti-social-behaviour,On or near Further/higher Educational Building,51.517845,-0.121977,False,Central London
116077675,2024-01-01,anti-social-behaviour,On or near Hatfields,51.503496,-0.106473,False,Central London
116075375,2024-01-01,anti-social-behaviour,On or near Palace Place,51.499046,-0.142561,False,Central London
116077608,2024-01-01,anti-social-behaviour,On or near Rose Street,51.511623,-0.125951,False,Central London
116080491,2024-01-01,anti-social-behaviour,On or near Bloomsbury Square,51.519092,-0.122330,False,Central London
116081035,2024-01-01,anti-social-behaviour,On or near Corner House Street,51.507725,-0.125708,False,Central London
116085811,2024-01-01,anti-social-behaviour,On or near Nightclub,51.516341,-0.120151,False,Central London
116073916,2024-01-01,anti-social-behaviour,On or near Downing Street,51.503196,-0.127032,False,Central London
116085879,2024-01-01,anti-social-behaviour,On or near Long Acre,51.513205,-0.124229,False,Central London
116074239,2024-01-01,anti-social-behaviour,On or near Supermarket,51.507415,-0.105835,False,Central London
116073790,2024-01-01,anti-social-behaviour,On or near William Iv Street,51.509491,-0.125924,False,Central London
116085882,2024-01-01,anti-social-behaviour,On or near Adeline Place,51.517858,-0.130120,False,Central London
116073658,2024-01-01,anti-social-behaviour,On or near Little Newport Street,51.511703,-0.128701,False,Central London
116077567,2024-01-01,anti-social-behaviour,On or near Shopping Area,51.512117,-0.123121,False,Central London
116073595,2024-01-01,anti-social-behaviour,On or near Shopping Area,51.519933,-0.133899,False,Central London
116073472,2024-01-01,anti-social-behaviour,On or near Strutton Ground,51.497497,-0.133922,False,Central London
116077455,2024-01-01,anti-social-behaviour,On or near Police Station,51.509786,-0.124658,False,Central London
116085983,2024-01-01,anti-social-behaviour,On or near Nightclub,51.509458,-0.132280,False,Central London
116086079,2024-01-01,anti-social-behaviour,On or near Parking Area,51.507097,-0.130864,False,Central London
116086105,2024-01-01,anti-social-behaviour,On or near Nightclub,51.514012,-0.131078,False,Central London
116086139,2024-01-01,anti-social-behaviour,On or near Shaftesbury Avenue,51.513064,-0.129438,False,Central London
116086141,2024-01-01,anti-social-behaviour,On or near Denman Street,51.510729,-0.135283,False,Central London
116086191,2024-01-01,anti-social-behaviour,On or near Rutherford Street,51.494214,-0.132716,False,Central London
116074165,2024-01-01,anti-social-behaviour,On or near Theatre/concert Hall,51.509158,-0.134930,False,Central London
116073397,2024-01-01,anti-social-behaviour,On or near Dyott Street,51.516820,-0.127583,False,Central London
116073185,2024-01-01,anti-social-behaviour,On or near Argyll Street,51.514684,-0.140844,False,Central London
116082802,2024-01-01,anti-social-behaviour,On or near Nightclub,51.509458,-0.132280,False,Central London
116086196,2024-01-01,anti-social-behaviour,On or near Theatre/concert Hall,51.512300,-0.128388,False,Central London
116086499,2024-01-01,anti-social-behaviour,On or near Caxton Street,51.498553,-0.135291,False,Central London
116086629,2024-01-01,anti-social-behaviour,On or near Dryden Street,51.514621,-0.122802,False,Central London
116073144,2024-01-01,anti-social-behaviour,On or near Further/higher Educational Building,51.514867,-0.138790,False,Central London
116077447,2024-01-01,anti-social-behaviour,On or near Parking Area,51.495745,-0.132308,False,Central London
116077378,2024-01-01,anti-social-behaviour,On or near Greycoat Place,51.496312,-0.134604,False,Central London
116077118,2024-01-01,anti-social-behaviour,On or near Further/higher Educational Building,51.514867,-0.138790,False,Central London
116086630,2024-01-01,anti-social-behaviour,On or near John Adam Street,51.509044,-0.123247,False,Central London
116086670,2024-01-01,anti-social-behaviour,On or near Caxton Street,51.498553,-0.135291,False,Central London
116086713,2024-01-01,anti-social-behaviour,On or near Bloomsbury Square,51.519092,-0.122330,False,Central London
116081085,2024-01-01,anti-social-behaviour,On or near Carlisle Place,51.495936,-0.141491,False,Central London
116086720,2024-01-01,anti-social-behaviour,On or near Great Newport Street,51.511856,-0.127570,False,Central London
116082838,2024-01-01,anti-social-behaviour,On or near Clarges Street,51.507243,-0.145729,False,Central London
116082880,2024-01-01,anti-social-behaviour,On or near Bloomsbury Square,51.519092,-0.122330,False,Central London
116082913,2024-01-01,anti-social-behaviour,On or near Chapone Place,51.514286,-0.132818,False,Central London
116086903,2024-01-01,anti-social-behaviour,On or near Palace Street,51.498175,-0.140363,False,Central London
116082935,2024-01-01,anti-social-behaviour,On or near Theatre/concert Hall,51.512300,-0.128388,False,Central London
116086953,2024-01-01,anti-social-behaviour,On or near Denmark Street,51.515189,-0.129653,False,Central London
116079791,2024-01-01,anti-social-behaviour,On or near Hercules Road,51.497269,-0.114064,False,Central London
116086978,2024-01-01,anti-social-behaviour,On or near Macklin Street,51.516001,-0.122471,False,Central London
116077090,2024-01-01,anti-social-behaviour,On or near Bloomsbury Square,51.519092,-0.122330,False,Central London
116079754,2024-01-01,anti-social-behaviour,On or near A302,51.498284,-0.110074,False,Central London
116081481,2024-01-01,anti-social-behaviour,On or near Nightclub,51.510953,-0.133012,False,Central London
116077050,2024-01-01,anti-social-behaviour,On or near Ufford Street,51.502206,-0.106771,False,Central London
116086999,2024-01-01,anti-social-behaviour,On or near St Martin's Lane,51.510623,-0.126987,False,Central London
116089502,2024-01-01,anti-social-behaviour,On or near Richmond Buildings,51.514112,-0.133690,False,Central London
116083106,2024-01-01,anti-social-behaviour,On or near Coin Street,51.506344,-0.110216,False,Central London
116083230,2024-01-01,anti-social-behaviour,On or near Coburg Close,51.494661,-0.137668,False,Central London
116087095,2024-01-01,anti-social-behaviour,On or near Hospital,51.499488,-0.118410,False,Central London
116089467,2024-01-01,anti-social-behaviour,On or near A301,51.512059,-0.118929,False,Central London
116089353,2024-01-01,anti-social-behaviour,On or near Nightclub,51.508450,-0.143266,False,Central London
116087132,2024-01-01,anti-social-behaviour,On or near Theatre/concert Hall,51.506707,-0.116009,False,Central London
116083305,2024-01-01,anti-social-behaviour,On or near Tanswell Street,51.501409,-0.111443,False,Central London
116089303,2024-01-01,anti-social-behaviour,On or near Keeley Street,51.514600,-0.120338,False,Central London
116089298,2024-01-01,anti-social-behaviour,On or near Hills Place,51.515088,-0.140222,False,Central London
116089273,2024-01-01,anti-social-behaviour,On or near Conference/exhibition Centre,51.507911,-0.139635,False,Central London
116078596,2024-01-01,anti-social-behaviour,On or near Great Newport Street,51.511856,-0.127570,False,Central London
116087922,2024-01-01,anti-social-behaviour,On or near Parking Area,51.518130,-0.137604,False,Central London
116074016,2024-01-01,anti-social-behaviour,On or near Nightclub,51.511783,-0.129778,False,Central London
116074013,2024-01-01,anti-social-behaviour,On or near Percy Street,51.518456,-0.133209,False,Central London
116083852,2024-01-01,anti-social-behaviour,On or near Ingestre Place,51.512789,-0.135372,False,Central London
116083879,2024-01-01,anti-social-behaviour,On or near Broadwall,51.507466,-0.108441,False,Central London
116083520,2024-01-01,anti-social-behaviour,On or near Hospital,51.499488,-0.118410,False,Central London
116083542,2024-01-01,anti-social-behaviour,On or near Nightclub,51.514246,-0.131436,False,Central London
116085143,2024-01-01,anti-social-behaviour,On or near Soho Street,51.515939,-0.132693,False,Central London
116084578,2024-01-01,anti-social-behaviour,On or near Fleet Street,51.513724,-0.111756,False,Central London
116085150,2024-01-01,anti-social-behaviour,On or near B401,51.515004,-0.125352,False,Central London
116084592,2024-01-01,anti-social-behaviour,On or near Supermarket,51.507415,-0.105835,False,Central London
116085171,2024-01-01,anti-social-behaviour,On or near Greencoat Row,51.495591,-0.136794,False,Central London
116085272,2024-01-01,anti-social-behaviour,On or near Conference/exhibition Centre,51.507911,-0.139635,False,Central London
116084619,2024-01-01,anti-social-behaviour,On or near St Martin's Lane,51.510623,-0.126987,False,Central London
116084742,2024-01-01,anti-social-behaviour,On or near Further/higher Educational Building,51.505035,-0.112677,False,Central London
116084744,2024-01-01,anti-social-behaviour,On or near Streatham Street,51.517319,-0.127274,False,Central London
116089480,2024-01-01,anti-social-behaviour,On or near Hills Place,51.515088,-0.140222,False,Central London
116087453,2024-01-01,anti-social-behaviour,On or near Rennie Street,51.507159,-0.105571,False,Central London
116087610,2024-01-01,anti-social-behaviour,On or near Red Lion Yard,51.507379,-0.149787,False,Central London
116087761,2024-01-01,anti-social-behaviour,On or near Vigo Street,51.510266,-0.139006,False,Central London
116087781,2024-01-01,anti-social-behaviour,On or near Eastcastle Street,51.516751,-0.137401,False,Central London
116087803,2024-01-01,anti-social-behaviour,On or near William Iv Street,51.509491,-0.125924,False,Central London
116087961,2024-01-01,anti-social-behaviour,On or near South Molton Lane,51.513288,-0.147530,False,Central London
116087966,2024-01-01,anti-social-behaviour,On or near Caxton Street,51.498553,-0.135291,False,Central London
116088079,2024-01-01,anti-social-behaviour,On or near Monmouth Street,51.514211,-0.126984,False,Central London
116088180,2024-01-01,anti-social-behaviour,On or near Theatre/concert Hall,51.519792,-0.118337,False,Central London
116088197,2024-01-01,anti-social-behaviour,On or near Craig's Court,51.506736,-0.126800,False,Central London
116088350,2024-01-01,anti-social-behaviour,On or near Short Street,51.502515,-0.107003,False,Central London
116088405,2024-01-01,anti-social-behaviour,On or near Long Acre,51.513205,-0.124229,False,Central London
116088491,2024-01-01,anti-social-behaviour,On or near Pratt Walk,51.494818,-0.117089,False,Central London
116088585,2024-01-01,anti-social-behaviour,On or near Downing Street,51.503196,-0.127032,False,Central London
116088670,2024-01-01,anti-social-behaviour,On or near Broadwick Street,51.513470,-0.136339,False,Central London
116088732,2024-01-01,anti-social-behaviour,On or near Bloomsbury Square,51.519092,-0.122330,False,Central London
116088860,2024-01-01,anti-social-behaviour,On or near A301,51.512059,-0.118929,False,Central London
116088889,2024-01-01,anti-social-behaviour,On or near Conference/exhibition Centre,51.496941,-0.130617,False,Central London
116088927,2024-01-01,anti-social-behaviour,On or near Strand,51.511022,-0.119880,False,Central London
116089187,2024-01-01,anti-social-behaviour,On or near Further/higher Educational Building,51.517845,-0.121977,False,Central London
116089287,2024-01-01,anti-social-behaviour,On or near Nightclub,51.515684,-0.135874,False,Central London
116089447,2024-01-01,anti-social-behaviour,On or near Little Russell Street,51.517742,-0.125614,False,Central London
116083456,2024-01-01,anti-social-behaviour,On or near Earnshaw Street,51.516037,-0.128682,False,Central London
116083447,2024-01-01,anti-social-behaviour,On or near Moor Street,51.513498,-0.130169,False,Central London
116083344,2024-01-01,anti-social-behaviour,On or near Villiers Street,51.507832,-0.123383,False,Central London
116083319,2024-01-01,anti-social-behaviour,On or near Nightclub,51.508450,-0.143266,False,Central London
116083214,2024-01-01,anti-social-behaviour,On or near Nightclub,51.512495,-0.138915,False,Central London
116083169,2024-01-01,anti-social-behaviour,On or near Carlisle Place,51.495936,-0.141491,False,Central London
116083116,2024-01-01,anti-social-behaviour,On or near Shorts Gardens,51.514582,-0.125441,False,Central London
116083091,2024-01-01,anti-social-behaviour,On or near Hospital,51.499488,-0.118410,False,Central London
116083013,2024-01-01,anti-social-behaviour,On or near Fitzmaurice Place,51.508676,-0.145368,False,Central London
116083010,2024-01-01,anti-social-behaviour,On or near Richmond Buildings,51.514112,-0.133690,False,Central London
116082954,2024-01-01,anti-social-behaviour,On or near The Cut,51.503044,-0.107428,False,Central London
116082896,2024-01-01,anti-social-behaviour,On or near Pratt Walk,51.494818,-0.117089,False,Central London
116082876,2024-01-01,anti-social-behaviour,On or near Bridge Street,51.500978,-0.125524,False,Central London
116082690,2024-01-01,anti-social-behaviour,On or near Francis Street,51.495129,-0.138240,False,Central London
116082640,2024-01-01,anti-social-behaviour,On or near Streatham Street,51.517319,-0.127274,False,Central London
116082576,2024-01-01,anti-social-behaviour,On or near Hertford Street,51.505618,-0.148735,False,Central London
116082540,2024-01-01,anti-social-behaviour,On or near Adeline Place,51.517858,-0.130120,False,Central London
116082435,2024-01-01,anti-social-behaviour,On or near Broadwick Street,51.513470,-0.136339,False,Central London
116082432,2024-01-01,anti-social-behaviour,On or near Adeline Place,51.517858,-0.130120,False,Central London
116082159,2024-01-01,anti-social-behaviour,On or near Cornwall Road,51.504507,-0.110609,False,Central London
116082074,2024-01-01,anti-social-behaviour,On or near Nassau Street,51.518543,-0.138669,False,Central London
116082072,2024-01-01,anti-social-behaviour,On or near Hercules Road,51.497269,-0.114064,False,Central London
116081964,2024-01-01,anti-social-behaviour,On or near Procter Street,51.518405,-0.119302,False,Central London
116081962,2024-01-01,anti-social-behaviour,On or near Theatre/concert Hall,51.514523,-0.129580,False,Central London
116081812,2024-01-01,anti-social-behaviour,On or near Waterloo,51.504010,-0.115515,False,Central London
116080891,2024-01-01,anti-social-behaviour,On or near Theatre/concert Hall,51.504066,-0.110037,False,Central London
116080864,2024-01-01,anti-social-behaviour,On or near Further/higher Educational Building,51.514867,-0.138790,False,Central London
116080852,2024-01-01,anti-social-behaviour,On or near Bloomsbury Square,51.519092,-0.122330,False,Central London
116080811,2024-01-01,anti-social-behaviour,On or near Conference/exhibition Centre,51.515984,-0.118595,False,Central London
116080506,2024-01-01,anti-social-behaviour,On or near Theatre/concert Hall,51.512300,-0.128388,False,Central London
116080444,2024-01-01,anti-social-behaviour,On or near St James's Market,51.509251,-0.133398,False,Central London
116080403,2024-01-01,anti-social-behaviour,On or near Shopping Area,51.505464,-0.114844,False,Central London
116080361,2024-01-01,anti-social-behaviour,On or near Further/higher Educational Building,51.517845,-0.121977,False,Central London
116080353,2024-01-01,anti-social-behaviour,On or near Nightclub,51.510953,-0.133012,False,Central London
116080323,2024-01-01,anti-social-behaviour,On or near Short Street,51.502515,-0.107003,False,Central London
116080119,2024-01-01,anti-social-behaviour,On or near Carlisle Place,51.495936,-0.141491,False,Central London
116081585,2024-01-01,anti-social-behaviour,On or near Theatre/concert Hall,51.515430,-0.122797,False,Central London
116081502,2024-01-01,anti-social-behaviour,On or near A302,51.500211,-0.126492,False,Central London
116081465,2024-01-01,anti-social-behaviour,On or near Mercer Street,51.513064,-0.126080,False,Central London
116081422,2024-01-01,anti-social-behaviour,On or near Monck Street,51.495415,-0.130794,False,Central London
116081421,2024-01-01,anti-social-behaviour,On or near Old Compton Street,51.513848,-0.129593,False,Central London
116081371,2024-01-01,anti-social-behaviour,On or near Pratt Walk,51.494818,-0.117089,False,Central London
116081240,2024-01-01,anti-social-behaviour,On or near Shopping Area,51.506553,-0.104775,False,Central London
116081040,2024-01-01,anti-social-behaviour,On or near Theatre/concert Hall,51.510345,-0.122502,False,Central London
116081038,2024-01-01,anti-social-behaviour,On or near Ham Yard,51.511310,-0.134539,False,Central London
116080948,2024-01-01,anti-social-behaviour,On or near Artillery Row,51.496949,-0.135630,False,Central London
116080913,2024-01-01,anti-social-behaviour,On or near Long Acre,51.513205,-0.124229,False,Central London
116079771,2024-01-01,anti-social-behaviour,On or near John Adam Street,51.509044,-0.123247,False,Central London
116079745,2024-01-01,anti-social-behaviour,On or near William Iv Street,51.509491,-0.125924,False,Central London
116079627,2024-01-01,anti-social-behaviour,On or near Bloomsbury Place,51.519639,-0.122797,False,Central London
116073617,2024-01-01,anti-social-behaviour,On or near Coptic Street,51.517482,-0.126259,False,Central London
116073455,2024-01-01,anti-social-behaviour,On or near Nightclub,51.516623,-0.132976,False,Central London
116073410,2024-01-01,anti-social-behaviour,On or near Dyott Street,51.516820,-0.127583,False,Central London
116073406,2024-01-01,anti-social-behaviour,On or near Shelton Street,51.513753,-0.125331,False,Central London
116073378,2024-01-01,anti-social-behaviour,On or near Theatre/concert Hall,51.515430,-0.122797,False,Central London
116074126,2024-01-01,anti-social-behaviour,On or near Dane Street,51.518744,-0.118596,False,Central London
116073172,2024-01-01,anti-social-behaviour,On or near St Martin's Lane,51.510623,-0.126987,False,Central London
116083602,2024-01-01,anti-social-behaviour,On or near William Iv Street,51.509491,-0.125924,False,Central London
116084886,2024-01-01,anti-social-behaviour,On or near Wardour Street,51.513970,-0.134387,False,Central London
116073127,2024-01-01,anti-social-behaviour,On or near Theatre/concert Hall,51.510152,-0.132382,False,Central London
116075878,2024-01-01,anti-social-behaviour,On or near Nightclub,51.511783,-0.129778,False,Central London
116077035,2024-01-01,anti-social-behaviour,On or near Long Acre,51.513205,-0.124229,False,Central London
116079138,2024-01-01,anti-social-behaviour,On or near Shelton Street,51.513753,-0.125331,False,Central London
116074092,2024-01-01,anti-social-behaviour,On or near Percy Street,51.518456,-0.133209,False,Central London
116080177,2024-01-01,anti-social-behaviour,On or near Newman Street,51.517596,-0.135680,False,Central London
116073060,2024-01-01,anti-social-behaviour,On or near Parking Area,51.517287,-0.130403,False,Central London
116080250,2024-01-01,anti-social-behaviour,On or near Goodge Street,51.519378,-0.135737,False,Central London
116074021,2024-01-01,anti-social-behaviour,On or near John Prince's Street,51.515753,-0.143092,False,Central London
116110315,2024-01-01,bicycle-theft,On or near Corner House Street,51.507725,-0.125708,False,Central London
116149830,2024-01-01,bicycle-theft,On or near Conference/exhibition Centre,51.495577,-0.126777,False,Central London
116123003,2024-01-01,bicycle-theft,On or near Duchy Street,51.506673,-0.108877,False,Central London
116110048,2024-01-01,bicycle-theft,On or near Earnshaw Street,51.516037,-0.128682,False,Central London
116154400,2024-01-01,bicycle-theft,On or near Page Street,51.493937,-0.129472,False,Central London
116100405,2024-01-01,bicycle-theft,On or near Nottingham Court,51.514445,-0.125259,False,Central London
116161587,2024-01-01,bicycle-theft,On or near B402,51.513777,-0.123456,False,Central London
116163382,2024-01-01,bicycle-theft,On or near Hospital,51.499488,-0.118410,False,Central London
116098730,2024-01-01,bicycle-theft,On or near Conference/exhibition Centre,51.511301,-0.115963,False,Central London
116139456,2024-01-01,bicycle-theft,On or near Theatre/concert Hall,51.502339,-0.108884,False,Central London
116163536,2024-01-01,bicycle-theft,On or near Murphy Street,51.499816,-0.112489,False,Central London
116130858,2024-01-01,bicycle-theft,On or near Irving Street,51.509886,-0.128646,False,Central London
116150185,2024-01-01,bicycle-theft,On or near Further/higher Educational Building,51.516178,-0.131904,False,Central London
116151045,2024-01-01,bicycle-theft,On or near Sports/recreation Area,51.509947,-0.131367,False,Central London
116126168,2024-01-01,bicycle-theft,On or near Moor Street,51.513498,-0.130169,False,Central London
116094694,2024-01-01,bicycle-theft,On or near Further/higher Educational Building,51.505825,-0.112601,False,Central London
116099809,2024-01-01,bicycle-theft,On or near Queen Street,51.507284,-0.147168,False,Central London
116122419,2024-01-01,bicycle-theft,On or near B402,51.513777,-0.123456,False,Central London
116098735,2024-01-01,bicycle-theft,On or near Macclesfield Street,51.511997,-0.131355,False,Central London
116098775,2024-01-01,bicycle-theft,On or near Dufour's Place,51.513494,-0.137289,False,Central London
116151594,2024-01-01,bicycle-theft,On or near Catton Street,51.518165,-0.120018,False,Central London
116158494,2024-01-01,bicycle-theft,On or near Princes Street,51.514365,-0.143408,False,Central London
116101246,2024-01-01,bicycle-theft,On or near Monmouth Street,51.514211,-0.126984,False,Central London
116099287,2024-01-01,bicycle-theft,On or near Orange Street,51.509396,-0.130626,False,Central London
116112262,2024-01-01,bicycle-theft,On or near Further/higher Educational Building,51.505825,-0.112601,False,Central London
116124028,2024-01-01,bicycle-theft,On or near Theatre/concert Hall,51.519792,-0.118337,False,Central London
116130891,2024-01-01,bicycle-theft,On or near Albany Courtyard,51.508699,-0.138306,False,Central London
116110054,2024-01-01,bicycle-theft,On or near Tottenham Court Road,51.520697,-0.134429,False,Central London
116154114,2024-01-01,bicycle-theft,On or near The Cut,51.503044,-0.107428,False,Central London
116139475,2024-01-01,bicycle-theft,On or near Hospital,51.499071,-0.117649,False,Central London
116151732,2024-01-01,bicycle-theft,On or near Great Chapel Street,51.515580,-0.134437,False,Central London
116117173,2024-01-01,bicycle-theft,On or near Conference/exhibition Centre,51.511301,-0.115963,False,Central London
116117174,2024-01-01,bicycle-theft,On or near Surrey Street,51.512449,-0.115772,False,Central London
116112263,2024-01-01,bicycle-theft,On or near Further/higher Educational Building,51.505825,-0.112601,False,Central London
116091456,2024-01-01,bicycle-theft,On or near Great Queen Street,51.514777,-0.121859,False,Central London
116112427,2024-01-01,bicycle-theft,On or near Hills Place,51.515088,-0.140222,False,Central London
116161583,2024-01-01,bicycle-theft,On or near Litchfield Street,51.512744,-0.127995,False,Central London
116101258,2024-01-01,bicycle-theft,On or near Theatre/concert Hall,51.502339,-0.108884,False,Central London
116153997,2024-01-01,bicycle-theft,On or near Ambrosden Avenue,51.496508,-0.139610,False,Central London
116124954,2024-01-01,bicycle-theft,On or near Cons Street,51.503167,-0.108388,False,Central London
116090213,2024-01-01,bicycle-theft,On or near Theatre/concert Hall,51.511583,-0.133287,False,Central London
116145436,2024-01-01,bicycle-theft,On or near Upper Ground,51.508094,-0.106685,False,Central London
116134058,2024-01-01,bicycle-theft,On or near Nightclub,51.516166,-0.137324,False,Central London
126015250,2024-01-01,bicycle-theft,Colchester (station),51.508484,-0.125879,False,Central London
116126571,2024-01-01,burglary,On or near Conference/exhibition Centre,51.516295,-0.129487,False,Central London
115991929,2024-01-01,burglary,On or near Fetter Lane,51.515681,-0.109297,False,Central London
116156276,2024-01-01,burglary,On or near Gresse Street,51.517516,-0.134012,False,Central London
116123523,2024-01-01,burglary,On or near Foley Street,51.520177,-0.138501,False,Central London
116144385,2024-01-01,burglary,On or near Nightclub,51.509458,-0.132280,False,Central London
116128808,2024-01-01,burglary,On or near Howick Place,51.496711,-0.137095,False,Central London
116127400,2024-01-01,burglary,On or near Poland Street,51.514361,-0.136908,False,Central London
116137178,2024-01-01,burglary,On or near Sheraton Street,51.514799,-0.135045,False,Central London
116150262,2024-01-01,burglary,On or near St George Street,51.512635,-0.143204,False,Central London
116112484,2024-01-01,burglary,On or near Shopping Area,51.512114,-0.134189,False,Central London
116127391,2024-01-01,burglary,On or near Nightclub,51.510953,-0.133012,False,Central London
116123580,2024-01-01,burglary,On or near Great Titchfield Street,51.519153,-0.140863,False,Central London
116161484,2024-01-01,burglary,On or near Vigo Street,51.510266,-0.139006,False,Central London
116150894,2024-01-01,burglary,On or near Lisle Street,51.511534,-0.130495,False,Central London
116112986,2024-01-01,burglary,On or near James Street,51.512802,-0.123770,False,Central London
116117220,2024-01-01,burglary,On or near Shopping Area,51.512114,-0.134189,False,Central London
116123287,2024-01-01,burglary,On or near Nightclub,51.510953,-0.133012,False,Central London
116127415,2024-01-01,burglary,On or near Albemarle Street,51.508990,-0.141882,False,Central London
116146338,2024-01-01,burglary,On or near Race Track,51.518106,-0.116951,False,Central London
116154830,2024-01-01,burglary,On or near Sackville Street,51.509929,-0.138703,False,Central London
116125504,2024-01-01,burglary,On or near Waterloo,51.504010,-0.115515,False,Central London
116105811,2024-01-01,burglary,On or near Nightclub,51.507766,-0.141284,False,Central London
116094459,2024-01-01,burglary,On or near Monmouth Street,51.514211,-0.126984,False,Central London
116112367,2024-01-01,burglary,On or near Berners Place,51.516880,-0.135854,False,Central London
116108820,2024-01-01,burglary,On or near Theatre/concert Hall,51.513046,-0.122679,False,Central London
116123954,2024-01-01,burglary,On or near Bourchier Street,51.513052,-0.132681,False,Central London
116126150,2024-01-01,burglary,On or near Riding House Street,51.518580,-0.140440,False,Central London
116137266,2024-01-01,burglary,On or near Rathbone Street,51.518495,-0.135615,False,Central London
116114012,2024-01-01,burglary,On or near Ingestre Place,51.512789,-0.135372,False,Central London
116159947,2024-01-01,burglary,On or near Abbey Orchard Street,51.498335,-0.131193,False,Central London
116123408,2024-01-01,burglary,On or near Rose Street,51.511623,-0.125951,False,Central London
116117175,2024-01-01,burglary,On or near St George Street,51.512635,-0.143204,False,Central London
116134616,2024-01-01,burglary,On or near Spenser Street,51.497835,-0.137092,False,Central London
116128758,2024-01-01,burglary,On or near Savoy Way,51.510042,-0.120439,False,Central London
116129020,2024-01-01,burglary,On or near Secker Street,51.504781,-0.111477,False,Central London
116134463,2024-01-01,burglary,On or near Howick Place,51.496711,-0.137095,False,Central London
116144489,2024-01-01,burglary,On or near Dacre Street,51.498908,-0.132712,False,Central London
116159012,2024-01-01,burglary,On or near Percy Street,51.517937,-0.134456,False,Central London
116097892,2024-01-01,burglary,On or near Nightclub,51.511783,-0.129778,False,Central London
116161364,2024-01-01,burglary,On or near Candover Street,51.519470,-0.139842,False,Central London
116150497,2024-01-01,burglary,On or near Margaret Street,51.516668,-0.141210,False,Central London
116128490,2024-01-01,burglary,On or near Theatre/concert Hall,51.509158,-0.134930,False,Central London
116140337,2024-01-01,burglary,On or near Parking Area,51.510433,-0.140455,False,Central London
116120292,2024-01-01,burglary,On or near Chapone Place,51.514286,-0.132818,False,Central London
116148166,2024-01-01,burglary,On or near Ham Yard,51.511310,-0.134539,False,Central London
116102603,2024-01-01,burglary,On or near Rathbone Street,51.518495,-0.135615,False,Central London
116117117,2024-01-01,burglary,On or near Half Moon Street,51.506797,-0.145963,False,Central London
116127398,2024-01-01,burglary,On or near Margaret Street,51.516668,-0.141210,False,Central London
116109620,2024-01-01,burglary,On or near South Molton Lane,51.513288,-0.147530,False,Central London
116113432,2024-01-01,burglary,On or near Argyll Street,51.514684,-0.140844,False,Central London
116154839,2024-01-01,burglary,On or near Theatre/concert Hall,51.516275,-0.126121,False,Central London
116153861,2024-01-01,burglary,On or near Dufour's Place,51.513494,-0.137289,False,Central London
116110310,2024-01-01,burglary,On or near Nightclub,51.511200,-0.133288,False,Central London
116134768,2024-01-01,burglary,On or near Denmark Street,51.515189,-0.129653,False,Central London
116126146,2024-01-01,burglary,On or near Theatre/concert Hall,51.512300,-0.128388,False,Central London
116090684,2024-01-01,burglary,On or near Bedford Place,51.520844,-0.125040,False,Central London
116110290,2024-01-01,burglary,On or near Upper John Street,51.511860,-0.137975,False,Central London
116092260,2024-01-01,burglary,On or near Great Pulteney Street,51.512089,-0.136006,False,Central London
116099800,2024-01-01,burglary,On or near Sherwood Street,51.511018,-0.135963,False,Central London
116091033,2024-01-01,burglary,On or near Theatre/concert Hall,51.512300,-0.128388,False,Central London
116131315,2024-01-01,burglary,On or near Rutherford Street,51.494214,-0.132716,False,Central London
116142912,2024-01-01,burglary,On or near Candover Street,51.519470,-0.139842,False,Central London
116146247,2024-01-01,burglary,On or near Little Titchfield Street,51.517954,-0.141777,False,Central London
116127397,2024-01-01,burglary,On or near Margaret Street,51.516668,-0.141210,False,Central London
116094572,2024-01-01,burglary,On or near Tanswell Street,51.501409,-0.111443,False,Central London
116154845,2024-01-01,burglary,On or near West Central Street,51.516697,-0.125527,False,Central London
116127183,2024-01-01,burglary,On or near Conference/exhibition Centre,51.520592,-0.122196,False,Central London
116131653,2024-01-01,burglary,On or near Nightclub,51.516623,-0.132976,False,Central London
116146596,2024-01-01,burglary,On or near Addington Street,51.501162,-0.116252,False,Central London
116093725,2024-01-01,burglary,On or near Margaret Street,51.516668,-0.141210,False,Central London
116119884,2024-01-01,burglary,On or near Rutherford Street,51.494214,-0.132716,False,Central London
116112713,2024-01-01,burglary,On or near Supermarket,51.514044,-0.117666,False,Central London
116126193,2024-01-01,burglary,On or near Mason's Arms Mews,51.512994,-0.142584,False,Central London
116091482,2024-01-01,burglary,On or near Lower John Street,51.511264,-0.137308,False,Central London
116092569,2024-01-01,burglary,On or near Theatre/concert Hall,51.512117,-0.127574,False,Central London
116136248,2024-01-01,burglary,On or near Wardour Mews,51.514341,-0.135136,False,Central London
116146391,2024-01-01,burglary,On or near Percy Mews,51.517803,-0.133971,False,Central London
116128913,2024-01-01,burglary,On or near Shopping Area,51.511630,-0.121916,False,Central London
116094746,2024-01-01,burglary,On or near Hospital,51.499488,-0.118410,False,Central London
116098129,2024-01-01,burglary,On or near Parking Area,51.507097,-0.130864,False,Central London
116144523,2024-01-01,burglary,On or near Langham Place,51.517741,-0.143126,False,Central London
116154210,2024-01-01,burglary,On or near Further/higher Educational Building,51.512764,-0.134892,False,Central London
116145612,2024-01-01,burglary,On or near Glasshouse Street,51.510520,-0.137439,False,Central London
116095890,2024-01-01,burglary,On or near Nightclub,51.516875,-0.141807,False,Central London
116149963,2024-01-01,burglary,On or near Covent Garden,51.512980,-0.124210,False,Central London
116154242,2024-01-01,burglary,On or near Upper Marsh,51.499523,-0.115541,False,Central London
116144505,2024-01-01,burglary,On or near Great Titchfield Street,51.519153,-0.140863,False,Central London
116137181,2024-01-01,burglary,On or near Coach And Horses Yard,51.511314,-0.142134,False,Central London
116120699,2024-01-01,burglary,On or near Hospital,51.499071,-0.117649,False,Central London
116112397,2024-01-01,burglary,On or near Wardour Street,51.513970,-0.134387,False,Central London
116120327,2024-01-01,burglary,On or near Brewer Street,51.511612,-0.135435,False,Central London
116128785,2024-01-01,burglary,On or near Argyll Street,51.514684,-0.140844,False,Central London
116098749,2024-01-01,burglary,On or near Pollen Street,51.513575,-0.142373,False,Central London
116133780,2024-01-01,burglary,On or near John Prince's Street,51.515753,-0.143092,False,Central London
116131788,2024-01-01,burglary,On or near William Iv Street,51.509491,-0.125924,False,Central London
116154841,2024-01-01,burglary,On or near Little Russell Street,51.517742,-0.125614,False,Central London
116094339,2024-01-01,burglary,On or near Waterloo Road,51.502404,-0.110134,False,Central London
116129097,2024-01-01,burglary,On or near Ham Yard,51.511310,-0.134539,False,Central London
116144499,2024-01-01,burglary,On or near Bywell Place,51.518241,-0.140021,False,Central London
116156019,2024-01-01,burglary,On or near Vigo Street,51.510266,-0.139006,False,Central London
116103928,2024-01-01,burglary,On or near Rathbone Street,51.518495,-0.135615,False,Central London
116094051,2024-01-01,burglary,On or near Noel Street,51.515087,-0.136201,False,Central London
116127679,2024-01-01,burglary,On or near Savoy Court,51.510373,-0.120887,False,Central London
116113438,2024-01-01,burglary,On or near Ingestre Place,51.512789,-0.135372,False,Central London
116124775,2024-01-01,burglary,On or near Brad Street,51.504309,-0.108960,False,Central London
116105607,2024-01-01,burglary,On or near Theatre/concert Hall,51.513956,-0.126349,False,Central London
116107053,2024-01-01,burglary,On or near Conference/exhibition Centre,51.514092,-0.107201,False,Central London
116106897,2024-01-01,burglary,On or near Blenheim Street,51.513918,-0.146986,False,Central London
116105830,2024-01-01,burglary,On or near Garrick Street,51.511574,-0.126271,False,Central London
116091517,2024-01-01,burglary,On or near Foubert's Place,51.513826,-0.138947,False,Central London
116105823,2024-01-01,burglary,On or near Lisle Street,51.511534,-0.130495,False,Central London
116092568,2024-01-01,burglary,On or near Lower James Street,51.511312,-0.136326,False,Central London
116155798,2024-01-01,burglary,On or near B401,51.515004,-0.125352,False,Central London
116155020,2024-01-01,burglary,On or near Charlotte Street,51.519834,-0.136166,False,Central London
116149461,2024-01-01,burglary,On or near Sackville Street,51.509929,-0.138703,False,Central London
116097630,2024-01-01,criminal-damage-arson,On or near Theatre/concert Hall,51.509158,-0.134930,False,Central London
116154849,2024-01-01,criminal-damage-arson,On or near Theatre/concert Hall,51.516275,-0.126121,False,Central London
116115132,2024-01-01,criminal-damage-arson,On or near Bridge Street,51.500978,-0.125524,False,Central London
116127051,2024-01-01,criminal-damage-arson,On or near Theatre/concert Hall,51.516275,-0.126121,False,Central London
116095825,2024-01-01,criminal-damage-arson,On or near Hills Place,51.515088,-0.140222,False,Central London
116113983,2024-01-01,criminal-damage-arson,On or near Lower Robert Street,51.508964,-0.122761,False,Central London
116162323,2024-01-01,criminal-damage-arson,On or near Further/higher Educational Building,51.516178,-0.131904,False,Central London
116144496,2024-01-01,criminal-damage-arson,On or near Riding House Street,51.518580,-0.140440,False,Central London
116096305,2024-01-01,criminal-damage-arson,On or near Nightclub,51.510272,-0.129192,False,Central London
116117301,2024-01-01,criminal-damage-arson,On or near Parking Area,51.512379,-0.129379,False,Central London
116100150,2024-01-01,criminal-damage-arson,On or near Old Compton Street,51.513200,-0.131248,False,Central London
116156898,2024-01-01,criminal-damage-arson,On or near Addington Street,51.501162,-0.116252,False,Central London
116134738,2024-01-01,criminal-damage-arson,On or near Lisle Street,51.511534,-0.130495,False,Central London
116109227,2024-01-01,criminal-damage-arson,On or near Chadwick Street,51.496313,-0.132429,False,Central London
116100936,2024-01-01,criminal-damage-arson,On or near Hercules Road,51.497269,-0.114064,False,Central London
116103682,2024-01-01,criminal-damage-arson,On or near Theatre/concert Hall,51.513956,-0.126349,False,Central London
116095820,2024-01-01,criminal-damage-arson,On or near Great Peter Street,51.496930,-0.129407,False,Central London
116144544,2024-01-01,criminal-damage-arson,On or near Shaftesbury Avenue,51.514970,-0.127169,False,Central London
116143270,2024-01-01,criminal-damage-arson,On or near Bridge Street,51.500978,-0.125524,False,Central London
116146861,2024-01-01,criminal-damage-arson,On or near Wellington Street,51.512057,-0.120500,False,Central London
116159046,2024-01-01,criminal-damage-arson,On or near Little Newport Street,51.511703,-0.128701,False,Central London
116156913,2024-01-01,criminal-damage-arson,On or near Newnham Terrace,51.498595,-0.113202,False,Central London
116124991,2024-01-01,criminal-damage-arson,On or near Addington Street,51.501162,-0.116252,False,Central London
116124778,2024-01-01,criminal-damage-arson,On or near The Cut,51.502803,-0.108129,False,Central London
116113838,2024-01-01,criminal-damage-arson,On or near Leicester Street,51.510942,-0.131196,False,Central London
116106028,2024-01-01,criminal-damage-arson,On or near Further/higher Educational Building,51.500280,-0.116091,False,Central London
116154259,2024-01-01,criminal-damage-arson,On or near Hospital,51.499488,-0.118410,False,Central London
116118110,2024-01-01,criminal-damage-arson,On or near The Cut,51.503587,-0.105417,False,Central London
116120513,2024-01-01,criminal-damage-arson,On or near Nightclub,51.517390,-0.140834,False,Central London
116120290,2024-01-01,criminal-damage-arson,On or near Lower Robert Street,51.508964,-0.122761,False,Central London
116161368,2024-01-01,criminal-damage-arson,On or near Coventry Street,51.510295,-0.132318,False,Central London
116120663,2024-01-01,criminal-damage-arson,On or near Brewer Street,51.511612,-0.135435,False,Central London
116159341,2024-01-01,criminal-damage-arson,On or near Cranbourn Street,51.511339,-0.128427,False,Central London
116137215,2024-01-01,criminal-damage-arson,On or near Princes Street,51.514365,-0.143408,False,Central London
116113385,2024-01-01,criminal-damage-arson,On or near Kean Street,51.514064,-0.118890,False,Central London
116128763,2024-01-01,criminal-damage-arson,On or near Police Station,51.509786,-0.124658,False,Central London
116134675,2024-01-01,criminal-damage-arson,On or near Charing Cross,51.507394,-0.128042,False,Central London
116109285,2024-01-01,criminal-damage-arson,On or near Chadwick Street,51.496313,-0.132429,False,Central London
116154128,2024-01-01,criminal-damage-arson,On or near Hospital,51.499071,-0.117649,False,Central London
116102802,2024-01-01,criminal-damage-arson,On or near Waterloo,51.504010,-0.115515,False,Central London
116116474,2024-01-01,criminal-damage-arson,On or near Artillery Row,51.496949,-0.135630,False,Central London
116131662,2024-01-01,criminal-damage-arson,On or near Queen Street,51.507284,-0.147168,False,Central London
116129445,2024-01-01,criminal-damage-arson,On or near Great Windmill Street,51.510952,-0.134064,False,Central London
116158971,2024-01-01,criminal-damage-arson,On or near Downing Street,51.503196,-0.127032,False,Central London
116137233,2024-01-01,criminal-damage-arson,On or near Downing Street,51.503196,-0.127032,False,Central London
116137280,2024-01-01,criminal-damage-arson,On or near Thorney Street,51.493974,-0.126157,False,Central London
116105765,2024-01-01,criminal-damage-arson,On or near Lower Robert Street,51.508964,-0.122761,False,Central London
116154850,2024-01-01,criminal-damage-arson,On or near Theatre/concert Hall,51.516785,-0.126532,False,Central London
116162827,2024-01-01,criminal-damage-arson,On or near A5204,51.519697,-0.134917,False,Central London
116110374,2024-01-01,criminal-damage-arson,On or near Buckingham Mews,51.499549,-0.141416,False,Central London
116117788,2024-01-01,criminal-damage-arson,On or near Old Compton Street,51.513848,-0.129593,False,Central London
116123314,2024-01-01,criminal-damage-arson,On or near Shopping Area,51.512166,-0.123818,False,Central London
116107641,2024-01-01,criminal-damage-arson,On or near Upper Ground,51.508094,-0.106685,False,Central London
116130096,2024-01-01,criminal-damage-arson,On or near Dyott Street,51.516820,-0.127583,False,Central London
116138305,2024-01-01,criminal-damage-arson,On or near Theatre/concert Hall,51.509999,-0.131797,False,Central London
116112084,2024-01-01,criminal-damage-arson,On or near Shopping Area,51.512114,-0.134189,False,Central London
116137274,2024-01-01,criminal-damage-arson,On or near William Iv Street,51.509491,-0.125924,False,Central London
116103918,2024-01-01,criminal-damage-arson,On or near Russell Street,51.512863,-0.120842,False,Central London
116123738,2024-01-01,criminal-damage-arson,On or near Davies Street,51.512136,-0.148081,False,Central London
116124754,2024-01-01,criminal-damage-arson,On or near Police Station,51.497580,-0.111573,False,Central London
116119831,2024-01-01,criminal-damage-arson,On or near William Iv Street,51.509491,-0.125924,False,Central London
116090105,2024-01-01,criminal-damage-arson,On or near Conference/exhibition Centre,51.520592,-0.122196,False,Central London
116094305,2024-01-01,criminal-damage-arson,On or near London Waterloo,51.502663,-0.113423,False,Central London
116118094,2024-01-01,criminal-damage-arson,On or near Hospital,51.499071,-0.117649,False,Central London
116122662,2024-01-01,criminal-damage-arson,On or near B402,51.512855,-0.124820,False,Central London
116126206,2024-01-01,criminal-damage-arson,On or near Victoria Square,51.497798,-0.144931,False,Central London
116144891,2024-01-01,criminal-damage-arson,On or near Southampton Row,51.519624,-0.121890,False,Central London
116102595,2024-01-01,criminal-damage-arson,On or near Buckingham Mews,51.499549,-0.141416,False,Central London
116112400,2024-01-01,criminal-damage-arson,On or near Chadwick Street,51.496313,-0.132429,False,Central London
116148623,2024-01-01,criminal-damage-arson,On or near Charing Cross,51.507394,-0.128042,False,Central London
116109600,2024-01-01,criminal-damage-arson,On or near Riding House Street,51.518649,-0.140279,False,Central London
116157897,2024-01-01,criminal-damage-arson,On or near Lower Robert Street,51.508964,-0.122761,False,Central London
116142907,2024-01-01,criminal-damage-arson,On or near Parking Area,51.512379,-0.129379,False,Central London
126017490,2024-01-01,criminal-damage-arson,Tottenham Court Road (lu Station),51.516391,-0.130498,False,Central London
116103618,2024-01-01,criminal-damage-arson,On or near Francis Street,51.495129,-0.138240,False,Central London
116109535,2024-01-01,criminal-damage-arson,On or near Princes Street,51.514365,-0.143408,False,Central London
116120677,2024-01-01,criminal-damage-arson,On or near Newnham Terrace,51.498595,-0.113202,False,Central London
116110378,2024-01-01,criminal-damage-arson,On or near Nightclub,51.514536,-0.140043,False,Central London
116144399,2024-01-01,criminal-damage-arson,On or near Upper James Street,51.512419,-0.137520,False,Central London
116126241,2024-01-01,criminal-damage-arson,On or near Police Station,51.509786,-0.124658,False,Central London
116117095,2024-01-01,criminal-damage-arson,On or near Queen Street,51.507284,-0.147168,False,Central London
116143909,2024-01-01,criminal-damage-arson,On or near Nightclub,51.509962,-0.137952,False,Central London
116112971,2024-01-01,criminal-damage-arson,On or near Parking Area,51.514010,-0.124528,False,Central London
116109689,2024-01-01,criminal-damage-arson,On or near Coventry Street,51.510295,-0.132318,False,Central London
116144390,2024-01-01,criminal-damage-arson,On or near Shopping Area,51.496466,-0.141499,False,Central London
116133123,2024-01-01,criminal-damage-arson,On or near James Street,51.512802,-0.123770,False,Central London
116151750,2024-01-01,criminal-damage-arson,On or near Lower Robert Street,51.508964,-0.122761,False,Central London
116154847,2024-01-01,criminal-damage-arson,On or near West Central Street,51.516697,-0.125527,False,Central London
116134086,2024-01-01,criminal-damage-arson,On or near B404,51.512100,-0.127114,False,Central London
126017668,2024-01-01,criminal-damage-arson,Waterloo (london) (station),51.503058,-0.113754,False,Central London
116162491,2024-01-01,criminal-damage-arson,On or near Southampton Buildings,51.518231,-0.112953,False,Central London
116148977,2024-01-01,criminal-damage-arson,On or near Shopping Area,51.512114,-0.134189,False,Central London
116098945,2024-01-01,criminal-damage-arson,On or near Russell Court,51.505002,-0.138788,False,Central London
116120300,2024-01-01,criminal-damage-arson,On or near Princes Street,51.514365,-0.143408,False,Central London
116134704,2024-01-01,drugs,On or near Bourchier Street,51.513052,-0.132681,False,Central London
116153281,2024-01-01,drugs,On or near Conference/exhibition Centre,51.506334,-0.136010,False,Central London
116116889,2024-01-01,drugs,On or near Theatre/concert Hall,51.509404,-0.131706,False,Central London
116131181,2024-01-01,drugs,On or near Hopkins Street,51.513090,-0.135043,False,Central London
116157892,2024-01-01,drugs,On or near Princes Street,51.514365,-0.143408,False,Central London
116155372,2024-01-01,drugs,On or near Carlisle Place,51.495936,-0.141491,False,Central London
116092418,2024-01-01,drugs,On or near Meard Street,51.513341,-0.132756,False,Central London
116091566,2024-01-01,drugs,On or near William Iv Street,51.509491,-0.125924,False,Central London
116110101,2024-01-01,drugs,On or near Theatre/concert Hall,51.516785,-0.126532,False,Central London
116151044,2024-01-01,drugs,On or near Orange Street,51.509396,-0.130626,False,Central London
116151099,2024-01-01,drugs,On or near Theatre/concert Hall,51.509158,-0.134930,False,Central London
116150193,2024-01-01,drugs,On or near St Giles High Street,51.515598,-0.127633,False,Central London
116109543,2024-01-01,drugs,On or near St Matthew Street,51.497100,-0.133261,False,Central London
116117193,2024-01-01,drugs,On or near Winnett Street,51.512013,-0.133502,False,Central London
116117189,2024-01-01,drugs,On or near Bridle Lane,51.511925,-0.136431,False,Central London
116159426,2024-01-01,drugs,On or near Theatre/concert Hall,51.515430,-0.122797,False,Central London
116123302,2024-01-01,drugs,On or near Theatre/concert Hall,51.510152,-0.132382,False,Central London
116099281,2024-01-01,drugs,On or near Great Titchfield Street,51.519153,-0.140863,False,Central London
116105739,2024-01-01,drugs,On or near Nightclub,51.514012,-0.131078,False,Central London
116105448,2024-01-01,drugs,On or near Stacey Street,51.514519,-0.128758,False,Central London
116109537,2024-01-01,drugs,On or near Nightclub,51.513940,-0.132500,False,Central London
116110362,2024-01-01,drugs,On or near Police Station,51.509786,-0.124658,False,Central London
116148237,2024-01-01,drugs,On or near Little Newport Street,51.511703,-0.128701,False,Central London
126017491,2024-01-01,drugs,Tottenham Court Road (lu Station),51.516391,-0.130498,False,Central London
116148147,2024-01-01,drugs,On or near Parking Area,51.509064,-0.130120,False,Central London
116092419,2024-01-01,drugs,On or near Sports/recreation Area,51.509947,-0.131367,False,Central London
116157891,2024-01-01,drugs,On or near Parking Area,51.509064,-0.130120,False,Central London
116134655,2024-01-01,drugs,On or near Leicester Street,51.510942,-0.131196,False,Central London
116163476,2024-01-01,drugs,On or near A3203,51.495757,-0.114501,False,Central London
116148122,2024-01-01,drugs,On or near Theatre/concert Hall,51.509944,-0.127807,False,Central London
116148627,2024-01-01,drugs,On or near Hamilton Mews,51.504176,-0.149643,False,Central London
116155354,2024-01-01,drugs,On or near Police Station,51.509786,-0.124658,False,Central London
116143415,2024-01-01,drugs,On or near Greycoat Place,51.496312,-0.134604,False,Central London
126015251,2024-01-01,drugs,Colchester (station),51.508484,-0.125879,False,Central London
116150929,2024-01-01,drugs,On or near Stacey Street,51.514519,-0.128758,False,Central London
116158961,2024-01-01,drugs,On or near Further/higher Educational Building,51.516178,-0.131904,False,Central London
116152362,2024-01-01,drugs,On or near Hospital,51.499488,-0.118410,False,Central London
116153243,2024-01-01,drugs,On or near Further/higher Educational Building,51.516178,-0.131904,False,Central London
116153246,2024-01-01,drugs,On or near Nightclub,51.514492,-0.131037,False,Central London
116139823,2024-01-01,drugs,On or near Carlisle Place,51.495936,-0.141491,False,Central London
116134505,2024-01-01,drugs,On or near Police Station,51.509786,-0.124658,False,Central London
116161535,2024-01-01,drugs,On or near Cranbourn Street,51.511339,-0.128427,False,Central London
116098618,2024-01-01,drugs,On or near Newman Passage,51.517996,-0.135361,False,Central London
116134666,2024-01-01,drugs,On or near Charing Cross,51.507394,-0.128042,False,Central London
116105691,2024-01-01,drugs,On or near Buckingham Street,51.508409,-0.123461,False,Central London
116122381,2024-01-01,drugs,On or near Villiers Street,51.507832,-0.123383,False,Central London
116122501,2024-01-01,drugs,On or near Police Station,51.509786,-0.124658,False,Central London
116098579,2024-01-01,drugs,On or near Hop Gardens,51.510708,-0.126104,False,Central London
116125052,2024-01-01,drugs,On or near Shopping Area,51.505464,-0.114844,False,Central London
116125407,2024-01-01,drugs,On or near Theme/adventure Park,51.502823,-0.119257,False,Central London
116125785,2024-01-01,drugs,On or near Gower Mews,51.519768,-0.130849,False,Central London
116135417,2024-01-01,drugs,On or near Sardinia Street,51.515112,-0.118069,False,Central London
116117789,2024-01-01,drugs,On or near Greek Street,51.513804,-0.130733,False,Central London
116134649,2024-01-01,drugs,On or near Soho Street,51.515939,-0.132693,False,Central London
116097818,2024-01-01,drugs,On or near Shaftesbury Avenue,51.513064,-0.129438,False,Central London
116105796,2024-01-01,drugs,On or near Duke Of York Street,51.507952,-0.135988,False,Central London
116138292,2024-01-01,drugs,On or near Old Compton Street,51.513200,-0.131248,False,Central London
116106036,2024-01-01,drugs,On or near Broadwall,51.507466,-0.108441,False,Central London
116152851,2024-01-01,drugs,On or near Hills Place,51.515088,-0.140222,False,Central London
116100999,2024-01-01,drugs,On or near Holborn,51.517436,-0.119976,False,Central London
116134097,2024-01-01,drugs,On or near Nightclub,51.508087,-0.124122,False,Central London
116154826,2024-01-01,drugs,On or near Dansey Place,51.511790,-0.131925,False,Central London
116098832,2024-01-01,drugs,On or near Bridle Lane,51.511925,-0.136431,False,Central London
116130895,2024-01-01,drugs,On or near Further/higher Educational Building,51.512764,-0.134892,False,Central London
116157888,2024-01-01,drugs,On or near Sports/recreation Area,51.509947,-0.131367,False,Central London
116131789,2024-01-01,drugs,On or near Chandos Place,51.510103,-0.124818,False,Central London
116098728,2024-01-01,drugs,On or near Bolton Street,51.507115,-0.144408,False,Central London
116098621,2024-01-01,drugs,On or near Gresse Street,51.517516,-0.134012,False,Central London
116160087,2024-01-01,drugs,On or near Catton Street,51.518165,-0.120018,False,Central London
116160196,2024-01-01,drugs,On or near Ham Yard,51.511310,-0.134539,False,Central London
116114513,2024-01-01,drugs,On or near Leicester Street,51.510942,-0.131196,False,Central London
116138390,2024-01-01,drugs,On or near Further/higher Educational Building,51.516178,-0.131904,False,Central London
116109257,2024-01-01,drugs,On or near Further/higher Educational Building,51.499985,-0.137667,False,Central London
116138361,2024-01-01,drugs,On or near Embankment Place,51.507096,-0.122909,False,Central London
116153252,2024-01-01,drugs,On or near Leicester Street,51.510942,-0.131196,False,Central London
116127342,2024-01-01,drugs,On or near Theatre/concert Hall,51.512106,-0.133100,False,Central London
116142317,2024-01-01,drugs,On or near Earlham Street,51.513701,-0.127091,False,Central London
116149851,2024-01-01,drugs,On or near Peter Street,51.512780,-0.134234,False,Central London
116095819,2024-01-01,drugs,On or near Essex Street,51.512590,-0.112811,False,Central London
116157917,2024-01-01,drugs,On or near Duck Lane,51.513986,-0.134833,False,Central London
116150062,2024-01-01,drugs,On or near Cleveland Row,51.504712,-0.139175,False,Central London
116157921,2024-01-01,drugs,On or near Carlisle Street,51.514971,-0.133438,False,Central London
116124948,2024-01-01,drugs,On or near Upper St Martin's Lane,51.513243,-0.127139,False,Central London
116145107,2024-01-01,drugs,On or near Police Station,51.509786,-0.124658,False,Central London
116150944,2024-01-01,drugs,On or near Nightclub,51.509759,-0.128782,False,Central London
116151098,2024-01-01,drugs,On or near Parking Area,51.510491,-0.126574,False,Central London
116097819,2024-01-01,drugs,On or near Greek Street,51.513804,-0.130733,False,Central London
116143279,2024-01-01,drugs,On or near Cleveland Row,51.504712,-0.139175,False,Central London
116105740,2024-01-01,drugs,On or near Conference/exhibition Centre,51.516295,-0.129487,False,Central London
126017669,2024-01-01,drugs,Waterloo (london) (station),51.503058,-0.113754,False,Central London
116146826,2024-01-01,drugs,On or near Cranbourn Street,51.511339,-0.128427,False,Central London
116110036,2024-01-01,drugs,On or near Dyott Street,51.516820,-0.127583,False,Central London
116157900,2024-01-01,drugs,On or near Further/higher Educational Building,51.516178,-0.131904,False,Central London
116109211,2024-01-01,drugs,On or near Wardour Mews,51.514341,-0.135136,False,Central London
116109198,2024-01-01,drugs,On or near Nightclub,51.510272,-0.129192,False,Central London
116153238,2024-01-01,drugs,On or near Carlisle Street,51.514971,-0.133438,False,Central London
116148685,2024-01-01,drugs,On or near Whitcomb Street,51.509807,-0.131055,False,Central London
116128743,2024-01-01,drugs,On or near Lisle Street,51.511534,-0.130495,False,Central London
126016265,2024-01-01,drugs,Leicester Square (lu Station),51.511627,-0.127696,False,Central London
116145012,2024-01-01,drugs,On or near Nightclub,51.514246,-0.131436,False,Central London
116154431,2024-01-01,drugs,On or near Nightclub,51.510272,-0.129192,False,Central London
116154835,2024-01-01,drugs,On or near Winnett Street,51.512013,-0.133502,False,Central London
116148126,2024-01-01,drugs,On or near Further/higher Educational Building,51.508286,-0.130426,False,Central London
116113394,2024-01-01,drugs,On or near Nightclub,51.510272,-0.129192,False,Central London
116142914,2024-01-01,drugs,On or near Lisle Street,51.511534,-0.130495,False,Central London
115992238,2024-01-01,drugs,On or near Temple Avenue,51.511884,-0.108027,False,Central London
116154776,2024-01-01,drugs,On or near Nightclub,51.514012,-0.131078,False,Central London
116148183,2024-01-01,drugs,On or near Leicester Street,51.510942,-0.131196,False,Central London
116109210,2024-01-01,drugs,On or near Theatre/concert Hall,51.511272,-0.133820,False,Central London
116145011,2024-01-01,drugs,On or near Nightclub,51.514246,-0.131436,False,Central London
116131661,2024-01-01,drugs,On or near Nightclub,51.509759,-0.128782,False,Central London
116153242,2024-01-01,drugs,On or near Police Station,51.509786,-0.124658,False,Central London
116150500,2024-01-01,drugs,On or near Nightclub,51.514246,-0.131436,False,Central London
116158985,2024-01-01,drugs,On or near Temple,51.511103,-0.113723,False,Central London
116148119,2024-01-01,drugs,On or near Parking Area,51.509064,-0.130120,False,Central London
116159057,2024-01-01,drugs,On or near Police Station,51.509786,-0.124658,False,Central London
116105832,2024-01-01,drugs,On or near Nightclub,51.512429,-0.142384,False,Central London
116122437,2024-01-01,drugs,On or near Embankment Place,51.507096,-0.122909,False,Central London
116127308,2024-01-01,drugs,On or near Hills Place,51.515088,-0.140222,False,Central London
116161575,2024-01-01,drugs,On or near Hamilton Mews,51.504176,-0.149643,False,Central London
116124753,2024-01-01,drugs,On or near Hercules Road,51.497269,-0.114064,False,Central London
116112501,2024-01-01,drugs,On or near Further/higher Educational Building,51.516178,-0.131904,False,Central London
116134723,2024-01-01,drugs,On or near Market Place,51.516058,-0.140154,False,Central London
116117896,2024-01-01,drugs,On or near Carlisle Street,51.514971,-0.133438,False,Central London
116153259,2024-01-01,drugs,On or near Lisle Street,51.511534,-0.130495,False,Central London
116150682,2024-01-01,drugs,On or near Stacey Street,51.514519,-0.128758,False,Central London
116137572,2024-01-01,drugs,On or near Sardinia Street,51.515112,-0.118069,False,Central London
116117786,2024-01-01,drugs,On or near Theatre/concert Hall,51.509158,-0.134930,False,Central London
116119793,2024-01-01,drugs,On or near Conference/exhibition Centre,51.496941,-0.130617,False,Central London
116137196,2024-01-01,drugs,On or near Conference/exhibition Centre,51.496941,-0.130617,False,Central London
126016747,2024-01-01,drugs,Oxford Circus (lu Station),51.515197,-0.142071,False,Central London
116151130,2024-01-01,drugs,On or near Nightclub,51.512416,-0.133384,False,Central London
116127429,2024-01-01,drugs,On or near Nightclub,51.513940,-0.132500,False,Central London
116101299,2024-01-01,drugs,On or near St Margaret Street,51.500253,-0.126317,False,Central London
116153287,2024-01-01,drugs,On or near A401,51.511790,-0.132459,False,Central London
116144586,2024-01-01,drugs,On or near Ashley Place,51.496252,-0.140470,False,Central London
116149846,2024-01-01,other-theft,On or near Gerrard Place,51.512247,-0.130120,False,Central London
116149880,2024-01-01,other-theft,On or near Hills Place,51.515088,-0.140222,False,Central London
116149904,2024-01-01,other-theft,On or near Nightclub,51.516166,-0.137324,False,Central London
116149933,2024-01-01,other-theft,On or near Sports/recreation Area,51.509947,-0.131367,False,Central London
116149929,2024-01-01,other-theft,On or near Theatre/concert Hall,51.510345,-0.122502,False,Central London
116149975,2024-01-01,other-theft,On or near Coventry Street,51.510295,-0.132318,False,Central London
116150059,2024-01-01,other-theft,On or near Romilly Street,51.513019,-0.130592,False,Central London
116150186,2024-01-01,other-theft,On or near Parking Area,51.517287,-0.130403,False,Central London
116150213,2024-01-01,other-theft,On or near Macclesfield Street,51.511997,-0.131355,False,Central London
116147143,2024-01-01,other-theft,On or near Dering Street,51.514195,-0.145735,False,Central London
116150877,2024-01-01,other-theft,On or near Gresse Street,51.517516,-0.134012,False,Central London
116150955,2024-01-01,other-theft,On or near Eastcastle Street,51.516751,-0.137401,False,Central London
116091985,2024-01-01,other-theft,On or near Moor Street,51.513498,-0.130169,False,Central London
116151064,2024-01-01,other-theft,On or near Rose Street,51.511623,-0.125951,False,Central London
116151065,2024-01-01,other-theft,On or near Soho Street,51.515939,-0.132693,False,Central London
116123381,2024-01-01,other-theft,On or near Blenheim Street,51.513918,-0.146986,False,Central London
116151113,2024-01-01,other-theft,On or near Ashburton Place,51.506541,-0.144533,False,Central London
116162422,2024-01-01,other-theft,On or near James Street,51.512802,-0.123770,False,Central London
116162334,2024-01-01,other-theft,On or near Ashley Place,51.496252,-0.140470,False,Central London
116151434,2024-01-01,other-theft,On or near B402,51.512855,-0.124820,False,Central London
116151533,2024-01-01,other-theft,On or near Conference/exhibition Centre,51.507911,-0.139635,False,Central London
116151731,2024-01-01,other-theft,On or near Greek Street,51.513804,-0.130733,False,Central London
116151734,2024-01-01,other-theft,On or near Broadwick Street,51.513470,-0.136339,False,Central London
116151739,2024-01-01,other-theft,On or near Smith's Court,51.511608,-0.134599,False,Central London
116138329,2024-01-01,other-theft,On or near Craig's Court,51.506736,-0.126800,False,Central London
116152017,2024-01-01,other-theft,On or near Upper James Street,51.512419,-0.137520,False,Central London
116152008,2024-01-01,other-theft,On or near Nightclub,51.514012,-0.131078,False,Central London
116152600,2024-01-01,other-theft,On or near Ashley Place,51.496252,-0.140470,False,Central London
116152602,2024-01-01,other-theft,On or near B323,51.496523,-0.133731,False,Central London
116128783,2024-01-01,other-theft,On or near Nightclub,51.510272,-0.129192,False,Central London
116092428,2024-01-01,other-theft,On or near Parking Area,51.512379,-0.129379,False,Central London
116146931,2024-01-01,other-theft,On or near Denman Street,51.510729,-0.135283,False,Central London
116153295,2024-01-01,other-theft,On or near Craig's Court,51.506736,-0.126800,False,Central London
116153309,2024-01-01,other-theft,On or near Sackville Street,51.509929,-0.138703,False,Central London
116153777,2024-01-01,other-theft,On or near D'arblay Street,51.514677,-0.135857,False,Central London
116105561,2024-01-01,other-theft,On or near Dyott Street,51.516820,-0.127583,False,Central London
116129263,2024-01-01,other-theft,On or near Gresse Street,51.517516,-0.134012,False,Central London
116153954,2024-01-01,other-theft,On or near Soho Street,51.515939,-0.132693,False,Central London
116153988,2024-01-01,other-theft,On or near Great Queen Street,51.514777,-0.121859,False,Central London
116153990,2024-01-01,other-theft,On or near Glasshouse Street,51.510520,-0.137439,False,Central London
116137206,2024-01-01,other-theft,On or near Shopping Area,51.512114,-0.134189,False,Central London
116154024,2024-01-01,other-theft,On or near Gresse Street,51.517516,-0.134012,False,Central London
116154218,2024-01-01,other-theft,On or near Nightclub,51.513406,-0.131715,False,Central London
116154240,2024-01-01,other-theft,On or near London Waterloo,51.502663,-0.113423,False,Central London
116134087,2024-01-01,other-theft,On or near Sackville Street,51.509929,-0.138703,False,Central London
116154378,2024-01-01,other-theft,On or near Old Compton Street,51.513200,-0.131248,False,Central London
116162340,2024-01-01,other-theft,On or near Great Chapel Street,51.515580,-0.134437,False,Central London
116154452,2024-01-01,other-theft,On or near Theatre/concert Hall,51.509909,-0.126298,False,Central London
116154497,2024-01-01,other-theft,On or near Further/higher Educational Building,51.516178,-0.131904,False,Central London
116154829,2024-01-01,other-theft,On or near Northumberland Avenue,51.506985,-0.124975,False,Central London
116129320,2024-01-01,other-theft,On or near Nightclub,51.511783,-0.129778,False,Central London
116130887,2024-01-01,other-theft,On or near Riding House Street,51.518580,-0.140440,False,Central London
116130882,2024-01-01,other-theft,On or near Nightclub,51.507576,-0.141776,False,Central London
116130898,2024-01-01,other-theft,On or near Theatre/concert Hall,51.509909,-0.126298,False,Central London
116131174,2024-01-01,other-theft,On or near Nightclub,51.515684,-0.135874,False,Central London
116128917,2024-01-01,other-theft,On or near Glasshouse Street,51.510520,-0.137439,False,Central London
116131390,2024-01-01,other-theft,On or near Addington Street,51.501162,-0.116252,False,Central London
116131488,2024-01-01,other-theft,On or near New Row,51.511137,-0.125914,False,Central London
116131491,2024-01-01,other-theft,On or near Theatre/concert Hall,51.512300,-0.128388,False,Central London
116128817,2024-01-01,other-theft,On or near John Prince's Street,51.515753,-0.143092,False,Central London
116128814,2024-01-01,other-theft,On or near Theatre/concert Hall,51.509944,-0.127807,False,Central London
116131744,2024-01-01,other-theft,On or near New Row,51.511137,-0.125914,False,Central London
116132656,2024-01-01,other-theft,On or near Great Marlborough Street,51.514247,-0.139406,False,Central London
116132658,2024-01-01,other-theft,On or near Shopping Area,51.516618,-0.139226,False,Central London
116128800,2024-01-01,other-theft,On or near Coventry Street,51.510295,-0.132318,False,Central London
116128703,2024-01-01,other-theft,On or near Denman Street,51.510729,-0.135283,False,Central London
116133117,2024-01-01,other-theft,On or near Argyll Street,51.514684,-0.140844,False,Central London
116126141,2024-01-01,other-theft,On or near Bourchier Street,51.513052,-0.132681,False,Central London
116126224,2024-01-01,other-theft,On or near Shopping Area,51.515070,-0.138003,False,Central London
116126234,2024-01-01,other-theft,On or near Argyll Street,51.514684,-0.140844,False,Central London
116127338,2024-01-01,other-theft,On or near John Prince's Street,51.515753,-0.143092,False,Central London
116126655,2024-01-01,other-theft,On or near Old Compton Street,51.513848,-0.129593,False,Central London
116126218,2024-01-01,other-theft,On or near Hamilton Mews,51.504176,-0.149643,False,Central London
116126448,2024-01-01,other-theft,On or near Shopping Area,51.515070,-0.138003,False,Central London
116126564,2024-01-01,other-theft,On or near Old Compton Street,51.513848,-0.129593,False,Central London
116126586,2024-01-01,other-theft,On or near Bucknall Street,51.516329,-0.127791,False,Central London
116127054,2024-01-01,other-theft,On or near Gate Street,51.517114,-0.119009,False,Central London
116127060,2024-01-01,other-theft,On or near Parking Area,51.517287,-0.130403,False,Central London
116090237,2024-01-01,other-theft,On or near Catton Street,51.518165,-0.120018,False,Central London
116090803,2024-01-01,other-theft,On or near Blenheim Street,51.513918,-0.146986,False,Central London
116111761,2024-01-01,other-theft,On or near Russell Street,51.512863,-0.120842,False,Central London
116123985,2024-01-01,other-theft,On or near Nightclub,51.511783,-0.129778,False,Central London
116138285,2024-01-01,other-theft,On or near Spenser Street,51.497835,-0.137092,False,Central London
116102568,2024-01-01,other-theft,On or near B402,51.513777,-0.123456,False,Central London
116102574,2024-01-01,other-theft,On or near Nightclub,51.516900,-0.132077,False,Central London
116111698,2024-01-01,other-theft,On or near Nightclub,51.510953,-0.133012,False,Central London
116091225,2024-01-01,other-theft,On or near Argyll Street,51.514684,-0.140844,False,Central London
116119775,2024-01-01,other-theft,On or near Moor Street,51.513498,-0.130169,False,Central London
116091328,2024-01-01,other-theft,On or near Newburgh Street,51.513370,-0.138519,False,Central London
116146845,2024-01-01,other-theft,On or near Denman Street,51.510729,-0.135283,False,Central London
116146872,2024-01-01,other-theft,On or near John Prince's Street,51.515753,-0.143092,False,Central London
116123899,2024-01-01,other-theft,On or near A5204,51.519697,-0.134917,False,Central London
116091459,2024-01-01,other-theft,On or near Nightclub,51.516900,-0.132077,False,Central London
116091567,2024-01-01,other-theft,On or near Theatre/concert Hall,51.512300,-0.128388,False,Central London
116099238,2024-01-01,other-theft,On or near Old Compton Street,51.513200,-0.131248,False,Central London
116091485,2024-01-01,other-theft,On or near Upper James Street,51.512419,-0.137520,False,Central London
116111842,2024-01-01,other-theft,On or near Further/higher Educational Building,51.514867,-0.138790,False,Central London
116107345,2024-01-01,other-theft,On or near Theatre/concert Hall,51.513361,-0.128330,False,Central London
116107343,2024-01-01,other-theft,On or near B402,51.513777,-0.123456,False,Central London
116107346,2024-01-01,other-theft,On or near Tower Street,51.513161,-0.127675,False,Central London
116098100,2024-01-01,other-theft,On or near Glasshouse Street,51.510520,-0.137439,False,Central London
116117848,2024-01-01,other-theft,On or near Gerrard Place,51.512247,-0.130120,False,Central London
116107347,2024-01-01,other-theft,On or near Tottenham Street,51.520325,-0.135929,False,Central London
116130893,2024-01-01,other-theft,On or near Shopping Area,51.513575,-0.140687,False,Central London
116111915,2024-01-01,other-theft,On or near Nightclub,51.516671,-0.120512,False,Central London
116113688,2024-01-01,other-theft,On or near Further/higher Educational Building,51.515727,-0.136304,False,Central London
116148200,2024-01-01,other-theft,On or near Nightclub,51.514012,-0.131078,False,Central London
116143242,2024-01-01,other-theft,On or near Macclesfield Street,51.511997,-0.131355,False,Central London
116143905,2024-01-01,other-theft,On or near Neal Street,51.513386,-0.124308,False,Central London
116115174,2024-01-01,other-theft,On or near Temple,51.511103,-0.113723,False,Central London
116113917,2024-01-01,other-theft,On or near Greek Street,51.513804,-0.130733,False,Central London
116114010,2024-01-01,other-theft,On or near Shepherd Market,51.506327,-0.146357,False,Central London
116126405,2024-01-01,other-theft,On or near Addington Street,51.501162,-0.116252,False,Central London
116148228,2024-01-01,other-theft,On or near Dering Street,51.514195,-0.145735,False,Central London
116117210,2024-01-01,other-theft,On or near Moor Street,51.513498,-0.130169,False,Central London
116117212,2024-01-01,other-theft,On or near Moor Street,51.513498,-0.130169,False,Central London
116114518,2024-01-01,other-theft,On or near Moor Street,51.513498,-0.130169,False,Central London
116138319,2024-01-01,other-theft,On or near Great Queen Street,51.514777,-0.121859,False,Central London
116115124,2024-01-01,other-theft,On or near Upper Ground,51.508094,-0.106685,False,Central London
116144547,2024-01-01,other-theft,On or near Rose Street,51.511623,-0.125951,False,Central London
116155819,2024-01-01,other-theft,On or near Lisle Street,51.511534,-0.130495,False,Central London
116155814,2024-01-01,other-theft,On or near Hills Place,51.515088,-0.140222,False,Central London
116125812,2024-01-01,other-theft,On or near Leicester Square,51.511584,-0.128000,False,Central London
116115397,2024-01-01,other-theft,On or near Chicheley Street,51.502888,-0.117319,False,Central London
116150681,2024-01-01,other-theft,On or near Conference/exhibition Centre,51.514559,-0.126369,False,Central London
116108816,2024-01-01,other-theft,On or near Park/open Space,51.502810,-0.132696,False,Central London
116108827,2024-01-01,other-theft,On or near St Margaret Street,51.500253,-0.126317,False,Central London
116095973,2024-01-01,other-theft,On or near Litchfield Street,51.512744,-0.127995,False,Central London
116116736,2024-01-01,other-theft,On or near Howick Place,51.496711,-0.137095,False,Central London
116126132,2024-01-01,other-theft,On or near Sports/recreation Area,51.509947,-0.131367,False,Central London
116144391,2024-01-01,other-theft,On or near Old Compton Street,51.513848,-0.129593,False,Central London
116095876,2024-01-01,other-theft,On or near Further/higher Educational Building,51.516178,-0.131904,False,Central London
116126409,2024-01-01,other-theft,On or near Chicheley Street,51.502888,-0.117319,False,Central London
116109194,2024-01-01,other-theft,On or near Shopping Area,51.512114,-0.134189,False,Central London
116116650,2024-01-01,other-theft,On or near Little Marlborough Street,51.513708,-0.140004,False,Central London
116153865,2024-01-01,other-theft,On or near Nightclub,51.514012,-0.131078,False,Central London
116151663,2024-01-01,other-theft,On or near Sackville Street,51.509929,-0.138703,False,Central London
116146216,2024-01-01,other-theft,On or near Conference/exhibition Centre,51.514559,-0.126369,False,Central London
116154974,2024-01-01,other-theft,On or near Neal Street,51.514408,-0.125780,False,Central London
116160223,2024-01-01,other-theft,On or near Masons Yard,51.507446,-0.137521,False,Central London
116153264,2024-01-01,other-theft,On or near Burleigh Street,51.511475,-0.120625,False,Central London
116154030,2024-01-01,other-theft,On or near Dering Street,51.514195,-0.145735,False,Central London
116109215,2024-01-01,other-theft,On or near Theatre/concert Hall,51.512300,-0.128388,False,Central London
116109206,2024-01-01,other-theft,On or near Nightclub,51.508450,-0.143266,False,Central London
116151513,2024-01-01,other-theft,On or near Lisle Street,51.511534,-0.130495,False,Central London
116120019,2024-01-01,other-theft,On or near Further/higher Educational Building,51.516178,-0.131904,False,Central London
116105640,2024-01-01,other-theft,On or near Great Queen Street,51.514777,-0.121859,False,Central London
116126203,2024-01-01,other-theft,On or near Nightclub,51.508450,-0.143266,False,Central London
116141170,2024-01-01,other-theft,On or near Nightclub,51.510272,-0.129192,False,Central London
116112425,2024-01-01,other-theft,On or near Irving Street,51.509886,-0.128646,False,Central London
116109454,2024-01-01,other-theft,On or near Montague Street,51.519680,-0.125347,False,Central London
116109508,2024-01-01,other-theft,On or near Parking Area,51.517287,-0.130403,False,Central London
116140929,2024-01-01,other-theft,On or near Theme/adventure Park,51.502823,-0.119257,False,Central London
116128148,2024-01-01,other-theft,On or near Howick Place,51.496711,-0.137095,False,Central London
116112301,2024-01-01,other-theft,On or near Nightclub,51.508450,-0.143266,False,Central London
116162294,2024-01-01,other-theft,On or near Shopping Area,51.512117,-0.123121,False,Central London
116099284,2024-01-01,other-theft,On or near Portsmouth Street,51.514882,-0.117185,False,Central London
116162407,2024-01-01,other-theft,On or near Dering Street,51.514195,-0.145735,False,Central London
116120514,2024-01-01,other-theft,On or near Hopkins Street,51.513090,-0.135043,False,Central London
116125039,2024-01-01,other-theft,On or near Theme/adventure Park,51.502823,-0.119257,False,Central London
116127762,2024-01-01,other-theft,On or near Theatre/concert Hall,51.516275,-0.126121,False,Central London
116091687,2024-01-01,other-theft,On or near Nightclub,51.515684,-0.135874,False,Central London
116146241,2024-01-01,other-theft,On or near Fitzmaurice Place,51.508676,-0.145368,False,Central London
116099286,2024-01-01,other-theft,On or near Theatre/concert Hall,51.512811,-0.133325,False,Central London
116109694,2024-01-01,other-theft,On or near Nightclub,51.513406,-0.131715,False,Central London
116109688,2024-01-01,other-theft,On or near Spring Gardens,51.506855,-0.128078,False,Central London
116146842,2024-01-01,other-theft,On or near Great Windmill Street,51.510952,-0.134064,False,Central London
116161357,2024-01-01,other-theft,On or near Supermarket,51.514044,-0.117666,False,Central London
116122476,2024-01-01,other-theft,On or near Theatre/concert Hall,51.512300,-0.128388,False,Central London
116161516,2024-01-01,other-theft,On or near Nightclub,51.512513,-0.133841,False,Central London
116109725,2024-01-01,other-theft,On or near Great Queen Street,51.514777,-0.121859,False,Central London
116161548,2024-01-01,other-theft,On or near Moor Street,51.513498,-0.130169,False,Central London
116148116,2024-01-01,other-theft,On or near B402,51.513777,-0.123456,False,Central London
116158963,2024-01-01,other-theft,On or near Dering Street,51.514195,-0.145735,False,Central London
116110102,2024-01-01,other-theft,On or near Newman's Row,51.517274,-0.115500,False,Central London
116161582,2024-01-01,other-theft,On or near Market Place,51.516058,-0.140154,False,Central London
116105793,2024-01-01,other-theft,On or near Moor Street,51.513498,-0.130169,False,Central London
116146415,2024-01-01,other-theft,On or near Southampton Buildings,51.518231,-0.112953,False,Central London
116162360,2024-01-01,other-theft,On or near Meard Street,51.513341,-0.132756,False,Central London
116162359,2024-01-01,other-theft,On or near Ashburton Place,51.506541,-0.144533,False,Central London
116110311,2024-01-01,other-theft,On or near Leicester Street,51.510942,-0.131196,False,Central London
116162413,2024-01-01,other-theft,On or near Great Windmill Street,51.510952,-0.134064,False,Central London
116110347,2024-01-01,other-theft,On or near Theatre/concert Hall,51.509909,-0.126298,False,Central London
116162522,2024-01-01,other-theft,On or near Parking Area,51.517287,-0.130403,False,Central London
116148687,2024-01-01,other-theft,On or near Cockspur Street,51.507623,-0.130006,False,Central London
116149210,2024-01-01,other-theft,On or near Race Track,51.518106,-0.116951,False,Central London
116090219,2024-01-01,other-theft,On or near William Iv Street,51.509491,-0.125924,False,Central London
116105768,2024-01-01,other-theft,On or near Further/higher Educational Building,51.516178,-0.131904,False,Central London
116113662,2024-01-01,other-theft,On or near Romilly Street,51.513019,-0.130592,False,Central London
116105807,2024-01-01,other-theft,On or near Leicester Street,51.510942,-0.131196,False,Central London
116102623,2024-01-01,other-theft,On or near Upper John Street,51.511860,-0.137975,False,Central London
116113346,2024-01-01,other-theft,On or near Soho Street,51.515939,-0.132693,False,Central London
116150962,2024-01-01,other-theft,On or near William Iv Street,51.509491,-0.125924,False,Central London
116098752,2024-01-01,other-theft,On or near William Iv Street,51.509491,-0.125924,False,Central London
116157580,2024-01-01,other-theft,On or near New Burlington Place,51.512078,-0.141526,False,Central London
116157585,2024-01-01,other-theft,On or near Conference/exhibition Centre,51.507911,-0.139635,False,Central London
116111843,2024-01-01,other-theft,On or near Coventry Street,51.510295,-0.132318,False,Central London
116110383,2024-01-01,other-theft,On or near Theatre/concert Hall,51.514625,-0.118017,False,Central London
116111959,2024-01-01,other-theft,On or near Argyll Street,51.514684,-0.140844,False,Central London
116111962,2024-01-01,other-theft,On or near Strand,51.511022,-0.119880,False,Central London
116137498,2024-01-01,other-theft,On or near Gate Street,51.517114,-0.119009,False,Central London
116093773,2024-01-01,other-theft,On or near Kean Street,51.514064,-0.118890,False,Central London
116128718,2024-01-01,other-theft,On or near Further/higher Educational Building,51.516178,-0.131904,False,Central London
116112082,2024-01-01,other-theft,On or near John Prince's Street,51.515753,-0.143092,False,Central London
116099795,2024-01-01,other-theft,On or near Leicester Square,51.511584,-0.128000,False,Central London
116091691,2024-01-01,other-theft,On or near A401,51.511790,-0.132459,False,Central London
116094704,2024-01-01,other-theft,On or near Hospital,51.499071,-0.117649,False,Central London
116128624,2024-01-01,other-theft,On or near Theatre/concert Hall,51.509944,-0.127807,False,Central London
116128748,2024-01-01,other-theft,On or near Denman Street,51.510729,-0.135283,False,Central London
116162339,2024-01-01,other-theft,On or near Nightclub,51.507766,-0.141284,False,Central London
116151521,2024-01-01,other-theft,On or near Goodge Street,51.519162,-0.136308,False,Central London
116133042,2024-01-01,other-theft,On or near Market Place,51.516058,-0.140154,False,Central London
116143292,2024-01-01,other-theft,On or near Nightclub,51.512416,-0.133384,False,Central London
116119440,2024-01-01,other-theft,On or near Theatre/concert Hall,51.513361,-0.128330,False,Central London
116151647,2024-01-01,other-theft,On or near Broadwick Street,51.513470,-0.136339,False,Central London
116145615,2024-01-01,other-theft,On or near Sports/recreation Area,51.509947,-0.131367,False,Central London
116112382,2024-01-01,other-theft,On or near Broadwick Street,51.513470,-0.136339,False,Central London
116143274,2024-01-01,other-theft,On or near Cranbourn Street,51.511339,-0.128427,False,Central London
116098802,2024-01-01,other-theft,On or near Shaftesbury Avenue,51.514970,-0.127169,False,Central London
116154404,2024-01-01,other-theft,On or near Soho Street,51.515939,-0.132693,False,Central London
116151746,2024-01-01,other-theft,On or near Hills Place,51.515088,-0.140222,False,Central London
116116286,2024-01-01,other-theft,On or near Caxton Street,51.498553,-0.135291,False,Central London
116163380,2024-01-01,other-theft,On or near Hospital,51.499071,-0.117649,False,Central London
116133040,2024-01-01,other-theft,On or near Buckingham Place,51.498503,-0.140652,False,Central London
116110363,2024-01-01,other-theft,On or near Parking Area,51.512136,-0.134995,False,Central London
116128627,2024-01-01,other-theft,On or near Dansey Place,51.511790,-0.131925,False,Central London
116128628,2024-01-01,other-theft,On or near Nightclub,51.512495,-0.138915,False,Central London
116128646,2024-01-01,other-theft,On or near Gerrard Street,51.511760,-0.131163,False,Central London
116112981,2024-01-01,other-theft,On or near Leicester Square,51.510468,-0.130769,False,Central London
116116483,2024-01-01,other-theft,On or near Buckingham Street,51.508409,-0.123461,False,Central London
116157811,2024-01-01,other-theft,On or near Shopping Area,51.506553,-0.104775,False,Central London
116096417,2024-01-01,other-theft,On or near Nightclub,51.516875,-0.141807,False,Central London
116094819,2024-01-01,other-theft,On or near Roupell Street,51.504685,-0.108268,False,Central London
116116643,2024-01-01,other-theft,On or near Ashley Place,51.496252,-0.140470,False,Central London
116159011,2024-01-01,other-theft,On or near Buckingham Mews,51.499549,-0.141416,False,Central London
116104723,2024-01-01,other-theft,On or near Theatre/concert Hall,51.512300,-0.128388,False,Central London
116116718,2024-01-01,other-theft,On or near Hanover Street,51.513827,-0.142363,False,Central London
116119837,2024-01-01,other-theft,On or near Sports/recreation Area,51.509947,-0.131367,False,Central London
116157510,2024-01-01,other-theft,On or near Nightclub,51.513940,-0.132500,False,Central London
116159063,2024-01-01,other-theft,On or near Gresse Street,51.517516,-0.134012,False,Central London
116116732,2024-01-01,other-theft,On or near Moor Street,51.513498,-0.130169,False,Central London
116116734,2024-01-01,other-theft,On or near Market Place,51.516058,-0.140154,False,Central London
116159948,2024-01-01,other-theft,On or near Nightclub,51.513940,-0.132500,False,Central London
116116787,2024-01-01,other-theft,On or near Old Compton Street,51.513200,-0.131248,False,Central London
116157272,2024-01-01,other-theft,On or near Theme/adventure Park,51.502823,-0.119257,False,Central London
116155358,2024-01-01,other-theft,On or near Little Newport Street,51.511703,-0.128701,False,Central London
116117094,2024-01-01,other-theft,On or near Nightclub,51.514012,-0.131078,False,Central London
116117124,2024-01-01,other-theft,On or near Hamilton Mews,51.504176,-0.149643,False,Central London
115991827,2024-01-01,other-theft,On or near Old Mitre Court,51.513839,-0.109387,False,Central London
116117195,2024-01-01,other-theft,On or near Great Queen Street,51.514777,-0.121859,False,Central London
116105761,2024-01-01,other-theft,On or near Cranbourn Street,51.511339,-0.128427,False,Central London
116117197,2024-01-01,other-theft,On or near Glasshouse Street,51.510520,-0.137439,False,Central London
116091511,2024-01-01,other-theft,On or near Shopping Area,51.496466,-0.141499,False,Central London
116123260,2024-01-01,other-theft,On or near Further/higher Educational Building,51.516178,-0.131904,False,Central London
116105802,2024-01-01,other-theft,On or near Mercer Street,51.512945,-0.125926,False,Central London
116105813,2024-01-01,other-theft,On or near Shopping Area,51.512117,-0.123121,False,Central London
116111585,2024-01-01,other-theft,On or near Leicester Street,51.510942,-0.131196,False,Central London
116105822,2024-01-01,other-theft,On or near Dering Street,51.514195,-0.145735,False,Central London
116111646,2024-01-01,other-theft,On or near Dean Bradley Street,51.495246,-0.126955,False,Central London
116157438,2024-01-01,other-theft,On or near Theatre/concert Hall,51.512300,-0.128388,False,Central London
116105835,2024-01-01,other-theft,On or near Hanover Street,51.513827,-0.142363,False,Central London
116096302,2024-01-01,other-theft,On or near Nightclub,51.515684,-0.135874,False,Central London
116111649,2024-01-01,other-theft,On or near B402,51.512855,-0.124820,False,Central London
116124024,2024-01-01,other-theft,On or near Shopping Area,51.519933,-0.133899,False,Central London
116109420,2024-01-01,other-theft,On or near Gilbert Place,51.518323,-0.124840,False,Central London
116112644,2024-01-01,other-theft,On or near Howick Place,51.496711,-0.137095,False,Central London
116146846,2024-01-01,other-theft,On or near Manette Street,51.514704,-0.130826,False,Central London
126016749,2024-01-01,other-theft,Oxford Circus (lu Station),51.515197,-0.142071,False,Central London
116109259,2024-01-01,other-theft,On or near Warwick Row,51.498315,-0.142994,False,Central London
116112940,2024-01-01,other-theft,On or near Phoenix Street,51.514209,-0.129665,False,Central London
126016748,2024-01-01,other-theft,Oxford Circus (lu Station),51.515197,-0.142071,False,Central London
116112791,2024-01-01,other-theft,On or near Parking Area,51.507286,-0.128903,False,Central London
116154408,2024-01-01,other-theft,On or near Hills Place,51.515088,-0.140222,False,Central London
116109289,2024-01-01,other-theft,On or near Broadwick Street,51.513470,-0.136339,False,Central London
116109576,2024-01-01,other-theft,On or near Nightclub,51.507766,-0.141284,False,Central London
116109593,2024-01-01,other-theft,On or near Old Compton Street,51.513848,-0.129593,False,Central London
116128898,2024-01-01,other-theft,On or near Strand,51.511022,-0.119880,False,Central London
116133791,2024-01-01,other-theft,On or near Medway Street,51.495424,-0.131903,False,Central London
116120744,2024-01-01,other-theft,On or near London Waterloo,51.502663,-0.113423,False,Central London
116106984,2024-01-01,other-theft,On or near Supermarket,51.500077,-0.113602,False,Central London
116105713,2024-01-01,other-theft,On or near Percy Street,51.518456,-0.133209,False,Central London
116105983,2024-01-01,other-theft,On or near Malet Street,51.521458,-0.130305,False,Central London
116114043,2024-01-01,other-theft,On or near Bridge Street,51.500978,-0.125524,False,Central London
116126158,2024-01-01,other-theft,On or near Argyll Street,51.514684,-0.140844,False,Central London
116119788,2024-01-01,other-theft,On or near B404,51.511030,-0.127085,False,Central London
116119799,2024-01-01,other-theft,On or near Parking Area,51.518130,-0.137604,False,Central London
116119804,2024-01-01,other-theft,On or near Parking Area,51.507286,-0.128903,False,Central London
116154405,2024-01-01,other-theft,On or near Dering Street,51.514195,-0.145735,False,Central London
116100162,2024-01-01,other-theft,On or near Shopping Area,51.515070,-0.138003,False,Central London
126016267,2024-01-01,other-theft,Leicester Square (lu Station),51.511627,-0.127696,False,Central London
116133075,2024-01-01,other-theft,On or near James Street,51.512802,-0.123770,False,Central London
126016266,2024-01-01,other-theft,Leicester Square (lu Station),51.511627,-0.127696,False,Central London
116121197,2024-01-01,other-theft,On or near Conference/exhibition Centre,51.507911,-0.139635,False,Central London
126016028,2024-01-01,other-theft,Holborn (lu Station),51.517640,-0.119723,False,Central London
116140571,2024-01-01,other-theft,On or near Theatre/concert Hall,51.506965,-0.123707,False,Central London
116154392,2024-01-01,other-theft,On or near Parking Area,51.506236,-0.141322,False,Central London
116161367,2024-01-01,other-theft,On or near Little Marlborough Street,51.513708,-0.140004,False,Central London
116161534,2024-01-01,other-theft,On or near Hanover Street,51.513827,-0.142363,False,Central London
116094148,2024-01-01,other-theft,On or near Tottenham Court Road,51.520697,-0.134429,False,Central London
116102610,2024-01-01,other-theft,On or near Shopping Area,51.515070,-0.138003,False,Central London
116116348,2024-01-01,other-theft,On or near Howick Place,51.496711,-0.137095,False,Central London
116116502,2024-01-01,other-theft,On or near James Street,51.512802,-0.123770,False,Central London
116145927,2024-01-01,other-theft,On or near Nightclub,51.514492,-0.131037,False,Central London
116154568,2024-01-01,other-theft,On or near John Prince's Street,51.515753,-0.143092,False,Central London
116162427,2024-01-01,other-theft,On or near Soho Street,51.515939,-0.132693,False,Central London
116120673,2024-01-01,other-theft,On or near Further/higher Educational Building,51.505035,-0.112677,False,Central London
116153247,2024-01-01,other-theft,On or near Nightclub,51.510953,-0.133012,False,Central London
116103370,2024-01-01,other-theft,On or near Further/higher Educational Building,51.517255,-0.125562,False,Central London
116145075,2024-01-01,other-theft,On or near Gresse Street,51.517516,-0.134012,False,Central London
116151968,2024-01-01,other-theft,On or near Shopping Area,51.519933,-0.133899,False,Central London
116122989,2024-01-01,other-theft,On or near Burleigh Street,51.511475,-0.120625,False,Central London
116109235,2024-01-01,other-theft,On or near Romilly Street,51.513019,-0.130592,False,Central London
116115182,2024-01-01,other-theft,On or near Nightclub,51.512416,-0.133384,False,Central London
116162401,2024-01-01,other-theft,On or near Duck Lane,51.513986,-0.134833,False,Central London
116151529,2024-01-01,other-theft,On or near Nightclub,51.511783,-0.129778,False,Central London
116108918,2024-01-01,other-theft,On or near Shopping Area,51.499894,-0.132899,False,Central London
116142622,2024-01-01,other-theft,On or near Bedford Street,51.510389,-0.124157,False,Central London
116117225,2024-01-01,other-theft,On or near Theatre/concert Hall,51.512300,-0.128388,False,Central London
116117312,2024-01-01,other-theft,On or near Albany Courtyard,51.508699,-0.138306,False,Central London
126015274,2024-01-01,other-theft,Covent Garden (lu Station),51.512981,-0.124166,False,Central London
116123205,2024-01-01,other-theft,On or near Old Compton Street,51.513848,-0.129593,False,Central London
116103499,2024-01-01,other-theft,On or near Leicester Street,51.510942,-0.131196,False,Central London
116103451,2024-01-01,other-theft,On or near Great Windmill Street,51.510952,-0.134064,False,Central London
116123119,2024-01-01,other-theft,On or near Nightclub,51.508450,-0.143266,False,Central London
116123125,2024-01-01,other-theft,On or near Richmond Mews,51.513911,-0.133539,False,Central London
116123384,2024-01-01,other-theft,On or near Vigo Street,51.510266,-0.139006,False,Central London
116123411,2024-01-01,other-theft,On or near Theatre/concert Hall,51.509944,-0.127807,False,Central London
116151526,2024-01-01,other-theft,On or near Nightclub,51.514012,-0.131078,False,Central London
116133047,2024-01-01,other-theft,On or near Shopping Area,51.515070,-0.138003,False,Central London
116115909,2024-01-01,other-theft,On or near Parking Area,51.510491,-0.126574,False,Central London
116113842,2024-01-01,other-theft,On or near Soho Street,51.515939,-0.132693,False,Central London
116116282,2024-01-01,other-theft,On or near Hills Place,51.515088,-0.140222,False,Central London
116116456,2024-01-01,other-theft,On or near Market Place,51.516058,-0.140154,False,Central London
116149159,2024-01-01,other-theft,On or near Shaftesbury Avenue,51.513064,-0.129438,False,Central London
116144273,2024-01-01,other-theft,On or near Parking Area,51.506136,-0.115773,False,Central London
116137079,2024-01-01,other-theft,On or near Parker Street,51.515869,-0.121554,False,Central London
116100729,2024-01-01,other-theft,On or near Percy Street,51.518456,-0.133209,False,Central London
116117644,2024-01-01,other-theft,On or near Peter Street,51.512780,-0.134234,False,Central London
116119931,2024-01-01,other-theft,On or near Denman Street,51.510729,-0.135283,False,Central London
116101808,2024-01-01,other-theft,On or near Soho Street,51.515939,-0.132693,False,Central London
116102629,2024-01-01,other-theft,On or near Theatre/concert Hall,51.511583,-0.133287,False,Central London
116129443,2024-01-01,other-theft,On or near Dryden Street,51.514621,-0.122802,False,Central London
116148827,2024-01-01,other-theft,On or near Nightclub,51.507576,-0.141776,False,Central London
116123393,2024-01-01,other-theft,On or near Ambrosden Avenue,51.496508,-0.139610,False,Central London
116120328,2024-01-01,other-theft,On or near B402,51.513777,-0.123456,False,Central London
116128794,2024-01-01,other-theft,On or near Moor Street,51.513498,-0.130169,False,Central London
116098833,2024-01-01,other-theft,On or near Soho Street,51.515939,-0.132693,False,Central London
116138312,2024-01-01,other-theft,On or near Parking Area,51.513233,-0.141234,False,Central London
116138328,2024-01-01,other-theft,On or near Marylebone Passage,51.516927,-0.137711,False,Central London
116115392,2024-01-01,other-theft,On or near Chicheley Street,51.502888,-0.117319,False,Central London
116109267,2024-01-01,other-theft,On or near Bourchier Street,51.513052,-0.132681,False,Central London
116138373,2024-01-01,other-theft,On or near New Bond Street,51.511893,-0.144070,False,Central London
116123385,2024-01-01,other-theft,On or near Market Place,51.516058,-0.140154,False,Central London
116134765,2024-01-01,other-theft,On or near Little Russell Street,51.517742,-0.125614,False,Central London
116123383,2024-01-01,other-theft,On or near Ashley Place,51.496252,-0.140470,False,Central London
116123400,2024-01-01,other-theft,On or near Nightclub,51.508450,-0.143266,False,Central London
116123402,2024-01-01,other-theft,On or near Macclesfield Street,51.511997,-0.131355,False,Central London
116148631,2024-01-01,other-theft,On or near Dover Street,51.508401,-0.142195,False,Central London
116123401,2024-01-01,other-theft,On or near Soho Street,51.515939,-0.132693,False,Central London
116118558,2024-01-01,other-theft,On or near Southampton Buildings,51.518231,-0.112953,False,Central London
116162322,2024-01-01,other-theft,On or near St George Street,51.512635,-0.143204,False,Central London
116148243,2024-01-01,other-theft,On or near Market Place,51.516058,-0.140154,False,Central London
116091457,2024-01-01,other-theft,On or near Carlisle Street,51.514971,-0.133438,False,Central London
116123964,2024-01-01,other-theft,On or near Shepherd Market,51.506327,-0.146357,False,Central London
116103522,2024-01-01,other-theft,On or near Nightclub,51.508450,-0.143266,False,Central London
116123991,2024-01-01,other-theft,On or near Shopping Area,51.512117,-0.123121,False,Central London
116133116,2024-01-01,other-theft,On or near Market Place,51.516058,-0.140154,False,Central London
116133119,2024-01-01,other-theft,On or near Macclesfield Street,51.511997,-0.131355,False,Central London
116097803,2024-01-01,other-theft,On or near Old Compton Street,51.513848,-0.129593,False,Central London
116134068,2024-01-01,other-theft,On or near Manette Street,51.514704,-0.130826,False,Central London
116134083,2024-01-01,other-theft,On or near Theatre/concert Hall,51.512300,-0.128388,False,Central London
116134420,2024-01-01,other-theft,On or near Hills Place,51.515088,-0.140222,False,Central London
116091983,2024-01-01,other-theft,On or near Denman Street,51.510729,-0.135283,False,Central London
116122395,2024-01-01,other-theft,On or near Nightclub,51.514012,-0.131078,False,Central London
116122389,2024-01-01,other-theft,On or near Strand,51.511022,-0.119880,False,Central London
116162319,2024-01-01,other-theft,On or near Newman Street,51.517596,-0.135680,False,Central London
116137187,2024-01-01,other-theft,On or near Greek Street,51.513804,-0.130733,False,Central London
116122432,2024-01-01,other-theft,On or near Nightclub,51.511783,-0.129778,False,Central London
116134716,2024-01-01,other-theft,On or near Nightclub,51.513940,-0.132500,False,Central London
116134766,2024-01-01,other-theft,On or near Morwell Street,51.518072,-0.131077,False,Central London
116134835,2024-01-01,other-theft,On or near Theatre/concert Hall,51.513361,-0.128330,False,Central London
116134875,2024-01-01,other-theft,On or near Dyott Street,51.516820,-0.127583,False,Central London
116134991,2024-01-01,other-theft,On or near Manette Street,51.514704,-0.130826,False,Central London
116134992,2024-01-01,other-theft,On or near Nightclub,51.515684,-0.135874,False,Central London
116135156,2024-01-01,other-theft,On or near Charing Cross Road,51.512994,-0.129023,False,Central London
116157274,2024-01-01,other-theft,On or near Belvedere Road,51.503590,-0.117333,False,Central London
116125745,2024-01-01,other-theft,On or near Gate Street,51.517114,-0.119009,False,Central London
116123428,2024-01-01,other-theft,On or near Further/higher Educational Building,51.516178,-0.131904,False,Central London
116126144,2024-01-01,other-theft,On or near Shopping Area,51.512166,-0.123818,False,Central London
116122452,2024-01-01,other-theft,On or near Further/higher Educational Building,51.514867,-0.138790,False,Central London
116126184,2024-01-01,other-theft,On or near Nightclub,51.510840,-0.128984,False,Central London
116126194,2024-01-01,other-theft,On or near Theatre/concert Hall,51.509158,-0.134930,False,Central London
116126200,2024-01-01,other-theft,On or near Nightclub,51.511783,-0.129778,False,Central London
116122451,2024-01-01,other-theft,On or near Argyll Street,51.514684,-0.140844,False,Central London
116126243,2024-01-01,other-theft,On or near Nightclub,51.509759,-0.128782,False,Central London
116148117,2024-01-01,other-theft,On or near B402,51.513777,-0.123456,False,Central London
116125993,2024-01-01,other-theft,On or near Parking Area,51.517287,-0.130403,False,Central London
116119794,2024-01-01,other-theft,On or near Further/higher Educational Building,51.516178,-0.131904,False,Central London
116122481,2024-01-01,other-theft,On or near Shopping Area,51.512117,-0.123121,False,Central London
116122483,2024-01-01,other-theft,On or near Theatre/concert Hall,51.509158,-0.134930,False,Central London
116122510,2024-01-01,other-theft,On or near Macclesfield Street,51.511997,-0.131355,False,Central London
116122506,2024-01-01,other-theft,On or near Park/open Space,51.502810,-0.132696,False,Central London
116090509,2024-01-01,other-theft,On or near Earnshaw Street,51.516037,-0.128682,False,Central London
116125977,2024-01-01,other-theft,On or near Embankment Place,51.507096,-0.122909,False,Central London
116122518,2024-01-01,other-theft,On or near Hills Place,51.515088,-0.140222,False,Central London
116126222,2024-01-01,other-theft,On or near Bedford Street,51.510389,-0.124157,False,Central London
116122661,2024-01-01,other-theft,On or near Margaret Street,51.516668,-0.141210,False,Central London
116126018,2024-01-01,other-theft,On or near Theatre/concert Hall,51.514523,-0.129580,False,Central London
116090692,2024-01-01,other-theft,On or near Newton Street,51.516568,-0.121381,False,Central London
116090010,2024-01-01,other-theft,On or near Romilly Street,51.513019,-0.130592,False,Central London
116124265,2024-01-01,other-theft,On or near Nightclub,51.516341,-0.120151,False,Central London
116126233,2024-01-01,other-theft,On or near Ham Yard,51.511310,-0.134539,False,Central London
116125762,2024-01-01,other-theft,On or near St Anselm's Place,51.513310,-0.148913,False,Central London
116142938,2024-01-01,other-theft,On or near Hop Gardens,51.510708,-0.126104,False,Central London
116124271,2024-01-01,other-theft,On or near Goodge Street,51.519378,-0.135737,False,Central London
116146871,2024-01-01,other-theft,On or near Nightclub,51.514838,-0.133545,False,Central London
116101008,2024-01-01,other-theft,On or near Windmill Street,51.518783,-0.133974,False,Central London
116125172,2024-01-01,other-theft,On or near Gresse Street,51.517516,-0.134012,False,Central London
116125506,2024-01-01,other-theft,On or near Theatre/concert Hall,51.504066,-0.110037,False,Central London
116125538,2024-01-01,other-theft,On or near Artillery Row,51.496949,-0.135630,False,Central London
116125722,2024-01-01,other-theft,On or near Theatre/concert Hall,51.512811,-0.133325,False,Central London
116125806,2024-01-01,other-theft,On or near Romilly Street,51.513019,-0.130592,False,Central London
116103507,2024-01-01,other-theft,On or near Carlisle Place,51.495936,-0.141491,False,Central London
116117646,2024-01-01,other-theft,On or near Dacre Street,51.498908,-0.132712,False,Central London
116117715,2024-01-01,other-theft,On or near Nightclub,51.516341,-0.120151,False,Central London
116127768,2024-01-01,other-theft,On or near Shopping Area,51.519933,-0.133899,False,Central London
116099236,2024-01-01,other-theft,On or near Noel Street,51.515087,-0.136201,False,Central London
116092863,2024-01-01,other-theft,On or near Great Windmill Street,51.510952,-0.134064,False,Central London
116093321,2024-01-01,other-theft,On or near Theatre/concert Hall,51.516275,-0.126121,False,Central London
116093457,2024-01-01,other-theft,On or near Theatre/concert Hall,51.513361,-0.128330,False,Central London
116093758,2024-01-01,other-theft,On or near Nightclub,51.510272,-0.129192,False,Central London
116094121,2024-01-01,other-theft,On or near Great Queen Street,51.514777,-0.121859,False,Central London
116094151,2024-01-01,other-theft,On or near Southampton Row,51.519624,-0.121890,False,Central London
116091518,2024-01-01,other-theft,On or near Portsmouth Street,51.514882,-0.117185,False,Central London
116095447,2024-01-01,other-theft,On or near Northumberland Avenue,51.506985,-0.124975,False,Central London
116095878,2024-01-01,other-theft,On or near Theatre/concert Hall,51.496848,-0.142518,False,Central London
116095880,2024-01-01,other-theft,On or near Upper James Street,51.512419,-0.137520,False,Central London
116095893,2024-01-01,other-theft,On or near Argyll Street,51.514684,-0.140844,False,Central London
116095975,2024-01-01,other-theft,On or near Soho Street,51.515939,-0.132693,False,Central London
116095994,2024-01-01,other-theft,On or near Bridge Street,51.500978,-0.125524,False,Central London
116160158,2024-01-01,other-theft,On or near Charing Cross Road,51.512994,-0.129023,False,Central London
116110015,2024-01-01,other-theft,On or near Earnshaw Street,51.516037,-0.128682,False,Central London
116116512,2024-01-01,other-theft,On or near Soho Street,51.515939,-0.132693,False,Central London
116121155,2024-01-01,other-theft,On or near John Prince's Street,51.515753,-0.143092,False,Central London
116098256,2024-01-01,other-theft,On or near B402,51.512855,-0.124820,False,Central London
116122787,2024-01-01,other-theft,On or near Gate Street,51.517114,-0.119009,False,Central London
116123955,2024-01-01,other-theft,On or near Winnett Street,51.512013,-0.133502,False,Central London
116096545,2024-01-01,other-theft,On or near Theatre/concert Hall,51.512300,-0.128388,False,Central London
116123963,2024-01-01,other-theft,On or near Nightclub,51.516623,-0.132976,False,Central London
116123983,2024-01-01,other-theft,On or near Glasshouse Street,51.510520,-0.137439,False,Central London
116096546,2024-01-01,other-theft,On or near Nightclub,51.512495,-0.138915,False,Central London
116116733,2024-01-01,other-theft,On or near Russell Street,51.512863,-0.120842,False,Central London
116096754,2024-01-01,other-theft,On or near Gate Street,51.517114,-0.119009,False,Central London
116097006,2024-01-01,other-theft,On or near Cranbourn Street,51.511339,-0.128427,False,Central London
116100918,2024-01-01,other-theft,On or near Parker Street,51.515869,-0.121554,False,Central London
116097769,2024-01-01,other-theft,On or near Glasshouse Street,51.510520,-0.137439,False,Central London
116097772,2024-01-01,other-theft,On or near Castle Lane,51.498427,-0.139229,False,Central London
116135535,2024-01-01,other-theft,On or near Newman's Row,51.517274,-0.115500,False,Central London
116125163,2024-01-01,other-theft,On or near South Molton Street,51.513745,-0.148016,False,Central London
116097890,2024-01-01,other-theft,On or near James Street,51.512802,-0.123770,False,Central London
116097889,2024-01-01,other-theft,On or near Dering Street,51.514195,-0.145735,False,Central London
116125266,2024-01-01,other-theft,On or near Nightclub,51.516166,-0.137324,False,Central London
116160517,2024-01-01,other-theft,On or near Old Compton Street,51.513200,-0.131248,False,Central London
116098338,2024-01-01,other-theft,On or near Little Marlborough Street,51.513708,-0.140004,False,Central London
116098390,2024-01-01,other-theft,On or near Nightclub,51.515684,-0.135874,False,Central London
116098392,2024-01-01,other-theft,On or near Glasshouse Street,51.510520,-0.137439,False,Central London
116098393,2024-01-01,other-theft,On or near Dering Street,51.514195,-0.145735,False,Central London
116098746,2024-01-01,other-theft,On or near Caxton Street,51.498553,-0.135291,False,Central London
116092416,2024-01-01,other-theft,On or near James Street,51.512802,-0.123770,False,Central London
116098804,2024-01-01,other-theft,On or near Smart's Place,51.516580,-0.123283,False,Central London
116098831,2024-01-01,other-theft,On or near Mason's Arms Mews,51.512994,-0.142584,False,Central London
116098825,2024-01-01,other-theft,On or near Hills Place,51.515088,-0.140222,False,Central London
116098943,2024-01-01,other-theft,On or near B402,51.512855,-0.124820,False,Central London
116098996,2024-01-01,other-theft,On or near Shelton Street,51.513753,-0.125331,False,Central London
116098997,2024-01-01,other-theft,On or near Conference/exhibition Centre,51.516295,-0.129487,False,Central London
116099229,2024-01-01,other-theft,On or near Newburgh Street,51.513370,-0.138519,False,Central London
116098533,2024-01-01,other-theft,On or near Webber Street,51.501515,-0.107995,False,Central London
116100927,2024-01-01,other-theft,On or near A5204,51.519697,-0.134917,False,Central London
116101006,2024-01-01,other-theft,On or near Gower Mews,51.519768,-0.130849,False,Central London
116099403,2024-01-01,other-theft,On or near Ormond Yard,51.508202,-0.136410,False,Central London
116099452,2024-01-01,other-theft,On or near Theatre/concert Hall,51.512300,-0.128388,False,Central London
116099762,2024-01-01,other-theft,On or near Leicester Street,51.510942,-0.131196,False,Central London
116158492,2024-01-01,other-theft,On or near New Row,51.511137,-0.125914,False,Central London
116146902,2024-01-01,other-theft,On or near Mercer Street,51.512945,-0.125926,False,Central London
116100215,2024-01-01,other-theft,On or near Hollen Street,51.515470,-0.134874,False,Central London
116100382,2024-01-01,other-theft,On or near Nightclub,51.509458,-0.132280,False,Central London
116101747,2024-01-01,other-theft,On or near Hospital,51.499071,-0.117649,False,Central London
116102612,2024-01-01,other-theft,On or near Theatre/concert Hall,51.510167,-0.127516,False,Central London
116103307,2024-01-01,other-theft,On or near Nightclub,51.516900,-0.132077,False,Central London
116125268,2024-01-01,other-theft,On or near Pollen Street,51.513575,-0.142373,False,Central London
116131748,2024-01-01,other-theft,On or near John Prince's Street,51.515753,-0.143092,False,Central London
116103500,2024-01-01,other-theft,On or near Gerrard Place,51.512247,-0.130120,False,Central London
116103501,2024-01-01,other-theft,On or near William Iv Street,51.509491,-0.125924,False,Central London
116089576,2024-01-01,other-theft,On or near Theme/adventure Park,51.502823,-0.119257,False,Central London
116089640,2024-01-01,other-theft,On or near Tanswell Street,51.501409,-0.111443,False,Central London
116130846,2024-01-01,other-theft,On or near London Waterloo,51.502663,-0.113423,False,Central London
116103532,2024-01-01,other-theft,On or near Princes Street,51.514365,-0.143408,False,Central London
116103520,2024-01-01,other-theft,On or near B404,51.511030,-0.127085,False,Central London
116103516,2024-01-01,other-theft,On or near Market Place,51.516058,-0.140154,False,Central London
116089794,2024-01-01,other-theft,On or near Theatre/concert Hall,51.514625,-0.118017,False,Central London
116103601,2024-01-01,other-theft,On or near B402,51.513777,-0.123456,False,Central London
116090028,2024-01-01,other-theft,On or near Tanswell Street,51.501409,-0.111443,False,Central London
116107812,2024-01-01,other-theft,On or near New Row,51.511137,-0.125914,False,Central London
116090073,2024-01-01,other-theft,On or near Upper John Street,51.511860,-0.137975,False,Central London
116090072,2024-01-01,other-theft,On or near Nightclub,51.512495,-0.138915,False,Central London
116162352,2024-01-01,other-theft,On or near Nightclub,51.513940,-0.132500,False,Central London
116142358,2024-01-01,other-theft,On or near Gate Street,51.517114,-0.119009,False,Central London
116090147,2024-01-01,other-theft,On or near Russell Street,51.512863,-0.120842,False,Central London
116134074,2024-01-01,other-theft,On or near Portsmouth Street,51.514882,-0.117185,False,Central London
116090210,2024-01-01,other-theft,On or near Buckingham Mews,51.499549,-0.141416,False,Central London
116111700,2024-01-01,other-theft,On or near Theatre/concert Hall,51.512300,-0.128388,False,Central London
116103917,2024-01-01,other-theft,On or near Mount Street Mews,51.510036,-0.148872,False,Central London
116134694,2024-01-01,other-theft,On or near Nightclub,51.511783,-0.129778,False,Central London
116134696,2024-01-01,other-theft,On or near Lower James Street,51.511312,-0.136326,False,Central London
116098099,2024-01-01,other-theft,On or near Glasshouse Street,51.510520,-0.137439,False,Central London
116090362,2024-01-01,other-theft,On or near B402,51.513777,-0.123456,False,Central London
116090368,2024-01-01,other-theft,On or near Nightclub,51.515684,-0.135874,False,Central London
116090391,2024-01-01,other-theft,On or near Leicester Square,51.511584,-0.128000,False,Central London
116123377,2024-01-01,other-theft,On or near Nightclub,51.515684,-0.135874,False,Central London
116134739,2024-01-01,other-theft,On or near Coventry Street,51.510295,-0.132318,False,Central London
116134858,2024-01-01,other-theft,On or near Goodge Street,51.519378,-0.135737,False,Central London
116134859,2024-01-01,other-theft,On or near Percy Street,51.518456,-0.133209,False,Central London
116117853,2024-01-01,other-theft,On or near Blenheim Street,51.513918,-0.146986,False,Central London
116090507,2024-01-01,other-theft,On or near Gower Mews,51.519768,-0.130849,False,Central London
116136780,2024-01-01,other-theft,On or near Belvedere Road,51.503590,-0.117333,False,Central London
116090590,2024-01-01,other-theft,On or near Great Windmill Street,51.510952,-0.134064,False,Central London
116137188,2024-01-01,other-theft,On or near Ganton Street,51.513114,-0.138803,False,Central London
116090599,2024-01-01,other-theft,On or near Old Bond Street,51.508911,-0.140877,False,Central London
116128645,2024-01-01,other-theft,On or near Carlisle Street,51.514971,-0.133438,False,Central London
116137289,2024-01-01,other-theft,On or near Ham Yard,51.511310,-0.134539,False,Central London
116137299,2024-01-01,other-theft,On or near Leicester Square,51.510468,-0.130769,False,Central London
116137315,2024-01-01,other-theft,On or near Strand,51.511022,-0.119880,False,Central London
116138347,2024-01-01,other-theft,On or near Serle Street,51.515447,-0.114293,False,Central London
116138368,2024-01-01,other-theft,On or near Leicester Street,51.510942,-0.131196,False,Central London
116157583,2024-01-01,other-theft,On or near Hanway Place,51.516674,-0.132547,False,Central London
116157866,2024-01-01,other-theft,On or near Nightclub,51.512429,-0.142384,False,Central London
116157915,2024-01-01,other-theft,On or near Duck Lane,51.513986,-0.134833,False,Central London
116158093,2024-01-01,other-theft,On or near Theatre/concert Hall,51.496848,-0.142518,False,Central London
116158192,2024-01-01,other-theft,On or near Johanna Street,51.501201,-0.111971,False,Central London
116142918,2024-01-01,other-theft,On or near Greek Street,51.513804,-0.130733,False,Central London
116142939,2024-01-01,other-theft,On or near Nightclub,51.513940,-0.132500,False,Central London
116144550,2024-01-01,other-theft,On or near Elverton Street,51.494745,-0.133933,False,Central London
116091331,2024-01-01,other-theft,On or near Soho Street,51.515939,-0.132693,False,Central London
116151764,2024-01-01,other-theft,On or near William Iv Street,51.509491,-0.125924,False,Central London
116143286,2024-01-01,other-theft,On or near Shaftesbury Avenue,51.513064,-0.129438,False,Central London
116107809,2024-01-01,other-theft,On or near Further/higher Educational Building,51.515727,-0.136304,False,Central London
116143484,2024-01-01,other-theft,On or near Morpeth Terrace,51.495183,-0.139952,False,Central London
116143537,2024-01-01,other-theft,On or near Earlham Street,51.513701,-0.127091,False,Central London
116130095,2024-01-01,other-theft,On or near Nightclub,51.516341,-0.120151,False,Central London
116129386,2024-01-01,other-theft,On or near Soho Street,51.515939,-0.132693,False,Central London
116130129,2024-01-01,other-theft,On or near Shopping Area,51.512117,-0.123121,False,Central London
116130132,2024-01-01,other-theft,On or near Great Windmill Street,51.510952,-0.134064,False,Central London
116112383,2024-01-01,other-theft,On or near Nightclub,51.515684,-0.135874,False,Central London
116130396,2024-01-01,other-theft,On or near Supermarket,51.507415,-0.105835,False,Central London
116162377,2024-01-01,other-theft,On or near Procter Street,51.518405,-0.119302,False,Central London
116140334,2024-01-01,other-theft,On or near Goodge Street,51.519162,-0.136308,False,Central London
116140338,2024-01-01,other-theft,On or near A401,51.511790,-0.132459,False,Central London
116140643,2024-01-01,other-theft,On or near Mead Row,51.497405,-0.111292,False,Central London
116156515,2024-01-01,other-theft,On or near Candover Street,51.519470,-0.139842,False,Central London
116144020,2024-01-01,other-theft,On or near Nightclub,51.507766,-0.141284,False,Central London
116144069,2024-01-01,other-theft,On or near Buckingham Mews,51.499549,-0.141416,False,Central London
116144084,2024-01-01,other-theft,On or near Dering Street,51.514195,-0.145735,False,Central London
116144184,2024-01-01,other-theft,On or near Theatre/concert Hall,51.504066,-0.110037,False,Central London
116144514,2024-01-01,other-theft,On or near Embankment Place,51.507096,-0.122909,False,Central London
116144537,2024-01-01,other-theft,On or near Dansey Place,51.511790,-0.131925,False,Central London
116144533,2024-01-01,other-theft,On or near White Horse Street,51.505985,-0.145794,False,Central London
116144541,2024-01-01,other-theft,On or near Margaret Street,51.516668,-0.141210,False,Central London
116145041,2024-01-01,other-theft,On or near Upper John Street,51.511860,-0.137975,False,Central London
116154428,2024-01-01,other-theft,On or near Gresse Street,51.517516,-0.134012,False,Central London
116105152,2024-01-01,other-theft,On or near Race Track,51.518106,-0.116951,False,Central London
116146706,2024-01-01,other-theft,On or near Nightclub,51.508087,-0.124122,False,Central London
116146864,2024-01-01,other-theft,On or near Parking Area,51.513233,-0.141234,False,Central London
116146903,2024-01-01,other-theft,On or near A302,51.500211,-0.126492,False,Central London
116146916,2024-01-01,other-theft,On or near Moor Street,51.513498,-0.130169,False,Central London
116147145,2024-01-01,other-theft,On or near Macclesfield Street,51.511997,-0.131355,False,Central London
116097146,2024-01-01,other-theft,On or near Broadwall,51.507466,-0.108441,False,Central London
116148114,2024-01-01,other-theft,On or near Moor Street,51.513498,-0.130169,False,Central London
116150960,2024-01-01,other-theft,On or near Nightclub,51.507762,-0.137047,False,Central London
116148143,2024-01-01,other-theft,On or near Ashley Place,51.496252,-0.140470,False,Central London
116150510,2024-01-01,other-theft,On or near Strand,51.511022,-0.119880,False,Central London
116149794,2024-01-01,other-theft,On or near Percy Street,51.517937,-0.134456,False,Central London
116148157,2024-01-01,other-theft,On or near Parking Area,51.512379,-0.129379,False,Central London
116148167,2024-01-01,other-theft,On or near Little Newport Street,51.511703,-0.128701,False,Central London
116148250,2024-01-01,other-theft,On or near Buckingham Mews,51.499549,-0.141416,False,Central London
116148248,2024-01-01,other-theft,On or near Frith Street,51.513601,-0.131534,False,Central London
116148626,2024-01-01,other-theft,On or near John Prince's Street,51.515753,-0.143092,False,Central London
116148635,2024-01-01,other-theft,On or near Sackville Street,51.509929,-0.138703,False,Central London
116148671,2024-01-01,other-theft,On or near Warwick Row,51.498315,-0.142994,False,Central London
116149463,2024-01-01,other-theft,On or near Derby Street,51.506148,-0.149851,False,Central London
116149469,2024-01-01,other-theft,On or near Nightclub,51.516875,-0.141807,False,Central London
116149701,2024-01-01,other-theft,On or near B402,51.513777,-0.123456,False,Central London
116149804,2024-01-01,other-theft,On or near Craig's Court,51.506736,-0.126800,False,Central London
116149819,2024-01-01,other-theft,On or near Peter Street,51.512780,-0.134234,False,Central London
116149826,2024-01-01,other-theft,On or near Nightclub,51.514536,-0.140043,False,Central London
116099214,2024-01-01,other-theft,On or near Parking Area,51.517287,-0.130403,False,Central London
116099402,2024-01-01,other-theft,On or near Little Marlborough Street,51.513708,-0.140004,False,Central London
116099738,2024-01-01,other-theft,On or near Bury Place,51.518313,-0.124236,False,Central London
116101121,2024-01-01,other-theft,On or near Little Russell Street,51.517742,-0.125614,False,Central London
116101257,2024-01-01,other-theft,On or near Cons Street,51.503167,-0.108388,False,Central London
116108826,2024-01-01,other-theft,On or near Further/higher Educational Building,51.516178,-0.131904,False,Central London
116109517,2024-01-01,other-theft,On or near William Iv Street,51.509491,-0.125924,False,Central London
116109595,2024-01-01,other-theft,On or near Moor Street,51.513498,-0.130169,False,Central London
116109640,2024-01-01,other-theft,On or near Victoria Square,51.497798,-0.144931,False,Central London
116109727,2024-01-01,other-theft,On or near Nightclub,51.514279,-0.131247,False,Central London
116130869,2024-01-01,other-theft,On or near Supermarket,51.514044,-0.117666,False,Central London
116131631,2024-01-01,other-theft,On or near Upper Ground,51.508094,-0.106685,False,Central London
116133076,2024-01-01,other-theft,On or near Theatre/concert Hall,51.509158,-0.134930,False,Central London
116126143,2024-01-01,other-theft,On or near Buckingham Street,51.508409,-0.123461,False,Central London
116126159,2024-01-01,other-theft,On or near Dering Street,51.514195,-0.145735,False,Central London
116126192,2024-01-01,other-theft,On or near Dacre Street,51.498908,-0.132712,False,Central London
116126209,2024-01-01,other-theft,On or near Dacre Street,51.498908,-0.132712,False,Central London
116126239,2024-01-01,other-theft,On or near Palace Place,51.499046,-0.142561,False,Central London
116126444,2024-01-01,other-theft,On or near Windmill Street,51.518783,-0.133974,False,Central London
116127162,2024-01-01,other-theft,On or near Catton Street,51.518165,-0.120018,False,Central London
116127164,2024-01-01,other-theft,On or near Catton Street,51.518165,-0.120018,False,Central London
116127358,2024-01-01,other-theft,On or near Little Newport Street,51.511703,-0.128701,False,Central London
116127360,2024-01-01,other-theft,On or near Soho Street,51.515939,-0.132693,False,Central London
116127527,2024-01-01,other-theft,On or near Moor Street,51.513498,-0.130169,False,Central London
116091036,2024-01-01,other-theft,On or near Further/higher Educational Building,51.516178,-0.131904,False,Central London
116099328,2024-01-01,other-theft,On or near B404,51.511030,-0.127085,False,Central London
116110377,2024-01-01,other-theft,On or near Nightclub,51.511783,-0.129778,False,Central London
116138386,2024-01-01,other-theft,On or near Russell Street,51.512863,-0.120842,False,Central London
116109729,2024-01-01,other-theft,On or near Moor Street,51.513498,-0.130169,False,Central London
116110364,2024-01-01,other-theft,On or near Little Newport Street,51.511703,-0.128701,False,Central London
116098768,2024-01-01,other-theft,On or near Hollen Street,51.515470,-0.134874,False,Central London
116138315,2024-01-01,other-theft,On or near Theatre/concert Hall,51.509909,-0.126298,False,Central London
116113922,2024-01-01,other-theft,On or near Nightclub,51.509962,-0.137952,False,Central London
116150423,2024-01-01,other-theft,On or near Procter Street,51.518405,-0.119302,False,Central London
116131743,2024-01-01,other-theft,On or near Maiden Lane,51.510759,-0.123061,False,Central London
116134084,2024-01-01,other-theft,On or near Coventry Street,51.510295,-0.132318,False,Central London
116134861,2024-01-01,other-theft,On or near Tottenham Court Road,51.520697,-0.134429,False,Central London
116153999,2024-01-01,other-theft,On or near Further/higher Educational Building,51.515727,-0.136304,False,Central London
116154241,2024-01-01,other-theft,On or near Tanswell Street,51.501409,-0.111443,False,Central London
116154379,2024-01-01,other-theft,On or near Frith Street,51.513601,-0.131534,False,Central London
116154419,2024-01-01,other-theft,On or near Parking Area,51.512379,-0.129379,False,Central London
116154514,2024-01-01,other-theft,On or near Blenheim Street,51.513918,-0.146986,False,Central London
116116973,2024-01-01,other-theft,On or near Gate Street,51.517114,-0.119009,False,Central London
116156275,2024-01-01,other-theft,On or near Shopping Area,51.516618,-0.139226,False,Central London
116154748,2024-01-01,other-theft,On or near Chicheley Street,51.502888,-0.117319,False,Central London
116119323,2024-01-01,other-theft,On or near Earlham Street,51.513701,-0.127091,False,Central London
116126156,2024-01-01,other-theft,On or near Nightclub,51.512482,-0.134160,False,Central London
116158962,2024-01-01,other-theft,On or near Soho Street,51.515939,-0.132693,False,Central London
116159016,2024-01-01,other-theft,On or near Shopping Area,51.516618,-0.139226,False,Central London
116161275,2024-01-01,other-theft,On or near Theatre/concert Hall,51.509909,-0.126298,False,Central London
116161486,2024-01-01,other-theft,On or near Nightclub,51.516875,-0.141807,False,Central London
116162368,2024-01-01,other-theft,On or near Craig's Court,51.506736,-0.126800,False,Central London
116162414,2024-01-01,other-theft,On or near Soho Street,51.515939,-0.132693,False,Central London
116162481,2024-01-01,other-theft,On or near Wild Court,51.515460,-0.119611,False,Central London
116163480,2024-01-01,other-theft,On or near Waterloo Road,51.502404,-0.110134,False,Central London
116113452,2024-01-01,other-theft,On or near Theatre/concert Hall,51.512811,-0.133325,False,Central London
116145099,2024-01-01,other-theft,On or near New Burlington Place,51.512078,-0.141526,False,Central London
116118733,2024-01-01,other-theft,On or near Dansey Place,51.511790,-0.131925,False,Central London
115991951,2024-01-01,other-theft,On or near West Harding Street,51.515297,-0.108909,False,Central London
126015252,2024-01-01,other-theft,Colchester (station),51.508484,-0.125879,False,Central London
126017665,2024-01-01,other-theft,Waterloo (east) (station),51.504028,-0.109390,False,Central London
126017658,2024-01-01,other-theft,Waterloo (london) (station),51.503058,-0.113754,False,Central London
126017657,2024-01-01,other-theft,Waterloo (london) (station),51.503058,-0.113754,False,Central London
126017493,2024-01-01,other-theft,Tottenham Court Road (lu Station),51.516391,-0.130498,False,Central London
126017492,2024-01-01,other-theft,Tottenham Court Road (lu Station),51.516391,-0.130498,False,Central London
116148139,2024-01-01,other-theft,On or near Moor Street,51.513498,-0.130169,False,Central London
116089596,2024-01-01,other-theft,On or near Theme/adventure Park,51.502823,-0.119257,False,Central London
116089677,2024-01-01,other-theft,On or near Baylis Road,51.500396,-0.111082,False,Central London
116089996,2024-01-01,other-theft,On or near Buckingham Street,51.508409,-0.123461,False,Central London
116090005,2024-01-01,other-theft,On or near Grafton Street,51.510141,-0.143046,False,Central London
116090006,2024-01-01,other-theft,On or near Great Windmill Street,51.510952,-0.134064,False,Central London
116090049,2024-01-01,other-theft,On or near Windmill Street,51.518783,-0.133974,False,Central London
116090384,2024-01-01,other-theft,On or near Theatre/concert Hall,51.509944,-0.127807,False,Central London
116091988,2024-01-01,other-theft,On or near Frith Street,51.513601,-0.131534,False,Central London
116092331,2024-01-01,other-theft,On or near Sports/recreation Area,51.509947,-0.131367,False,Central London
116092572,2024-01-01,other-theft,On or near Nightclub,51.508087,-0.124122,False,Central London
116092114,2024-01-01,other-theft,On or near John Prince's Street,51.515753,-0.143092,False,Central London
116092649,2024-01-01,other-theft,On or near Nightclub,51.512495,-0.138915,False,Central London
116108950,2024-01-01,other-theft,On or near Bridge Street,51.500978,-0.125524,False,Central London
116109256,2024-01-01,other-theft,On or near Denman Street,51.510729,-0.135283,False,Central London
116109258,2024-01-01,other-theft,On or near Blenheim Street,51.513918,-0.146986,False,Central London
116109261,2024-01-01,other-theft,On or near Old Compton Street,51.513200,-0.131248,False,Central London
116109266,2024-01-01,other-theft,On or near Nightclub,51.512495,-0.138915,False,Central London
116109429,2024-01-01,other-theft,On or near Windmill Street,51.518783,-0.133974,False,Central London
116109478,2024-01-01,other-theft,On or near St Giles High Street,51.515598,-0.127633,False,Central London
116109530,2024-01-01,other-theft,On or near Arlington Street,51.506922,-0.140785,False,Central London
116109615,2024-01-01,other-theft,On or near Soho Street,51.515939,-0.132693,False,Central London
116109677,2024-01-01,other-theft,On or near Savoy Way,51.510042,-0.120439,False,Central London
116109668,2024-01-01,other-theft,On or near Parking Area,51.506136,-0.115773,False,Central London
116109672,2024-01-01,other-theft,On or near Essex Street,51.512590,-0.112811,False,Central London
116109675,2024-01-01,other-theft,On or near Essex Street,51.512590,-0.112811,False,Central London
116110100,2024-01-01,other-theft,On or near Barter Street,51.517696,-0.122791,False,Central London
116110280,2024-01-01,other-theft,On or near Albany Courtyard,51.508699,-0.138306,False,Central London
116110288,2024-01-01,other-theft,On or near Shepherd Market,51.506327,-0.146357,False,Central London
116110316,2024-01-01,other-theft,On or near Hills Place,51.515088,-0.140222,False,Central London
116110319,2024-01-01,other-theft,On or near Moor Street,51.513498,-0.130169,False,Central London
116110355,2024-01-01,other-theft,On or near Nightclub,51.513940,-0.132500,False,Central London
116110352,2024-01-01,other-theft,On or near Nightclub,51.511783,-0.129778,False,Central London
116113426,2024-01-01,other-theft,On or near Carrington Street,51.506193,-0.147011,False,Central London
116113699,2024-01-01,other-theft,On or near Dering Street,51.514195,-0.145735,False,Central London
116112206,2024-01-01,other-theft,On or near Craven Street,51.507182,-0.124332,False,Central London
116116284,2024-01-01,other-theft,On or near Dering Street,51.514195,-0.145735,False,Central London
116116338,2024-01-01,other-theft,On or near Bridge Street,51.500978,-0.125524,False,Central London
116116489,2024-01-01,other-theft,On or near Maiden Lane,51.510759,-0.123061,False,Central London
116116580,2024-01-01,other-theft,On or near Theatre/concert Hall,51.506998,-0.113994,False,Central London
116116648,2024-01-01,other-theft,On or near Newman Street,51.517596,-0.135680,False,Central London
116116702,2024-01-01,other-theft,On or near Nightclub,51.512495,-0.138915,False,Central London
116116724,2024-01-01,other-theft,On or near Nightclub,51.512416,-0.133384,False,Central London
116116768,2024-01-01,other-theft,On or near Moor Street,51.513498,-0.130169,False,Central London
116116897,2024-01-01,other-theft,On or near Howick Place,51.496711,-0.137095,False,Central London
116117115,2024-01-01,other-theft,On or near Smith's Court,51.511608,-0.134599,False,Central London
116117166,2024-01-01,other-theft,On or near Old Compton Street,51.513200,-0.131248,False,Central London
116117168,2024-01-01,other-theft,On or near Argyll Street,51.514684,-0.140844,False,Central London
116117170,2024-01-01,other-theft,On or near Great Windmill Street,51.510952,-0.134064,False,Central London
116117176,2024-01-01,other-theft,On or near Dansey Place,51.511790,-0.131925,False,Central London
116117180,2024-01-01,other-theft,On or near Greek Street,51.513804,-0.130733,False,Central London
116117203,2024-01-01,other-theft,On or near B404,51.512100,-0.127114,False,Central London
116112719,2024-01-01,other-theft,On or near Ganton Street,51.513114,-0.138803,False,Central London
116119442,2024-01-01,other-theft,On or near Wild Court,51.515460,-0.119611,False,Central London
116119810,2024-01-01,other-theft,On or near Further/higher Educational Building,51.515727,-0.136304,False,Central London
116119846,2024-01-01,other-theft,On or near Shopping Area,51.515070,-0.138003,False,Central London
116119875,2024-01-01,other-theft,On or near Romilly Street,51.513019,-0.130592,False,Central London
116120583,2024-01-01,other-theft,On or near Nightclub,51.512416,-0.133384,False,Central London
116120580,2024-01-01,other-theft,On or near Nightclub,51.512416,-0.133384,False,Central London
116122784,2024-01-01,other-theft,On or near Gate Street,51.517114,-0.119009,False,Central London
116122785,2024-01-01,other-theft,On or near Smart's Place,51.516580,-0.123283,False,Central London
116122792,2024-01-01,other-theft,On or near Theatre/concert Hall,51.515425,-0.123028,False,Central London
116122980,2024-01-01,other-theft,On or near Gresse Street,51.517516,-0.134012,False,Central London
116122983,2024-01-01,other-theft,On or near A401,51.511790,-0.132459,False,Central London
116123128,2024-01-01,other-theft,On or near Old Bond Street,51.508911,-0.140877,False,Central London
116123130,2024-01-01,other-theft,On or near Theatre/concert Hall,51.512811,-0.133325,False,Central London
116123222,2024-01-01,other-theft,On or near Further/higher Educational Building,51.513549,-0.125454,False,Central London
116123312,2024-01-01,other-theft,On or near Moor Street,51.513498,-0.130169,False,Central London
116123380,2024-01-01,other-theft,On or near Theatre/concert Hall,51.496848,-0.142518,False,Central London
116123414,2024-01-01,other-theft,On or near Buckingham Place,51.498503,-0.140652,False,Central London
116123425,2024-01-01,other-theft,On or near Spenser Street,51.497835,-0.137092,False,Central London
116123426,2024-01-01,other-theft,On or near Further/higher Educational Building,51.516178,-0.131904,False,Central London
116097266,2024-01-01,other-theft,On or near Trafalgar Square,51.507938,-0.128898,False,Central London
116098836,2024-01-01,other-theft,On or near Old Compton Street,51.513848,-0.129593,False,Central London
116098931,2024-01-01,other-theft,On or near A401,51.511790,-0.132459,False,Central London
116098935,2024-01-01,other-theft,On or near Upper John Street,51.511860,-0.137975,False,Central London
116099121,2024-01-01,other-theft,On or near Hills Place,51.515088,-0.140222,False,Central London
116099183,2024-01-01,other-theft,On or near Parking Area,51.517440,-0.130397,False,Central London
116099269,2024-01-01,other-theft,On or near Bedford Street,51.510389,-0.124157,False,Central London
116099275,2024-01-01,other-theft,On or near Glasshouse Street,51.510520,-0.137439,False,Central London
116099279,2024-01-01,other-theft,On or near Further/higher Educational Building,51.516178,-0.131904,False,Central London
116099283,2024-01-01,other-theft,On or near Shaftesbury Avenue,51.513064,-0.129438,False,Central London
116098572,2024-01-01,other-theft,On or near Glasshouse Street,51.510520,-0.137439,False,Central London
116098578,2024-01-01,other-theft,On or near Argyll Street,51.514684,-0.140844,False,Central London
116098575,2024-01-01,other-theft,On or near Shopping Area,51.511630,-0.121916,False,Central London
116101004,2024-01-01,other-theft,On or near Catton Street,51.518165,-0.120018,False,Central London
116099819,2024-01-01,other-theft,On or near Nightclub,51.513406,-0.131715,False,Central London
116099856,2024-01-01,other-theft,On or near Portsmouth Street,51.514882,-0.117185,False,Central London
116100169,2024-01-01,other-theft,On or near Parking Area,51.513233,-0.141234,False,Central London
116101416,2024-01-01,other-theft,On or near Soho Street,51.515939,-0.132693,False,Central London
116101287,2024-01-01,other-theft,On or near Windmill Street,51.518783,-0.133974,False,Central London
116101678,2024-01-01,other-theft,On or near Chicheley Street,51.502888,-0.117319,False,Central London
116103262,2024-01-01,other-theft,On or near Villiers Street,51.507832,-0.123383,False,Central London
116103377,2024-01-01,other-theft,On or near Buckingham Street,51.508409,-0.123461,False,Central London
116103453,2024-01-01,other-theft,On or near Shopping Area,51.512117,-0.123121,False,Central London
116103445,2024-01-01,other-theft,On or near Macclesfield Street,51.511997,-0.131355,False,Central London
116103486,2024-01-01,other-theft,On or near Parking Area,51.512379,-0.129379,False,Central London
116103492,2024-01-01,other-theft,On or near Carnaby Street,51.513150,-0.138845,False,Central London
116103494,2024-01-01,other-theft,On or near Old Compton Street,51.513848,-0.129593,False,Central London
116104106,2024-01-01,other-theft,On or near Murphy Street,51.499816,-0.112489,False,Central London
116104296,2024-01-01,other-theft,On or near Supermarket,51.514044,-0.117666,False,Central London
116103686,2024-01-01,other-theft,On or near Parking Area,51.514010,-0.124528,False,Central London
116107386,2024-01-01,other-theft,On or near Shopping Area,51.506553,-0.104775,False,Central London
116105347,2024-01-01,other-theft,On or near Theatre/concert Hall,51.513361,-0.128330,False,Central London
116157535,2024-01-01,other-theft,On or near Further/higher Educational Building,51.516178,-0.131904,False,Central London
116157531,2024-01-01,other-theft,On or near Nightclub,51.515684,-0.135874,False,Central London
116158160,2024-01-01,other-theft,On or near Strand,51.511022,-0.119880,False,Central London
116158172,2024-01-01,other-theft,On or near Theatre/concert Hall,51.509909,-0.126298,False,Central London
116142905,2024-01-01,other-theft,On or near Macclesfield Street,51.511997,-0.131355,False,Central London
116142929,2024-01-01,other-theft,On or near Nightclub,51.512495,-0.138915,False,Central London
116142931,2024-01-01,other-theft,On or near Bear Street,51.510910,-0.128604,False,Central London
116142933,2024-01-01,other-theft,On or near Warwick Row,51.498315,-0.142994,False,Central London
116143907,2024-01-01,other-theft,On or near B402,51.513777,-0.123456,False,Central London
116143245,2024-01-01,other-theft,On or near Gresse Street,51.517516,-0.134012,False,Central London
116143243,2024-01-01,other-theft,On or near Parking Area,51.514010,-0.124528,False,Central London
116143246,2024-01-01,other-theft,On or near Mercer Street,51.512945,-0.125926,False,Central London
116128693,2024-01-01,other-theft,On or near Theatre/concert Hall,51.509909,-0.126298,False,Central London
116128767,2024-01-01,other-theft,On or near Nightclub,51.508087,-0.124122,False,Central London
116129038,2024-01-01,other-theft,On or near Shopping Area,51.515070,-0.138003,False,Central London
116129105,2024-01-01,other-theft,On or near Old Compton Street,51.513848,-0.129593,False,Central London
116129318,2024-01-01,other-theft,On or near Theatre/concert Hall,51.509999,-0.131797,False,Central London
116129461,2024-01-01,other-theft,On or near Hanway Place,51.516674,-0.132547,False,Central London
116130390,2024-01-01,other-theft,On or near Theme/adventure Park,51.502823,-0.119257,False,Central London
116130456,2024-01-01,other-theft,On or near Pear Place,51.502428,-0.110508,False,Central London
116127355,2024-01-01,other-theft,On or near Montreal Place,51.512133,-0.117918,False,Central London
116127421,2024-01-01,other-theft,On or near Portsmouth Street,51.514882,-0.117185,False,Central London
116127576,2024-01-01,other-theft,On or near Conference/exhibition Centre,51.516295,-0.129487,False,Central London
116139447,2024-01-01,other-theft,On or near Newnham Terrace,51.498595,-0.113202,False,Central London
116146906,2024-01-01,other-theft,On or near Carnaby Street,51.513150,-0.138845,False,Central London
116146933,2024-01-01,other-theft,On or near Leicester Square,51.511584,-0.128000,False,Central London
116147073,2024-01-01,other-theft,On or near Further/higher Educational Building,51.516178,-0.131904,False,Central London
116147135,2024-01-01,other-theft,On or near Nightclub,51.509458,-0.132280,False,Central London
116148179,2024-01-01,other-theft,On or near B402,51.513777,-0.123456,False,Central London
116148177,2024-01-01,other-theft,On or near Soho Street,51.515939,-0.132693,False,Central London
116148195,2024-01-01,other-theft,On or near Nightclub,51.510272,-0.129192,False,Central London
116148221,2024-01-01,other-theft,On or near Corner House Street,51.507725,-0.125708,False,Central London
116148251,2024-01-01,other-theft,On or near Further/higher Educational Building,51.516178,-0.131904,False,Central London
116148619,2024-01-01,other-theft,On or near Theatre/concert Hall,51.512300,-0.128388,False,Central London
116148633,2024-01-01,other-theft,On or near Nightclub,51.511783,-0.129778,False,Central London
116148679,2024-01-01,other-theft,On or near Nightclub,51.512495,-0.138915,False,Central London
116148695,2024-01-01,other-theft,On or near B402,51.513777,-0.123456,False,Central London
116149190,2024-01-01,other-theft,On or near Conference/exhibition Centre,51.516295,-0.129487,False,Central London
116149496,2024-01-01,other-theft,On or near Trafalgar Square,51.507938,-0.128898,False,Central London
116149530,2024-01-01,other-theft,On or near Perkin's Rents,51.497535,-0.132364,False,Central London
116149810,2024-01-01,other-theft,On or near Lower James Street,51.511312,-0.136326,False,Central London
116149841,2024-01-01,other-theft,On or near Shopping Area,51.512117,-0.123121,False,Central London
116149839,2024-01-01,other-theft,On or near Gresse Street,51.517516,-0.134012,False,Central London
116149906,2024-01-01,other-theft,On or near Little Marlborough Street,51.513708,-0.140004,False,Central London
116149984,2024-01-01,other-theft,On or near B402,51.513777,-0.123456,False,Central London
116150053,2024-01-01,other-theft,On or near Nightclub,51.510953,-0.133012,False,Central London
116150144,2024-01-01,other-theft,On or near Theatre/concert Hall,51.516275,-0.126121,False,Central London
116150422,2024-01-01,other-theft,On or near Upper St Martin's Lane,51.513243,-0.127139,False,Central London
116150893,2024-01-01,other-theft,On or near Nightclub,51.508450,-0.143266,False,Central London
116150953,2024-01-01,other-theft,On or near Little Titchfield Street,51.517954,-0.141777,False,Central London
116151049,2024-01-01,other-theft,On or near Theatre/concert Hall,51.512300,-0.128388,False,Central London
116151126,2024-01-01,other-theft,On or near Further/higher Educational Building,51.517782,-0.138296,False,Central London
116151120,2024-01-01,other-theft,On or near Leicester Street,51.510942,-0.131196,False,Central London
116151194,2024-01-01,other-theft,On or near Goodge Street,51.519378,-0.135737,False,Central London
116151386,2024-01-01,other-theft,On or near Dean Bradley Street,51.495246,-0.126955,False,Central London
116151531,2024-01-01,other-theft,On or near Parking Area,51.507286,-0.128903,False,Central London
116151510,2024-01-01,other-theft,On or near B402,51.513777,-0.123456,False,Central London
116151555,2024-01-01,other-theft,On or near Hills Place,51.515088,-0.140222,False,Central London
116151637,2024-01-01,other-theft,On or near John Prince's Street,51.515753,-0.143092,False,Central London
116151648,2024-01-01,other-theft,On or near Further/higher Educational Building,51.516178,-0.131904,False,Central London
116151742,2024-01-01,other-theft,On or near Further/higher Educational Building,51.515727,-0.136304,False,Central London
116151745,2024-01-01,other-theft,On or near Great Windmill Street,51.510952,-0.134064,False,Central London
116091030,2024-01-01,other-theft,On or near Theatre/concert Hall,51.498709,-0.142286,False,Central London
116091984,2024-01-01,other-theft,On or near Great Windmill Street,51.510952,-0.134064,False,Central London
116113707,2024-01-01,other-theft,On or near Ganton Street,51.513114,-0.138803,False,Central London
116098828,2024-01-01,other-theft,On or near Richmond Mews,51.513911,-0.133539,False,Central London
116148240,2024-01-01,other-theft,On or near Soho Street,51.515939,-0.132693,False,Central London
116145217,2024-01-01,other-theft,On or near Theatre/concert Hall,51.513742,-0.125749,False,Central London
116148691,2024-01-01,other-theft,On or near Nightclub,51.514536,-0.140043,False,Central London
116127336,2024-01-01,other-theft,On or near John Prince's Street,51.515753,-0.143092,False,Central London
116127431,2024-01-01,other-theft,On or near Shopping Area,51.512114,-0.134189,False,Central London
116094782,2024-01-01,other-theft,On or near Hills Place,51.515088,-0.140222,False,Central London
116094788,2024-01-01,other-theft,On or near Half Moon Street,51.506797,-0.145963,False,Central London
116094793,2024-01-01,other-theft,On or near Theatre/concert Hall,51.511272,-0.133820,False,Central London
116154976,2024-01-01,other-theft,On or near Theatre/concert Hall,51.515430,-0.122797,False,Central London
116155004,2024-01-01,other-theft,On or near Barter Street,51.517696,-0.122791,False,Central London
116155357,2024-01-01,other-theft,On or near Nightclub,51.510953,-0.133012,False,Central London
116155375,2024-01-01,other-theft,On or near Strand,51.511022,-0.119880,False,Central London
116155377,2024-01-01,other-theft,On or near Dean Street,51.513734,-0.132595,False,Central London
116155379,2024-01-01,other-theft,On or near Denman Street,51.510729,-0.135283,False,Central London
116155644,2024-01-01,other-theft,On or near Nightclub,51.514012,-0.131078,False,Central London
116126226,2024-01-01,other-theft,On or near Nightclub,51.514279,-0.131247,False,Central London
116112373,2024-01-01,other-theft,On or near Theatre/concert Hall,51.509944,-0.127807,False,Central London
116153453,2024-01-01,other-theft,On or near Theme/adventure Park,51.502803,-0.118778,False,Central London
116125757,2024-01-01,other-theft,On or near Parker Street,51.515869,-0.121554,False,Central London
116119650,2024-01-01,other-theft,On or near Broadwall,51.507466,-0.108441,False,Central London
116119864,2024-01-01,other-theft,On or near Abbey Orchard Street,51.498335,-0.131193,False,Central London
116153245,2024-01-01,other-theft,On or near Nightclub,51.510840,-0.128984,False,Central London
116153936,2024-01-01,other-theft,On or near A401,51.511790,-0.132459,False,Central London
116154704,2024-01-01,other-theft,On or near Hospital,51.499488,-0.118410,False,Central London
116092370,2024-01-01,other-theft,On or near Conference/exhibition Centre,51.516295,-0.129487,False,Central London
116161361,2024-01-01,other-theft,On or near Theatre/concert Hall,51.509909,-0.126298,False,Central London
116162346,2024-01-01,other-theft,On or near Vigo Street,51.510266,-0.139006,False,Central London
116116780,2024-01-01,other-theft,On or near Fitzmaurice Place,51.508676,-0.145368,False,Central London
116117645,2024-01-01,other-theft,On or near Theatre/concert Hall,51.510152,-0.132382,False,Central London
116117888,2024-01-01,other-theft,On or near Glasshouse Street,51.510520,-0.137439,False,Central London
116162376,2024-01-01,other-theft,On or near Theatre/concert Hall,51.515430,-0.122797,False,Central London
116151508,2024-01-01,other-theft,On or near Carnaby Street,51.513150,-0.138845,False,Central London
116112426,2024-01-01,other-theft,On or near Further/higher Educational Building,51.516178,-0.131904,False,Central London
116099765,2024-01-01,other-theft,On or near Nightclub,51.508087,-0.124122,False,Central London
116099834,2024-01-01,other-theft,On or near Little George Street,51.500963,-0.127931,False,Central London
116161268,2024-01-01,other-theft,On or near Richmond Mews,51.513911,-0.133539,False,Central London
116161369,2024-01-01,other-theft,On or near Nightclub,51.513406,-0.131715,False,Central London
116161529,2024-01-01,other-theft,On or near Argyll Street,51.514684,-0.140844,False,Central London
116161797,2024-01-01,other-theft,On or near Earnshaw Street,51.516037,-0.128682,False,Central London
116162312,2024-01-01,other-theft,On or near Nightclub,51.510272,-0.129192,False,Central London
116162315,2024-01-01,other-theft,On or near Macclesfield Street,51.511997,-0.131355,False,Central London
116162341,2024-01-01,other-theft,On or near New Burlington Place,51.512078,-0.141526,False,Central London
116162348,2024-01-01,other-theft,On or near Shopping Area,51.496466,-0.141499,False,Central London
116162337,2024-01-01,other-theft,On or near Soho Street,51.515939,-0.132693,False,Central London
116162417,2024-01-01,other-theft,On or near St Martin's Lane,51.510623,-0.126987,False,Central London
116162403,2024-01-01,other-theft,On or near Nightclub,51.516875,-0.141807,False,Central London
116162415,2024-01-01,other-theft,On or near Theatre/concert Hall,51.506632,-0.127640,False,Central London
116162497,2024-01-01,other-theft,On or near Dyott Street,51.516820,-0.127583,False,Central London
116162498,2024-01-01,other-theft,On or near Theatre/concert Hall,51.516275,-0.126121,False,Central London
116162509,2024-01-01,other-theft,On or near Little Russell Street,51.517742,-0.125614,False,Central London
116162506,2024-01-01,other-theft,On or near Denmark Street,51.515189,-0.129653,False,Central London
116163606,2024-01-01,other-theft,On or near Parking Area,51.517287,-0.130403,False,Central London
116144312,2024-01-01,other-theft,On or near Shopping Area,51.505464,-0.114844,False,Central London
116144316,2024-01-01,other-theft,On or near Hospital,51.499071,-0.117649,False,Central London
116092426,2024-01-01,other-theft,On or near Nightclub,51.510840,-0.128984,False,Central London
116117077,2024-01-01,other-theft,On or near Nightclub,51.516875,-0.141807,False,Central London
116152473,2024-01-01,other-theft,On or near Upper James Street,51.512419,-0.137520,False,Central London
116130137,2024-01-01,other-theft,On or near Conference/exhibition Centre,51.511301,-0.115963,False,Central London
116147128,2024-01-01,other-theft,On or near Tottenham Court Road,51.520697,-0.134429,False,Central London
116120662,2024-01-01,other-theft,On or near Sports/recreation Area,51.509947,-0.131367,False,Central London
116133039,2024-01-01,other-theft,On or near Newburgh Street,51.513370,-0.138519,False,Central London
116123518,2024-01-01,other-theft,On or near Nightclub,51.512495,-0.138915,False,Central London
116107447,2024-01-01,other-theft,On or near Gray Street,51.500608,-0.108091,False,Central London
116117171,2024-01-01,other-theft,On or near Further/higher Educational Building,51.516178,-0.131904,False,Central London
116120584,2024-01-01,other-theft,On or near Nightclub,51.516875,-0.141807,False,Central London
116095783,2024-01-01,other-theft,On or near Park/open Space,51.502810,-0.132696,False,Central London
116103596,2024-01-01,other-theft,On or near Little George Street,51.500963,-0.127931,False,Central London
116110628,2024-01-01,other-theft,On or near Greek Street,51.513804,-0.130733,False,Central London
116141973,2024-01-01,other-theft,On or near Theme/adventure Park,51.502823,-0.119257,False,Central London
116139938,2024-01-01,other-theft,On or near Theme/adventure Park,51.502803,-0.118778,False,Central London
116109441,2024-01-01,other-theft,On or near Gate Street,51.517114,-0.119009,False,Central London
116092455,2024-01-01,other-theft,On or near Theatre/concert Hall,51.510152,-0.132382,False,Central London
116099405,2024-01-01,other-theft,On or near Further/higher Educational Building,51.516178,-0.131904,False,Central London
116116470,2024-01-01,other-theft,On or near Craig's Court,51.506736,-0.126800,False,Central London
116134866,2024-01-01,other-theft,On or near Malet Street,51.521458,-0.130305,False,Central London
116137084,2024-01-01,other-theft,On or near Conference/exhibition Centre,51.520592,-0.122196,False,Central London
116140593,2024-01-01,other-theft,On or near A401,51.511790,-0.132459,False,Central London
116119839,2024-01-01,other-theft,On or near Great Windmill Street,51.510952,-0.134064,False,Central London
116145084,2024-01-01,other-theft,On or near Soho Street,51.515939,-0.132693,False,Central London
116116446,2024-01-01,other-theft,On or near Shopping Area,51.496466,-0.141499,False,Central London
116121195,2024-01-01,other-theft,On or near Hills Place,51.515088,-0.140222,False,Central London
116129262,2024-01-01,other-theft,On or near Upper James Street,51.512419,-0.137520,False,Central London
116130108,2024-01-01,other-theft,On or near Parking Area,51.517687,-0.112111,False,Central London
116130384,2024-01-01,other-theft,On or near Further/higher Educational Building,51.500280,-0.116091,False,Central London
116130386,2024-01-01,other-theft,On or near Lambeth North,51.499042,-0.111930,False,Central London
116130896,2024-01-01,other-theft,On or near Theatre/concert Hall,51.512300,-0.128388,False,Central London
116130908,2024-01-01,other-theft,On or near Old Compton Street,51.513848,-0.129593,False,Central London
116131672,2024-01-01,other-theft,On or near Little Newport Street,51.511703,-0.128701,False,Central London
116131738,2024-01-01,other-theft,On or near Theatre/concert Hall,51.510152,-0.132382,False,Central London
116148684,2024-01-01,other-theft,On or near Shaftesbury Avenue,51.513064,-0.129438,False,Central London
116144327,2024-01-01,other-theft,On or near Hospital,51.499071,-0.117649,False,Central London
116132134,2024-01-01,other-theft,On or near Shaftesbury Avenue,51.514970,-0.127169,False,Central London
116133105,2024-01-01,other-theft,On or near Theatre/concert Hall,51.512300,-0.128388,False,Central London
116148239,2024-01-01,other-theft,On or near Theatre/concert Hall,51.509158,-0.134930,False,Central London
116134645,2024-01-01,other-theft,On or near Further/higher Educational Building,51.516178,-0.131904,False,Central London
116134732,2024-01-01,other-theft,On or near Romilly Street,51.513019,-0.130592,False,Central London
116134734,2024-01-01,other-theft,On or near St Margaret Street,51.500253,-0.126317,False,Central London
116134805,2024-01-01,other-theft,On or near Theatre/concert Hall,51.515425,-0.123028,False,Central London
116134909,2024-01-01,other-theft,On or near Glasshouse Street,51.510520,-0.137439,False,Central London
116135531,2024-01-01,other-theft,On or near Southampton Row,51.519624,-0.121890,False,Central London
116157233,2024-01-01,other-theft,On or near Corner House Street,51.507725,-0.125708,False,Central London
116125838,2024-01-01,other-theft,On or near London Waterloo,51.502663,-0.113423,False,Central London
116126155,2024-01-01,other-theft,On or near Argyll Street,51.514684,-0.140844,False,Central London
116141321,2024-01-01,other-theft,On or near Theme/adventure Park,51.502823,-0.119257,False,Central London
116143244,2024-01-01,other-theft,On or near Gresse Street,51.517516,-0.134012,False,Central London
116143413,2024-01-01,other-theft,On or near Bywell Place,51.518241,-0.140021,False,Central London
116144034,2024-01-01,other-theft,On or near St Margaret Street,51.500253,-0.126317,False,Central London
116144056,2024-01-01,other-theft,On or near New Burlington Place,51.512078,-0.141526,False,Central London
116144387,2024-01-01,other-theft,On or near Old Compton Street,51.513200,-0.131248,False,Central London
116144572,2024-01-01,other-theft,On or near Mercer Street,51.513064,-0.126080,False,Central London
116144598,2024-01-01,other-theft,On or near Dansey Place,51.511790,-0.131925,False,Central London
116145609,2024-01-01,other-theft,On or near Nightclub,51.515684,-0.135874,False,Central London
116154451,2024-01-01,other-theft,On or near Soho Street,51.515939,-0.132693,False,Central London
116146719,2024-01-01,other-theft,On or near William Iv Street,51.509491,-0.125924,False,Central London
116146926,2024-01-01,other-theft,On or near Nightclub,51.516623,-0.132976,False,Central London
116147141,2024-01-01,other-theft,On or near Argyll Street,51.514684,-0.140844,False,Central London
116148137,2024-01-01,other-theft,On or near Romilly Street,51.513019,-0.130592,False,Central London
116162490,2024-01-01,other-theft,On or near Dyott Street,51.516820,-0.127583,False,Central London
116119830,2024-01-01,other-theft,On or near Nightclub,51.515684,-0.135874,False,Central London
116098093,2024-01-01,other-theft,On or near Shopping Area,51.496466,-0.141499,False,Central London
116143904,2024-01-01,other-theft,On or near Whitcomb Street,51.509807,-0.131055,False,Central London
116144044,2024-01-01,other-theft,On or near Nightclub,51.508087,-0.124122,False,Central London
116144091,2024-01-01,other-theft,On or near Great Windmill Street,51.510952,-0.134064,False,Central London
116107862,2024-01-01,other-theft,On or near Avery Row,51.512544,-0.145989,False,Central London
116123134,2024-01-01,other-theft,On or near Moor Street,51.513498,-0.130169,False,Central London
116091481,2024-01-01,other-theft,On or near Smith's Court,51.511608,-0.134599,False,Central London
116091795,2024-01-01,other-theft,On or near Little Russell Street,51.517742,-0.125614,False,Central London
116092719,2024-01-01,other-theft,On or near Craig's Court,51.506736,-0.126800,False,Central London
116097497,2024-01-01,other-theft,On or near Old Compton Street,51.513848,-0.129593,False,Central London
116097821,2024-01-01,other-theft,On or near John Adam Street,51.509044,-0.123247,False,Central London
116146387,2024-01-01,other-theft,On or near A5204,51.519697,-0.134917,False,Central London
116098810,2024-01-01,other-theft,On or near Tottenham Court Road,51.520697,-0.134429,False,Central London
116109251,2024-01-01,other-theft,On or near Craig's Court,51.506736,-0.126800,False,Central London
116105745,2024-01-01,other-theft,On or near Nightclub,51.512513,-0.133841,False,Central London
116148129,2024-01-01,other-theft,On or near Leicester Street,51.510942,-0.131196,False,Central London
116109263,2024-01-01,other-theft,On or near Great Chapel Street,51.515580,-0.134437,False,Central London
116109275,2024-01-01,other-theft,On or near Parking Area,51.510433,-0.140455,False,Central London
116109276,2024-01-01,other-theft,On or near Great Windmill Street,51.510952,-0.134064,False,Central London
116109277,2024-01-01,other-theft,On or near Gresse Street,51.517516,-0.134012,False,Central London
116109542,2024-01-01,other-theft,On or near Soho Street,51.515939,-0.132693,False,Central London
116111815,2024-01-01,other-theft,On or near Theatre/concert Hall,51.516275,-0.126121,False,Central London
116105212,2024-01-01,other-theft,On or near Ferry Terminal,51.495035,-0.121114,False,Central London
116116711,2024-01-01,other-theft,On or near John Prince's Street,51.515753,-0.143092,False,Central London
116116716,2024-01-01,other-theft,On or near Smith's Court,51.511608,-0.134599,False,Central London
116131723,2024-01-01,other-theft,On or near Macclesfield Street,51.511997,-0.131355,False,Central London
116132662,2024-01-01,other-theft,On or near Argyll Street,51.514684,-0.140844,False,Central London
116090108,2024-01-01,other-theft,On or near Parking Area,51.516395,-0.125165,False,Central London
116153972,2024-01-01,other-theft,On or near Theatre/concert Hall,51.509909,-0.126298,False,Central London
116091029,2024-01-01,other-theft,On or near Shopping Area,51.516618,-0.139226,False,Central London
116135546,2024-01-01,other-theft,On or near Conference/exhibition Centre,51.516295,-0.129487,False,Central London
116139780,2024-01-01,other-theft,On or near Upper Ground,51.508094,-0.106685,False,Central London
116141616,2024-01-01,other-theft,On or near Gray Street,51.500608,-0.108091,False,Central London
116144180,2024-01-01,other-theft,On or near Waterloo Road,51.502404,-0.110134,False,Central London
116099267,2024-01-01,other-theft,On or near Theatre/concert Hall,51.512300,-0.128388,False,Central London
116110340,2024-01-01,other-theft,On or near Hanover Street,51.513827,-0.142363,False,Central London
116113697,2024-01-01,other-theft,On or near Carnaby Street,51.513150,-0.138845,False,Central London
116128977,2024-01-01,other-theft,On or near B402,51.513777,-0.123456,False,Central London
116110317,2024-01-01,other-theft,On or near Dover Street,51.508401,-0.142195,False,Central London
116117315,2024-01-01,other-theft,On or near Nightclub,51.516875,-0.141807,False,Central London
116092542,2024-01-01,other-theft,On or near Theatre/concert Hall,51.514523,-0.129580,False,Central London
116127617,2024-01-01,other-theft,On or near Shelton Street,51.513753,-0.125331,False,Central London
116124733,2024-01-01,other-theft,On or near B326,51.493939,-0.129039,False,Central London
116103533,2024-01-01,other-theft,On or near Foubert's Place,51.513826,-0.138947,False,Central London
116128697,2024-01-01,other-theft,On or near Nightclub,51.512495,-0.138915,False,Central London
116109621,2024-01-01,other-theft,On or near Argyll Street,51.514684,-0.140844,False,Central London
116109728,2024-01-01,other-theft,On or near Nightclub,51.512495,-0.138915,False,Central London
116100168,2024-01-01,other-theft,On or near Macclesfield Street,51.511997,-0.131355,False,Central London
116154415,2024-01-01,other-theft,On or near Old Compton Street,51.513200,-0.131248,False,Central London
116110322,2024-01-01,other-theft,On or near Theatre/concert Hall,51.514625,-0.118017,False,Central London
116123410,2024-01-01,other-theft,On or near Argyll Street,51.514684,-0.140844,False,Central London
116149465,2024-01-01,other-theft,On or near Great Chapel Street,51.515580,-0.134437,False,Central London
116149330,2024-01-01,other-theft,On or near Southampton Buildings,51.518231,-0.112953,False,Central London
116161585,2024-01-01,other-theft,On or near Ashburton Place,51.506541,-0.144533,False,Central London
116123429,2024-01-01,other-theft,On or near Further/higher Educational Building,51.516178,-0.131904,False,Central London
116098398,2024-01-01,other-theft,On or near Soho Street,51.515939,-0.132693,False,Central London
116102188,2024-01-01,other-theft,On or near Carlos Place,51.510642,-0.149698,False,Central London
116161509,2024-01-01,other-theft,On or near B402,51.512855,-0.124820,False,Central London
116148548,2024-01-01,other-theft,On or near Conference/exhibition Centre,51.516295,-0.129487,False,Central London
116149815,2024-01-01,other-theft,On or near Moor Street,51.513498,-0.130169,False,Central London
116098125,2024-01-01,other-theft,On or near Princes Street,51.514365,-0.143408,False,Central London
116090447,2024-01-01,other-theft,On or near Parking Area,51.506136,-0.115773,False,Central London
116138282,2024-01-01,other-theft,On or near Riding House Street,51.518580,-0.140440,False,Central London
116090078,2024-01-01,other-theft,On or near Police Station,51.509786,-0.124658,False,Central London
116090153,2024-01-01,other-theft,On or near Chadwick Street,51.496313,-0.132429,False,Central London
116090367,2024-01-01,other-theft,On or near Princes Street,51.514365,-0.143408,False,Central London
116090697,2024-01-01,other-theft,On or near Procter Street,51.518405,-0.119302,False,Central London
116091110,2024-01-01,other-theft,On or near Princes Street,51.514365,-0.143408,False,Central London
116091116,2024-01-01,other-theft,On or near B402,51.513777,-0.123456,False,Central London
116091461,2024-01-01,other-theft,On or near Shopping Area,51.515070,-0.138003,False,Central London
116091463,2024-01-01,other-theft,On or near Denman Street,51.510729,-0.135283,False,Central London
116091464,2024-01-01,other-theft,On or near Nightclub,51.511783,-0.129778,False,Central London
116091477,2024-01-01,other-theft,On or near Nightclub,51.509962,-0.137952,False,Central London
116091483,2024-01-01,other-theft,On or near Mason's Arms Mews,51.512994,-0.142584,False,Central London
116091577,2024-01-01,other-theft,On or near Smith's Court,51.511608,-0.134599,False,Central London
116091688,2024-01-01,other-theft,On or near Princes Street,51.514365,-0.143408,False,Central London
116092252,2024-01-01,other-theft,On or near Dansey Place,51.511790,-0.131925,False,Central London
116093655,2024-01-01,other-theft,On or near Nightclub,51.514012,-0.131078,False,Central London
116093766,2024-01-01,other-theft,On or near Hills Place,51.515088,-0.140222,False,Central London
116093782,2024-01-01,other-theft,On or near Little Russell Street,51.517742,-0.125614,False,Central London
116093928,2024-01-01,other-theft,On or near Southampton Street,51.511096,-0.122226,False,Central London
116094161,2024-01-01,other-theft,On or near Gate Street,51.517114,-0.119009,False,Central London
116094783,2024-01-01,other-theft,On or near Nightclub,51.510840,-0.128984,False,Central London
116094787,2024-01-01,other-theft,On or near Blenheim Street,51.513918,-0.146986,False,Central London
116094822,2024-01-01,other-theft,On or near Pear Place,51.502428,-0.110508,False,Central London
116095972,2024-01-01,other-theft,On or near Shopping Area,51.513575,-0.140687,False,Central London
116096509,2024-01-01,other-theft,On or near Theatre/concert Hall,51.512725,-0.134121,False,Central London
116097628,2024-01-01,other-theft,On or near Neal Street,51.513386,-0.124308,False,Central London
116097635,2024-01-01,other-theft,On or near Blenheim Street,51.513918,-0.146986,False,Central London
116098740,2024-01-01,other-theft,On or near Theatre/concert Hall,51.512811,-0.133325,False,Central London
116098759,2024-01-01,other-theft,On or near Shopping Area,51.496466,-0.141499,False,Central London
116098770,2024-01-01,other-theft,On or near Hills Place,51.515088,-0.140222,False,Central London
116098778,2024-01-01,other-theft,On or near Sherwood Street,51.511018,-0.135963,False,Central London
116098780,2024-01-01,other-theft,On or near Nightclub,51.515684,-0.135874,False,Central London
116099170,2024-01-01,other-theft,On or near Denmark Street,51.515189,-0.129653,False,Central London
116099235,2024-01-01,other-theft,On or near Upper James Street,51.512419,-0.137520,False,Central London
116099338,2024-01-01,other-theft,On or near Theatre/concert Hall,51.496848,-0.142518,False,Central London
116099394,2024-01-01,other-theft,On or near Soho Street,51.515939,-0.132693,False,Central London
116099766,2024-01-01,other-theft,On or near Dufour's Place,51.513494,-0.137289,False,Central London
116099823,2024-01-01,other-theft,On or near Nightclub,51.516900,-0.132077,False,Central London
116099840,2024-01-01,other-theft,On or near Nightclub,51.510272,-0.129192,False,Central London
116100161,2024-01-01,other-theft,On or near Little Newport Street,51.511703,-0.128701,False,Central London
116101093,2024-01-01,other-theft,On or near Further/higher Educational Building,51.517255,-0.125562,False,Central London
116101288,2024-01-01,other-theft,On or near Gate Street,51.517114,-0.119009,False,Central London
116102276,2024-01-01,other-theft,On or near St Margaret Street,51.500253,-0.126317,False,Central London
116102413,2024-01-01,other-theft,On or near Buckingham Street,51.508409,-0.123461,False,Central London
116102598,2024-01-01,other-theft,On or near Dering Street,51.514195,-0.145735,False,Central London
116102624,2024-01-01,other-theft,On or near Little Titchfield Street,51.517954,-0.141777,False,Central London
116102831,2024-01-01,other-theft,On or near Hospital,51.499071,-0.117649,False,Central London
116103692,2024-01-01,other-theft,On or near Dyott Street,51.516820,-0.127583,False,Central London
116104551,2024-01-01,other-theft,On or near Temple Avenue,51.511884,-0.108027,False,Central London
116105730,2024-01-01,other-theft,On or near Theatre/concert Hall,51.506632,-0.127640,False,Central London
116105772,2024-01-01,other-theft,On or near Richmond Mews,51.513911,-0.133539,False,Central London
116105782,2024-01-01,other-theft,On or near Nightclub,51.510272,-0.129192,False,Central London
116106577,2024-01-01,other-theft,On or near Mitre Road,51.502306,-0.107963,False,Central London
116106654,2024-01-01,other-theft,On or near Leicester Street,51.510942,-0.131196,False,Central London
116107815,2024-01-01,other-theft,On or near Savoy Court,51.510373,-0.120887,False,Central London
116108806,2024-01-01,other-theft,On or near Nightclub,51.512495,-0.138915,False,Central London
116109479,2024-01-01,other-theft,On or near Windmill Street,51.518783,-0.133974,False,Central London
116109512,2024-01-01,other-theft,On or near Theatre/concert Hall,51.511417,-0.127539,False,Central London
116109521,2024-01-01,other-theft,On or near Gerrard Place,51.512247,-0.130120,False,Central London
116109545,2024-01-01,other-theft,On or near Nightclub,51.516900,-0.132077,False,Central London
116109565,2024-01-01,other-theft,On or near Theatre/concert Hall,51.512725,-0.134121,False,Central London
116109635,2024-01-01,other-theft,On or near Bourchier Street,51.513052,-0.132681,False,Central London
116109706,2024-01-01,other-theft,On or near Market Place,51.516058,-0.140154,False,Central London
116110619,2024-01-01,other-theft,On or near Down Street Mews,51.504717,-0.148022,False,Central London
116113393,2024-01-01,other-theft,On or near Castle Lane,51.498427,-0.139229,False,Central London
116113703,2024-01-01,other-theft,On or near Apple Tree Yard,51.508313,-0.136074,False,Central London
116115183,2024-01-01,other-theft,On or near Upper James Street,51.512419,-0.137520,False,Central London
116116438,2024-01-01,other-theft,On or near Shopping Area,51.513237,-0.146004,False,Central London
116116524,2024-01-01,other-theft,On or near Theatre/concert Hall,51.512300,-0.128388,False,Central London
116117206,2024-01-01,other-theft,On or near Northumberland Avenue,51.506985,-0.124975,False,Central London
116111756,2024-01-01,other-theft,On or near Theatre/concert Hall,51.513046,-0.122679,False,Central London
116112302,2024-01-01,other-theft,On or near Little Smith Street,51.497453,-0.129486,False,Central London
116112371,2024-01-01,other-theft,On or near A401,51.511790,-0.132459,False,Central London
116112467,2024-01-01,other-theft,On or near Theatre/concert Hall,51.512300,-0.128388,False,Central London
116112490,2024-01-01,other-theft,On or near Leicester Square,51.511584,-0.128000,False,Central London
116112994,2024-01-01,other-theft,On or near Langham Place,51.517741,-0.143126,False,Central London
116119849,2024-01-01,other-theft,On or near Nightclub,51.509962,-0.137952,False,Central London
116122800,2024-01-01,other-theft,On or near Further/higher Educational Building,51.517845,-0.121977,False,Central London
116123230,2024-01-01,other-theft,On or near Little Marlborough Street,51.513708,-0.140004,False,Central London
116123979,2024-01-01,other-theft,On or near Russell Street,51.512863,-0.120842,False,Central London
116124029,2024-01-01,other-theft,On or near Bedford Place,51.520844,-0.125040,False,Central London
116117307,2024-01-01,other-theft,On or near Shopping Area,51.519933,-0.133899,False,Central London
116118253,2024-01-01,other-theft,On or near Parking Area,51.506136,-0.115773,False,Central London
116128642,2024-01-01,other-theft,On or near Dering Street,51.514195,-0.145735,False,Central London
116128750,2024-01-01,other-theft,On or near Vandon Street,51.498746,-0.136666,False,Central London
116128826,2024-01-01,other-theft,On or near Catherine Street,51.512408,-0.119910,False,Central London
116130138,2024-01-01,other-theft,On or near Denman Street,51.510729,-0.135283,False,Central London
116131647,2024-01-01,other-theft,On or near Shopping Area,51.499894,-0.132899,False,Central London
116131690,2024-01-01,other-theft,On or near Little Newport Street,51.511703,-0.128701,False,Central London
116131707,2024-01-01,other-theft,On or near Greek Street,51.513804,-0.130733,False,Central London
116131713,2024-01-01,other-theft,On or near New Row,51.511137,-0.125914,False,Central London
116133758,2024-01-01,other-theft,On or near Nightclub,51.512416,-0.133384,False,Central London
116126182,2024-01-01,other-theft,On or near Romilly Street,51.513019,-0.130592,False,Central London
116126223,2024-01-01,other-theft,On or near Old Compton Street,51.513200,-0.131248,False,Central London
116126246,2024-01-01,other-theft,On or near Gerrard Street,51.511760,-0.131163,False,Central London
116127406,2024-01-01,other-theft,On or near Little Smith Street,51.497453,-0.129486,False,Central London
116130883,2024-01-01,other-theft,On or near Shopping Area,51.496466,-0.141499,False,Central London
116110320,2024-01-01,other-theft,On or near Market Place,51.516058,-0.140154,False,Central London
116105827,2024-01-01,other-theft,On or near Nightclub,51.509458,-0.132280,False,Central London
116133110,2024-01-01,other-theft,On or near Shopping Area,51.496466,-0.141499,False,Central London
116107315,2024-01-01,other-theft,On or near Theatre/concert Hall,51.513361,-0.128330,False,Central London
116134876,2024-01-01,other-theft,On or near Theatre/concert Hall,51.515430,-0.122797,False,Central London
116113429,2024-01-01,other-theft,On or near Northumberland Avenue,51.506985,-0.124975,False,Central London
116109428,2024-01-01,other-theft,On or near Newman's Row,51.517274,-0.115500,False,Central London
116139789,2024-01-01,other-theft,On or near Great Windmill Street,51.510952,-0.134064,False,Central London
116099649,2024-01-01,other-theft,On or near Soho Street,51.515939,-0.132693,False,Central London
116134642,2024-01-01,other-theft,On or near Argyll Street,51.514684,-0.140844,False,Central London
116134870,2024-01-01,other-theft,On or near Tottenham Court Road,51.520697,-0.134429,False,Central London
116137229,2024-01-01,other-theft,On or near Nightclub,51.514536,-0.140043,False,Central London
116137237,2024-01-01,other-theft,On or near Nightclub,51.514536,-0.140043,False,Central London
116137285,2024-01-01,other-theft,On or near Sports/recreation Area,51.509947,-0.131367,False,Central London
116138303,2024-01-01,other-theft,On or near Conference/exhibition Centre,51.507911,-0.139635,False,Central London
116138371,2024-01-01,other-theft,On or near Morpeth Terrace,51.495183,-0.139952,False,Central London
116157808,2024-01-01,other-theft,On or near Theme/adventure Park,51.502823,-0.119257,False,Central London
116158029,2024-01-01,other-theft,On or near Market Place,51.516058,-0.140154,False,Central London
116144032,2024-01-01,other-theft,On or near Argyll Street,51.514684,-0.140844,False,Central London
116144398,2024-01-01,other-theft,On or near Nightclub,51.514492,-0.131037,False,Central London
116144886,2024-01-01,other-theft,On or near Royal Street,51.498619,-0.115780,False,Central London
116145053,2024-01-01,other-theft,On or near Yarmouth Place,51.505459,-0.146623,False,Central London
116146246,2024-01-01,other-theft,On or near Ashburton Place,51.506541,-0.144533,False,Central London
116146821,2024-01-01,other-theft,On or near Old Compton Street,51.513200,-0.131248,False,Central London
116146938,2024-01-01,other-theft,On or near Cork St Mews,51.509986,-0.141741,False,Central London
116149293,2024-01-01,other-theft,On or near Nightclub,51.515942,-0.112096,False,Central London
116149901,2024-01-01,other-theft,On or near Argyll Street,51.514684,-0.140844,False,Central London
116150054,2024-01-01,other-theft,On or near Princes Street,51.514365,-0.143408,False,Central London
116151515,2024-01-01,other-theft,On or near John Prince's Street,51.515753,-0.143092,False,Central London
116151644,2024-01-01,other-theft,On or near Dover Street,51.508401,-0.142195,False,Central London
116151761,2024-01-01,other-theft,On or near Nightclub,51.516341,-0.120151,False,Central London
116152014,2024-01-01,other-theft,On or near Greek Street,51.513804,-0.130733,False,Central London
116152613,2024-01-01,other-theft,On or near Little Russell Street,51.517742,-0.125614,False,Central London
116120402,2024-01-01,other-theft,On or near Shopping Area,51.496466,-0.141499,False,Central London
116154382,2024-01-01,other-theft,On or near Theatre/concert Hall,51.496848,-0.142518,False,Central London
116154450,2024-01-01,other-theft,On or near Shelton Street,51.513753,-0.125331,False,Central London
116154527,2024-01-01,other-theft,On or near Parking Area,51.507286,-0.128903,False,Central London
116141334,2024-01-01,other-theft,On or near Parking Area,51.512379,-0.129379,False,Central London
116154972,2024-01-01,other-theft,On or near Neal Street,51.513386,-0.124308,False,Central London
116157271,2024-01-01,other-theft,On or near Theatre/concert Hall,51.504066,-0.110037,False,Central London
116134718,2024-01-01,other-theft,On or near Greek Street,51.513804,-0.130733,False,Central London
116111920,2024-01-01,other-theft,On or near Parking Area,51.517440,-0.130397,False,Central London
116158468,2024-01-01,other-theft,On or near Strand,51.511022,-0.119880,False,Central London
116158982,2024-01-01,other-theft,On or near Strand,51.511022,-0.119880,False,Central London
116158998,2024-01-01,other-theft,On or near Strand,51.511022,-0.119880,False,Central London
116161511,2024-01-01,other-theft,On or near Nightclub,51.509962,-0.137952,False,Central London
116161547,2024-01-01,other-theft,On or near Archer Street,51.511502,-0.134157,False,Central London
116161566,2024-01-01,other-theft,On or near Strand,51.511022,-0.119880,False,Central London
116162378,2024-01-01,other-theft,On or near Tottenham Court Road,51.520697,-0.134429,False,Central London
116162409,2024-01-01,other-theft,On or near Nightclub,51.510840,-0.128984,False,Central London
116102965,2024-01-01,other-theft,On or near Hatfields,51.503496,-0.106473,False,Central London
126016841,2024-01-01,other-theft,Piccadilly Circus (lu Station),51.509609,-0.135151,False,Central London
126016840,2024-01-01,other-theft,Piccadilly Circus (lu Station),51.509609,-0.135151,False,Central London
116103302,2024-01-01,other-theft,On or near B506,51.518567,-0.132282,False,Central London
116100374,2024-01-01,other-theft,On or near Theatre/concert Hall,51.509944,-0.127807,False,Central London
116119778,2024-01-01,other-theft,On or near Argyll Street,51.514684,-0.140844,False,Central London
116119834,2024-01-01,other-theft,On or near Shopping Area,51.513600,-0.148512,False,Central London
116129010,2024-01-01,other-theft,On or near Ferry Terminal,51.495035,-0.121114,False,Central London
116090100,2024-01-01,other-theft,On or near Dunn's Passage,51.517030,-0.123827,False,Central London
116108805,2024-01-01,other-theft,On or near Old Bond Street,51.508911,-0.140877,False,Central London
116090894,2024-01-01,other-theft,On or near Old Bond Street,51.508911,-0.140877,False,Central London
116091326,2024-01-01,other-theft,On or near John Prince's Street,51.515753,-0.143092,False,Central London
116105693,2024-01-01,other-theft,On or near Theatre/concert Hall,51.512106,-0.133100,False,Central London
116105788,2024-01-01,other-theft,On or near Hills Place,51.515088,-0.140222,False,Central London
116106896,2024-01-01,other-theft,On or near Buckingham Street,51.508409,-0.123461,False,Central London
116117213,2024-01-01,other-theft,On or near Babmaes Street,51.508556,-0.134925,False,Central London
116124033,2024-01-01,other-theft,On or near Little Russell Street,51.517742,-0.125614,False,Central London
116122380,2024-01-01,other-theft,On or near Nightclub,51.512416,-0.133384,False,Central London
116122376,2024-01-01,other-theft,On or near Theatre/concert Hall,51.509944,-0.127807,False,Central London
116122387,2024-01-01,other-theft,On or near Nightclub,51.516623,-0.132976,False,Central London
116122391,2024-01-01,other-theft,On or near Foley Street,51.519609,-0.139548,False,Central London
116122420,2024-01-01,other-theft,On or near Blenheim Street,51.513918,-0.146986,False,Central London
116122430,2024-01-01,other-theft,On or near Soho Street,51.515939,-0.132693,False,Central London
116122429,2024-01-01,other-theft,On or near Soho Street,51.515939,-0.132693,False,Central London
116122488,2024-01-01,other-theft,On or near Glasshouse Street,51.510520,-0.137439,False,Central London
116122494,2024-01-01,other-theft,On or near Nightclub,51.512416,-0.133384,False,Central London
116122493,2024-01-01,other-theft,On or near Catherine Street,51.512408,-0.119910,False,Central London
116124967,2024-01-01,other-theft,On or near Pear Place,51.502428,-0.110508,False,Central London
116125765,2024-01-01,other-theft,On or near Berwick Street,51.514185,-0.135459,False,Central London
116125772,2024-01-01,other-theft,On or near Shopping Area,51.515070,-0.138003,False,Central London
116117228,2024-01-01,other-theft,On or near Portsmouth Street,51.514882,-0.117185,False,Central London
116117696,2024-01-01,other-theft,On or near New Burlington Place,51.512078,-0.141526,False,Central London
116117790,2024-01-01,other-theft,On or near Conference/exhibition Centre,51.507911,-0.139635,False,Central London
116117860,2024-01-01,other-theft,On or near Nightclub,51.508450,-0.143266,False,Central London
116118019,2024-01-01,other-theft,On or near Shopping Area,51.512117,-0.123121,False,Central London
116118184,2024-01-01,other-theft,On or near B506,51.518567,-0.132282,False,Central London
116127678,2024-01-01,other-theft,On or near Little Marlborough Street,51.513708,-0.140004,False,Central London
116092841,2024-01-01,other-theft,On or near New Row,51.511137,-0.125914,False,Central London
116092860,2024-01-01,other-theft,On or near Whitcomb Street,51.509807,-0.131055,False,Central London
116093805,2024-01-01,other-theft,On or near New Burlington Place,51.512078,-0.141526,False,Central London
116094111,2024-01-01,other-theft,On or near Chapone Place,51.514286,-0.132818,False,Central London
116094115,2024-01-01,other-theft,On or near Princes Street,51.514365,-0.143408,False,Central London
116094114,2024-01-01,other-theft,On or near Theatre/concert Hall,51.512300,-0.128388,False,Central London
116094212,2024-01-01,other-theft,On or near Parking Area,51.517287,-0.130403,False,Central London
116094229,2024-01-01,other-theft,On or near Little Russell Street,51.517742,-0.125614,False,Central London
116094792,2024-01-01,other-theft,On or near Soho Street,51.515939,-0.132693,False,Central London
116095881,2024-01-01,other-theft,On or near Theatre/concert Hall,51.512117,-0.127574,False,Central London
116095916,2024-01-01,other-theft,On or near Conference/exhibition Centre,51.507911,-0.139635,False,Central London
116095967,2024-01-01,other-theft,On or near Soho Street,51.515939,-0.132693,False,Central London
116096420,2024-01-01,other-theft,On or near Palace Street,51.498175,-0.140363,False,Central London
116096508,2024-01-01,other-theft,On or near Theatre/concert Hall,51.509158,-0.134930,False,Central London
116097631,2024-01-01,other-theft,On or near Mercer Street,51.513064,-0.126080,False,Central London
116097639,2024-01-01,other-theft,On or near Hills Place,51.515088,-0.140222,False,Central London
116097636,2024-01-01,other-theft,On or near Vigo Street,51.510266,-0.139006,False,Central London
116097801,2024-01-01,other-theft,On or near South Molton Street,51.513745,-0.148016,False,Central London
116097798,2024-01-01,other-theft,On or near Newburgh Street,51.513370,-0.138519,False,Central London
116098098,2024-01-01,other-theft,On or near Dering Street,51.514195,-0.145735,False,Central London
116098101,2024-01-01,other-theft,On or near Great Queen Street,51.514777,-0.121859,False,Central London
116098105,2024-01-01,other-theft,On or near New Row,51.511137,-0.125914,False,Central London
116098106,2024-01-01,other-theft,On or near Ashley Place,51.496252,-0.140470,False,Central London
116098262,2024-01-01,other-theft,On or near Little Marlborough Street,51.513708,-0.140004,False,Central London
116098265,2024-01-01,other-theft,On or near Shopping Area,51.496466,-0.141499,False,Central London
116098342,2024-01-01,other-theft,On or near Argyll Street,51.514684,-0.140844,False,Central London
116098511,2024-01-01,other-theft,On or near Nightclub,51.516900,-0.132077,False,Central London
116134407,2024-01-01,other-theft,On or near Great Windmill Street,51.510952,-0.134064,False,Central London
116134713,2024-01-01,other-theft,On or near Nightclub,51.510953,-0.133012,False,Central London
116134914,2024-01-01,other-theft,On or near Glasshouse Street,51.510520,-0.137439,False,Central London
116137091,2024-01-01,other-theft,On or near Shopping Area,51.519933,-0.133899,False,Central London
116137236,2024-01-01,other-theft,On or near Great Windmill Street,51.510952,-0.134064,False,Central London
116137234,2024-01-01,other-theft,On or near Denman Street,51.510729,-0.135283,False,Central London
116137286,2024-01-01,other-theft,On or near Drury Lane,51.513715,-0.120101,False,Central London
116137490,2024-01-01,other-theft,On or near Windmill Street,51.518783,-0.133974,False,Central London
116138289,2024-01-01,other-theft,On or near B404,51.512100,-0.127114,False,Central London
116138310,2024-01-01,other-theft,On or near Nightclub,51.513940,-0.132500,False,Central London
116138316,2024-01-01,other-theft,On or near Macclesfield Street,51.511997,-0.131355,False,Central London
116138357,2024-01-01,other-theft,On or near Glasshouse Street,51.510520,-0.137439,False,Central London
116138365,2024-01-01,other-theft,On or near Foubert's Place,51.513826,-0.138947,False,Central London
116140336,2024-01-01,other-theft,On or near Romney Street,51.495310,-0.128191,False,Central London
116140508,2024-01-01,other-theft,On or near Theme/adventure Park,51.502823,-0.119257,False,Central London
116141990,2024-01-01,other-theft,On or near Further/higher Educational Building,51.519333,-0.128965,False,Central London
116156149,2024-01-01,other-theft,On or near Secker Street,51.504781,-0.111477,False,Central London
116156378,2024-01-01,other-theft,On or near Buckingham Mews,51.499549,-0.141416,False,Central London
116156517,2024-01-01,other-theft,On or near Strand,51.511022,-0.119880,False,Central London
116143919,2024-01-01,other-theft,On or near Conference/exhibition Centre,51.516295,-0.129487,False,Central London
116144037,2024-01-01,other-theft,On or near Blenheim Street,51.513918,-0.146986,False,Central London
116144558,2024-01-01,other-theft,On or near Shopping Area,51.515070,-0.138003,False,Central London
116144580,2024-01-01,other-theft,On or near New Burlington Place,51.512078,-0.141526,False,Central London
116144597,2024-01-01,other-theft,On or near Theatre/concert Hall,51.512499,-0.119459,False,Central London
116144599,2024-01-01,other-theft,On or near Romilly Street,51.513019,-0.130592,False,Central London
116144651,2024-01-01,other-theft,On or near Dansey Place,51.511790,-0.131925,False,Central London
116145048,2024-01-01,other-theft,On or near William Iv Street,51.509491,-0.125924,False,Central London
116145098,2024-01-01,other-theft,On or near Further/higher Educational Building,51.514867,-0.138790,False,Central London
116145617,2024-01-01,other-theft,On or near Nightclub,51.514012,-0.131078,False,Central London
116146169,2024-01-01,other-theft,On or near Percy Street,51.517937,-0.134456,False,Central London
116146219,2024-01-01,other-theft,On or near Shelton Street,51.513753,-0.125331,False,Central London
116146636,2024-01-01,other-theft,On or near Parking Area,51.506136,-0.115773,False,Central London
116146710,2024-01-01,other-theft,On or near Theatre/concert Hall,51.512300,-0.128388,False,Central London
116146711,2024-01-01,other-theft,On or near Theatre/concert Hall,51.510152,-0.132382,False,Central London
116152479,2024-01-01,other-theft,On or near A301,51.512059,-0.118929,False,Central London
116153257,2024-01-01,other-theft,On or near Nightclub,51.514012,-0.131078,False,Central London
116153470,2024-01-01,other-theft,On or near Greek Street,51.513804,-0.130733,False,Central London
116153683,2024-01-01,other-theft,On or near Theatre/concert Hall,51.509158,-0.134930,False,Central London
116153870,2024-01-01,other-theft,On or near Tavistock Street,51.512095,-0.120571,False,Central London
116153948,2024-01-01,other-theft,On or near Sports/recreation Area,51.509947,-0.131367,False,Central London
116153977,2024-01-01,other-theft,On or near Macclesfield Street,51.511997,-0.131355,False,Central London
116154021,2024-01-01,other-theft,On or near Princes Street,51.514365,-0.143408,False,Central London
116154031,2024-01-01,other-theft,On or near Parking Area,51.514010,-0.124528,False,Central London
116154386,2024-01-01,other-theft,On or near Dansey Place,51.511790,-0.131925,False,Central London
116154390,2024-01-01,other-theft,On or near Dansey Place,51.511790,-0.131925,False,Central London
116154411,2024-01-01,other-theft,On or near A401,51.511790,-0.132459,False,Central London
116154406,2024-01-01,other-theft,On or near Soho Street,51.515939,-0.132693,False,Central London
116154474,2024-01-01,other-theft,On or near Hollen Street,51.515470,-0.134874,False,Central London
116154848,2024-01-01,other-theft,On or near Theatre/concert Hall,51.515425,-0.123028,False,Central London
116130852,2024-01-01,other-theft,On or near Conference/exhibition Centre,51.511301,-0.115963,False,Central London
116130853,2024-01-01,other-theft,On or near Dryden Street,51.514621,-0.122802,False,Central London
116130897,2024-01-01,other-theft,On or near Theatre/concert Hall,51.513310,-0.120741,False,Central London
116131428,2024-01-01,other-theft,On or near Shopping Area,51.496466,-0.141499,False,Central London
116131501,2024-01-01,other-theft,On or near York Buildings,51.508653,-0.122975,False,Central London
116131693,2024-01-01,other-theft,On or near Theatre/concert Hall,51.509909,-0.126298,False,Central London
116131677,2024-01-01,other-theft,On or near Moor Street,51.513498,-0.130169,False,Central London
116131796,2024-01-01,other-theft,On or near Theatre/concert Hall,51.513075,-0.118888,False,Central London
116132495,2024-01-01,other-theft,On or near Little Newport Street,51.511703,-0.128701,False,Central London
116132496,2024-01-01,other-theft,On or near Glasshouse Street,51.510520,-0.137439,False,Central London
116133051,2024-01-01,other-theft,On or near Cork St Mews,51.509986,-0.141741,False,Central London
116133077,2024-01-01,other-theft,On or near A401,51.511790,-0.132459,False,Central London
116133463,2024-01-01,other-theft,On or near Glasshouse Street,51.510520,-0.137439,False,Central London
116133767,2024-01-01,other-theft,On or near Moor Street,51.513498,-0.130169,False,Central London
116126136,2024-01-01,other-theft,On or near Macclesfield Street,51.511997,-0.131355,False,Central London
116126443,2024-01-01,other-theft,On or near Conference/exhibition Centre,51.507911,-0.139635,False,Central London
116126488,2024-01-01,other-theft,On or near Dyott Street,51.516820,-0.127583,False,Central London
116126492,2024-01-01,other-theft,On or near Shelton Street,51.513753,-0.125331,False,Central London
116126493,2024-01-01,other-theft,On or near Further/higher Educational Building,51.517845,-0.121977,False,Central London
116126658,2024-01-01,other-theft,On or near Shopping Area,51.519933,-0.133899,False,Central London
116098954,2024-01-01,other-theft,On or near Apple Tree Yard,51.508313,-0.136074,False,Central London
116098535,2024-01-01,other-theft,On or near Hospital,51.499071,-0.117649,False,Central London
116090144,2024-01-01,other-theft,On or near Further/higher Educational Building,51.516178,-0.131904,False,Central London
116140625,2024-01-01,other-theft,On or near Dansey Place,51.511790,-0.131925,False,Central London
116099787,2024-01-01,other-theft,On or near Lower John Street,51.511264,-0.137308,False,Central London
116098760,2024-01-01,other-theft,On or near Sackville Street,51.509929,-0.138703,False,Central London
116123246,2024-01-01,other-theft,On or near Nightclub,51.511783,-0.129778,False,Central London
116102022,2024-01-01,other-theft,On or near Cockspur Court,51.507234,-0.129821,False,Central London
116094077,2024-01-01,other-theft,On or near Newman's Row,51.517274,-0.115500,False,Central London
116146349,2024-01-01,other-theft,On or near Theatre/concert Hall,51.514523,-0.129580,False,Central London
116099527,2024-01-01,other-theft,On or near Holborn,51.517436,-0.119976,False,Central London
116099779,2024-01-01,other-theft,On or near Argyll Street,51.514684,-0.140844,False,Central London
116101281,2024-01-01,other-theft,On or near Old Compton Street,51.513848,-0.129593,False,Central London
116102017,2024-01-01,other-theft,On or near Parking Area,51.507097,-0.130864,False,Central London
116097891,2024-01-01,other-theft,On or near Dering Street,51.514195,-0.145735,False,Central London
116146406,2024-01-01,other-theft,On or near Further/higher Educational Building,51.517845,-0.121977,False,Central London
116126188,2024-01-01,other-theft,On or near Charing Cross Road,51.512994,-0.129023,False,Central London
116111596,2024-01-01,other-theft,On or near Shaftesbury Avenue,51.513064,-0.129438,False,Central London
116111754,2024-01-01,other-theft,On or near Bourlet Close,51.518845,-0.139550,False,Central London
116127359,2024-01-01,other-theft,On or near Frith Street,51.513601,-0.131534,False,Central London
116128791,2024-01-01,other-theft,On or near Greek Street,51.513804,-0.130733,False,Central London
116113120,2024-01-01,other-theft,On or near Bridge Street,51.500978,-0.125524,False,Central London
116113921,2024-01-01,other-theft,On or near Dansey Place,51.511790,-0.131925,False,Central London
116155961,2024-01-01,other-theft,On or near Nightclub,51.512416,-0.133384,False,Central London
116111595,2024-01-01,other-theft,On or near Shopping Area,51.513057,-0.144844,False,Central London
116127332,2024-01-01,other-theft,On or near Nightclub,51.513940,-0.132500,False,Central London
116116458,2024-01-01,other-theft,On or near James Street,51.512802,-0.123770,False,Central London
116116484,2024-01-01,other-theft,On or near Half Moon Street,51.506797,-0.145963,False,Central London
116149824,2024-01-01,other-theft,On or near Nightclub,51.512495,-0.138915,False,Central London
116113357,2024-01-01,other-theft,On or near Craig's Court,51.506736,-0.126800,False,Central London
116127433,2024-01-01,other-theft,On or near B402,51.512855,-0.124820,False,Central London
116144035,2024-01-01,other-theft,On or near Parking Area,51.514010,-0.124528,False,Central London
116098335,2024-01-01,other-theft,On or near Theatre/concert Hall,51.513361,-0.128330,False,Central London
116098758,2024-01-01,other-theft,On or near Great Queen Street,51.514777,-0.121859,False,Central London
116101411,2024-01-01,other-theft,On or near Nightclub,51.508087,-0.124122,False,Central London
116144082,2024-01-01,other-theft,On or near Nightclub,51.512513,-0.133841,False,Central London
116113392,2024-01-01,other-theft,On or near Strand,51.511022,-0.119880,False,Central London
116113430,2024-01-01,other-theft,On or near Princes Street,51.514365,-0.143408,False,Central London
116113431,2024-01-01,other-theft,On or near Sports/recreation Area,51.509947,-0.131367,False,Central London
116113442,2024-01-01,other-theft,On or near Great Titchfield Street,51.519153,-0.140863,False,Central London
116139555,2024-01-01,other-theft,On or near Brad Street,51.504309,-0.108960,False,Central London
116135569,2024-01-01,other-theft,On or near Gate Street,51.517114,-0.119009,False,Central London
116137504,2024-01-01,other-theft,On or near Parking Area,51.514010,-0.124528,False,Central London
116158496,2024-01-01,other-theft,On or near Little Marlborough Street,51.513708,-0.140004,False,Central London
116159001,2024-01-01,other-theft,On or near Hills Place,51.515088,-0.140222,False,Central London
116159021,2024-01-01,other-theft,On or near Nightclub,51.512482,-0.134160,False,Central London
116130885,2024-01-01,other-theft,On or near Theatre/concert Hall,51.512300,-0.128388,False,Central London
116151534,2024-01-01,other-theft,On or near Hills Place,51.515088,-0.140222,False,Central London
116105779,2024-01-01,other-theft,On or near Gerrard Street,51.511760,-0.131163,False,Central London
116102860,2024-01-01,other-theft,On or near Lambeth North,51.499042,-0.111930,False,Central London
116138396,2024-01-01,other-theft,On or near Dering Street,51.514195,-0.145735,False,Central London
116143249,2024-01-01,other-theft,On or near A401,51.511790,-0.132459,False,Central London
116098354,2024-01-01,other-theft,On or near Nightclub,51.514246,-0.131436,False,Central London
116158317,2024-01-01,other-theft,On or near Soho Street,51.515939,-0.132693,False,Central London
116158025,2024-01-01,other-theft,On or near Soho Street,51.515939,-0.132693,False,Central London
116159215,2024-01-01,other-theft,On or near Nightclub,51.511783,-0.129778,False,Central London
116109241,2024-01-01,other-theft,On or near A401,51.511790,-0.132459,False,Central London
116109516,2024-01-01,other-theft,On or near Moor Street,51.513498,-0.130169,False,Central London
116104218,2024-01-01,other-theft,On or near Howick Place,51.496711,-0.137095,False,Central London
116159220,2024-01-01,other-theft,On or near Warwick Row,51.498315,-0.142994,False,Central London
116105838,2024-01-01,other-theft,On or near Argyll Street,51.514684,-0.140844,False,Central London
116133755,2024-01-01,other-theft,On or near Charing Cross Road,51.512994,-0.129023,False,Central London
116134090,2024-01-01,other-theft,On or near Broadwick Street,51.513470,-0.136339,False,Central London
116134077,2024-01-01,other-theft,On or near Dering Street,51.514195,-0.145735,False,Central London
116150183,2024-01-01,other-theft,On or near Conference/exhibition Centre,51.516295,-0.129487,False,Central London
116105327,2024-01-01,other-theft,On or near Gate Street,51.517114,-0.119009,False,Central London
116157827,2024-01-01,other-theft,On or near Howick Place,51.496711,-0.137095,False,Central London
116133752,2024-01-01,other-theft,On or near Great Windmill Street,51.510952,-0.134064,False,Central London
116103260,2024-01-01,other-theft,On or near Dering Street,51.514195,-0.145735,False,Central London
116106655,2024-01-01,other-theft,On or near Denman Street,51.510729,-0.135283,False,Central London
116105981,2024-01-01,other-theft,On or near Shopping Area,51.515070,-0.138003,False,Central London
116125527,2024-01-01,other-theft,On or near Conference/exhibition Centre,51.514559,-0.126369,False,Central London
116125602,2024-01-01,other-theft,On or near Further/higher Educational Building,51.517255,-0.125562,False,Central London
116113391,2024-01-01,other-theft,On or near Argyll Street,51.514684,-0.140844,False,Central London
116154502,2024-01-01,other-theft,On or near Shepherd Market,51.506327,-0.146357,False,Central London
116154369,2024-01-01,other-theft,On or near Nightclub,51.507762,-0.137047,False,Central London
116161506,2024-01-01,other-theft,On or near Upper John Street,51.511860,-0.137975,False,Central London
116140341,2024-01-01,other-theft,On or near Hollen Street,51.515470,-0.134874,False,Central London
116124740,2024-01-01,other-theft,On or near Gresse Street,51.517516,-0.134012,False,Central London
116140345,2024-01-01,other-theft,On or near John Prince's Street,51.515753,-0.143092,False,Central London
116112089,2024-01-01,other-theft,On or near Gerrard Street,51.511760,-0.131163,False,Central London
116150418,2024-01-01,other-theft,On or near Theatre/concert Hall,51.516275,-0.126121,False,Central London
116155369,2024-01-01,other-theft,On or near Conference/exhibition Centre,51.507911,-0.139635,False,Central London
116119868,2024-01-01,other-theft,On or near Dering Street,51.514195,-0.145735,False,Central London
116151101,2024-01-01,other-theft,On or near Dansey Place,51.511790,-0.131925,False,Central London
116151110,2024-01-01,other-theft,On or near Gresse Street,51.517516,-0.134012,False,Central London
116119882,2024-01-01,other-theft,On or near Hills Place,51.515088,-0.140222,False,Central London
116144895,2024-01-01,other-theft,On or near Theme/adventure Park,51.502823,-0.119257,False,Central London
116152847,2024-01-01,other-theft,On or near Corner House Street,51.507725,-0.125708,False,Central London
116137064,2024-01-01,other-theft,On or near Denmark Street,51.515189,-0.129653,False,Central London
116137212,2024-01-01,other-theft,On or near Shopping Area,51.496466,-0.141499,False,Central London
116138281,2024-01-01,other-theft,On or near Nightclub,51.511783,-0.129778,False,Central London
116138283,2024-01-01,other-theft,On or near Nightclub,51.512250,-0.126906,False,Central London
116138286,2024-01-01,other-theft,On or near Blenheim Street,51.513918,-0.146986,False,Central London
116138302,2024-01-01,other-theft,On or near Dansey Place,51.511790,-0.131925,False,Central London
116138309,2024-01-01,other-theft,On or near Argyll Street,51.514684,-0.140844,False,Central London
116138497,2024-01-01,other-theft,On or near A5204,51.519697,-0.134917,False,Central London
116153282,2024-01-01,other-theft,On or near Dean Street,51.513734,-0.132595,False,Central London
116153312,2024-01-01,other-theft,On or near Upper James Street,51.512419,-0.137520,False,Central London
116140573,2024-01-01,other-theft,On or near Theatre/concert Hall,51.511583,-0.133287,False,Central London
116131699,2024-01-01,other-theft,On or near Savoy Court,51.510373,-0.120887,False,Central London
116142928,2024-01-01,other-theft,On or near Conference/exhibition Centre,51.507911,-0.139635,False,Central London
116142936,2024-01-01,other-theft,On or near Theatre/concert Hall,51.510345,-0.122502,False,Central London
116153859,2024-01-01,other-theft,On or near Further/higher Educational Building,51.516178,-0.131904,False,Central London
116153987,2024-01-01,other-theft,On or near Theatre/concert Hall,51.509999,-0.131797,False,Central London
116143903,2024-01-01,other-theft,On or near St James's Market,51.509251,-0.133398,False,Central London
116144057,2024-01-01,other-theft,On or near Sports/recreation Area,51.509947,-0.131367,False,Central London
116154017,2024-01-01,other-theft,On or near Hills Place,51.515088,-0.140222,False,Central London
116144302,2024-01-01,other-theft,On or near Shopping Area,51.496466,-0.141499,False,Central London
116144491,2024-01-01,other-theft,On or near Hills Place,51.515088,-0.140222,False,Central London
116145059,2024-01-01,other-theft,On or near Hills Place,51.515088,-0.140222,False,Central London
116145065,2024-01-01,other-theft,On or near New Burlington Place,51.512078,-0.141526,False,Central London
116120291,2024-01-01,other-theft,On or near Nightclub,51.515684,-0.135874,False,Central London
116105777,2024-01-01,other-theft,On or near Carnaby Street,51.513150,-0.138845,False,Central London
116146217,2024-01-01,other-theft,On or near Shaftesbury Avenue,51.514970,-0.127169,False,Central London
116146397,2024-01-01,other-theft,On or near Nightclub,51.516341,-0.120151,False,Central London
116146398,2024-01-01,other-theft,On or near Procter Street,51.518405,-0.119302,False,Central London
116146414,2024-01-01,other-theft,On or near Cosmo Place,51.521060,-0.122797,False,Central London
116146416,2024-01-01,other-theft,On or near Parking Area,51.517687,-0.112111,False,Central London
116146419,2024-01-01,other-theft,On or near B506,51.518567,-0.132282,False,Central London
116146592,2024-01-01,other-theft,On or near Westminster Bridge Road,51.500179,-0.114967,False,Central London
116146820,2024-01-01,other-theft,On or near New Burlington Place,51.512078,-0.141526,False,Central London
116148146,2024-01-01,other-theft,On or near Cranbourn Street,51.511339,-0.128427,False,Central London
116148156,2024-01-01,other-theft,On or near Nightclub,51.509097,-0.146936,False,Central London
116148210,2024-01-01,other-theft,On or near Leicester Street,51.510942,-0.131196,False,Central London
116148214,2024-01-01,other-theft,On or near St James's Market,51.509251,-0.133398,False,Central London
116149467,2024-01-01,other-theft,On or near Further/higher Educational Building,51.516178,-0.131904,False,Central London
116150260,2024-01-01,other-theft,On or near Hills Place,51.515088,-0.140222,False,Central London
116101292,2024-01-01,other-theft,On or near Further/higher Educational Building,51.512764,-0.134892,False,Central London
116152805,2024-01-01,other-theft,On or near Conference/exhibition Centre,51.516295,-0.129487,False,Central London
116153181,2024-01-01,other-theft,On or near Parking Area,51.513233,-0.141234,False,Central London
116153468,2024-01-01,other-theft,On or near Romilly Street,51.513019,-0.130592,False,Central London
116153994,2024-01-01,other-theft,On or near Long Acre,51.513205,-0.124229,False,Central London
116154291,2024-01-01,other-theft,On or near Howick Place,51.496711,-0.137095,False,Central London
116154376,2024-01-01,other-theft,On or near Old Compton Street,51.513848,-0.129593,False,Central London
116155362,2024-01-01,other-theft,On or near Nightclub,51.514492,-0.131037,False,Central London
116155382,2024-01-01,other-theft,On or near Hills Place,51.515088,-0.140222,False,Central London
116157436,2024-01-01,other-theft,On or near Theatre/concert Hall,51.509999,-0.131797,False,Central London
116158027,2024-01-01,other-theft,On or near Gresse Street,51.517516,-0.134012,False,Central London
116158977,2024-01-01,other-theft,On or near Shopping Area,51.512117,-0.123121,False,Central London
116159043,2024-01-01,other-theft,On or near Leicester Square,51.510468,-0.130769,False,Central London
116159949,2024-01-01,other-theft,On or near Theatre/concert Hall,51.509944,-0.127807,False,Central London
116091145,2024-01-01,other-theft,On or near Shopping Area,51.512117,-0.123121,False,Central London
116160322,2024-01-01,other-theft,On or near Nightclub,51.514492,-0.131037,False,Central London
116160516,2024-01-01,other-theft,On or near Theatre/concert Hall,51.513075,-0.118888,False,Central London
116161360,2024-01-01,other-theft,On or near Theatre/concert Hall,51.510393,-0.123264,False,Central London
116161536,2024-01-01,other-theft,On or near Parking Area,51.512136,-0.134995,False,Central London
116113713,2024-01-01,other-theft,On or near Drury Lane,51.513715,-0.120101,False,Central London
116126447,2024-01-01,other-theft,On or near Gresse Street,51.517516,-0.134012,False,Central London
116119807,2024-01-01,other-theft,On or near Nightclub,51.511783,-0.129778,False,Central London
116119859,2024-01-01,other-theft,On or near London Charing Cross,51.507405,-0.123675,False,Central London
116124273,2024-01-01,other-theft,On or near B401,51.515004,-0.125352,False,Central London
116143902,2024-01-01,other-theft,On or near Moor Street,51.513498,-0.130169,False,Central London
116109529,2024-01-01,other-theft,On or near Blenheim Street,51.513918,-0.146986,False,Central London
116110057,2024-01-01,other-theft,On or near B506,51.518567,-0.132282,False,Central London
116090705,2024-01-01,other-theft,On or near Earnshaw Street,51.516037,-0.128682,False,Central London
116098564,2024-01-01,other-theft,On or near Theatre/concert Hall,51.512300,-0.128388,False,Central London
116098536,2024-01-01,other-theft,On or near Theatre/concert Hall,51.506707,-0.116009,False,Central London
116098630,2024-01-01,other-theft,On or near John Prince's Street,51.515753,-0.143092,False,Central London
116098739,2024-01-01,other-theft,On or near Hanover Street,51.513827,-0.142363,False,Central London
116111926,2024-01-01,other-theft,On or near Argyll Street,51.514684,-0.140844,False,Central London
116099853,2024-01-01,other-theft,On or near Glasshouse Street,51.510520,-0.137439,False,Central London
116160147,2024-01-01,other-theft,On or near Moor Street,51.513498,-0.130169,False,Central London
116125169,2024-01-01,other-theft,On or near John Prince's Street,51.515753,-0.143092,False,Central London
116125264,2024-01-01,other-theft,On or near Fleet Street,51.513724,-0.111756,False,Central London
116138394,2024-01-01,other-theft,On or near Nightclub,51.509962,-0.137952,False,Central London
116122378,2024-01-01,other-theft,On or near Shopping Area,51.515070,-0.138003,False,Central London
116090490,2024-01-01,other-theft,On or near Ashburton Place,51.506541,-0.144533,False,Central London
116090512,2024-01-01,other-theft,On or near Conference/exhibition Centre,51.516295,-0.129487,False,Central London
116090893,2024-01-01,other-theft,On or near Manette Street,51.514704,-0.130826,False,Central London
116092254,2024-01-01,other-theft,On or near Great Windmill Street,51.510952,-0.134064,False,Central London
116093723,2024-01-01,other-theft,On or near B404,51.511030,-0.127085,False,Central London
116093727,2024-01-01,other-theft,On or near Soho Street,51.515939,-0.132693,False,Central London
116093767,2024-01-01,other-theft,On or near New Burlington Place,51.512078,-0.141526,False,Central London
116097264,2024-01-01,other-theft,On or near Glasshouse Street,51.510520,-0.137439,False,Central London
116098110,2024-01-01,other-theft,On or near New Burlington Place,51.512078,-0.141526,False,Central London
116098537,2024-01-01,other-theft,On or near Theatre/concert Hall,51.506998,-0.113994,False,Central London
116099401,2024-01-01,other-theft,On or near Nightclub,51.514012,-0.131078,False,Central London
116099824,2024-01-01,other-theft,On or near Bourchier Street,51.513052,-0.132681,False,Central London
116099830,2024-01-01,other-theft,On or near Nightclub,51.514536,-0.140043,False,Central London
116099838,2024-01-01,other-theft,On or near Shopping Area,51.512117,-0.123121,False,Central London
116100170,2024-01-01,other-theft,On or near Dering Street,51.514195,-0.145735,False,Central London
116103256,2024-01-01,other-theft,On or near Moor Street,51.513498,-0.130169,False,Central London
116103489,2024-01-01,other-theft,On or near Hanover Street,51.513827,-0.142363,False,Central London
116103605,2024-01-01,other-theft,On or near Albany Courtyard,51.508699,-0.138306,False,Central London
116104107,2024-01-01,other-theft,On or near Theatre/concert Hall,51.506998,-0.113994,False,Central London
116105836,2024-01-01,other-theft,On or near Archer Street,51.511502,-0.134157,False,Central London
116107227,2024-01-01,other-theft,On or near Little Russell Street,51.517742,-0.125614,False,Central London
116107451,2024-01-01,other-theft,On or near Gray Street,51.500608,-0.108091,False,Central London
116107682,2024-01-01,other-theft,On or near Serle Street,51.515447,-0.114293,False,Central London
116109200,2024-01-01,other-theft,On or near Duck Lane,51.513986,-0.134833,False,Central London
116109238,2024-01-01,other-theft,On or near Shaftesbury Avenue,51.513064,-0.129438,False,Central London
116109698,2024-01-01,other-theft,On or near Little Newport Street,51.511703,-0.128701,False,Central London
116109710,2024-01-01,other-theft,On or near Little Newport Street,51.511703,-0.128701,False,Central London
116109723,2024-01-01,other-theft,On or near Buckingham Mews,51.499549,-0.141416,False,Central London
116111961,2024-01-01,other-theft,On or near Bedford Street,51.510389,-0.124157,False,Central London
116148675,2024-01-01,other-theft,On or near Shopping Area,51.513575,-0.140687,False,Central London
116113708,2024-01-01,other-theft,On or near Half Moon Street,51.506797,-0.145963,False,Central London
116116549,2024-01-01,other-theft,On or near Glasshouse Street,51.510520,-0.137439,False,Central London
116119439,2024-01-01,other-theft,On or near Dyott Street,51.516820,-0.127583,False,Central London
116123126,2024-01-01,other-theft,On or near Hamilton Mews,51.504176,-0.149643,False,Central London
116123953,2024-01-01,other-theft,On or near Soho Street,51.515939,-0.132693,False,Central London
116123965,2024-01-01,other-theft,On or near Lower James Street,51.511312,-0.136326,False,Central London
116124097,2024-01-01,other-theft,On or near Buckingham Mews,51.499549,-0.141416,False,Central London
116126452,2024-01-01,other-theft,On or near Romilly Street,51.513019,-0.130592,False,Central London
116127036,2024-01-01,other-theft,On or near Bedford Place,51.520844,-0.125040,False,Central London
116127365,2024-01-01,other-theft,On or near Covent Garden,51.512980,-0.124210,False,Central London
116127575,2024-01-01,other-theft,On or near Parker Street,51.515869,-0.121554,False,Central London
116128708,2024-01-01,other-theft,On or near Bourchier Street,51.513052,-0.132681,False,Central London
116128891,2024-01-01,other-theft,On or near Abbey Orchard Street,51.498335,-0.131193,False,Central London
116129041,2024-01-01,other-theft,On or near Nightclub,51.514012,-0.131078,False,Central London
116132661,2024-01-01,other-theft,On or near Argyll Street,51.514684,-0.140844,False,Central London
116137293,2024-01-01,other-theft,On or near Mount Street Mews,51.510036,-0.148872,False,Central London
116138318,2024-01-01,other-theft,On or near Newburgh Street,51.513370,-0.138519,False,Central London
116131401,2024-01-01,other-theft,On or near Little Newport Street,51.511703,-0.128701,False,Central London
116154470,2024-01-01,other-theft,On or near Parking Area,51.514010,-0.124528,False,Central London
116144616,2024-01-01,other-theft,On or near Theatre/concert Hall,51.512811,-0.133325,False,Central London
116155811,2024-01-01,other-theft,On or near Nightclub,51.512495,-0.138915,False,Central London
116156038,2024-01-01,other-theft,On or near Savoy Court,51.510373,-0.120887,False,Central London
116156036,2024-01-01,other-theft,On or near St James's Place,51.505745,-0.139709,False,Central London
116130889,2024-01-01,other-theft,On or near Maiden Lane,51.510759,-0.123061,False,Central London
116150879,2024-01-01,other-theft,On or near Shopping Area,51.511630,-0.121916,False,Central London
116151051,2024-01-01,other-theft,On or near Richmond Mews,51.513911,-0.133539,False,Central London
116110104,2024-01-01,other-theft,On or near Monmouth Street,51.514211,-0.126984,False,Central London
116144017,2024-01-01,other-theft,On or near Nightclub,51.510953,-0.133012,False,Central London
116133093,2024-01-01,other-theft,On or near Chapone Place,51.514286,-0.132818,False,Central London
116134417,2024-01-01,other-theft,On or near Theatre/concert Hall,51.509909,-0.126298,False,Central London
116136136,2024-01-01,other-theft,On or near Nightclub,51.512495,-0.138915,False,Central London
116161049,2024-01-01,other-theft,On or near Conference/exhibition Centre,51.508351,-0.108355,False,Central London
116122492,2024-01-01,other-theft,On or near Princes Street,51.514365,-0.143408,False,Central London
116146885,2024-01-01,other-theft,On or near Nightclub,51.514492,-0.131037,False,Central London
116146896,2024-01-01,other-theft,On or near Denman Street,51.510729,-0.135283,False,Central London
116122403,2024-01-01,other-theft,On or near Grafton Street,51.510141,-0.143046,False,Central London
116161561,2024-01-01,other-theft,On or near Southampton Street,51.511096,-0.122226,False,Central London
116162379,2024-01-01,other-theft,On or near Tottenham Court Road,51.520697,-0.134429,False,Central London
116096506,2024-01-01,other-theft,On or near Upper James Street,51.512419,-0.137520,False,Central London
116154498,2024-01-01,other-theft,On or near Nightclub,51.514012,-0.131078,False,Central London
116134093,2024-01-01,other-theft,On or near Broadwick Street,51.513470,-0.136339,False,Central London
116159005,2024-01-01,other-theft,On or near St Margaret Street,51.500253,-0.126317,False,Central London
116116575,2024-01-01,other-theft,On or near Parking Area,51.506136,-0.115773,False,Central London
116116706,2024-01-01,other-theft,On or near Leicester Street,51.510942,-0.131196,False,Central London
116124260,2024-01-01,other-theft,On or near Theatre/concert Hall,51.514523,-0.129580,False,Central London
116158976,2024-01-01,other-theft,On or near Dering Street,51.514195,-0.145735,False,Central London
116122397,2024-01-01,other-theft,On or near Argyll Street,51.514684,-0.140844,False,Central London
116106891,2024-01-01,other-theft,On or near Vane Street,51.494207,-0.136836,False,Central London
116109243,2024-01-01,other-theft,On or near Sports/recreation Area,51.509947,-0.131367,False,Central London
116109270,2024-01-01,other-theft,On or near Parking Area,51.507286,-0.128903,False,Central London
116110313,2024-01-01,other-theft,On or near Newburgh Street,51.513370,-0.138519,False,Central London
116110321,2024-01-01,other-theft,On or near Princes Street,51.514365,-0.143408,False,Central London
116123958,2024-01-01,other-theft,On or near Arlington Street,51.506922,-0.140785,False,Central London
116127424,2024-01-01,other-theft,On or near Further/higher Educational Building,51.514867,-0.138790,False,Central London
116128736,2024-01-01,other-theft,On or near Dering Street,51.514195,-0.145735,False,Central London
116129453,2024-01-01,other-theft,On or near Nightclub,51.513940,-0.132500,False,Central London
116104064,2024-01-01,other-theft,On or near Howick Place,51.496711,-0.137095,False,Central London
116137082,2024-01-01,other-theft,On or near Southampton Buildings,51.518231,-0.112953,False,Central London
116149876,2024-01-01,other-theft,On or near Denman Street,51.510729,-0.135283,False,Central London
116134500,2024-01-01,other-theft,On or near Denmark Street,51.515189,-0.129653,False,Central London
116146413,2024-01-01,other-theft,On or near Theatre/concert Hall,51.496848,-0.142518,False,Central London
116107596,2024-01-01,other-theft,On or near The Cut,51.503587,-0.105417,False,Central London
116118183,2024-01-01,other-theft,On or near Gate Street,51.517114,-0.119009,False,Central London
116110325,2024-01-01,other-theft,On or near Dryden Street,51.514621,-0.122802,False,Central London
116115846,2024-01-01,other-theft,On or near Buckingham Street,51.508409,-0.123461,False,Central London
116130904,2024-01-01,other-theft,On or near Buckingham Street,51.508409,-0.123461,False,Central London
116155371,2024-01-01,other-theft,On or near Nightclub,51.510953,-0.133012,False,Central London
116130872,2024-01-01,other-theft,On or near Theatre/concert Hall,51.509909,-0.126298,False,Central London
116119865,2024-01-01,other-theft,On or near Soho Street,51.515939,-0.132693,False,Central London
116154456,2024-01-01,other-theft,On or near Scotland Place,51.506087,-0.125617,False,Central London
116119112,2024-01-01,other-theft,On or near Catherine Street,51.512408,-0.119910,False,Central London
116154480,2024-01-01,other-theft,On or near Argyll Street,51.514684,-0.140844,False,Central London
116138299,2024-01-01,other-theft,On or near Neal Street,51.513386,-0.124308,False,Central London
116129271,2024-01-01,other-theft,On or near D'arblay Street,51.514677,-0.135857,False,Central London
116154018,2024-01-01,other-theft,On or near Princes Street,51.514365,-0.143408,False,Central London
116126930,2024-01-01,other-theft,On or near Upper John Street,51.511860,-0.137975,False,Central London
116140030,2024-01-01,other-theft,On or near Addington Street,51.501162,-0.116252,False,Central London
116105982,2024-01-01,other-theft,On or near Great Queen Street,51.514777,-0.121859,False,Central London
116090896,2024-01-01,other-theft,On or near Gresse Street,51.517516,-0.134012,False,Central London
116138352,2024-01-01,other-theft,On or near Nightclub,51.512339,-0.133618,False,Central London
116146631,2024-01-01,other-theft,On or near Westminster Bridge Road,51.500179,-0.114967,False,Central London
116155809,2024-01-01,other-theft,On or near Strand,51.511022,-0.119880,False,Central London
116109588,2024-01-01,other-theft,On or near Hanover Street,51.513827,-0.142363,False,Central London
116146881,2024-01-01,other-theft,On or near Ashley Place,51.496252,-0.140470,False,Central London
116138295,2024-01-01,other-theft,On or near Craig's Court,51.506736,-0.126800,False,Central London
116148632,2024-01-01,other-theft,On or near Macclesfield Street,51.511997,-0.131355,False,Central London
116109594,2024-01-01,other-theft,On or near Market Place,51.516058,-0.140154,False,Central London
116096422,2024-01-01,other-theft,On or near Argyll Street,51.514684,-0.140844,False,Central London
116146476,2024-01-01,other-theft,On or near Howick Place,51.496711,-0.137095,False,Central London
116117163,2024-01-01,other-theft,On or near Bridge Street,51.500978,-0.125524,False,Central London
116149874,2024-01-01,other-theft,On or near Shopping Area,51.496466,-0.141499,False,Central London
116151755,2024-01-01,other-theft,On or near Hollen Street,51.515470,-0.134874,False,Central London
116117209,2024-01-01,other-theft,On or near Moor Street,51.513498,-0.130169,False,Central London
116091686,2024-01-01,other-theft,On or near Great Queen Street,51.514777,-0.121859,False,Central London
116098386,2024-01-01,other-theft,On or near Shopping Area,51.513057,-0.144844,False,Central London
116138358,2024-01-01,other-theft,On or near Upper John Street,51.511860,-0.137975,False,Central London
116116704,2024-01-01,other-theft,On or near Further/higher Educational Building,51.516178,-0.131904,False,Central London
116134069,2024-01-01,other-theft,On or near Dering Street,51.514195,-0.145735,False,Central London
116144011,2024-01-01,other-theft,On or near Tower Street,51.513161,-0.127675,False,Central London
116143277,2024-01-01,other-theft,On or near Further/higher Educational Building,51.516178,-0.131904,False,Central London
116154397,2024-01-01,other-theft,On or near Parking Area,51.514010,-0.124528,False,Central London
116136765,2024-01-01,other-theft,On or near Cornwall Road,51.504507,-0.110609,False,Central London
116154468,2024-01-01,other-theft,On or near Theatre/concert Hall,51.512300,-0.128388,False,Central London
116146879,2024-01-01,other-theft,On or near Denman Street,51.510729,-0.135283,False,Central London
116143282,2024-01-01,other-theft,On or near Upper John Street,51.511860,-0.137975,False,Central London
116145610,2024-01-01,other-theft,On or near Soho Street,51.515939,-0.132693,False,Central London
116103301,2024-01-01,other-theft,On or near Great Queen Street,51.514777,-0.121859,False,Central London
116129326,2024-01-01,other-theft,On or near Little Newport Street,51.511703,-0.128701,False,Central London
116131784,2024-01-01,other-theft,On or near Denman Street,51.510729,-0.135283,False,Central London
116144053,2024-01-01,other-theft,On or near Buckingham Mews,51.499549,-0.141416,False,Central London
116100164,2024-01-01,other-theft,On or near Glasshouse Street,51.510520,-0.137439,False,Central London
116117207,2024-01-01,other-theft,On or near Dering Street,51.514195,-0.145735,False,Central London
116109711,2024-01-01,other-theft,On or near Nightclub,51.514279,-0.131247,False,Central London
116157530,2024-01-01,other-theft,On or near Argyll Street,51.514684,-0.140844,False,Central London
116100418,2024-01-01,other-theft,On or near Broadwall,51.507466,-0.108441,False,Central London
116116708,2024-01-01,other-theft,On or near Nightclub,51.513940,-0.132500,False,Central London
116103561,2024-01-01,other-theft,On or near Hills Place,51.515088,-0.140222,False,Central London
116131727,2024-01-01,other-theft,On or near Coventry Street,51.510295,-0.132318,False,Central London
116148659,2024-01-01,other-theft,On or near Leicester Square,51.511584,-0.128000,False,Central London
116096267,2024-01-01,other-theft,On or near Medway Street,51.495424,-0.131903,False,Central London
116098103,2024-01-01,other-theft,On or near Hollen Street,51.515470,-0.134874,False,Central London
116148841,2024-01-01,other-theft,On or near Hospital,51.499071,-0.117649,False,Central London
116105790,2024-01-01,other-theft,On or near Long Acre,51.513205,-0.124229,False,Central London
116133588,2024-01-01,other-theft,On or near Bourchier Street,51.513052,-0.132681,False,Central London
116130866,2024-01-01,other-theft,On or near Romilly Street,51.513019,-0.130592,False,Central London
116100390,2024-01-01,other-theft,On or near Oxendon Street,51.509720,-0.131794,False,Central London
116110067,2024-01-01,other-theft,On or near Catton Street,51.518165,-0.120018,False,Central London
116131673,2024-01-01,other-theft,On or near Argyll Street,51.514684,-0.140844,False,Central London
116091325,2024-01-01,other-theft,On or near Nightclub,51.516900,-0.132077,False,Central London
116161523,2024-01-01,other-theft,On or near Great Windmill Street,51.510952,-0.134064,False,Central London
116100160,2024-01-01,other-theft,On or near Nightclub,51.516166,-0.137324,False,Central London
116100406,2024-01-01,other-theft,On or near B506,51.518567,-0.132282,False,Central London
116131793,2024-01-01,possession-of-weapons,On or near Nightclub,51.510840,-0.128984,False,Central London
116117895,2024-01-01,possession-of-weapons,On or near Whitcomb Street,51.509807,-0.131055,False,Central London
116134681,2024-01-01,possession-of-weapons,On or near Nightclub,51.510840,-0.128984,False,Central London
116110278,2024-01-01,possession-of-weapons,On or near St Margaret Street,51.500253,-0.126317,False,Central London
116161273,2024-01-01,possession-of-weapons,On or near Little Newport Street,51.511703,-0.128701,False,Central London
116105689,2024-01-01,possession-of-weapons,On or near St Margaret Street,51.500253,-0.126317,False,Central London
116128641,2024-01-01,possession-of-weapons,On or near St Margaret Street,51.500253,-0.126317,False,Central London
116103417,2024-01-01,possession-of-weapons,On or near A302,51.500211,-0.126492,False,Central London
116116472,2024-01-01,possession-of-weapons,On or near Artillery Row,51.496949,-0.135630,False,Central London
126016750,2024-01-01,possession-of-weapons,Oxford Circus (lu Station),51.515197,-0.142071,False,Central London
116159067,2024-01-01,possession-of-weapons,On or near Nightclub,51.510840,-0.128984,False,Central London
116151108,2024-01-01,possession-of-weapons,On or near Greek Street,51.513804,-0.130733,False,Central London
116146874,2024-01-01,possession-of-weapons,On or near William Iv Street,51.509491,-0.125924,False,Central London
116130879,2024-01-01,possession-of-weapons,On or near Police Station,51.509786,-0.124658,False,Central London
116127393,2024-01-01,possession-of-weapons,On or near Queen Street,51.507284,-0.147168,False,Central London
116106286,2024-01-01,possession-of-weapons,On or near Theme/adventure Park,51.502823,-0.119257,False,Central London
116117886,2024-01-01,possession-of-weapons,On or near Bridge Street,51.500978,-0.125524,False,Central London
116108593,2024-01-01,possession-of-weapons,On or near Stamford Street,51.505931,-0.110839,False,Central London
116146834,2024-01-01,possession-of-weapons,On or near Nightclub,51.510953,-0.133012,False,Central London
116137225,2024-01-01,possession-of-weapons,On or near St Margaret Street,51.500253,-0.126317,False,Central London
116134994,2024-01-01,public-order,On or near Nightclub,51.508087,-0.124122,False,Central London
116109245,2024-01-01,public-order,On or near Corner House Street,51.507725,-0.125708,False,Central London
116107748,2024-01-01,public-order,On or near A3203,51.495757,-0.114501,False,Central London
116146892,2024-01-01,public-order,On or near Greycoat Place,51.496312,-0.134604,False,Central London
116099179,2024-01-01,public-order,On or near Catton Street,51.518165,-0.120018,False,Central London
116127423,2024-01-01,public-order,On or near William Iv Street,51.509491,-0.125924,False,Central London
126015253,2024-01-01,public-order,Colchester (station),51.508484,-0.125879,False,Central London
116144668,2024-01-01,public-order,On or near Theatre/concert Hall,51.516785,-0.126532,False,Central London
126017672,2024-01-01,public-order,Waterloo (london) (station),51.503058,-0.113754,False,Central London
126017671,2024-01-01,public-order,Waterloo (london) (station),51.503058,-0.113754,False,Central London
116110353,2024-01-01,public-order,On or near Nightclub,51.514012,-0.131078,False,Central London
116148613,2024-01-01,public-order,On or near Kemble Street,51.514633,-0.119025,False,Central London
116154123,2024-01-01,public-order,On or near Hospital,51.499071,-0.117649,False,Central London
116109673,2024-01-01,public-order,On or near Theatre/concert Hall,51.509158,-0.134930,False,Central London
116092166,2024-01-01,public-order,On or near Shelton Street,51.513753,-0.125331,False,Central London
116149967,2024-01-01,public-order,On or near Shopping Area,51.496466,-0.141499,False,Central London
116155315,2024-01-01,public-order,On or near Glasshouse Street,51.510520,-0.137439,False,Central London
116148141,2024-01-01,public-order,On or near Parking Area,51.512379,-0.129379,False,Central London
116109547,2024-01-01,public-order,On or near Further/higher Educational Building,51.514867,-0.138790,False,Central London
126017495,2024-01-01,public-order,Tottenham Court Road (lu Station),51.516391,-0.130498,False,Central London
126017494,2024-01-01,public-order,Tottenham Court Road (lu Station),51.516391,-0.130498,False,Central London
116109601,2024-01-01,public-order,On or near Parking Area,51.506236,-0.141322,False,Central London
116116689,2024-01-01,public-order,On or near St Giles High Street,51.515598,-0.127633,False,Central London
116148197,2024-01-01,public-order,On or near Little George Street,51.500963,-0.127931,False,Central London
116149328,2024-01-01,public-order,On or near Earlham Street,51.513701,-0.127091,False,Central London
116162510,2024-01-01,public-order,On or near Nightclub,51.516623,-0.132976,False,Central London
116153959,2024-01-01,public-order,On or near Theatre/concert Hall,51.513046,-0.122679,False,Central London
116162385,2024-01-01,public-order,On or near Montague Street,51.519680,-0.125347,False,Central London
116142956,2024-01-01,public-order,On or near Nightclub,51.516900,-0.132077,False,Central London
116109481,2024-01-01,public-order,On or near Endell Street,51.514818,-0.125013,False,Central London
116162858,2024-01-01,public-order,On or near Dunn's Passage,51.517030,-0.123827,False,Central London
116148199,2024-01-01,public-order,On or near St Margaret Street,51.500253,-0.126317,False,Central London
116134658,2024-01-01,public-order,On or near St James's Market,51.509251,-0.133398,False,Central London
116110273,2024-01-01,public-order,On or near Nightclub,51.516623,-0.132976,False,Central London
116119764,2024-01-01,public-order,On or near William Iv Street,51.509491,-0.125924,False,Central London
116157434,2024-01-01,public-order,On or near Leicester Square,51.511584,-0.128000,False,Central London
116151753,2024-01-01,public-order,On or near Nightclub,51.514536,-0.140043,False,Central London
116125272,2024-01-01,public-order,On or near Buckingham Street,51.508409,-0.123461,False,Central London
116110349,2024-01-01,public-order,On or near Hills Place,51.515088,-0.140222,False,Central London
116090050,2024-01-01,public-order,On or near Stacey Street,51.514519,-0.128758,False,Central London
116129751,2024-01-01,public-order,On or near Waterloo,51.504010,-0.115515,False,Central London
116119817,2024-01-01,public-order,On or near Parking Area,51.495745,-0.132308,False,Central London
116147134,2024-01-01,public-order,On or near Conference/exhibition Centre,51.516295,-0.129487,False,Central London
116113353,2024-01-01,public-order,On or near Russell Street,51.512863,-0.120842,False,Central London
116124745,2024-01-01,public-order,On or near Shopping Area,51.513237,-0.146004,False,Central London
126015561,2024-01-01,public-order,Embankment (lu Station),51.507344,-0.122241,False,Central London
116093800,2024-01-01,public-order,On or near Little George Street,51.500963,-0.127931,False,Central London
116128805,2024-01-01,public-order,On or near Gresse Street,51.517516,-0.134012,False,Central London
116090715,2024-01-01,public-order,On or near Conference/exhibition Centre,51.516295,-0.129487,False,Central London
116126441,2024-01-01,public-order,On or near Denman Street,51.510729,-0.135283,False,Central London
116140577,2024-01-01,public-order,On or near Russell Street,51.512863,-0.120842,False,Central London
116113112,2024-01-01,public-order,On or near Craig's Court,51.506736,-0.126800,False,Central London
116158322,2024-01-01,public-order,On or near Great Marlborough Street,51.514247,-0.139406,False,Central London
116111886,2024-01-01,public-order,On or near Coral Street,51.500744,-0.108719,False,Central London
116108828,2024-01-01,public-order,On or near John Adam Street,51.509044,-0.123247,False,Central London
116148674,2024-01-01,public-order,On or near Nightclub,51.517390,-0.140834,False,Central London
116093798,2024-01-01,public-order,On or near Craig's Court,51.506736,-0.126800,False,Central London
116134725,2024-01-01,public-order,On or near Corner House Street,51.507725,-0.125708,False,Central London
116146703,2024-01-01,public-order,On or near Garrick Street,51.511574,-0.126271,False,Central London
116146407,2024-01-01,public-order,On or near Shopping Area,51.519933,-0.133899,False,Central London
116153286,2024-01-01,public-order,On or near Carnaby Street,51.513150,-0.138845,False,Central London
116096017,2024-01-01,public-order,On or near Hamilton Mews,51.504176,-0.149643,False,Central London
116154505,2024-01-01,public-order,On or near Vigo Street,51.510266,-0.139006,False,Central London
116098344,2024-01-01,public-order,On or near Embankment Place,51.507096,-0.122909,False,Central London
116113715,2024-01-01,public-order,On or near York Buildings,51.508653,-0.122975,False,Central London
116134089,2024-01-01,public-order,On or near Fitzmaurice Place,51.508676,-0.145368,False,Central London
116126219,2024-01-01,public-order,On or near A401,51.511790,-0.132459,False,Central London
116096003,2024-01-01,public-order,On or near Scotland Place,51.506087,-0.125617,False,Central London
115991785,2024-01-01,public-order,On or near Chancery Lane,51.516067,-0.112019,False,Central London
116118018,2024-01-01,public-order,On or near Old Bond Street,51.508911,-0.140877,False,Central London
116126293,2024-01-01,public-order,On or near St Martin's Lane,51.510623,-0.126987,False,Central London
116131502,2024-01-01,public-order,On or near York Buildings,51.508653,-0.122975,False,Central London
116138488,2024-01-01,public-order,On or near Nightclub,51.516900,-0.132077,False,Central London
116126532,2024-01-01,public-order,On or near Parking Area,51.516395,-0.125165,False,Central London
116154261,2024-01-01,public-order,On or near Hospital,51.499488,-0.118410,False,Central London
116098343,2024-01-01,public-order,On or near Essex Street,51.512590,-0.112811,False,Central London
116096549,2024-01-01,public-order,On or near Argyll Street,51.514684,-0.140844,False,Central London
116144308,2024-01-01,public-order,On or near Duchy Street,51.506673,-0.108877,False,Central London
116127418,2024-01-01,public-order,On or near Little George Street,51.500963,-0.127931,False,Central London
115992182,2024-01-01,public-order,On or near Fleet Street,51.514202,-0.108450,False,Central London
116123519,2024-01-01,public-order,On or near Page Street,51.493937,-0.129472,False,Central London
116137502,2024-01-01,public-order,On or near St Giles High Street,51.515598,-0.127633,False,Central London
126016752,2024-01-01,public-order,Oxford Circus (lu Station),51.515197,-0.142071,False,Central London
116134613,2024-01-01,public-order,On or near Theatre/concert Hall,51.509909,-0.126298,False,Central London
116099772,2024-01-01,public-order,On or near Leicester Square,51.511584,-0.128000,False,Central London
116098538,2024-01-01,public-order,On or near Hospital,51.499488,-0.118410,False,Central London
116098377,2024-01-01,public-order,On or near Langham Place,51.517741,-0.143126,False,Central London
116134409,2024-01-01,public-order,On or near Phoenix Street,51.514209,-0.129665,False,Central London
116131710,2024-01-01,public-order,On or near Montreal Place,51.512133,-0.117918,False,Central London
116109433,2024-01-01,public-order,On or near Nightclub,51.516900,-0.132077,False,Central London
116100182,2024-01-01,public-order,On or near Shopping Area,51.515070,-0.138003,False,Central London
116127417,2024-01-01,public-order,On or near Little George Street,51.500963,-0.127931,False,Central London
116144049,2024-01-01,public-order,On or near Soho Street,51.515939,-0.132693,False,Central London
116124375,2024-01-01,public-order,On or near B506,51.518567,-0.132282,False,Central London
116141874,2024-01-01,public-order,On or near Holborn,51.517436,-0.119976,False,Central London
116130435,2024-01-01,public-order,On or near Greet Street,51.503762,-0.107398,False,Central London
116144557,2024-01-01,public-order,On or near William Iv Street,51.509491,-0.125924,False,Central London
116153967,2024-01-01,public-order,On or near Theatre/concert Hall,51.509158,-0.134930,False,Central London
116135321,2024-01-01,public-order,On or near Hospital,51.499488,-0.118410,False,Central London
116144569,2024-01-01,public-order,On or near Hills Place,51.515088,-0.140222,False,Central London
116154895,2024-01-01,public-order,On or near Dyott Street,51.516820,-0.127583,False,Central London
116120736,2024-01-01,public-order,On or near Johanna Street,51.501201,-0.111971,False,Central London
116122504,2024-01-01,public-order,On or near Further/higher Educational Building,51.516178,-0.131904,False,Central London
116148186,2024-01-01,public-order,On or near Shopping Area,51.515070,-0.138003,False,Central London
116125655,2024-01-01,public-order,On or near Further/higher Educational Building,51.500280,-0.116091,False,Central London
116094756,2024-01-01,public-order,On or near Shaftesbury Avenue,51.514970,-0.127169,False,Central London
116093974,2024-01-01,public-order,On or near Hospital,51.499488,-0.118410,False,Central London
116095911,2024-01-01,public-order,On or near Nightclub,51.508087,-0.124122,False,Central London
116134638,2024-01-01,public-order,On or near Shopping Area,51.512114,-0.134189,False,Central London
116144626,2024-01-01,public-order,On or near Upper Ground,51.508094,-0.106685,False,Central London
116134640,2024-01-01,public-order,On or near Shopping Area,51.512114,-0.134189,False,Central London
116094968,2024-01-01,public-order,On or near Howick Place,51.496711,-0.137095,False,Central London
116099769,2024-01-01,public-order,On or near Downing Street,51.503196,-0.127032,False,Central London
116150440,2024-01-01,public-order,On or near Further/higher Educational Building,51.516178,-0.131904,False,Central London
116138502,2024-01-01,public-order,On or near Dyott Street,51.516820,-0.127583,False,Central London
116161519,2024-01-01,public-order,On or near Hills Place,51.515088,-0.140222,False,Central London
116133917,2024-01-01,public-order,On or near Theatre/concert Hall,51.506707,-0.116009,False,Central London
116109587,2024-01-01,public-order,On or near Theatre/concert Hall,51.496848,-0.142518,False,Central London
126016842,2024-01-01,public-order,Piccadilly Circus (lu Station),51.509609,-0.135151,False,Central London
116098355,2024-01-01,public-order,On or near Little Marlborough Street,51.513708,-0.140004,False,Central London
116128623,2024-01-01,public-order,On or near Little George Street,51.500963,-0.127931,False,Central London
116091575,2024-01-01,public-order,On or near Nightclub,51.510840,-0.128984,False,Central London
116134641,2024-01-01,public-order,On or near Shopping Area,51.512114,-0.134189,False,Central London
116137322,2024-01-01,public-order,On or near Dering Street,51.514195,-0.145735,False,Central London
116137282,2024-01-01,public-order,On or near Strutton Ground,51.497497,-0.133922,False,Central London
116131804,2024-01-01,public-order,On or near Nightclub,51.510840,-0.128984,False,Central London
116153950,2024-01-01,public-order,On or near Theatre/concert Hall,51.509158,-0.134930,False,Central London
126016751,2024-01-01,public-order,Oxford Circus (lu Station),51.515197,-0.142071,False,Central London
116133774,2024-01-01,public-order,On or near Upper John Street,51.511860,-0.137975,False,Central London
116109602,2024-01-01,public-order,On or near Parking Area,51.506236,-0.141322,False,Central London
116126449,2024-01-01,public-order,On or near Parking Area,51.514010,-0.124528,False,Central London
126016029,2024-01-01,public-order,Holborn (lu Station),51.517640,-0.119723,False,Central London
116154375,2024-01-01,public-order,On or near Denman Street,51.510729,-0.135283,False,Central London
116149327,2024-01-01,public-order,On or near Earlham Street,51.513701,-0.127091,False,Central London
116162435,2024-01-01,public-order,On or near Chadwick Street,51.496313,-0.132429,False,Central London
116134653,2024-01-01,public-order,On or near Police Station,51.509786,-0.124658,False,Central London
116128082,2024-01-01,public-order,On or near Stukeley Street,51.516351,-0.122976,False,Central London
116146251,2024-01-01,public-order,On or near Ashley Place,51.496252,-0.140470,False,Central London
116114967,2024-01-01,public-order,On or near Theatre/concert Hall,51.506632,-0.127640,False,Central London
116127422,2024-01-01,public-order,On or near William Iv Street,51.509491,-0.125924,False,Central London
116127403,2024-01-01,public-order,On or near Curzon Square,51.506109,-0.150790,False,Central London
116127528,2024-01-01,public-order,On or near Little Newport Street,51.511703,-0.128701,False,Central London
116139227,2024-01-01,public-order,On or near Parking Area,51.517440,-0.130397,False,Central London
116134664,2024-01-01,public-order,On or near Theatre/concert Hall,51.510345,-0.122502,False,Central London
116133084,2024-01-01,public-order,On or near Theatre/concert Hall,51.513075,-0.118888,False,Central London
116144747,2024-01-01,public-order,On or near Hospital,51.499488,-0.118410,False,Central London
116138317,2024-01-01,public-order,On or near Theatre/concert Hall,51.509909,-0.126298,False,Central London
116146625,2024-01-01,public-order,On or near Theatre/concert Hall,51.502339,-0.108884,False,Central London
116109226,2024-01-01,public-order,On or near Chadwick Street,51.496313,-0.132429,False,Central London
116128759,2024-01-01,public-order,On or near Police Station,51.509786,-0.124658,False,Central London
116095827,2024-01-01,public-order,On or near William Iv Street,51.509491,-0.125924,False,Central London
116144503,2024-01-01,public-order,On or near Dufour's Place,51.513494,-0.137289,False,Central London
126017659,2024-01-01,public-order,Waterloo (london) (station),51.503058,-0.113754,False,Central London
126017660,2024-01-01,public-order,Waterloo (london) (station),51.503058,-0.113754,False,Central London
116092170,2024-01-01,public-order,On or near Pear Place,51.502428,-0.110508,False,Central London
116119863,2024-01-01,public-order,On or near Nightclub,51.510840,-0.128984,False,Central London
116158019,2024-01-01,public-order,On or near Nightclub,51.516900,-0.132077,False,Central London
116133916,2024-01-01,public-order,On or near Hospital,51.499488,-0.118410,False,Central London
116103423,2024-01-01,public-order,On or near Macclesfield Street,51.511997,-0.131355,False,Central London
116137007,2024-01-01,public-order,On or near Great Windmill Street,51.510952,-0.134064,False,Central London
116119786,2024-01-01,public-order,On or near Bridge Street,51.500978,-0.125524,False,Central London
116139228,2024-01-01,public-order,On or near Parking Area,51.517440,-0.130397,False,Central London
116128701,2024-01-01,public-order,On or near Police Station,51.509786,-0.124658,False,Central London
126017775,2024-01-01,public-order,Westminster (lu Station),51.501359,-0.124657,False,Central London
116123517,2024-01-01,public-order,On or near Little Newport Street,51.511703,-0.128701,False,Central London
116101671,2024-01-01,public-order,On or near Hospital,51.499488,-0.118410,False,Central London
116094112,2024-01-01,public-order,On or near Surrey Street,51.512449,-0.115772,False,Central London
116118021,2024-01-01,public-order,On or near William Iv Street,51.509491,-0.125924,False,Central London
116138278,2024-01-01,public-order,On or near Bedford Street,51.510389,-0.124157,False,Central London
116123507,2024-01-01,public-order,On or near Nightclub,51.510272,-0.129192,False,Central London
116148688,2024-01-01,public-order,On or near A301,51.512059,-0.118929,False,Central London
126015562,2024-01-01,public-order,Embankment (lu Station),51.507344,-0.122241,False,Central London
116158992,2024-01-01,public-order,On or near William Iv Street,51.509491,-0.125924,False,Central London
116109584,2024-01-01,public-order,On or near Rochester Street,51.495099,-0.134697,False,Central London
116148219,2024-01-01,public-order,On or near Trafalgar Square,51.507938,-0.128898,False,Central London
116112386,2024-01-01,public-order,On or near Winnett Street,51.512013,-0.133502,False,Central London
116131703,2024-01-01,public-order,On or near Supermarket,51.514044,-0.117666,False,Central London
116146857,2024-01-01,public-order,On or near William Iv Street,51.509491,-0.125924,False,Central London
116118744,2024-01-01,public-order,On or near Hills Place,51.515088,-0.140222,False,Central London
116125176,2024-01-01,public-order,On or near Market Place,51.516058,-0.140154,False,Central London
116109598,2024-01-01,public-order,On or near Howick Place,51.496711,-0.137095,False,Central London
116123201,2024-01-01,public-order,On or near Police Station,51.509786,-0.124658,False,Central London
126015254,2024-01-01,public-order,Colchester (station),51.508484,-0.125879,False,Central London
116109629,2024-01-01,public-order,On or near Theatre/concert Hall,51.509944,-0.127807,False,Central London
126015147,2024-01-01,public-order,Charing Cross (lu Station),51.508360,-0.124803,False,Central London
116128798,2024-01-01,public-order,On or near Page Street,51.493937,-0.129472,False,Central London
116146250,2024-01-01,public-order,On or near Buckingham Street,51.508409,-0.123461,False,Central London
116124263,2024-01-01,public-order,On or near Montague Street,51.519680,-0.125347,False,Central London
116122659,2024-01-01,public-order,On or near Further/higher Educational Building,51.516178,-0.131904,False,Central London
116139776,2024-01-01,public-order,On or near Hatfields,51.503496,-0.106473,False,Central London
116089636,2024-01-01,public-order,On or near London Waterloo,51.502663,-0.113423,False,Central London
116113836,2024-01-01,public-order,On or near Leicester Street,51.510942,-0.131196,False,Central London
116137197,2024-01-01,public-order,On or near Carlisle Place,51.495936,-0.141491,False,Central London
116128700,2024-01-01,public-order,On or near Police Station,51.509786,-0.124658,False,Central London
116124855,2024-01-01,public-order,On or near Lower John Street,51.511264,-0.137308,False,Central London
116125653,2024-01-01,public-order,On or near Waterloo,51.504010,-0.115515,False,Central London
116110035,2024-01-01,public-order,On or near Parking Area,51.514010,-0.124528,False,Central London
116133086,2024-01-01,public-order,On or near Theatre/concert Hall,51.513075,-0.118888,False,Central London
116134668,2024-01-01,public-order,On or near Theatre/concert Hall,51.510900,-0.127984,False,Central London
126017441,2024-01-01,public-order,Temple (lu Station),51.510907,-0.114841,False,Central London
116149821,2024-01-01,public-order,On or near Shopping Area,51.511630,-0.121916,False,Central London
116151665,2024-01-01,public-order,On or near Nightclub,51.509759,-0.128782,False,Central London
116090011,2024-01-01,public-order,On or near Lisle Street,51.511534,-0.130495,False,Central London
116149329,2024-01-01,public-order,On or near Earlham Street,51.513701,-0.127091,False,Central London
116114363,2024-01-01,public-order,On or near Chadwick Street,51.496313,-0.132429,False,Central London
116128677,2024-01-01,public-order,On or near Further/higher Educational Building,51.516178,-0.131904,False,Central London
116144564,2024-01-01,public-order,On or near Nightclub,51.514246,-0.131436,False,Central London
126016268,2024-01-01,public-order,Leicester Square (lu Station),51.511627,-0.127696,False,Central London
116148249,2024-01-01,public-order,On or near Parking Area,51.507286,-0.128903,False,Central London
116142937,2024-01-01,public-order,On or near Shopping Area,51.499894,-0.132899,False,Central London
116117128,2024-01-01,public-order,On or near St James's Park,51.499302,-0.133790,False,Central London
116125050,2024-01-01,public-order,On or near Tanswell Street,51.501409,-0.111443,False,Central London
116154790,2024-01-01,public-order,On or near Glasshouse Street,51.510520,-0.137439,False,Central London
116145096,2024-01-01,robbery,On or near Denman Street,51.510729,-0.135283,False,Central London
116091512,2024-01-01,robbery,On or near Dansey Place,51.511790,-0.131925,False,Central London
116142915,2024-01-01,robbery,On or near Candover Street,51.519470,-0.139842,False,Central London
116120585,2024-01-01,robbery,On or near Parking Area,51.513233,-0.141234,False,Central London
116114007,2024-01-01,robbery,On or near Shaftesbury Avenue,51.513064,-0.129438,False,Central London
116109678,2024-01-01,robbery,On or near Charles Ii Street,51.507970,-0.133162,False,Central London
116128760,2024-01-01,robbery,On or near Theatre/concert Hall,51.509158,-0.134930,False,Central London
116108969,2024-01-01,robbery,On or near Little Newport Street,51.511703,-0.128701,False,Central London
116098929,2024-01-01,robbery,On or near Parking Area,51.516395,-0.125165,False,Central London
116109228,2024-01-01,robbery,On or near A401,51.511790,-0.132459,False,Central London
116112959,2024-01-01,robbery,On or near Dyott Street,51.516820,-0.127583,False,Central London
116145014,2024-01-01,robbery,On or near Further/higher Educational Building,51.516178,-0.131904,False,Central London
116112721,2024-01-01,robbery,On or near Leicester Square,51.510468,-0.130769,False,Central London
116131688,2024-01-01,robbery,On or near Theatre/concert Hall,51.509158,-0.134930,False,Central London
116128757,2024-01-01,robbery,On or near Nightclub,51.514536,-0.140043,False,Central London
116100983,2024-01-01,robbery,On or near A3203,51.495757,-0.114501,False,Central London
116100978,2024-01-01,robbery,On or near Hercules Road,51.497269,-0.114064,False,Central London
116120021,2024-01-01,robbery,On or near Moor Street,51.513498,-0.130169,False,Central London
116128821,2024-01-01,robbery,On or near Marylebone Passage,51.516927,-0.137711,False,Central London
116152012,2024-01-01,robbery,On or near Dering Street,51.514195,-0.145735,False,Central London
116153975,2024-01-01,robbery,On or near Royalty Mews,51.514141,-0.132694,False,Central London
116159000,2024-01-01,robbery,On or near Hills Place,51.515088,-0.140222,False,Central London
116153278,2024-01-01,robbery,On or near Theatre/concert Hall,51.512725,-0.134121,False,Central London
116151123,2024-01-01,robbery,On or near Leicester Street,51.510942,-0.131196,False,Central London
116105733,2024-01-01,robbery,On or near Leicester Street,51.510942,-0.131196,False,Central London
116111757,2024-01-01,robbery,On or near Market Place,51.516058,-0.140154,False,Central London
116137330,2024-01-01,robbery,On or near Romilly Street,51.513019,-0.130592,False,Central London
116144881,2024-01-01,robbery,On or near Mcauley Close,51.497399,-0.112603,False,Central London
116125723,2024-01-01,robbery,On or near Theatre/concert Hall,51.509909,-0.126298,False,Central London
116092453,2024-01-01,robbery,On or near Leicester Square,51.510468,-0.130769,False,Central London
116092452,2024-01-01,robbery,On or near Soho Street,51.515939,-0.132693,False,Central London
116134073,2024-01-01,robbery,On or near Theatre/concert Hall,51.509158,-0.134930,False,Central London
116133789,2024-01-01,robbery,On or near Theatre/concert Hall,51.509404,-0.131706,False,Central London
116134376,2024-01-01,robbery,On or near Hopkins Street,51.513090,-0.135043,False,Central London
116134383,2024-01-01,robbery,On or near Shopping Area,51.516618,-0.139226,False,Central London
116090143,2024-01-01,robbery,On or near Further/higher Educational Building,51.515727,-0.136304,False,Central London
116134557,2024-01-01,robbery,On or near Shaftesbury Avenue,51.513064,-0.129438,False,Central London
116133772,2024-01-01,robbery,On or near Corner House Street,51.507725,-0.125708,False,Central London
116109234,2024-01-01,robbery,On or near Macclesfield Street,51.511997,-0.131355,False,Central London
116154447,2024-01-01,robbery,On or near A401,51.511790,-0.132459,False,Central London
116099339,2024-01-01,robbery,On or near Parking Area,51.513233,-0.141234,False,Central London
116105742,2024-01-01,robbery,On or near Charing Cross Road,51.512994,-0.129023,False,Central London
116133049,2024-01-01,robbery,On or near Nightclub,51.514012,-0.131078,False,Central London
116124906,2024-01-01,robbery,On or near Coral Street,51.500744,-0.108719,False,Central London
116146642,2024-01-01,robbery,On or near Chicheley Street,51.502888,-0.117319,False,Central London
116153269,2024-01-01,robbery,On or near Bridge Street,51.500978,-0.125524,False,Central London
116132797,2024-01-01,robbery,On or near Addington Street,51.501162,-0.116252,False,Central London
116090457,2024-01-01,robbery,On or near Addington Street,51.501162,-0.116252,False,Central London
116134842,2024-01-01,robbery,On or near Southampton Row,51.519624,-0.121890,False,Central London
116128774,2024-01-01,robbery,On or near Buckingham Street,51.508409,-0.123461,False,Central London
116092303,2024-01-01,robbery,On or near Nightclub,51.516900,-0.132077,False,Central London
116136471,2024-01-01,robbery,On or near Brad Street,51.504309,-0.108960,False,Central London
116131676,2024-01-01,robbery,On or near Sports/recreation Area,51.509947,-0.131367,False,Central London
116123499,2024-01-01,robbery,On or near Argyll Street,51.514684,-0.140844,False,Central London
116123504,2024-01-01,robbery,On or near Grantham Place,51.504479,-0.149487,False,Central London
116109626,2024-01-01,robbery,On or near Villiers Street,51.507832,-0.123383,False,Central London
116146828,2024-01-01,robbery,On or near Pollen Street,51.513575,-0.142373,False,Central London
116138699,2024-01-01,robbery,On or near Coventry Street,51.510295,-0.132318,False,Central London
116107747,2024-01-01,robbery,On or near Pear Place,51.502428,-0.110508,False,Central London
116123387,2024-01-01,robbery,On or near Parking Area,51.512379,-0.129379,False,Central London
116123317,2024-01-01,robbery,On or near Shopping Area,51.512114,-0.134189,False,Central London
116134556,2024-01-01,robbery,On or near Corner House Street,51.507725,-0.125708,False,Central London
116122394,2024-01-01,robbery,On or near Sports/recreation Area,51.509947,-0.131367,False,Central London
116140621,2024-01-01,robbery,On or near Nightclub,51.514536,-0.140043,False,Central London
116138300,2024-01-01,robbery,On or near Little Newport Street,51.511703,-0.128701,False,Central London
116134688,2024-01-01,robbery,On or near Little Marlborough Street,51.513708,-0.140004,False,Central London
116130934,2024-01-01,robbery,On or near Theatre/concert Hall,51.502339,-0.108884,False,Central London
116144551,2024-01-01,robbery,On or near Nightclub,51.513940,-0.132500,False,Central London
116122450,2024-01-01,robbery,On or near Argyll Street,51.514684,-0.140844,False,Central London
116149111,2024-01-01,robbery,On or near Further/higher Educational Building,51.495541,-0.116432,False,Central London
116162430,2024-01-01,robbery,On or near Further/higher Educational Building,51.516178,-0.131904,False,Central London
116148142,2024-01-01,robbery,On or near Nightclub,51.507766,-0.141284,False,Central London
116133775,2024-01-01,robbery,On or near Little Titchfield Street,51.517954,-0.141777,False,Central London
116150509,2024-01-01,robbery,On or near Coach And Horses Yard,51.511314,-0.142134,False,Central London
116128609,2024-01-01,robbery,On or near Rose Street,51.511623,-0.125951,False,Central London
116123226,2024-01-01,robbery,On or near Cranbourn Street,51.511339,-0.128427,False,Central London
116146901,2024-01-01,robbery,On or near Greek Street,51.513804,-0.130733,False,Central London
116123399,2024-01-01,robbery,On or near Nightclub,51.513406,-0.131715,False,Central London
116128984,2024-01-01,robbery,On or near Hanover Street,51.513827,-0.142363,False,Central London
116161525,2024-01-01,robbery,On or near Nightclub,51.509759,-0.128782,False,Central London
116124816,2024-01-01,robbery,On or near Parking Area,51.506136,-0.115773,False,Central London
116133074,2024-01-01,robbery,On or near Further/higher Educational Building,51.516178,-0.131904,False,Central London
116151442,2024-01-01,robbery,On or near Nightclub,51.509458,-0.132280,False,Central London
116123149,2024-01-01,robbery,On or near Theatre/concert Hall,51.512811,-0.133325,False,Central London
116125564,2024-01-01,robbery,On or near London Waterloo,51.502663,-0.113423,False,Central London
116099758,2024-01-01,robbery,On or near Shopping Area,51.512114,-0.134189,False,Central London
116148162,2024-01-01,robbery,On or near Argyll Street,51.514684,-0.140844,False,Central London
116117224,2024-01-01,robbery,On or near Constitution Hill,51.502349,-0.146144,False,Central London
116105757,2024-01-01,robbery,On or near Further/higher Educational Building,51.516178,-0.131904,False,Central London
116115681,2024-01-01,robbery,On or near Middle Temple Lane,51.513757,-0.111567,False,Central London
116109503,2024-01-01,robbery,On or near Percy Mews,51.517803,-0.133971,False,Central London
116160321,2024-01-01,robbery,On or near Dansey Place,51.511790,-0.131925,False,Central London
116128769,2024-01-01,robbery,On or near Nightclub,51.512339,-0.133618,False,Central London
116109207,2024-01-01,robbery,On or near Nightclub,51.512495,-0.138915,False,Central London
116152415,2024-01-01,robbery,On or near New Burlington Place,51.512078,-0.141526,False,Central London
116095879,2024-01-01,robbery,On or near Nightclub,51.512495,-0.138915,False,Central London
116109214,2024-01-01,robbery,On or near Denman Street,51.510729,-0.135283,False,Central London
116144071,2024-01-01,robbery,On or near Gresse Street,51.517516,-0.134012,False,Central London
116130471,2024-01-01,robbery,On or near London Waterloo,51.502663,-0.113423,False,Central London
116109539,2024-01-01,robbery,On or near Glasshouse Street,51.510520,-0.137439,False,Central London
116105519,2024-01-01,robbery,On or near The Cut,51.503044,-0.107428,False,Central London
116096005,2024-01-01,robbery,On or near Ambrosden Avenue,51.496508,-0.139610,False,Central London
116127548,2024-01-01,robbery,On or near Hatfields,51.505432,-0.106680,False,Central London
116120661,2024-01-01,robbery,On or near Cranbourn Street,51.511339,-0.128427,False,Central London
116097757,2024-01-01,robbery,On or near Waterloo,51.504010,-0.115515,False,Central London
116097758,2024-01-01,robbery,On or near Waterloo,51.504010,-0.115515,False,Central London
116144548,2024-01-01,robbery,On or near Temple,51.511103,-0.113723,False,Central London
116154121,2024-01-01,robbery,On or near Conference/exhibition Centre,51.508351,-0.108355,False,Central London
116119935,2024-01-01,robbery,On or near Nightclub,51.509962,-0.137952,False,Central London
116156510,2024-01-01,robbery,On or near Nightclub,51.516623,-0.132976,False,Central London
116156511,2024-01-01,robbery,On or near Nightclub,51.516623,-0.132976,False,Central London
126016269,2024-01-01,robbery,Leicester Square (lu Station),51.511627,-0.127696,False,Central London
126016270,2024-01-01,robbery,Leicester Square (lu Station),51.511627,-0.127696,False,Central London
126017497,2024-01-01,robbery,Tottenham Court Road (lu Station),51.516391,-0.130498,False,Central London
126017496,2024-01-01,robbery,Tottenham Court Road (lu Station),51.516391,-0.130498,False,Central London
116112473,2024-01-01,robbery,On or near Nightclub,51.514012,-0.131078,False,Central London
116140841,2024-01-01,robbery,On or near Further/higher Educational Building,51.495541,-0.116432,False,Central London
116110282,2024-01-01,robbery,On or near Further/higher Educational Building,51.516178,-0.131904,False,Central London
116150969,2024-01-01,robbery,On or near Gresse Street,51.517516,-0.134012,False,Central London
116153973,2024-01-01,robbery,On or near Hamilton Mews,51.504176,-0.149643,False,Central London
116098757,2024-01-01,robbery,On or near Little Newport Street,51.511703,-0.128701,False,Central London
116098397,2024-01-01,robbery,On or near Nightclub,51.515684,-0.135874,False,Central London
116162837,2024-01-01,robbery,On or near Boswell Street,51.520719,-0.121182,False,Central London
116139544,2024-01-01,robbery,On or near Theatre/concert Hall,51.502339,-0.108884,False,Central London
116116340,2024-01-01,robbery,On or near Richmond Mews,51.513911,-0.133539,False,Central London
116106886,2024-01-01,robbery,On or near Nightclub,51.509962,-0.137952,False,Central London
116103379,2024-01-01,robbery,On or near Coventry Street,51.510295,-0.132318,False,Central London
116090456,2024-01-01,robbery,On or near Addington Street,51.501162,-0.116252,False,Central London
116103925,2024-01-01,robbery,On or near Coventry Street,51.510295,-0.132318,False,Central London
116090455,2024-01-01,robbery,On or near Addington Street,51.501162,-0.116252,False,Central London
116103593,2024-01-01,robbery,On or near Nightclub,51.510840,-0.128984,False,Central London
116135050,2024-01-01,robbery,On or near Gresse Street,51.517516,-0.134012,False,Central London
116133044,2024-01-01,robbery,On or near Dyott Street,51.516820,-0.127583,False,Central London
116105984,2024-01-01,robbery,On or near Alfred Mews,51.521006,-0.134100,False,Central London
116136831,2024-01-01,robbery,On or near Theme/adventure Park,51.502823,-0.119257,False,Central London
116099346,2024-01-01,robbery,On or near Further/higher Educational Building,51.519333,-0.128965,False,Central London
116148634,2024-01-01,robbery,On or near Nightclub,51.512416,-0.133384,False,Central London
116149974,2024-01-01,robbery,On or near Hills Place,51.515088,-0.140222,False,Central London
116099864,2024-01-01,robbery,On or near Further/higher Educational Building,51.514867,-0.138790,False,Central London
116103710,2024-01-01,robbery,On or near Shopping Area,51.517484,-0.112941,False,Central London
116089995,2024-01-01,robbery,On or near Gerrard Place,51.512247,-0.130120,False,Central London
116139672,2024-01-01,robbery,On or near Secker Street,51.504781,-0.111477,False,Central London
116107085,2024-01-01,robbery,On or near Nightclub,51.516900,-0.132077,False,Central London
116133816,2024-01-01,robbery,On or near Charing Cross Road,51.512994,-0.129023,False,Central London
116154407,2024-01-01,robbery,On or near Dering Street,51.514195,-0.145735,False,Central London
116106375,2024-01-01,robbery,On or near Secker Street,51.504781,-0.111477,False,Central London
116105343,2024-01-01,robbery,On or near Denmark Street,51.515189,-0.129653,False,Central London
116134634,2024-01-01,robbery,On or near Meard Street,51.513341,-0.132756,False,Central London
116125587,2024-01-01,robbery,On or near Catton Street,51.518165,-0.120018,False,Central London
116154466,2024-01-01,robbery,On or near Soho Street,51.515939,-0.132693,False,Central London
116123978,2024-01-01,robbery,On or near Romilly Street,51.513019,-0.130592,False,Central London
116126129,2024-01-01,robbery,On or near Nightclub,51.511200,-0.133288,False,Central London
116129462,2024-01-01,robbery,On or near Shopping Area,51.512114,-0.134189,False,Central London
116110376,2024-01-01,robbery,On or near Grafton Street,51.510141,-0.143046,False,Central London
116133764,2024-01-01,robbery,On or near Dansey Place,51.511790,-0.131925,False,Central London
116133765,2024-01-01,robbery,On or near Dansey Place,51.511790,-0.131925,False,Central London
116145928,2024-01-01,robbery,On or near Lambeth North,51.499042,-0.111930,False,Central London
116143269,2024-01-01,robbery,On or near Nightclub,51.511783,-0.129778,False,Central London
116112430,2024-01-01,robbery,On or near Glasshouse Street,51.510520,-0.137439,False,Central London
116123315,2024-01-01,robbery,On or near Nightclub,51.511200,-0.133288,False,Central London
116152016,2024-01-01,robbery,On or near Gerrard Street,51.511760,-0.131163,False,Central London
116103531,2024-01-01,robbery,On or near Leicester Street,51.510942,-0.131196,False,Central London
116116722,2024-01-01,robbery,On or near Lower John Street,51.511264,-0.137308,False,Central London
116145194,2024-01-01,robbery,On or near Conference/exhibition Centre,51.516295,-0.129487,False,Central London
116130105,2024-01-01,robbery,On or near Nightclub,51.516900,-0.132077,False,Central London
116157937,2024-01-01,robbery,On or near Chapone Place,51.514286,-0.132818,False,Central London
116111840,2024-01-01,robbery,On or near Gray Street,51.501269,-0.107228,False,Central London
115992168,2024-01-01,robbery,On or near Southampton Buildings,51.518231,-0.112953,False,Central London
116119772,2024-01-01,robbery,On or near Theatre/concert Hall,51.511272,-0.133820,False,Central London
116112232,2024-01-01,robbery,On or near Romilly Street,51.513019,-0.130592,False,Central London
116139362,2024-01-01,robbery,On or near Denmark Street,51.515189,-0.129653,False,Central London
116157807,2024-01-01,robbery,On or near Theme/adventure Park,51.502823,-0.119257,False,Central London
116157081,2024-01-01,robbery,On or near Gray Street,51.501269,-0.107228,False,Central London
116115176,2024-01-01,robbery,On or near Dering Street,51.514195,-0.145735,False,Central London
116120582,2024-01-01,robbery,On or near Parking Area,51.507286,-0.128903,False,Central London
116134722,2024-01-01,robbery,On or near John Prince's Street,51.515753,-0.143092,False,Central London
116113881,2024-01-01,robbery,On or near Theatre/concert Hall,51.504066,-0.110037,False,Central London
116154396,2024-01-01,robbery,On or near Great Windmill Street,51.510952,-0.134064,False,Central London
116122384,2024-01-01,robbery,On or near Nightclub,51.514012,-0.131078,False,Central London
126017673,2024-01-01,robbery,Waterloo (london) (station),51.503058,-0.113754,False,Central London
116123303,2024-01-01,robbery,On or near Great Windmill Street,51.510952,-0.134064,False,Central London
116120579,2024-01-01,robbery,On or near Theatre/concert Hall,51.509999,-0.131797,False,Central London
116103619,2024-01-01,robbery,On or near Nightclub,51.514246,-0.131436,False,Central London
116109265,2024-01-01,robbery,On or near Nightclub,51.512495,-0.138915,False,Central London
116099228,2024-01-01,robbery,On or near Shopping Area,51.513057,-0.144844,False,Central London
116090142,2024-01-01,robbery,On or near Further/higher Educational Building,51.515727,-0.136304,False,Central London
126016753,2024-01-01,robbery,Oxford Circus (lu Station),51.515197,-0.142071,False,Central London
116134676,2024-01-01,robbery,On or near Cranbourn Street,51.511339,-0.128427,False,Central London
116098823,2024-01-01,robbery,On or near Further/higher Educational Building,51.514867,-0.138790,False,Central London
116123981,2024-01-01,robbery,On or near A401,51.511790,-0.132459,False,Central London
116122885,2024-01-01,robbery,On or near Nightclub,51.512482,-0.134160,False,Central London
116103732,2024-01-01,robbery,On or near London Waterloo,51.502663,-0.113423,False,Central London
116131313,2024-01-01,robbery,On or near John Adam Street,51.509044,-0.123247,False,Central London
116098507,2024-01-01,robbery,On or near Embankment Place,51.507096,-0.122909,False,Central London
116161264,2024-01-01,robbery,On or near Nightclub,51.512416,-0.133384,False,Central London
126016843,2024-01-01,robbery,Piccadilly Circus (lu Station),51.509609,-0.135151,False,Central London
116109515,2024-01-01,robbery,On or near Carpenter Street,51.510782,-0.148323,False,Central London
116125168,2024-01-01,robbery,On or near Soho Street,51.515939,-0.132693,False,Central London
116125348,2024-01-01,robbery,On or near Foubert's Place,51.513826,-0.138947,False,Central London
116154706,2024-01-01,robbery,On or near Parking Area,51.506136,-0.115773,False,Central London
116105741,2024-01-01,robbery,On or near A401,51.511790,-0.132459,False,Central London
116092648,2024-01-01,robbery,On or near Coach And Horses Yard,51.511314,-0.142134,False,Central London
116109494,2024-01-01,robbery,On or near Alfred Place,51.519794,-0.132535,False,Central London
116132928,2024-01-01,robbery,On or near Shopping Area,51.512114,-0.134189,False,Central London
116163477,2024-01-01,robbery,On or near Lambeth North,51.499042,-0.111930,False,Central London
116153955,2024-01-01,robbery,On or near Shopping Area,51.513600,-0.148512,False,Central London
116092255,2024-01-01,robbery,On or near Nightclub,51.508450,-0.143266,False,Central London
116159216,2024-01-01,robbery,On or near Nightclub,51.515684,-0.135874,False,Central London
116148689,2024-01-01,robbery,On or near Bridge Street,51.500978,-0.125524,False,Central London
116155810,2024-01-01,robbery,On or near Barlow Place,51.510473,-0.143551,False,Central London
116154462,2024-01-01,robbery,On or near Nightclub,51.510840,-0.128984,False,Central London
116128792,2024-01-01,robbery,On or near Nightclub,51.516875,-0.141807,False,Central London
116128975,2024-01-01,robbery,On or near Soho Street,51.515939,-0.132693,False,Central London
116153939,2024-01-01,robbery,On or near Further/higher Educational Building,51.516178,-0.131904,False,Central London
116130127,2024-01-01,robbery,On or near Greek Street,51.513804,-0.130733,False,Central London
116157916,2024-01-01,robbery,On or near Nightclub,51.512416,-0.133384,False,Central London
116145616,2024-01-01,robbery,On or near Carlisle Street,51.514971,-0.133438,False,Central London
116136769,2024-01-01,robbery,On or near Johanna Street,51.501201,-0.111971,False,Central London
116127416,2024-01-01,robbery,On or near Babmaes Street,51.508556,-0.134925,False,Central London
116151653,2024-01-01,robbery,On or near Bridge Street,51.500978,-0.125524,False,Central London
116126173,2024-01-01,robbery,On or near Sherwood Street,51.511018,-0.135963,False,Central London
116124007,2024-01-01,robbery,On or near Carlisle Street,51.514971,-0.133438,False,Central London
116134912,2024-01-01,robbery,On or near Shopping Area,51.496466,-0.141499,False,Central London
116091175,2024-01-01,robbery,On or near Greek Street,51.513804,-0.130733,False,Central London
116126145,2024-01-01,robbery,On or near Old Compton Street,51.513200,-0.131248,False,Central London
116151516,2024-01-01,robbery,On or near Morpeth Terrace,51.495183,-0.139952,False,Central London
116136470,2024-01-01,robbery,On or near Brad Street,51.504309,-0.108960,False,Central London
116094349,2024-01-01,robbery,On or near Tottenham Court Road,51.520697,-0.134429,False,Central London
116136842,2024-01-01,robbery,On or near Theatre/concert Hall,51.502339,-0.108884,False,Central London
116091762,2024-01-01,robbery,On or near Further/higher Educational Building,51.517845,-0.121977,False,Central London
116117850,2024-01-01,robbery,On or near Theatre/concert Hall,51.509944,-0.127807,False,Central London
116144546,2024-01-01,robbery,On or near Further/higher Educational Building,51.516178,-0.131904,False,Central London
116098120,2024-01-01,robbery,On or near Clarges Street,51.507243,-0.145729,False,Central London
116133769,2024-01-01,robbery,On or near Nightclub,51.512339,-0.133618,False,Central London
116137201,2024-01-01,robbery,On or near Leicester Square,51.510468,-0.130769,False,Central London
116137200,2024-01-01,robbery,On or near Parking Area,51.507286,-0.128903,False,Central London
116137305,2024-01-01,robbery,On or near Great Windmill Street,51.510952,-0.134064,False,Central London
116137331,2024-01-01,robbery,On or near Romilly Street,51.513019,-0.130592,False,Central London
116102730,2024-01-01,robbery,On or near Stukeley Street,51.516351,-0.122976,False,Central London
116153260,2024-01-01,robbery,On or near Charing Cross Road,51.512994,-0.129023,False,Central London
116109233,2024-01-01,robbery,On or near Macclesfield Street,51.511997,-0.131355,False,Central London
116137267,2024-01-01,robbery,On or near Nightclub,51.514012,-0.131078,False,Central London
116092571,2024-01-01,robbery,On or near Coventry Street,51.510295,-0.132318,False,Central London
116148153,2024-01-01,robbery,On or near A401,51.511790,-0.132459,False,Central London
116147144,2024-01-01,robbery,On or near Dering Street,51.514195,-0.145735,False,Central London
116124860,2024-01-01,robbery,On or near Theatre/concert Hall,51.514523,-0.129580,False,Central London
116105728,2024-01-01,robbery,On or near Hills Place,51.515088,-0.140222,False,Central London
116139113,2024-01-01,robbery,On or near Dering Street,51.514195,-0.145735,False,Central London
116129909,2024-01-01,robbery,On or near Westminster Bridge Road,51.500179,-0.114967,False,Central London
116132161,2024-01-01,robbery,On or near Bloomsbury Place,51.519639,-0.122797,False,Central London
116131733,2024-01-01,robbery,On or near Theatre/concert Hall,51.512106,-0.133100,False,Central London
116157724,2024-01-01,robbery,On or near Leicester Street,51.510942,-0.131196,False,Central London
116136795,2024-01-01,robbery,On or near Addington Street,51.501162,-0.116252,False,Central London
116159217,2024-01-01,robbery,On or near Nightclub,51.515684,-0.135874,False,Central London
116146835,2024-01-01,robbery,On or near Nightclub,51.508087,-0.124122,False,Central London
116126247,2024-01-01,robbery,On or near Smith's Court,51.511608,-0.134599,False,Central London
116145919,2024-01-01,robbery,On or near Nightclub,51.508087,-0.124122,False,Central London
116145868,2024-01-01,robbery,On or near Upper Ground,51.508094,-0.106685,False,Central London
116144488,2024-01-01,robbery,On or near Great Chapel Street,51.515580,-0.134437,False,Central London
116113390,2024-01-01,robbery,On or near Little Newport Street,51.511703,-0.128701,False,Central London
116156024,2024-01-01,robbery,On or near Nightclub,51.510272,-0.129192,False,Central London
116138420,2024-01-01,robbery,On or near Theatre/concert Hall,51.506707,-0.116009,False,Central London
116157527,2024-01-01,robbery,On or near Nightclub,51.514012,-0.131078,False,Central London
116094484,2024-01-01,robbery,On or near Windmill Walk,51.503893,-0.108776,False,Central London
116154264,2024-01-01,robbery,On or near Parking Area,51.506136,-0.115773,False,Central London
116163457,2024-01-01,robbery,On or near A3203,51.495757,-0.114501,False,Central London
116096300,2024-01-01,robbery,On or near Sheraton Street,51.514799,-0.135045,False,Central London
116139548,2024-01-01,robbery,On or near Parking Area,51.506136,-0.115773,False,Central London
116148163,2024-01-01,robbery,On or near Romilly Street,51.513019,-0.130592,False,Central London
116157466,2024-01-01,robbery,On or near Nightclub,51.516623,-0.132976,False,Central London
116137290,2024-01-01,robbery,On or near Police Station,51.509786,-0.124658,False,Central London
116142734,2024-01-01,robbery,On or near Nightclub,51.510953,-0.133012,False,Central London
116134636,2024-01-01,robbery,On or near Parking Area,51.507286,-0.128903,False,Central London
116115798,2024-01-01,robbery,On or near Newnham Terrace,51.498595,-0.113202,False,Central London
116146830,2024-01-01,robbery,On or near Broadwick Street,51.513470,-0.136339,False,Central London
116102058,2024-01-01,robbery,On or near London Waterloo,51.502663,-0.113423,False,Central London
116139361,2024-01-01,robbery,On or near Wild Court,51.515460,-0.119611,False,Central London
116113711,2024-01-01,robbery,On or near Theatre/concert Hall,51.512300,-0.128388,False,Central London
116148174,2024-01-01,robbery,On or near Cavendish Square,51.516488,-0.145743,False,Central London
116111758,2024-01-01,robbery,On or near Market Place,51.516058,-0.140154,False,Central London
116128611,2024-01-01,robbery,On or near Half Moon Street,51.506797,-0.145963,False,Central London
116116589,2024-01-01,robbery,On or near Baron's Place,51.501110,-0.106860,False,Central London
116155963,2024-01-01,robbery,On or near Hills Place,51.515088,-0.140222,False,Central London
116154477,2024-01-01,robbery,On or near Soho Street,51.515939,-0.132693,False,Central London
116109203,2024-01-01,robbery,On or near Northumberland Avenue,51.506985,-0.124975,False,Central London
116128918,2024-01-01,robbery,On or near Shopping Area,51.516618,-0.139226,False,Central London
116150259,2024-01-01,robbery,On or near Glasshouse Street,51.510520,-0.137439,False,Central London
116158993,2024-01-01,robbery,On or near B404,51.511030,-0.127085,False,Central London
116158984,2024-01-01,robbery,On or near Old Compton Street,51.513200,-0.131248,False,Central London
116158995,2024-01-01,robbery,On or near Hanover Street,51.513827,-0.142363,False,Central London
116100377,2024-01-01,robbery,On or near Nightclub,51.514492,-0.131037,False,Central London
116159014,2024-01-01,robbery,On or near Parking Area,51.512379,-0.129379,False,Central London
116138325,2024-01-01,shoplifting,On or near Little Marlborough Street,51.513708,-0.140004,False,Central London
116093661,2024-01-01,shoplifting,On or near Ryder Street,51.506814,-0.138469,False,Central London
116094794,2024-01-01,shoplifting,On or near Shopping Area,51.512166,-0.123818,False,Central London
116112717,2024-01-01,shoplifting,On or near Gresse Street,51.517516,-0.134012,False,Central London
116157590,2024-01-01,shoplifting,On or near Hanover Street,51.513827,-0.142363,False,Central London
116117359,2024-01-01,shoplifting,On or near Parking Area,51.517287,-0.130403,False,Central London
116158177,2024-01-01,shoplifting,On or near Howick Place,51.496711,-0.137095,False,Central London
116096499,2024-01-01,shoplifting,On or near Gresse Street,51.517516,-0.134012,False,Central London
116102581,2024-01-01,shoplifting,On or near Upper James Street,51.512419,-0.137520,False,Central London
116133118,2024-01-01,shoplifting,On or near Market Place,51.516058,-0.140154,False,Central London
116153299,2024-01-01,shoplifting,On or near Hanover Street,51.513827,-0.142363,False,Central London
116151119,2024-01-01,shoplifting,On or near Gresse Street,51.517516,-0.134012,False,Central London
116105780,2024-01-01,shoplifting,On or near Shopping Area,51.516618,-0.139226,False,Central London
116146714,2024-01-01,shoplifting,On or near Gresse Street,51.517516,-0.134012,False,Central London
116128896,2024-01-01,shoplifting,On or near Dering Street,51.514195,-0.145735,False,Central London
116162421,2024-01-01,shoplifting,On or near Hills Place,51.515088,-0.140222,False,Central London
116120735,2024-01-01,shoplifting,On or near Johanna Street,51.501201,-0.111971,False,Central London
116132935,2024-01-01,shoplifting,On or near Johanna Street,51.501201,-0.111971,False,Central London
116102573,2024-01-01,shoplifting,On or near Glasshouse Street,51.510520,-0.137439,False,Central London
116113916,2024-01-01,shoplifting,On or near Dering Street,51.514195,-0.145735,False,Central London
116125767,2024-01-01,shoplifting,On or near Market Place,51.516058,-0.140154,False,Central London
116144031,2024-01-01,shoplifting,On or near Market Place,51.516058,-0.140154,False,Central London
116109465,2024-01-01,shoplifting,On or near Parking Area,51.514010,-0.124528,False,Central London
116155813,2024-01-01,shoplifting,On or near Southampton Street,51.511096,-0.122226,False,Central London
116117130,2024-01-01,shoplifting,On or near Theatre/concert Hall,51.510393,-0.123264,False,Central London
116117118,2024-01-01,shoplifting,On or near Clifford Street,51.510973,-0.141629,False,Central London
116129261,2024-01-01,shoplifting,On or near Dering Street,51.514195,-0.145735,False,Central London
116100183,2024-01-01,shoplifting,On or near Shopping Area,51.515070,-0.138003,False,Central London
116158989,2024-01-01,shoplifting,On or near Gresse Street,51.517516,-0.134012,False,Central London
116117356,2024-01-01,shoplifting,On or near Bruton Street,51.510641,-0.144467,False,Central London
116107827,2024-01-01,shoplifting,On or near Ambrosden Avenue,51.496508,-0.139610,False,Central London
116098777,2024-01-01,shoplifting,On or near Vigo Street,51.510266,-0.139006,False,Central London
116152596,2024-01-01,shoplifting,On or near Little Newport Street,51.511703,-0.128701,False,Central London
116157923,2024-01-01,shoplifting,On or near Gresse Street,51.517516,-0.134012,False,Central London
116131422,2024-01-01,shoplifting,On or near Southampton Street,51.511096,-0.122226,False,Central London
116095969,2024-01-01,shoplifting,On or near Hills Place,51.515088,-0.140222,False,Central London
116162839,2024-01-01,shoplifting,On or near Southampton Buildings,51.518231,-0.112953,False,Central London
116161538,2024-01-01,shoplifting,On or near Gresse Street,51.517516,-0.134012,False,Central London
116125588,2024-01-01,shoplifting,On or near Percy Street,51.518456,-0.133209,False,Central London
116124743,2024-01-01,shoplifting,On or near Horseferry Road,51.494880,-0.129390,False,Central London
116154004,2024-01-01,shoplifting,On or near Nightclub,51.516166,-0.137324,False,Central London
116131702,2024-01-01,shoplifting,On or near Greek Street,51.513804,-0.130733,False,Central London
116105744,2024-01-01,shoplifting,On or near Corner House Street,51.507725,-0.125708,False,Central London
116091825,2024-01-01,shoplifting,On or near The Cut,51.503587,-0.105417,False,Central London
116100163,2024-01-01,shoplifting,On or near Brewer Street,51.511612,-0.135435,False,Central London
116115899,2024-01-01,shoplifting,On or near Theatre/concert Hall,51.515425,-0.123028,False,Central London
116158330,2024-01-01,shoplifting,On or near Carnaby Street,51.513150,-0.138845,False,Central London
116109631,2024-01-01,shoplifting,On or near Blenheim Street,51.513918,-0.146986,False,Central London
116138364,2024-01-01,shoplifting,On or near Hanover Street,51.513827,-0.142363,False,Central London
116094791,2024-01-01,shoplifting,On or near Southampton Street,51.511096,-0.122226,False,Central London
116131176,2024-01-01,shoplifting,On or near Glasshouse Street,51.510520,-0.137439,False,Central London
116126180,2024-01-01,shoplifting,On or near Corner House Street,51.507725,-0.125708,False,Central London
116122491,2024-01-01,shoplifting,On or near Carnaby Street,51.513150,-0.138845,False,Central London
116124283,2024-01-01,shoplifting,On or near South Crescent,51.519427,-0.132074,False,Central London
116120695,2024-01-01,shoplifting,On or near Pear Place,51.502428,-0.110508,False,Central London
116126170,2024-01-01,shoplifting,On or near Vigo Street,51.510266,-0.139006,False,Central London
116131177,2024-01-01,shoplifting,On or near Albany Courtyard,51.508699,-0.138306,False,Central London
116113180,2024-01-01,shoplifting,On or near Howick Place,51.496711,-0.137095,False,Central London
116154475,2024-01-01,shoplifting,On or near Bridge Street,51.500978,-0.125524,False,Central London
116144012,2024-01-01,shoplifting,On or near Nightclub,51.512495,-0.138915,False,Central London
116137287,2024-01-01,shoplifting,On or near Gresse Street,51.517516,-0.134012,False,Central London
116116513,2024-01-01,shoplifting,On or near Horseferry Road,51.494880,-0.129390,False,Central London
116144587,2024-01-01,shoplifting,On or near Gresse Street,51.517516,-0.134012,False,Central London
116090721,2024-01-01,shoplifting,On or near Neal Street,51.514408,-0.125780,False,Central London
116097634,2024-01-01,shoplifting,On or near Nightclub,51.512482,-0.134160,False,Central London
116124004,2024-01-01,shoplifting,On or near Theatre/concert Hall,51.511417,-0.127539,False,Central London
116092250,2024-01-01,shoplifting,On or near Gresse Street,51.517516,-0.134012,False,Central London
116092856,2024-01-01,shoplifting,On or near New Bond Street,51.511893,-0.144070,False,Central London
116148638,2024-01-01,shoplifting,On or near Gresse Street,51.517516,-0.134012,False,Central London
116130864,2024-01-01,shoplifting,On or near Nightclub,51.510953,-0.133012,False,Central London
116093730,2024-01-01,shoplifting,On or near Gresse Street,51.517516,-0.134012,False,Central London
116152334,2024-01-01,shoplifting,On or near Gresse Street,51.517516,-0.134012,False,Central London
116123999,2024-01-01,shoplifting,On or near John Prince's Street,51.515753,-0.143092,False,Central London
116127050,2024-01-01,shoplifting,On or near Theatre/concert Hall,51.513361,-0.128330,False,Central London
116153980,2024-01-01,shoplifting,On or near Tavistock Street,51.512095,-0.120571,False,Central London
116105759,2024-01-01,shoplifting,On or near B402,51.513777,-0.123456,False,Central London
116111645,2024-01-01,shoplifting,On or near Gresse Street,51.517516,-0.134012,False,Central London
116098498,2024-01-01,shoplifting,On or near B402,51.512855,-0.124820,False,Central London
116130857,2024-01-01,shoplifting,On or near Thirleby Road,51.496320,-0.138508,False,Central London
116154005,2024-01-01,shoplifting,On or near Gresse Street,51.517516,-0.134012,False,Central London
116144530,2024-01-01,shoplifting,On or near Nightclub,51.512429,-0.142384,False,Central London
116131503,2024-01-01,shoplifting,On or near Nightclub,51.516166,-0.137324,False,Central London
116144061,2024-01-01,shoplifting,On or near Sackville Street,51.509929,-0.138703,False,Central London
116154508,2024-01-01,shoplifting,On or near Dering Street,51.514195,-0.145735,False,Central London
116154412,2024-01-01,shoplifting,On or near Gresse Street,51.517516,-0.134012,False,Central London
116154472,2024-01-01,shoplifting,On or near Nightclub,51.512495,-0.138915,False,Central London
116095440,2024-01-01,shoplifting,On or near Coach And Horses Yard,51.511314,-0.142134,False,Central London
116144531,2024-01-01,shoplifting,On or near B402,51.512855,-0.124820,False,Central London
116091310,2024-01-01,shoplifting,On or near Half Moon Street,51.506797,-0.145963,False,Central London
116133098,2024-01-01,shoplifting,On or near Palace Street,51.498175,-0.140363,False,Central London
116154486,2024-01-01,shoplifting,On or near Pollen Street,51.513575,-0.142373,False,Central London
116093801,2024-01-01,shoplifting,On or near Shopping Area,51.512166,-0.123818,False,Central London
116154576,2024-01-01,shoplifting,On or near Gresse Street,51.517516,-0.134012,False,Central London
116091330,2024-01-01,shoplifting,On or near Rose Street,51.511623,-0.125951,False,Central London
116137485,2024-01-01,shoplifting,On or near Theatre/concert Hall,51.513361,-0.128330,False,Central London
116117791,2024-01-01,shoplifting,On or near Gresse Street,51.517516,-0.134012,False,Central London
116148246,2024-01-01,shoplifting,On or near Southampton Street,51.511096,-0.122226,False,Central London
116105334,2024-01-01,shoplifting,On or near Earlham Street,51.513701,-0.127091,False,Central London
116104729,2024-01-01,shoplifting,On or near Gresse Street,51.517516,-0.134012,False,Central London
116155361,2024-01-01,shoplifting,On or near Gresse Street,51.517516,-0.134012,False,Central London
116137205,2024-01-01,shoplifting,On or near Gresse Street,51.517516,-0.134012,False,Central London
116097629,2024-01-01,shoplifting,On or near Sackville Street,51.509929,-0.138703,False,Central London
116149806,2024-01-01,shoplifting,On or near Market Place,51.516058,-0.140154,False,Central London
116102578,2024-01-01,shoplifting,On or near Gresse Street,51.517516,-0.134012,False,Central London
116098400,2024-01-01,shoplifting,On or near Southampton Street,51.511096,-0.122226,False,Central London
116153968,2024-01-01,shoplifting,On or near Gresse Street,51.517516,-0.134012,False,Central London
116090898,2024-01-01,shoplifting,On or near Sackville Street,51.509929,-0.138703,False,Central London
116109423,2024-01-01,shoplifting,On or near Parking Area,51.514010,-0.124528,False,Central London
116125262,2024-01-01,shoplifting,On or near Gresse Street,51.517516,-0.134012,False,Central London
116129321,2024-01-01,shoplifting,On or near Dering Street,51.514195,-0.145735,False,Central London
116102019,2024-01-01,shoplifting,On or near Newburgh Street,51.513370,-0.138519,False,Central London
116144009,2024-01-01,shoplifting,On or near Little Marlborough Street,51.513708,-0.140004,False,Central London
116148665,2024-01-01,shoplifting,On or near Leicester Square,51.511584,-0.128000,False,Central London
116137317,2024-01-01,shoplifting,On or near Dryden Street,51.514621,-0.122802,False,Central London
116102024,2024-01-01,shoplifting,On or near Nightclub,51.515684,-0.135874,False,Central London
116115179,2024-01-01,shoplifting,On or near Gresse Street,51.517516,-0.134012,False,Central London
116098116,2024-01-01,shoplifting,On or near Shelton Street,51.513753,-0.125331,False,Central London
116113349,2024-01-01,shoplifting,On or near Southampton Street,51.511096,-0.122226,False,Central London
116116457,2024-01-01,shoplifting,On or near Theatre/concert Hall,51.509158,-0.134930,False,Central London
116101659,2024-01-01,shoplifting,On or near Morwell Street,51.518072,-0.131077,False,Central London
116145058,2024-01-01,shoplifting,On or near Gresse Street,51.517516,-0.134012,False,Central London
116153302,2024-01-01,shoplifting,On or near Hanover Street,51.513827,-0.142363,False,Central London
116159218,2024-01-01,shoplifting,On or near Little Marlborough Street,51.513708,-0.140004,False,Central London
116146935,2024-01-01,shoplifting,On or near Hills Place,51.515088,-0.140222,False,Central London
116151502,2024-01-01,shoplifting,On or near Shopping Area,51.512166,-0.123818,False,Central London
116126482,2024-01-01,shoplifting,On or near Nightclub,51.516900,-0.132077,False,Central London
116134390,2024-01-01,shoplifting,On or near B402,51.512855,-0.124820,False,Central London
116099815,2024-01-01,shoplifting,On or near Nightclub,51.515684,-0.135874,False,Central London
116152804,2024-01-01,shoplifting,On or near A5204,51.519697,-0.134917,False,Central London
116162363,2024-01-01,shoplifting,On or near Hills Place,51.515088,-0.140222,False,Central London
116123316,2024-01-01,shoplifting,On or near Gresse Street,51.517516,-0.134012,False,Central London
116109541,2024-01-01,shoplifting,On or near Carnaby Street,51.513150,-0.138845,False,Central London
116105336,2024-01-01,shoplifting,On or near Nightclub,51.516900,-0.132077,False,Central London
116116690,2024-01-01,shoplifting,On or near Tottenham Court Road,51.520697,-0.134429,False,Central London
116162353,2024-01-01,shoplifting,On or near Hanover Street,51.513827,-0.142363,False,Central London
116129037,2024-01-01,shoplifting,On or near Dering Street,51.514195,-0.145735,False,Central London
116151936,2024-01-01,shoplifting,On or near Southampton Buildings,51.518231,-0.112953,False,Central London
116104550,2024-01-01,shoplifting,On or near Gresse Street,51.517516,-0.134012,False,Central London
116150898,2024-01-01,shoplifting,On or near Sackville Street,51.509929,-0.138703,False,Central London
116137228,2024-01-01,shoplifting,On or near Glasshouse Street,51.510520,-0.137439,False,Central London
116089993,2024-01-01,shoplifting,On or near Dering Street,51.514195,-0.145735,False,Central London
116162295,2024-01-01,shoplifting,On or near Hills Place,51.515088,-0.140222,False,Central London
116154422,2024-01-01,shoplifting,On or near Ganton Street,51.513114,-0.138803,False,Central London
116155803,2024-01-01,shoplifting,On or near Conference/exhibition Centre,51.514559,-0.126369,False,Central London
116153957,2024-01-01,shoplifting,On or near Glasshouse Street,51.510520,-0.137439,False,Central London
116162290,2024-01-01,shoplifting,On or near Hanover Street,51.513827,-0.142363,False,Central London
116124002,2024-01-01,shoplifting,On or near Corner House Street,51.507725,-0.125708,False,Central London
116102185,2024-01-01,shoplifting,On or near Further/higher Educational Building,51.514867,-0.138790,False,Central London
116122660,2024-01-01,shoplifting,On or near Carnaby Street,51.513150,-0.138845,False,Central London
116089792,2024-01-01,shoplifting,On or near Theatre/concert Hall,51.512117,-0.127574,False,Central London
116125728,2024-01-01,shoplifting,On or near Gresse Street,51.517516,-0.134012,False,Central London
116145042,2024-01-01,shoplifting,On or near Nightclub,51.512429,-0.142384,False,Central London
116142932,2024-01-01,shoplifting,On or near Corner House Street,51.507725,-0.125708,False,Central London
116153998,2024-01-01,shoplifting,On or near Shopping Area,51.512114,-0.134189,False,Central London
116119774,2024-01-01,shoplifting,On or near Mercer Street,51.512945,-0.125926,False,Central London
116119832,2024-01-01,shoplifting,On or near John Prince's Street,51.515753,-0.143092,False,Central London
116103518,2024-01-01,shoplifting,On or near Gresse Street,51.517516,-0.134012,False,Central London
116090714,2024-01-01,shoplifting,On or near South Crescent,51.519427,-0.132074,False,Central London
116161577,2024-01-01,shoplifting,On or near Parking Area,51.510433,-0.140455,False,Central London
116138377,2024-01-01,shoplifting,On or near Theatre/concert Hall,51.509158,-0.134930,False,Central London
116123427,2024-01-01,shoplifting,On or near Nightclub,51.516166,-0.137324,False,Central London
116146893,2024-01-01,shoplifting,On or near Gresse Street,51.517516,-0.134012,False,Central London
116162293,2024-01-01,shoplifting,On or near Hanover Street,51.513827,-0.142363,False,Central London
116161440,2024-01-01,shoplifting,On or near Howick Place,51.496711,-0.137095,False,Central London
116098713,2024-01-01,shoplifting,On or near B402,51.513777,-0.123456,False,Central London
116092645,2024-01-01,shoplifting,On or near Ganton Street,51.513114,-0.138803,False,Central London
116139861,2024-01-01,shoplifting,On or near Nightclub,51.516900,-0.132077,False,Central London
116152606,2024-01-01,shoplifting,On or near Further/higher Educational Building,51.515727,-0.136304,False,Central London
116143901,2024-01-01,shoplifting,On or near Conference/exhibition Centre,51.507911,-0.139635,False,Central London
116098733,2024-01-01,shoplifting,On or near Theatre/concert Hall,51.510393,-0.123264,False,Central London
116112463,2024-01-01,shoplifting,On or near Conference/exhibition Centre,51.507911,-0.139635,False,Central London
116146822,2024-01-01,shoplifting,On or near Gresse Street,51.517516,-0.134012,False,Central London
116110314,2024-01-01,shoplifting,On or near Argyll Street,51.514684,-0.140844,False,Central London
116124595,2024-01-01,shoplifting,On or near Denmark Street,51.515189,-0.129653,False,Central London
116140342,2024-01-01,shoplifting,On or near Carlos Place,51.510642,-0.149698,False,Central London
116119763,2024-01-01,shoplifting,On or near William Iv Street,51.509491,-0.125924,False,Central London
116146891,2024-01-01,shoplifting,On or near Old Bond Street,51.508911,-0.140877,False,Central London
116113918,2024-01-01,shoplifting,On or near Dering Street,51.514195,-0.145735,False,Central London
116124819,2024-01-01,shoplifting,On or near Chicheley Street,51.502888,-0.117319,False,Central London
116123197,2024-01-01,shoplifting,On or near Howick Place,51.496711,-0.137095,False,Central London
116153473,2024-01-01,shoplifting,On or near Hanway Place,51.516674,-0.132547,False,Central London
116120512,2024-01-01,shoplifting,On or near Upper James Street,51.512419,-0.137520,False,Central London
116128801,2024-01-01,shoplifting,On or near Southampton Street,51.511096,-0.122226,False,Central London
116148629,2024-01-01,shoplifting,On or near Hanover Street,51.513827,-0.142363,False,Central London
116115138,2024-01-01,shoplifting,On or near Charing Cross Road,51.512994,-0.129023,False,Central London
116159017,2024-01-01,shoplifting,On or near New Bond Street,51.511893,-0.144070,False,Central London
116134422,2024-01-01,shoplifting,On or near Theatre/concert Hall,51.512811,-0.133325,False,Central London
116116450,2024-01-01,shoplifting,On or near Hanover Street,51.513827,-0.142363,False,Central London
116103424,2024-01-01,shoplifting,On or near Princes Street,51.514365,-0.143408,False,Central London
116110292,2024-01-01,shoplifting,On or near Ambrosden Avenue,51.496508,-0.139610,False,Central London
116117355,2024-01-01,shoplifting,On or near Dering Street,51.514195,-0.145735,False,Central London
116146851,2024-01-01,shoplifting,On or near Albany Courtyard,51.508699,-0.138306,False,Central London
116154401,2024-01-01,shoplifting,On or near Dering Street,51.514195,-0.145735,False,Central London
116117113,2024-01-01,shoplifting,On or near Little Marlborough Street,51.513708,-0.140004,False,Central London
116148244,2024-01-01,shoplifting,On or near Shopping Area,51.512117,-0.123121,False,Central London
116098376,2024-01-01,shoplifting,On or near Argyll Street,51.514684,-0.140844,False,Central London
116129265,2024-01-01,shoplifting,On or near Shopping Area,51.513575,-0.140687,False,Central London
116144519,2024-01-01,shoplifting,On or near Vigo Street,51.510266,-0.139006,False,Central London
116117103,2024-01-01,shoplifting,On or near Thirleby Road,51.496320,-0.138508,False,Central London
116109218,2024-01-01,shoplifting,On or near Greek Street,51.513804,-0.130733,False,Central London
116117097,2024-01-01,shoplifting,On or near Old Bond Street,51.508911,-0.140877,False,Central London
116153348,2024-01-01,shoplifting,On or near Gresse Street,51.517516,-0.134012,False,Central London
116162351,2024-01-01,shoplifting,On or near Market Place,51.516058,-0.140154,False,Central London
116162335,2024-01-01,shoplifting,On or near Coach And Horses Yard,51.511314,-0.142134,False,Central London
116149847,2024-01-01,shoplifting,On or near Old Bond Street,51.508911,-0.140877,False,Central London
116116701,2024-01-01,shoplifting,On or near Albany Courtyard,51.508699,-0.138306,False,Central London
116109685,2024-01-01,shoplifting,On or near Carnaby Street,51.513150,-0.138845,False,Central London
116102590,2024-01-01,shoplifting,On or near Long Acre,51.513205,-0.124229,False,Central London
116146912,2024-01-01,shoplifting,On or near Old Bond Street,51.508911,-0.140877,False,Central London
116145094,2024-01-01,shoplifting,On or near Denman Street,51.510729,-0.135283,False,Central London
116144089,2024-01-01,shoplifting,On or near Gresse Street,51.517516,-0.134012,False,Central London
116154368,2024-01-01,shoplifting,On or near Cork St Mews,51.509986,-0.141741,False,Central London
116151532,2024-01-01,shoplifting,On or near Theatre/concert Hall,51.510345,-0.122502,False,Central London
116127405,2024-01-01,shoplifting,On or near Gresse Street,51.517516,-0.134012,False,Central London
116093664,2024-01-01,shoplifting,On or near Gresse Street,51.517516,-0.134012,False,Central London
116093804,2024-01-01,shoplifting,On or near South Molton Lane,51.513288,-0.147530,False,Central London
116130130,2024-01-01,shoplifting,On or near Nightclub,51.515684,-0.135874,False,Central London
116093761,2024-01-01,shoplifting,On or near Gresse Street,51.517516,-0.134012,False,Central London
116114717,2024-01-01,shoplifting,On or near Howick Place,51.496711,-0.137095,False,Central London
116159015,2024-01-01,shoplifting,On or near New Bond Street,51.511893,-0.144070,False,Central London
116094101,2024-01-01,shoplifting,On or near Gresse Street,51.517516,-0.134012,False,Central London
116100165,2024-01-01,shoplifting,On or near Theatre/concert Hall,51.512300,-0.128388,False,Central London
116154026,2024-01-01,shoplifting,On or near Hanover Street,51.513827,-0.142363,False,Central London
116109564,2024-01-01,shoplifting,On or near Cork St Mews,51.509986,-0.141741,False,Central London
116122984,2024-01-01,shoplifting,On or near Rose Street,51.511623,-0.125951,False,Central London
116101297,2024-01-01,shoplifting,On or near Glasshouse Street,51.510520,-0.137439,False,Central London
116094781,2024-01-01,shoplifting,On or near Conference/exhibition Centre,51.507911,-0.139635,False,Central London
116094790,2024-01-01,shoplifting,On or near Sackville Street,51.509929,-0.138703,False,Central London
116151385,2024-01-01,shoplifting,On or near Southampton Street,51.511096,-0.122226,False,Central London
116154001,2024-01-01,shoplifting,On or near Little Marlborough Street,51.513708,-0.140004,False,Central London
116100387,2024-01-01,shoplifting,On or near Little St James's Street,51.505500,-0.138998,False,Central London
116109223,2024-01-01,shoplifting,On or near Supermarket,51.517476,-0.136579,False,Central London
116098135,2024-01-01,shoplifting,On or near Hills Place,51.515088,-0.140222,False,Central London
116119315,2024-01-01,shoplifting,On or near Gresse Street,51.517516,-0.134012,False,Central London
116098942,2024-01-01,shoplifting,On or near Shopping Area,51.512166,-0.123818,False,Central London
116104126,2024-01-01,shoplifting,On or near Howick Place,51.496711,-0.137095,False,Central London
116119886,2024-01-01,shoplifting,On or near Hollen Street,51.515470,-0.134874,False,Central London
116131486,2024-01-01,shoplifting,On or near Little Marlborough Street,51.513708,-0.140004,False,Central London
116116469,2024-01-01,shoplifting,On or near Thirleby Road,51.496320,-0.138508,False,Central London
116105797,2024-01-01,shoplifting,On or near Nightclub,51.507766,-0.141284,False,Central London
116131791,2024-01-01,shoplifting,On or near Gresse Street,51.517516,-0.134012,False,Central London
116110356,2024-01-01,shoplifting,On or near Blenheim Street,51.513918,-0.146986,False,Central London
116146936,2024-01-01,shoplifting,On or near John Prince's Street,51.515753,-0.143092,False,Central London
116137221,2024-01-01,shoplifting,On or near Old Bond Street,51.508911,-0.140877,False,Central London
116123967,2024-01-01,shoplifting,On or near Sherwood Street,51.511018,-0.135963,False,Central London
116152846,2024-01-01,shoplifting,On or near Gresse Street,51.517516,-0.134012,False,Central London
116146922,2024-01-01,shoplifting,On or near Gresse Street,51.517516,-0.134012,False,Central London
116133082,2024-01-01,shoplifting,On or near Hanover Street,51.513827,-0.142363,False,Central London
116110357,2024-01-01,shoplifting,On or near Blenheim Street,51.513918,-0.146986,False,Central London
116133052,2024-01-01,shoplifting,On or near Theatre/concert Hall,51.511417,-0.127539,False,Central London
116128161,2024-01-01,shoplifting,On or near Howick Place,51.496711,-0.137095,False,Central London
116131746,2024-01-01,shoplifting,On or near Charles Ii Street,51.507970,-0.133162,False,Central London
116140802,2024-01-01,shoplifting,On or near Pear Place,51.502428,-0.110508,False,Central London
116151645,2024-01-01,shoplifting,On or near Theatre/concert Hall,51.509158,-0.134930,False,Central London
116091600,2024-01-01,shoplifting,On or near Howick Place,51.496711,-0.137095,False,Central London
116138644,2024-01-01,shoplifting,On or near Howick Place,51.496711,-0.137095,False,Central London
116151373,2024-01-01,shoplifting,On or near Hollen Street,51.515470,-0.134874,False,Central London
116131785,2024-01-01,shoplifting,On or near Henrietta Street,51.511111,-0.123710,False,Central London
116156520,2024-01-01,shoplifting,On or near Denman Street,51.510729,-0.135283,False,Central London
116132660,2024-01-01,shoplifting,On or near Henrietta Street,51.511111,-0.123710,False,Central London
116091031,2024-01-01,shoplifting,On or near Nightclub,51.515684,-0.135874,False,Central London
116134408,2024-01-01,shoplifting,On or near Market Place,51.516058,-0.140154,False,Central London
116090363,2024-01-01,shoplifting,On or near Bruton Place,51.510635,-0.145807,False,Central London
116134414,2024-01-01,shoplifting,On or near Gresse Street,51.517516,-0.134012,False,Central London
116138356,2024-01-01,shoplifting,On or near B402,51.513777,-0.123456,False,Central London
116134549,2024-01-01,shoplifting,On or near Howick Place,51.496711,-0.137095,False,Central London
116122513,2024-01-01,shoplifting,On or near Little Marlborough Street,51.513708,-0.140004,False,Central London
116091337,2024-01-01,shoplifting,On or near Gresse Street,51.517516,-0.134012,False,Central London
116096008,2024-01-01,shoplifting,On or near Gresse Street,51.517516,-0.134012,False,Central London
116137235,2024-01-01,shoplifting,On or near Dering Street,51.514195,-0.145735,False,Central London
116122658,2024-01-01,shoplifting,On or near Theatre/concert Hall,51.511417,-0.127539,False,Central London
116146347,2024-01-01,shoplifting,On or near Parking Area,51.514010,-0.124528,False,Central London
116129268,2024-01-01,shoplifting,On or near Sackville Street,51.509929,-0.138703,False,Central London
116096010,2024-01-01,shoplifting,On or near Gresse Street,51.517516,-0.134012,False,Central London
116112989,2024-01-01,shoplifting,On or near Hanover Street,51.513827,-0.142363,False,Central London
116149498,2024-01-01,shoplifting,On or near Vigo Street,51.510266,-0.139006,False,Central London
116109549,2024-01-01,shoplifting,On or near Nightclub,51.516166,-0.137324,False,Central London
116117119,2024-01-01,shoplifting,On or near Shopping Area,51.512166,-0.123818,False,Central London
116151953,2024-01-01,shoplifting,On or near Holborn,51.517436,-0.119976,False,Central London
116122426,2024-01-01,shoplifting,On or near Embankment Place,51.507096,-0.122909,False,Central London
116107086,2024-01-01,shoplifting,On or near Blenheim Street,51.513918,-0.146986,False,Central London
116111592,2024-01-01,shoplifting,On or near Nightclub,51.516623,-0.132976,False,Central London
116118740,2024-01-01,shoplifting,On or near Upper James Street,51.512419,-0.137520,False,Central London
116138671,2024-01-01,shoplifting,On or near Howick Place,51.496711,-0.137095,False,Central London
116130894,2024-01-01,shoplifting,On or near Theatre/concert Hall,51.509158,-0.134930,False,Central London
116099841,2024-01-01,shoplifting,On or near Hills Place,51.515088,-0.140222,False,Central London
116115134,2024-01-01,shoplifting,On or near Southampton Street,51.511096,-0.122226,False,Central London
116117626,2024-01-01,shoplifting,On or near Dyott Street,51.516820,-0.127583,False,Central London
116128994,2024-01-01,shoplifting,On or near Dering Street,51.514195,-0.145735,False,Central London
116124425,2024-01-01,shoplifting,On or near Dyott Street,51.516820,-0.127583,False,Central London
116153772,2024-01-01,shoplifting,On or near Princes Street,51.514365,-0.143408,False,Central London
116136432,2024-01-01,shoplifting,On or near Upper Ground,51.508094,-0.106685,False,Central London
116117351,2024-01-01,shoplifting,On or near Theatre/concert Hall,51.509158,-0.134930,False,Central London
116126169,2024-01-01,shoplifting,On or near Cork St Mews,51.509986,-0.141741,False,Central London
116123415,2024-01-01,shoplifting,On or near Argyll Street,51.514684,-0.140844,False,Central London
116090079,2024-01-01,shoplifting,On or near Gresse Street,51.517516,-0.134012,False,Central London
116119936,2024-01-01,shoplifting,On or near Foubert's Place,51.513826,-0.138947,False,Central London
116112988,2024-01-01,shoplifting,On or near Market Place,51.516058,-0.140154,False,Central London
116144015,2024-01-01,shoplifting,On or near Southampton Street,51.511096,-0.122226,False,Central London
116101282,2024-01-01,shoplifting,On or near Maiden Lane,51.510759,-0.123061,False,Central London
116116699,2024-01-01,shoplifting,On or near Garrick Street,51.511574,-0.126271,False,Central London
116112424,2024-01-01,shoplifting,On or near Shopping Area,51.512166,-0.123818,False,Central London
116126232,2024-01-01,shoplifting,On or near Hanover Street,51.513827,-0.142363,False,Central London
116130867,2024-01-01,shoplifting,On or near Hollen Street,51.515470,-0.134874,False,Central London
116116485,2024-01-01,shoplifting,On or near Barlow Place,51.510473,-0.143551,False,Central London
116110336,2024-01-01,shoplifting,On or near Princes Street,51.514365,-0.143408,False,Central London
116090359,2024-01-01,shoplifting,On or near Hills Place,51.515088,-0.140222,False,Central London
116119869,2024-01-01,shoplifting,On or near Little Marlborough Street,51.513708,-0.140004,False,Central London
116092185,2024-01-01,shoplifting,On or near Goodge Street,51.519378,-0.135737,False,Central London
116150982,2024-01-01,shoplifting,On or near Theatre/concert Hall,51.509158,-0.134930,False,Central London
116092546,2024-01-01,shoplifting,On or near Coventry Street,51.510295,-0.132318,False,Central London
116112469,2024-01-01,shoplifting,On or near Gresse Street,51.517516,-0.134012,False,Central London
116100384,2024-01-01,shoplifting,On or near Ambrosden Avenue,51.496508,-0.139610,False,Central London
116119818,2024-01-01,shoplifting,On or near Nightclub,51.516623,-0.132976,False,Central London
116103523,2024-01-01,shoplifting,On or near Glasshouse Street,51.510520,-0.137439,False,Central London
116162500,2024-01-01,shoplifting,On or near Upper St Martin's Lane,51.513243,-0.127139,False,Central London
116106892,2024-01-01,shoplifting,On or near Ambrosden Avenue,51.496508,-0.139610,False,Central London
116102277,2024-01-01,shoplifting,On or near Hanover Street,51.513827,-0.142363,False,Central London
116090205,2024-01-01,shoplifting,On or near Nightclub,51.516875,-0.141807,False,Central London
116104115,2024-01-01,shoplifting,On or near Howick Place,51.496711,-0.137095,False,Central London
116113389,2024-01-01,shoplifting,On or near Gresse Street,51.517516,-0.134012,False,Central London
116149887,2024-01-01,shoplifting,On or near B402,51.512855,-0.124820,False,Central London
116161488,2024-01-01,shoplifting,On or near New Bond Street,51.511893,-0.144070,False,Central London
116112368,2024-01-01,shoplifting,On or near Gresse Street,51.517516,-0.134012,False,Central London
116110635,2024-01-01,shoplifting,On or near Hills Place,51.515088,-0.140222,False,Central London
126017661,2024-01-01,shoplifting,Waterloo (london) (station),51.503058,-0.113754,False,Central London
116162332,2024-01-01,shoplifting,On or near Hanover Street,51.513827,-0.142363,False,Central London
116110328,2024-01-01,shoplifting,On or near Southampton Street,51.511096,-0.122226,False,Central London
116146905,2024-01-01,shoplifting,On or near Gresse Street,51.517516,-0.134012,False,Central London
116090601,2024-01-01,shoplifting,On or near Shopping Area,51.512166,-0.123818,False,Central London
116099483,2024-01-01,shoplifting,On or near Morwell Street,51.518072,-0.131077,False,Central London
116119768,2024-01-01,shoplifting,On or near Gresse Street,51.517516,-0.134012,False,Central London
116128895,2024-01-01,shoplifting,On or near Argyll Street,51.514684,-0.140844,False,Central London
116126171,2024-01-01,shoplifting,On or near B402,51.512855,-0.124820,False,Central London
116128970,2024-01-01,shoplifting,On or near Argyll Street,51.514684,-0.140844,False,Central London
116152842,2024-01-01,shoplifting,On or near Gresse Street,51.517516,-0.134012,False,Central London
116110275,2024-01-01,shoplifting,On or near Dering Street,51.514195,-0.145735,False,Central London
116105829,2024-01-01,shoplifting,On or near Carnaby Street,51.513150,-0.138845,False,Central London
116110271,2024-01-01,shoplifting,On or near Southampton Street,51.511096,-0.122226,False,Central London
116151372,2024-01-01,shoplifting,On or near Hollen Street,51.515470,-0.134874,False,Central London
116151440,2024-01-01,shoplifting,On or near Sackville Street,51.509929,-0.138703,False,Central London
116114194,2024-01-01,shoplifting,On or near Newnham Terrace,51.498595,-0.113202,False,Central London
116130880,2024-01-01,shoplifting,On or near Nightclub,51.516166,-0.137324,False,Central London
116098734,2024-01-01,shoplifting,On or near Little Marlborough Street,51.513708,-0.140004,False,Central London
116107830,2024-01-01,shoplifting,On or near New Burlington Place,51.512078,-0.141526,False,Central London
116096414,2024-01-01,shoplifting,On or near Greek Street,51.513804,-0.130733,False,Central London
116129322,2024-01-01,shoplifting,On or near Sackville Street,51.509929,-0.138703,False,Central London
116099845,2024-01-01,shoplifting,On or near Nightclub,51.516875,-0.141807,False,Central London
116117302,2024-01-01,shoplifting,On or near Ambrosden Avenue,51.496508,-0.139610,False,Central London
116098573,2024-01-01,shoplifting,On or near Corner House Street,51.507725,-0.125708,False,Central London
116105720,2024-01-01,shoplifting,On or near Gresse Street,51.517516,-0.134012,False,Central London
116126565,2024-01-01,shoplifting,On or near Nightclub,51.516900,-0.132077,False,Central London
116119140,2024-01-01,shoplifting,On or near Howick Place,51.496711,-0.137095,False,Central London
116129385,2024-01-01,shoplifting,On or near Dering Street,51.514195,-0.145735,False,Central London
116119426,2024-01-01,shoplifting,On or near Southampton Buildings,51.518231,-0.112953,False,Central London
116098724,2024-01-01,shoplifting,On or near Argyll Street,51.514684,-0.140844,False,Central London
116093657,2024-01-01,shoplifting,On or near Gresse Street,51.517516,-0.134012,False,Central London
116116786,2024-01-01,shoplifting,On or near Gresse Street,51.517516,-0.134012,False,Central London
116154019,2024-01-01,shoplifting,On or near Shopping Area,51.512166,-0.123818,False,Central London
116129098,2024-01-01,shoplifting,On or near Gresse Street,51.517516,-0.134012,False,Central London
116116784,2024-01-01,shoplifting,On or near Gresse Street,51.517516,-0.134012,False,Central London
116118741,2024-01-01,shoplifting,On or near Nightclub,51.515684,-0.135874,False,Central London
116122422,2024-01-01,shoplifting,On or near Nightclub,51.516166,-0.137324,False,Central London
116122981,2024-01-01,shoplifting,On or near Nightclub,51.516166,-0.137324,False,Central London
116137318,2024-01-01,shoplifting,On or near Dering Street,51.514195,-0.145735,False,Central London
116137277,2024-01-01,shoplifting,On or near Theatre/concert Hall,51.510393,-0.123264,False,Central London
116102584,2024-01-01,shoplifting,On or near Upper James Street,51.512419,-0.137520,False,Central London
116122516,2024-01-01,shoplifting,On or near Gresse Street,51.517516,-0.134012,False,Central London
116122375,2024-01-01,shoplifting,On or near Glasshouse Street,51.510520,-0.137439,False,Central London
116149934,2024-01-01,shoplifting,On or near Further/higher Educational Building,51.514867,-0.138790,False,Central London
116105815,2024-01-01,shoplifting,On or near Gresse Street,51.517516,-0.134012,False,Central London
116149805,2024-01-01,shoplifting,On or near Further/higher Educational Building,51.515727,-0.136304,False,Central London
116129042,2024-01-01,shoplifting,On or near Gresse Street,51.517516,-0.134012,False,Central London
116113185,2024-01-01,shoplifting,On or near Howick Place,51.496711,-0.137095,False,Central London
116125265,2024-01-01,shoplifting,On or near Mercer Street,51.512945,-0.125926,False,Central London
116099763,2024-01-01,shoplifting,On or near Gresse Street,51.517516,-0.134012,False,Central London
116127346,2024-01-01,theft-from-the-person,On or near Vigo Street,51.510266,-0.139006,False,Central London
116125170,2024-01-01,theft-from-the-person,On or near Embankment Place,51.507096,-0.122909,False,Central London
116144536,2024-01-01,theft-from-the-person,On or near Theatre/concert Hall,51.509909,-0.126298,False,Central London
116144553,2024-01-01,theft-from-the-person,On or near Leicester Street,51.510942,-0.131196,False,Central London
116144579,2024-01-01,theft-from-the-person,On or near Market Place,51.516058,-0.140154,False,Central London
116125841,2024-01-01,theft-from-the-person,On or near Shaftesbury Avenue,51.513064,-0.129438,False,Central London
116153938,2024-01-01,theft-from-the-person,On or near Leicester Street,51.510942,-0.131196,False,Central London
116116350,2024-01-01,theft-from-the-person,On or near Further/higher Educational Building,51.516178,-0.131904,False,Central London
116102892,2024-01-01,theft-from-the-person,On or near Argyll Street,51.514684,-0.140844,False,Central London
116134080,2024-01-01,theft-from-the-person,On or near Nightclub,51.514012,-0.131078,False,Central London
116144570,2024-01-01,theft-from-the-person,On or near Irving Street,51.509886,-0.128646,False,Central London
116144589,2024-01-01,theft-from-the-person,On or near Gerrard Place,51.512247,-0.130120,False,Central London
116109697,2024-01-01,theft-from-the-person,On or near Buckingham Mews,51.499549,-0.141416,False,Central London
116153240,2024-01-01,theft-from-the-person,On or near Gerrard Place,51.512247,-0.130120,False,Central London
116117218,2024-01-01,theft-from-the-person,On or near Great Chapel Street,51.515580,-0.134437,False,Central London
116153276,2024-01-01,theft-from-the-person,On or near Dufour's Place,51.513494,-0.137289,False,Central London
116099803,2024-01-01,theft-from-the-person,On or near Theatre/concert Hall,51.510152,-0.132382,False,Central London
116153953,2024-01-01,theft-from-the-person,On or near Nightclub,51.512495,-0.138915,False,Central London
116119991,2024-01-01,theft-from-the-person,On or near Nightclub,51.515684,-0.135874,False,Central London
116153960,2024-01-01,theft-from-the-person,On or near Nightclub,51.514012,-0.131078,False,Central London
116131780,2024-01-01,theft-from-the-person,On or near Nightclub,51.515684,-0.135874,False,Central London
116154891,2024-01-01,theft-from-the-person,On or near Nightclub,51.516900,-0.132077,False,Central London
116133481,2024-01-01,theft-from-the-person,On or near Hills Place,51.515088,-0.140222,False,Central London
116111759,2024-01-01,theft-from-the-person,On or near Coventry Street,51.510295,-0.132318,False,Central London
116112238,2024-01-01,theft-from-the-person,On or near Nightclub,51.512513,-0.133841,False,Central London
116112374,2024-01-01,theft-from-the-person,On or near Little Newport Street,51.511703,-0.128701,False,Central London
116133127,2024-01-01,theft-from-the-person,On or near Denman Street,51.510729,-0.135283,False,Central London
116126178,2024-01-01,theft-from-the-person,On or near Little Newport Street,51.511703,-0.128701,False,Central London
116151528,2024-01-01,theft-from-the-person,On or near Princes Street,51.514365,-0.143408,False,Central London
116151646,2024-01-01,theft-from-the-person,On or near Glasshouse Street,51.510520,-0.137439,False,Central London
116157909,2024-01-01,theft-from-the-person,On or near Charing Cross Road,51.512994,-0.129023,False,Central London
116134915,2024-01-01,theft-from-the-person,On or near Macclesfield Street,51.511997,-0.131355,False,Central London
116109548,2024-01-01,theft-from-the-person,On or near Gerrard Place,51.512247,-0.130120,False,Central London
116131741,2024-01-01,theft-from-the-person,On or near Shaftesbury Avenue,51.513064,-0.129438,False,Central London
116157913,2024-01-01,theft-from-the-person,On or near Glasshouse Street,51.510520,-0.137439,False,Central London
116157919,2024-01-01,theft-from-the-person,On or near Theatre/concert Hall,51.512106,-0.133100,False,Central London
116162326,2024-01-01,theft-from-the-person,On or near Nightclub,51.516623,-0.132976,False,Central London
116148222,2024-01-01,theft-from-the-person,On or near B402,51.512855,-0.124820,False,Central London
116100990,2024-01-01,theft-from-the-person,On or near Theme/adventure Park,51.502823,-0.119257,False,Central London
116127158,2024-01-01,theft-from-the-person,On or near Shopping Area,51.519933,-0.133899,False,Central London
116140576,2024-01-01,theft-from-the-person,On or near A401,51.511790,-0.132459,False,Central London
116151522,2024-01-01,theft-from-the-person,On or near Denman Street,51.510729,-0.135283,False,Central London
116152010,2024-01-01,theft-from-the-person,On or near Nightclub,51.510272,-0.129192,False,Central London
116162416,2024-01-01,theft-from-the-person,On or near Cranbourn Street,51.511339,-0.128427,False,Central London
116162429,2024-01-01,theft-from-the-person,On or near Warwick House Street,51.507330,-0.130768,False,Central London
116099750,2024-01-01,theft-from-the-person,On or near Nightclub,51.509759,-0.128782,False,Central London
116110306,2024-01-01,theft-from-the-person,On or near Peter Street,51.512780,-0.134234,False,Central London
116091761,2024-01-01,theft-from-the-person,On or near Theatre/concert Hall,51.514523,-0.129580,False,Central London
116090211,2024-01-01,theft-from-the-person,On or near Dansey Place,51.511790,-0.131925,False,Central London
116098709,2024-01-01,theft-from-the-person,On or near Theatre/concert Hall,51.513512,-0.126401,False,Central London
116161072,2024-01-01,theft-from-the-person,On or near Park/open Space,51.502810,-0.132696,False,Central London
116146721,2024-01-01,theft-from-the-person,On or near Theatre/concert Hall,51.512300,-0.128388,False,Central London
116161533,2024-01-01,theft-from-the-person,On or near Leicester Square,51.511584,-0.128000,False,Central London
116161528,2024-01-01,theft-from-the-person,On or near Cranbourn Street,51.511339,-0.128427,False,Central London
116161553,2024-01-01,theft-from-the-person,On or near Romilly Street,51.513019,-0.130592,False,Central London
116109225,2024-01-01,theft-from-the-person,On or near Vigo Street,51.510266,-0.139006,False,Central London
116156279,2024-01-01,theft-from-the-person,On or near Market Place,51.516058,-0.140154,False,Central London
116162338,2024-01-01,theft-from-the-person,On or near Further/higher Educational Building,51.516178,-0.131904,False,Central London
116162329,2024-01-01,theft-from-the-person,On or near Nightclub,51.514246,-0.131436,False,Central London
116109217,2024-01-01,theft-from-the-person,On or near St Anselm's Place,51.513310,-0.148913,False,Central London
116099264,2024-01-01,theft-from-the-person,On or near St James's Market,51.509251,-0.133398,False,Central London
116149935,2024-01-01,theft-from-the-person,On or near Upper James Street,51.512419,-0.137520,False,Central London
116150609,2024-01-01,theft-from-the-person,On or near Alfred Mews,51.521006,-0.134100,False,Central London
116153255,2024-01-01,theft-from-the-person,On or near Further/higher Educational Building,51.516178,-0.131904,False,Central London
116122418,2024-01-01,theft-from-the-person,On or near Cranbourn Street,51.511339,-0.128427,False,Central London
116163478,2024-01-01,theft-from-the-person,On or near London Waterloo,51.502663,-0.113423,False,Central London
116131716,2024-01-01,theft-from-the-person,On or near Frith Street,51.513601,-0.131534,False,Central London
116163590,2024-01-01,theft-from-the-person,On or near New Bond Street,51.511893,-0.144070,False,Central London
116107859,2024-01-01,theft-from-the-person,On or near A301,51.512059,-0.118929,False,Central London
116112912,2024-01-01,theft-from-the-person,On or near Gate Street,51.517114,-0.119009,False,Central London
116133154,2024-01-01,theft-from-the-person,On or near Howick Place,51.496711,-0.137095,False,Central London
116139367,2024-01-01,theft-from-the-person,On or near Holborn,51.517436,-0.119976,False,Central London
116122511,2024-01-01,theft-from-the-person,On or near Henrietta Street,51.511111,-0.123710,False,Central London
116130135,2024-01-01,theft-from-the-person,On or near Nightclub,51.512495,-0.138915,False,Central London
116122519,2024-01-01,theft-from-the-person,On or near Nightclub,51.516875,-0.141807,False,Central London
116115518,2024-01-01,theft-from-the-person,On or near Newnham Terrace,51.498595,-0.113202,False,Central London
116101000,2024-01-01,theft-from-the-person,On or near Chenies Street,51.520963,-0.132530,False,Central London
116098337,2024-01-01,theft-from-the-person,On or near Blenheim Street,51.513918,-0.146986,False,Central London
116098619,2024-01-01,theft-from-the-person,On or near Macclesfield Street,51.511997,-0.131355,False,Central London
116099233,2024-01-01,theft-from-the-person,On or near Theatre/concert Hall,51.509158,-0.134930,False,Central London
116131700,2024-01-01,theft-from-the-person,On or near Further/higher Educational Building,51.516178,-0.131904,False,Central London
116092553,2024-01-01,theft-from-the-person,On or near Theatre/concert Hall,51.512300,-0.128388,False,Central London
116103410,2024-01-01,theft-from-the-person,On or near B402,51.513777,-0.123456,False,Central London
116123409,2024-01-01,theft-from-the-person,On or near Theatre/concert Hall,51.512300,-0.128388,False,Central London
116103524,2024-01-01,theft-from-the-person,On or near Shopping Area,51.513575,-0.140687,False,Central London
116110338,2024-01-01,theft-from-the-person,On or near Newburgh Street,51.513370,-0.138519,False,Central London
116146630,2024-01-01,theft-from-the-person,On or near Further/higher Educational Building,51.500280,-0.116091,False,Central London
116107420,2024-01-01,theft-from-the-person,On or near Shopping Area,51.506553,-0.104775,False,Central London
116117208,2024-01-01,theft-from-the-person,On or near Theatre/concert Hall,51.512300,-0.128388,False,Central London
116117200,2024-01-01,theft-from-the-person,On or near Theatre/concert Hall,51.510345,-0.122502,False,Central London
116117205,2024-01-01,theft-from-the-person,On or near Shaftesbury Avenue,51.513064,-0.129438,False,Central London
116117120,2024-01-01,theft-from-the-person,On or near Charing Cross Road,51.512994,-0.129023,False,Central London
116110358,2024-01-01,theft-from-the-person,On or near Theatre/concert Hall,51.512300,-0.128388,False,Central London
116107814,2024-01-01,theft-from-the-person,On or near Nightclub,51.510272,-0.129192,False,Central London
116107818,2024-01-01,theft-from-the-person,On or near Little Newport Street,51.511703,-0.128701,False,Central London
116107822,2024-01-01,theft-from-the-person,On or near Great Windmill Street,51.510952,-0.134064,False,Central London
116107826,2024-01-01,theft-from-the-person,On or near Shopping Area,51.515070,-0.138003,False,Central London
116159316,2024-01-01,theft-from-the-person,On or near Howick Place,51.496711,-0.137095,False,Central London
116099395,2024-01-01,theft-from-the-person,On or near Ashburton Place,51.506541,-0.144533,False,Central London
116103536,2024-01-01,theft-from-the-person,On or near Great Windmill Street,51.510952,-0.134064,False,Central London
116103560,2024-01-01,theft-from-the-person,On or near Drury Lane,51.514369,-0.121645,False,Central London
116110276,2024-01-01,theft-from-the-person,On or near Bridge Street,51.500978,-0.125524,False,Central London
116103603,2024-01-01,theft-from-the-person,On or near Park/open Space,51.502810,-0.132696,False,Central London
116103623,2024-01-01,theft-from-the-person,On or near Great Windmill Street,51.510952,-0.134064,False,Central London
116110620,2024-01-01,theft-from-the-person,On or near Market Place,51.516058,-0.140154,False,Central London
116118723,2024-01-01,theft-from-the-person,On or near Nightclub,51.510840,-0.128984,False,Central London
116133466,2024-01-01,theft-from-the-person,On or near Argyll Street,51.514684,-0.140844,False,Central London
116110615,2024-01-01,theft-from-the-person,On or near Argyll Street,51.514684,-0.140844,False,Central London
116110618,2024-01-01,theft-from-the-person,On or near Nightclub,51.513406,-0.131715,False,Central London
116110621,2024-01-01,theft-from-the-person,On or near Shaftesbury Avenue,51.513064,-0.129438,False,Central London
116110335,2024-01-01,theft-from-the-person,On or near Hills Place,51.515088,-0.140222,False,Central London
116110630,2024-01-01,theft-from-the-person,On or near Buckingham Mews,51.499549,-0.141416,False,Central London
116110631,2024-01-01,theft-from-the-person,On or near Gerrard Place,51.512247,-0.130120,False,Central London
116122421,2024-01-01,theft-from-the-person,On or near Buckingham Mews,51.499549,-0.141416,False,Central London
116120888,2024-01-01,theft-from-the-person,On or near Baylis Road,51.500396,-0.111082,False,Central London
116110371,2024-01-01,theft-from-the-person,On or near Parking Area,51.512379,-0.129379,False,Central London
116104171,2024-01-01,theft-from-the-person,On or near Gray Street,51.501269,-0.107228,False,Central London
116113424,2024-01-01,theft-from-the-person,On or near Dering Street,51.514195,-0.145735,False,Central London
116095420,2024-01-01,theft-from-the-person,On or near Denman Street,51.510729,-0.135283,False,Central London
116126237,2024-01-01,theft-from-the-person,On or near Market Place,51.516058,-0.140154,False,Central London
116099285,2024-01-01,theft-from-the-person,On or near Theatre/concert Hall,51.512300,-0.128388,False,Central London
116099788,2024-01-01,theft-from-the-person,On or near Shopping Area,51.515070,-0.138003,False,Central London
116116487,2024-01-01,theft-from-the-person,On or near Carnaby Street,51.513150,-0.138845,False,Central London
116101119,2024-01-01,theft-from-the-person,On or near Shelton Street,51.513753,-0.125331,False,Central London
116099332,2024-01-01,theft-from-the-person,On or near Shopping Area,51.496466,-0.141499,False,Central London
116099408,2024-01-01,theft-from-the-person,On or near Mercer Street,51.512945,-0.125926,False,Central London
116099747,2024-01-01,theft-from-the-person,On or near Denman Street,51.510729,-0.135283,False,Central London
116099799,2024-01-01,theft-from-the-person,On or near Glasshouse Street,51.510520,-0.137439,False,Central London
116110622,2024-01-01,theft-from-the-person,On or near Masons Yard,51.507446,-0.137521,False,Central London
116099828,2024-01-01,theft-from-the-person,On or near Nightclub,51.516875,-0.141807,False,Central London
116099843,2024-01-01,theft-from-the-person,On or near A401,51.511790,-0.132459,False,Central London
116099858,2024-01-01,theft-from-the-person,On or near Hollen Street,51.515470,-0.134874,False,Central London
116100157,2024-01-01,theft-from-the-person,On or near Conference/exhibition Centre,51.507911,-0.139635,False,Central London
116109563,2024-01-01,theft-from-the-person,On or near Park/open Space,51.502810,-0.132696,False,Central London
116101248,2024-01-01,theft-from-the-person,On or near Parking Area,51.514010,-0.124528,False,Central London
116101249,2024-01-01,theft-from-the-person,On or near Dunn's Passage,51.517030,-0.123827,False,Central London
116144189,2024-01-01,theft-from-the-person,On or near Theatre/concert Hall,51.506707,-0.116009,False,Central London
116129327,2024-01-01,theft-from-the-person,On or near Shopping Area,51.516618,-0.139226,False,Central London
116102761,2024-01-01,theft-from-the-person,On or near Theatre/concert Hall,51.512106,-0.133100,False,Central London
116103172,2024-01-01,theft-from-the-person,On or near Isabella Street,51.504129,-0.105582,False,Central London
116103264,2024-01-01,theft-from-the-person,On or near Hills Place,51.515088,-0.140222,False,Central London
116103381,2024-01-01,theft-from-the-person,On or near Further/higher Educational Building,51.516178,-0.131904,False,Central London
116103384,2024-01-01,theft-from-the-person,On or near Gresse Street,51.517516,-0.134012,False,Central London
116103452,2024-01-01,theft-from-the-person,On or near Whitcomb Street,51.509807,-0.131055,False,Central London
116103487,2024-01-01,theft-from-the-person,On or near Bourchier Street,51.513052,-0.132681,False,Central London
116090364,2024-01-01,theft-from-the-person,On or near Blenheim Street,51.513918,-0.146986,False,Central London
116090387,2024-01-01,theft-from-the-person,On or near Glasshouse Street,51.510520,-0.137439,False,Central London
116090602,2024-01-01,theft-from-the-person,On or near Further/higher Educational Building,51.516178,-0.131904,False,Central London
116103534,2024-01-01,theft-from-the-person,On or near Surrey Street,51.512449,-0.115772,False,Central London
116103535,2024-01-01,theft-from-the-person,On or near Moor Street,51.513498,-0.130169,False,Central London
116103559,2024-01-01,theft-from-the-person,On or near Buckingham Mews,51.499549,-0.141416,False,Central London
116102013,2024-01-01,theft-from-the-person,On or near Theatre/concert Hall,51.510393,-0.123264,False,Central London
116091019,2024-01-01,theft-from-the-person,On or near Dering Street,51.514195,-0.145735,False,Central London
116123378,2024-01-01,theft-from-the-person,On or near Nightclub,51.514012,-0.131078,False,Central London
116103921,2024-01-01,theft-from-the-person,On or near Leicester Square,51.510468,-0.130769,False,Central London
116107824,2024-01-01,theft-from-the-person,On or near Further/higher Educational Building,51.514867,-0.138790,False,Central London
116107829,2024-01-01,theft-from-the-person,On or near Hills Place,51.515088,-0.140222,False,Central London
116091484,2024-01-01,theft-from-the-person,On or near B402,51.513777,-0.123456,False,Central London
116105523,2024-01-01,theft-from-the-person,On or near Upper Ground,51.508094,-0.106685,False,Central London
116157462,2024-01-01,theft-from-the-person,On or near Denman Street,51.510729,-0.135283,False,Central London
116157464,2024-01-01,theft-from-the-person,On or near Theatre/concert Hall,51.512300,-0.128388,False,Central London
116091520,2024-01-01,theft-from-the-person,On or near Bourchier Street,51.513052,-0.132681,False,Central London
116157903,2024-01-01,theft-from-the-person,On or near Great Windmill Street,51.510952,-0.134064,False,Central London
116091798,2024-01-01,theft-from-the-person,On or near Southampton Buildings,51.518231,-0.112953,False,Central London
116158171,2024-01-01,theft-from-the-person,On or near Nightclub,51.516875,-0.141807,False,Central London
116092109,2024-01-01,theft-from-the-person,On or near Nightclub,51.516875,-0.141807,False,Central London
116142909,2024-01-01,theft-from-the-person,On or near Nightclub,51.516900,-0.132077,False,Central London
116123394,2024-01-01,theft-from-the-person,On or near Nightclub,51.516900,-0.132077,False,Central London
116142934,2024-01-01,theft-from-the-person,On or near Parking Area,51.512379,-0.129379,False,Central London
116092420,2024-01-01,theft-from-the-person,On or near Brook's Mews,51.512336,-0.147050,False,Central London
116092601,2024-01-01,theft-from-the-person,On or near Leicester Street,51.510942,-0.131196,False,Central London
116142958,2024-01-01,theft-from-the-person,On or near Holborn,51.517436,-0.119976,False,Central London
116110369,2024-01-01,theft-from-the-person,On or near Gresse Street,51.517516,-0.134012,False,Central London
116093656,2024-01-01,theft-from-the-person,On or near Further/higher Educational Building,51.516178,-0.131904,False,Central London
116093775,2024-01-01,theft-from-the-person,On or near Denmark Street,51.515189,-0.129653,False,Central London
116140849,2024-01-01,theft-from-the-person,On or near Theme/adventure Park,51.502823,-0.119257,False,Central London
116094155,2024-01-01,theft-from-the-person,On or near Shelton Street,51.513753,-0.125331,False,Central London
116128705,2024-01-01,theft-from-the-person,On or near Hills Place,51.515088,-0.140222,False,Central London
116128706,2024-01-01,theft-from-the-person,On or near Hills Place,51.515088,-0.140222,False,Central London
116094172,2024-01-01,theft-from-the-person,On or near Southampton Row,51.519624,-0.121890,False,Central London
116128988,2024-01-01,theft-from-the-person,On or near Market Place,51.516058,-0.140154,False,Central London
116094458,2024-01-01,theft-from-the-person,On or near Mcauley Close,51.497399,-0.112603,False,Central London
116110296,2024-01-01,theft-from-the-person,On or near Babmaes Street,51.508556,-0.134925,False,Central London
116129108,2024-01-01,theft-from-the-person,On or near Candover Street,51.519470,-0.139842,False,Central London
116129182,2024-01-01,theft-from-the-person,On or near Hollen Street,51.515470,-0.134874,False,Central London
116129317,2024-01-01,theft-from-the-person,On or near Nightclub,51.516166,-0.137324,False,Central London
116129456,2024-01-01,theft-from-the-person,On or near Market Place,51.516058,-0.140154,False,Central London
116129460,2024-01-01,theft-from-the-person,On or near Soho Street,51.515939,-0.132693,False,Central London
116096418,2024-01-01,theft-from-the-person,On or near Ambrosden Avenue,51.496508,-0.139610,False,Central London
116129992,2024-01-01,theft-from-the-person,On or near Howick Place,51.496711,-0.137095,False,Central London
116130090,2024-01-01,theft-from-the-person,On or near Old Compton Street,51.513848,-0.129593,False,Central London
116130141,2024-01-01,theft-from-the-person,On or near Theatre/concert Hall,51.509158,-0.134930,False,Central London
116130142,2024-01-01,theft-from-the-person,On or near Garrick Street,51.511574,-0.126271,False,Central London
116130145,2024-01-01,theft-from-the-person,On or near Nightclub,51.516166,-0.137324,False,Central London
116156037,2024-01-01,theft-from-the-person,On or near Theatre/concert Hall,51.512300,-0.128388,False,Central London
116130426,2024-01-01,theft-from-the-person,On or near Theme/adventure Park,51.502823,-0.119257,False,Central London
116130442,2024-01-01,theft-from-the-person,On or near Cosser Street,51.497024,-0.112777,False,Central London
116127345,2024-01-01,theft-from-the-person,On or near Further/higher Educational Building,51.515727,-0.136304,False,Central London
116126190,2024-01-01,theft-from-the-person,On or near Theatre/concert Hall,51.512300,-0.128388,False,Central London
116140628,2024-01-01,theft-from-the-person,On or near Nightclub,51.514246,-0.131436,False,Central London
116098690,2024-01-01,theft-from-the-person,On or near Nightclub,51.516900,-0.132077,False,Central London
116098784,2024-01-01,theft-from-the-person,On or near Nightclub,51.511783,-0.129778,False,Central London
116139476,2024-01-01,theft-from-the-person,On or near Further/higher Educational Building,51.505035,-0.112677,False,Central London
116139969,2024-01-01,theft-from-the-person,On or near Charles Ii Street,51.507970,-0.133162,False,Central London
116146882,2024-01-01,theft-from-the-person,On or near Leicester Street,51.510942,-0.131196,False,Central London
116146890,2024-01-01,theft-from-the-person,On or near Dering Street,51.514195,-0.145735,False,Central London
116146907,2024-01-01,theft-from-the-person,On or near Hollen Street,51.515470,-0.134874,False,Central London
116146897,2024-01-01,theft-from-the-person,On or near Hills Place,51.515088,-0.140222,False,Central London
116146932,2024-01-01,theft-from-the-person,On or near Nightclub,51.511783,-0.129778,False,Central London
116103432,2024-01-01,theft-from-the-person,On or near Dering Street,51.514195,-0.145735,False,Central London
116146934,2024-01-01,theft-from-the-person,On or near Further/higher Educational Building,51.516178,-0.131904,False,Central London
116099333,2024-01-01,theft-from-the-person,On or near Little Newport Street,51.511703,-0.128701,False,Central London
116147138,2024-01-01,theft-from-the-person,On or near Blenheim Street,51.513918,-0.146986,False,Central London
116147219,2024-01-01,theft-from-the-person,On or near Covent Garden,51.512980,-0.124210,False,Central London
116098111,2024-01-01,theft-from-the-person,On or near Hills Place,51.515088,-0.140222,False,Central London
116148125,2024-01-01,theft-from-the-person,On or near Chapone Place,51.514286,-0.132818,False,Central London
116148127,2024-01-01,theft-from-the-person,On or near Curzon Square,51.506109,-0.150790,False,Central London
116148178,2024-01-01,theft-from-the-person,On or near Hollen Street,51.515470,-0.134874,False,Central London
116099451,2024-01-01,theft-from-the-person,On or near Glasshouse Street,51.510520,-0.137439,False,Central London
116148175,2024-01-01,theft-from-the-person,On or near Theatre/concert Hall,51.510900,-0.127984,False,Central London
116148173,2024-01-01,theft-from-the-person,On or near Leicester Street,51.510942,-0.131196,False,Central London
116099648,2024-01-01,theft-from-the-person,On or near Soho Street,51.515939,-0.132693,False,Central London
116148190,2024-01-01,theft-from-the-person,On or near Great Windmill Street,51.510952,-0.134064,False,Central London
116099773,2024-01-01,theft-from-the-person,On or near Soho Street,51.515939,-0.132693,False,Central London
116148204,2024-01-01,theft-from-the-person,On or near Yarmouth Place,51.505459,-0.146623,False,Central London
116148218,2024-01-01,theft-from-the-person,On or near Theatre/concert Hall,51.512300,-0.128388,False,Central London
116148220,2024-01-01,theft-from-the-person,On or near Dering Street,51.514195,-0.145735,False,Central London
116099777,2024-01-01,theft-from-the-person,On or near Theatre/concert Hall,51.514523,-0.129580,False,Central London
116105766,2024-01-01,theft-from-the-person,On or near Maiden Lane,51.510759,-0.123061,False,Central London
116148625,2024-01-01,theft-from-the-person,On or near Further/higher Educational Building,51.516178,-0.131904,False,Central London
116148620,2024-01-01,theft-from-the-person,On or near Macclesfield Street,51.511997,-0.131355,False,Central London
116148644,2024-01-01,theft-from-the-person,On or near Gresse Street,51.517516,-0.134012,False,Central London
116148662,2024-01-01,theft-from-the-person,On or near Nightclub,51.513406,-0.131715,False,Central London
116148660,2024-01-01,theft-from-the-person,On or near Nightclub,51.509962,-0.137952,False,Central London
116100907,2024-01-01,theft-from-the-person,On or near Upper St Martin's Lane,51.513243,-0.127139,False,Central London
116148686,2024-01-01,theft-from-the-person,On or near Princes Street,51.514365,-0.143408,False,Central London
116148694,2024-01-01,theft-from-the-person,On or near Richmond Mews,51.513911,-0.133539,False,Central London
116146825,2024-01-01,theft-from-the-person,On or near Soho Street,51.515939,-0.132693,False,Central London
116148696,2024-01-01,theft-from-the-person,On or near Nightclub,51.512495,-0.138915,False,Central London
116148697,2024-01-01,theft-from-the-person,On or near Gresse Street,51.517516,-0.134012,False,Central London
116148832,2024-01-01,theft-from-the-person,On or near Holmes Terrace,51.502508,-0.110995,False,Central London
116149152,2024-01-01,theft-from-the-person,On or near Bedford Place,51.520844,-0.125040,False,Central London
116100986,2024-01-01,theft-from-the-person,On or near Further/higher Educational Building,51.505035,-0.112677,False,Central London
116149207,2024-01-01,theft-from-the-person,On or near Dyott Street,51.516820,-0.127583,False,Central London
116149493,2024-01-01,theft-from-the-person,On or near Yarmouth Place,51.505459,-0.146623,False,Central London
116103372,2024-01-01,theft-from-the-person,On or near Nightclub,51.512429,-0.142384,False,Central London
116149688,2024-01-01,theft-from-the-person,On or near Montague Street,51.519680,-0.125347,False,Central London
116149809,2024-01-01,theft-from-the-person,On or near Glasshouse Street,51.510520,-0.137439,False,Central London
116102589,2024-01-01,theft-from-the-person,On or near Booth's Place,51.517885,-0.138580,False,Central London
116149817,2024-01-01,theft-from-the-person,On or near Blenheim Street,51.513918,-0.146986,False,Central London
116149836,2024-01-01,theft-from-the-person,On or near Argyll Street,51.514684,-0.140844,False,Central London
116127344,2024-01-01,theft-from-the-person,On or near Nightclub,51.515684,-0.135874,False,Central London
116149832,2024-01-01,theft-from-the-person,On or near Hills Place,51.515088,-0.140222,False,Central London
116149835,2024-01-01,theft-from-the-person,On or near Peter Street,51.512780,-0.134234,False,Central London
116102596,2024-01-01,theft-from-the-person,On or near Theatre/concert Hall,51.512499,-0.119459,False,Central London
116103366,2024-01-01,theft-from-the-person,On or near Apple Tree Yard,51.508313,-0.136074,False,Central London
116149842,2024-01-01,theft-from-the-person,On or near Nightclub,51.512495,-0.138915,False,Central London
116149882,2024-01-01,theft-from-the-person,On or near Soho Street,51.515939,-0.132693,False,Central London
116103371,2024-01-01,theft-from-the-person,On or near Old Compton Street,51.513848,-0.129593,False,Central London
116149911,2024-01-01,theft-from-the-person,On or near Hills Place,51.515088,-0.140222,False,Central London
116149937,2024-01-01,theft-from-the-person,On or near Argyll Street,51.514684,-0.140844,False,Central London
116149962,2024-01-01,theft-from-the-person,On or near Nightclub,51.508087,-0.124122,False,Central London
116149985,2024-01-01,theft-from-the-person,On or near Dering Street,51.514195,-0.145735,False,Central London
116103390,2024-01-01,theft-from-the-person,On or near Argyll Street,51.514684,-0.140844,False,Central London
116103811,2024-01-01,theft-from-the-person,On or near Catton Street,51.518165,-0.120018,False,Central London
116103924,2024-01-01,theft-from-the-person,On or near Gerrard Place,51.512247,-0.130120,False,Central London
116150950,2024-01-01,theft-from-the-person,On or near Market Place,51.516058,-0.140154,False,Central London
116104554,2024-01-01,theft-from-the-person,On or near Old Compton Street,51.513848,-0.129593,False,Central London
116150957,2024-01-01,theft-from-the-person,On or near Nightclub,51.513406,-0.131715,False,Central London
116151038,2024-01-01,theft-from-the-person,On or near A401,51.511790,-0.132459,False,Central London
116151037,2024-01-01,theft-from-the-person,On or near Nightclub,51.516166,-0.137324,False,Central London
116151046,2024-01-01,theft-from-the-person,On or near Broadwick Street,51.513470,-0.136339,False,Central London
116126228,2024-01-01,theft-from-the-person,On or near Phoenix Street,51.514209,-0.129665,False,Central London
116151107,2024-01-01,theft-from-the-person,On or near Coach And Horses Yard,51.511314,-0.142134,False,Central London
116151097,2024-01-01,theft-from-the-person,On or near Surrey Street,51.512449,-0.115772,False,Central London
116151106,2024-01-01,theft-from-the-person,On or near Little Newport Street,51.511703,-0.128701,False,Central London
116151127,2024-01-01,theft-from-the-person,On or near Duke Street St James's,51.507334,-0.137800,False,Central London
116151134,2024-01-01,theft-from-the-person,On or near Hills Place,51.515088,-0.140222,False,Central London
116151220,2024-01-01,theft-from-the-person,On or near Theatre/concert Hall,51.510152,-0.132382,False,Central London
116107816,2024-01-01,theft-from-the-person,On or near Shopping Area,51.513575,-0.140687,False,Central London
116151504,2024-01-01,theft-from-the-person,On or near Further/higher Educational Building,51.516178,-0.131904,False,Central London
116151505,2024-01-01,theft-from-the-person,On or near Nightclub,51.511783,-0.129778,False,Central London
116107823,2024-01-01,theft-from-the-person,On or near B402,51.513777,-0.123456,False,Central London
116107828,2024-01-01,theft-from-the-person,On or near Argyll Street,51.514684,-0.140844,False,Central London
116151554,2024-01-01,theft-from-the-person,On or near Long Acre,51.513205,-0.124229,False,Central London
116109246,2024-01-01,theft-from-the-person,On or near Hanover Street,51.513827,-0.142363,False,Central London
116151661,2024-01-01,theft-from-the-person,On or near Blenheim Street,51.513918,-0.146986,False,Central London
116107806,2024-01-01,theft-from-the-person,On or near The Cut,51.503044,-0.107428,False,Central London
116151744,2024-01-01,theft-from-the-person,On or near Nightclub,51.515684,-0.135874,False,Central London
116091023,2024-01-01,theft-from-the-person,On or near Shaftesbury Avenue,51.513064,-0.129438,False,Central London
116091025,2024-01-01,theft-from-the-person,On or near Market Place,51.516058,-0.140154,False,Central London
116091626,2024-01-01,theft-from-the-person,On or near Gerrard Place,51.512247,-0.130120,False,Central London
116092575,2024-01-01,theft-from-the-person,On or near Theatre/concert Hall,51.512811,-0.133325,False,Central London
116092263,2024-01-01,theft-from-the-person,On or near Nightclub,51.511783,-0.129778,False,Central London
116092580,2024-01-01,theft-from-the-person,On or near Frith Street,51.513601,-0.131534,False,Central London
116098396,2024-01-01,theft-from-the-person,On or near Frith Street,51.513601,-0.131534,False,Central London
116097633,2024-01-01,theft-from-the-person,On or near Glasshouse Street,51.510520,-0.137439,False,Central London
116098108,2024-01-01,theft-from-the-person,On or near Little Newport Street,51.511703,-0.128701,False,Central London
116113698,2024-01-01,theft-from-the-person,On or near Leicester Street,51.510942,-0.131196,False,Central London
116163604,2024-01-01,theft-from-the-person,On or near Parking Area,51.517287,-0.130403,False,Central London
116115100,2024-01-01,theft-from-the-person,On or near Nightclub,51.511783,-0.129778,False,Central London
116098255,2024-01-01,theft-from-the-person,On or near Cavendish Square,51.516488,-0.145743,False,Central London
116146709,2024-01-01,theft-from-the-person,On or near Leicester Square,51.510468,-0.130769,False,Central London
116147146,2024-01-01,theft-from-the-person,On or near Lisle Street,51.511534,-0.130495,False,Central London
116148123,2024-01-01,theft-from-the-person,On or near Gerrard Street,51.511760,-0.131163,False,Central London
116148124,2024-01-01,theft-from-the-person,On or near Nightclub,51.515684,-0.135874,False,Central London
116109280,2024-01-01,theft-from-the-person,On or near Further/higher Educational Building,51.514867,-0.138790,False,Central London
116115178,2024-01-01,theft-from-the-person,On or near B402,51.512855,-0.124820,False,Central London
116115180,2024-01-01,theft-from-the-person,On or near Dean Street,51.513734,-0.132595,False,Central London
116115184,2024-01-01,theft-from-the-person,On or near Lower James Street,51.511312,-0.136326,False,Central London
116134498,2024-01-01,theft-from-the-person,On or near Nightclub,51.507576,-0.141776,False,Central London
116109578,2024-01-01,theft-from-the-person,On or near Further/higher Educational Building,51.516178,-0.131904,False,Central London
116109616,2024-01-01,theft-from-the-person,On or near Bridge Street,51.500978,-0.125524,False,Central London
116127362,2024-01-01,theft-from-the-person,On or near Dering Street,51.514195,-0.145735,False,Central London
116126483,2024-01-01,theft-from-the-person,On or near B402,51.513777,-0.123456,False,Central London
116093662,2024-01-01,theft-from-the-person,On or near Archer Street,51.511502,-0.134157,False,Central London
116110617,2024-01-01,theft-from-the-person,On or near Sports/recreation Area,51.509947,-0.131367,False,Central London
116094785,2024-01-01,theft-from-the-person,On or near Parking Area,51.514010,-0.124528,False,Central London
116110633,2024-01-01,theft-from-the-person,On or near Theatre/concert Hall,51.510393,-0.123264,False,Central London
116115520,2024-01-01,theft-from-the-person,On or near Pear Place,51.502428,-0.110508,False,Central London
116134800,2024-01-01,theft-from-the-person,On or near Conference/exhibition Centre,51.516295,-0.129487,False,Central London
116130144,2024-01-01,theft-from-the-person,On or near B402,51.513777,-0.123456,False,Central London
116126125,2024-01-01,theft-from-the-person,On or near Coventry Street,51.510295,-0.132318,False,Central London
116112378,2024-01-01,theft-from-the-person,On or near Argyll Street,51.514684,-0.140844,False,Central London
116112856,2024-01-01,theft-from-the-person,On or near Yarmouth Place,51.505459,-0.146623,False,Central London
116113824,2024-01-01,theft-from-the-person,On or near London Waterloo,51.502663,-0.113423,False,Central London
116126183,2024-01-01,theft-from-the-person,On or near Greek Street,51.513804,-0.130733,False,Central London
116126216,2024-01-01,theft-from-the-person,On or near Theatre/concert Hall,51.509158,-0.134930,False,Central London
116161522,2024-01-01,theft-from-the-person,On or near B402,51.513777,-0.123456,False,Central London
116160514,2024-01-01,theft-from-the-person,On or near Hills Place,51.515088,-0.140222,False,Central London
116159945,2024-01-01,theft-from-the-person,On or near Apple Tree Yard,51.508313,-0.136074,False,Central London
116112918,2024-01-01,theft-from-the-person,On or near Greek Street,51.513804,-0.130733,False,Central London
116092078,2024-01-01,theft-from-the-person,On or near Buckingham Mews,51.499549,-0.141416,False,Central London
116145095,2024-01-01,theft-from-the-person,On or near Further/higher Educational Building,51.516178,-0.131904,False,Central London
116134690,2024-01-01,theft-from-the-person,On or near Theatre/concert Hall,51.511272,-0.133820,False,Central London
116157273,2024-01-01,theft-from-the-person,On or near Ferry Terminal,51.495035,-0.121114,False,Central London
116156512,2024-01-01,theft-from-the-person,On or near Blenheim Street,51.513918,-0.146986,False,Central London
116109279,2024-01-01,theft-from-the-person,On or near Upper James Street,51.512419,-0.137520,False,Central London
116154836,2024-01-01,theft-from-the-person,On or near Frith Street,51.513601,-0.131534,False,Central London
116154471,2024-01-01,theft-from-the-person,On or near Old Compton Street,51.513200,-0.131248,False,Central London
116091146,2024-01-01,theft-from-the-person,On or near Blenheim Street,51.513918,-0.146986,False,Central London
116154425,2024-01-01,theft-from-the-person,On or near Hills Place,51.515088,-0.140222,False,Central London
116109558,2024-01-01,theft-from-the-person,On or near Buckingham Mews,51.499549,-0.141416,False,Central London
116092369,2024-01-01,theft-from-the-person,On or near Adeline Place,51.517858,-0.130120,False,Central London
116092415,2024-01-01,theft-from-the-person,On or near Moor Street,51.513498,-0.130169,False,Central London
116134880,2024-01-01,theft-from-the-person,On or near Conference/exhibition Centre,51.516295,-0.129487,False,Central London
116092422,2024-01-01,theft-from-the-person,On or near B404,51.512100,-0.127114,False,Central London
116092543,2024-01-01,theft-from-the-person,On or near Dering Street,51.514195,-0.145735,False,Central London
116134711,2024-01-01,theft-from-the-person,On or near Nightclub,51.514492,-0.131037,False,Central London
116092577,2024-01-01,theft-from-the-person,On or near Hollen Street,51.515470,-0.134874,False,Central London
116109712,2024-01-01,theft-from-the-person,On or near A401,51.511790,-0.132459,False,Central London
116092115,2024-01-01,theft-from-the-person,On or near Shopping Area,51.496466,-0.141499,False,Central London
116092113,2024-01-01,theft-from-the-person,On or near John Prince's Street,51.515753,-0.143092,False,Central London
116092650,2024-01-01,theft-from-the-person,On or near Ganton Street,51.513114,-0.138803,False,Central London
116108815,2024-01-01,theft-from-the-person,On or near St James's Market,51.509251,-0.133398,False,Central London
116108949,2024-01-01,theft-from-the-person,On or near Hollen Street,51.515470,-0.134874,False,Central London
116134627,2024-01-01,theft-from-the-person,On or near Parking Area,51.506236,-0.141322,False,Central London
116109232,2024-01-01,theft-from-the-person,On or near Argyll Street,51.514684,-0.140844,False,Central London
116109260,2024-01-01,theft-from-the-person,On or near Soho Street,51.515939,-0.132693,False,Central London
116109249,2024-01-01,theft-from-the-person,On or near Shaftesbury Avenue,51.513064,-0.129438,False,Central London
116129455,2024-01-01,theft-from-the-person,On or near Argyll Street,51.514684,-0.140844,False,Central London
116109262,2024-01-01,theft-from-the-person,On or near Nightclub,51.511783,-0.129778,False,Central London
116109247,2024-01-01,theft-from-the-person,On or near Theatre/concert Hall,51.511583,-0.133287,False,Central London
116109274,2024-01-01,theft-from-the-person,On or near Nightclub,51.512495,-0.138915,False,Central London
116137301,2024-01-01,theft-from-the-person,On or near Nightclub,51.509458,-0.132280,False,Central London
116137304,2024-01-01,theft-from-the-person,On or near Leicester Street,51.510942,-0.131196,False,Central London
116112477,2024-01-01,theft-from-the-person,On or near Gerrard Street,51.511760,-0.131163,False,Central London
116126437,2024-01-01,theft-from-the-person,On or near Nightclub,51.514012,-0.131078,False,Central London
116126454,2024-01-01,theft-from-the-person,On or near Further/higher Educational Building,51.508286,-0.130426,False,Central London
116112951,2024-01-01,theft-from-the-person,On or near Denmark Street,51.515189,-0.129653,False,Central London
116109671,2024-01-01,theft-from-the-person,On or near Nightclub,51.512495,-0.138915,False,Central London
116109686,2024-01-01,theft-from-the-person,On or near Little Marlborough Street,51.513708,-0.140004,False,Central London
116109715,2024-01-01,theft-from-the-person,On or near Little Newport Street,51.511703,-0.128701,False,Central London
116109719,2024-01-01,theft-from-the-person,On or near Argyll Street,51.514684,-0.140844,False,Central London
116110046,2024-01-01,theft-from-the-person,On or near Denmark Street,51.515189,-0.129653,False,Central London
116134693,2024-01-01,theft-from-the-person,On or near Horse Guards Avenue,51.504925,-0.124886,False,Central London
116139223,2024-01-01,theft-from-the-person,On or near Further/higher Educational Building,51.517845,-0.121977,False,Central London
116139686,2024-01-01,theft-from-the-person,On or near Further/higher Educational Building,51.516178,-0.131904,False,Central London
116110318,2024-01-01,theft-from-the-person,On or near Argyll Street,51.514684,-0.140844,False,Central London
116129107,2024-01-01,theft-from-the-person,On or near A401,51.511790,-0.132459,False,Central London
116123212,2024-01-01,theft-from-the-person,On or near Leicester Street,51.510942,-0.131196,False,Central London
116110323,2024-01-01,theft-from-the-person,On or near Park/open Space,51.501665,-0.138146,False,Central London
116110327,2024-01-01,theft-from-the-person,On or near Little Marlborough Street,51.513708,-0.140004,False,Central London
116110367,2024-01-01,theft-from-the-person,On or near Hanway Place,51.516674,-0.132547,False,Central London
116141332,2024-01-01,theft-from-the-person,On or near Dansey Place,51.511790,-0.131925,False,Central London
116142344,2024-01-01,theft-from-the-person,On or near Parking Area,51.517287,-0.130403,False,Central London
116110351,2024-01-01,theft-from-the-person,On or near Theatre/concert Hall,51.512499,-0.119459,False,Central London
116110359,2024-01-01,theft-from-the-person,On or near Peter Street,51.512780,-0.134234,False,Central London
116110629,2024-01-01,theft-from-the-person,On or near Hollen Street,51.515470,-0.134874,False,Central London
116143224,2024-01-01,theft-from-the-person,On or near Gerrard Street,51.511760,-0.131163,False,Central London
116113433,2024-01-01,theft-from-the-person,On or near Market Place,51.516058,-0.140154,False,Central London
116113440,2024-01-01,theft-from-the-person,On or near A401,51.511790,-0.132459,False,Central London
116146817,2024-01-01,theft-from-the-person,On or near Further/higher Educational Building,51.516178,-0.131904,False,Central London
116113704,2024-01-01,theft-from-the-person,On or near B402,51.513777,-0.123456,False,Central London
116113705,2024-01-01,theft-from-the-person,On or near Theatre/concert Hall,51.509158,-0.134930,False,Central London
116113706,2024-01-01,theft-from-the-person,On or near Theatre/concert Hall,51.509158,-0.134930,False,Central London
116113709,2024-01-01,theft-from-the-person,On or near Argyll Street,51.514684,-0.140844,False,Central London
116113710,2024-01-01,theft-from-the-person,On or near Gerrard Street,51.511760,-0.131163,False,Central London
116113712,2024-01-01,theft-from-the-person,On or near Covent Garden,51.512980,-0.124210,False,Central London
116111806,2024-01-01,theft-from-the-person,On or near Further/higher Educational Building,51.519333,-0.128965,False,Central London
116161504,2024-01-01,theft-from-the-person,On or near Shopping Area,51.496466,-0.141499,False,Central London
116112207,2024-01-01,theft-from-the-person,On or near Winnett Street,51.512013,-0.133502,False,Central London
116092329,2024-01-01,theft-from-the-person,On or near Burleigh Street,51.511475,-0.120625,False,Central London
116116287,2024-01-01,theft-from-the-person,On or near Dering Street,51.514195,-0.145735,False,Central London
116153945,2024-01-01,theft-from-the-person,On or near Theatre/concert Hall,51.512300,-0.128388,False,Central London
116116449,2024-01-01,theft-from-the-person,On or near B402,51.513777,-0.123456,False,Central London
116116452,2024-01-01,theft-from-the-person,On or near Glasshouse Street,51.510520,-0.137439,False,Central London
116143640,2024-01-01,theft-from-the-person,On or near John Prince's Street,51.515753,-0.143092,False,Central London
116110632,2024-01-01,theft-from-the-person,On or near Nightclub,51.508450,-0.143266,False,Central London
116116703,2024-01-01,theft-from-the-person,On or near Parking Area,51.506236,-0.141322,False,Central London
116116707,2024-01-01,theft-from-the-person,On or near Gresse Street,51.517516,-0.134012,False,Central London
116116723,2024-01-01,theft-from-the-person,On or near Nightclub,51.512495,-0.138915,False,Central London
116144018,2024-01-01,theft-from-the-person,On or near Shopping Area,51.496466,-0.141499,False,Central London
116144019,2024-01-01,theft-from-the-person,On or near Yarmouth Place,51.505459,-0.146623,False,Central London
116117110,2024-01-01,theft-from-the-person,On or near New Row,51.511137,-0.125914,False,Central London
116117101,2024-01-01,theft-from-the-person,On or near Theatre/concert Hall,51.512499,-0.119459,False,Central London
116117102,2024-01-01,theft-from-the-person,On or near Further/higher Educational Building,51.516178,-0.131904,False,Central London
116117106,2024-01-01,theft-from-the-person,On or near Theatre/concert Hall,51.513075,-0.118888,False,Central London
116117096,2024-01-01,theft-from-the-person,On or near Parking Area,51.507286,-0.128903,False,Central London
116117100,2024-01-01,theft-from-the-person,On or near Theatre/concert Hall,51.509158,-0.134930,False,Central London
116117159,2024-01-01,theft-from-the-person,On or near William Iv Street,51.509491,-0.125924,False,Central London
116117169,2024-01-01,theft-from-the-person,On or near Great Chapel Street,51.515580,-0.134437,False,Central London
116110614,2024-01-01,theft-from-the-person,On or near Neal Street,51.513386,-0.124308,False,Central London
116138479,2024-01-01,theft-from-the-person,On or near Percy Street,51.518456,-0.133209,False,Central London
116144595,2024-01-01,theft-from-the-person,On or near Dering Street,51.514195,-0.145735,False,Central London
116126135,2024-01-01,theft-from-the-person,On or near Nightclub,51.515684,-0.135874,False,Central London
116111593,2024-01-01,theft-from-the-person,On or near Soho Street,51.515939,-0.132693,False,Central London
116121159,2024-01-01,theft-from-the-person,On or near Hollen Street,51.515470,-0.134874,False,Central London
116112468,2024-01-01,theft-from-the-person,On or near Nightclub,51.516900,-0.132077,False,Central London
116112472,2024-01-01,theft-from-the-person,On or near Soho Street,51.515939,-0.132693,False,Central London
116112711,2024-01-01,theft-from-the-person,On or near Nightclub,51.511783,-0.129778,False,Central London
116113016,2024-01-01,theft-from-the-person,On or near Blenheim Street,51.513918,-0.146986,False,Central London
116119041,2024-01-01,theft-from-the-person,On or near Howick Place,51.496711,-0.137095,False,Central London
116119317,2024-01-01,theft-from-the-person,On or near Great Windmill Street,51.510952,-0.134064,False,Central London
116145088,2024-01-01,theft-from-the-person,On or near Great Windmill Street,51.510952,-0.134064,False,Central London
116119449,2024-01-01,theft-from-the-person,On or near Tottenham Court Road,51.520697,-0.134429,False,Central London
116145114,2024-01-01,theft-from-the-person,On or near Nightclub,51.512339,-0.133618,False,Central London
116099760,2024-01-01,theft-from-the-person,On or near Argyll Street,51.514684,-0.140844,False,Central London
116119848,2024-01-01,theft-from-the-person,On or near Glasshouse Street,51.510520,-0.137439,False,Central London
116119870,2024-01-01,theft-from-the-person,On or near Glasshouse Street,51.510520,-0.137439,False,Central London
116119873,2024-01-01,theft-from-the-person,On or near Cranbourn Street,51.511339,-0.128427,False,Central London
116119933,2024-01-01,theft-from-the-person,On or near Argyll Street,51.514684,-0.140844,False,Central London
116120581,2024-01-01,theft-from-the-person,On or near Glasshouse Street,51.510520,-0.137439,False,Central London
116120578,2024-01-01,theft-from-the-person,On or near Gerrard Street,51.511760,-0.131163,False,Central London
116146472,2024-01-01,theft-from-the-person,On or near Howick Place,51.496711,-0.137095,False,Central London
116120576,2024-01-01,theft-from-the-person,On or near John Prince's Street,51.515753,-0.143092,False,Central London
116120956,2024-01-01,theft-from-the-person,On or near North Crescent,51.520790,-0.133532,False,Central London
116106885,2024-01-01,theft-from-the-person,On or near Embankment Place,51.507096,-0.122909,False,Central London
116146843,2024-01-01,theft-from-the-person,On or near New Burlington Place,51.512078,-0.141526,False,Central London
116123122,2024-01-01,theft-from-the-person,On or near Hollen Street,51.515470,-0.134874,False,Central London
116123123,2024-01-01,theft-from-the-person,On or near Pall Mall,51.506600,-0.134054,False,Central London
116123127,2024-01-01,theft-from-the-person,On or near Further/higher Educational Building,51.516178,-0.131904,False,Central London
116123133,2024-01-01,theft-from-the-person,On or near Argyll Street,51.514684,-0.140844,False,Central London
116146913,2024-01-01,theft-from-the-person,On or near Blenheim Street,51.513918,-0.146986,False,Central London
116146914,2024-01-01,theft-from-the-person,On or near Spencer Place,51.496440,-0.135867,False,Central London
116123132,2024-01-01,theft-from-the-person,On or near Shelton Street,51.513753,-0.125331,False,Central London
116123211,2024-01-01,theft-from-the-person,On or near Leicester Street,51.510942,-0.131196,False,Central London
116123210,2024-01-01,theft-from-the-person,On or near Dering Street,51.514195,-0.145735,False,Central London
116146923,2024-01-01,theft-from-the-person,On or near Theatre/concert Hall,51.512106,-0.133100,False,Central London
116123224,2024-01-01,theft-from-the-person,On or near Shaftesbury Avenue,51.513064,-0.129438,False,Central London
116123243,2024-01-01,theft-from-the-person,On or near Old Compton Street,51.513848,-0.129593,False,Central London
116123236,2024-01-01,theft-from-the-person,On or near Nightclub,51.511783,-0.129778,False,Central London
116123259,2024-01-01,theft-from-the-person,On or near Archer Street,51.511502,-0.134157,False,Central London
116123261,2024-01-01,theft-from-the-person,On or near Nightclub,51.512416,-0.133384,False,Central London
116123257,2024-01-01,theft-from-the-person,On or near Little Newport Street,51.511703,-0.128701,False,Central London
116102190,2024-01-01,theft-from-the-person,On or near Further/higher Educational Building,51.516178,-0.131904,False,Central London
116123379,2024-01-01,theft-from-the-person,On or near Further/higher Educational Building,51.516178,-0.131904,False,Central London
116123422,2024-01-01,theft-from-the-person,On or near Macclesfield Street,51.511997,-0.131355,False,Central London
116092292,2024-01-01,theft-from-the-person,On or near The Cut,51.503587,-0.105417,False,Central London
116123421,2024-01-01,theft-from-the-person,On or near Theatre/concert Hall,51.509158,-0.134930,False,Central London
116123416,2024-01-01,theft-from-the-person,On or near Argyll Street,51.514684,-0.140844,False,Central London
116147499,2024-01-01,theft-from-the-person,On or near Howick Place,51.496711,-0.137095,False,Central London
116148110,2024-01-01,theft-from-the-person,On or near Theatre/concert Hall,51.512499,-0.119459,False,Central London
116148132,2024-01-01,theft-from-the-person,On or near Shopping Area,51.513575,-0.140687,False,Central London
116134415,2024-01-01,theft-from-the-person,On or near Nightclub,51.510953,-0.133012,False,Central London
116098723,2024-01-01,theft-from-the-person,On or near Gresse Street,51.517516,-0.134012,False,Central London
116098736,2024-01-01,theft-from-the-person,On or near Little Marlborough Street,51.513708,-0.140004,False,Central London
116098772,2024-01-01,theft-from-the-person,On or near Hills Place,51.515088,-0.140222,False,Central London
116098776,2024-01-01,theft-from-the-person,On or near Hills Place,51.515088,-0.140222,False,Central London
116098782,2024-01-01,theft-from-the-person,On or near Dering Street,51.514195,-0.145735,False,Central London
116098786,2024-01-01,theft-from-the-person,On or near Further/higher Educational Building,51.516178,-0.131904,False,Central London
116098787,2024-01-01,theft-from-the-person,On or near Glasshouse Street,51.510520,-0.137439,False,Central London
116098835,2024-01-01,theft-from-the-person,On or near Gresse Street,51.517516,-0.134012,False,Central London
116148133,2024-01-01,theft-from-the-person,On or near Glasshouse Street,51.510520,-0.137439,False,Central London
116098936,2024-01-01,theft-from-the-person,On or near Buckingham Mews,51.499549,-0.141416,False,Central London
116100155,2024-01-01,theft-from-the-person,On or near Little Marlborough Street,51.513708,-0.140004,False,Central London
116148140,2024-01-01,theft-from-the-person,On or near Nightclub,51.511200,-0.133288,False,Central London
116098953,2024-01-01,theft-from-the-person,On or near Parking Area,51.514010,-0.124528,False,Central London
116100145,2024-01-01,theft-from-the-person,On or near Nightclub,51.516875,-0.141807,False,Central London
116099149,2024-01-01,theft-from-the-person,On or near Newman's Row,51.517274,-0.115500,False,Central London
116099270,2024-01-01,theft-from-the-person,On or near Argyll Street,51.514684,-0.140844,False,Central London
116097820,2024-01-01,theft-from-the-person,On or near Nightclub,51.510840,-0.128984,False,Central London
116134091,2024-01-01,theft-from-the-person,On or near Dyott Street,51.516820,-0.127583,False,Central London
116099282,2024-01-01,theft-from-the-person,On or near Nightclub,51.509962,-0.137952,False,Central London
116098089,2024-01-01,theft-from-the-person,On or near Hanover Street,51.513827,-0.142363,False,Central London
116098565,2024-01-01,theft-from-the-person,On or near Rose Street,51.511623,-0.125951,False,Central London
116125408,2024-01-01,theft-from-the-person,On or near Addington Street,51.501162,-0.116252,False,Central London
116099811,2024-01-01,theft-from-the-person,On or near Market Place,51.516058,-0.140154,False,Central London
116098580,2024-01-01,theft-from-the-person,On or near Dering Street,51.514195,-0.145735,False,Central London
116101023,2024-01-01,theft-from-the-person,On or near Addington Street,51.501162,-0.116252,False,Central London
116128699,2024-01-01,theft-from-the-person,On or near Carnaby Street,51.513150,-0.138845,False,Central London
116128978,2024-01-01,theft-from-the-person,On or near Shelton Street,51.513753,-0.125331,False,Central London
116126177,2024-01-01,theft-from-the-person,On or near Park/open Space,51.502810,-0.132696,False,Central London
116126238,2024-01-01,theft-from-the-person,On or near Gresse Street,51.517516,-0.134012,False,Central London
116129036,2024-01-01,theft-from-the-person,On or near Glasshouse Street,51.510520,-0.137439,False,Central London
116096316,2024-01-01,theft-from-the-person,On or near Holborn,51.517436,-0.119976,False,Central London
116157901,2024-01-01,theft-from-the-person,On or near Upper John Street,51.511860,-0.137975,False,Central London
116157914,2024-01-01,theft-from-the-person,On or near Leicester Square,51.510468,-0.130769,False,Central London
116144048,2024-01-01,theft-from-the-person,On or near Dering Street,51.514195,-0.145735,False,Central London
116107344,2024-01-01,theft-from-the-person,On or near Further/higher Educational Building,51.518043,-0.122651,False,Central London
116116523,2024-01-01,theft-from-the-person,On or near Argyll Street,51.514684,-0.140844,False,Central London
116097797,2024-01-01,theft-from-the-person,On or near Nightclub,51.510272,-0.129192,False,Central London
116138284,2024-01-01,theft-from-the-person,On or near Market Place,51.516058,-0.140154,False,Central London
116138290,2024-01-01,theft-from-the-person,On or near Theatre/concert Hall,51.512300,-0.128388,False,Central London
116138294,2024-01-01,theft-from-the-person,On or near Macclesfield Street,51.511997,-0.131355,False,Central London
116151118,2024-01-01,theft-from-the-person,On or near Further/higher Educational Building,51.515727,-0.136304,False,Central London
116151662,2024-01-01,theft-from-the-person,On or near Burleigh Street,51.511475,-0.120625,False,Central London
116130126,2024-01-01,theft-from-the-person,On or near Broadwick Street,51.513470,-0.136339,False,Central London
116130131,2024-01-01,theft-from-the-person,On or near Leicester Street,51.510942,-0.131196,False,Central London
116107229,2024-01-01,theft-from-the-person,On or near Conference/exhibition Centre,51.516295,-0.129487,False,Central London
116130907,2024-01-01,theft-from-the-person,On or near Market Place,51.516058,-0.140154,False,Central London
116148651,2024-01-01,theft-from-the-person,On or near Lisle Street,51.511534,-0.130495,False,Central London
116131170,2024-01-01,theft-from-the-person,On or near Further/higher Educational Building,51.514867,-0.138790,False,Central London
116131180,2024-01-01,theft-from-the-person,On or near John Prince's Street,51.515753,-0.143092,False,Central London
116131655,2024-01-01,theft-from-the-person,On or near Coach And Horses Yard,51.511314,-0.142134,False,Central London
116096297,2024-01-01,theft-from-the-person,On or near Charles Ii Street,51.507970,-0.133162,False,Central London
116131644,2024-01-01,theft-from-the-person,On or near Nightclub,51.516900,-0.132077,False,Central London
116131648,2024-01-01,theft-from-the-person,On or near Charles Ii Street,51.507970,-0.133162,False,Central London
116131421,2024-01-01,theft-from-the-person,On or near Market Place,51.516058,-0.140154,False,Central London
116131666,2024-01-01,theft-from-the-person,On or near Cavendish Square,51.516488,-0.145743,False,Central London
116131670,2024-01-01,theft-from-the-person,On or near Great Windmill Street,51.510952,-0.134064,False,Central London
116099268,2024-01-01,theft-from-the-person,On or near Nightclub,51.511783,-0.129778,False,Central London
116151982,2024-01-01,theft-from-the-person,On or near Spring Gardens,51.506855,-0.128078,False,Central London
116153471,2024-01-01,theft-from-the-person,On or near Hanway Place,51.516674,-0.132547,False,Central London
116111950,2024-01-01,theft-from-the-person,On or near Old Compton Street,51.513200,-0.131248,False,Central London
116133041,2024-01-01,theft-from-the-person,On or near Argyll Street,51.514684,-0.140844,False,Central London
116133060,2024-01-01,theft-from-the-person,On or near Further/higher Educational Building,51.516178,-0.131904,False,Central London
116133109,2024-01-01,theft-from-the-person,On or near Shopping Area,51.512166,-0.123818,False,Central London
116133111,2024-01-01,theft-from-the-person,On or near Avery Row,51.512544,-0.145989,False,Central London
116133753,2024-01-01,theft-from-the-person,On or near Dering Street,51.514195,-0.145735,False,Central London
116133757,2024-01-01,theft-from-the-person,On or near Albany Courtyard,51.508699,-0.138306,False,Central London
116134052,2024-01-01,theft-from-the-person,On or near Shopping Area,51.496466,-0.141499,False,Central London
116134099,2024-01-01,theft-from-the-person,On or near Wardour Street,51.513970,-0.134387,False,Central London
116134398,2024-01-01,theft-from-the-person,On or near Curzon Square,51.506109,-0.150790,False,Central London
116134502,2024-01-01,theft-from-the-person,On or near Sports/recreation Area,51.509947,-0.131367,False,Central London
116123220,2024-01-01,theft-from-the-person,On or near Grafton Street,51.510141,-0.143046,False,Central London
116134660,2024-01-01,theft-from-the-person,On or near Thirleby Road,51.496320,-0.138508,False,Central London
116134717,2024-01-01,theft-from-the-person,On or near Further/higher Educational Building,51.516178,-0.131904,False,Central London
116134724,2024-01-01,theft-from-the-person,On or near Sports/recreation Area,51.509947,-0.131367,False,Central London
116134726,2024-01-01,theft-from-the-person,On or near Parking Area,51.507286,-0.128903,False,Central London
116134729,2024-01-01,theft-from-the-person,On or near Shopping Area,51.515070,-0.138003,False,Central London
116134730,2024-01-01,theft-from-the-person,On or near Craig's Court,51.506736,-0.126800,False,Central London
116091574,2024-01-01,theft-from-the-person,On or near Theatre/concert Hall,51.512300,-0.128388,False,Central London
116134748,2024-01-01,theft-from-the-person,On or near Southampton Buildings,51.518231,-0.112953,False,Central London
116090000,2024-01-01,theft-from-the-person,On or near Shaftesbury Avenue,51.513064,-0.129438,False,Central London
116090001,2024-01-01,theft-from-the-person,On or near Theatre/concert Hall,51.506632,-0.127640,False,Central London
116090009,2024-01-01,theft-from-the-person,On or near Theatre/concert Hall,51.512106,-0.133100,False,Central London
116090071,2024-01-01,theft-from-the-person,On or near Great Windmill Street,51.510952,-0.134064,False,Central London
116090217,2024-01-01,theft-from-the-person,On or near Burleigh Street,51.511475,-0.120625,False,Central London
116090218,2024-01-01,theft-from-the-person,On or near Cranbourn Street,51.511339,-0.128427,False,Central London
116090386,2024-01-01,theft-from-the-person,On or near Gresse Street,51.517516,-0.134012,False,Central London
116090491,2024-01-01,theft-from-the-person,On or near Parking Area,51.506236,-0.141322,False,Central London
116090510,2024-01-01,theft-from-the-person,On or near A5204,51.519697,-0.134917,False,Central London
116112993,2024-01-01,theft-from-the-person,On or near Theatre/concert Hall,51.512300,-0.128388,False,Central London
116154984,2024-01-01,theft-from-the-person,On or near Parking Area,51.517287,-0.130403,False,Central London
116148672,2024-01-01,theft-from-the-person,On or near Nightclub,51.512495,-0.138915,False,Central London
116123952,2024-01-01,theft-from-the-person,On or near Leicester Square,51.510468,-0.130769,False,Central London
126017498,2024-01-01,theft-from-the-person,Tottenham Court Road (lu Station),51.516391,-0.130498,False,Central London
126017499,2024-01-01,theft-from-the-person,Tottenham Court Road (lu Station),51.516391,-0.130498,False,Central London
126017662,2024-01-01,theft-from-the-person,Waterloo (london) (station),51.503058,-0.113754,False,Central London
126017666,2024-01-01,theft-from-the-person,Waterloo (east) (station),51.504028,-0.109390,False,Central London
126017777,2024-01-01,theft-from-the-person,Westminster (lu Station),51.501359,-0.124657,False,Central London
126015148,2024-01-01,theft-from-the-person,Charing Cross (lu Station),51.508360,-0.124803,False,Central London
126015275,2024-01-01,theft-from-the-person,Covent Garden (lu Station),51.512981,-0.124166,False,Central London
126015276,2024-01-01,theft-from-the-person,Covent Garden (lu Station),51.512981,-0.124166,False,Central London
115991662,2024-01-01,theft-from-the-person,On or near Old Mitre Court,51.513839,-0.109387,False,Central London
116132182,2024-01-01,theft-from-the-person,On or near Little Russell Street,51.517742,-0.125614,False,Central London
116115414,2024-01-01,theft-from-the-person,On or near Howick Place,51.496711,-0.137095,False,Central London
116157911,2024-01-01,theft-from-the-person,On or near Further/higher Educational Building,51.516178,-0.131904,False,Central London
116162343,2024-01-01,theft-from-the-person,On or near Dering Street,51.514195,-0.145735,False,Central London
116161526,2024-01-01,theft-from-the-person,On or near A401,51.511790,-0.132459,False,Central London
116105608,2024-01-01,theft-from-the-person,On or near Parking Area,51.517287,-0.130403,False,Central London
116105153,2024-01-01,theft-from-the-person,On or near B402,51.513777,-0.123456,False,Central London
116143291,2024-01-01,theft-from-the-person,On or near Leicester Square,51.510468,-0.130769,False,Central London
116128233,2024-01-01,theft-from-the-person,On or near Glasshouse Street,51.510520,-0.137439,False,Central London
116109264,2024-01-01,theft-from-the-person,On or near Margaret Street,51.516668,-0.141210,False,Central London
116095872,2024-01-01,theft-from-the-person,On or near Nightclub,51.516900,-0.132077,False,Central London
116096423,2024-01-01,theft-from-the-person,On or near Greek Street,51.513804,-0.130733,False,Central London
116157536,2024-01-01,theft-from-the-person,On or near Nightclub,51.514012,-0.131078,False,Central London
116109213,2024-01-01,theft-from-the-person,On or near Glasshouse Street,51.510520,-0.137439,False,Central London
116109556,2024-01-01,theft-from-the-person,On or near Buckingham Mews,51.499549,-0.141416,False,Central London
116109695,2024-01-01,theft-from-the-person,On or near Gresse Street,51.517516,-0.134012,False,Central London
116109610,2024-01-01,theft-from-the-person,On or near Gerrard Place,51.512247,-0.130120,False,Central London
116109699,2024-01-01,theft-from-the-person,On or near South Molton Street,51.513745,-0.148016,False,Central London
116134051,2024-01-01,theft-from-the-person,On or near Soho Street,51.515939,-0.132693,False,Central London
116134056,2024-01-01,theft-from-the-person,On or near Park/open Space,51.502810,-0.132696,False,Central London
116109704,2024-01-01,theft-from-the-person,On or near Glasshouse Street,51.510520,-0.137439,False,Central London
116109722,2024-01-01,theft-from-the-person,On or near Theatre/concert Hall,51.512300,-0.128388,False,Central London
116133761,2024-01-01,theft-from-the-person,On or near Nightclub,51.514012,-0.131078,False,Central London
116134075,2024-01-01,theft-from-the-person,On or near Gresse Street,51.517516,-0.134012,False,Central London
116134082,2024-01-01,theft-from-the-person,On or near Shopping Area,51.512114,-0.134189,False,Central London
116151754,2024-01-01,theft-from-the-person,On or near B402,51.513777,-0.123456,False,Central London
116091020,2024-01-01,theft-from-the-person,On or near Nightclub,51.510953,-0.133012,False,Central London
116118295,2024-01-01,theft-from-the-person,On or near Denmark Street,51.515189,-0.129653,False,Central London
116104073,2024-01-01,theft-from-the-person,On or near Howick Place,51.496711,-0.137095,False,Central London
116103418,2024-01-01,theft-from-the-person,On or near Park/open Space,51.502810,-0.132696,False,Central London
116134085,2024-01-01,theft-from-the-person,On or near Blenheim Street,51.513918,-0.146986,False,Central London
116103922,2024-01-01,theft-from-the-person,On or near Leicester Square,51.510468,-0.130769,False,Central London
116103927,2024-01-01,theft-from-the-person,On or near Palace Place,51.499046,-0.142561,False,Central London
116104544,2024-01-01,theft-from-the-person,On or near Frith Street,51.513601,-0.131534,False,Central London
116103439,2024-01-01,theft-from-the-person,On or near Nightclub,51.508087,-0.124122,False,Central London
116103446,2024-01-01,theft-from-the-person,On or near Shopping Area,51.496466,-0.141499,False,Central London
116103447,2024-01-01,theft-from-the-person,On or near John Prince's Street,51.515753,-0.143092,False,Central London
116133053,2024-01-01,theft-from-the-person,On or near Cranbourn Street,51.511339,-0.128427,False,Central London
116096501,2024-01-01,theft-from-the-person,On or near Gerrard Place,51.512247,-0.130120,False,Central London
116133088,2024-01-01,theft-from-the-person,On or near Gerrard Street,51.511760,-0.131163,False,Central London
116133108,2024-01-01,theft-from-the-person,On or near Glasshouse Street,51.510520,-0.137439,False,Central London
116133099,2024-01-01,theft-from-the-person,On or near Charing Cross Road,51.512994,-0.129023,False,Central London
116103389,2024-01-01,theft-from-the-person,On or near Irving Street,51.509886,-0.128646,False,Central London
116091521,2024-01-01,theft-from-the-person,On or near Parking Area,51.507286,-0.128903,False,Central London
116096247,2024-01-01,theft-from-the-person,On or near Nightclub,51.507576,-0.141776,False,Central London
116098107,2024-01-01,theft-from-the-person,On or near Dering Street,51.514195,-0.145735,False,Central London
116146249,2024-01-01,theft-from-the-person,On or near Greek Street,51.513804,-0.130733,False,Central London
116121202,2024-01-01,theft-from-the-person,On or near B402,51.512855,-0.124820,False,Central London
116154473,2024-01-01,theft-from-the-person,On or near Nightclub,51.515684,-0.135874,False,Central London
116119840,2024-01-01,theft-from-the-person,On or near Gresse Street,51.517516,-0.134012,False,Central London
116161512,2024-01-01,theft-from-the-person,On or near Further/higher Educational Building,51.516178,-0.131904,False,Central London
116161514,2024-01-01,theft-from-the-person,On or near Nightclub,51.516623,-0.132976,False,Central London
116137186,2024-01-01,theft-from-the-person,On or near Theatre/concert Hall,51.510152,-0.132382,False,Central London
116137325,2024-01-01,theft-from-the-person,On or near Beak Street,51.512254,-0.137902,False,Central London
116089998,2024-01-01,theft-from-the-person,On or near Greek Street,51.513804,-0.130733,False,Central London
116106889,2024-01-01,theft-from-the-person,On or near Further/higher Educational Building,51.515727,-0.136304,False,Central London
116112877,2024-01-01,theft-from-the-person,On or near Yarmouth Place,51.505459,-0.146623,False,Central London
116134652,2024-01-01,theft-from-the-person,On or near St James's Market,51.509251,-0.133398,False,Central London
116134659,2024-01-01,theft-from-the-person,On or near Leicester Square,51.510468,-0.130769,False,Central London
116126240,2024-01-01,theft-from-the-person,On or near Nightclub,51.510953,-0.133012,False,Central London
116089992,2024-01-01,theft-from-the-person,On or near Shopping Area,51.496466,-0.141499,False,Central London
116154567,2024-01-01,theft-from-the-person,On or near Further/higher Educational Building,51.516178,-0.131904,False,Central London
116098336,2024-01-01,theft-from-the-person,On or near John Prince's Street,51.515753,-0.143092,False,Central London
116112475,2024-01-01,theft-from-the-person,On or near John Prince's Street,51.515753,-0.143092,False,Central London
116089601,2024-01-01,theft-from-the-person,On or near Temple,51.511103,-0.113723,False,Central London
116112328,2024-01-01,theft-from-the-person,On or near Belvedere Road,51.503590,-0.117333,False,Central London
116110295,2024-01-01,theft-from-the-person,On or near Soho Street,51.515939,-0.132693,False,Central London
116090103,2024-01-01,theft-from-the-person,On or near Conference/exhibition Centre,51.516295,-0.129487,False,Central London
116134445,2024-01-01,theft-from-the-person,On or near Buckingham Street,51.508409,-0.123461,False,Central London
116125940,2024-01-01,theft-from-the-person,On or near Thorney Street,51.493974,-0.126157,False,Central London
116137231,2024-01-01,theft-from-the-person,On or near Theatre/concert Hall,51.512811,-0.133325,False,Central London
116127676,2024-01-01,theft-from-the-person,On or near Glasshouse Street,51.510520,-0.137439,False,Central London
116138385,2024-01-01,theft-from-the-person,On or near Shopping Area,51.512166,-0.123818,False,Central London
116162291,2024-01-01,theft-from-the-person,On or near Soho Street,51.515939,-0.132693,False,Central London
116153982,2024-01-01,theft-from-the-person,On or near Cork St Mews,51.509986,-0.141741,False,Central London
116111960,2024-01-01,theft-from-the-person,On or near Vigo Street,51.510266,-0.139006,False,Central London
116103505,2024-01-01,theft-from-the-person,On or near Park/open Space,51.502810,-0.132696,False,Central London
116156280,2024-01-01,theft-from-the-person,On or near Further/higher Educational Building,51.516178,-0.131904,False,Central London
116098117,2024-01-01,theft-from-the-person,On or near Strand,51.511022,-0.119880,False,Central London
116137182,2024-01-01,theft-from-the-person,On or near Further/higher Educational Building,51.516178,-0.131904,False,Central London
116137208,2024-01-01,theft-from-the-person,On or near Carnaby Street,51.513150,-0.138845,False,Central London
116137209,2024-01-01,theft-from-the-person,On or near Garrick Street,51.511574,-0.126271,False,Central London
116137268,2024-01-01,theft-from-the-person,On or near Sports/recreation Area,51.509947,-0.131367,False,Central London
116137269,2024-01-01,theft-from-the-person,On or near Embankment Place,51.507096,-0.122909,False,Central London
116137314,2024-01-01,theft-from-the-person,On or near Nightclub,51.510272,-0.129192,False,Central London
116137469,2024-01-01,theft-from-the-person,On or near Glasshouse Street,51.510520,-0.137439,False,Central London
116109237,2024-01-01,theft-from-the-person,On or near Nightclub,51.515684,-0.135874,False,Central London
116137569,2024-01-01,theft-from-the-person,On or near Shelton Street,51.513753,-0.125331,False,Central London
116153256,2024-01-01,theft-from-the-person,On or near Nightclub,51.514012,-0.131078,False,Central London
116154501,2024-01-01,theft-from-the-person,On or near Dering Street,51.514195,-0.145735,False,Central London
116138298,2024-01-01,theft-from-the-person,On or near Rose Street,51.511623,-0.125951,False,Central London
116109603,2024-01-01,theft-from-the-person,On or near Shopping Area,51.496466,-0.141499,False,Central London
116138306,2024-01-01,theft-from-the-person,On or near Glasshouse Street,51.510520,-0.137439,False,Central London
116138320,2024-01-01,theft-from-the-person,On or near Glasshouse Street,51.510520,-0.137439,False,Central London
116138331,2024-01-01,theft-from-the-person,On or near Charles Ii Street,51.507970,-0.133162,False,Central London
116138355,2024-01-01,theft-from-the-person,On or near Buckingham Mews,51.499549,-0.141416,False,Central London
116098094,2024-01-01,theft-from-the-person,On or near Albemarle Street,51.508990,-0.141882,False,Central London
116138363,2024-01-01,theft-from-the-person,On or near Shopping Area,51.512117,-0.123121,False,Central London
116138374,2024-01-01,theft-from-the-person,On or near Glasshouse Street,51.510520,-0.137439,False,Central London
116138391,2024-01-01,theft-from-the-person,On or near Theatre/concert Hall,51.496848,-0.142518,False,Central London
116138392,2024-01-01,theft-from-the-person,On or near Coventry Street,51.510295,-0.132318,False,Central London
116153267,2024-01-01,theft-from-the-person,On or near Frith Street,51.513601,-0.131534,False,Central London
116090598,2024-01-01,theft-from-the-person,On or near Leicester Square,51.510468,-0.130769,False,Central London
116138525,2024-01-01,theft-from-the-person,On or near Willoughby Street,51.517701,-0.127014,False,Central London
116093797,2024-01-01,theft-from-the-person,On or near Livonia Street,51.514030,-0.135941,False,Central London
116109513,2024-01-01,theft-from-the-person,On or near Carnaby Street,51.513150,-0.138845,False,Central London
116139474,2024-01-01,theft-from-the-person,On or near Further/higher Educational Building,51.505035,-0.112677,False,Central London
116098091,2024-01-01,theft-from-the-person,On or near Further/higher Educational Building,51.516178,-0.131904,False,Central London
116139552,2024-01-01,theft-from-the-person,On or near Theatre/concert Hall,51.502339,-0.108884,False,Central London
116153310,2024-01-01,theft-from-the-person,On or near Princes Street,51.514365,-0.143408,False,Central London
116117099,2024-01-01,theft-from-the-person,On or near Theatre/concert Hall,51.510152,-0.132382,False,Central London
116139951,2024-01-01,theft-from-the-person,On or near Little Newport Street,51.511703,-0.128701,False,Central London
116140344,2024-01-01,theft-from-the-person,On or near Duck Lane,51.513986,-0.134833,False,Central London
116110616,2024-01-01,theft-from-the-person,On or near Nightclub,51.512339,-0.133618,False,Central London
116127681,2024-01-01,theft-from-the-person,On or near Dering Street,51.514195,-0.145735,False,Central London
116142913,2024-01-01,theft-from-the-person,On or near Bolton Street,51.507115,-0.144408,False,Central London
116142920,2024-01-01,theft-from-the-person,On or near Nightclub,51.510953,-0.133012,False,Central London
116100394,2024-01-01,theft-from-the-person,On or near Nightclub,51.512250,-0.126906,False,Central London
116090591,2024-01-01,theft-from-the-person,On or near Nightclub,51.511783,-0.129778,False,Central London
116143285,2024-01-01,theft-from-the-person,On or near Frith Street,51.513601,-0.131534,False,Central London
116143293,2024-01-01,theft-from-the-person,On or near Nightclub,51.512513,-0.133841,False,Central London
116092330,2024-01-01,theft-from-the-person,On or near John Prince's Street,51.515753,-0.143092,False,Central London
116143485,2024-01-01,theft-from-the-person,On or near Gerrard Place,51.512247,-0.130120,False,Central London
116143523,2024-01-01,theft-from-the-person,On or near Nightclub,51.516900,-0.132077,False,Central London
116143900,2024-01-01,theft-from-the-person,On or near B402,51.513777,-0.123456,False,Central London
116144013,2024-01-01,theft-from-the-person,On or near Further/higher Educational Building,51.516178,-0.131904,False,Central London
116144059,2024-01-01,theft-from-the-person,On or near Nightclub,51.513406,-0.131715,False,Central London
116144060,2024-01-01,theft-from-the-person,On or near Buckingham Mews,51.499549,-0.141416,False,Central London
116144064,2024-01-01,theft-from-the-person,On or near Blenheim Street,51.513918,-0.146986,False,Central London
116144070,2024-01-01,theft-from-the-person,On or near Further/higher Educational Building,51.516178,-0.131904,False,Central London
116109525,2024-01-01,theft-from-the-person,On or near Glasshouse Street,51.510520,-0.137439,False,Central London
116144075,2024-01-01,theft-from-the-person,On or near Dering Street,51.514195,-0.145735,False,Central London
116144078,2024-01-01,theft-from-the-person,On or near Glasshouse Street,51.510520,-0.137439,False,Central London
116103530,2024-01-01,theft-from-the-person,On or near Further/higher Educational Building,51.516178,-0.131904,False,Central London
116096547,2024-01-01,theft-from-the-person,On or near Romilly Street,51.513019,-0.130592,False,Central London
116096320,2024-01-01,theft-from-the-person,On or near B506,51.518567,-0.132282,False,Central London
116144512,2024-01-01,theft-from-the-person,On or near Argyll Street,51.514684,-0.140844,False,Central London
116144525,2024-01-01,theft-from-the-person,On or near St Margaret Street,51.500253,-0.126317,False,Central London
116144561,2024-01-01,theft-from-the-person,On or near Phoenix Street,51.514209,-0.129665,False,Central London
116144794,2024-01-01,theft-from-the-person,On or near Dansey Place,51.511790,-0.131925,False,Central London
116145043,2024-01-01,theft-from-the-person,On or near Glasshouse Street,51.510520,-0.137439,False,Central London
116090212,2024-01-01,theft-from-the-person,On or near Stedham Place,51.517188,-0.126429,False,Central London
116145207,2024-01-01,theft-from-the-person,On or near Parking Area,51.517287,-0.130403,False,Central London
116110334,2024-01-01,theft-from-the-person,On or near Nightclub,51.509962,-0.137952,False,Central London
116145620,2024-01-01,theft-from-the-person,On or near Argyll Street,51.514684,-0.140844,False,Central London
116145696,2024-01-01,theft-from-the-person,On or near Shopping Area,51.496466,-0.141499,False,Central London
116092167,2024-01-01,theft-from-the-person,On or near Bloomsbury Square,51.519092,-0.122330,False,Central London
116146215,2024-01-01,theft-from-the-person,On or near Parking Area,51.517287,-0.130403,False,Central London
116098119,2024-01-01,theft-from-the-person,On or near B402,51.513777,-0.123456,False,Central London
116149840,2024-01-01,theft-from-the-person,On or near Nightclub,51.511783,-0.129778,False,Central London
116096303,2024-01-01,theft-from-the-person,On or near Soho Street,51.515939,-0.132693,False,Central London
116146705,2024-01-01,theft-from-the-person,On or near Dering Street,51.514195,-0.145735,False,Central London
116146712,2024-01-01,theft-from-the-person,On or near Wardour Mews,51.514341,-0.135136,False,Central London
116099852,2024-01-01,theft-from-the-person,On or near Supermarket,51.514044,-0.117666,False,Central London
116146859,2024-01-01,theft-from-the-person,On or near Nightclub,51.516166,-0.137324,False,Central London
116146878,2024-01-01,theft-from-the-person,On or near Great Windmill Street,51.510952,-0.134064,False,Central London
116127368,2024-01-01,theft-from-the-person,On or near Theatre/concert Hall,51.512106,-0.133100,False,Central London
116147513,2024-01-01,theft-from-the-person,On or near Howick Place,51.496711,-0.137095,False,Central London
116148152,2024-01-01,theft-from-the-person,On or near Charing Cross Road,51.512994,-0.129023,False,Central London
116148208,2024-01-01,theft-from-the-person,On or near Wardour Street,51.513970,-0.134387,False,Central London
116109440,2024-01-01,theft-from-the-person,On or near Race Track,51.518106,-0.116951,False,Central London
116148213,2024-01-01,theft-from-the-person,On or near Shopping Area,51.516618,-0.139226,False,Central London
116148614,2024-01-01,theft-from-the-person,On or near Denmark Street,51.515189,-0.129653,False,Central London
116148624,2024-01-01,theft-from-the-person,On or near Blenheim Street,51.513918,-0.146986,False,Central London
116154777,2024-01-01,theft-from-the-person,On or near Argyll Street,51.514684,-0.140844,False,Central London
116148641,2024-01-01,theft-from-the-person,On or near Soho Street,51.515939,-0.132693,False,Central London
116148664,2024-01-01,theft-from-the-person,On or near Nightclub,51.510953,-0.133012,False,Central London
116133048,2024-01-01,theft-from-the-person,On or near Shopping Area,51.515070,-0.138003,False,Central London
116149466,2024-01-01,theft-from-the-person,On or near Nightclub,51.510272,-0.129192,False,Central London
116162365,2024-01-01,theft-from-the-person,On or near Glasshouse Street,51.510520,-0.137439,False,Central London
116149844,2024-01-01,theft-from-the-person,On or near Shopping Area,51.513575,-0.140687,False,Central London
116096265,2024-01-01,theft-from-the-person,On or near Nightclub,51.510953,-0.133012,False,Central London
116096009,2024-01-01,theft-from-the-person,On or near Chapone Place,51.514286,-0.132818,False,Central London
116095917,2024-01-01,theft-from-the-person,On or near Nightclub,51.516166,-0.137324,False,Central London
116117165,2024-01-01,theft-from-the-person,On or near Hollen Street,51.515470,-0.134874,False,Central London
116150876,2024-01-01,theft-from-the-person,On or near Denman Street,51.510729,-0.135283,False,Central London
116150880,2024-01-01,theft-from-the-person,On or near Gresse Street,51.517516,-0.134012,False,Central London
116151033,2024-01-01,theft-from-the-person,On or near Romilly Street,51.513019,-0.130592,False,Central London
116151693,2024-01-01,theft-from-the-person,On or near Theatre/concert Hall,51.514523,-0.129580,False,Central London
116155350,2024-01-01,theft-from-the-person,On or near Glasshouse Street,51.510520,-0.137439,False,Central London
116155374,2024-01-01,theft-from-the-person,On or near St James's Market,51.509251,-0.133398,False,Central London
116152595,2024-01-01,theft-from-the-person,On or near A401,51.511790,-0.132459,False,Central London
116152783,2024-01-01,theft-from-the-person,On or near Old Compton Street,51.513848,-0.129593,False,Central London
116122486,2024-01-01,theft-from-the-person,On or near Theatre/concert Hall,51.512300,-0.128388,False,Central London
116099427,2024-01-01,theft-from-the-person,On or near Denmark Street,51.515189,-0.129653,False,Central London
116101706,2024-01-01,theft-from-the-person,On or near Morwell Street,51.518072,-0.131077,False,Central London
116094110,2024-01-01,theft-from-the-person,On or near Nightclub,51.512416,-0.133384,False,Central London
116131745,2024-01-01,theft-from-the-person,On or near Hills Place,51.515088,-0.140222,False,Central London
116094118,2024-01-01,theft-from-the-person,On or near Further/higher Educational Building,51.516178,-0.131904,False,Central London
116092427,2024-01-01,theft-from-the-person,On or near Theatre/concert Hall,51.512811,-0.133325,False,Central London
116149460,2024-01-01,theft-from-the-person,On or near Greek Street,51.513804,-0.130733,False,Central London
116094213,2024-01-01,theft-from-the-person,On or near Parking Area,51.517287,-0.130403,False,Central London
116149879,2024-01-01,theft-from-the-person,On or near Nightclub,51.508087,-0.124122,False,Central London
116094477,2024-01-01,theft-from-the-person,On or near Sports/recreation Area,51.509947,-0.131367,False,Central London
116094702,2024-01-01,theft-from-the-person,On or near Newnham Terrace,51.498595,-0.113202,False,Central London
116092258,2024-01-01,theft-from-the-person,On or near Further/higher Educational Building,51.508286,-0.130426,False,Central London
116150503,2024-01-01,theft-from-the-person,On or near Great Windmill Street,51.510952,-0.134064,False,Central London
116095883,2024-01-01,theft-from-the-person,On or near Nightclub,51.516166,-0.137324,False,Central London
116095908,2024-01-01,theft-from-the-person,On or near Theatre/concert Hall,51.509158,-0.134930,False,Central London
116109255,2024-01-01,theft-from-the-person,On or near Theatre/concert Hall,51.513046,-0.122679,False,Central London
116095920,2024-01-01,theft-from-the-person,On or near Nightclub,51.515684,-0.135874,False,Central London
116107860,2024-01-01,theft-from-the-person,On or near Nightclub,51.510272,-0.129192,False,Central London
116095974,2024-01-01,theft-from-the-person,On or near Hollen Street,51.515470,-0.134874,False,Central London
116095980,2024-01-01,theft-from-the-person,On or near Parking Area,51.514010,-0.124528,False,Central London
116095997,2024-01-01,theft-from-the-person,On or near London Charing Cross,51.507405,-0.123675,False,Central London
116096263,2024-01-01,theft-from-the-person,On or near Theatre/concert Hall,51.509158,-0.134930,False,Central London
116096325,2024-01-01,theft-from-the-person,On or near Shelton Street,51.513753,-0.125331,False,Central London
116096424,2024-01-01,theft-from-the-person,On or near Great Windmill Street,51.510952,-0.134064,False,Central London
116096507,2024-01-01,theft-from-the-person,On or near Nightclub,51.512495,-0.138915,False,Central London
116096756,2024-01-01,theft-from-the-person,On or near Little Russell Street,51.517742,-0.125614,False,Central London
116097632,2024-01-01,theft-from-the-person,On or near B402,51.513777,-0.123456,False,Central London
116118022,2024-01-01,theft-from-the-person,On or near B402,51.513777,-0.123456,False,Central London
116097799,2024-01-01,theft-from-the-person,On or near B402,51.513777,-0.123456,False,Central London
116142925,2024-01-01,theft-from-the-person,On or near John Prince's Street,51.515753,-0.143092,False,Central London
116131604,2024-01-01,theft-from-the-person,On or near The Cut,51.503587,-0.105417,False,Central London
116097802,2024-01-01,theft-from-the-person,On or near Rose Street,51.511623,-0.125951,False,Central London
116097823,2024-01-01,theft-from-the-person,On or near Archer Street,51.511502,-0.134157,False,Central London
116099842,2024-01-01,theft-from-the-person,On or near Manette Street,51.514704,-0.130826,False,Central London
116108800,2024-01-01,theft-from-the-person,On or near Further/higher Educational Building,51.516178,-0.131904,False,Central London
116098104,2024-01-01,theft-from-the-person,On or near Conference/exhibition Centre,51.507911,-0.139635,False,Central London
116098121,2024-01-01,theft-from-the-person,On or near Glasshouse Street,51.510520,-0.137439,False,Central London
116092430,2024-01-01,theft-from-the-person,On or near Nightclub,51.514012,-0.131078,False,Central London
116134048,2024-01-01,theft-from-the-person,On or near D'arblay Street,51.514677,-0.135857,False,Central London
116134050,2024-01-01,theft-from-the-person,On or near Further/higher Educational Building,51.516178,-0.131904,False,Central London
116098127,2024-01-01,theft-from-the-person,On or near Marylebone Passage,51.516927,-0.137711,False,Central London
116098254,2024-01-01,theft-from-the-person,On or near Leicester Square,51.510468,-0.130769,False,Central London
116098257,2024-01-01,theft-from-the-person,On or near Soho Street,51.515939,-0.132693,False,Central London
116098259,2024-01-01,theft-from-the-person,On or near Soho Street,51.515939,-0.132693,False,Central London
116098260,2024-01-01,theft-from-the-person,On or near Nightclub,51.516623,-0.132976,False,Central London
116134095,2024-01-01,theft-from-the-person,On or near Moor Street,51.513498,-0.130169,False,Central London
116098341,2024-01-01,theft-from-the-person,On or near Chapone Place,51.514286,-0.132818,False,Central London
116118724,2024-01-01,theft-from-the-person,On or near St Anselm's Place,51.513310,-0.148913,False,Central London
116098399,2024-01-01,theft-from-the-person,On or near Lisle Street,51.511534,-0.130495,False,Central London
116103929,2024-01-01,theft-from-the-person,On or near Nightclub,51.514246,-0.131436,False,Central London
116098501,2024-01-01,theft-from-the-person,On or near Nightclub,51.514246,-0.131436,False,Central London
116098510,2024-01-01,theft-from-the-person,On or near Shopping Area,51.496466,-0.141499,False,Central London
116108993,2024-01-01,theft-from-the-person,On or near Broadwick Street,51.513470,-0.136339,False,Central London
116134049,2024-01-01,theft-from-the-person,On or near Neal Street,51.513386,-0.124308,False,Central London
116134105,2024-01-01,theft-from-the-person,On or near Frith Street,51.513601,-0.131534,False,Central London
116134406,2024-01-01,theft-from-the-person,On or near Apple Tree Yard,51.508313,-0.136074,False,Central London
116134404,2024-01-01,theft-from-the-person,On or near Upper John Street,51.511860,-0.137975,False,Central London
116148128,2024-01-01,theft-from-the-person,On or near Gerrard Place,51.512247,-0.130120,False,Central London
116134503,2024-01-01,theft-from-the-person,On or near Old Compton Street,51.513200,-0.131248,False,Central London
116134691,2024-01-01,theft-from-the-person,On or near Peter Street,51.512780,-0.134234,False,Central London
116134715,2024-01-01,theft-from-the-person,On or near Strand,51.511022,-0.119880,False,Central London
116134733,2024-01-01,theft-from-the-person,On or near Savoy Way,51.510042,-0.120439,False,Central London
116137088,2024-01-01,theft-from-the-person,On or near Nightclub,51.516671,-0.120512,False,Central London
116133097,2024-01-01,theft-from-the-person,On or near Theatre/concert Hall,51.511583,-0.133287,False,Central London
116161269,2024-01-01,theft-from-the-person,On or near Frith Street,51.513601,-0.131534,False,Central London
116137284,2024-01-01,theft-from-the-person,On or near Greek Street,51.513804,-0.130733,False,Central London
116161371,2024-01-01,theft-from-the-person,On or near Shopping Area,51.496466,-0.141499,False,Central London
116137295,2024-01-01,theft-from-the-person,On or near Denmark Street,51.515189,-0.129653,False,Central London
116137296,2024-01-01,theft-from-the-person,On or near New Row,51.511137,-0.125914,False,Central London
116137306,2024-01-01,theft-from-the-person,On or near Leicester Street,51.510942,-0.131196,False,Central London
116137313,2024-01-01,theft-from-the-person,On or near Leicester Street,51.510942,-0.131196,False,Central London
116137327,2024-01-01,theft-from-the-person,On or near Barlow Place,51.510473,-0.143551,False,Central London
116162318,2024-01-01,theft-from-the-person,On or near B402,51.512855,-0.124820,False,Central London
116099794,2024-01-01,theft-from-the-person,On or near New Bond Street,51.511893,-0.144070,False,Central London
116138313,2024-01-01,theft-from-the-person,On or near Cranbourn Street,51.511339,-0.128427,False,Central London
116162863,2024-01-01,theft-from-the-person,On or near Tottenham Court Road,51.520697,-0.134429,False,Central London
116138387,2024-01-01,theft-from-the-person,On or near Glasshouse Street,51.510520,-0.137439,False,Central London
116107632,2024-01-01,theft-from-the-person,On or near Cranbourn Street,51.511339,-0.128427,False,Central London
116140626,2024-01-01,theft-from-the-person,On or near Dering Street,51.514195,-0.145735,False,Central London
116141314,2024-01-01,theft-from-the-person,On or near Shopping Area,51.496466,-0.141499,False,Central London
116141705,2024-01-01,theft-from-the-person,On or near Waterloo Road,51.502404,-0.110134,False,Central London
116154485,2024-01-01,theft-from-the-person,On or near Dering Street,51.514195,-0.145735,False,Central London
116159331,2024-01-01,theft-from-the-person,On or near Tottenham Court Road,51.520697,-0.134429,False,Central London
116156911,2024-01-01,theft-from-the-person,On or near Upper Ground,51.507477,-0.109679,False,Central London
116098387,2024-01-01,theft-from-the-person,On or near Nightclub,51.509962,-0.137952,False,Central London
116144047,2024-01-01,theft-from-the-person,On or near Blenheim Street,51.513918,-0.146986,False,Central London
116101241,2024-01-01,theft-from-the-person,On or near Dyott Street,51.516820,-0.127583,False,Central London
116144039,2024-01-01,theft-from-the-person,On or near Nightclub,51.516900,-0.132077,False,Central London
116144040,2024-01-01,theft-from-the-person,On or near Dering Street,51.514195,-0.145735,False,Central London
116144051,2024-01-01,theft-from-the-person,On or near Hills Place,51.515088,-0.140222,False,Central London
116144077,2024-01-01,theft-from-the-person,On or near Phoenix Street,51.514209,-0.129665,False,Central London
116144526,2024-01-01,theft-from-the-person,On or near A401,51.511790,-0.132459,False,Central London
116144552,2024-01-01,theft-from-the-person,On or near Hills Place,51.515088,-0.140222,False,Central London
116144555,2024-01-01,theft-from-the-person,On or near Shopping Area,51.512114,-0.134189,False,Central London
116144559,2024-01-01,theft-from-the-person,On or near Dering Street,51.514195,-0.145735,False,Central London
116133079,2024-01-01,theft-from-the-person,On or near Market Place,51.516058,-0.140154,False,Central London
116144582,2024-01-01,theft-from-the-person,On or near Parking Area,51.514010,-0.124528,False,Central London
116144573,2024-01-01,theft-from-the-person,On or near Princes Street,51.514365,-0.143408,False,Central London
116144571,2024-01-01,theft-from-the-person,On or near Nightclub,51.515684,-0.135874,False,Central London
116144594,2024-01-01,theft-from-the-person,On or near Nightclub,51.515684,-0.135874,False,Central London
116149938,2024-01-01,theft-from-the-person,On or near Glasshouse Street,51.510520,-0.137439,False,Central London
116093930,2024-01-01,theft-from-the-person,On or near Glasshouse Street,51.510520,-0.137439,False,Central London
116145090,2024-01-01,theft-from-the-person,On or near Glasshouse Street,51.510520,-0.137439,False,Central London
116145115,2024-01-01,theft-from-the-person,On or near Leicester Street,51.510942,-0.131196,False,Central London
116151047,2024-01-01,theft-from-the-person,On or near Broadwick Street,51.513470,-0.136339,False,Central London
116146337,2024-01-01,theft-from-the-person,On or near Further/higher Educational Building,51.519333,-0.128965,False,Central London
116100146,2024-01-01,theft-from-the-person,On or near Nightclub,51.513940,-0.132500,False,Central London
116146632,2024-01-01,theft-from-the-person,On or near Gray Street,51.500608,-0.108091,False,Central London
116152499,2024-01-01,theft-from-the-person,On or near Conference/exhibition Centre,51.507911,-0.139635,False,Central London
116110089,2024-01-01,theft-from-the-person,On or near Tottenham Court Road,51.520697,-0.134429,False,Central London
116152333,2024-01-01,theft-from-the-person,On or near Parking Area,51.506236,-0.141322,False,Central London
116152325,2024-01-01,theft-from-the-person,On or near Gresse Street,51.517516,-0.134012,False,Central London
116152327,2024-01-01,theft-from-the-person,On or near Gresse Street,51.517516,-0.134012,False,Central London
116152339,2024-01-01,theft-from-the-person,On or near Gray Street,51.501269,-0.107228,False,Central London
116152478,2024-01-01,theft-from-the-person,On or near Leicester Square,51.510468,-0.130769,False,Central London
116103438,2024-01-01,theft-from-the-person,On or near Shopping Area,51.516618,-0.139226,False,Central London
116152481,2024-01-01,theft-from-the-person,On or near Broadwick Street,51.513470,-0.136339,False,Central London
116152834,2024-01-01,theft-from-the-person,On or near Parking Area,51.517287,-0.130403,False,Central London
116099575,2024-01-01,theft-from-the-person,On or near Theatre/concert Hall,51.509404,-0.131706,False,Central London
116153251,2024-01-01,theft-from-the-person,On or near Wardour Mews,51.514341,-0.135136,False,Central London
116153280,2024-01-01,theft-from-the-person,On or near Glasshouse Street,51.510520,-0.137439,False,Central London
116153284,2024-01-01,theft-from-the-person,On or near Nightclub,51.510953,-0.133012,False,Central London
116153285,2024-01-01,theft-from-the-person,On or near Theatre/concert Hall,51.510152,-0.132382,False,Central London
116153292,2024-01-01,theft-from-the-person,On or near Nightclub,51.510953,-0.133012,False,Central London
116153300,2024-01-01,theft-from-the-person,On or near Theatre/concert Hall,51.512106,-0.133100,False,Central London
116153303,2024-01-01,theft-from-the-person,On or near New Burlington Place,51.512078,-0.141526,False,Central London
116153293,2024-01-01,theft-from-the-person,On or near Shopping Area,51.513057,-0.144844,False,Central London
116153294,2024-01-01,theft-from-the-person,On or near Shopping Area,51.512166,-0.123818,False,Central London
116153862,2024-01-01,theft-from-the-person,On or near John Prince's Street,51.515753,-0.143092,False,Central London
116153863,2024-01-01,theft-from-the-person,On or near Buckingham Mews,51.499549,-0.141416,False,Central London
116153937,2024-01-01,theft-from-the-person,On or near Further/higher Educational Building,51.516178,-0.131904,False,Central London
116153943,2024-01-01,theft-from-the-person,On or near Market Place,51.516058,-0.140154,False,Central London
116153940,2024-01-01,theft-from-the-person,On or near New Bond Street,51.511893,-0.144070,False,Central London
116153947,2024-01-01,theft-from-the-person,On or near Great Windmill Street,51.510952,-0.134064,False,Central London
116153976,2024-01-01,theft-from-the-person,On or near B402,51.512855,-0.124820,False,Central London
116153981,2024-01-01,theft-from-the-person,On or near Greek Street,51.513804,-0.130733,False,Central London
116153986,2024-01-01,theft-from-the-person,On or near Soho Street,51.515939,-0.132693,False,Central London
116154009,2024-01-01,theft-from-the-person,On or near Soho Street,51.515939,-0.132693,False,Central London
116154011,2024-01-01,theft-from-the-person,On or near Macclesfield Street,51.511997,-0.131355,False,Central London
116155962,2024-01-01,theft-from-the-person,On or near Nightclub,51.510272,-0.129192,False,Central London
116154028,2024-01-01,theft-from-the-person,On or near Hills Place,51.515088,-0.140222,False,Central London
116099271,2024-01-01,theft-from-the-person,On or near Dering Street,51.514195,-0.145735,False,Central London
116154214,2024-01-01,theft-from-the-person,On or near Upper John Street,51.511860,-0.137975,False,Central London
116154209,2024-01-01,theft-from-the-person,On or near Great Windmill Street,51.510952,-0.134064,False,Central London
116154213,2024-01-01,theft-from-the-person,On or near Theatre/concert Hall,51.510152,-0.132382,False,Central London
116154385,2024-01-01,theft-from-the-person,On or near Dering Street,51.514195,-0.145735,False,Central London
116154388,2024-01-01,theft-from-the-person,On or near Further/higher Educational Building,51.516178,-0.131904,False,Central London
116156281,2024-01-01,theft-from-the-person,On or near Greek Street,51.513804,-0.130733,False,Central London
116112498,2024-01-01,theft-from-the-person,On or near New Burlington Place,51.512078,-0.141526,False,Central London
116154458,2024-01-01,theft-from-the-person,On or near Glasshouse Street,51.510520,-0.137439,False,Central London
116154446,2024-01-01,theft-from-the-person,On or near Blenheim Street,51.513918,-0.146986,False,Central London
116154459,2024-01-01,theft-from-the-person,On or near Albany Courtyard,51.508699,-0.138306,False,Central London
116154465,2024-01-01,theft-from-the-person,On or near Hills Place,51.515088,-0.140222,False,Central London
116154482,2024-01-01,theft-from-the-person,On or near Little Newport Street,51.511703,-0.128701,False,Central London
116154506,2024-01-01,theft-from-the-person,On or near Conference/exhibition Centre,51.496941,-0.130617,False,Central London
116154566,2024-01-01,theft-from-the-person,On or near Charles Ii Street,51.507970,-0.133162,False,Central London
116154569,2024-01-01,theft-from-the-person,On or near Great Windmill Street,51.510952,-0.134064,False,Central London
116098960,2024-01-01,theft-from-the-person,On or near Dyott Street,51.516820,-0.127583,False,Central London
116143250,2024-01-01,theft-from-the-person,On or near B404,51.511030,-0.127085,False,Central London
116098941,2024-01-01,theft-from-the-person,On or near Dering Street,51.514195,-0.145735,False,Central London
116130861,2024-01-01,theft-from-the-person,On or near B402,51.513777,-0.123456,False,Central London
116159058,2024-01-01,theft-from-the-person,On or near Glasshouse Street,51.510520,-0.137439,False,Central London
116159078,2024-01-01,theft-from-the-person,On or near New Burlington Place,51.512078,-0.141526,False,Central London
116098937,2024-01-01,theft-from-the-person,On or near Buckingham Mews,51.499549,-0.141416,False,Central London
116094289,2024-01-01,theft-from-the-person,On or near Howick Place,51.496711,-0.137095,False,Central London
116130909,2024-01-01,theft-from-the-person,On or near Nightclub,51.511783,-0.129778,False,Central London
116131311,2024-01-01,theft-from-the-person,On or near Shopping Area,51.496466,-0.141499,False,Central London
116131495,2024-01-01,theft-from-the-person,On or near Shopping Area,51.516618,-0.139226,False,Central London
116131497,2024-01-01,theft-from-the-person,On or near Dering Street,51.514195,-0.145735,False,Central London
116131643,2024-01-01,theft-from-the-person,On or near Parking Area,51.514010,-0.124528,False,Central London
116092045,2024-01-01,theft-from-the-person,On or near Glasshouse Street,51.510520,-0.137439,False,Central London
116131669,2024-01-01,theft-from-the-person,On or near Frith Street,51.513601,-0.131534,False,Central London
116131718,2024-01-01,theft-from-the-person,On or near Hills Place,51.515088,-0.140222,False,Central London
116131701,2024-01-01,theft-from-the-person,On or near Hills Place,51.515088,-0.140222,False,Central London
116131778,2024-01-01,theft-from-the-person,On or near A401,51.511790,-0.132459,False,Central London
116131774,2024-01-01,theft-from-the-person,On or near Theatre/concert Hall,51.496848,-0.142518,False,Central London
116131779,2024-01-01,theft-from-the-person,On or near Old Compton Street,51.513848,-0.129593,False,Central London
116131775,2024-01-01,theft-from-the-person,On or near Further/higher Educational Building,51.516178,-0.131904,False,Central London
116116551,2024-01-01,theft-from-the-person,On or near Macclesfield Street,51.511997,-0.131355,False,Central London
116132144,2024-01-01,theft-from-the-person,On or near Parking Area,51.517440,-0.130397,False,Central London
116091693,2024-01-01,theft-from-the-person,On or near Whitehall Court,51.505942,-0.124412,False,Central London
116099859,2024-01-01,theft-from-the-person,On or near Argyll Street,51.514684,-0.140844,False,Central London
116133059,2024-01-01,theft-from-the-person,On or near Soho Street,51.515939,-0.132693,False,Central London
116133065,2024-01-01,theft-from-the-person,On or near Theatre/concert Hall,51.509158,-0.134930,False,Central London
116133072,2024-01-01,theft-from-the-person,On or near B402,51.513777,-0.123456,False,Central London
116109546,2024-01-01,theft-from-the-person,On or near Glasshouse Street,51.510520,-0.137439,False,Central London
116133083,2024-01-01,theft-from-the-person,On or near Drury Lane,51.513715,-0.120101,False,Central London
116133140,2024-01-01,theft-from-the-person,On or near Waterloo,51.504010,-0.115515,False,Central London
116133459,2024-01-01,theft-from-the-person,On or near Princes Street,51.514365,-0.143408,False,Central London
116133585,2024-01-01,theft-from-the-person,On or near Romilly Street,51.513019,-0.130592,False,Central London
116133589,2024-01-01,theft-from-the-person,On or near Little Newport Street,51.511703,-0.128701,False,Central London
116133590,2024-01-01,theft-from-the-person,On or near Nightclub,51.512495,-0.138915,False,Central London
116125941,2024-01-01,theft-from-the-person,On or near Shopping Area,51.515070,-0.138003,False,Central London
116126122,2024-01-01,theft-from-the-person,On or near Whitcomb Street,51.509807,-0.131055,False,Central London
116126123,2024-01-01,theft-from-the-person,On or near Great Windmill Street,51.510952,-0.134064,False,Central London
116126134,2024-01-01,theft-from-the-person,On or near Nightclub,51.508087,-0.124122,False,Central London
116126172,2024-01-01,theft-from-the-person,On or near Nightclub,51.512416,-0.133384,False,Central London
116126185,2024-01-01,theft-from-the-person,On or near Carnaby Street,51.513150,-0.138845,False,Central London
116126187,2024-01-01,theft-from-the-person,On or near Theatre/concert Hall,51.509999,-0.131797,False,Central London
116126376,2024-01-01,theft-from-the-person,On or near Nightclub,51.514246,-0.131436,False,Central London
116128621,2024-01-01,theft-from-the-person,On or near Barlow Place,51.510473,-0.143551,False,Central London
116126438,2024-01-01,theft-from-the-person,On or near Scotland Place,51.506087,-0.125617,False,Central London
116126453,2024-01-01,theft-from-the-person,On or near A302,51.500211,-0.126492,False,Central London
116123063,2024-01-01,theft-from-the-person,On or near Shopping Area,51.506553,-0.104775,False,Central London
116143637,2024-01-01,theft-from-the-person,On or near Nightclub,51.516900,-0.132077,False,Central London
116099276,2024-01-01,theft-from-the-person,On or near Shopping Area,51.513575,-0.140687,False,Central London
116126563,2024-01-01,theft-from-the-person,On or near Shelton Street,51.513753,-0.125331,False,Central London
116126588,2024-01-01,theft-from-the-person,On or near Old Compton Street,51.513848,-0.129593,False,Central London
116126657,2024-01-01,theft-from-the-person,On or near Keppel Street,51.520371,-0.130363,False,Central London
116122475,2024-01-01,theft-from-the-person,On or near Nightclub,51.516900,-0.132077,False,Central London
116127044,2024-01-01,theft-from-the-person,On or near Cranbourn Street,51.511339,-0.128427,False,Central London
116091568,2024-01-01,theft-from-the-person,On or near Dansey Place,51.511790,-0.131925,False,Central London
116099846,2024-01-01,theft-from-the-person,On or near Blenheim Street,51.513918,-0.146986,False,Central London
116127076,2024-01-01,theft-from-the-person,On or near West Central Street,51.516697,-0.125527,False,Central London
116103621,2024-01-01,theft-from-the-person,On or near Nightclub,51.511783,-0.129778,False,Central London
116091488,2024-01-01,theft-from-the-person,On or near Nightclub,51.514492,-0.131037,False,Central London
116117852,2024-01-01,theft-from-the-person,On or near Long Acre,51.513205,-0.124229,False,Central London
116153289,2024-01-01,theft-from-the-person,On or near Moor Street,51.513498,-0.130169,False,Central London
116101413,2024-01-01,theft-from-the-person,On or near Gerrard Street,51.511760,-0.131163,False,Central London
116148874,2024-01-01,theft-from-the-person,On or near Shopping Area,51.506553,-0.104775,False,Central London
116102606,2024-01-01,theft-from-the-person,On or near Dansey Place,51.511790,-0.131925,False,Central London
116142213,2024-01-01,theft-from-the-person,On or near Theatre/concert Hall,51.504066,-0.110037,False,Central London
116109691,2024-01-01,theft-from-the-person,On or near Further/higher Educational Building,51.516178,-0.131904,False,Central London
116153249,2024-01-01,theft-from-the-person,On or near Nightclub,51.514492,-0.131037,False,Central London
116153237,2024-01-01,theft-from-the-person,On or near Parking Area,51.513233,-0.141234,False,Central London
116091333,2024-01-01,theft-from-the-person,On or near Soho Street,51.515939,-0.132693,False,Central London
116102583,2024-01-01,theft-from-the-person,On or near Nightclub,51.514246,-0.131436,False,Central London
116159071,2024-01-01,theft-from-the-person,On or near Gerrard Street,51.511760,-0.131163,False,Central London
116146918,2024-01-01,theft-from-the-person,On or near B402,51.513777,-0.123456,False,Central London
116090897,2024-01-01,theft-from-the-person,On or near Hills Place,51.515088,-0.140222,False,Central London
116091150,2024-01-01,theft-from-the-person,On or near Dering Street,51.514195,-0.145735,False,Central London
116137185,2024-01-01,theft-from-the-person,On or near Nightclub,51.511783,-0.129778,False,Central London
116126149,2024-01-01,theft-from-the-person,On or near Leicester Square,51.511584,-0.128000,False,Central London
116112466,2024-01-01,theft-from-the-person,On or near Hills Place,51.515088,-0.140222,False,Central London
116113352,2024-01-01,theft-from-the-person,On or near Dering Street,51.514195,-0.145735,False,Central London
116116719,2024-01-01,theft-from-the-person,On or near Market Place,51.516058,-0.140154,False,Central London
116128735,2024-01-01,theft-from-the-person,On or near Parking Area,51.514010,-0.124528,False,Central London
116091510,2024-01-01,theft-from-the-person,On or near Blenheim Street,51.513918,-0.146986,False,Central London
116129185,2024-01-01,theft-from-the-person,On or near Glasshouse Street,51.510520,-0.137439,False,Central London
116113122,2024-01-01,theft-from-the-person,On or near A401,51.511790,-0.132459,False,Central London
116133089,2024-01-01,theft-from-the-person,On or near Further/higher Educational Building,51.516178,-0.131904,False,Central London
116150943,2024-01-01,theft-from-the-person,On or near Richmond Mews,51.513911,-0.133539,False,Central London
116150951,2024-01-01,theft-from-the-person,On or near Further/higher Educational Building,51.514867,-0.138790,False,Central London
116149797,2024-01-01,theft-from-the-person,On or near Further/higher Educational Building,51.516178,-0.131904,False,Central London
116098388,2024-01-01,theft-from-the-person,On or near Glasshouse Street,51.510520,-0.137439,False,Central London
116101276,2024-01-01,theft-from-the-person,On or near Shopping Area,51.519933,-0.133899,False,Central London
116093654,2024-01-01,theft-from-the-person,On or near Romilly Street,51.513019,-0.130592,False,Central London
116137005,2024-01-01,theft-from-the-person,On or near Leicester Square,51.510468,-0.130769,False,Central London
116149811,2024-01-01,theft-from-the-person,On or near Denmark Street,51.515189,-0.129653,False,Central London
116151042,2024-01-01,theft-from-the-person,On or near Moor Street,51.513498,-0.130169,False,Central London
116150056,2024-01-01,theft-from-the-person,On or near Charing Cross Road,51.512994,-0.129023,False,Central London
116145918,2024-01-01,theft-from-the-person,On or near Nightclub,51.514012,-0.131078,False,Central London
116145922,2024-01-01,theft-from-the-person,On or near Nightclub,51.512495,-0.138915,False,Central London
116154445,2024-01-01,theft-from-the-person,On or near Nightclub,51.515684,-0.135874,False,Central London
116154381,2024-01-01,theft-from-the-person,On or near Theatre/concert Hall,51.512300,-0.128388,False,Central London
116154377,2024-01-01,theft-from-the-person,On or near Greek Street,51.513804,-0.130733,False,Central London
116145625,2024-01-01,theft-from-the-person,On or near Leicester Square,51.511584,-0.128000,False,Central London
116154488,2024-01-01,theft-from-the-person,On or near B402,51.512855,-0.124820,False,Central London
116154490,2024-01-01,theft-from-the-person,On or near Shopping Area,51.515070,-0.138003,False,Central London
116154461,2024-01-01,theft-from-the-person,On or near Glasshouse Street,51.510520,-0.137439,False,Central London
116154449,2024-01-01,theft-from-the-person,On or near Theatre/concert Hall,51.509158,-0.134930,False,Central London
116127619,2024-01-01,theft-from-the-person,On or near Denmark Street,51.515189,-0.129653,False,Central London
116112983,2024-01-01,theft-from-the-person,On or near St James's Market,51.509251,-0.133398,False,Central London
116112991,2024-01-01,theft-from-the-person,On or near Further/higher Educational Building,51.516178,-0.131904,False,Central London
116127411,2024-01-01,theft-from-the-person,On or near Smith's Court,51.511608,-0.134599,False,Central London
116113348,2024-01-01,theft-from-the-person,On or near Shopping Area,51.496466,-0.141499,False,Central London
116144043,2024-01-01,theft-from-the-person,On or near Little Newport Street,51.511703,-0.128701,False,Central London
116148115,2024-01-01,theft-from-the-person,On or near Theatre/concert Hall,51.510152,-0.132382,False,Central London
116126160,2024-01-01,theft-from-the-person,On or near Duck Lane,51.513986,-0.134833,False,Central London
116134394,2024-01-01,theft-from-the-person,On or near New Burlington Place,51.512078,-0.141526,False,Central London
116151749,2024-01-01,theft-from-the-person,On or near Nightclub,51.515684,-0.135874,False,Central London
116115130,2024-01-01,theft-from-the-person,On or near Little Marlborough Street,51.513708,-0.140004,False,Central London
116143517,2024-01-01,theft-from-the-person,On or near Covent Garden,51.512980,-0.124210,False,Central London
116110329,2024-01-01,theft-from-the-person,On or near Nightclub,51.512495,-0.138915,False,Central London
116096322,2024-01-01,theft-from-the-person,On or near Parking Area,51.517287,-0.130403,False,Central London
116158324,2024-01-01,theft-from-the-person,On or near Nightclub,51.511783,-0.129778,False,Central London
116158487,2024-01-01,theft-from-the-person,On or near Little Newport Street,51.511703,-0.128701,False,Central London
116098744,2024-01-01,theft-from-the-person,On or near Dering Street,51.514195,-0.145735,False,Central London
116091114,2024-01-01,theft-from-the-person,On or near Blenheim Street,51.513918,-0.146986,False,Central London
116158491,2024-01-01,theft-from-the-person,On or near Dering Street,51.514195,-0.145735,False,Central London
116158495,2024-01-01,theft-from-the-person,On or near Hills Place,51.515088,-0.140222,False,Central London
116091034,2024-01-01,theft-from-the-person,On or near Broadwick Street,51.513470,-0.136339,False,Central London
116159045,2024-01-01,theft-from-the-person,On or near Theatre/concert Hall,51.509158,-0.134930,False,Central London
116159051,2024-01-01,theft-from-the-person,On or near Gresse Street,51.517516,-0.134012,False,Central London
116098627,2024-01-01,theft-from-the-person,On or near Theatre/concert Hall,51.514523,-0.129580,False,Central London
116159084,2024-01-01,theft-from-the-person,On or near Macclesfield Street,51.511997,-0.131355,False,Central London
116159079,2024-01-01,theft-from-the-person,On or near Nightclub,51.514246,-0.131436,False,Central London
116159946,2024-01-01,theft-from-the-person,On or near Apple Tree Yard,51.508313,-0.136074,False,Central London
116098577,2024-01-01,theft-from-the-person,On or near Dering Street,51.514195,-0.145735,False,Central London
116098571,2024-01-01,theft-from-the-person,On or near Nightclub,51.511783,-0.129778,False,Central London
116160347,2024-01-01,theft-from-the-person,On or near Leicester Street,51.510942,-0.131196,False,Central London
116160349,2024-01-01,theft-from-the-person,On or near Parking Area,51.507286,-0.128903,False,Central London
116130878,2024-01-01,theft-from-the-person,On or near Market Place,51.516058,-0.140154,False,Central London
116154454,2024-01-01,theft-from-the-person,On or near Hollen Street,51.515470,-0.134874,False,Central London
116130905,2024-01-01,theft-from-the-person,On or near Shopping Area,51.515070,-0.138003,False,Central London
116091026,2024-01-01,theft-from-the-person,On or near Shopping Area,51.513237,-0.146004,False,Central London
116105792,2024-01-01,theft-from-the-person,On or near Argyll Street,51.514684,-0.140844,False,Central London
116104306,2024-01-01,theft-from-the-person,On or near West Street,51.512980,-0.128130,False,Central London
116105076,2024-01-01,theft-from-the-person,On or near A302,51.500211,-0.126492,False,Central London
116152332,2024-01-01,theft-from-the-person,On or near Margaret Street,51.516668,-0.141210,False,Central London
116151436,2024-01-01,theft-from-the-person,On or near Further/higher Educational Building,51.516178,-0.131904,False,Central London
116105767,2024-01-01,theft-from-the-person,On or near Maiden Lane,51.510759,-0.123061,False,Central London
116098384,2024-01-01,theft-from-the-person,On or near Kingsway Tunnel,51.512770,-0.118367,False,Central London
116158028,2024-01-01,theft-from-the-person,On or near Shopping Area,51.496466,-0.141499,False,Central London
116159935,2024-01-01,theft-from-the-person,On or near Long Acre,51.513205,-0.124229,False,Central London
116151733,2024-01-01,theft-from-the-person,On or near Dering Street,51.514195,-0.145735,False,Central London
116131792,2024-01-01,theft-from-the-person,On or near Great Windmill Street,51.510952,-0.134064,False,Central London
116095914,2024-01-01,theft-from-the-person,On or near Dufour's Place,51.513494,-0.137289,False,Central London
116102865,2024-01-01,theft-from-the-person,On or near Pear Place,51.502428,-0.110508,False,Central London
116127428,2024-01-01,theft-from-the-person,On or near Apple Tree Yard,51.508313,-0.136074,False,Central London
116131803,2024-01-01,theft-from-the-person,On or near Conference/exhibition Centre,51.506334,-0.136010,False,Central London
116095886,2024-01-01,theft-from-the-person,On or near Parking Area,51.514010,-0.124528,False,Central London
116096002,2024-01-01,theft-from-the-person,On or near Further/higher Educational Building,51.516178,-0.131904,False,Central London
116131695,2024-01-01,theft-from-the-person,On or near Soho Street,51.515939,-0.132693,False,Central London
116109273,2024-01-01,theft-from-the-person,On or near Conference/exhibition Centre,51.506334,-0.136010,False,Central London
116109278,2024-01-01,theft-from-the-person,On or near Nightclub,51.509759,-0.128782,False,Central London
116109283,2024-01-01,theft-from-the-person,On or near Apple Tree Yard,51.508313,-0.136074,False,Central London
116109514,2024-01-01,theft-from-the-person,On or near Shopping Area,51.513575,-0.140687,False,Central London
116109522,2024-01-01,theft-from-the-person,On or near D'arblay Street,51.514677,-0.135857,False,Central London
116113716,2024-01-01,theft-from-the-person,On or near Albany Courtyard,51.508699,-0.138306,False,Central London
116093777,2024-01-01,theft-from-the-person,On or near Parking Area,51.517287,-0.130403,False,Central London
116122478,2024-01-01,theft-from-the-person,On or near Rose Street,51.511623,-0.125951,False,Central London
116115803,2024-01-01,theft-from-the-person,On or near Newnham Terrace,51.498595,-0.113202,False,Central London
116105723,2024-01-01,theft-from-the-person,On or near Shopping Area,51.513575,-0.140687,False,Central London
116133107,2024-01-01,theft-from-the-person,On or near Shopping Area,51.515070,-0.138003,False,Central London
116116560,2024-01-01,theft-from-the-person,On or near Nightclub,51.516900,-0.132077,False,Central London
116127770,2024-01-01,theft-from-the-person,On or near Park/open Space,51.502810,-0.132696,False,Central London
116118185,2024-01-01,theft-from-the-person,On or near Tottenham Court Road,51.520697,-0.134429,False,Central London
116119316,2024-01-01,theft-from-the-person,On or near Buckingham Mews,51.499549,-0.141416,False,Central London
116093759,2024-01-01,theft-from-the-person,On or near Dering Street,51.514195,-0.145735,False,Central London
116119937,2024-01-01,theft-from-the-person,On or near Conference/exhibition Centre,51.507911,-0.139635,False,Central London
116134679,2024-01-01,theft-from-the-person,On or near Shopping Area,51.515070,-0.138003,False,Central London
116134705,2024-01-01,theft-from-the-person,On or near Whitcomb Street,51.509807,-0.131055,False,Central London
116134719,2024-01-01,theft-from-the-person,On or near Further/higher Educational Building,51.516178,-0.131904,False,Central London
116122251,2024-01-01,theft-from-the-person,On or near Theatre/concert Hall,51.513361,-0.128330,False,Central London
116135413,2024-01-01,theft-from-the-person,On or near Montague Street,51.519680,-0.125347,False,Central London
116137192,2024-01-01,theft-from-the-person,On or near Strand,51.511022,-0.119880,False,Central London
116122477,2024-01-01,theft-from-the-person,On or near Nightclub,51.512416,-0.133384,False,Central London
116109586,2024-01-01,theft-from-the-person,On or near Parking Area,51.514010,-0.124528,False,Central London
116123196,2024-01-01,theft-from-the-person,On or near Howick Place,51.496711,-0.137095,False,Central London
116137311,2024-01-01,theft-from-the-person,On or near Horse Guards Avenue,51.504925,-0.124886,False,Central London
116123213,2024-01-01,theft-from-the-person,On or near Gresse Street,51.517516,-0.134012,False,Central London
116123215,2024-01-01,theft-from-the-person,On or near Nightclub,51.514246,-0.131436,False,Central London
116138381,2024-01-01,theft-from-the-person,On or near Argyll Street,51.514684,-0.140844,False,Central London
116157587,2024-01-01,theft-from-the-person,On or near Dansey Place,51.511790,-0.131925,False,Central London
116157588,2024-01-01,theft-from-the-person,On or near Ganton Street,51.513114,-0.138803,False,Central London
116123227,2024-01-01,theft-from-the-person,On or near Dansey Place,51.511790,-0.131925,False,Central London
116123525,2024-01-01,theft-from-the-person,On or near Nightclub,51.515684,-0.135874,False,Central London
116158173,2024-01-01,theft-from-the-person,On or near Market Place,51.516058,-0.140154,False,Central London
116142908,2024-01-01,theft-from-the-person,On or near Nightclub,51.509458,-0.132280,False,Central London
116142973,2024-01-01,theft-from-the-person,On or near Phoenix Street,51.514209,-0.129665,False,Central London
116143522,2024-01-01,theft-from-the-person,On or near Hollen Street,51.515470,-0.134874,False,Central London
116098007,2024-01-01,theft-from-the-person,On or near B323,51.496523,-0.133731,False,Central London
116128819,2024-01-01,theft-from-the-person,On or near Leicester Street,51.510942,-0.131196,False,Central London
116144522,2024-01-01,theft-from-the-person,On or near Nightclub,51.516900,-0.132077,False,Central London
116134358,2024-01-01,theft-from-the-person,On or near Albemarle Street,51.508990,-0.141882,False,Central London
116144592,2024-01-01,theft-from-the-person,On or near Shopping Area,51.515070,-0.138003,False,Central London
116105834,2024-01-01,theft-from-the-person,On or near B402,51.513777,-0.123456,False,Central London
116123997,2024-01-01,theft-from-the-person,On or near Glasshouse Street,51.510520,-0.137439,False,Central London
116145105,2024-01-01,theft-from-the-person,On or near Barlow Place,51.510473,-0.143551,False,Central London
116134081,2024-01-01,theft-from-the-person,On or near Leicester Street,51.510942,-0.131196,False,Central London
116145199,2024-01-01,theft-from-the-person,On or near Conference/exhibition Centre,51.516295,-0.129487,False,Central London
116134076,2024-01-01,theft-from-the-person,On or near Sackville Street,51.509929,-0.138703,False,Central London
116145709,2024-01-01,theft-from-the-person,On or near Hatfields,51.503496,-0.106473,False,Central London
116146248,2024-01-01,theft-from-the-person,On or near Further/higher Educational Building,51.516178,-0.131904,False,Central London
116146383,2024-01-01,theft-from-the-person,On or near Holborn,51.517436,-0.119976,False,Central London
116146713,2024-01-01,theft-from-the-person,On or near Hills Place,51.515088,-0.140222,False,Central London
116093720,2024-01-01,theft-from-the-person,On or near Glasshouse Street,51.510520,-0.137439,False,Central London
116146860,2024-01-01,theft-from-the-person,On or near Apple Tree Yard,51.508313,-0.136074,False,Central London
116146910,2024-01-01,theft-from-the-person,On or near B402,51.513777,-0.123456,False,Central London
116148192,2024-01-01,theft-from-the-person,On or near Dering Street,51.514195,-0.145735,False,Central London
116148203,2024-01-01,theft-from-the-person,On or near Frith Street,51.513601,-0.131534,False,Central London
116148215,2024-01-01,theft-from-the-person,On or near Blenheim Street,51.513918,-0.146986,False,Central London
116149813,2024-01-01,theft-from-the-person,On or near Argyll Street,51.514684,-0.140844,False,Central London
116126014,2024-01-01,theft-from-the-person,On or near Conference/exhibition Centre,51.516295,-0.129487,False,Central London
116126139,2024-01-01,theft-from-the-person,On or near South Molton Lane,51.513288,-0.147530,False,Central London
116150063,2024-01-01,theft-from-the-person,On or near Shopping Area,51.512166,-0.123818,False,Central London
116134060,2024-01-01,theft-from-the-person,On or near Macclesfield Street,51.511997,-0.131355,False,Central London
116134047,2024-01-01,theft-from-the-person,On or near Market Place,51.516058,-0.140154,False,Central London
116151112,2024-01-01,theft-from-the-person,On or near Nightclub,51.513406,-0.131715,False,Central London
116151507,2024-01-01,theft-from-the-person,On or near A401,51.511790,-0.132459,False,Central London
116151519,2024-01-01,theft-from-the-person,On or near Argyll Street,51.514684,-0.140844,False,Central London
116151525,2024-01-01,theft-from-the-person,On or near Argyll Street,51.514684,-0.140844,False,Central London
116151636,2024-01-01,theft-from-the-person,On or near Nightclub,51.512416,-0.133384,False,Central London
116126456,2024-01-01,theft-from-the-person,On or near Hills Place,51.515088,-0.140222,False,Central London
116126458,2024-01-01,theft-from-the-person,On or near Dover Street,51.508401,-0.142195,False,Central London
116152330,2024-01-01,theft-from-the-person,On or near Nightclub,51.510953,-0.133012,False,Central London
116131423,2024-01-01,theft-from-the-person,On or near Dering Street,51.514195,-0.145735,False,Central London
116152475,2024-01-01,theft-from-the-person,On or near Soho Street,51.515939,-0.132693,False,Central London
116103392,2024-01-01,theft-from-the-person,On or near Moor Street,51.513498,-0.130169,False,Central London
116103493,2024-01-01,theft-from-the-person,On or near Archer Street,51.511502,-0.134157,False,Central London
116153344,2024-01-01,theft-from-the-person,On or near Sackville Street,51.509929,-0.138703,False,Central London
116127340,2024-01-01,theft-from-the-person,On or near New Burlington Place,51.512078,-0.141526,False,Central London
116153944,2024-01-01,theft-from-the-person,On or near Gerrard Place,51.512247,-0.130120,False,Central London
116103926,2024-01-01,theft-from-the-person,On or near Hills Place,51.515088,-0.140222,False,Central London
116133759,2024-01-01,theft-from-the-person,On or near Warwick House Street,51.507330,-0.130768,False,Central London
116127351,2024-01-01,theft-from-the-person,On or near Soho Street,51.515939,-0.132693,False,Central London
116127352,2024-01-01,theft-from-the-person,On or near Frith Street,51.513601,-0.131534,False,Central London
116154492,2024-01-01,theft-from-the-person,On or near Soho Street,51.515939,-0.132693,False,Central London
116154499,2024-01-01,theft-from-the-person,On or near Earnshaw Street,51.516037,-0.128682,False,Central London
116127356,2024-01-01,theft-from-the-person,On or near Soho Street,51.515939,-0.132693,False,Central London
116127363,2024-01-01,theft-from-the-person,On or near Shopping Area,51.496466,-0.141499,False,Central London
116149909,2024-01-01,theft-from-the-person,On or near Nightclub,51.515684,-0.135874,False,Central London
116154484,2024-01-01,theft-from-the-person,On or near Hollen Street,51.515470,-0.134874,False,Central London
116156026,2024-01-01,theft-from-the-person,On or near Moor Street,51.513498,-0.130169,False,Central London
116156274,2024-01-01,theft-from-the-person,On or near B402,51.513777,-0.123456,False,Central London
116156377,2024-01-01,theft-from-the-person,On or near John Prince's Street,51.515753,-0.143092,False,Central London
116156521,2024-01-01,theft-from-the-person,On or near B402,51.513777,-0.123456,False,Central London
116127367,2024-01-01,theft-from-the-person,On or near Blenheim Street,51.513918,-0.146986,False,Central London
116091522,2024-01-01,theft-from-the-person,On or near Hanover Street,51.513827,-0.142363,False,Central London
116105305,2024-01-01,theft-from-the-person,On or near New Compton Street,51.514872,-0.127793,False,Central London
116151994,2024-01-01,theft-from-the-person,On or near Parking Area,51.517287,-0.130403,False,Central London
116157884,2024-01-01,theft-from-the-person,On or near Dering Street,51.514195,-0.145735,False,Central London
116117891,2024-01-01,theft-from-the-person,On or near Charing Cross,51.507394,-0.128042,False,Central London
116103484,2024-01-01,theft-from-the-person,On or near Theatre/concert Hall,51.509909,-0.126298,False,Central London
116116346,2024-01-01,theft-from-the-person,On or near Nightclub,51.514012,-0.131078,False,Central London
116091689,2024-01-01,theft-from-the-person,On or near Nightclub,51.512495,-0.138915,False,Central London
116092112,2024-01-01,theft-from-the-person,On or near Argyll Street,51.514684,-0.140844,False,Central London
116158137,2024-01-01,theft-from-the-person,On or near Upper St Martin's Lane,51.513243,-0.127139,False,Central London
116105825,2024-01-01,theft-from-the-person,On or near Shopping Area,51.512117,-0.123121,False,Central London
116128739,2024-01-01,theft-from-the-person,On or near Nightclub,51.512495,-0.138915,False,Central London
116128761,2024-01-01,theft-from-the-person,On or near Nightclub,51.510953,-0.133012,False,Central London
116102593,2024-01-01,theft-from-the-person,On or near Parking Area,51.514010,-0.124528,False,Central London
116128762,2024-01-01,theft-from-the-person,On or near A401,51.511790,-0.132459,False,Central London
116161515,2024-01-01,theft-from-the-person,On or near Argyll Street,51.514684,-0.140844,False,Central London
116161520,2024-01-01,theft-from-the-person,On or near Market Place,51.516058,-0.140154,False,Central London
116162336,2024-01-01,theft-from-the-person,On or near B402,51.513777,-0.123456,False,Central London
116162362,2024-01-01,theft-from-the-person,On or near Dering Street,51.514195,-0.145735,False,Central London
116113919,2024-01-01,theft-from-the-person,On or near Shopping Area,51.496466,-0.141499,False,Central London
116162405,2024-01-01,theft-from-the-person,On or near Soho Street,51.515939,-0.132693,False,Central London
116129266,2024-01-01,theft-from-the-person,On or near Babmaes Street,51.508556,-0.134925,False,Central London
116159048,2024-01-01,theft-from-the-person,On or near Garrick Street,51.511574,-0.126271,False,Central London
116102599,2024-01-01,theft-from-the-person,On or near Shopping Area,51.513057,-0.144844,False,Central London
116151369,2024-01-01,theft-from-the-person,On or near Macclesfield Street,51.511997,-0.131355,False,Central London
116111699,2024-01-01,theft-from-the-person,On or near Parking Area,51.512379,-0.129379,False,Central London
116129270,2024-01-01,theft-from-the-person,On or near Shaftesbury Avenue,51.513064,-0.129438,False,Central London
116111648,2024-01-01,theft-from-the-person,On or near Soho Street,51.515939,-0.132693,False,Central London
116133112,2024-01-01,theft-from-the-person,On or near Nightclub,51.511783,-0.129778,False,Central London
116109490,2024-01-01,theft-from-the-person,On or near B506,51.518567,-0.132282,False,Central London
115991721,2024-01-01,theft-from-the-person,On or near West Harding Street,51.515297,-0.108909,False,Central London
115991892,2024-01-01,theft-from-the-person,On or near Nightclub,51.515942,-0.112096,False,Central London
115992125,2024-01-01,theft-from-the-person,On or near Southampton Buildings,51.518231,-0.112953,False,Central London
115991708,2024-01-01,theft-from-the-person,On or near Middle Temple Lane,51.513757,-0.111567,False,Central London
126016844,2024-01-01,theft-from-the-person,Piccadilly Circus (lu Station),51.509609,-0.135151,False,Central London
126016755,2024-01-01,theft-from-the-person,Oxford Circus (lu Station),51.515197,-0.142071,False,Central London
126016754,2024-01-01,theft-from-the-person,Oxford Circus (lu Station),51.515197,-0.142071,False,Central London
126015772,2024-01-01,theft-from-the-person,Goodge Street (lu Station),51.520544,-0.134450,False,Central London
116117108,2024-01-01,theft-from-the-person,On or near Little Marlborough Street,51.513708,-0.140004,False,Central London
116140572,2024-01-01,theft-from-the-person,On or near Macclesfield Street,51.511997,-0.131355,False,Central London
116097796,2024-01-01,theft-from-the-person,On or near Blenheim Street,51.513918,-0.146986,False,Central London
116131317,2024-01-01,theft-from-the-person,On or near Nightclub,51.512495,-0.138915,False,Central London
116117116,2024-01-01,theft-from-the-person,On or near Shopping Area,51.516618,-0.139226,False,Central London
116154403,2024-01-01,theft-from-the-person,On or near Craig's Court,51.506736,-0.126800,False,Central London
116102617,2024-01-01,theft-from-the-person,On or near Shopping Area,51.515070,-0.138003,False,Central London
116152454,2024-01-01,theft-from-the-person,On or near Supermarket,51.507415,-0.105835,False,Central London
116139970,2024-01-01,theft-from-the-person,On or near Police Station,51.509786,-0.124658,False,Central London
116139952,2024-01-01,theft-from-the-person,On or near Parking Area,51.513233,-0.141234,False,Central London
116142965,2024-01-01,theft-from-the-person,On or near Montague Street,51.519680,-0.125347,False,Central London
116127333,2024-01-01,theft-from-the-person,On or near Theatre/concert Hall,51.509158,-0.134930,False,Central London
116126225,2024-01-01,theft-from-the-person,On or near Park/open Space,51.502810,-0.132696,False,Central London
116109627,2024-01-01,theft-from-the-person,On or near Little Newport Street,51.511703,-0.128701,False,Central London
116112500,2024-01-01,theft-from-the-person,On or near Beak Street,51.512254,-0.137902,False,Central London
116112947,2024-01-01,theft-from-the-person,On or near Parking Area,51.517287,-0.130403,False,Central London
116091115,2024-01-01,theft-from-the-person,On or near Soho Street,51.515939,-0.132693,False,Central London
116091117,2024-01-01,theft-from-the-person,On or near Denmark Street,51.515189,-0.129653,False,Central London
116126220,2024-01-01,theft-from-the-person,On or near Leicester Square,51.511584,-0.128000,False,Central London
116126205,2024-01-01,theft-from-the-person,On or near Fitzmaurice Place,51.508676,-0.145368,False,Central London
116126201,2024-01-01,theft-from-the-person,On or near Park/open Space,51.502810,-0.132696,False,Central London
116126199,2024-01-01,theft-from-the-person,On or near Nightclub,51.512416,-0.133384,False,Central London
116126196,2024-01-01,theft-from-the-person,On or near Hills Place,51.515088,-0.140222,False,Central London
116126186,2024-01-01,theft-from-the-person,On or near Parking Area,51.506236,-0.141322,False,Central London
116126167,2024-01-01,theft-from-the-person,On or near Nightclub,51.508087,-0.124122,False,Central London
116126166,2024-01-01,theft-from-the-person,On or near Park/open Space,51.502810,-0.132696,False,Central London
116126154,2024-01-01,theft-from-the-person,On or near Garrick Street,51.511574,-0.126271,False,Central London
116133793,2024-01-01,theft-from-the-person,On or near Argyll Street,51.514684,-0.140844,False,Central London
116133062,2024-01-01,theft-from-the-person,On or near Little Newport Street,51.511703,-0.128701,False,Central London
116132167,2024-01-01,theft-from-the-person,On or near Tottenham Court Road,51.520697,-0.134429,False,Central London
116131797,2024-01-01,theft-from-the-person,On or near Nightclub,51.509458,-0.132280,False,Central London
116131735,2024-01-01,theft-from-the-person,On or near Sports/recreation Area,51.509947,-0.131367,False,Central London
116131717,2024-01-01,theft-from-the-person,On or near Theatre/concert Hall,51.513046,-0.122679,False,Central London
116131682,2024-01-01,theft-from-the-person,On or near Shopping Area,51.513237,-0.146004,False,Central London
116131665,2024-01-01,theft-from-the-person,On or near Argyll Street,51.514684,-0.140844,False,Central London
116131650,2024-01-01,theft-from-the-person,On or near Further/higher Educational Building,51.515727,-0.136304,False,Central London
116129388,2024-01-01,theft-from-the-person,On or near B402,51.513777,-0.123456,False,Central London
116128973,2024-01-01,theft-from-the-person,On or near Soho Street,51.515939,-0.132693,False,Central London
116128804,2024-01-01,theft-from-the-person,On or near Cosmo Place,51.521060,-0.122797,False,Central London
116128777,2024-01-01,theft-from-the-person,On or near Nightclub,51.516900,-0.132077,False,Central London
116128692,2024-01-01,theft-from-the-person,On or near Romilly Street,51.513019,-0.130592,False,Central London
116128639,2024-01-01,theft-from-the-person,On or near Museum Street,51.517265,-0.125071,False,Central London
116128136,2024-01-01,theft-from-the-person,On or near Howick Place,51.496711,-0.137095,False,Central London
116117897,2024-01-01,theft-from-the-person,On or near Greek Street,51.513804,-0.130733,False,Central London
116117892,2024-01-01,theft-from-the-person,On or near Hills Place,51.515088,-0.140222,False,Central London
116117849,2024-01-01,theft-from-the-person,On or near Blenheim Street,51.513918,-0.146986,False,Central London
116125815,2024-01-01,theft-from-the-person,On or near Further/higher Educational Building,51.516178,-0.131904,False,Central London
116125691,2024-01-01,theft-from-the-person,On or near Belvedere Road,51.503590,-0.117333,False,Central London
116123980,2024-01-01,theft-from-the-person,On or near Lisle Street,51.511534,-0.130495,False,Central London
116123576,2024-01-01,theft-from-the-person,On or near Apple Tree Yard,51.508313,-0.136074,False,Central London
116123420,2024-01-01,theft-from-the-person,On or near Further/higher Educational Building,51.516178,-0.131904,False,Central London
116123412,2024-01-01,theft-from-the-person,On or near Argyll Street,51.514684,-0.140844,False,Central London
116123382,2024-01-01,theft-from-the-person,On or near Further/higher Educational Building,51.514867,-0.138790,False,Central London
116123240,2024-01-01,theft-from-the-person,On or near Little Newport Street,51.511703,-0.128701,False,Central London
116122497,2024-01-01,theft-from-the-person,On or near Dering Street,51.514195,-0.145735,False,Central London
116122433,2024-01-01,theft-from-the-person,On or near Leicester Street,51.510942,-0.131196,False,Central London
116119992,2024-01-01,theft-from-the-person,On or near Manette Street,51.514704,-0.130826,False,Central London
116119797,2024-01-01,theft-from-the-person,On or near Nightclub,51.516900,-0.132077,False,Central London
116113121,2024-01-01,theft-from-the-person,On or near Shopping Area,51.513575,-0.140687,False,Central London
116113014,2024-01-01,theft-from-the-person,On or near Soho Street,51.515939,-0.132693,False,Central London
116112958,2024-01-01,theft-from-the-person,On or near Nightclub,51.516900,-0.132077,False,Central London
116112499,2024-01-01,theft-from-the-person,On or near Nightclub,51.514012,-0.131078,False,Central London
116112399,2024-01-01,theft-from-the-person,On or near Nightclub,51.511783,-0.129778,False,Central London
116112289,2024-01-01,theft-from-the-person,On or near Waterloo Road,51.502404,-0.110134,False,Central London
116112231,2024-01-01,theft-from-the-person,On or near Charles Ii Street,51.507970,-0.133162,False,Central London
116112081,2024-01-01,theft-from-the-person,On or near John Prince's Street,51.515753,-0.143092,False,Central London
116112080,2024-01-01,theft-from-the-person,On or near Greek Street,51.513804,-0.130733,False,Central London
116111829,2024-01-01,theft-from-the-person,On or near Theatre/concert Hall,51.504066,-0.110037,False,Central London
116111798,2024-01-01,theft-from-the-person,On or near Nightclub,51.512482,-0.134160,False,Central London
116111692,2024-01-01,theft-from-the-person,On or near Theatre/concert Hall,51.510345,-0.122502,False,Central London
116111681,2024-01-01,theft-from-the-person,On or near Ferry Terminal,51.495035,-0.121114,False,Central London
116109643,2024-01-01,theft-from-the-person,On or near Theatre/concert Hall,51.512300,-0.128388,False,Central London
116111594,2024-01-01,theft-from-the-person,On or near Shopping Area,51.496466,-0.141499,False,Central London
116117188,2024-01-01,theft-from-the-person,On or near Carlisle Street,51.514971,-0.133438,False,Central London
116117121,2024-01-01,theft-from-the-person,On or near Argyll Street,51.514684,-0.140844,False,Central London
116116476,2024-01-01,theft-from-the-person,On or near Shopping Area,51.512117,-0.123121,False,Central London
116115139,2024-01-01,theft-from-the-person,On or near Nightclub,51.516900,-0.132077,False,Central London
116113925,2024-01-01,theft-from-the-person,On or near Leicester Square,51.510468,-0.130769,False,Central London
116113690,2024-01-01,theft-from-the-person,On or near Theatre/concert Hall,51.514523,-0.129580,False,Central London
116110354,2024-01-01,theft-from-the-person,On or near Cockspur Court,51.507234,-0.129821,False,Central London
116110331,2024-01-01,theft-from-the-person,On or near Corner House Street,51.507725,-0.125708,False,Central London
116110287,2024-01-01,theft-from-the-person,On or near Foubert's Place,51.513826,-0.138947,False,Central London
116110090,2024-01-01,theft-from-the-person,On or near Mount Street Mews,51.510036,-0.148872,False,Central London
116109551,2024-01-01,theft-from-the-person,On or near Shopping Area,51.496466,-0.141499,False,Central London
116109533,2024-01-01,theft-from-the-person,On or near Nightclub,51.510272,-0.129192,False,Central London
116109493,2024-01-01,theft-from-the-person,On or near Parking Area,51.517287,-0.130403,False,Central London
116109221,2024-01-01,theft-from-the-person,On or near Parking Area,51.512379,-0.129379,False,Central London
116109220,2024-01-01,theft-from-the-person,On or near Further/higher Educational Building,51.515727,-0.136304,False,Central London
116108817,2024-01-01,theft-from-the-person,On or near Downing Street,51.503196,-0.127032,False,Central London
116105988,2024-01-01,theft-from-the-person,On or near Shelton Street,51.513753,-0.125331,False,Central London
116105833,2024-01-01,theft-from-the-person,On or near Market Place,51.516058,-0.140154,False,Central London
116105754,2024-01-01,theft-from-the-person,On or near B402,51.513777,-0.123456,False,Central London
116105722,2024-01-01,theft-from-the-person,On or near Bedford Street,51.510389,-0.124157,False,Central London
116105335,2024-01-01,theft-from-the-person,On or near Tottenham Court Road,51.520697,-0.134429,False,Central London
116104547,2024-01-01,theft-from-the-person,On or near Moor Street,51.513498,-0.130169,False,Central London
116103620,2024-01-01,theft-from-the-person,On or near Blenheim Street,51.513918,-0.146986,False,Central London
116103617,2024-01-01,theft-from-the-person,On or near Soho Street,51.515939,-0.132693,False,Central London
116103564,2024-01-01,theft-from-the-person,On or near B402,51.512855,-0.124820,False,Central London
116103498,2024-01-01,theft-from-the-person,On or near Dean Street,51.513734,-0.132595,False,Central London
116103496,2024-01-01,theft-from-the-person,On or near Cork St Mews,51.509986,-0.141741,False,Central London
116091022,2024-01-01,theft-from-the-person,On or near Vigo Street,51.510266,-0.139006,False,Central London
116090232,2024-01-01,theft-from-the-person,On or near Nightclub,51.516900,-0.132077,False,Central London
116091329,2024-01-01,theft-from-the-person,On or near Dering Street,51.514195,-0.145735,False,Central London
116105697,2024-01-01,theft-from-the-person,On or near Theatre/concert Hall,51.510345,-0.122502,False,Central London
116105698,2024-01-01,theft-from-the-person,On or near Lisle Street,51.511534,-0.130495,False,Central London
116105781,2024-01-01,theft-from-the-person,On or near Nightclub,51.516166,-0.137324,False,Central London
116135558,2024-01-01,theft-from-the-person,On or near Holborn,51.517436,-0.119976,False,Central London
116106006,2024-01-01,theft-from-the-person,On or near Conference/exhibition Centre,51.514559,-0.126369,False,Central London
116106887,2024-01-01,theft-from-the-person,On or near Further/higher Educational Building,51.516178,-0.131904,False,Central London
116106890,2024-01-01,theft-from-the-person,On or near Brook's Mews,51.512336,-0.147050,False,Central London
116109680,2024-01-01,theft-from-the-person,On or near Soho Street,51.515939,-0.132693,False,Central London
116103440,2024-01-01,theft-from-the-person,On or near B402,51.513777,-0.123456,False,Central London
116103429,2024-01-01,theft-from-the-person,On or near B402,51.513777,-0.123456,False,Central London
116103408,2024-01-01,theft-from-the-person,On or near Archer Street,51.511502,-0.134157,False,Central London
116113847,2024-01-01,theft-from-the-person,On or near Nightclub,51.512416,-0.133384,False,Central London
116113877,2024-01-01,theft-from-the-person,On or near Gresse Street,51.517516,-0.134012,False,Central London
116114133,2024-01-01,theft-from-the-person,On or near Old Compton Street,51.513200,-0.131248,False,Central London
116123512,2024-01-01,theft-from-the-person,On or near Upper John Street,51.511860,-0.137975,False,Central London
116123573,2024-01-01,theft-from-the-person,On or near Palace Place,51.499046,-0.142561,False,Central London
116123618,2024-01-01,theft-from-the-person,On or near Theatre/concert Hall,51.509158,-0.134930,False,Central London
116123961,2024-01-01,theft-from-the-person,On or near Glasshouse Street,51.510520,-0.137439,False,Central London
116123956,2024-01-01,theft-from-the-person,On or near Further/higher Educational Building,51.516178,-0.131904,False,Central London
116124000,2024-01-01,theft-from-the-person,On or near Leicester Square,51.511584,-0.128000,False,Central London
116123984,2024-01-01,theft-from-the-person,On or near Dering Street,51.514195,-0.145735,False,Central London
116124005,2024-01-01,theft-from-the-person,On or near Richmond Mews,51.513911,-0.133539,False,Central London
116123998,2024-01-01,theft-from-the-person,On or near Nightclub,51.512250,-0.126906,False,Central London
116124008,2024-01-01,theft-from-the-person,On or near John Prince's Street,51.515753,-0.143092,False,Central London
116148118,2024-01-01,theft-from-the-person,On or near Glasshouse Street,51.510520,-0.137439,False,Central London
116124032,2024-01-01,theft-from-the-person,On or near Argyll Street,51.514684,-0.140844,False,Central London
116122134,2024-01-01,theft-from-the-person,On or near Glasshouse Street,51.510520,-0.137439,False,Central London
116122374,2024-01-01,theft-from-the-person,On or near St Margaret Street,51.500253,-0.126317,False,Central London
116103394,2024-01-01,theft-from-the-person,On or near Great Windmill Street,51.510952,-0.134064,False,Central London
116134682,2024-01-01,theft-from-the-person,On or near Hanway Place,51.516674,-0.132547,False,Central London
116122424,2024-01-01,theft-from-the-person,On or near Apple Tree Yard,51.508313,-0.136074,False,Central London
116122434,2024-01-01,theft-from-the-person,On or near Denman Street,51.510729,-0.135283,False,Central London
116138395,2024-01-01,theft-from-the-person,On or near Dering Street,51.514195,-0.145735,False,Central London
116122453,2024-01-01,theft-from-the-person,On or near Ashley Place,51.496252,-0.140470,False,Central London
116122456,2024-01-01,theft-from-the-person,On or near Manette Street,51.514704,-0.130826,False,Central London
116122457,2024-01-01,theft-from-the-person,On or near Royalty Mews,51.514141,-0.132694,False,Central London
116092858,2024-01-01,theft-from-the-person,On or near Market Place,51.516058,-0.140154,False,Central London
116102817,2024-01-01,theft-from-the-person,On or near London Waterloo,51.502663,-0.113423,False,Central London
116122503,2024-01-01,theft-from-the-person,On or near Denman Street,51.510729,-0.135283,False,Central London
116122515,2024-01-01,theft-from-the-person,On or near Hills Place,51.515088,-0.140222,False,Central London
116122508,2024-01-01,theft-from-the-person,On or near Macclesfield Street,51.511997,-0.131355,False,Central London
116124739,2024-01-01,theft-from-the-person,On or near Argyll Street,51.514684,-0.140844,False,Central London
116124741,2024-01-01,theft-from-the-person,On or near Strand,51.511022,-0.119880,False,Central London
116102729,2024-01-01,theft-from-the-person,On or near Bridge Street,51.500978,-0.125524,False,Central London
116146823,2024-01-01,theft-from-the-person,On or near Nightclub,51.512416,-0.133384,False,Central London
116102616,2024-01-01,theft-from-the-person,On or near Little Newport Street,51.511703,-0.128701,False,Central London
116102600,2024-01-01,theft-from-the-person,On or near Further/higher Educational Building,51.516178,-0.131904,False,Central London
116125261,2024-01-01,theft-from-the-person,On or near Nightclub,51.510840,-0.128984,False,Central London
116125509,2024-01-01,theft-from-the-person,On or near Stamford Street,51.505931,-0.110839,False,Central London
116125525,2024-01-01,theft-from-the-person,On or near Conference/exhibition Centre,51.516295,-0.129487,False,Central London
116125523,2024-01-01,theft-from-the-person,On or near Catton Street,51.518165,-0.120018,False,Central London
116135540,2024-01-01,theft-from-the-person,On or near Dyott Street,51.516820,-0.127583,False,Central London
116146708,2024-01-01,theft-from-the-person,On or near Argyll Street,51.514684,-0.140844,False,Central London
116102579,2024-01-01,theft-from-the-person,On or near Park/open Space,51.502810,-0.132696,False,Central London
116125795,2024-01-01,theft-from-the-person,On or near Malet Street,51.521458,-0.130305,False,Central London
116137004,2024-01-01,theft-from-the-person,On or near Dering Street,51.514195,-0.145735,False,Central London
116117308,2024-01-01,theft-from-the-person,On or near Shaftesbury Avenue,51.513064,-0.129438,False,Central London
116117311,2024-01-01,theft-from-the-person,On or near Argyll Street,51.514684,-0.140844,False,Central London
116117353,2024-01-01,theft-from-the-person,On or near Margaret Street,51.516668,-0.141210,False,Central London
116117363,2024-01-01,theft-from-the-person,On or near Covent Garden,51.512980,-0.124210,False,Central London
116092549,2024-01-01,theft-from-the-person,On or near Theatre/concert Hall,51.510900,-0.127984,False,Central London
116118020,2024-01-01,theft-from-the-person,On or near Shopping Area,51.496466,-0.141499,False,Central London
116130876,2024-01-01,theft-from-the-person,On or near Theatre/concert Hall,51.514523,-0.129580,False,Central London
116131310,2024-01-01,theft-from-the-person,On or near Brook's Mews,51.512336,-0.147050,False,Central London
116131505,2024-01-01,theft-from-the-person,On or near Charing Cross Road,51.512994,-0.129023,False,Central London
116092862,2024-01-01,theft-from-the-person,On or near Dansey Place,51.511790,-0.131925,False,Central London
116093458,2024-01-01,theft-from-the-person,On or near Neal Street,51.514408,-0.125780,False,Central London
116093548,2024-01-01,theft-from-the-person,On or near Shopping Area,51.496466,-0.141499,False,Central London
116093726,2024-01-01,theft-from-the-person,On or near Gresse Street,51.517516,-0.134012,False,Central London
116093732,2024-01-01,theft-from-the-person,On or near Long Acre,51.513205,-0.124229,False,Central London
116093768,2024-01-01,theft-from-the-person,On or near Shopping Area,51.496466,-0.141499,False,Central London
116093799,2024-01-01,theft-from-the-person,On or near Glasshouse Street,51.510520,-0.137439,False,Central London
116153942,2024-01-01,theft-from-the-person,On or near Gresse Street,51.517516,-0.134012,False,Central London
116153964,2024-01-01,theft-from-the-person,On or near Theatre/concert Hall,51.512300,-0.128388,False,Central London
116153992,2024-01-01,theft-from-the-person,On or near Shopping Area,51.516618,-0.139226,False,Central London
116097770,2024-01-01,theft-from-the-person,On or near Dering Street,51.514195,-0.145735,False,Central London
116154467,2024-01-01,theft-from-the-person,On or near Shaftesbury Avenue,51.513064,-0.129438,False,Central London
116154832,2024-01-01,theft-from-the-person,On or near Romilly Street,51.513019,-0.130592,False,Central London
116154833,2024-01-01,theft-from-the-person,On or near Shopping Area,51.512166,-0.123818,False,Central London
116109682,2024-01-01,theft-from-the-person,On or near Macclesfield Street,51.511997,-0.131355,False,Central London
116155924,2024-01-01,theft-from-the-person,On or near Shopping Area,51.516618,-0.139226,False,Central London
116157465,2024-01-01,theft-from-the-person,On or near Theatre/concert Hall,51.513046,-0.122679,False,Central London
116157867,2024-01-01,theft-from-the-person,On or near Market Place,51.516058,-0.140154,False,Central London
116158024,2024-01-01,theft-from-the-person,On or near Ashburton Place,51.506541,-0.144533,False,Central London
116158973,2024-01-01,theft-from-the-person,On or near Further/higher Educational Building,51.514867,-0.138790,False,Central London
116158974,2024-01-01,theft-from-the-person,On or near Argyll Street,51.514684,-0.140844,False,Central London
116159018,2024-01-01,theft-from-the-person,On or near Blenheim Street,51.513918,-0.146986,False,Central London
116159056,2024-01-01,theft-from-the-person,On or near Parking Area,51.506236,-0.141322,False,Central London
116159061,2024-01-01,theft-from-the-person,On or near Shaftesbury Avenue,51.513064,-0.129438,False,Central London
116159733,2024-01-01,theft-from-the-person,On or near Nightclub,51.509458,-0.132280,False,Central London
116159941,2024-01-01,theft-from-the-person,On or near Shopping Area,51.513575,-0.140687,False,Central London
116090204,2024-01-01,theft-from-the-person,On or near Little Marlborough Street,51.513708,-0.140004,False,Central London
116090200,2024-01-01,theft-from-the-person,On or near New Burlington Place,51.512078,-0.141526,False,Central London
116162515,2024-01-01,theft-from-the-person,On or near Shopping Area,51.519933,-0.133899,False,Central London
116162814,2024-01-01,theft-from-the-person,On or near Further/higher Educational Building,51.519333,-0.128965,False,Central London
116110613,2024-01-01,theft-from-the-person,On or near Parking Area,51.513233,-0.141234,False,Central London
116149928,2024-01-01,theft-from-the-person,On or near Glasshouse Street,51.510520,-0.137439,False,Central London
116098389,2024-01-01,theft-from-the-person,On or near B402,51.513777,-0.123456,False,Central London
116158979,2024-01-01,theft-from-the-person,On or near Further/higher Educational Building,51.514867,-0.138790,False,Central London
116159691,2024-01-01,theft-from-the-person,On or near Argyll Street,51.514684,-0.140844,False,Central London
116116455,2024-01-01,theft-from-the-person,On or near Soho Street,51.515939,-0.132693,False,Central London
116138376,2024-01-01,theft-from-the-person,On or near Glasshouse Street,51.510520,-0.137439,False,Central London
116131492,2024-01-01,theft-from-the-person,On or near Nightclub,51.516623,-0.132976,False,Central London
116103712,2024-01-01,theft-from-the-person,On or near Conference/exhibition Centre,51.516295,-0.129487,False,Central London
116161524,2024-01-01,theft-from-the-person,On or near Gerrard Street,51.511760,-0.131163,False,Central London
116091523,2024-01-01,theft-from-the-person,On or near Romilly Street,51.513019,-0.130592,False,Central London
116131496,2024-01-01,theft-from-the-person,On or near Theatre/concert Hall,51.512300,-0.128388,False,Central London
116154479,2024-01-01,theft-from-the-person,On or near Theatre/concert Hall,51.512300,-0.128388,False,Central London
116096511,2024-01-01,theft-from-the-person,On or near Theatre/concert Hall,51.509158,-0.134930,False,Central London
116094719,2024-01-01,theft-from-the-person,On or near Theme/adventure Park,51.502803,-0.118778,False,Central London
116140566,2024-01-01,theft-from-the-person,On or near Gresse Street,51.517516,-0.134012,False,Central London
116123500,2024-01-01,theft-from-the-person,On or near Phoenix Street,51.514209,-0.129665,False,Central London
116127341,2024-01-01,theft-from-the-person,On or near Neal Street,51.513386,-0.124308,False,Central London
116098631,2024-01-01,theft-from-the-person,On or near Soho Street,51.515939,-0.132693,False,Central London
116120020,2024-01-01,theft-from-the-person,On or near Further/higher Educational Building,51.516178,-0.131904,False,Central London
116113425,2024-01-01,theft-from-the-person,On or near Nightclub,51.512495,-0.138915,False,Central London
116098391,2024-01-01,theft-from-the-person,On or near Shopping Area,51.512117,-0.123121,False,Central London
116091309,2024-01-01,theft-from-the-person,On or near Temple,51.511103,-0.113723,False,Central London
116103436,2024-01-01,theft-from-the-person,On or near Police Station,51.509786,-0.124658,False,Central London
116142600,2024-01-01,theft-from-the-person,On or near Whitcomb Street,51.509807,-0.131055,False,Central London
116120669,2024-01-01,theft-from-the-person,On or near Nightclub,51.511783,-0.129778,False,Central London
116143272,2024-01-01,theft-from-the-person,On or near Manette Street,51.514704,-0.130826,False,Central London
116134402,2024-01-01,theft-from-the-person,On or near Coach And Horses Yard,51.511314,-0.142134,False,Central London
116116447,2024-01-01,theft-from-the-person,On or near Shopping Area,51.513237,-0.146004,False,Central London
116134446,2024-01-01,theft-from-the-person,On or near Coventry Street,51.510295,-0.132318,False,Central London
116117354,2024-01-01,theft-from-the-person,On or near Macclesfield Street,51.511997,-0.131355,False,Central London
116149910,2024-01-01,theft-from-the-person,On or near Little Marlborough Street,51.513708,-0.140004,False,Central London
116158975,2024-01-01,theft-from-the-person,On or near Dansey Place,51.511790,-0.131925,False,Central London
116155922,2024-01-01,theft-from-the-person,On or near Great Windmill Street,51.510952,-0.134064,False,Central London
116116709,2024-01-01,theft-from-the-person,On or near Nightclub,51.512495,-0.138915,False,Central London
116116731,2024-01-01,theft-from-the-person,On or near B402,51.512855,-0.124820,False,Central London
116090150,2024-01-01,theft-from-the-person,On or near Conference/exhibition Centre,51.516295,-0.129487,False,Central London
116103624,2024-01-01,theft-from-the-person,On or near Theatre/concert Hall,51.510152,-0.132382,False,Central London
116103450,2024-01-01,theft-from-the-person,On or near Nightclub,51.511783,-0.129778,False,Central London
116129267,2024-01-01,theft-from-the-person,On or near Nightclub,51.508087,-0.124122,False,Central London
116123311,2024-01-01,theft-from-the-person,On or near Gresse Street,51.517516,-0.134012,False,Central London
116091143,2024-01-01,theft-from-the-person,On or near Hills Place,51.515088,-0.140222,False,Central London
116091476,2024-01-01,theft-from-the-person,On or near Hollen Street,51.515470,-0.134874,False,Central London
116123424,2024-01-01,theft-from-the-person,On or near Further/higher Educational Building,51.516178,-0.131904,False,Central London
116091990,2024-01-01,theft-from-the-person,On or near B506,51.518567,-0.132282,False,Central London
116092042,2024-01-01,theft-from-the-person,On or near Upper James Street,51.512419,-0.137520,False,Central London
116092142,2024-01-01,theft-from-the-person,On or near Supermarket,51.519777,-0.132002,False,Central London
116092251,2024-01-01,theft-from-the-person,On or near Police Station,51.509786,-0.124658,False,Central London
116148155,2024-01-01,theft-from-the-person,On or near Bourchier Street,51.513052,-0.132681,False,Central London
116092256,2024-01-01,theft-from-the-person,On or near Nightclub,51.515684,-0.135874,False,Central London
116092259,2024-01-01,theft-from-the-person,On or near John Prince's Street,51.515753,-0.143092,False,Central London
116092261,2024-01-01,theft-from-the-person,On or near Montreal Place,51.512133,-0.117918,False,Central London
116094248,2024-01-01,theft-from-the-person,On or near Soho Street,51.515939,-0.132693,False,Central London
116092579,2024-01-01,theft-from-the-person,On or near Tottenham Court Road,51.520697,-0.134429,False,Central London
116092644,2024-01-01,theft-from-the-person,On or near Further/higher Educational Building,51.516178,-0.131904,False,Central London
116092859,2024-01-01,theft-from-the-person,On or near Theatre/concert Hall,51.513046,-0.122679,False,Central London
116147142,2024-01-01,theft-from-the-person,On or near Glasshouse Street,51.510520,-0.137439,False,Central London
116090149,2024-01-01,theft-from-the-person,On or near Nightclub,51.516900,-0.132077,False,Central London
116093929,2024-01-01,theft-from-the-person,On or near Dering Street,51.514195,-0.145735,False,Central London
116094249,2024-01-01,theft-from-the-person,On or near Bolton Street,51.507115,-0.144408,False,Central London
116102025,2024-01-01,theft-from-the-person,On or near Soho Street,51.515939,-0.132693,False,Central London
116096312,2024-01-01,theft-from-the-person,On or near Museum Street,51.517265,-0.125071,False,Central London
116151979,2024-01-01,theft-from-the-person,On or near Gerrard Street,51.511760,-0.131163,False,Central London
116129454,2024-01-01,theft-from-the-person,On or near Leicester Street,51.510942,-0.131196,False,Central London
116134057,2024-01-01,theft-from-the-person,On or near Glasshouse Street,51.510520,-0.137439,False,Central London
116098626,2024-01-01,theft-from-the-person,On or near Parking Area,51.513233,-0.141234,False,Central London
116099073,2024-01-01,theft-from-the-person,On or near Theatre/concert Hall,51.514523,-0.129580,False,Central London
116099330,2024-01-01,theft-from-the-person,On or near Theatre/concert Hall,51.513046,-0.122679,False,Central London
116099404,2024-01-01,theft-from-the-person,On or near Parking Area,51.513233,-0.141234,False,Central London
116099516,2024-01-01,theft-from-the-person,On or near Monmouth Street,51.514211,-0.126984,False,Central London
116099757,2024-01-01,theft-from-the-person,On or near Strand,51.511022,-0.119880,False,Central London
116099796,2024-01-01,theft-from-the-person,On or near Gerrard Street,51.511760,-0.131163,False,Central London
116099806,2024-01-01,theft-from-the-person,On or near Further/higher Educational Building,51.516178,-0.131904,False,Central London
116096510,2024-01-01,theft-from-the-person,On or near Theatre/concert Hall,51.512300,-0.128388,False,Central London
116146899,2024-01-01,theft-from-the-person,On or near Market Place,51.516058,-0.140154,False,Central London
116162356,2024-01-01,theft-from-the-person,On or near Further/higher Educational Building,51.515727,-0.136304,False,Central London
116101820,2024-01-01,theft-from-the-person,On or near John Prince's Street,51.515753,-0.143092,False,Central London
116103266,2024-01-01,theft-from-the-person,On or near Theatre/concert Hall,51.509944,-0.127807,False,Central London
116103528,2024-01-01,theft-from-the-person,On or near Nightclub,51.507576,-0.141776,False,Central London
116103416,2024-01-01,theft-from-the-person,On or near Gresse Street,51.517516,-0.134012,False,Central London
116157529,2024-01-01,theft-from-the-person,On or near Glasshouse Street,51.510520,-0.137439,False,Central London
116105302,2024-01-01,theft-from-the-person,On or near Nottingham Court,51.514445,-0.125259,False,Central London
116105303,2024-01-01,theft-from-the-person,On or near Dyott Street,51.516820,-0.127583,False,Central London
116105344,2024-01-01,theft-from-the-person,On or near Theatre/concert Hall,51.514523,-0.129580,False,Central London
116105603,2024-01-01,theft-from-the-person,On or near Parking Area,51.517287,-0.130403,False,Central London
116161487,2024-01-01,theft-from-the-person,On or near Shopping Area,51.515070,-0.138003,False,Central London
116125818,2024-01-01,theft-from-the-person,On or near Charing Cross,51.507394,-0.128042,False,Central London
116106771,2024-01-01,theft-from-the-person,On or near B404,51.511030,-0.127085,False,Central London
116107231,2024-01-01,theft-from-the-person,On or near Conference/exhibition Centre,51.515984,-0.118595,False,Central London
116133763,2024-01-01,theft-from-the-person,On or near Dansey Place,51.511790,-0.131925,False,Central London
116162822,2024-01-01,theft-from-the-person,On or near Conference/exhibition Centre,51.516295,-0.129487,False,Central London
116108801,2024-01-01,theft-from-the-person,On or near B402,51.513777,-0.123456,False,Central London
116108825,2024-01-01,theft-from-the-person,On or near Gresse Street,51.517516,-0.134012,False,Central London
116109231,2024-01-01,theft-from-the-person,On or near Nightclub,51.508087,-0.124122,False,Central London
116107810,2024-01-01,theft-from-the-person,On or near Hanover Street,51.513827,-0.142363,False,Central London
116109709,2024-01-01,theft-from-the-person,On or near Little Newport Street,51.511703,-0.128701,False,Central London
116109520,2024-01-01,theft-from-the-person,On or near Leicester Street,51.510942,-0.131196,False,Central London
116109713,2024-01-01,theft-from-the-person,On or near Leicester Street,51.510942,-0.131196,False,Central London
116109714,2024-01-01,theft-from-the-person,On or near New Burlington Place,51.512078,-0.141526,False,Central London
116118739,2024-01-01,theft-from-the-person,On or near Further/higher Educational Building,51.516178,-0.131904,False,Central London
116134393,2024-01-01,theft-from-the-person,On or near Dering Street,51.514195,-0.145735,False,Central London
116112714,2024-01-01,theft-from-the-person,On or near Strand,51.511022,-0.119880,False,Central London
116112722,2024-01-01,theft-from-the-person,On or near Nightclub,51.511200,-0.133288,False,Central London
116112944,2024-01-01,theft-from-the-person,On or near Catton Street,51.518165,-0.120018,False,Central London
116112982,2024-01-01,theft-from-the-person,On or near Hills Place,51.515088,-0.140222,False,Central London
116147972,2024-01-01,theft-from-the-person,On or near Theatre/concert Hall,51.509944,-0.127807,False,Central London
116146707,2024-01-01,theft-from-the-person,On or near Coventry Street,51.510295,-0.132318,False,Central London
116102021,2024-01-01,theft-from-the-person,On or near Blenheim Street,51.513918,-0.146986,False,Central London
116102576,2024-01-01,theft-from-the-person,On or near Nightclub,51.511783,-0.129778,False,Central London
116103261,2024-01-01,theft-from-the-person,On or near Moor Street,51.513498,-0.130169,False,Central London
116103490,2024-01-01,theft-from-the-person,On or near Nightclub,51.514279,-0.131247,False,Central London
116103509,2024-01-01,theft-from-the-person,On or near Glasshouse Street,51.510520,-0.137439,False,Central London
116103537,2024-01-01,theft-from-the-person,On or near Parking Area,51.514010,-0.124528,False,Central London
116103606,2024-01-01,theft-from-the-person,On or near Gresse Street,51.517516,-0.134012,False,Central London
116104545,2024-01-01,theft-from-the-person,On or near Buckingham Gate,51.499246,-0.138706,False,Central London
116105340,2024-01-01,theft-from-the-person,On or near Theatre/concert Hall,51.513512,-0.126401,False,Central London
116105444,2024-01-01,theft-from-the-person,On or near Shaftesbury Avenue,51.514970,-0.127169,False,Central London
116105699,2024-01-01,theft-from-the-person,On or near Charles Ii Street,51.507970,-0.133162,False,Central London
116105729,2024-01-01,theft-from-the-person,On or near Shopping Area,51.513575,-0.140687,False,Central London
116113434,2024-01-01,theft-from-the-person,On or near Gresse Street,51.517516,-0.134012,False,Central London
116117211,2024-01-01,theft-from-the-person,On or near Hills Place,51.515088,-0.140222,False,Central London
116115092,2024-01-01,theft-from-the-person,On or near Howick Place,51.496711,-0.137095,False,Central London
116116488,2024-01-01,theft-from-the-person,On or near Further/higher Educational Building,51.516178,-0.131904,False,Central London
116117001,2024-01-01,theft-from-the-person,On or near Theme/adventure Park,51.502823,-0.119257,False,Central London
116117157,2024-01-01,theft-from-the-person,On or near Sackville Street,51.509929,-0.138703,False,Central London
116112237,2024-01-01,theft-from-the-person,On or near John Prince's Street,51.515753,-0.143092,False,Central London
116112370,2024-01-01,theft-from-the-person,On or near Theatre/concert Hall,51.511583,-0.133287,False,Central London
116112379,2024-01-01,theft-from-the-person,On or near Cranbourn Street,51.511339,-0.128427,False,Central London
116112437,2024-01-01,theft-from-the-person,On or near Hills Place,51.515088,-0.140222,False,Central London
116112492,2024-01-01,theft-from-the-person,On or near Further/higher Educational Building,51.516178,-0.131904,False,Central London
116112889,2024-01-01,theft-from-the-person,On or near Further/higher Educational Building,51.518043,-0.122651,False,Central London
116112943,2024-01-01,theft-from-the-person,On or near Montague Street,51.519680,-0.125347,False,Central London
116112984,2024-01-01,theft-from-the-person,On or near Hills Place,51.515088,-0.140222,False,Central London
116119821,2024-01-01,theft-from-the-person,On or near Further/higher Educational Building,51.516178,-0.131904,False,Central London
116119836,2024-01-01,theft-from-the-person,On or near Argyll Street,51.514684,-0.140844,False,Central London
116122455,2024-01-01,theft-from-the-person,On or near B402,51.512855,-0.124820,False,Central London
116122509,2024-01-01,theft-from-the-person,On or near Nightclub,51.512495,-0.138915,False,Central London
116122520,2024-01-01,theft-from-the-person,On or near A401,51.511790,-0.132459,False,Central London
116123120,2024-01-01,theft-from-the-person,On or near Nightclub,51.516900,-0.132077,False,Central London
116123209,2024-01-01,theft-from-the-person,On or near Leicester Street,51.510942,-0.131196,False,Central London
116123405,2024-01-01,theft-from-the-person,On or near Leicester Square,51.510468,-0.130769,False,Central London
116123423,2024-01-01,theft-from-the-person,On or near Little Newport Street,51.511703,-0.128701,False,Central London
116123994,2024-01-01,theft-from-the-person,On or near Macclesfield Street,51.511997,-0.131355,False,Central London
116125763,2024-01-01,theft-from-the-person,On or near Frith Street,51.513601,-0.131534,False,Central London
116117785,2024-01-01,theft-from-the-person,On or near Old Compton Street,51.513200,-0.131248,False,Central London
116128796,2024-01-01,theft-from-the-person,On or near Cork St Mews,51.509986,-0.141741,False,Central London
116128894,2024-01-01,theft-from-the-person,On or near Little Newport Street,51.511703,-0.128701,False,Central London
116137226,2024-01-01,theft-from-the-person,On or near Strand,51.511022,-0.119880,False,Central London
116137303,2024-01-01,theft-from-the-person,On or near Moor Street,51.513498,-0.130169,False,Central London
116138349,2024-01-01,theft-from-the-person,On or near Buckingham Mews,51.499549,-0.141416,False,Central London
116157584,2024-01-01,theft-from-the-person,On or near Soho Street,51.515939,-0.132693,False,Central London
116157803,2024-01-01,theft-from-the-person,On or near Theme/adventure Park,51.502823,-0.119257,False,Central London
116142923,2024-01-01,theft-from-the-person,On or near Nightclub,51.512495,-0.138915,False,Central London
116145046,2024-01-01,theft-from-the-person,On or near Russell Street,51.512863,-0.120842,False,Central London
116145047,2024-01-01,theft-from-the-person,On or near Gresse Street,51.517516,-0.134012,False,Central London
116145064,2024-01-01,theft-from-the-person,On or near Nightclub,51.512495,-0.138915,False,Central London
116145085,2024-01-01,theft-from-the-person,On or near Hills Place,51.515088,-0.140222,False,Central London
116145622,2024-01-01,theft-from-the-person,On or near Nightclub,51.515684,-0.135874,False,Central London
116146715,2024-01-01,theft-from-the-person,On or near Theatre/concert Hall,51.512300,-0.128388,False,Central London
116146824,2024-01-01,theft-from-the-person,On or near A401,51.511790,-0.132459,False,Central London
116147139,2024-01-01,theft-from-the-person,On or near Leicester Square,51.510468,-0.130769,False,Central London
116148637,2024-01-01,theft-from-the-person,On or near Hills Place,51.515088,-0.140222,False,Central London
116149837,2024-01-01,theft-from-the-person,On or near B402,51.512855,-0.124820,False,Central London
116149883,2024-01-01,theft-from-the-person,On or near Hills Place,51.515088,-0.140222,False,Central London
116149927,2024-01-01,theft-from-the-person,On or near Theatre/concert Hall,51.509158,-0.134930,False,Central London
116150052,2024-01-01,theft-from-the-person,On or near Dering Street,51.514195,-0.145735,False,Central London
116150897,2024-01-01,theft-from-the-person,On or near Shopping Area,51.496466,-0.141499,False,Central London
116151132,2024-01-01,theft-from-the-person,On or near Further/higher Educational Building,51.516178,-0.131904,False,Central London
116151642,2024-01-01,theft-from-the-person,On or near New Burlington Place,51.512078,-0.141526,False,Central London
116152372,2024-01-01,theft-from-the-person,On or near John Prince's Street,51.515753,-0.143092,False,Central London
116152480,2024-01-01,theft-from-the-person,On or near Theatre/concert Hall,51.512300,-0.128388,False,Central London
116153291,2024-01-01,theft-from-the-person,On or near Sports/recreation Area,51.509947,-0.131367,False,Central London
116109623,2024-01-01,theft-from-the-person,On or near Further/higher Educational Building,51.516178,-0.131904,False,Central London
116117855,2024-01-01,theft-from-the-person,On or near Theatre/concert Hall,51.512811,-0.133325,False,Central London
126016845,2024-01-01,theft-from-the-person,Piccadilly Circus (lu Station),51.509609,-0.135151,False,Central London
126016272,2024-01-01,theft-from-the-person,Leicester Square (lu Station),51.511627,-0.127696,False,Central London
126016271,2024-01-01,theft-from-the-person,Leicester Square (lu Station),51.511627,-0.127696,False,Central London
126016031,2024-01-01,theft-from-the-person,Holborn (lu Station),51.517640,-0.119723,False,Central London
126016030,2024-01-01,theft-from-the-person,Holborn (lu Station),51.517640,-0.119723,False,Central London
126015771,2024-01-01,theft-from-the-person,Goodge Street (lu Station),51.520544,-0.134450,False,Central London
126015563,2024-01-01,theft-from-the-person,Embankment (lu Station),51.507344,-0.122241,False,Central London
126015149,2024-01-01,theft-from-the-person,Charing Cross (lu Station),51.508360,-0.124803,False,Central London
126017776,2024-01-01,theft-from-the-person,Westminster (lu Station),51.501359,-0.124657,False,Central London
126017675,2024-01-01,theft-from-the-person,Waterloo (london) (station),51.503058,-0.113754,False,Central London
126017674,2024-01-01,theft-from-the-person,Waterloo (london) (station),51.503058,-0.113754,False,Central London
126017663,2024-01-01,theft-from-the-person,Waterloo (london) (station),51.503058,-0.113754,False,Central London
116111958,2024-01-01,theft-from-the-person,On or near Great Chapel Street,51.515580,-0.134437,False,Central London
116116511,2024-01-01,theft-from-the-person,On or near Hollen Street,51.515470,-0.134874,False,Central London
116112793,2024-01-01,theft-from-the-person,On or near Hills Place,51.515088,-0.140222,False,Central London
116122987,2024-01-01,theft-from-the-person,On or near Nightclub,51.514536,-0.140043,False,Central London
116123900,2024-01-01,theft-from-the-person,On or near Nightclub,51.512495,-0.138915,False,Central London
116134697,2024-01-01,theft-from-the-person,On or near Albany Courtyard,51.508699,-0.138306,False,Central London
116134698,2024-01-01,theft-from-the-person,On or near William Iv Street,51.509491,-0.125924,False,Central London
116159009,2024-01-01,theft-from-the-person,On or near Parking Area,51.507286,-0.128903,False,Central London
116126213,2024-01-01,theft-from-the-person,On or near Hamilton Mews,51.504176,-0.149643,False,Central London
116158318,2024-01-01,theft-from-the-person,On or near Market Place,51.516058,-0.140154,False,Central London
116089796,2024-01-01,theft-from-the-person,On or near Yarmouth Place,51.505459,-0.146623,False,Central London
116090081,2024-01-01,theft-from-the-person,On or near John Adam Street,51.509044,-0.123247,False,Central London
116090139,2024-01-01,theft-from-the-person,On or near Romilly Street,51.513019,-0.130592,False,Central London
116090206,2024-01-01,theft-from-the-person,On or near Leicester Street,51.510942,-0.131196,False,Central London
116090216,2024-01-01,theft-from-the-person,On or near Further/higher Educational Building,51.516178,-0.131904,False,Central London
116090495,2024-01-01,theft-from-the-person,On or near Argyll Street,51.514684,-0.140844,False,Central London
116090595,2024-01-01,theft-from-the-person,On or near Dering Street,51.514195,-0.145735,False,Central London
116090600,2024-01-01,theft-from-the-person,On or near Further/higher Educational Building,51.516178,-0.131904,False,Central London
116090663,2024-01-01,theft-from-the-person,On or near Neal Street,51.513386,-0.124308,False,Central London
116092306,2024-01-01,theft-from-the-person,On or near Montague Street,51.519680,-0.125347,False,Central London
116092307,2024-01-01,theft-from-the-person,On or near New North Street,51.520365,-0.119827,False,Central London
116092310,2024-01-01,theft-from-the-person,On or near Denmark Street,51.515189,-0.129653,False,Central London
116092311,2024-01-01,theft-from-the-person,On or near Theatre/concert Hall,51.516275,-0.126121,False,Central London
116092547,2024-01-01,theft-from-the-person,On or near Nightclub,51.510840,-0.128984,False,Central London
116092548,2024-01-01,theft-from-the-person,On or near Nightclub,51.513406,-0.131715,False,Central London
116091991,2024-01-01,theft-from-the-person,On or near Macclesfield Street,51.511997,-0.131355,False,Central London
116091992,2024-01-01,theft-from-the-person,On or near Bourchier Street,51.513052,-0.132681,False,Central London
116092065,2024-01-01,theft-from-the-person,On or near Dering Street,51.514195,-0.145735,False,Central London
116092140,2024-01-01,theft-from-the-person,On or near Streatham Street,51.517319,-0.127274,False,Central London
116092253,2024-01-01,theft-from-the-person,On or near Apple Tree Yard,51.508313,-0.136074,False,Central London
116092262,2024-01-01,theft-from-the-person,On or near Corner House Street,51.507725,-0.125708,False,Central London
116091111,2024-01-01,theft-from-the-person,On or near Long Acre,51.513205,-0.124229,False,Central London
116091148,2024-01-01,theft-from-the-person,On or near Buckingham Mews,51.499549,-0.141416,False,Central London
116091147,2024-01-01,theft-from-the-person,On or near Shopping Area,51.516618,-0.139226,False,Central London
116091226,2024-01-01,theft-from-the-person,On or near Market Place,51.516058,-0.140154,False,Central London
116105724,2024-01-01,theft-from-the-person,On or near Theatre/concert Hall,51.512300,-0.128388,False,Central London
116105731,2024-01-01,theft-from-the-person,On or near Theatre/concert Hall,51.512300,-0.128388,False,Central London
116105737,2024-01-01,theft-from-the-person,On or near Bridge Street,51.500978,-0.125524,False,Central London
116105986,2024-01-01,theft-from-the-person,On or near Shelton Street,51.513753,-0.125331,False,Central London
116105987,2024-01-01,theft-from-the-person,On or near Shelton Street,51.513753,-0.125331,False,Central London
116106005,2024-01-01,theft-from-the-person,On or near Conference/exhibition Centre,51.514559,-0.126369,False,Central London
116106898,2024-01-01,theft-from-the-person,On or near Bridle Lane,51.511925,-0.136431,False,Central London
116107082,2024-01-01,theft-from-the-person,On or near Parking Area,51.514209,-0.137000,False,Central London
116113843,2024-01-01,theft-from-the-person,On or near Nightclub,51.508087,-0.124122,False,Central London
116113822,2024-01-01,theft-from-the-person,On or near London Waterloo,51.502663,-0.113423,False,Central London
116113840,2024-01-01,theft-from-the-person,On or near Pollen Street,51.513575,-0.142373,False,Central London
116113844,2024-01-01,theft-from-the-person,On or near Little Newport Street,51.511703,-0.128701,False,Central London
116113927,2024-01-01,theft-from-the-person,On or near Great Chapel Street,51.515580,-0.134437,False,Central London
116114009,2024-01-01,theft-from-the-person,On or near Further/higher Educational Building,51.516178,-0.131904,False,Central London
116114368,2024-01-01,theft-from-the-person,On or near Parking Area,51.506236,-0.141322,False,Central London
116117214,2024-01-01,theft-from-the-person,On or near Russell Street,51.512863,-0.120842,False,Central London
116114515,2024-01-01,theft-from-the-person,On or near Great Chapel Street,51.515580,-0.134437,False,Central London
116115390,2024-01-01,theft-from-the-person,On or near Supermarket,51.500077,-0.113602,False,Central London
116108818,2024-01-01,theft-from-the-person,On or near Dering Street,51.514195,-0.145735,False,Central London
116108812,2024-01-01,theft-from-the-person,On or near Victoria Square,51.497798,-0.144931,False,Central London
116108961,2024-01-01,theft-from-the-person,On or near Denman Street,51.510729,-0.135283,False,Central London
116109151,2024-01-01,theft-from-the-person,On or near The Cut,51.503587,-0.105417,False,Central London
116109282,2024-01-01,theft-from-the-person,On or near Leicester Street,51.510942,-0.131196,False,Central London
116109284,2024-01-01,theft-from-the-person,On or near Gerrard Street,51.511760,-0.131163,False,Central London
116109509,2024-01-01,theft-from-the-person,On or near Cranbourn Street,51.511339,-0.128427,False,Central London
116109518,2024-01-01,theft-from-the-person,On or near Leicester Street,51.510942,-0.131196,False,Central London
116109550,2024-01-01,theft-from-the-person,On or near Glasshouse Street,51.510520,-0.137439,False,Central London
116109559,2024-01-01,theft-from-the-person,On or near Parking Area,51.514091,-0.137467,False,Central London
116109591,2024-01-01,theft-from-the-person,On or near Shopping Area,51.496466,-0.141499,False,Central London
116109618,2024-01-01,theft-from-the-person,On or near Hollen Street,51.515470,-0.134874,False,Central London
116109636,2024-01-01,theft-from-the-person,On or near Market Place,51.516058,-0.140154,False,Central London
116109638,2024-01-01,theft-from-the-person,On or near Parking Area,51.514010,-0.124528,False,Central London
116109693,2024-01-01,theft-from-the-person,On or near Hanover Street,51.513827,-0.142363,False,Central London
116109705,2024-01-01,theft-from-the-person,On or near Dering Street,51.514195,-0.145735,False,Central London
116109724,2024-01-01,theft-from-the-person,On or near Greek Street,51.513804,-0.130733,False,Central London
116109726,2024-01-01,theft-from-the-person,On or near Macclesfield Street,51.511997,-0.131355,False,Central London
116110094,2024-01-01,theft-from-the-person,On or near Dunn's Passage,51.517030,-0.123827,False,Central London
116110269,2024-01-01,theft-from-the-person,On or near Nightclub,51.511783,-0.129778,False,Central London
116110303,2024-01-01,theft-from-the-person,On or near Horse Guards Avenue,51.504925,-0.124886,False,Central London
116110298,2024-01-01,theft-from-the-person,On or near Glasshouse Street,51.510520,-0.137439,False,Central London
116110304,2024-01-01,theft-from-the-person,On or near Great Chapel Street,51.515580,-0.134437,False,Central London
116110384,2024-01-01,theft-from-the-person,On or near Blenheim Street,51.513918,-0.146986,False,Central London
116110381,2024-01-01,theft-from-the-person,On or near Nightclub,51.510953,-0.133012,False,Central London
116113386,2024-01-01,theft-from-the-person,On or near St James's Market,51.509251,-0.133398,False,Central London
116113387,2024-01-01,theft-from-the-person,On or near St James's Market,51.509251,-0.133398,False,Central London
116113395,2024-01-01,theft-from-the-person,On or near Nightclub,51.509962,-0.137952,False,Central London
116113439,2024-01-01,theft-from-the-person,On or near Long Acre,51.513205,-0.124229,False,Central London
116113687,2024-01-01,theft-from-the-person,On or near Further/higher Educational Building,51.516178,-0.131904,False,Central London
116113689,2024-01-01,theft-from-the-person,On or near Shopping Area,51.515070,-0.138003,False,Central London
116113691,2024-01-01,theft-from-the-person,On or near Blenheim Street,51.513918,-0.146986,False,Central London
116113696,2024-01-01,theft-from-the-person,On or near Great Windmill Street,51.510952,-0.134064,False,Central London
116113701,2024-01-01,theft-from-the-person,On or near Market Place,51.516058,-0.140154,False,Central London
116113702,2024-01-01,theft-from-the-person,On or near Dansey Place,51.511790,-0.131925,False,Central London
116111956,2024-01-01,theft-from-the-person,On or near Gerrard Street,51.511760,-0.131163,False,Central London
116111957,2024-01-01,theft-from-the-person,On or near Beak Street,51.512254,-0.137902,False,Central London
116112086,2024-01-01,theft-from-the-person,On or near Hills Place,51.515088,-0.140222,False,Central London
116112088,2024-01-01,theft-from-the-person,On or near Warwick Row,51.498315,-0.142994,False,Central London
116112090,2024-01-01,theft-from-the-person,On or near Coventry Street,51.510295,-0.132318,False,Central London
116112393,2024-01-01,theft-from-the-person,On or near Nightclub,51.514012,-0.131078,False,Central London
116112381,2024-01-01,theft-from-the-person,On or near Hills Place,51.515088,-0.140222,False,Central London
116116280,2024-01-01,theft-from-the-person,On or near Dering Street,51.514195,-0.145735,False,Central London
116116285,2024-01-01,theft-from-the-person,On or near Soho Street,51.515939,-0.132693,False,Central London
116116435,2024-01-01,theft-from-the-person,On or near Charles Ii Street,51.507970,-0.133162,False,Central London
116116453,2024-01-01,theft-from-the-person,On or near Nightclub,51.516900,-0.132077,False,Central London
116116550,2024-01-01,theft-from-the-person,On or near Theatre/concert Hall,51.512300,-0.128388,False,Central London
116116552,2024-01-01,theft-from-the-person,On or near Old Compton Street,51.513200,-0.131248,False,Central London
116116572,2024-01-01,theft-from-the-person,On or near Further/higher Educational Building,51.500280,-0.116091,False,Central London
116116646,2024-01-01,theft-from-the-person,On or near Hills Place,51.515088,-0.140222,False,Central London
116116712,2024-01-01,theft-from-the-person,On or near Nightclub,51.515684,-0.135874,False,Central London
116116713,2024-01-01,theft-from-the-person,On or near Further/higher Educational Building,51.516178,-0.131904,False,Central London
116116725,2024-01-01,theft-from-the-person,On or near Upper James Street,51.512419,-0.137520,False,Central London
116116730,2024-01-01,theft-from-the-person,On or near Nightclub,51.510953,-0.133012,False,Central London
116117127,2024-01-01,theft-from-the-person,On or near Hills Place,51.515088,-0.140222,False,Central London
116117160,2024-01-01,theft-from-the-person,On or near Nightclub,51.513406,-0.131715,False,Central London
116117161,2024-01-01,theft-from-the-person,On or near St James's Market,51.509251,-0.133398,False,Central London
116117194,2024-01-01,theft-from-the-person,On or near Nightclub,51.515684,-0.135874,False,Central London
116117204,2024-01-01,theft-from-the-person,On or near White Horse Street,51.505985,-0.145794,False,Central London
116111412,2024-01-01,theft-from-the-person,On or near Nightclub,51.516875,-0.141807,False,Central London
116111647,2024-01-01,theft-from-the-person,On or near John Prince's Street,51.515753,-0.143092,False,Central London
116121193,2024-01-01,theft-from-the-person,On or near Soho Street,51.515939,-0.132693,False,Central London
116112470,2024-01-01,theft-from-the-person,On or near Hills Place,51.515088,-0.140222,False,Central London
116112720,2024-01-01,theft-from-the-person,On or near Theatre/concert Hall,51.512811,-0.133325,False,Central London
116113123,2024-01-01,theft-from-the-person,On or near Argyll Street,51.514684,-0.140844,False,Central London
116113124,2024-01-01,theft-from-the-person,On or near Nightclub,51.511783,-0.129778,False,Central London
116119116,2024-01-01,theft-from-the-person,On or near Police Station,51.509786,-0.124658,False,Central London
116119311,2024-01-01,theft-from-the-person,On or near Shopping Area,51.496466,-0.141499,False,Central London
116119427,2024-01-01,theft-from-the-person,On or near Conference/exhibition Centre,51.516295,-0.129487,False,Central London
116119769,2024-01-01,theft-from-the-person,On or near John Prince's Street,51.515753,-0.143092,False,Central London
116119781,2024-01-01,theft-from-the-person,On or near Theatre/concert Hall,51.513075,-0.118888,False,Central London
116119802,2024-01-01,theft-from-the-person,On or near Argyll Street,51.514684,-0.140844,False,Central London
116119806,2024-01-01,theft-from-the-person,On or near Dansey Place,51.511790,-0.131925,False,Central London
116119885,2024-01-01,theft-from-the-person,On or near Further/higher Educational Building,51.515727,-0.136304,False,Central London
116119889,2024-01-01,theft-from-the-person,On or near York Buildings,51.508653,-0.122975,False,Central London
116119897,2024-01-01,theft-from-the-person,On or near Nightclub,51.515684,-0.135874,False,Central London
116119888,2024-01-01,theft-from-the-person,On or near Hills Place,51.515088,-0.140222,False,Central London
116119891,2024-01-01,theft-from-the-person,On or near Further/higher Educational Building,51.516178,-0.131904,False,Central London
116119938,2024-01-01,theft-from-the-person,On or near Dansey Place,51.511790,-0.131925,False,Central London
116120017,2024-01-01,theft-from-the-person,On or near Dering Street,51.514195,-0.145735,False,Central London
116120666,2024-01-01,theft-from-the-person,On or near Frith Street,51.513601,-0.131534,False,Central London
116122853,2024-01-01,theft-from-the-person,On or near Hatfields,51.503496,-0.106473,False,Central London
116123105,2024-01-01,theft-from-the-person,On or near Nightclub,51.516900,-0.132077,False,Central London
116123103,2024-01-01,theft-from-the-person,On or near Gerrard Street,51.511760,-0.131163,False,Central London
116123117,2024-01-01,theft-from-the-person,On or near Davies Street,51.512136,-0.148081,False,Central London
116123208,2024-01-01,theft-from-the-person,On or near Greek Street,51.513804,-0.130733,False,Central London
116123207,2024-01-01,theft-from-the-person,On or near Cranbourn Street,51.511339,-0.128427,False,Central London
116123225,2024-01-01,theft-from-the-person,On or near Denmark Street,51.515189,-0.129653,False,Central London
116123228,2024-01-01,theft-from-the-person,On or near Theatre/concert Hall,51.512300,-0.128388,False,Central London
116123234,2024-01-01,theft-from-the-person,On or near Parking Area,51.507097,-0.130864,False,Central London
116123242,2024-01-01,theft-from-the-person,On or near Argyll Street,51.514684,-0.140844,False,Central London
116123392,2024-01-01,theft-from-the-person,On or near Shelton Street,51.513753,-0.125331,False,Central London
116123386,2024-01-01,theft-from-the-person,On or near Shaftesbury Avenue,51.513064,-0.129438,False,Central London
116123407,2024-01-01,theft-from-the-person,On or near Denman Street,51.510729,-0.135283,False,Central London
116123406,2024-01-01,theft-from-the-person,On or near Further/higher Educational Building,51.516178,-0.131904,False,Central London
116123404,2024-01-01,theft-from-the-person,On or near Soho Street,51.515939,-0.132693,False,Central London
116123520,2024-01-01,theft-from-the-person,On or near Nightclub,51.512495,-0.138915,False,Central London
116123722,2024-01-01,theft-from-the-person,On or near Theatre/concert Hall,51.510152,-0.132382,False,Central London
116123969,2024-01-01,theft-from-the-person,On or near James Street,51.512802,-0.123770,False,Central London
116123977,2024-01-01,theft-from-the-person,On or near Soho Street,51.515939,-0.132693,False,Central London
116124006,2024-01-01,theft-from-the-person,On or near Argyll Street,51.514684,-0.140844,False,Central London
116124018,2024-01-01,theft-from-the-person,On or near Baron's Place,51.501110,-0.106860,False,Central London
116124026,2024-01-01,theft-from-the-person,On or near Conference/exhibition Centre,51.514559,-0.126369,False,Central London
116124045,2024-01-01,theft-from-the-person,On or near Nightclub,51.516900,-0.132077,False,Central London
116122393,2024-01-01,theft-from-the-person,On or near Whitehall Court,51.505942,-0.124412,False,Central London
116122398,2024-01-01,theft-from-the-person,On or near Nightclub,51.514012,-0.131078,False,Central London
116122517,2024-01-01,theft-from-the-person,On or near Cranbourn Street,51.511339,-0.128427,False,Central London
116122664,2024-01-01,theft-from-the-person,On or near B402,51.513777,-0.123456,False,Central London
116124276,2024-01-01,theft-from-the-person,On or near Monmouth Street,51.514211,-0.126984,False,Central London
116124394,2024-01-01,theft-from-the-person,On or near Catton Street,51.518165,-0.120018,False,Central London
116124947,2024-01-01,theft-from-the-person,On or near Earnshaw Street,51.516037,-0.128682,False,Central London
116125040,2024-01-01,theft-from-the-person,On or near Stamford Street,51.505931,-0.110839,False,Central London
116125025,2024-01-01,theft-from-the-person,On or near Ferry Terminal,51.506563,-0.117124,False,Central London
116125263,2024-01-01,theft-from-the-person,On or near Great Chapel Street,51.515580,-0.134437,False,Central London
116125508,2024-01-01,theft-from-the-person,On or near Lambeth North,51.499042,-0.111930,False,Central London
116125503,2024-01-01,theft-from-the-person,On or near Upper Ground,51.507477,-0.109679,False,Central London
116125551,2024-01-01,theft-from-the-person,On or near Theatre/concert Hall,51.502339,-0.108884,False,Central London
116125808,2024-01-01,theft-from-the-person,On or near Glasshouse Street,51.510520,-0.137439,False,Central London
116117890,2024-01-01,theft-from-the-person,On or near Nightclub,51.511783,-0.129778,False,Central London
116118296,2024-01-01,theft-from-the-person,On or near Phoenix Street,51.514209,-0.129665,False,Central London
116092861,2024-01-01,theft-from-the-person,On or near Theatre/concert Hall,51.512300,-0.128388,False,Central London
116094123,2024-01-01,theft-from-the-person,On or near Soho Street,51.515939,-0.132693,False,Central London
116094350,2024-01-01,theft-from-the-person,On or near Parking Area,51.517287,-0.130403,False,Central London
116094789,2024-01-01,theft-from-the-person,On or near B402,51.513777,-0.123456,False,Central London
116095889,2024-01-01,theft-from-the-person,On or near Covent Garden,51.512980,-0.124210,False,Central London
116095970,2024-01-01,theft-from-the-person,On or near Nightclub,51.514492,-0.131037,False,Central London
116095998,2024-01-01,theft-from-the-person,On or near Great Windmill Street,51.510952,-0.134064,False,Central London
116095996,2024-01-01,theft-from-the-person,On or near Lisle Street,51.511534,-0.130495,False,Central London
116095999,2024-01-01,theft-from-the-person,On or near Great Windmill Street,51.510952,-0.134064,False,Central London
116096007,2024-01-01,theft-from-the-person,On or near Greek Street,51.513804,-0.130733,False,Central London
116096296,2024-01-01,theft-from-the-person,On or near Maiden Lane,51.510759,-0.123061,False,Central London
116096298,2024-01-01,theft-from-the-person,On or near Nightclub,51.511783,-0.129778,False,Central London
116096304,2024-01-01,theft-from-the-person,On or near West Street,51.512980,-0.128130,False,Central London
116096416,2024-01-01,theft-from-the-person,On or near Livonia Street,51.514030,-0.135941,False,Central London
116096548,2024-01-01,theft-from-the-person,On or near Bourchier Street,51.513052,-0.132681,False,Central London
116096544,2024-01-01,theft-from-the-person,On or near Margaret Street,51.516668,-0.141210,False,Central London
116096755,2024-01-01,theft-from-the-person,On or near Little Russell Street,51.517742,-0.125614,False,Central London
116097637,2024-01-01,theft-from-the-person,On or near Nightclub,51.512495,-0.138915,False,Central London
116097771,2024-01-01,theft-from-the-person,On or near Mortimer Street,51.517866,-0.140195,False,Central London
116097773,2024-01-01,theft-from-the-person,On or near John Prince's Street,51.515753,-0.143092,False,Central London
116097774,2024-01-01,theft-from-the-person,On or near Nightclub,51.516875,-0.141807,False,Central London
116097778,2024-01-01,theft-from-the-person,On or near Nightclub,51.515684,-0.135874,False,Central London
116098090,2024-01-01,theft-from-the-person,On or near Blenheim Street,51.513918,-0.146986,False,Central London
116098088,2024-01-01,theft-from-the-person,On or near Hills Place,51.515088,-0.140222,False,Central London
116098131,2024-01-01,theft-from-the-person,On or near Gresse Street,51.517516,-0.134012,False,Central London
116098132,2024-01-01,theft-from-the-person,On or near Bedford Street,51.510389,-0.124157,False,Central London
116098264,2024-01-01,theft-from-the-person,On or near Blenheim Street,51.513918,-0.146986,False,Central London
116098374,2024-01-01,theft-from-the-person,On or near Market Place,51.516058,-0.140154,False,Central London
116098356,2024-01-01,theft-from-the-person,On or near Leicester Street,51.510942,-0.131196,False,Central London
116098375,2024-01-01,theft-from-the-person,On or near B402,51.513777,-0.123456,False,Central London
116098381,2024-01-01,theft-from-the-person,On or near B402,51.512855,-0.124820,False,Central London
116098395,2024-01-01,theft-from-the-person,On or near Hanover Street,51.513827,-0.142363,False,Central London
116098504,2024-01-01,theft-from-the-person,On or near Denman Street,51.510729,-0.135283,False,Central London
116098628,2024-01-01,theft-from-the-person,On or near Nightclub,51.510953,-0.133012,False,Central London
116098633,2024-01-01,theft-from-the-person,On or near Little Newport Street,51.511703,-0.128701,False,Central London
116098708,2024-01-01,theft-from-the-person,On or near Further/higher Educational Building,51.516178,-0.131904,False,Central London
116098745,2024-01-01,theft-from-the-person,On or near Hills Place,51.515088,-0.140222,False,Central London
116098741,2024-01-01,theft-from-the-person,On or near London Waterloo,51.502663,-0.113423,False,Central London
116098747,2024-01-01,theft-from-the-person,On or near Little Titchfield Street,51.517954,-0.141777,False,Central London
116098764,2024-01-01,theft-from-the-person,On or near Further/higher Educational Building,51.515727,-0.136304,False,Central London
116098765,2024-01-01,theft-from-the-person,On or near Argyll Street,51.514684,-0.140844,False,Central London
116098824,2024-01-01,theft-from-the-person,On or near Glasshouse Street,51.510520,-0.137439,False,Central London
116098882,2024-01-01,theft-from-the-person,On or near Theatre/concert Hall,51.509158,-0.134930,False,Central London
116098950,2024-01-01,theft-from-the-person,On or near Further/higher Educational Building,51.514867,-0.138790,False,Central London
116098992,2024-01-01,theft-from-the-person,On or near Parker Street,51.515869,-0.121554,False,Central London
116099226,2024-01-01,theft-from-the-person,On or near Further/higher Educational Building,51.516178,-0.131904,False,Central London
116099237,2024-01-01,theft-from-the-person,On or near Soho Street,51.515939,-0.132693,False,Central London
116099227,2024-01-01,theft-from-the-person,On or near Further/higher Educational Building,51.514867,-0.138790,False,Central London
116099230,2024-01-01,theft-from-the-person,On or near Conference/exhibition Centre,51.506334,-0.136010,False,Central London
116100944,2024-01-01,theft-from-the-person,On or near London Waterloo,51.502663,-0.113423,False,Central London
116100987,2024-01-01,theft-from-the-person,On or near Murphy Street,51.499816,-0.112489,False,Central London
116100998,2024-01-01,theft-from-the-person,On or near Alfred Place,51.519794,-0.132535,False,Central London
116099326,2024-01-01,theft-from-the-person,On or near Moor Street,51.513498,-0.130169,False,Central London
116099406,2024-01-01,theft-from-the-person,On or near John Prince's Street,51.515753,-0.143092,False,Central London
116099801,2024-01-01,theft-from-the-person,On or near Shopping Area,51.516618,-0.139226,False,Central London
116100381,2024-01-01,theft-from-the-person,On or near Further/higher Educational Building,51.516178,-0.131904,False,Central London
116101417,2024-01-01,theft-from-the-person,On or near Cork Street,51.510379,-0.141552,False,Central London
116101302,2024-01-01,theft-from-the-person,On or near Parking Area,51.513233,-0.141234,False,Central London
116101665,2024-01-01,theft-from-the-person,On or near Westminster Bridge Road,51.499692,-0.114266,False,Central London
116102618,2024-01-01,theft-from-the-person,On or near Great Windmill Street,51.510952,-0.134064,False,Central London
116102619,2024-01-01,theft-from-the-person,On or near Upper John Street,51.511860,-0.137975,False,Central London
116103387,2024-01-01,theft-from-the-person,On or near Nightclub,51.511783,-0.129778,False,Central London
116103388,2024-01-01,theft-from-the-person,On or near B402,51.513777,-0.123456,False,Central London
116103407,2024-01-01,theft-from-the-person,On or near Moor Street,51.513498,-0.130169,False,Central London
116103411,2024-01-01,theft-from-the-person,On or near Coventry Street,51.510295,-0.132318,False,Central London
116103415,2024-01-01,theft-from-the-person,On or near William Iv Street,51.509491,-0.125924,False,Central London
116103435,2024-01-01,theft-from-the-person,On or near Dering Street,51.514195,-0.145735,False,Central London
116103502,2024-01-01,theft-from-the-person,On or near Theatre/concert Hall,51.509944,-0.127807,False,Central London
116103495,2024-01-01,theft-from-the-person,On or near William Iv Street,51.509491,-0.125924,False,Central London
116103510,2024-01-01,theft-from-the-person,On or near Further/higher Educational Building,51.516178,-0.131904,False,Central London
116103511,2024-01-01,theft-from-the-person,On or near D'arblay Street,51.514677,-0.135857,False,Central London
116103506,2024-01-01,theft-from-the-person,On or near Vigo Street,51.510266,-0.139006,False,Central London
116103580,2024-01-01,theft-from-the-person,On or near Gerrard Street,51.511760,-0.131163,False,Central London
116103578,2024-01-01,theft-from-the-person,On or near Market Place,51.516058,-0.140154,False,Central London
116103604,2024-01-01,theft-from-the-person,On or near Ham Yard,51.511310,-0.134539,False,Central London
116103607,2024-01-01,theft-from-the-person,On or near Soho Street,51.515939,-0.132693,False,Central London
116103920,2024-01-01,theft-from-the-person,On or near Leicester Square,51.510468,-0.130769,False,Central London
116107646,2024-01-01,theft-from-the-person,On or near Greek Street,51.513804,-0.130733,False,Central London
116107813,2024-01-01,theft-from-the-person,On or near Little Marlborough Street,51.513708,-0.140004,False,Central London
116107817,2024-01-01,theft-from-the-person,On or near Theatre/concert Hall,51.509158,-0.134930,False,Central London
116142331,2024-01-01,theft-from-the-person,On or near Morwell Street,51.518072,-0.131077,False,Central London
116134072,2024-01-01,theft-from-the-person,On or near Gerrard Street,51.511760,-0.131163,False,Central London
116134078,2024-01-01,theft-from-the-person,On or near Yarmouth Place,51.505459,-0.146623,False,Central London
116134423,2024-01-01,theft-from-the-person,On or near Nightclub,51.516166,-0.137324,False,Central London
116134497,2024-01-01,theft-from-the-person,On or near Nightclub,51.507576,-0.141776,False,Central London
116134617,2024-01-01,theft-from-the-person,On or near Market Place,51.516058,-0.140154,False,Central London
116134678,2024-01-01,theft-from-the-person,On or near Old Compton Street,51.513200,-0.131248,False,Central London
116134702,2024-01-01,theft-from-the-person,On or near Thirleby Road,51.496320,-0.138508,False,Central London
116134703,2024-01-01,theft-from-the-person,On or near Theatre/concert Hall,51.512300,-0.128388,False,Central London
116134710,2024-01-01,theft-from-the-person,On or near Nightclub,51.510840,-0.128984,False,Central London
116134707,2024-01-01,theft-from-the-person,On or near Argyll Street,51.514684,-0.140844,False,Central London
116134735,2024-01-01,theft-from-the-person,On or near Carnaby Street,51.513150,-0.138845,False,Central London
116134833,2024-01-01,theft-from-the-person,On or near Riding House Street,51.519883,-0.138138,False,Central London
116136110,2024-01-01,theft-from-the-person,On or near Royal Street,51.498619,-0.115780,False,Central London
116136247,2024-01-01,theft-from-the-person,On or near A302,51.500211,-0.126492,False,Central London
116136856,2024-01-01,theft-from-the-person,On or near Theatre/concert Hall,51.503895,-0.109482,False,Central London
116137193,2024-01-01,theft-from-the-person,On or near Denman Street,51.510729,-0.135283,False,Central London
116137194,2024-01-01,theft-from-the-person,On or near Dansey Place,51.511790,-0.131925,False,Central London
116137276,2024-01-01,theft-from-the-person,On or near Langham Place,51.517741,-0.143126,False,Central London
116137310,2024-01-01,theft-from-the-person,On or near Newburgh Street,51.513370,-0.138519,False,Central London
116137333,2024-01-01,theft-from-the-person,On or near Cork St Mews,51.509986,-0.141741,False,Central London
116138304,2024-01-01,theft-from-the-person,On or near Argyll Street,51.514684,-0.140844,False,Central London
116138336,2024-01-01,theft-from-the-person,On or near Langham Place,51.517741,-0.143126,False,Central London
116138367,2024-01-01,theft-from-the-person,On or near Neal Street,51.513386,-0.124308,False,Central London
116138366,2024-01-01,theft-from-the-person,On or near Argyll Street,51.514684,-0.140844,False,Central London
116157430,2024-01-01,theft-from-the-person,On or near Shopping Area,51.496466,-0.141499,False,Central London
116157431,2024-01-01,theft-from-the-person,On or near A5204,51.519697,-0.134917,False,Central London
116157582,2024-01-01,theft-from-the-person,On or near Hills Place,51.515088,-0.140222,False,Central London
116157920,2024-01-01,theft-from-the-person,On or near Nightclub,51.514012,-0.131078,False,Central London
116142916,2024-01-01,theft-from-the-person,On or near Shopping Area,51.516618,-0.139226,False,Central London
116142926,2024-01-01,theft-from-the-person,On or near Ganton Street,51.513114,-0.138803,False,Central London
116143222,2024-01-01,theft-from-the-person,On or near Bedford Street,51.510389,-0.124157,False,Central London
116143276,2024-01-01,theft-from-the-person,On or near Nightclub,51.512495,-0.138915,False,Central London
116143483,2024-01-01,theft-from-the-person,On or near Theatre/concert Hall,51.513046,-0.122679,False,Central London
116128504,2024-01-01,theft-from-the-person,On or near Nightclub,51.515684,-0.135874,False,Central London
116128710,2024-01-01,theft-from-the-person,On or near Nightclub,51.515684,-0.135874,False,Central London
116128744,2024-01-01,theft-from-the-person,On or near Bridge Street,51.500978,-0.125524,False,Central London
116128807,2024-01-01,theft-from-the-person,On or near Argyll Street,51.514684,-0.140844,False,Central London
116128897,2024-01-01,theft-from-the-person,On or near Rose Street,51.511623,-0.125951,False,Central London
116128983,2024-01-01,theft-from-the-person,On or near Southampton Street,51.511096,-0.122226,False,Central London
116128986,2024-01-01,theft-from-the-person,On or near Soho Street,51.515939,-0.132693,False,Central London
116143908,2024-01-01,theft-from-the-person,On or near Old Compton Street,51.513200,-0.131248,False,Central London
116129444,2024-01-01,theft-from-the-person,On or near Dering Street,51.514195,-0.145735,False,Central London
116129487,2024-01-01,theft-from-the-person,On or near Gresse Street,51.517516,-0.134012,False,Central London
116129903,2024-01-01,theft-from-the-person,On or near Brad Street,51.504309,-0.108960,False,Central London
116130077,2024-01-01,theft-from-the-person,On or near Shelton Street,51.513753,-0.125331,False,Central London
116130128,2024-01-01,theft-from-the-person,On or near Romilly Street,51.513019,-0.130592,False,Central London
116130391,2024-01-01,theft-from-the-person,On or near Pear Place,51.502428,-0.110508,False,Central London
116130413,2024-01-01,theft-from-the-person,On or near Theatre/concert Hall,51.504066,-0.110037,False,Central London
116130417,2024-01-01,theft-from-the-person,On or near London Waterloo,51.502663,-0.113423,False,Central London
116127337,2024-01-01,theft-from-the-person,On or near Argyll Street,51.514684,-0.140844,False,Central London
116127353,2024-01-01,theft-from-the-person,On or near Romilly Street,51.513019,-0.130592,False,Central London
116127350,2024-01-01,theft-from-the-person,On or near Glasshouse Street,51.510520,-0.137439,False,Central London
116139940,2024-01-01,theft-from-the-person,On or near Chicheley Street,51.502888,-0.117319,False,Central London
116140339,2024-01-01,theft-from-the-person,On or near Further/higher Educational Building,51.516178,-0.131904,False,Central London
116140340,2024-01-01,theft-from-the-person,On or near Moor Street,51.513498,-0.130169,False,Central London
116140619,2024-01-01,theft-from-the-person,On or near Hills Place,51.515088,-0.140222,False,Central London
116141713,2024-01-01,theft-from-the-person,On or near Parking Area,51.506136,-0.115773,False,Central London
116155964,2024-01-01,theft-from-the-person,On or near Nightclub,51.514012,-0.131078,False,Central London
116156030,2024-01-01,theft-from-the-person,On or near Hills Place,51.515088,-0.140222,False,Central London
116156698,2024-01-01,theft-from-the-person,On or near Lambeth North,51.499042,-0.111930,False,Central London
116156915,2024-01-01,theft-from-the-person,On or near Parking Area,51.506136,-0.115773,False,Central London
116144022,2024-01-01,theft-from-the-person,On or near Nightclub,51.514492,-0.131037,False,Central London
116144027,2024-01-01,theft-from-the-person,On or near Romilly Street,51.513019,-0.130592,False,Central London
116144090,2024-01-01,theft-from-the-person,On or near Blenheim Street,51.513918,-0.146986,False,Central London
116144272,2024-01-01,theft-from-the-person,On or near The Cut,51.503044,-0.107428,False,Central London
116144388,2024-01-01,theft-from-the-person,On or near B402,51.513777,-0.123456,False,Central London
116144394,2024-01-01,theft-from-the-person,On or near B402,51.513777,-0.123456,False,Central London
116144395,2024-01-01,theft-from-the-person,On or near Nightclub,51.512495,-0.138915,False,Central London
116144486,2024-01-01,theft-from-the-person,On or near Nightclub,51.514012,-0.131078,False,Central London
116144534,2024-01-01,theft-from-the-person,On or near Nightclub,51.508450,-0.143266,False,Central London
116144543,2024-01-01,theft-from-the-person,On or near Shopping Area,51.516618,-0.139226,False,Central London
116144568,2024-01-01,theft-from-the-person,On or near Theatre/concert Hall,51.512811,-0.133325,False,Central London
116144588,2024-01-01,theft-from-the-person,On or near Hills Place,51.515088,-0.140222,False,Central London
116144590,2024-01-01,theft-from-the-person,On or near Buckingham Street,51.508409,-0.123461,False,Central London
116144600,2024-01-01,theft-from-the-person,On or near Theatre/concert Hall,51.512300,-0.128388,False,Central London
116145092,2024-01-01,theft-from-the-person,On or near Nightclub,51.510272,-0.129192,False,Central London
116145197,2024-01-01,theft-from-the-person,On or near Conference/exhibition Centre,51.516295,-0.129487,False,Central London
116145223,2024-01-01,theft-from-the-person,On or near Theatre/concert Hall,51.514523,-0.129580,False,Central London
116145220,2024-01-01,theft-from-the-person,On or near Southampton Row,51.519624,-0.121890,False,Central London
116145605,2024-01-01,theft-from-the-person,On or near Denman Street,51.510729,-0.135283,False,Central London
116145926,2024-01-01,theft-from-the-person,On or near Great Windmill Street,51.510952,-0.134064,False,Central London
116146382,2024-01-01,theft-from-the-person,On or near Theatre/concert Hall,51.516785,-0.126532,False,Central London
116146613,2024-01-01,theft-from-the-person,On or near Theatre/concert Hall,51.504066,-0.110037,False,Central London
116146718,2024-01-01,theft-from-the-person,On or near Nightclub,51.516900,-0.132077,False,Central London
116146854,2024-01-01,theft-from-the-person,On or near Nightclub,51.516900,-0.132077,False,Central London
116146858,2024-01-01,theft-from-the-person,On or near Hanover Street,51.513827,-0.142363,False,Central London
116146920,2024-01-01,theft-from-the-person,On or near Bridge Street,51.500978,-0.125524,False,Central London
116146921,2024-01-01,theft-from-the-person,On or near Gerrard Street,51.511760,-0.131163,False,Central London
116146911,2024-01-01,theft-from-the-person,On or near Embankment Place,51.507096,-0.122909,False,Central London
116148113,2024-01-01,theft-from-the-person,On or near Greek Street,51.513804,-0.130733,False,Central London
116148131,2024-01-01,theft-from-the-person,On or near Leicester Street,51.510942,-0.131196,False,Central London
116148130,2024-01-01,theft-from-the-person,On or near Ormond Yard,51.508202,-0.136410,False,Central London
116148134,2024-01-01,theft-from-the-person,On or near Glasshouse Street,51.510520,-0.137439,False,Central London
116148144,2024-01-01,theft-from-the-person,On or near A401,51.511790,-0.132459,False,Central London
116148165,2024-01-01,theft-from-the-person,On or near John Prince's Street,51.515753,-0.143092,False,Central London
116148151,2024-01-01,theft-from-the-person,On or near Upper John Street,51.511860,-0.137975,False,Central London
116148172,2024-01-01,theft-from-the-person,On or near Theatre/concert Hall,51.512811,-0.133325,False,Central London
116148184,2024-01-01,theft-from-the-person,On or near Romilly Street,51.513019,-0.130592,False,Central London
116148198,2024-01-01,theft-from-the-person,On or near Princes Street,51.514365,-0.143408,False,Central London
116148212,2024-01-01,theft-from-the-person,On or near Gate Street,51.517114,-0.119009,False,Central London
116148229,2024-01-01,theft-from-the-person,On or near Nightclub,51.514838,-0.133545,False,Central London
116148474,2024-01-01,theft-from-the-person,On or near Earnshaw Street,51.516037,-0.128682,False,Central London
116148636,2024-01-01,theft-from-the-person,On or near Rose Street,51.511623,-0.125951,False,Central London
116148640,2024-01-01,theft-from-the-person,On or near Blenheim Street,51.513918,-0.146986,False,Central London
116148655,2024-01-01,theft-from-the-person,On or near Glasshouse Street,51.510520,-0.137439,False,Central London
116148667,2024-01-01,theft-from-the-person,On or near Parking Area,51.516395,-0.125165,False,Central London
116148668,2024-01-01,theft-from-the-person,On or near Shopping Area,51.512117,-0.123121,False,Central London
116148669,2024-01-01,theft-from-the-person,On or near Argyll Street,51.514684,-0.140844,False,Central London
116148676,2024-01-01,theft-from-the-person,On or near Theatre/concert Hall,51.514523,-0.129580,False,Central London
116148677,2024-01-01,theft-from-the-person,On or near Old Compton Street,51.513848,-0.129593,False,Central London
116148690,2024-01-01,theft-from-the-person,On or near Romilly Street,51.513019,-0.130592,False,Central London
116148693,2024-01-01,theft-from-the-person,On or near B402,51.512855,-0.124820,False,Central London
116148936,2024-01-01,theft-from-the-person,On or near B402,51.513777,-0.123456,False,Central London
116149289,2024-01-01,theft-from-the-person,On or near Cosmo Place,51.521060,-0.122797,False,Central London
116149459,2024-01-01,theft-from-the-person,On or near Palace Place,51.499046,-0.142561,False,Central London
116149795,2024-01-01,theft-from-the-person,On or near Argyll Street,51.514684,-0.140844,False,Central London
116149816,2024-01-01,theft-from-the-person,On or near Macclesfield Street,51.511997,-0.131355,False,Central London
116149818,2024-01-01,theft-from-the-person,On or near Blenheim Street,51.513918,-0.146986,False,Central London
116149814,2024-01-01,theft-from-the-person,On or near Dering Street,51.514195,-0.145735,False,Central London
116149833,2024-01-01,theft-from-the-person,On or near Argyll Street,51.514684,-0.140844,False,Central London
116149829,2024-01-01,theft-from-the-person,On or near Hills Place,51.515088,-0.140222,False,Central London
116149852,2024-01-01,theft-from-the-person,On or near Shaftesbury Avenue,51.513064,-0.129438,False,Central London
116149875,2024-01-01,theft-from-the-person,On or near Further/higher Educational Building,51.516178,-0.131904,False,Central London
116149885,2024-01-01,theft-from-the-person,On or near Nightclub,51.512250,-0.126906,False,Central London
116149881,2024-01-01,theft-from-the-person,On or near Soho Street,51.515939,-0.132693,False,Central London
116149886,2024-01-01,theft-from-the-person,On or near Theatre/concert Hall,51.512300,-0.128388,False,Central London
116149907,2024-01-01,theft-from-the-person,On or near Dering Street,51.514195,-0.145735,False,Central London
116149930,2024-01-01,theft-from-the-person,On or near B402,51.513777,-0.123456,False,Central London
116149932,2024-01-01,theft-from-the-person,On or near B402,51.512855,-0.124820,False,Central London
116149977,2024-01-01,theft-from-the-person,On or near Whitcomb Street,51.509807,-0.131055,False,Central London
116149978,2024-01-01,theft-from-the-person,On or near Bridge Street,51.500978,-0.125524,False,Central London
116150055,2024-01-01,theft-from-the-person,On or near Soho Street,51.515939,-0.132693,False,Central London
116150061,2024-01-01,theft-from-the-person,On or near Nightclub,51.512513,-0.133841,False,Central London
116150060,2024-01-01,theft-from-the-person,On or near Carlisle Street,51.514971,-0.133438,False,Central London
116150425,2024-01-01,theft-from-the-person,On or near Nightclub,51.516900,-0.132077,False,Central London
116150502,2024-01-01,theft-from-the-person,On or near Further/higher Educational Building,51.514867,-0.138790,False,Central London
116150504,2024-01-01,theft-from-the-person,On or near Frith Street,51.513601,-0.131534,False,Central London
116150505,2024-01-01,theft-from-the-person,On or near Dansey Place,51.511790,-0.131925,False,Central London
116150513,2024-01-01,theft-from-the-person,On or near Bridge Street,51.500978,-0.125524,False,Central London
116150882,2024-01-01,theft-from-the-person,On or near Glasshouse Street,51.510520,-0.137439,False,Central London
116150959,2024-01-01,theft-from-the-person,On or near Dansey Place,51.511790,-0.131925,False,Central London
116151040,2024-01-01,theft-from-the-person,On or near Parking Area,51.506236,-0.141322,False,Central London
116151032,2024-01-01,theft-from-the-person,On or near Nightclub,51.516900,-0.132077,False,Central London
116151031,2024-01-01,theft-from-the-person,On or near Nightclub,51.512495,-0.138915,False,Central London
116151050,2024-01-01,theft-from-the-person,On or near A401,51.511790,-0.132459,False,Central London
116151109,2024-01-01,theft-from-the-person,On or near A401,51.511790,-0.132459,False,Central London
116151122,2024-01-01,theft-from-the-person,On or near Shopping Area,51.512114,-0.134189,False,Central London
116151137,2024-01-01,theft-from-the-person,On or near Corner House Street,51.507725,-0.125708,False,Central London
116151435,2024-01-01,theft-from-the-person,On or near William Iv Street,51.509491,-0.125924,False,Central London
116151524,2024-01-01,theft-from-the-person,On or near Further/higher Educational Building,51.516178,-0.131904,False,Central London
116151635,2024-01-01,theft-from-the-person,On or near Blenheim Street,51.513918,-0.146986,False,Central London
116151730,2024-01-01,theft-from-the-person,On or near Further/higher Educational Building,51.516178,-0.131904,False,Central London
116151763,2024-01-01,theft-from-the-person,On or near Gresse Street,51.517516,-0.134012,False,Central London
116151768,2024-01-01,theft-from-the-person,On or near Further/higher Educational Building,51.516178,-0.131904,False,Central London
116151762,2024-01-01,theft-from-the-person,On or near Nightclub,51.516900,-0.132077,False,Central London
116151933,2024-01-01,theft-from-the-person,On or near Holborn,51.517436,-0.119976,False,Central London
116151980,2024-01-01,theft-from-the-person,On or near Glasshouse Street,51.510520,-0.137439,False,Central London
116152015,2024-01-01,theft-from-the-person,On or near Glasshouse Street,51.510520,-0.137439,False,Central London
116152007,2024-01-01,theft-from-the-person,On or near Glasshouse Street,51.510520,-0.137439,False,Central London
116152598,2024-01-01,theft-from-the-person,On or near Soho Street,51.515939,-0.132693,False,Central London
116152849,2024-01-01,theft-from-the-person,On or near Buckingham Mews,51.499549,-0.141416,False,Central London
116153241,2024-01-01,theft-from-the-person,On or near Theatre/concert Hall,51.509999,-0.131797,False,Central London
116153274,2024-01-01,theft-from-the-person,On or near Greek Street,51.513804,-0.130733,False,Central London
116153262,2024-01-01,theft-from-the-person,On or near Duck Lane,51.513986,-0.134833,False,Central London
116153271,2024-01-01,theft-from-the-person,On or near Macclesfield Street,51.511997,-0.131355,False,Central London
116153272,2024-01-01,theft-from-the-person,On or near Poland Street,51.514361,-0.136908,False,Central London
116153275,2024-01-01,theft-from-the-person,On or near Coventry Street,51.510295,-0.132318,False,Central London
116153277,2024-01-01,theft-from-the-person,On or near Nightclub,51.511783,-0.129778,False,Central London
116153290,2024-01-01,theft-from-the-person,On or near Nightclub,51.514012,-0.131078,False,Central London
116153306,2024-01-01,theft-from-the-person,On or near Market Place,51.516058,-0.140154,False,Central London
116153313,2024-01-01,theft-from-the-person,On or near Nightclub,51.516875,-0.141807,False,Central London
116153472,2024-01-01,theft-from-the-person,On or near Argyll Street,51.514684,-0.140844,False,Central London
116153513,2024-01-01,theft-from-the-person,On or near Addington Street,51.501162,-0.116252,False,Central London
116153866,2024-01-01,theft-from-the-person,On or near A401,51.511790,-0.132459,False,Central London
116153949,2024-01-01,theft-from-the-person,On or near Dering Street,51.514195,-0.145735,False,Central London
116153951,2024-01-01,theft-from-the-person,On or near Macclesfield Street,51.511997,-0.131355,False,Central London
116153989,2024-01-01,theft-from-the-person,On or near Hills Place,51.515088,-0.140222,False,Central London
116154002,2024-01-01,theft-from-the-person,On or near Romilly Street,51.513019,-0.130592,False,Central London
116154003,2024-01-01,theft-from-the-person,On or near Dering Street,51.514195,-0.145735,False,Central London
116154020,2024-01-01,theft-from-the-person,On or near Great Windmill Street,51.510952,-0.134064,False,Central London
116154393,2024-01-01,theft-from-the-person,On or near Cranbourn Street,51.511339,-0.128427,False,Central London
116154423,2024-01-01,theft-from-the-person,On or near Further/higher Educational Building,51.516178,-0.131904,False,Central London
116154424,2024-01-01,theft-from-the-person,On or near Gresse Street,51.517516,-0.134012,False,Central London
116154432,2024-01-01,theft-from-the-person,On or near Great Windmill Street,51.510952,-0.134064,False,Central London
116154460,2024-01-01,theft-from-the-person,On or near Soho Street,51.515939,-0.132693,False,Central London
116154455,2024-01-01,theft-from-the-person,On or near Gerrard Place,51.512247,-0.130120,False,Central London
116154491,2024-01-01,theft-from-the-person,On or near Soho Street,51.515939,-0.132693,False,Central London
116154516,2024-01-01,theft-from-the-person,On or near Theatre/concert Hall,51.512300,-0.128388,False,Central London
116154788,2024-01-01,theft-from-the-person,On or near Theatre/concert Hall,51.510345,-0.122502,False,Central London
116154837,2024-01-01,theft-from-the-person,On or near Little St James's Street,51.505500,-0.138998,False,Central London
116130884,2024-01-01,theft-from-the-person,On or near Russell Street,51.512863,-0.120842,False,Central London
116130888,2024-01-01,theft-from-the-person,On or near Theatre/concert Hall,51.511417,-0.127539,False,Central London
116131171,2024-01-01,theft-from-the-person,On or near Hanover Street,51.513827,-0.142363,False,Central London
116131173,2024-01-01,theft-from-the-person,On or near Hills Place,51.515088,-0.140222,False,Central London
116131663,2024-01-01,theft-from-the-person,On or near Cranbourn Street,51.511339,-0.128427,False,Central London
116132177,2024-01-01,theft-from-the-person,On or near Goodge Street,51.519378,-0.135737,False,Central London
116133038,2024-01-01,theft-from-the-person,On or near Nightclub,51.516623,-0.132976,False,Central London
116133045,2024-01-01,theft-from-the-person,On or near Romilly Street,51.513019,-0.130592,False,Central London
116133046,2024-01-01,theft-from-the-person,On or near Glasshouse Street,51.510520,-0.137439,False,Central London
116133090,2024-01-01,theft-from-the-person,On or near Nightclub,51.514492,-0.131037,False,Central London
116133094,2024-01-01,theft-from-the-person,On or near Bear Street,51.510910,-0.128604,False,Central London
116133100,2024-01-01,theft-from-the-person,On or near Hills Place,51.515088,-0.140222,False,Central London
116133120,2024-01-01,theft-from-the-person,On or near Further/higher Educational Building,51.516178,-0.131904,False,Central London
116133129,2024-01-01,theft-from-the-person,On or near Shaftesbury Avenue,51.513064,-0.129438,False,Central London
116133130,2024-01-01,theft-from-the-person,On or near Soho Street,51.515939,-0.132693,False,Central London
116133456,2024-01-01,theft-from-the-person,On or near Further/higher Educational Building,51.516178,-0.131904,False,Central London
116133467,2024-01-01,theft-from-the-person,On or near Bourchier Street,51.513052,-0.132681,False,Central London
116133736,2024-01-01,theft-from-the-person,On or near Neal Street,51.514408,-0.125780,False,Central London
116126121,2024-01-01,theft-from-the-person,On or near Buckingham Street,51.508409,-0.123461,False,Central London
116126161,2024-01-01,theft-from-the-person,On or near Parking Area,51.510433,-0.140455,False,Central London
116126197,2024-01-01,theft-from-the-person,On or near Cranbourn Street,51.511339,-0.128427,False,Central London
116126230,2024-01-01,theft-from-the-person,On or near Gresse Street,51.517516,-0.134012,False,Central London
116126404,2024-01-01,theft-from-the-person,On or near Gray Street,51.500608,-0.108091,False,Central London
116126440,2024-01-01,theft-from-the-person,On or near Parking Area,51.507286,-0.128903,False,Central London
116126446,2024-01-01,theft-from-the-person,On or near Gresse Street,51.517516,-0.134012,False,Central London
116127038,2024-01-01,theft-from-the-person,On or near Morwell Street,51.518072,-0.131077,False,Central London
116100889,2024-01-01,theft-from-the-person,On or near Earnshaw Street,51.516037,-0.128682,False,Central London
116142363,2024-01-01,theft-from-the-person,On or near Bloomsbury Square,51.519092,-0.122330,False,Central London
116144576,2024-01-01,theft-from-the-person,On or near Nightclub,51.515684,-0.135874,False,Central London
116123957,2024-01-01,theft-from-the-person,On or near Hills Place,51.515088,-0.140222,False,Central London
116102186,2024-01-01,theft-from-the-person,On or near Hamilton Mews,51.504176,-0.149643,False,Central London
116102625,2024-01-01,theft-from-the-person,On or near Macclesfield Street,51.511997,-0.131355,False,Central London
116146796,2024-01-01,theft-from-the-person,On or near Nightclub,51.510272,-0.129192,False,Central London
116102601,2024-01-01,theft-from-the-person,On or near Soho Street,51.515939,-0.132693,False,Central London
116098122,2024-01-01,theft-from-the-person,On or near Theatre/concert Hall,51.512499,-0.119459,False,Central London
116097262,2024-01-01,theft-from-the-person,On or near Leicester Square,51.510468,-0.130769,False,Central London
116102620,2024-01-01,theft-from-the-person,On or near Gresse Street,51.517516,-0.134012,False,Central London
116146844,2024-01-01,theft-from-the-person,On or near New Burlington Place,51.512078,-0.141526,False,Central London
116146877,2024-01-01,theft-from-the-person,On or near Argyll Street,51.514684,-0.140844,False,Central London
116094538,2024-01-01,theft-from-the-person,On or near Belvedere Road,51.503590,-0.117333,False,Central London
116146418,2024-01-01,theft-from-the-person,On or near Keppel Street,51.520371,-0.130363,False,Central London
116091570,2024-01-01,theft-from-the-person,On or near Argyll Street,51.514684,-0.140844,False,Central London
116091572,2024-01-01,theft-from-the-person,On or near Further/higher Educational Building,51.516178,-0.131904,False,Central London
116092573,2024-01-01,theft-from-the-person,On or near Nightclub,51.510953,-0.133012,False,Central London
116097499,2024-01-01,theft-from-the-person,On or near A401,51.511790,-0.132459,False,Central London
116097504,2024-01-01,theft-from-the-person,On or near Dansey Place,51.511790,-0.131925,False,Central London
116098348,2024-01-01,theft-from-the-person,On or near B402,51.513777,-0.123456,False,Central London
116097777,2024-01-01,theft-from-the-person,On or near Old Compton Street,51.513200,-0.131248,False,Central London
116097794,2024-01-01,theft-from-the-person,On or near Hanover Street,51.513827,-0.142363,False,Central London
116100262,2024-01-01,theft-from-the-person,On or near Parking Area,51.507286,-0.128903,False,Central London
116099768,2024-01-01,theft-from-the-person,On or near Further/higher Educational Building,51.515727,-0.136304,False,Central London
116113100,2024-01-01,theft-from-the-person,On or near Nightclub,51.510272,-0.129192,False,Central London
116098385,2024-01-01,theft-from-the-person,On or near B402,51.512855,-0.124820,False,Central London
116148202,2024-01-01,theft-from-the-person,On or near Hills Place,51.515088,-0.140222,False,Central London
116115441,2024-01-01,theft-from-the-person,On or near Shaftesbury Avenue,51.513064,-0.129438,False,Central London
116115173,2024-01-01,theft-from-the-person,On or near Great Windmill Street,51.510952,-0.134064,False,Central London
116115440,2024-01-01,theft-from-the-person,On or near Gresse Street,51.517516,-0.134012,False,Central London
116148656,2024-01-01,theft-from-the-person,On or near Nightclub,51.508087,-0.124122,False,Central London
116148670,2024-01-01,theft-from-the-person,On or near Dering Street,51.514195,-0.145735,False,Central London
116120329,2024-01-01,theft-from-the-person,On or near Nightclub,51.511783,-0.129778,False,Central London
116099429,2024-01-01,theft-from-the-person,On or near Shelton Street,51.513753,-0.125331,False,Central London
116092552,2024-01-01,theft-from-the-person,On or near Frith Street,51.513601,-0.131534,False,Central London
116127381,2024-01-01,theft-from-the-person,On or near Leicester Street,51.510942,-0.131196,False,Central London
116127394,2024-01-01,theft-from-the-person,On or near Gerrard Street,51.511760,-0.131163,False,Central London
116127408,2024-01-01,theft-from-the-person,On or near Duke Street St James's,51.507334,-0.137800,False,Central London
116126578,2024-01-01,theft-from-the-person,On or near Tottenham Court Road,51.520697,-0.134429,False,Central London
116127638,2024-01-01,theft-from-the-person,On or near Westminster Bridge Road,51.499692,-0.114266,False,Central London
116154982,2024-01-01,theft-from-the-person,On or near Dyott Street,51.516820,-0.127583,False,Central London
116155311,2024-01-01,theft-from-the-person,On or near Little Newport Street,51.511703,-0.128701,False,Central London
116155317,2024-01-01,theft-from-the-person,On or near Nightclub,51.516900,-0.132077,False,Central London
116155363,2024-01-01,theft-from-the-person,On or near Hollen Street,51.515470,-0.134874,False,Central London
116155381,2024-01-01,theft-from-the-person,On or near Gresse Street,51.517516,-0.134012,False,Central London
116155481,2024-01-01,theft-from-the-person,On or near Theatre/concert Hall,51.509158,-0.134930,False,Central London
116112303,2024-01-01,theft-from-the-person,On or near Lower John Street,51.511264,-0.137308,False,Central London
116112372,2024-01-01,theft-from-the-person,On or near Further/higher Educational Building,51.515727,-0.136304,False,Central London
116119856,2024-01-01,theft-from-the-person,On or near Glasshouse Street,51.510520,-0.137439,False,Central London
116144593,2024-01-01,theft-from-the-person,On or near Nightclub,51.514279,-0.131247,False,Central London
116153288,2024-01-01,theft-from-the-person,On or near Further/higher Educational Building,51.516178,-0.131904,False,Central London
116153946,2024-01-01,theft-from-the-person,On or near St James's Market,51.509251,-0.133398,False,Central London
116151929,2024-01-01,theft-from-the-person,On or near Further/higher Educational Building,51.519333,-0.128965,False,Central London
116145045,2024-01-01,theft-from-the-person,On or near Great Windmill Street,51.510952,-0.134064,False,Central London
116145080,2024-01-01,theft-from-the-person,On or near Vigo Street,51.510266,-0.139006,False,Central London
116145104,2024-01-01,theft-from-the-person,On or near Arundel Street,51.511918,-0.114050,False,Central London
116151649,2024-01-01,theft-from-the-person,On or near Dering Street,51.514195,-0.145735,False,Central London
116161080,2024-01-01,theft-from-the-person,On or near Surrey Street,51.512449,-0.115772,False,Central London
116145077,2024-01-01,theft-from-the-person,On or near Parking Area,51.510433,-0.140455,False,Central London
116145089,2024-01-01,theft-from-the-person,On or near Denman Street,51.510729,-0.135283,False,Central London
116112387,2024-01-01,theft-from-the-person,On or near Greek Street,51.513804,-0.130733,False,Central London
116119930,2024-01-01,theft-from-the-person,On or near Glasshouse Street,51.510520,-0.137439,False,Central London
116151520,2024-01-01,theft-from-the-person,On or near Theatre/concert Hall,51.514523,-0.129580,False,Central London
116140620,2024-01-01,theft-from-the-person,On or near Hollen Street,51.515470,-0.134874,False,Central London
116141169,2024-01-01,theft-from-the-person,On or near Nightclub,51.516875,-0.141807,False,Central London
116112436,2024-01-01,theft-from-the-person,On or near Dering Street,51.514195,-0.145735,False,Central London
116162317,2024-01-01,theft-from-the-person,On or near St James's Market,51.509251,-0.133398,False,Central London
116144866,2024-01-01,theft-from-the-person,On or near Belvedere Road,51.503590,-0.117333,False,Central London
116102146,2024-01-01,theft-from-the-person,On or near Howick Place,51.496711,-0.137095,False,Central London
116121890,2024-01-01,theft-from-the-person,On or near Nightclub,51.514492,-0.131037,False,Central London
116162355,2024-01-01,theft-from-the-person,On or near Sackville Street,51.509929,-0.138703,False,Central London
116162369,2024-01-01,theft-from-the-person,On or near Shopping Area,51.513237,-0.146004,False,Central London
116162404,2024-01-01,theft-from-the-person,On or near Hills Place,51.515088,-0.140222,False,Central London
116162400,2024-01-01,theft-from-the-person,On or near Further/higher Educational Building,51.516178,-0.131904,False,Central London
116091306,2024-01-01,theft-from-the-person,On or near Further/higher Educational Building,51.516178,-0.131904,False,Central London
116099749,2024-01-01,theft-from-the-person,On or near Nightclub,51.516900,-0.132077,False,Central London
116123313,2024-01-01,theft-from-the-person,On or near Downing Street,51.503196,-0.127032,False,Central London
116161078,2024-01-01,theft-from-the-person,On or near Parking Area,51.507286,-0.128903,False,Central London
116161356,2024-01-01,theft-from-the-person,On or near Nightclub,51.508087,-0.124122,False,Central London
116161358,2024-01-01,theft-from-the-person,On or near John Prince's Street,51.515753,-0.143092,False,Central London
116161359,2024-01-01,theft-from-the-person,On or near New Burlington Place,51.512078,-0.141526,False,Central London
116161363,2024-01-01,theft-from-the-person,On or near New Bond Street,51.511893,-0.144070,False,Central London
116161362,2024-01-01,theft-from-the-person,On or near Nightclub,51.514838,-0.133545,False,Central London
116161370,2024-01-01,theft-from-the-person,On or near Theatre/concert Hall,51.511417,-0.127539,False,Central London
116161445,2024-01-01,theft-from-the-person,On or near Howick Place,51.496711,-0.137095,False,Central London
116161505,2024-01-01,theft-from-the-person,On or near Nightclub,51.514492,-0.131037,False,Central London
116161563,2024-01-01,theft-from-the-person,On or near Further/higher Educational Building,51.516178,-0.131904,False,Central London
116161568,2024-01-01,theft-from-the-person,On or near Leicester Square,51.510468,-0.130769,False,Central London
116161579,2024-01-01,theft-from-the-person,On or near Theatre/concert Hall,51.512300,-0.128388,False,Central London
116162301,2024-01-01,theft-from-the-person,On or near Dering Street,51.514195,-0.145735,False,Central London
116162298,2024-01-01,theft-from-the-person,On or near Gresse Street,51.517516,-0.134012,False,Central London
116162311,2024-01-01,theft-from-the-person,On or near Mount Street Mews,51.510036,-0.148872,False,Central London
116162361,2024-01-01,theft-from-the-person,On or near Romilly Street,51.513019,-0.130592,False,Central London
116162358,2024-01-01,theft-from-the-person,On or near Nightclub,51.515684,-0.135874,False,Central London
116162366,2024-01-01,theft-from-the-person,On or near Shopping Area,51.496466,-0.141499,False,Central London
116162423,2024-01-01,theft-from-the-person,On or near Dansey Place,51.511790,-0.131925,False,Central London
116162424,2024-01-01,theft-from-the-person,On or near Parking Area,51.507286,-0.128903,False,Central London
116162523,2024-01-01,theft-from-the-person,On or near Nightclub,51.514012,-0.131078,False,Central London
116162855,2024-01-01,theft-from-the-person,On or near Shopping Area,51.519933,-0.133899,False,Central London
116163460,2024-01-01,theft-from-the-person,On or near Secker Street,51.504781,-0.111477,False,Central London
116111702,2024-01-01,theft-from-the-person,On or near Westminster Bridge Road,51.499692,-0.114266,False,Central London
116146402,2024-01-01,theft-from-the-person,On or near Holborn,51.517436,-0.119976,False,Central London
116142955,2024-01-01,theft-from-the-person,On or near Theatre/concert Hall,51.514523,-0.129580,False,Central London
116150198,2024-01-01,theft-from-the-person,On or near Parking Area,51.517287,-0.130403,False,Central London
116142910,2024-01-01,theft-from-the-person,On or near Rose Street,51.511623,-0.125951,False,Central London
116112233,2024-01-01,theft-from-the-person,On or near Great George Street,51.501151,-0.127908,False,Central London
116128822,2024-01-01,theft-from-the-person,On or near Market Place,51.516058,-0.140154,False,Central London
116128893,2024-01-01,theft-from-the-person,On or near Theatre/concert Hall,51.512106,-0.133100,False,Central London
116128899,2024-01-01,theft-from-the-person,On or near Macclesfield Street,51.511997,-0.131355,False,Central London
116128985,2024-01-01,theft-from-the-person,On or near Berners Place,51.516880,-0.135854,False,Central London
116129101,2024-01-01,theft-from-the-person,On or near Theatre/concert Hall,51.509158,-0.134930,False,Central London
116129106,2024-01-01,theft-from-the-person,On or near Further/higher Educational Building,51.515727,-0.136304,False,Central London
116129384,2024-01-01,theft-from-the-person,On or near Cranbourn Street,51.511339,-0.128427,False,Central London
116155805,2024-01-01,theft-from-the-person,On or near Parking Area,51.513233,-0.141234,False,Central London
116149908,2024-01-01,theft-from-the-person,On or near Little Marlborough Street,51.513708,-0.140004,False,Central London
116157533,2024-01-01,theft-from-the-person,On or near Shopping Area,51.496466,-0.141499,False,Central London
116158091,2024-01-01,theft-from-the-person,On or near Sackville Street,51.509929,-0.138703,False,Central London
116156933,2024-01-01,theft-from-the-person,On or near Chicheley Street,51.502888,-0.117319,False,Central London
116151535,2024-01-01,theft-from-the-person,On or near Winnett Street,51.512013,-0.133502,False,Central London
116151506,2024-01-01,theft-from-the-person,On or near Denman Street,51.510729,-0.135283,False,Central London
116118743,2024-01-01,theft-from-the-person,On or near Nightclub,51.510953,-0.133012,False,Central London
116155314,2024-01-01,theft-from-the-person,On or near Albany Courtyard,51.508699,-0.138306,False,Central London
116156376,2024-01-01,theft-from-the-person,On or near Argyll Street,51.514684,-0.140844,False,Central London
116157586,2024-01-01,theft-from-the-person,On or near Soho Street,51.515939,-0.132693,False,Central London
116158084,2024-01-01,theft-from-the-person,On or near Blenheim Street,51.513918,-0.146986,False,Central London
116145010,2024-01-01,theft-from-the-person,On or near Nightclub,51.514492,-0.131037,False,Central London
116145015,2024-01-01,theft-from-the-person,On or near Little Newport Street,51.511703,-0.128701,False,Central London
116143271,2024-01-01,theft-from-the-person,On or near Henrietta Street,51.511111,-0.123710,False,Central London
116143247,2024-01-01,theft-from-the-person,On or near Cork St Mews,51.509986,-0.141741,False,Central London
116154500,2024-01-01,theft-from-the-person,On or near Spring Gardens,51.506855,-0.128078,False,Central London
116154410,2024-01-01,theft-from-the-person,On or near Shopping Area,51.515070,-0.138003,False,Central London
116154463,2024-01-01,theft-from-the-person,On or near B402,51.512855,-0.124820,False,Central London
116162811,2024-01-01,theft-from-the-person,On or near Conference/exhibition Centre,51.516295,-0.129487,False,Central London
116101816,2024-01-01,theft-from-the-person,On or near Little Marlborough Street,51.513708,-0.140004,False,Central London
116128751,2024-01-01,theft-from-the-person,On or near Theatre/concert Hall,51.512300,-0.128388,False,Central London
116128629,2024-01-01,theft-from-the-person,On or near Hills Place,51.515088,-0.140222,False,Central London
116127616,2024-01-01,theft-from-the-person,On or near Shopping Area,51.519933,-0.133899,False,Central London
116116735,2024-01-01,theft-from-the-person,On or near Romilly Street,51.513019,-0.130592,False,Central London
116143471,2024-01-01,theft-from-the-person,On or near Blenheim Street,51.513918,-0.146986,False,Central London
116098505,2024-01-01,theft-from-the-person,On or near Nightclub,51.516166,-0.137324,False,Central London
116098574,2024-01-01,theft-from-the-person,On or near Theatre/concert Hall,51.512300,-0.128388,False,Central London
116135155,2024-01-01,theft-from-the-person,On or near Further/higher Educational Building,51.517659,-0.128889,False,Central London
116158319,2024-01-01,theft-from-the-person,On or near Great Chapel Street,51.515580,-0.134437,False,Central London
116158486,2024-01-01,theft-from-the-person,On or near Nightclub,51.512495,-0.138915,False,Central London
116158678,2024-01-01,theft-from-the-person,On or near Nightclub,51.513406,-0.131715,False,Central London
116158972,2024-01-01,theft-from-the-person,On or near Denman Street,51.510729,-0.135283,False,Central London
116158990,2024-01-01,theft-from-the-person,On or near Nightclub,51.511783,-0.129778,False,Central London
116159059,2024-01-01,theft-from-the-person,On or near Macclesfield Street,51.511997,-0.131355,False,Central London
116159069,2024-01-01,theft-from-the-person,On or near B402,51.513777,-0.123456,False,Central London
116159222,2024-01-01,theft-from-the-person,On or near Denmark Street,51.515189,-0.129653,False,Central London
116160149,2024-01-01,theft-from-the-person,On or near Strand,51.511022,-0.119880,False,Central London
116160320,2024-01-01,theft-from-the-person,On or near B402,51.513777,-0.123456,False,Central London
116130027,2024-01-01,theft-from-the-person,On or near Howick Place,51.496711,-0.137095,False,Central London
116146242,2024-01-01,theft-from-the-person,On or near Nightclub,51.512416,-0.133384,False,Central London
116130859,2024-01-01,theft-from-the-person,On or near Dering Street,51.514195,-0.145735,False,Central London
116093925,2024-01-01,theft-from-the-person,On or near Blenheim Street,51.513918,-0.146986,False,Central London
116105732,2024-01-01,theft-from-the-person,On or near Tavistock Street,51.512095,-0.120571,False,Central London
116105721,2024-01-01,theft-from-the-person,On or near Hills Place,51.515088,-0.140222,False,Central London
116103696,2024-01-01,theft-from-the-person,On or near Parking Area,51.517287,-0.130403,False,Central London
116091035,2024-01-01,theft-from-the-person,On or near Romilly Street,51.513019,-0.130592,False,Central London
116105808,2024-01-01,theft-from-the-person,On or near B402,51.513777,-0.123456,False,Central London
116105817,2024-01-01,theft-from-the-person,On or near Shopping Area,51.496466,-0.141499,False,Central London
116105821,2024-01-01,theft-from-the-person,On or near Market Place,51.516058,-0.140154,False,Central London
116105826,2024-01-01,theft-from-the-person,On or near Dering Street,51.514195,-0.145735,False,Central London
116095993,2024-01-01,theft-from-the-person,On or near Conference/exhibition Centre,51.507911,-0.139635,False,Central London
116098134,2024-01-01,theft-from-the-person,On or near St James's Market,51.509251,-0.133398,False,Central London
116131175,2024-01-01,theft-from-the-person,On or near Hills Place,51.515088,-0.140222,False,Central London
116105867,2024-01-01,theft-from-the-person,On or near Further/higher Educational Building,51.505035,-0.112677,False,Central London
116109415,2024-01-01,theft-from-the-person,On or near Shopping Area,51.519933,-0.133899,False,Central London
116104302,2024-01-01,theft-from-the-person,On or near Nightclub,51.509962,-0.137952,False,Central London
116119853,2024-01-01,theft-from-the-person,On or near Further/higher Educational Building,51.516178,-0.131904,False,Central London
116131656,2024-01-01,theft-from-the-person,On or near Vigo Street,51.510266,-0.139006,False,Central London
116131664,2024-01-01,theft-from-the-person,On or near Gresse Street,51.517516,-0.134012,False,Central London
116131742,2024-01-01,theft-from-the-person,On or near Little Newport Street,51.511703,-0.128701,False,Central London
116109230,2024-01-01,theft-from-the-person,On or near Hills Place,51.515088,-0.140222,False,Central London
116109536,2024-01-01,theft-from-the-person,On or near Buckingham Mews,51.499549,-0.141416,False,Central London
116109557,2024-01-01,theft-from-the-person,On or near Buckingham Mews,51.499549,-0.141416,False,Central London
116109561,2024-01-01,theft-from-the-person,On or near Argyll Street,51.514684,-0.140844,False,Central London
116109568,2024-01-01,theft-from-the-person,On or near Rose Street,51.511623,-0.125951,False,Central London
116094786,2024-01-01,theft-from-the-person,On or near Theatre/concert Hall,51.512811,-0.133325,False,Central London
116109613,2024-01-01,theft-from-the-person,On or near Gresse Street,51.517516,-0.134012,False,Central London
116109634,2024-01-01,theft-from-the-person,On or near Further/higher Educational Building,51.516178,-0.131904,False,Central London
116109639,2024-01-01,theft-from-the-person,On or near Covent Garden,51.512980,-0.124210,False,Central London
116109679,2024-01-01,theft-from-the-person,On or near Macclesfield Street,51.511997,-0.131355,False,Central London
116109684,2024-01-01,theft-from-the-person,On or near Grantham Place,51.504479,-0.149487,False,Central London
116105690,2024-01-01,theft-from-the-person,On or near Nightclub,51.508087,-0.124122,False,Central London
116105715,2024-01-01,theft-from-the-person,On or near Tottenham Court Road,51.520697,-0.134429,False,Central London
116133440,2024-01-01,theft-from-the-person,On or near Hollen Street,51.515470,-0.134874,False,Central London
116131708,2024-01-01,theft-from-the-person,On or near Romilly Street,51.513019,-0.130592,False,Central London
116103420,2024-01-01,theft-from-the-person,On or near Lisle Street,51.511534,-0.130495,False,Central London
116103431,2024-01-01,theft-from-the-person,On or near Denman Street,51.510729,-0.135283,False,Central London
116103434,2024-01-01,theft-from-the-person,On or near Shopping Area,51.513575,-0.140687,False,Central London
116104546,2024-01-01,theft-from-the-person,On or near Frith Street,51.513601,-0.131534,False,Central London
116105696,2024-01-01,theft-from-the-person,On or near Greek Street,51.513804,-0.130733,False,Central London
116103443,2024-01-01,theft-from-the-person,On or near B402,51.512855,-0.124820,False,Central London
116133081,2024-01-01,theft-from-the-person,On or near Little Marlborough Street,51.513708,-0.140004,False,Central London
116133095,2024-01-01,theft-from-the-person,On or near Parking Area,51.512379,-0.129379,False,Central London
116133096,2024-01-01,theft-from-the-person,On or near Nightclub,51.512495,-0.138915,False,Central London
116123203,2024-01-01,theft-from-the-person,On or near Denman Street,51.510729,-0.135283,False,Central London
116103395,2024-01-01,theft-from-the-person,On or near Dering Street,51.514195,-0.145735,False,Central London
116103396,2024-01-01,theft-from-the-person,On or near Moor Street,51.513498,-0.130169,False,Central London
116103402,2024-01-01,theft-from-the-person,On or near Gresse Street,51.517516,-0.134012,False,Central London
116103504,2024-01-01,theft-from-the-person,On or near Lower Grosvenor Place,51.498257,-0.145532,False,Central London
116139933,2024-01-01,theft-from-the-person,On or near Pear Place,51.502428,-0.110508,False,Central London
116158090,2024-01-01,theft-from-the-person,On or near Theatre/concert Hall,51.509158,-0.134930,False,Central London
116161570,2024-01-01,theft-from-the-person,On or near Leicester Square,51.510468,-0.130769,False,Central London
116163535,2024-01-01,theft-from-the-person,On or near Chicheley Street,51.502888,-0.117319,False,Central London
116115911,2024-01-01,theft-from-the-person,On or near Little Newport Street,51.511703,-0.128701,False,Central London
116092855,2024-01-01,theft-from-the-person,On or near Nightclub,51.511783,-0.129778,False,Central London
116093927,2024-01-01,theft-from-the-person,On or near Nightclub,51.511200,-0.133288,False,Central London
116115809,2024-01-01,theft-from-the-person,On or near Mcauley Close,51.497399,-0.112603,False,Central London
116105307,2024-01-01,theft-from-the-person,On or near Shaftesbury Avenue,51.514970,-0.127169,False,Central London
116126204,2024-01-01,theft-from-the-person,On or near Nightclub,51.514492,-0.131037,False,Central London
116131732,2024-01-01,theft-from-the-person,On or near St Martin's Lane,51.510623,-0.126987,False,Central London
116104543,2024-01-01,theft-from-the-person,On or near Nightclub,51.508087,-0.124122,False,Central London
116122489,2024-01-01,theft-from-the-person,On or near Nightclub,51.509759,-0.128782,False,Central London
116122498,2024-01-01,theft-from-the-person,On or near Leicester Square,51.510468,-0.130769,False,Central London
116117187,2024-01-01,theft-from-the-person,On or near Macclesfield Street,51.511997,-0.131355,False,Central London
116117109,2024-01-01,theft-from-the-person,On or near Nightclub,51.510840,-0.128984,False,Central London
116110091,2024-01-01,theft-from-the-person,On or near Shopping Area,51.519933,-0.133899,False,Central London
116117358,2024-01-01,theft-from-the-person,On or near Peter Street,51.512780,-0.134234,False,Central London
116117362,2024-01-01,theft-from-the-person,On or near Nightclub,51.516900,-0.132077,False,Central London
116110294,2024-01-01,theft-from-the-person,On or near Poland Street,51.514361,-0.136908,False,Central London
116107858,2024-01-01,theft-from-the-person,On or near Smith's Court,51.511608,-0.134599,False,Central London
116096266,2024-01-01,theft-from-the-person,On or near Nightclub,51.516623,-0.132976,False,Central London
116107091,2024-01-01,theft-from-the-person,On or near Police Station,51.509786,-0.124658,False,Central London
116134433,2024-01-01,theft-from-the-person,On or near Kingsway Tunnel,51.512770,-0.118367,False,Central London
116103517,2024-01-01,theft-from-the-person,On or near Frith Street,51.513601,-0.131534,False,Central London
116123264,2024-01-01,theft-from-the-person,On or near Nightclub,51.515684,-0.135874,False,Central London
116133586,2024-01-01,theft-from-the-person,On or near Nightclub,51.510272,-0.129192,False,Central London
116114334,2024-01-01,theft-from-the-person,On or near St Margaret Street,51.500253,-0.126317,False,Central London
116128663,2024-01-01,theft-from-the-person,On or near Princes Street,51.514365,-0.143408,False,Central London
116142572,2024-01-01,theft-from-the-person,On or near Argyll Street,51.514684,-0.140844,False,Central London
116120515,2024-01-01,theft-from-the-person,On or near Dering Street,51.514195,-0.145735,False,Central London
116090360,2024-01-01,theft-from-the-person,On or near Soho Street,51.515939,-0.132693,False,Central London
116101813,2024-01-01,theft-from-the-person,On or near Coach And Horses Yard,51.511314,-0.142134,False,Central London
116102604,2024-01-01,theft-from-the-person,On or near Glasshouse Street,51.510520,-0.137439,False,Central London
116115175,2024-01-01,theft-from-the-person,On or near Theatre/concert Hall,51.512300,-0.128388,False,Central London
116115181,2024-01-01,theft-from-the-person,On or near Old Compton Street,51.513848,-0.129593,False,Central London
116138301,2024-01-01,theft-from-the-person,On or near Glasshouse Street,51.510520,-0.137439,False,Central London
116138362,2024-01-01,theft-from-the-person,On or near Gerrard Street,51.511760,-0.131163,False,Central London
116127674,2024-01-01,theft-from-the-person,On or near Nightclub,51.516900,-0.132077,False,Central London
116136627,2024-01-01,theft-from-the-person,On or near Nightclub,51.516900,-0.132077,False,Central London
116100613,2024-01-01,theft-from-the-person,On or near Further/higher Educational Building,51.516178,-0.131904,False,Central London
116130082,2024-01-01,theft-from-the-person,On or near Tottenham Court Road,51.520697,-0.134429,False,Central London
116130140,2024-01-01,theft-from-the-person,On or near Dering Street,51.514195,-0.145735,False,Central London
116130146,2024-01-01,theft-from-the-person,On or near Nightclub,51.514492,-0.131037,False,Central London
116151758,2024-01-01,theft-from-the-person,On or near Argyll Street,51.514684,-0.140844,False,Central London
116130865,2024-01-01,theft-from-the-person,On or near Further/higher Educational Building,51.516178,-0.131904,False,Central London
116130871,2024-01-01,theft-from-the-person,On or near Great Windmill Street,51.510952,-0.134064,False,Central London
116130890,2024-01-01,theft-from-the-person,On or near Nightclub,51.511783,-0.129778,False,Central London
116148663,2024-01-01,theft-from-the-person,On or near Nightclub,51.511783,-0.129778,False,Central London
116131678,2024-01-01,theft-from-the-person,On or near Little Newport Street,51.511703,-0.128701,False,Central London
116131681,2024-01-01,theft-from-the-person,On or near Nightclub,51.512416,-0.133384,False,Central London
116131687,2024-01-01,theft-from-the-person,On or near Little Newport Street,51.511703,-0.128701,False,Central London
116131704,2024-01-01,theft-from-the-person,On or near Leicester Square,51.511584,-0.128000,False,Central London
116131786,2024-01-01,theft-from-the-person,On or near Savoy Court,51.510373,-0.120887,False,Central London
116131790,2024-01-01,theft-from-the-person,On or near Dering Street,51.514195,-0.145735,False,Central London
116131798,2024-01-01,theft-from-the-person,On or near Gresse Street,51.517516,-0.134012,False,Central London
116148683,2024-01-01,theft-from-the-person,On or near Long Acre,51.513205,-0.124229,False,Central London
116152009,2024-01-01,theft-from-the-person,On or near Dering Street,51.514195,-0.145735,False,Central London
116132143,2024-01-01,theft-from-the-person,On or near Denmark Street,51.515189,-0.129653,False,Central London
116133067,2024-01-01,theft-from-the-person,On or near Nightclub,51.509962,-0.137952,False,Central London
116133070,2024-01-01,theft-from-the-person,On or near Theatre/concert Hall,51.512300,-0.128388,False,Central London
116133092,2024-01-01,theft-from-the-person,On or near Gresse Street,51.517516,-0.134012,False,Central London
116133122,2024-01-01,theft-from-the-person,On or near Gerrard Street,51.511760,-0.131163,False,Central London
116133126,2024-01-01,theft-from-the-person,On or near B402,51.513777,-0.123456,False,Central London
116133462,2024-01-01,theft-from-the-person,On or near Little Newport Street,51.511703,-0.128701,False,Central London
116133465,2024-01-01,theft-from-the-person,On or near New Burlington Place,51.512078,-0.141526,False,Central London
116109467,2024-01-01,theft-from-the-person,On or near Holborn,51.517436,-0.119976,False,Central London
116134070,2024-01-01,theft-from-the-person,On or near Little Newport Street,51.511703,-0.128701,False,Central London
116134399,2024-01-01,theft-from-the-person,On or near Argyll Street,51.514684,-0.140844,False,Central London
116134403,2024-01-01,theft-from-the-person,On or near Dering Street,51.514195,-0.145735,False,Central London
116134413,2024-01-01,theft-from-the-person,On or near John Prince's Street,51.515753,-0.143092,False,Central London
116134558,2024-01-01,theft-from-the-person,On or near Apple Tree Yard,51.508313,-0.136074,False,Central London
116134621,2024-01-01,theft-from-the-person,On or near Nightclub,51.508087,-0.124122,False,Central London
116134669,2024-01-01,theft-from-the-person,On or near Bruton Place,51.510635,-0.145807,False,Central London
116134672,2024-01-01,theft-from-the-person,On or near Upper John Street,51.511860,-0.137975,False,Central London
116134683,2024-01-01,theft-from-the-person,On or near Phoenix Street,51.514209,-0.129665,False,Central London
116134699,2024-01-01,theft-from-the-person,On or near Theatre/concert Hall,51.511417,-0.127539,False,Central London
116134708,2024-01-01,theft-from-the-person,On or near Great Windmill Street,51.510952,-0.134064,False,Central London
116134749,2024-01-01,theft-from-the-person,On or near Old Compton Street,51.513848,-0.129593,False,Central London
116134752,2024-01-01,theft-from-the-person,On or near Southampton Row,51.519624,-0.121890,False,Central London
116135525,2024-01-01,theft-from-the-person,On or near Parking Area,51.514010,-0.124528,False,Central London
116157802,2024-01-01,theft-from-the-person,On or near Theme/adventure Park,51.502823,-0.119257,False,Central London
116126142,2024-01-01,theft-from-the-person,On or near Strand,51.511022,-0.119880,False,Central London
116126174,2024-01-01,theft-from-the-person,On or near Parking Area,51.507286,-0.128903,False,Central London
116126210,2024-01-01,theft-from-the-person,On or near Leicester Square,51.511584,-0.128000,False,Central London
116157805,2024-01-01,theft-from-the-person,On or near Theme/adventure Park,51.502803,-0.118778,False,Central London
116112495,2024-01-01,theft-from-the-person,On or near Shaftesbury Avenue,51.513064,-0.129438,False,Central London
116125718,2024-01-01,theft-from-the-person,On or near Further/higher Educational Building,51.516178,-0.131904,False,Central London
116111704,2024-01-01,theft-from-the-person,On or near London Waterloo,51.502663,-0.113423,False,Central London
116125654,2024-01-01,theft-from-the-person,On or near London Waterloo,51.502663,-0.113423,False,Central London
116126152,2024-01-01,theft-from-the-person,On or near Montreal Place,51.512133,-0.117918,False,Central London
116126153,2024-01-01,theft-from-the-person,On or near Nightclub,51.510953,-0.133012,False,Central London
116126198,2024-01-01,theft-from-the-person,On or near Whitehall Court,51.505942,-0.124412,False,Central London
116155380,2024-01-01,theft-from-the-person,On or near Macclesfield Street,51.511997,-0.131355,False,Central London
116125814,2024-01-01,theft-from-the-person,On or near Parking Area,51.512379,-0.129379,False,Central London
116126165,2024-01-01,theft-from-the-person,On or near Parking Area,51.507286,-0.128903,False,Central London
116126191,2024-01-01,theft-from-the-person,On or near Cranbourn Street,51.511339,-0.128427,False,Central London
116126221,2024-01-01,theft-from-the-person,On or near Leicester Square,51.511584,-0.128000,False,Central London
116126227,2024-01-01,theft-from-the-person,On or near Charles Ii Street,51.507970,-0.133162,False,Central London
116125813,2024-01-01,theft-from-the-person,On or near Leicester Square,51.510468,-0.130769,False,Central London
116119798,2024-01-01,theft-from-the-person,On or near Denman Street,51.510729,-0.135283,False,Central London
116119800,2024-01-01,theft-from-the-person,On or near Hills Place,51.515088,-0.140222,False,Central London
116111687,2024-01-01,theft-from-the-person,On or near Theme/adventure Park,51.502823,-0.119257,False,Central London
116137003,2024-01-01,theft-from-the-person,On or near Nightclub,51.510840,-0.128984,False,Central London
116137086,2024-01-01,theft-from-the-person,On or near Tottenham Court Road,51.520697,-0.134429,False,Central London
116137230,2024-01-01,theft-from-the-person,On or near Cavendish Square,51.516488,-0.145743,False,Central London
116137283,2024-01-01,theft-from-the-person,On or near Further/higher Educational Building,51.516178,-0.131904,False,Central London
116137288,2024-01-01,theft-from-the-person,On or near Smith's Court,51.511608,-0.134599,False,Central London
116148245,2024-01-01,theft-from-the-person,On or near Old Compton Street,51.513200,-0.131248,False,Central London
116148682,2024-01-01,theft-from-the-person,On or near Argyll Street,51.514684,-0.140844,False,Central London
116148692,2024-01-01,theft-from-the-person,On or near Glasshouse Street,51.510520,-0.137439,False,Central London
116149001,2024-01-01,theft-from-the-person,On or near Pear Place,51.502428,-0.110508,False,Central London
116149799,2024-01-01,theft-from-the-person,On or near Soho Street,51.515939,-0.132693,False,Central London
116149808,2024-01-01,theft-from-the-person,On or near Nightclub,51.515684,-0.135874,False,Central London
116149812,2024-01-01,theft-from-the-person,On or near Argyll Street,51.514684,-0.140844,False,Central London
116149828,2024-01-01,theft-from-the-person,On or near Dering Street,51.514195,-0.145735,False,Central London
116114365,2024-01-01,theft-from-the-person,On or near Theatre/concert Hall,51.506707,-0.116009,False,Central London
116149981,2024-01-01,theft-from-the-person,On or near Shopping Area,51.513237,-0.146004,False,Central London
116150206,2024-01-01,theft-from-the-person,On or near Parking Area,51.517287,-0.130403,False,Central London
116150883,2024-01-01,theft-from-the-person,On or near Margaret Street,51.516668,-0.141210,False,Central London
116150683,2024-01-01,theft-from-the-person,On or near Irving Street,51.509886,-0.128646,False,Central London
116150945,2024-01-01,theft-from-the-person,On or near Carlisle Place,51.495936,-0.141491,False,Central London
116151509,2024-01-01,theft-from-the-person,On or near Dering Street,51.514195,-0.145735,False,Central London
116151967,2024-01-01,theft-from-the-person,On or near Theatre/concert Hall,51.514523,-0.129580,False,Central London
116151984,2024-01-01,theft-from-the-person,On or near Dunn's Passage,51.517030,-0.123827,False,Central London
116152609,2024-01-01,theft-from-the-person,On or near Conference/exhibition Centre,51.516295,-0.129487,False,Central London
116153250,2024-01-01,theft-from-the-person,On or near Further/higher Educational Building,51.516178,-0.131904,False,Central London
116153350,2024-01-01,theft-from-the-person,On or near Denmark Street,51.515189,-0.129653,False,Central London
116154398,2024-01-01,theft-from-the-person,On or near Gresse Street,51.517516,-0.134012,False,Central London
116134793,2024-01-01,theft-from-the-person,On or near Theatre/concert Hall,51.515430,-0.122797,False,Central London
116154421,2024-01-01,theft-from-the-person,On or near Soho Street,51.515939,-0.132693,False,Central London
116112205,2024-01-01,theft-from-the-person,On or near Parking Area,51.513233,-0.141234,False,Central London
116155925,2024-01-01,theft-from-the-person,On or near Hills Place,51.515088,-0.140222,False,Central London
116112380,2024-01-01,theft-from-the-person,On or near Market Place,51.516058,-0.140154,False,Central London
116157904,2024-01-01,theft-from-the-person,On or near Nightclub,51.512482,-0.134160,False,Central London
116158994,2024-01-01,theft-from-the-person,On or near Nightclub,51.509962,-0.137952,False,Central London
116159075,2024-01-01,theft-from-the-person,On or near Soho Street,51.515939,-0.132693,False,Central London
116159080,2024-01-01,theft-from-the-person,On or near Parking Area,51.507286,-0.128903,False,Central London
116159082,2024-01-01,theft-from-the-person,On or near Denman Street,51.510729,-0.135283,False,Central London
116159087,2024-01-01,theft-from-the-person,On or near Blenheim Street,51.513918,-0.146986,False,Central London
116123417,2024-01-01,theft-from-the-person,On or near Nightclub,51.508450,-0.143266,False,Central London
116161521,2024-01-01,theft-from-the-person,On or near Gerrard Place,51.512247,-0.130120,False,Central London
116161532,2024-01-01,theft-from-the-person,On or near Nightclub,51.516623,-0.132976,False,Central London
116113347,2024-01-01,theft-from-the-person,On or near Argyll Street,51.514684,-0.140844,False,Central London
116162310,2024-01-01,theft-from-the-person,On or near Old Pye Street,51.497534,-0.132307,False,Central London
116162324,2024-01-01,theft-from-the-person,On or near Warwick Row,51.498315,-0.142994,False,Central London
116113692,2024-01-01,theft-from-the-person,On or near Argyll Street,51.514684,-0.140844,False,Central London
116099793,2024-01-01,theft-from-the-person,On or near Coach And Horses Yard,51.511314,-0.142134,False,Central London
116163041,2024-01-01,theft-from-the-person,On or near Shopping Area,51.512166,-0.123818,False,Central London
116097761,2024-01-01,theft-from-the-person,On or near Theatre/concert Hall,51.506998,-0.113994,False,Central London
116116508,2024-01-01,theft-from-the-person,On or near Further/higher Educational Building,51.516178,-0.131904,False,Central London
116137332,2024-01-01,theft-from-the-person,On or near Argyll Street,51.514684,-0.140844,False,Central London
116117164,2024-01-01,theft-from-the-person,On or near Shopping Area,51.496466,-0.141499,False,Central London
116098263,2024-01-01,theft-from-the-person,On or near B402,51.513777,-0.123456,False,Central London
116098881,2024-01-01,theft-from-the-person,On or near Further/higher Educational Building,51.516178,-0.131904,False,Central London
116149831,2024-01-01,theft-from-the-person,On or near Soho Street,51.515939,-0.132693,False,Central London
116148678,2024-01-01,theft-from-the-person,On or near Covent Garden,51.512980,-0.124210,False,Central London
116123021,2024-01-01,theft-from-the-person,On or near Ferry Terminal,51.495035,-0.121114,False,Central London
116123231,2024-01-01,theft-from-the-person,On or near Cranbourn Street,51.511339,-0.128427,False,Central London
116123239,2024-01-01,theft-from-the-person,On or near Hanover Street,51.513827,-0.142363,False,Central London
116125041,2024-01-01,theft-from-the-person,On or near Stamford Street,51.505931,-0.110839,False,Central London
116125177,2024-01-01,theft-from-the-person,On or near Nightclub,51.514838,-0.133545,False,Central London
116125402,2024-01-01,theft-from-the-person,On or near Nightclub,51.511200,-0.133288,False,Central London
116127335,2024-01-01,theft-from-the-person,On or near Upper John Street,51.511860,-0.137975,False,Central London
116127339,2024-01-01,theft-from-the-person,On or near B402,51.513777,-0.123456,False,Central London
116127396,2024-01-01,theft-from-the-person,On or near Blenheim Street,51.513918,-0.146986,False,Central London
116127407,2024-01-01,theft-from-the-person,On or near Old Compton Street,51.513200,-0.131248,False,Central London
116127420,2024-01-01,theft-from-the-person,On or near Rose Street,51.511623,-0.125951,False,Central London
116128799,2024-01-01,theft-from-the-person,On or near Gerrard Street,51.511760,-0.131163,False,Central London
116105218,2024-01-01,theft-from-the-person,On or near Parking Area,51.506136,-0.115773,False,Central London
116138330,2024-01-01,theft-from-the-person,On or near Nightclub,51.514246,-0.131436,False,Central London
116138287,2024-01-01,theft-from-the-person,On or near Hills Place,51.515088,-0.140222,False,Central London
116138296,2024-01-01,theft-from-the-person,On or near Meard Street,51.513341,-0.132756,False,Central London
116126202,2024-01-01,theft-from-the-person,On or near Hanover Street,51.513827,-0.142363,False,Central London
116158316,2024-01-01,theft-from-the-person,On or near Soho Street,51.515939,-0.132693,False,Central London
116147140,2024-01-01,theft-from-the-person,On or near Leicester Square,51.510468,-0.130769,False,Central London
116148238,2024-01-01,theft-from-the-person,On or near Soho Street,51.515939,-0.132693,False,Central London
116132926,2024-01-01,theft-from-the-person,On or near Further/higher Educational Building,51.500280,-0.116091,False,Central London
116156029,2024-01-01,theft-from-the-person,On or near New Burlington Place,51.512078,-0.141526,False,Central London
116099805,2024-01-01,theft-from-the-person,On or near Tottenham Court Road,51.520697,-0.134429,False,Central London
116157508,2024-01-01,theft-from-the-person,On or near Dering Street,51.514195,-0.145735,False,Central London
116117167,2024-01-01,theft-from-the-person,On or near Little Newport Street,51.511703,-0.128701,False,Central London
116125817,2024-01-01,theft-from-the-person,On or near Gresse Street,51.517516,-0.134012,False,Central London
116133460,2024-01-01,theft-from-the-person,On or near Great Chapel Street,51.515580,-0.134437,False,Central London
116128770,2024-01-01,theft-from-the-person,On or near Little Newport Street,51.511703,-0.128701,False,Central London
116117112,2024-01-01,theft-from-the-person,On or near Market Place,51.516058,-0.140154,False,Central London
116123419,2024-01-01,theft-from-the-person,On or near Police Station,51.509786,-0.124658,False,Central London
116110341,2024-01-01,theft-from-the-person,On or near Glasshouse Street,51.510520,-0.137439,False,Central London
116124274,2024-01-01,theft-from-the-person,On or near Holborn,51.517436,-0.119976,False,Central London
116113435,2024-01-01,theft-from-the-person,On or near Dering Street,51.514195,-0.145735,False,Central London
116134671,2024-01-01,theft-from-the-person,On or near Parking Area,51.512136,-0.134995,False,Central London
116132498,2024-01-01,theft-from-the-person,On or near Shopping Area,51.512117,-0.123121,False,Central London
116156018,2024-01-01,theft-from-the-person,On or near Gerrard Place,51.512247,-0.130120,False,Central London
116103600,2024-01-01,theft-from-the-person,On or near Nightclub,51.515684,-0.135874,False,Central London
116131705,2024-01-01,theft-from-the-person,On or near Theatre/concert Hall,51.510345,-0.122502,False,Central London
116103419,2024-01-01,theft-from-the-person,On or near Rose Street,51.511623,-0.125951,False,Central London
116157461,2024-01-01,theft-from-the-person,On or near Further/higher Educational Building,51.516178,-0.131904,False,Central London
116134400,2024-01-01,theft-from-the-person,On or near Temple Place,51.511292,-0.113701,False,Central London
116130836,2024-01-01,theft-from-the-person,On or near Nightclub,51.515942,-0.112096,False,Central London
116150212,2024-01-01,theft-from-the-person,On or near Soho Street,51.515939,-0.132693,False,Central London
116134731,2024-01-01,theft-from-the-person,On or near Great Chapel Street,51.515580,-0.134437,False,Central London
116108579,2024-01-01,theft-from-the-person,On or near Nightclub,51.507576,-0.141776,False,Central London
116093237,2024-01-01,theft-from-the-person,On or near Supermarket,51.507415,-0.105835,False,Central London
116138425,2024-01-01,theft-from-the-person,On or near Waterloo,51.504010,-0.115515,False,Central London
116107811,2024-01-01,theft-from-the-person,On or near Hanover Street,51.513827,-0.142363,False,Central London
116123263,2024-01-01,theft-from-the-person,On or near Lisle Street,51.511534,-0.130495,False,Central London
116131649,2024-01-01,theft-from-the-person,On or near Nightclub,51.515684,-0.135874,False,Central London
116134721,2024-01-01,theft-from-the-person,On or near Market Place,51.516058,-0.140154,False,Central London
116110093,2024-01-01,theft-from-the-person,On or near Shelton Street,51.513753,-0.125331,False,Central London
116117226,2024-01-01,theft-from-the-person,On or near Glasshouse Street,51.510520,-0.137439,False,Central London
116134444,2024-01-01,theft-from-the-person,On or near Ham Yard,51.511310,-0.134539,False,Central London
116123206,2024-01-01,theft-from-the-person,On or near Nightclub,51.508087,-0.124122,False,Central London
116151756,2024-01-01,theft-from-the-person,On or near Romilly Street,51.513019,-0.130592,False,Central London
116109253,2024-01-01,theft-from-the-person,On or near Parking Area,51.513233,-0.141234,False,Central London
116131689,2024-01-01,theft-from-the-person,On or near Gresse Street,51.517516,-0.134012,False,Central London
116150188,2024-01-01,theft-from-the-person,On or near Theatre/concert Hall,51.514523,-0.129580,False,Central London
116109632,2024-01-01,theft-from-the-person,On or near Soho Street,51.515939,-0.132693,False,Central London
116152845,2024-01-01,theft-from-the-person,On or near Glasshouse Street,51.510520,-0.137439,False,Central London
116109224,2024-01-01,theft-from-the-person,On or near Further/higher Educational Building,51.516178,-0.131904,False,Central London
116138339,2024-01-01,theft-from-the-person,On or near Dering Street,51.514195,-0.145735,False,Central London
116129269,2024-01-01,theft-from-the-person,On or near Dansey Place,51.511790,-0.131925,False,Central London
116103425,2024-01-01,theft-from-the-person,On or near Great George Street,51.501151,-0.127908,False,Central London
116109687,2024-01-01,theft-from-the-person,On or near Nightclub,51.516166,-0.137324,False,Central London
116103401,2024-01-01,theft-from-the-person,On or near St Margaret Street,51.500253,-0.126317,False,Central London
116105454,2024-01-01,theft-from-the-person,On or near Conference/exhibition Centre,51.516295,-0.129487,False,Central London
116129091,2024-01-01,theft-from-the-person,On or near Nightclub,51.510840,-0.128984,False,Central London
116154409,2024-01-01,theft-from-the-person,On or near Shopping Area,51.496466,-0.141499,False,Central London
116138311,2024-01-01,theft-from-the-person,On or near Hills Place,51.515088,-0.140222,False,Central London
116133461,2024-01-01,theft-from-the-person,On or near Neal Street,51.513386,-0.124308,False,Central London
116110299,2024-01-01,theft-from-the-person,On or near Further/higher Educational Building,51.514867,-0.138790,False,Central London
116098383,2024-01-01,theft-from-the-person,On or near Shopping Area,51.496466,-0.141499,False,Central London
116134208,2024-01-01,theft-from-the-person,On or near Theme/adventure Park,51.502823,-0.119257,False,Central London
116092424,2024-01-01,theft-from-the-person,On or near Hamilton Mews,51.504176,-0.149643,False,Central London
116153869,2024-01-01,theft-from-the-person,On or near Surrey Street,51.512449,-0.115772,False,Central London
116100154,2024-01-01,theft-from-the-person,On or near Theatre/concert Hall,51.512300,-0.128388,False,Central London
116154370,2024-01-01,theft-from-the-person,On or near Old Compton Street,51.513200,-0.131248,False,Central London
116103414,2024-01-01,theft-from-the-person,On or near Buckingham Mews,51.499549,-0.141416,False,Central London
116117199,2024-01-01,theft-from-the-person,On or near Moor Street,51.513498,-0.130169,False,Central London
116098502,2024-01-01,theft-from-the-person,On or near Shopping Area,51.496466,-0.141499,False,Central London
116139472,2024-01-01,theft-from-the-person,On or near Belvedere Road,51.503590,-0.117333,False,Central London
116116561,2024-01-01,theft-from-the-person,On or near Newman's Row,51.517274,-0.115500,False,Central London
116096500,2024-01-01,theft-from-the-person,On or near Dering Street,51.514195,-0.145735,False,Central London
116154578,2024-01-01,theft-from-the-person,On or near Theatre/concert Hall,51.510152,-0.132382,False,Central London
116120326,2024-01-01,theft-from-the-person,On or near Argyll Street,51.514684,-0.140844,False,Central London
116092108,2024-01-01,theft-from-the-person,On or near Further/higher Educational Building,51.516178,-0.131904,False,Central London
116145100,2024-01-01,theft-from-the-person,On or near Hills Place,51.515088,-0.140222,False,Central London
116098743,2024-01-01,theft-from-the-person,On or near Nightclub,51.510953,-0.133012,False,Central London
116149825,2024-01-01,theft-from-the-person,On or near Parking Area,51.514010,-0.124528,False,Central London
116144073,2024-01-01,theft-from-the-person,On or near Gresse Street,51.517516,-0.134012,False,Central London
116123221,2024-01-01,theft-from-the-person,On or near Dering Street,51.514195,-0.145735,False,Central London
116142935,2024-01-01,theft-from-the-person,On or near Parking Area,51.512379,-0.129379,False,Central London
116110092,2024-01-01,theft-from-the-person,On or near Parking Area,51.517287,-0.130403,False,Central London
116098357,2024-01-01,theft-from-the-person,On or near Upper John Street,51.511860,-0.137975,False,Central London
116149823,2024-01-01,theft-from-the-person,On or near Upper John Street,51.511860,-0.137975,False,Central London
116098725,2024-01-01,theft-from-the-person,On or near Russell Street,51.512863,-0.120842,False,Central London
116107247,2024-01-01,theft-from-the-person,On or near Denmark Street,51.515189,-0.129653,False,Central London
116151439,2024-01-01,theft-from-the-person,On or near Further/higher Educational Building,51.516178,-0.131904,False,Central London
116143223,2024-01-01,theft-from-the-person,On or near Dansey Place,51.511790,-0.131925,False,Central London
116143899,2024-01-01,theft-from-the-person,On or near Mercer Street,51.513064,-0.126080,False,Central London
116133058,2024-01-01,theft-from-the-person,On or near Nightclub,51.516900,-0.132077,False,Central London
116116520,2024-01-01,theft-from-the-person,On or near Glasshouse Street,51.510520,-0.137439,False,Central London
116107093,2024-01-01,theft-from-the-person,On or near Bus/coach Station,51.500358,-0.130635,False,Central London
116103717,2024-01-01,theft-from-the-person,On or near Alfred Place,51.519794,-0.132535,False,Central London
116105907,2024-01-01,theft-from-the-person,On or near Neal Street,51.514408,-0.125780,False,Central London
116134071,2024-01-01,theft-from-the-person,On or near Nightclub,51.509097,-0.146936,False,Central London
116105810,2024-01-01,theft-from-the-person,On or near Shopping Area,51.496466,-0.141499,False,Central London
116132655,2024-01-01,theft-from-the-person,On or near Gresse Street,51.517516,-0.134012,False,Central London
116109199,2024-01-01,theft-from-the-person,On or near Dansey Place,51.511790,-0.131925,False,Central London
116141772,2024-01-01,theft-from-the-person,On or near Holborn,51.517436,-0.119976,False,Central London
116107084,2024-01-01,theft-from-the-person,On or near Nightclub,51.507766,-0.141284,False,Central London
116127650,2024-01-01,theft-from-the-person,On or near Secker Street,51.504781,-0.111477,False,Central London
116131179,2024-01-01,theft-from-the-person,On or near Vigo Street,51.510266,-0.139006,False,Central London
116131483,2024-01-01,theft-from-the-person,On or near Further/higher Educational Building,51.514867,-0.138790,False,Central London
116131730,2024-01-01,theft-from-the-person,On or near Leicester Square,51.510468,-0.130769,False,Central London
116153347,2024-01-01,theft-from-the-person,On or near Shopping Area,51.496466,-0.141499,False,Central London
116153349,2024-01-01,theft-from-the-person,On or near Further/higher Educational Building,51.516178,-0.131904,False,Central London
116154464,2024-01-01,theft-from-the-person,On or near Further/higher Educational Building,51.516178,-0.131904,False,Central London
116100167,2024-01-01,theft-from-the-person,On or near Romilly Street,51.513019,-0.130592,False,Central London
116161557,2024-01-01,theft-from-the-person,On or near Theatre/concert Hall,51.512300,-0.128388,False,Central London
116156514,2024-01-01,theft-from-the-person,On or near Argyll Street,51.514684,-0.140844,False,Central London
116159937,2024-01-01,theft-from-the-person,On or near Market Place,51.516058,-0.140154,False,Central London
116131714,2024-01-01,vehicle-crime,On or near King Street,51.506946,-0.136029,False,Central London
116123388,2024-01-01,vehicle-crime,On or near Parking Area,51.512379,-0.129379,False,Central London
116110370,2024-01-01,vehicle-crime,On or near Dering Street,51.514195,-0.145735,False,Central London
116125677,2024-01-01,vehicle-crime,On or near Theme/adventure Park,51.502823,-0.119257,False,Central London
116123237,2024-01-01,vehicle-crime,On or near Ham Yard,51.511310,-0.134539,False,Central London
116104548,2024-01-01,vehicle-crime,On or near Margaret Street,51.516668,-0.141210,False,Central London
116130868,2024-01-01,vehicle-crime,On or near St James's Park,51.499302,-0.133790,False,Central London
116144025,2024-01-01,vehicle-crime,On or near Blenheim Street,51.513918,-0.146986,False,Central London
116092107,2024-01-01,vehicle-crime,On or near Smith Square,51.496238,-0.127130,False,Central London
116124901,2024-01-01,vehicle-crime,On or near A3203,51.495757,-0.114501,False,Central London
116131740,2024-01-01,vehicle-crime,On or near Waverton Street,51.507999,-0.149719,False,Central London
116145112,2024-01-01,vehicle-crime,On or near Curzon Street,51.506720,-0.147883,False,Central London
116151977,2024-01-01,vehicle-crime,On or near Parking Area,51.512136,-0.134995,False,Central London
116163376,2024-01-01,vehicle-crime,On or near Further/higher Educational Building,51.500280,-0.116091,False,Central London
116112992,2024-01-01,vehicle-crime,On or near John Prince's Street,51.515753,-0.143092,False,Central London
116145049,2024-01-01,vehicle-crime,On or near Parking Area,51.512136,-0.134995,False,Central London
116144545,2024-01-01,vehicle-crime,On or near Nightclub,51.507762,-0.137047,False,Central London
116144487,2024-01-01,vehicle-crime,On or near Gresse Street,51.517516,-0.134012,False,Central London
116122884,2024-01-01,vehicle-crime,On or near St Ann's Street,51.497579,-0.130590,False,Central London
116116644,2024-01-01,vehicle-crime,On or near Parking Area,51.512136,-0.134995,False,Central London
116121571,2024-01-01,vehicle-crime,On or near Roupell Street,51.504685,-0.108268,False,Central London
116112305,2024-01-01,vehicle-crime,On or near Upper James Street,51.512419,-0.137520,False,Central London
116148164,2024-01-01,vehicle-crime,On or near Parking Area,51.512379,-0.129379,False,Central London
116154970,2024-01-01,vehicle-crime,On or near Further/higher Educational Building,51.518043,-0.122651,False,Central London
116107087,2024-01-01,vehicle-crime,On or near Parking Area,51.512136,-0.134995,False,Central London
116125164,2024-01-01,vehicle-crime,On or near Parking Area,51.514209,-0.137000,False,Central London
116117125,2024-01-01,vehicle-crime,On or near St George Street,51.512635,-0.143204,False,Central London
116158466,2024-01-01,vehicle-crime,On or near Nightclub,51.509097,-0.146936,False,Central London
116122436,2024-01-01,vehicle-crime,On or near Parking Area,51.512379,-0.129379,False,Central London
116120668,2024-01-01,vehicle-crime,On or near B326,51.493939,-0.129039,False,Central London
116119825,2024-01-01,vehicle-crime,On or near Further/higher Educational Building,51.514867,-0.138790,False,Central London
116119826,2024-01-01,vehicle-crime,On or near Marshall Street,51.513133,-0.137779,False,Central London
116122400,2024-01-01,vehicle-crime,On or near Cork St Mews,51.509986,-0.141741,False,Central London
116100665,2024-01-01,vehicle-crime,On or near Great Queen Street,51.514777,-0.121859,False,Central London
116095995,2024-01-01,vehicle-crime,On or near Market Place,51.516058,-0.140154,False,Central London
116115367,2024-01-01,vehicle-crime,On or near Further/higher Educational Building,51.500280,-0.116091,False,Central London
116124022,2024-01-01,vehicle-crime,On or near Earnshaw Street,51.516037,-0.128682,False,Central London
116123238,2024-01-01,vehicle-crime,On or near Nightclub,51.512416,-0.133384,False,Central London
116127389,2024-01-01,vehicle-crime,On or near Carpenter Street,51.510782,-0.148323,False,Central London
116133581,2024-01-01,vehicle-crime,On or near Parking Area,51.512379,-0.129379,False,Central London
116102939,2024-01-01,vehicle-crime,On or near Baron's Place,51.501110,-0.106860,False,Central London
116130136,2024-01-01,vehicle-crime,On or near Parking Area,51.509514,-0.131269,False,Central London
116130886,2024-01-01,vehicle-crime,On or near Parking Area,51.512379,-0.129379,False,Central London
116110300,2024-01-01,vehicle-crime,On or near Bolton Street,51.507115,-0.144408,False,Central London
116131724,2024-01-01,vehicle-crime,On or near Princes Street,51.514365,-0.143408,False,Central London
116119499,2024-01-01,vehicle-crime,On or near Parking Area,51.518600,-0.123056,False,Central London
116098771,2024-01-01,vehicle-crime,On or near Nightclub,51.512416,-0.133384,False,Central London
116110342,2024-01-01,vehicle-crime,On or near Parking Area,51.512136,-0.134995,False,Central London
116150507,2024-01-01,vehicle-crime,On or near Nightclub,51.512513,-0.133841,False,Central London
116112298,2024-01-01,vehicle-crime,On or near Duchy Street,51.506673,-0.108877,False,Central London
116137294,2024-01-01,vehicle-crime,On or near West Street,51.512980,-0.128130,False,Central London
116123389,2024-01-01,vehicle-crime,On or near Parking Area,51.512379,-0.129379,False,Central London
116153345,2024-01-01,vehicle-crime,On or near Parking Area,51.510433,-0.140455,False,Central London
116105756,2024-01-01,vehicle-crime,On or near Shopping Area,51.496466,-0.141499,False,Central London
116134631,2024-01-01,vehicle-crime,On or near Poland Street,51.514361,-0.136908,False,Central London
116142917,2024-01-01,vehicle-crime,On or near Parking Area,51.512379,-0.129379,False,Central London
116153773,2024-01-01,vehicle-crime,On or near Parking Area,51.509514,-0.131269,False,Central London
116123258,2024-01-01,vehicle-crime,On or near Parking Area,51.512379,-0.129379,False,Central London
116133754,2024-01-01,vehicle-crime,On or near Nightclub,51.509759,-0.128782,False,Central London
116109229,2024-01-01,vehicle-crime,On or near Cork Street,51.510379,-0.141552,False,Central London
116109254,2024-01-01,vehicle-crime,On or near Pollen Street,51.513575,-0.142373,False,Central London
116150421,2024-01-01,vehicle-crime,On or near Old Gloucester Street,51.520467,-0.121711,False,Central London
116109250,2024-01-01,vehicle-crime,On or near Parking Area,51.518130,-0.137604,False,Central London
116161541,2024-01-01,vehicle-crime,On or near Shopping Area,51.516618,-0.139226,False,Central London
116112718,2024-01-01,vehicle-crime,On or near Dryden Street,51.514621,-0.122802,False,Central London
116133066,2024-01-01,vehicle-crime,On or near Charles Street,51.507843,-0.147232,False,Central London
116144500,2024-01-01,vehicle-crime,On or near Derby Street,51.506148,-0.149851,False,Central London
116131721,2024-01-01,vehicle-crime,On or near Further/higher Educational Building,51.517845,-0.121977,False,Central London
116139953,2024-01-01,vehicle-crime,On or near Parking Area,51.512136,-0.134995,False,Central London
116162513,2024-01-01,vehicle-crime,On or near Eagle Street,51.518687,-0.117820,False,Central London
116162410,2024-01-01,vehicle-crime,On or near Parking Area,51.512136,-0.134995,False,Central London
116103622,2024-01-01,vehicle-crime,On or near Parking Area,51.512136,-0.134995,False,Central London
116162399,2024-01-01,vehicle-crime,On or near Nightclub,51.512429,-0.142384,False,Central London
116092116,2024-01-01,vehicle-crime,On or near Broadwick Street,51.513470,-0.136339,False,Central London
116099862,2024-01-01,vehicle-crime,On or near Charles Ii Street,51.507970,-0.133162,False,Central London
116116459,2024-01-01,vehicle-crime,On or near Peter Street,51.512780,-0.134234,False,Central London
116123310,2024-01-01,vehicle-crime,On or near New Burlington Place,51.512078,-0.141526,False,Central London
116099278,2024-01-01,vehicle-crime,On or near Parking Area,51.512136,-0.134995,False,Central London
116116727,2024-01-01,vehicle-crime,On or near Parking Area,51.512379,-0.129379,False,Central London
116157581,2024-01-01,vehicle-crime,On or near Theatre/concert Hall,51.496848,-0.142518,False,Central London
116158325,2024-01-01,vehicle-crime,On or near Bruton Street,51.510641,-0.144467,False,Central London
116111878,2024-01-01,vehicle-crime,On or near Hercules Road,51.497269,-0.114064,False,Central London
116119767,2024-01-01,vehicle-crime,On or near Parking Area,51.509514,-0.131269,False,Central London
116092417,2024-01-01,vehicle-crime,On or near Carpenter Street,51.510782,-0.148323,False,Central London
116154013,2024-01-01,vehicle-crime,On or near Parking Area,51.510433,-0.140455,False,Central London
116159049,2024-01-01,vehicle-crime,On or near Marsham Street,51.494857,-0.129088,False,Central London
116123993,2024-01-01,vehicle-crime,On or near Parking Area,51.514209,-0.137000,False,Central London
116145062,2024-01-01,vehicle-crime,On or near Parking Area,51.509514,-0.131269,False,Central London
116131500,2024-01-01,vehicle-crime,On or near Gresse Street,51.517516,-0.134012,False,Central London
116134769,2024-01-01,vehicle-crime,On or near Alfred Place,51.519794,-0.132535,False,Central London
116154624,2024-01-01,vehicle-crime,On or near Nightclub,51.509097,-0.146936,False,Central London
115919782,2024-01-01,vehicle-crime,On or near Bolton Street,51.507115,-0.144408,False,Central London
116091460,2024-01-01,vehicle-crime,On or near Parking Area,51.512136,-0.134995,False,Central London
116149848,2024-01-01,vehicle-crime,On or near Parking Area,51.512379,-0.129379,False,Central London
116122425,2024-01-01,vehicle-crime,On or near Scotland Place,51.506087,-0.125617,False,Central London
116095882,2024-01-01,vehicle-crime,On or near Poland Street,51.514361,-0.136908,False,Central London
116124253,2024-01-01,vehicle-crime,On or near Foley Street,51.520177,-0.138501,False,Central London
116134815,2024-01-01,vehicle-crime,On or near Ormond Close,51.521182,-0.120889,False,Central London
116123180,2024-01-01,vehicle-crime,On or near Howick Place,51.496711,-0.137095,False,Central London
116153985,2024-01-01,vehicle-crime,On or near Parking Area,51.510433,-0.140455,False,Central London
116131737,2024-01-01,vehicle-crime,On or near A301,51.512059,-0.118929,False,Central London
116117114,2024-01-01,vehicle-crime,On or near Parking Area,51.509514,-0.131269,False,Central London
116125521,2024-01-01,vehicle-crime,On or near Charlotte Mews,51.520408,-0.136041,False,Central London
116095976,2024-01-01,vehicle-crime,On or near Parking Area,51.512136,-0.134995,False,Central London
116137271,2024-01-01,vehicle-crime,On or near Nightclub,51.509458,-0.132280,False,Central London
116134410,2024-01-01,vehicle-crime,On or near Ormond Yard,51.508202,-0.136410,False,Central London
116116710,2024-01-01,vehicle-crime,On or near Parking Area,51.512379,-0.129379,False,Central London
116151429,2024-01-01,vehicle-crime,On or near Shopping Area,51.499894,-0.132899,False,Central London
116127390,2024-01-01,vehicle-crime,On or near Carpenter Street,51.510782,-0.148323,False,Central London
116114011,2024-01-01,vehicle-crime,On or near Parking Area,51.514209,-0.137000,False,Central London
116094113,2024-01-01,vehicle-crime,On or near Parking Area,51.510433,-0.140455,False,Central London
116131711,2024-01-01,vehicle-crime,On or near Theatre/concert Hall,51.513075,-0.118888,False,Central London
116148242,2024-01-01,vehicle-crime,On or near Parking Area,51.512136,-0.134995,False,Central London
116145607,2024-01-01,vehicle-crime,On or near Nightclub,51.513406,-0.131715,False,Central London
116133455,2024-01-01,vehicle-crime,On or near Nightclub,51.512429,-0.142384,False,Central London
116154429,2024-01-01,vehicle-crime,On or near Parking Area,51.512136,-0.134995,False,Central London
116146894,2024-01-01,vehicle-crime,On or near B404,51.511030,-0.127085,False,Central London
116089994,2024-01-01,vehicle-crime,On or near Parking Area,51.509514,-0.131269,False,Central London
116107090,2024-01-01,vehicle-crime,On or near Bridle Lane,51.511925,-0.136431,False,Central London
116151193,2024-01-01,vehicle-crime,On or near Streatham Street,51.517319,-0.127274,False,Central London
116155356,2024-01-01,vehicle-crime,On or near John Prince's Street,51.515753,-0.143092,False,Central London
116134504,2024-01-01,vehicle-crime,On or near Grafton Street,51.510141,-0.143046,False,Central London
116090148,2024-01-01,vehicle-crime,On or near Parking Area,51.510433,-0.140455,False,Central London
116099790,2024-01-01,vehicle-crime,On or near Parking Area,51.512136,-0.134995,False,Central London
116116739,2024-01-01,vehicle-crime,On or near Howick Place,51.496711,-0.137095,False,Central London
116106864,2024-01-01,vehicle-crime,On or near Shopping Area,51.505464,-0.114844,False,Central London
116140560,2024-01-01,vehicle-crime,On or near Parking Area,51.514209,-0.137000,False,Central London
116119773,2024-01-01,vehicle-crime,On or near Parking Area,51.509514,-0.131269,False,Central London
116098785,2024-01-01,vehicle-crime,On or near Clifford Street,51.510973,-0.141629,False,Central London
116102020,2024-01-01,vehicle-crime,On or near St James's Square,51.506610,-0.135250,False,Central London
116131722,2024-01-01,vehicle-crime,On or near Kemble Street,51.514307,-0.119485,False,Central London
116125959,2024-01-01,vehicle-crime,On or near Betterton Street,51.514832,-0.124162,False,Central London
116144578,2024-01-01,vehicle-crime,On or near Old Queen Street,51.500800,-0.130732,False,Central London
116103456,2024-01-01,vehicle-crime,On or near Parking Area,51.512136,-0.134995,False,Central London
116144596,2024-01-01,vehicle-crime,On or near Parking Area,51.514209,-0.137000,False,Central London
116098766,2024-01-01,vehicle-crime,On or near John Prince's Street,51.515753,-0.143092,False,Central London
116117314,2024-01-01,vehicle-crime,On or near Mercer Street,51.512945,-0.125926,False,Central London
116103685,2024-01-01,vehicle-crime,On or near Dane Street,51.518744,-0.118596,False,Central London
116106893,2024-01-01,vehicle-crime,On or near Parking Area,51.509064,-0.130120,False,Central London
116124747,2024-01-01,vehicle-crime,On or near Coach And Horses Yard,51.511314,-0.142134,False,Central London
116104204,2024-01-01,violent-crime,On or near Howick Place,51.496711,-0.137095,False,Central London
116126457,2024-01-01,violent-crime,On or near Craig's Court,51.506736,-0.126800,False,Central London
116125750,2024-01-01,violent-crime,On or near Nightclub,51.515942,-0.112096,False,Central London
116145057,2024-01-01,violent-crime,On or near Warwick Row,51.498315,-0.142994,False,Central London
116103398,2024-01-01,violent-crime,On or near Leicester Square,51.510468,-0.130769,False,Central London
116134637,2024-01-01,violent-crime,On or near Strand,51.511022,-0.119880,False,Central London
116133788,2024-01-01,violent-crime,On or near Theatre/concert Hall,51.509404,-0.131706,False,Central London
116133787,2024-01-01,violent-crime,On or near Theatre/concert Hall,51.509404,-0.131706,False,Central London
116125658,2024-01-01,violent-crime,On or near Addington Street,51.501162,-0.116252,False,Central London
116134620,2024-01-01,violent-crime,On or near Cockspur Court,51.507234,-0.129821,False,Central London
116141061,2024-01-01,violent-crime,On or near Howick Place,51.496711,-0.137095,False,Central London
116134712,2024-01-01,violent-crime,On or near Nightclub,51.514012,-0.131078,False,Central London
116133786,2024-01-01,violent-crime,On or near Theatre/concert Hall,51.509404,-0.131706,False,Central London
116133762,2024-01-01,violent-crime,On or near Nightclub,51.514492,-0.131037,False,Central London
116133784,2024-01-01,violent-crime,On or near Old Compton Street,51.513848,-0.129593,False,Central London
116133779,2024-01-01,violent-crime,On or near Nightclub,51.514246,-0.131436,False,Central London
116117835,2024-01-01,violent-crime,On or near St Margaret Street,51.500253,-0.126317,False,Central London
116151657,2024-01-01,violent-crime,On or near John Prince's Street,51.515753,-0.143092,False,Central London
116117649,2024-01-01,violent-crime,On or near St Margaret Street,51.500253,-0.126317,False,Central London
116144562,2024-01-01,violent-crime,On or near William Iv Street,51.509491,-0.125924,False,Central London
116103376,2024-01-01,violent-crime,On or near Theatre/concert Hall,51.512811,-0.133325,False,Central London
116098258,2024-01-01,violent-crime,On or near Park/open Space,51.502810,-0.132696,False,Central London
116143273,2024-01-01,violent-crime,On or near Nightclub,51.514492,-0.131037,False,Central London
116145606,2024-01-01,violent-crime,On or near Nightclub,51.508087,-0.124122,False,Central London
116133778,2024-01-01,violent-crime,On or near Nightclub,51.514246,-0.131436,False,Central London
116125770,2024-01-01,violent-crime,On or near Temple,51.511103,-0.113723,False,Central London
116127402,2024-01-01,violent-crime,On or near Further/higher Educational Building,51.514867,-0.138790,False,Central London
116125761,2024-01-01,violent-crime,On or near Windmill Street,51.518783,-0.133974,False,Central London
116117352,2024-01-01,violent-crime,On or near Theatre/concert Hall,51.509158,-0.134930,False,Central London
116154509,2024-01-01,violent-crime,On or near Nightclub,51.510840,-0.128984,False,Central London
116117793,2024-01-01,violent-crime,On or near Lisle Street,51.511534,-0.130495,False,Central London
116122409,2024-01-01,violent-crime,On or near St Margaret Street,51.500253,-0.126317,False,Central London
116144501,2024-01-01,violent-crime,On or near St Margaret Street,51.500253,-0.126317,False,Central London
116125051,2024-01-01,violent-crime,On or near Shopping Area,51.505464,-0.114844,False,Central London
116124429,2024-01-01,violent-crime,On or near Parking Area,51.518600,-0.123056,False,Central London
116127261,2024-01-01,violent-crime,On or near Macclesfield Street,51.511997,-0.131355,False,Central London
116122500,2024-01-01,violent-crime,On or near Police Station,51.509786,-0.124658,False,Central London
116128506,2024-01-01,violent-crime,On or near Parking Area,51.517440,-0.130397,False,Central London
116138345,2024-01-01,violent-crime,On or near Vane Street,51.494207,-0.136836,False,Central London
116105805,2024-01-01,violent-crime,On or near Strutton Ground,51.497497,-0.133922,False,Central London
116099748,2024-01-01,violent-crime,On or near Coburg Close,51.494661,-0.137668,False,Central London
116097638,2024-01-01,violent-crime,On or near Further/higher Educational Building,51.514867,-0.138790,False,Central London
116095821,2024-01-01,violent-crime,On or near Great Peter Street,51.496930,-0.129407,False,Central London
116144054,2024-01-01,violent-crime,On or near St Margaret Street,51.500253,-0.126317,False,Central London
116124247,2024-01-01,violent-crime,On or near Abbey Orchard Street,51.498335,-0.131193,False,Central London
116133766,2024-01-01,violent-crime,On or near William Iv Street,51.509491,-0.125924,False,Central London
116124365,2024-01-01,violent-crime,On or near Denmark Street,51.515189,-0.129653,False,Central London
116156519,2024-01-01,violent-crime,On or near St James's Market,51.509251,-0.133398,False,Central London
116120664,2024-01-01,violent-crime,On or near Bedford Court,51.510513,-0.125161,False,Central London
116117162,2024-01-01,violent-crime,On or near Nightclub,51.511783,-0.129778,False,Central London
116161263,2024-01-01,violent-crime,On or near Market Place,51.516058,-0.140154,False,Central London
116138388,2024-01-01,violent-crime,On or near Nightclub,51.509962,-0.137952,False,Central London
116119845,2024-01-01,violent-crime,On or near Theatre/concert Hall,51.506965,-0.123707,False,Central London
116103444,2024-01-01,violent-crime,On or near Theatre/concert Hall,51.510152,-0.132382,False,Central London
116105760,2024-01-01,violent-crime,On or near B402,51.513777,-0.123456,False,Central London
116094080,2024-01-01,violent-crime,On or near Bucknall Street,51.516329,-0.127791,False,Central London
116133050,2024-01-01,violent-crime,On or near Nightclub,51.514012,-0.131078,False,Central London
116124466,2024-01-01,violent-crime,On or near Royal Street,51.498619,-0.115780,False,Central London
116162350,2024-01-01,violent-crime,On or near Theatre/concert Hall,51.513046,-0.122679,False,Central London
116105755,2024-01-01,violent-crime,On or near Theatre/concert Hall,51.509158,-0.134930,False,Central London
116124554,2024-01-01,violent-crime,On or near Hospital,51.499488,-0.118410,False,Central London
116133591,2024-01-01,violent-crime,On or near Old Pye Street,51.497534,-0.132307,False,Central London
116124736,2024-01-01,violent-crime,On or near Nightclub,51.515684,-0.135874,False,Central London
116126130,2024-01-01,violent-crime,On or near Bridge Street,51.500978,-0.125524,False,Central London
116095822,2024-01-01,violent-crime,On or near Great Peter Street,51.496930,-0.129407,False,Central London
116148150,2024-01-01,violent-crime,On or near Little Newport Street,51.511703,-0.128701,False,Central London
116098346,2024-01-01,violent-crime,On or near Craig's Court,51.506736,-0.126800,False,Central London
116092454,2024-01-01,violent-crime,On or near Nightclub,51.510840,-0.128984,False,Central London
116115137,2024-01-01,violent-crime,On or near Charing Cross Road,51.512994,-0.129023,False,Central London
116103765,2024-01-01,violent-crime,On or near Theatre/concert Hall,51.504066,-0.110037,False,Central London
116124734,2024-01-01,violent-crime,On or near Nightclub,51.515684,-0.135874,False,Central London
116123581,2024-01-01,violent-crime,On or near Drury Lane,51.513715,-0.120101,False,Central London
116123584,2024-01-01,violent-crime,On or near Moor Street,51.513498,-0.130169,False,Central London
116110627,2024-01-01,violent-crime,On or near Theatre/concert Hall,51.512300,-0.128388,False,Central London
116154897,2024-01-01,violent-crime,On or near Stacey Street,51.514519,-0.128758,False,Central London
116111887,2024-01-01,violent-crime,On or near Hospital,51.499488,-0.118410,False,Central London
116135548,2024-01-01,violent-crime,On or near Nightclub,51.516341,-0.120151,False,Central London
116111834,2024-01-01,violent-crime,On or near Hospital,51.499071,-0.117649,False,Central London
116094105,2024-01-01,violent-crime,On or near Earnshaw Street,51.516037,-0.128682,False,Central London
116099802,2024-01-01,violent-crime,On or near St Margaret Street,51.500253,-0.126317,False,Central London
116125173,2024-01-01,violent-crime,On or near Carnaby Street,51.513150,-0.138845,False,Central London
116102575,2024-01-01,violent-crime,On or near St Giles High Street,51.515598,-0.127633,False,Central London
116091173,2024-01-01,violent-crime,On or near Phoenix Street,51.514209,-0.129665,False,Central London
116134493,2024-01-01,violent-crime,On or near Savoy Way,51.510042,-0.120439,False,Central London
116109571,2024-01-01,violent-crime,On or near Bourdon Place,51.511141,-0.145989,False,Central London
116144081,2024-01-01,violent-crime,On or near Palace Street,51.498175,-0.140363,False,Central London
116102969,2024-01-01,violent-crime,On or near Parking Area,51.507199,-0.113625,False,Central London
116097500,2024-01-01,violent-crime,On or near Cork St Mews,51.509986,-0.141741,False,Central London
116131685,2024-01-01,violent-crime,On or near Nightclub,51.510272,-0.129192,False,Central London
116105803,2024-01-01,violent-crime,On or near Police Station,51.509786,-0.124658,False,Central London
116105743,2024-01-01,violent-crime,On or near Theatre/concert Hall,51.512106,-0.133100,False,Central London
126016846,2024-01-01,violent-crime,Piccadilly Circus (lu Station),51.509609,-0.135151,False,Central London
116124773,2024-01-01,violent-crime,On or near A3203,51.495900,-0.113919,False,Central London
116159940,2024-01-01,violent-crime,On or near Cork St Mews,51.509986,-0.141741,False,Central London
116131318,2024-01-01,violent-crime,On or near Frith Street,51.513601,-0.131534,False,Central London
116134684,2024-01-01,violent-crime,On or near Phoenix Street,51.514209,-0.129665,False,Central London
116137184,2024-01-01,violent-crime,On or near Shopping Area,51.496466,-0.141499,False,Central London
116092567,2024-01-01,violent-crime,On or near Nightclub,51.508087,-0.124122,False,Central London
116123506,2024-01-01,violent-crime,On or near Queen Anne's Gate,51.500559,-0.133062,False,Central London
126016757,2024-01-01,violent-crime,Oxford Circus (lu Station),51.515197,-0.142071,False,Central London
116127387,2024-01-01,violent-crime,On or near Drury Lane,51.513715,-0.120101,False,Central London
116109645,2024-01-01,violent-crime,On or near Upper Ground,51.508094,-0.106685,False,Central London
126016756,2024-01-01,violent-crime,Oxford Circus (lu Station),51.515197,-0.142071,False,Central London
116124828,2024-01-01,violent-crime,On or near Grindal Street,51.500759,-0.112954,False,Central London
116117122,2024-01-01,violent-crime,On or near Corner House Street,51.507725,-0.125708,False,Central London
116130862,2024-01-01,violent-crime,On or near Nightclub,51.510953,-0.133012,False,Central London
116154831,2024-01-01,violent-crime,On or near Little Newport Street,51.511703,-0.128701,False,Central London
116113098,2024-01-01,violent-crime,On or near Savoy Way,51.510042,-0.120439,False,Central London
126016273,2024-01-01,violent-crime,Leicester Square (lu Station),51.511627,-0.127696,False,Central London
126016033,2024-01-01,violent-crime,Holborn (lu Station),51.517640,-0.119723,False,Central London
116102580,2024-01-01,violent-crime,On or near Parking Area,51.507097,-0.130864,False,Central London
116123996,2024-01-01,violent-crime,On or near Greycoat Place,51.496312,-0.134604,False,Central London
116154512,2024-01-01,violent-crime,On or near Lisle Street,51.511534,-0.130495,False,Central London
116091462,2024-01-01,violent-crime,On or near Market Place,51.516058,-0.140154,False,Central London
116116720,2024-01-01,violent-crime,On or near Nightclub,51.513940,-0.132500,False,Central London
116141618,2024-01-01,violent-crime,On or near Newnham Terrace,51.498595,-0.113202,False,Central London
116130416,2024-01-01,violent-crime,On or near Hospital,51.499488,-0.118410,False,Central London
116154511,2024-01-01,violent-crime,On or near Lisle Street,51.511534,-0.130495,False,Central London
116141617,2024-01-01,violent-crime,On or near Newnham Terrace,51.498595,-0.113202,False,Central London
116118172,2024-01-01,violent-crime,On or near Parking Area,51.507286,-0.128903,False,Central London
116134736,2024-01-01,violent-crime,On or near Lisle Street,51.511534,-0.130495,False,Central London
116146360,2024-01-01,violent-crime,On or near Stephen Street,51.517563,-0.133001,False,Central London
116103382,2024-01-01,violent-crime,On or near Further/higher Educational Building,51.514867,-0.138790,False,Central London
116134656,2024-01-01,violent-crime,On or near Nightclub,51.510840,-0.128984,False,Central London
116154457,2024-01-01,violent-crime,On or near Nightclub,51.514012,-0.131078,False,Central London
116105646,2024-01-01,violent-crime,On or near Gate Street,51.517114,-0.119009,False,Central London
116113693,2024-01-01,violent-crime,On or near Leicester Square,51.511584,-0.128000,False,Central London
116102582,2024-01-01,violent-crime,On or near Nightclub,51.510840,-0.128984,False,Central London
116116729,2024-01-01,violent-crime,On or near Upper John Street,51.511860,-0.137975,False,Central London
116134639,2024-01-01,violent-crime,On or near Shopping Area,51.512114,-0.134189,False,Central London
116134728,2024-01-01,violent-crime,On or near St Margaret Street,51.500253,-0.126317,False,Central London
116138354,2024-01-01,violent-crime,On or near Vigo Street,51.510266,-0.139006,False,Central London
116109573,2024-01-01,violent-crime,On or near Old Bond Street,51.508911,-0.140877,False,Central London
116109567,2024-01-01,violent-crime,On or near St Margaret Street,51.500253,-0.126317,False,Central London
116134622,2024-01-01,violent-crime,On or near Theatre/concert Hall,51.510345,-0.122502,False,Central London
116103519,2024-01-01,violent-crime,On or near Derby Street,51.506148,-0.149851,False,Central London
116092074,2024-01-01,violent-crime,On or near Little Marlborough Street,51.513708,-0.140004,False,Central London
116160112,2024-01-01,violent-crime,On or near Little Marlborough Street,51.513708,-0.140004,False,Central London
116127318,2024-01-01,violent-crime,On or near Neal Street,51.513386,-0.124308,False,Central London
116127160,2024-01-01,violent-crime,On or near Wild Street,51.514669,-0.120710,False,Central London
116161571,2024-01-01,violent-crime,On or near Theatre/concert Hall,51.510167,-0.127516,False,Central London
116139216,2024-01-01,violent-crime,On or near Further/higher Educational Building,51.520864,-0.121810,False,Central London
116109609,2024-01-01,violent-crime,On or near Francis Street,51.495129,-0.138240,False,Central London
116138353,2024-01-01,violent-crime,On or near Francis Street,51.495129,-0.138240,False,Central London
116125409,2024-01-01,violent-crime,On or near Baylis Road,51.500396,-0.111082,False,Central London
116109599,2024-01-01,violent-crime,On or near Ashley Place,51.496252,-0.140470,False,Central London
116105695,2024-01-01,violent-crime,On or near Downing Street,51.503196,-0.127032,False,Central London
116157507,2024-01-01,violent-crime,On or near Newman Street,51.517596,-0.135680,False,Central London
116109438,2024-01-01,violent-crime,On or near Bury Place,51.518313,-0.124236,False,Central London
116092161,2024-01-01,violent-crime,On or near Theatre/concert Hall,51.516275,-0.126121,False,Central London
116097795,2024-01-01,violent-crime,On or near Parking Area,51.507286,-0.128903,False,Central London
116157898,2024-01-01,violent-crime,On or near Bourchier Street,51.513052,-0.132681,False,Central London
116134646,2024-01-01,violent-crime,On or near Cockspur Street,51.507623,-0.130006,False,Central London
116134424,2024-01-01,violent-crime,On or near Police Station,51.509786,-0.124658,False,Central London
116134680,2024-01-01,violent-crime,On or near Peter Street,51.512780,-0.134234,False,Central London
116112919,2024-01-01,violent-crime,On or near Coptic Street,51.517482,-0.126259,False,Central London
116153283,2024-01-01,violent-crime,On or near Bourchier Street,51.513052,-0.132681,False,Central London
116103491,2024-01-01,violent-crime,On or near Eastcastle Street,51.516751,-0.137401,False,Central London
116143290,2024-01-01,violent-crime,On or near Nightclub,51.510840,-0.128984,False,Central London
116133770,2024-01-01,violent-crime,On or near Sports/recreation Area,51.509947,-0.131367,False,Central London
116153253,2024-01-01,violent-crime,On or near Nightclub,51.510840,-0.128984,False,Central London
116144063,2024-01-01,violent-crime,On or near Little George Street,51.500963,-0.127931,False,Central London
116101807,2024-01-01,violent-crime,On or near Soho Street,51.515939,-0.132693,False,Central London
116098620,2024-01-01,violent-crime,On or near Nightclub,51.511200,-0.133288,False,Central London
116138291,2024-01-01,violent-crime,On or near Old Compton Street,51.513200,-0.131248,False,Central London
116107235,2024-01-01,violent-crime,On or near Conference/exhibition Centre,51.516295,-0.129487,False,Central London
116134673,2024-01-01,violent-crime,On or near Carpenter Street,51.510782,-0.148323,False,Central London
116096419,2024-01-01,violent-crime,On or near Litchfield Street,51.512744,-0.127995,False,Central London
116134663,2024-01-01,violent-crime,On or near Theatre/concert Hall,51.510345,-0.122502,False,Central London
116145078,2024-01-01,violent-crime,On or near Nightclub,51.507576,-0.141776,False,Central London
116126179,2024-01-01,violent-crime,On or near Denmark Street,51.515189,-0.129653,False,Central London
116134492,2024-01-01,violent-crime,On or near Savoy Court,51.510373,-0.120887,False,Central London
116103257,2024-01-01,violent-crime,On or near Half Moon Street,51.506797,-0.145963,False,Central London
116137207,2024-01-01,violent-crime,On or near St Margaret Street,51.500253,-0.126317,False,Central London
116100166,2024-01-01,violent-crime,On or near Theatre/concert Hall,51.512300,-0.128388,False,Central London
116098742,2024-01-01,violent-crime,On or near Theatre/concert Hall,51.510167,-0.127516,False,Central London
116161574,2024-01-01,violent-crime,On or near Manette Street,51.514704,-0.130826,False,Central London
116109692,2024-01-01,violent-crime,On or near Police Station,51.509786,-0.124658,False,Central London
116151512,2024-01-01,violent-crime,On or near John Prince's Street,51.515753,-0.143092,False,Central London
116092544,2024-01-01,violent-crime,On or near A401,51.511790,-0.132459,False,Central London
116137008,2024-01-01,violent-crime,On or near Great Windmill Street,51.510952,-0.134064,False,Central London
116099392,2024-01-01,violent-crime,On or near Dunn's Passage,51.517030,-0.123827,False,Central London
116155383,2024-01-01,violent-crime,On or near Down Street Mews,51.504717,-0.148022,False,Central London
116125659,2024-01-01,violent-crime,On or near Addington Street,51.501162,-0.116252,False,Central London
116156784,2024-01-01,violent-crime,On or near Further/higher Educational Building,51.516178,-0.131904,False,Central London
116144540,2024-01-01,violent-crime,On or near Dansey Place,51.511790,-0.131925,False,Central London
116133777,2024-01-01,violent-crime,On or near Denman Street,51.510729,-0.135283,False,Central London
116151974,2024-01-01,violent-crime,On or near A401,51.511790,-0.132459,False,Central London
116125656,2024-01-01,violent-crime,On or near Further/higher Educational Building,51.500280,-0.116091,False,Central London
116145917,2024-01-01,violent-crime,On or near Buckingham Street,51.508409,-0.123461,False,Central London
116090496,2024-01-01,violent-crime,On or near Shopping Area,51.515070,-0.138003,False,Central London
116142364,2024-01-01,violent-crime,On or near Further/higher Educational Building,51.519005,-0.114132,False,Central London
116109642,2024-01-01,violent-crime,On or near Bennet Street,51.507199,-0.140068,False,Central London
116146720,2024-01-01,violent-crime,On or near Nightclub,51.511200,-0.133288,False,Central London
116112234,2024-01-01,violent-crime,On or near Theatre/concert Hall,51.512811,-0.133325,False,Central London
116125657,2024-01-01,violent-crime,On or near Further/higher Educational Building,51.500280,-0.116091,False,Central London
116128991,2024-01-01,violent-crime,On or near Soho Street,51.515939,-0.132693,False,Central London
116095241,2024-01-01,violent-crime,On or near Goodge Place,51.519375,-0.136689,False,Central London
116116481,2024-01-01,violent-crime,On or near Dansey Place,51.511790,-0.131925,False,Central London
116134873,2024-01-01,violent-crime,On or near Phoenix Street,51.514209,-0.129665,False,Central London
116134624,2024-01-01,violent-crime,On or near Shopping Area,51.499894,-0.132899,False,Central London
116122459,2024-01-01,violent-crime,On or near Craig's Court,51.506736,-0.126800,False,Central London
116161270,2024-01-01,violent-crime,On or near Great College Street,51.497622,-0.127073,False,Central London
116112895,2024-01-01,violent-crime,On or near Nottingham Court,51.514445,-0.125259,False,Central London
116145024,2024-01-01,violent-crime,On or near Nightclub,51.510840,-0.128984,False,Central London
116143720,2024-01-01,violent-crime,On or near White Horse Street,51.505985,-0.145794,False,Central London
116133771,2024-01-01,violent-crime,On or near Romilly Street,51.513019,-0.130592,False,Central London
116143525,2024-01-01,violent-crime,On or near Dering Street,51.514195,-0.145735,False,Central London
116146917,2024-01-01,violent-crime,On or near Barlow Place,51.510473,-0.143551,False,Central London
116097775,2024-01-01,violent-crime,On or near Craig's Court,51.506736,-0.126800,False,Central London
116128778,2024-01-01,violent-crime,On or near Blenheim Street,51.513918,-0.146986,False,Central London
116152443,2024-01-01,violent-crime,On or near Lambeth North,51.499042,-0.111930,False,Central London
116122499,2024-01-01,violent-crime,On or near Police Station,51.509786,-0.124658,False,Central London
116103405,2024-01-01,violent-crime,On or near Long Acre,51.513205,-0.124229,False,Central London
116158981,2024-01-01,violent-crime,On or near Theatre/concert Hall,51.511583,-0.133287,False,Central London
116137002,2024-01-01,violent-crime,On or near Bridge Street,51.500978,-0.125524,False,Central London
116134685,2024-01-01,violent-crime,On or near Sherwood Street,51.511018,-0.135963,False,Central London
116128709,2024-01-01,violent-crime,On or near Nightclub,51.509097,-0.146936,False,Central London
116154395,2024-01-01,violent-crime,On or near Francis Street,51.495129,-0.138240,False,Central London
116135052,2024-01-01,violent-crime,On or near Ashley Place,51.496252,-0.140470,False,Central London
116098261,2024-01-01,violent-crime,On or near Park/open Space,51.502810,-0.132696,False,Central London
116153268,2024-01-01,violent-crime,On or near Nightclub,51.508450,-0.143266,False,Central London
116145022,2024-01-01,violent-crime,On or near Winnett Street,51.512013,-0.133502,False,Central London
116126455,2024-01-01,violent-crime,On or near Frith Street,51.513601,-0.131534,False,Central London
116134635,2024-01-01,violent-crime,On or near A3203,51.494715,-0.124686,False,Central London
116094755,2024-01-01,violent-crime,On or near Greek Street,51.513804,-0.130733,False,Central London
116137203,2024-01-01,violent-crime,On or near Dering Street,51.514195,-0.145735,False,Central London
116097776,2024-01-01,violent-crime,On or near Craig's Court,51.506736,-0.126800,False,Central London
116126157,2024-01-01,violent-crime,On or near Theatre/concert Hall,51.510900,-0.127984,False,Central London
116124732,2024-01-01,violent-crime,On or near Downing Street,51.503196,-0.127032,False,Central London
116115410,2024-01-01,violent-crime,On or near Theatre/concert Hall,51.506707,-0.116009,False,Central London
116132657,2024-01-01,violent-crime,On or near Nightclub,51.514246,-0.131436,False,Central London
116137292,2024-01-01,violent-crime,On or near Blenheim Street,51.513918,-0.146986,False,Central London
116126162,2024-01-01,violent-crime,On or near Bear Street,51.510910,-0.128604,False,Central London
116145618,2024-01-01,violent-crime,On or near Theatre/concert Hall,51.510152,-0.132382,False,Central London
116116486,2024-01-01,violent-crime,On or near Artillery Row,51.496949,-0.135630,False,Central London
116112079,2024-01-01,violent-crime,On or near Cockspur Street,51.507623,-0.130006,False,Central London
116138397,2024-01-01,violent-crime,On or near Parking Area,51.507286,-0.128903,False,Central London
116150351,2024-01-01,violent-crime,On or near Oxendon Street,51.509720,-0.131794,False,Central London
116133113,2024-01-01,violent-crime,On or near Theatre/concert Hall,51.513075,-0.118888,False,Central London
116152826,2024-01-01,violent-crime,On or near Dunn's Passage,51.517030,-0.123827,False,Central London
116134063,2024-01-01,violent-crime,On or near Drury Lane,51.514369,-0.121645,False,Central London
116134706,2024-01-01,violent-crime,On or near St James's Market,51.509251,-0.133398,False,Central London
116134695,2024-01-01,violent-crime,On or near Nightclub,51.514012,-0.131078,False,Central London
116134686,2024-01-01,violent-crime,On or near Nightclub,51.510272,-0.129192,False,Central London
116129184,2024-01-01,violent-crime,On or near Gresse Street,51.517516,-0.134012,False,Central London
116134654,2024-01-01,violent-crime,On or near Police Station,51.509786,-0.124658,False,Central London
126017676,2024-01-01,violent-crime,Waterloo (london) (station),51.503058,-0.113754,False,Central London
116134657,2024-01-01,violent-crime,On or near St James's Market,51.509251,-0.133398,False,Central London
116134647,2024-01-01,violent-crime,On or near Nightclub,51.508087,-0.124122,False,Central London
116134763,2024-01-01,violent-crime,On or near Cosmo Place,51.521060,-0.122797,False,Central London
126017677,2024-01-01,violent-crime,Waterloo (london) (station),51.503058,-0.113754,False,Central London
116105342,2024-01-01,violent-crime,On or near Holborn,51.517436,-0.119976,False,Central London
116133056,2024-01-01,violent-crime,On or near Nightclub,51.512495,-0.138915,False,Central London
116117178,2024-01-01,violent-crime,On or near Hopkins Street,51.513090,-0.135043,False,Central London
116109721,2024-01-01,violent-crime,On or near Romilly Street,51.513019,-0.130592,False,Central London
116134626,2024-01-01,violent-crime,On or near Brewer Street,51.511612,-0.135435,False,Central London
116143268,2024-01-01,violent-crime,On or near Leicester Street,51.510942,-0.131196,False,Central London
116107647,2024-01-01,violent-crime,On or near Savoy Way,51.510042,-0.120439,False,Central London
116103591,2024-01-01,violent-crime,On or near Glasshouse Street,51.510520,-0.137439,False,Central London
116123124,2024-01-01,violent-crime,On or near Great George Street,51.501151,-0.127908,False,Central London
116128766,2024-01-01,violent-crime,On or near Nightclub,51.514012,-0.131078,False,Central London
116109528,2024-01-01,violent-crime,On or near Dacre Street,51.498908,-0.132712,False,Central London
116148170,2024-01-01,violent-crime,On or near Nightclub,51.508087,-0.124122,False,Central London
116158983,2024-01-01,violent-crime,On or near B404,51.511030,-0.127085,False,Central London
116109197,2024-01-01,violent-crime,On or near Nightclub,51.508087,-0.124122,False,Central London
116103562,2024-01-01,violent-crime,On or near Bourchier Street,51.513052,-0.132681,False,Central London
116103428,2024-01-01,violent-crime,On or near Manette Street,51.514704,-0.130826,False,Central London
116103422,2024-01-01,violent-crime,On or near Trafalgar Square,51.507938,-0.128898,False,Central London
116103375,2024-01-01,violent-crime,On or near Theatre/concert Hall,51.512811,-0.133325,False,Central London
116118680,2024-01-01,violent-crime,On or near Ferry Terminal,51.495035,-0.121114,False,Central London
116103374,2024-01-01,violent-crime,On or near Theatre/concert Hall,51.512811,-0.133325,False,Central London
116138341,2024-01-01,violent-crime,On or near Middle Temple Lane,51.512302,-0.111065,False,Central London
116099847,2024-01-01,violent-crime,On or near Bedford Street,51.510389,-0.124157,False,Central London
116099816,2024-01-01,violent-crime,On or near Downing Street,51.503196,-0.127032,False,Central London
116123511,2024-01-01,violent-crime,On or near Bridge Street,51.500978,-0.125524,False,Central London
116100945,2024-01-01,violent-crime,On or near Parking Area,51.507199,-0.113625,False,Central London
116126140,2024-01-01,violent-crime,On or near Little Newport Street,51.511703,-0.128701,False,Central London
116151105,2024-01-01,violent-crime,On or near Nightclub,51.508087,-0.124122,False,Central London
116098834,2024-01-01,violent-crime,On or near Downing Street,51.503196,-0.127032,False,Central London
116098805,2024-01-01,violent-crime,On or near Smart's Place,51.516580,-0.123283,False,Central London
126017778,2024-01-01,violent-crime,Westminster (lu Station),51.501359,-0.124657,False,Central London
116096751,2024-01-01,violent-crime,On or near Windmill Street,51.518783,-0.133974,False,Central London
116140968,2024-01-01,violent-crime,On or near Theatre/concert Hall,51.504066,-0.110037,False,Central London
116096301,2024-01-01,violent-crime,On or near Craig's Court,51.506736,-0.126800,False,Central London
116112710,2024-01-01,violent-crime,On or near Dufour's Place,51.513494,-0.137289,False,Central London
116134496,2024-01-01,violent-crime,On or near Nightclub,51.510840,-0.128984,False,Central London
116094560,2024-01-01,violent-crime,On or near Ferry Terminal,51.495035,-0.121114,False,Central London
116093934,2024-01-01,violent-crime,On or near Police Station,51.509786,-0.124658,False,Central London
116091682,2024-01-01,violent-crime,On or near Nightclub,51.507576,-0.141776,False,Central London
116093778,2024-01-01,violent-crime,On or near Dunn's Passage,51.517030,-0.123827,False,Central London
116093659,2024-01-01,violent-crime,On or near Nightclub,51.512495,-0.138915,False,Central London
116100934,2024-01-01,violent-crime,On or near Upper Marsh,51.499523,-0.115541,False,Central London
116117894,2024-01-01,violent-crime,On or near Ingestre Place,51.512789,-0.135372,False,Central London
116117219,2024-01-01,violent-crime,On or near Little Newport Street,51.511703,-0.128701,False,Central London
116134750,2024-01-01,violent-crime,On or near Conference/exhibition Centre,51.516295,-0.129487,False,Central London
126017779,2024-01-01,violent-crime,Westminster (lu Station),51.501359,-0.124657,False,Central London
116142930,2024-01-01,violent-crime,On or near Police Station,51.509786,-0.124658,False,Central London
116125501,2024-01-01,violent-crime,On or near Theme/adventure Park,51.502823,-0.119257,False,Central London
116134623,2024-01-01,violent-crime,On or near Theatre/concert Hall,51.510345,-0.122502,False,Central London
126015277,2024-01-01,violent-crime,Covent Garden (lu Station),51.512981,-0.124166,False,Central London
116124756,2024-01-01,violent-crime,On or near Hospital,51.499488,-0.118410,False,Central London
116159424,2024-01-01,violent-crime,On or near Theatre/concert Hall,51.515430,-0.122797,False,Central London
116124465,2024-01-01,violent-crime,On or near Royal Street,51.498619,-0.115780,False,Central London
116124382,2024-01-01,violent-crime,On or near Phoenix Street,51.514209,-0.129665,False,Central London
126015564,2024-01-01,violent-crime,Embankment (lu Station),51.507344,-0.122241,False,Central London
116122438,2024-01-01,violent-crime,On or near Nightclub,51.512250,-0.126906,False,Central London
116122454,2024-01-01,violent-crime,On or near Montreal Place,51.512133,-0.117918,False,Central London
126016032,2024-01-01,violent-crime,Holborn (lu Station),51.517640,-0.119723,False,Central London
116132802,2024-01-01,violent-crime,On or near Addington Street,51.501162,-0.116252,False,Central London
116122439,2024-01-01,violent-crime,On or near St Margaret Street,51.500253,-0.126317,False,Central London
116124152,2024-01-01,violent-crime,On or near Shopping Area,51.496466,-0.141499,False,Central London
116132173,2024-01-01,violent-crime,On or near Conference/exhibition Centre,51.516295,-0.129487,False,Central London
116112479,2024-01-01,violent-crime,On or near Dean Street,51.513734,-0.132595,False,Central London
116123505,2024-01-01,violent-crime,On or near Queen Anne's Gate,51.500559,-0.133062,False,Central London
116123396,2024-01-01,violent-crime,On or near Shepherd Market,51.506327,-0.146357,False,Central London
116143275,2024-01-01,violent-crime,On or near Great Windmill Street,51.510952,-0.134064,False,Central London
116117172,2024-01-01,violent-crime,On or near Waverton Street,51.507999,-0.149719,False,Central London
126016274,2024-01-01,violent-crime,Leicester Square (lu Station),51.511627,-0.127696,False,Central London
116112077,2024-01-01,violent-crime,On or near Cockspur Street,51.507623,-0.130006,False,Central London
116112478,2024-01-01,violent-crime,On or near Trafalgar Square,51.507938,-0.128898,False,Central London
116096000,2024-01-01,violent-crime,On or near Half Moon Street,51.506797,-0.145963,False,Central London
116105459,2024-01-01,violent-crime,On or near Parking Area,51.517440,-0.130397,False,Central London
115922936,2024-01-01,violent-crime,On or near St Margaret Street,51.500253,-0.126317,False,Central London
116135318,2024-01-01,violent-crime,On or near Emery Street,51.498900,-0.109256,False,Central London
116134700,2024-01-01,violent-crime,On or near Hanover Street,51.513827,-0.142363,False,Central London
116126124,2024-01-01,violent-crime,On or near Conference/exhibition Centre,51.507911,-0.139635,False,Central London
116134687,2024-01-01,violent-crime,On or near Grosvenor Street,51.511752,-0.147074,False,Central London
116153273,2024-01-01,violent-crime,On or near Nightclub,51.516623,-0.132976,False,Central London
116134630,2024-01-01,violent-crime,On or near Downing Street,51.503196,-0.127032,False,Central London
116134625,2024-01-01,violent-crime,On or near Theatre/concert Hall,51.510152,-0.132382,False,Central London
116151816,2024-01-01,violent-crime,On or near Theatre/concert Hall,51.509158,-0.134930,False,Central London
116111830,2024-01-01,violent-crime,On or near Hospital,51.499488,-0.118410,False,Central London
116155368,2024-01-01,violent-crime,On or near Craig's Court,51.506736,-0.126800,False,Central London
116123204,2024-01-01,violent-crime,On or near Shopping Area,51.515070,-0.138003,False,Central London
116131680,2024-01-01,violent-crime,On or near Newman Passage,51.517996,-0.135361,False,Central London
116123104,2024-01-01,violent-crime,On or near Old Compton Street,51.513200,-0.131248,False,Central London
116123019,2024-01-01,violent-crime,On or near Further/higher Educational Building,51.500280,-0.116091,False,Central London
116153258,2024-01-01,violent-crime,On or near Wellington Street,51.512057,-0.120500,False,Central London
116157887,2024-01-01,violent-crime,On or near Romilly Street,51.513019,-0.130592,False,Central London
116133781,2024-01-01,violent-crime,On or near Carnaby Street,51.513150,-0.138845,False,Central London
116119803,2024-01-01,violent-crime,On or near Little Newport Street,51.511703,-0.128701,False,Central London
115991825,2024-01-01,violent-crime,On or near Parking Area,51.512834,-0.108162,False,Central London
116119791,2024-01-01,violent-crime,On or near John Prince's Street,51.515753,-0.143092,False,Central London
116118678,2024-01-01,violent-crime,On or near Parking Area,51.506136,-0.115773,False,Central London
116112894,2024-01-01,violent-crime,On or near Nottingham Court,51.514445,-0.125259,False,Central London
116151978,2024-01-01,violent-crime,On or near Nightclub,51.516875,-0.141807,False,Central London
116134495,2024-01-01,violent-crime,On or near Nightclub,51.510840,-0.128984,False,Central London
116151596,2024-01-01,violent-crime,On or near Dyott Street,51.516820,-0.127583,False,Central London
116112893,2024-01-01,violent-crime,On or near Nottingham Court,51.514445,-0.125259,False,Central London
116151511,2024-01-01,violent-crime,On or near John Prince's Street,51.515753,-0.143092,False,Central London
116108985,2024-01-01,violent-crime,On or near Great George Street,51.501151,-0.127908,False,Central London
116112716,2024-01-01,violent-crime,On or near Nightclub,51.511783,-0.129778,False,Central London
116120747,2024-01-01,violent-crime,On or near Theatre/concert Hall,51.506998,-0.113994,False,Central London
116098714,2024-01-01,violent-crime,On or near St Margaret Street,51.500253,-0.126317,False,Central London
116121200,2024-01-01,violent-crime,On or near Hopkins Street,51.513090,-0.135043,False,Central London
116161584,2024-01-01,violent-crime,On or near Nightclub,51.509458,-0.132280,False,Central London
116128765,2024-01-01,violent-crime,On or near Nightclub,51.510840,-0.128984,False,Central London
116151102,2024-01-01,violent-crime,On or near Nightclub,51.510953,-0.133012,False,Central London
116121158,2024-01-01,violent-crime,On or near Parking Area,51.512379,-0.129379,False,Central London
116128825,2024-01-01,violent-crime,On or near Theatre/concert Hall,51.511417,-0.127539,False,Central London
116117198,2024-01-01,violent-crime,On or near A401,51.511790,-0.132459,False,Central London
116155002,2024-01-01,violent-crime,On or near Parking Area,51.517287,-0.130403,False,Central London
116151036,2024-01-01,violent-crime,On or near Bourchier Street,51.513052,-0.132681,False,Central London
116160319,2024-01-01,violent-crime,On or near Old Compton Street,51.513848,-0.129593,False,Central London
116103430,2024-01-01,violent-crime,On or near Nightclub,51.514012,-0.131078,False,Central London
116160318,2024-01-01,violent-crime,On or near Police Station,51.509786,-0.124658,False,Central London
116159053,2024-01-01,violent-crime,On or near Dering Street,51.514195,-0.145735,False,Central London
116158988,2024-01-01,violent-crime,On or near Nightclub,51.514012,-0.131078,False,Central London
116116437,2024-01-01,violent-crime,On or near Southampton Street,51.511096,-0.122226,False,Central London
116158320,2024-01-01,violent-crime,On or near Nightclub,51.508450,-0.143266,False,Central London
116097767,2024-01-01,violent-crime,On or near Medway Street,51.495424,-0.131903,False,Central London
116148168,2024-01-01,violent-crime,On or near Bloomfield Place,51.511694,-0.144568,False,Central London
116116436,2024-01-01,violent-crime,On or near Southampton Street,51.511096,-0.122226,False,Central London
116146829,2024-01-01,violent-crime,On or near Theatre/concert Hall,51.512106,-0.133100,False,Central London
116112385,2024-01-01,violent-crime,On or near Winnett Street,51.512013,-0.133502,False,Central London
116097800,2024-01-01,violent-crime,On or near Theatre/concert Hall,51.512725,-0.134121,False,Central London
116134692,2024-01-01,violent-crime,On or near Sherwood Street,51.511018,-0.135963,False,Central London
116112078,2024-01-01,violent-crime,On or near Cockspur Street,51.507623,-0.130006,False,Central London
116148148,2024-01-01,violent-crime,On or near Little Newport Street,51.511703,-0.128701,False,Central London
116145051,2024-01-01,violent-crime,On or near Downing Street,51.503196,-0.127032,False,Central London
116110373,2024-01-01,violent-crime,On or near Hills Place,51.515088,-0.140222,False,Central London
116148807,2024-01-01,violent-crime,On or near Theatre/concert Hall,51.506707,-0.116009,False,Central London
116110368,2024-01-01,violent-crime,On or near Nightclub,51.514536,-0.140043,False,Central London
116154625,2024-01-01,violent-crime,On or near Burleigh Street,51.511475,-0.120625,False,Central London
116139220,2024-01-01,violent-crime,On or near Phoenix Street,51.514209,-0.129665,False,Central London
116103397,2024-01-01,violent-crime,On or near Leicester Square,51.510468,-0.130769,False,Central London
116134665,2024-01-01,violent-crime,On or near Corner House Street,51.507725,-0.125708,False,Central London
116116515,2024-01-01,violent-crime,On or near Chadwick Street,51.496313,-0.132429,False,Central London
116163611,2024-01-01,violent-crime,On or near Phoenix Street,51.514209,-0.129665,False,Central London
116110297,2024-01-01,violent-crime,On or near Macclesfield Street,51.511997,-0.131355,False,Central London
116162875,2024-01-01,violent-crime,On or near Earlham Street,51.513701,-0.127091,False,Central London
116161572,2024-01-01,violent-crime,On or near Carlisle Place,51.495936,-0.141491,False,Central London
116161554,2024-01-01,violent-crime,On or near Nightclub,51.516900,-0.132077,False,Central London
116142940,2024-01-01,violent-crime,On or near Great Peter Street,51.496930,-0.129407,False,Central London
116161267,2024-01-01,violent-crime,On or near A401,51.511790,-0.132459,False,Central London
116145924,2024-01-01,violent-crime,On or near Nightclub,51.510840,-0.128984,False,Central London
116144389,2024-01-01,violent-crime,On or near Shopping Area,51.496466,-0.141499,False,Central London
116158020,2024-01-01,violent-crime,On or near Gresse Street,51.517516,-0.134012,False,Central London
116125410,2024-01-01,violent-crime,On or near Baylis Road,51.500396,-0.111082,False,Central London
116099833,2024-01-01,violent-crime,On or near John Prince's Street,51.515753,-0.143092,False,Central London
116109222,2024-01-01,violent-crime,On or near Nightclub,51.514012,-0.131078,False,Central London
116158347,2024-01-01,violent-crime,On or near Conference/exhibition Centre,51.516295,-0.129487,False,Central London
116109219,2024-01-01,violent-crime,On or near Chadwick Street,51.496313,-0.132429,False,Central London
116091576,2024-01-01,violent-crime,On or near Corner House Street,51.507725,-0.125708,False,Central London
116103305,2024-01-01,violent-crime,On or near Cranbourn Street,51.511339,-0.128427,False,Central London
116127071,2024-01-01,violent-crime,On or near Smart's Place,51.516580,-0.123283,False,Central London
116114516,2024-01-01,violent-crime,On or near St Margaret Street,51.500253,-0.126317,False,Central London
116111575,2024-01-01,violent-crime,On or near Grantham Place,51.504479,-0.149487,False,Central London
116113932,2024-01-01,violent-crime,On or near Upper Marsh,51.499523,-0.115541,False,Central London
116126649,2024-01-01,violent-crime,On or near Race Track,51.518106,-0.116951,False,Central London
116126648,2024-01-01,violent-crime,On or near Theatre/concert Hall,51.513075,-0.118888,False,Central London
116116890,2024-01-01,violent-crime,On or near Corner House Street,51.507725,-0.125708,False,Central London
116138478,2024-01-01,violent-crime,On or near Parker Mews,51.515487,-0.122420,False,Central London
116137273,2024-01-01,violent-crime,On or near William Iv Street,51.509491,-0.125924,False,Central London
116126439,2024-01-01,violent-crime,On or near Dansey Place,51.511790,-0.131925,False,Central London
116126248,2024-01-01,violent-crime,On or near Francis Street,51.495129,-0.138240,False,Central London
116092551,2024-01-01,violent-crime,On or near Nightclub,51.515684,-0.135874,False,Central London
116126235,2024-01-01,violent-crime,On or near Nightclub,51.507576,-0.141776,False,Central London
116116728,2024-01-01,violent-crime,On or near Upper John Street,51.511860,-0.137975,False,Central London
116133773,2024-01-01,violent-crime,On or near Little Newport Street,51.511703,-0.128701,False,Central London
116131482,2024-01-01,violent-crime,On or near Mount Street Mews,51.510036,-0.148872,False,Central London
116133085,2024-01-01,violent-crime,On or near Theatre/concert Hall,51.513075,-0.118888,False,Central London
116133043,2024-01-01,violent-crime,On or near Nightclub,51.508087,-0.124122,False,Central London
116092429,2024-01-01,violent-crime,On or near Macclesfield Street,51.511997,-0.131355,False,Central London
116132914,2024-01-01,violent-crime,On or near Waterloo Road,51.502404,-0.110134,False,Central London
116128803,2024-01-01,violent-crime,On or near Conference/exhibition Centre,51.511301,-0.115963,False,Central London
116131731,2024-01-01,violent-crime,On or near Corner House Street,51.507725,-0.125708,False,Central London
116131697,2024-01-01,violent-crime,On or near Nightclub,51.508087,-0.124122,False,Central London
116131168,2024-01-01,violent-crime,On or near Further/higher Educational Building,51.515727,-0.136304,False,Central London
116148149,2024-01-01,violent-crime,On or near Little Newport Street,51.511703,-0.128701,False,Central London
116151597,2024-01-01,violent-crime,On or near Dyott Street,51.516820,-0.127583,False,Central London
116098569,2024-01-01,violent-crime,On or near Nightclub,51.512429,-0.142384,False,Central London
116145920,2024-01-01,violent-crime,On or near Buckingham Mews,51.499549,-0.141416,False,Central London
116145109,2024-01-01,violent-crime,On or near Lisle Street,51.511534,-0.130495,False,Central London
116145021,2024-01-01,violent-crime,On or near Winnett Street,51.512013,-0.133502,False,Central London
116144566,2024-01-01,violent-crime,On or near Vigo Street,51.510266,-0.139006,False,Central London
116109195,2024-01-01,violent-crime,On or near Little Newport Street,51.511703,-0.128701,False,Central London
116123135,2024-01-01,violent-crime,On or near Nightclub,51.510840,-0.128984,False,Central London
116144155,2024-01-01,violent-crime,On or near Hospital,51.499488,-0.118410,False,Central London
116112890,2024-01-01,violent-crime,On or near Denmark Street,51.515189,-0.129653,False,Central London
116122416,2024-01-01,violent-crime,On or near St Margaret Street,51.500253,-0.126317,False,Central London
116144087,2024-01-01,violent-crime,On or near Gresse Street,51.517516,-0.134012,False,Central London
116144086,2024-01-01,violent-crime,On or near Gresse Street,51.517516,-0.134012,False,Central London
116090220,2024-01-01,violent-crime,On or near Further/higher Educational Building,51.514867,-0.138790,False,Central London
116140641,2024-01-01,violent-crime,On or near Pear Place,51.502428,-0.110508,False,Central London
116128768,2024-01-01,violent-crime,On or near Nightclub,51.508087,-0.124122,False,Central London
116145621,2024-01-01,violent-crime,On or near Leicester Square,51.511584,-0.128000,False,Central London
116127319,2024-01-01,violent-crime,On or near Neal Street,51.513386,-0.124308,False,Central London
116093935,2024-01-01,violent-crime,On or near Police Station,51.509786,-0.124658,False,Central London
116130628,2024-01-01,violent-crime,On or near Further/higher Educational Building,51.519005,-0.114132,False,Central London
116117177,2024-01-01,violent-crime,On or near Fitzmaurice Place,51.508676,-0.145368,False,Central London
116153266,2024-01-01,violent-crime,On or near Further/higher Educational Building,51.514867,-0.138790,False,Central London
116163516,2024-01-01,violent-crime,On or near Chicheley Street,51.502888,-0.117319,False,Central London
116113837,2024-01-01,violent-crime,On or near Leicester Street,51.510942,-0.131196,False,Central London
116161588,2024-01-01,violent-crime,On or near Half Moon Street,51.506797,-0.145963,False,Central London
116130419,2024-01-01,violent-crime,On or near Pear Place,51.502428,-0.110508,False,Central London
116130125,2024-01-01,violent-crime,On or near Gresse Street,51.517516,-0.134012,False,Central London
116138383,2024-01-01,violent-crime,On or near Hanover Street,51.513827,-0.142363,False,Central London
126017500,2024-01-01,violent-crime,Tottenham Court Road (lu Station),51.516391,-0.130498,False,Central London
116128514,2024-01-01,violent-crime,On or near Ridgmount Gardens,51.521410,-0.132368,False,Central London
116143281,2024-01-01,violent-crime,On or near Further/higher Educational Building,51.508286,-0.130426,False,Central London
116143289,2024-01-01,violent-crime,On or near Nightclub,51.510840,-0.128984,False,Central London
116148169,2024-01-01,violent-crime,On or near Nightclub,51.514492,-0.131037,False,Central London
116097422,2024-01-01,violent-crime,On or near Hospital,51.499488,-0.118410,False,Central London
116143288,2024-01-01,violent-crime,On or near Nightclub,51.510840,-0.128984,False,Central London
116098940,2024-01-01,violent-crime,On or near Duchy Street,51.506673,-0.108877,False,Central London
116112480,2024-01-01,violent-crime,On or near Dean Street,51.513734,-0.132595,False,Central London
116119824,2024-01-01,violent-crime,On or near Gresse Street,51.517516,-0.134012,False,Central London
116143287,2024-01-01,violent-crime,On or near Nightclub,51.510840,-0.128984,False,Central London
116143280,2024-01-01,violent-crime,On or near Romilly Street,51.513019,-0.130592,False,Central London
116110023,2024-01-01,violent-crime,On or near Nightclub,51.516900,-0.132077,False,Central London
126017501,2024-01-01,violent-crime,Tottenham Court Road (lu Station),51.516391,-0.130498,False,Central London
116115408,2024-01-01,violent-crime,On or near Pear Place,51.502428,-0.110508,False,Central London
116133063,2024-01-01,violent-crime,On or near Nightclub,51.512339,-0.133618,False,Central London
126017664,2024-01-01,violent-crime,Waterloo (london) (station),51.503058,-0.113754,False,Central London
116157885,2024-01-01,violent-crime,On or near Nightclub,51.507576,-0.141776,False,Central London
116157428,2024-01-01,violent-crime,On or near Shopping Area,51.520725,-0.122090,False,Central London
116137275,2024-01-01,violent-crime,On or near Craig's Court,51.506736,-0.126800,False,Central London
116136619,2024-01-01,violent-crime,On or near Hospital,51.499071,-0.117649,False,Central London
116134737,2024-01-01,violent-crime,On or near Lisle Street,51.511534,-0.130495,False,Central London
116123516,2024-01-01,violent-crime,On or near Fitzmaurice Place,51.508676,-0.145368,False,Central London
116138288,2024-01-01,violent-crime,On or near Hopkins Street,51.513090,-0.135043,False,Central London
116149976,2024-01-01,violent-crime,On or near Upper John Street,51.511860,-0.137975,False,Central London
116148161,2024-01-01,violent-crime,On or near Theatre/concert Hall,51.509944,-0.127807,False,Central London
116148160,2024-01-01,violent-crime,On or near Theatre/concert Hall,51.509944,-0.127807,False,Central London
116148159,2024-01-01,violent-crime,On or near Theatre/concert Hall,51.509944,-0.127807,False,Central London
116148112,2024-01-01,violent-crime,On or near Further/higher Educational Building,51.516178,-0.131904,False,Central London
116130875,2024-01-01,violent-crime,On or near Leicester Street,51.510942,-0.131196,False,Central London
116125652,2024-01-01,violent-crime,On or near Theme/adventure Park,51.502823,-0.119257,False,Central London
116133768,2024-01-01,violent-crime,On or near Nightclub,51.516623,-0.132976,False,Central London
116154623,2024-01-01,violent-crime,On or near Corner House Street,51.507725,-0.125708,False,Central London
116154373,2024-01-01,violent-crime,On or near Nightclub,51.510840,-0.128984,False,Central London
116154371,2024-01-01,violent-crime,On or near Nightclub,51.510840,-0.128984,False,Central London
116144575,2024-01-01,violent-crime,On or near Conference/exhibition Centre,51.500701,-0.129022,False,Central London
116137009,2024-01-01,violent-crime,On or near Great Windmill Street,51.510952,-0.134064,False,Central London
116153263,2024-01-01,violent-crime,On or near Theatre/concert Hall,51.513477,-0.119880,False,Central London
116090689,2024-01-01,violent-crime,On or near Wild Court,51.515460,-0.119611,False,Central London
116152603,2024-01-01,violent-crime,On or near Police Station,51.509786,-0.124658,False,Central London
116151964,2024-01-01,violent-crime,On or near Parking Area,51.516395,-0.125165,False,Central London
116091513,2024-01-01,violent-crime,On or near Dacre Street,51.498908,-0.132712,False,Central London
116124735,2024-01-01,violent-crime,On or near Nightclub,51.515684,-0.135874,False,Central London
116151956,2024-01-01,violent-crime,On or near Holborn,51.517436,-0.119976,False,Central London
116151235,2024-01-01,violent-crime,On or near Montague Street,51.519680,-0.125347,False,Central London
116151114,2024-01-01,violent-crime,On or near Greek Street,51.513804,-0.130733,False,Central London
116151100,2024-01-01,violent-crime,On or near Victoria Square,51.497798,-0.144931,False,Central London
116154262,2024-01-01,violent-crime,On or near Hospital,51.499488,-0.118410,False,Central London
116150965,2024-01-01,violent-crime,On or near Nightclub,51.509097,-0.146936,False,Central London
116150895,2024-01-01,violent-crime,On or near Down Street Mews,51.504717,-0.148022,False,Central London
116123430,2024-01-01,violent-crime,On or near Wellington Street,51.512057,-0.120500,False,Central London
116124738,2024-01-01,violent-crime,On or near Nightclub,51.516900,-0.132077,False,Central London
116150366,2024-01-01,violent-crime,On or near B323,51.496523,-0.133731,False,Central London
116154374,2024-01-01,violent-crime,On or near Nightclub,51.510840,-0.128984,False,Central London
116109641,2024-01-01,violent-crime,On or near Bennet Street,51.507199,-0.140068,False,Central London
116157886,2024-01-01,violent-crime,On or near William Iv Street,51.509491,-0.125924,False,Central London
116099848,2024-01-01,violent-crime,On or near Bedford Street,51.510389,-0.124157,False,Central London
116125991,2024-01-01,violent-crime,On or near Earnshaw Street,51.516037,-0.128682,False,Central London
116154387,2024-01-01,violent-crime,On or near Dansey Place,51.511790,-0.131925,False,Central London
116112398,2024-01-01,violent-crime,On or near Surrey Street,51.512449,-0.115772,False,Central London
116155370,2024-01-01,violent-crime,On or near Nightclub,51.510953,-0.133012,False,Central London
116138400,2024-01-01,violent-crime,On or near Theatre/concert Hall,51.509944,-0.127807,False,Central London
116123241,2024-01-01,violent-crime,On or near Nightclub,51.514012,-0.131078,False,Central London
116109544,2024-01-01,violent-crime,On or near Fitzmaurice Place,51.508676,-0.145368,False,Central London
116131684,2024-01-01,violent-crime,On or near Nightclub,51.510272,-0.129192,False,Central London
116109572,2024-01-01,violent-crime,On or near Old Bond Street,51.508911,-0.140877,False,Central London
116145222,2024-01-01,violent-crime,On or near Phoenix Street,51.514209,-0.129665,False,Central London
116109612,2024-01-01,violent-crime,On or near Hills Place,51.515088,-0.140222,False,Central London
116099349,2024-01-01,violent-crime,On or near Parking Area,51.517287,-0.130403,False,Central London
116134632,2024-01-01,violent-crime,On or near Corner House Street,51.507725,-0.125708,False,Central London
116120588,2024-01-01,violent-crime,On or near Pollen Street,51.513575,-0.142373,False,Central London
116134494,2024-01-01,violent-crime,On or near Savoy Way,51.510042,-0.120439,False,Central London
116134501,2024-01-01,violent-crime,On or near Nightclub,51.510840,-0.128984,False,Central London
116092141,2024-01-01,violent-crime,On or near Parking Area,51.517287,-0.130403,False,Central London
116134507,2024-01-01,violent-crime,On or near Manette Street,51.514704,-0.130826,False,Central London
116103426,2024-01-01,violent-crime,On or near Conference/exhibition Centre,51.507911,-0.139635,False,Central London
116124997,2024-01-01,violent-crime,On or near Hospital,51.499071,-0.117649,False,Central London
116131275,2024-01-01,violent-crime,On or near St James's Place,51.505745,-0.139709,False,Central London
116129019,2024-01-01,violent-crime,On or near Mcauley Close,51.497399,-0.112603,False,Central London
116109759,2024-01-01,violent-crime,On or near Pratt Walk,51.494818,-0.117089,False,Central London
116157435,2024-01-01,violent-crime,On or near Embankment Place,51.507096,-0.122909,False,Central London
116134720,2024-01-01,violent-crime,On or near Theatre/concert Hall,51.509158,-0.134930,False,Central London
116096475,2024-01-01,violent-crime,On or near Howick Place,51.496711,-0.137095,False,Central London
116146704,2024-01-01,violent-crime,On or near Glasshouse Street,51.510520,-0.137439,False,Central London
116099825,2024-01-01,violent-crime,On or near Dansey Place,51.511790,-0.131925,False,Central London
116122979,2024-01-01,violent-crime,On or near St Margaret Street,51.500253,-0.126317,False,Central London
116148171,2024-01-01,violent-crime,On or near Nightclub,51.514012,-0.131078,False,Central London
116131504,2024-01-01,violent-crime,On or near Nightclub,51.516166,-0.137324,False,Central London
116133106,2024-01-01,violent-crime,On or near Russell Street,51.512863,-0.120842,False,Central London
116114086,2024-01-01,violent-crime,On or near Pratt Walk,51.494818,-0.117089,False,Central London
116145023,2024-01-01,violent-crime,On or near Winnett Street,51.512013,-0.133502,False,Central London
116103383,2024-01-01,violent-crime,On or near Whitcomb Street,51.509807,-0.131055,False,Central London
116138370,2024-01-01,violent-crime,On or near Lisle Street,51.511534,-0.130495,False,Central London
116134662,2024-01-01,violent-crime,On or near Theatre/concert Hall,51.510345,-0.122502,False,Central London
116125269,2024-01-01,violent-crime,On or near Bridge Street,51.500978,-0.125524,False,Central London
116151760,2024-01-01,violent-crime,On or near Corner House Street,51.507725,-0.125708,False,Central London
116111677,2024-01-01,violent-crime,On or near Murphy Street,51.499816,-0.112489,False,Central London
116090382,2024-01-01,violent-crime,On or near Nightclub,51.516900,-0.132077,False,Central London
116090385,2024-01-01,violent-crime,On or near Nightclub,51.508087,-0.124122,False,Central London
116123018,2024-01-01,violent-crime,On or near Further/higher Educational Building,51.500280,-0.116091,False,Central London
116131709,2024-01-01,violent-crime,On or near Fitzmaurice Place,51.508676,-0.145368,False,Central London
116099827,2024-01-01,violent-crime,On or near John Prince's Street,51.515753,-0.143092,False,Central London
116123023,2024-01-01,violent-crime,On or near Addington Street,51.501162,-0.116252,False,Central London
116146915,2024-01-01,violent-crime,On or near Dering Street,51.514195,-0.145735,False,Central London
116090627,2024-01-01,violent-crime,On or near Dyott Street,51.516820,-0.127583,False,Central London
116090685,2024-01-01,violent-crime,On or near Parking Area,51.516395,-0.125165,False,Central London
116090686,2024-01-01,violent-crime,On or near Parking Area,51.516395,-0.125165,False,Central London
116157889,2024-01-01,violent-crime,On or near Nightclub,51.507766,-0.141284,False,Central London
116123102,2024-01-01,violent-crime,On or near Bridge Street,51.500978,-0.125524,False,Central London
116098791,2024-01-01,violent-crime,On or near Theatre/concert Hall,51.509158,-0.134930,False,Central London
116112465,2024-01-01,violent-crime,On or near Chadwick Street,51.496313,-0.132429,False,Central London
116123017,2024-01-01,violent-crime,On or near Stamford Street,51.506552,-0.109199,False,Central London
116151121,2024-01-01,violent-crime,On or near Hopkins Street,51.513090,-0.135043,False,Central London
116133069,2024-01-01,violent-crime,On or near Nightclub,51.514838,-0.133545,False,Central London
116109681,2024-01-01,violent-crime,On or near Police Station,51.509786,-0.124658,False,Central London
116112709,2024-01-01,violent-crime,On or near Dufour's Place,51.513494,-0.137289,False,Central London
116134506,2024-01-01,violent-crime,On or near Winnett Street,51.512013,-0.133502,False,Central London
116151656,2024-01-01,violent-crime,On or near John Prince's Street,51.515753,-0.143092,False,Central London
116110626,2024-01-01,violent-crime,On or near Theatre/concert Hall,51.512300,-0.128388,False,Central London
126017667,2024-01-01,violent-crime,Waterloo (east) (station),51.504028,-0.109390,False,Central London
116161581,2024-01-01,violent-crime,On or near Rose Street,51.511623,-0.125951,False,Central London
116161586,2024-01-01,violent-crime,On or near Northumberland Avenue,51.506985,-0.124975,False,Central London
116161555,2024-01-01,violent-crime,On or near Petty France,51.499558,-0.135739,False,Central London
116151655,2024-01-01,violent-crime,On or near John Prince's Street,51.515753,-0.143092,False,Central London
116110623,2024-01-01,violent-crime,On or near Sheraton Street,51.514799,-0.135045,False,Central London
126015151,2024-01-01,violent-crime,Charing Cross (lu Station),51.508360,-0.124803,False,Central London
126015150,2024-01-01,violent-crime,Charing Cross (lu Station),51.508360,-0.124803,False,Central London
116127427,2024-01-01,violent-crime,On or near Abbey Orchard Street,51.498335,-0.131193,False,Central London
116161518,2024-01-01,violent-crime,On or near Hills Place,51.515088,-0.140222,False,Central London
116112896,2024-01-01,violent-crime,On or near Catton Street,51.518165,-0.120018,False,Central London
116134629,2024-01-01,violent-crime,On or near Montreal Place,51.512133,-0.117918,False,Central London
116161262,2024-01-01,violent-crime,On or near Market Place,51.516058,-0.140154,False,Central London
116127410,2024-01-01,violent-crime,On or near Page Street,51.493937,-0.129472,False,Central London
116113428,2024-01-01,violent-crime,On or near Macclesfield Street,51.511997,-0.131355,False,Central London
116162406,2024-01-01,violent-crime,On or near Royalty Mews,51.514141,-0.132694,False,Central London
116130112,2024-01-01,violent-crime,On or near Shopping Area,51.519933,-0.133899,False,Central London
116103386,2024-01-01,violent-crime,On or near Leicester Street,51.510942,-0.131196,False,Central London
116090781,2024-01-01,violent-crime,On or near Willoughby Street,51.517701,-0.127014,False,Central London
116103399,2024-01-01,violent-crime,On or near Leicester Street,51.510942,-0.131196,False,Central London
116128786,2024-01-01,violent-crime,On or near Nightclub,51.509759,-0.128782,False,Central London
116099786,2024-01-01,violent-crime,On or near Hanover Street,51.513827,-0.142363,False,Central London
116103258,2024-01-01,violent-crime,On or near Cranbourn Street,51.511339,-0.128427,False,Central London
116153956,2024-01-01,violent-crime,On or near Nightclub,51.508087,-0.124122,False,Central London
116092545,2024-01-01,violent-crime,On or near Nightclub,51.516623,-0.132976,False,Central London
116139954,2024-01-01,violent-crime,On or near Shopping Area,51.520725,-0.122090,False,Central London
116150254,2024-01-01,violent-crime,On or near Grantham Place,51.504479,-0.149487,False,Central London
116092075,2024-01-01,violent-crime,On or near Little Marlborough Street,51.513708,-0.140004,False,Central London
116103373,2024-01-01,violent-crime,On or near Little Newport Street,51.511703,-0.128701,False,Central London
116145661,2024-01-01,violent-crime,On or near Hospital,51.499488,-0.118410,False,Central London
116100976,2024-01-01,violent-crime,On or near Waterloo Road,51.502404,-0.110134,False,Central London
116134727,2024-01-01,violent-crime,On or near Further/higher Educational Building,51.514867,-0.138790,False,Central London
116149905,2024-01-01,violent-crime,On or near Market Place,51.516058,-0.140154,False,Central London
116112967,2024-01-01,violent-crime,On or near B506,51.518567,-0.132282,False,Central London
116101814,2024-01-01,violent-crime,On or near Nightclub,51.507766,-0.141284,False,Central London
116109473,2024-01-01,violent-crime,On or near Bloomsbury Place,51.519639,-0.122797,False,Central London
116131679,2024-01-01,violent-crime,On or near Newman Passage,51.517996,-0.135361,False,Central London
116149121,2024-01-01,violent-crime,On or near Parking Area,51.506136,-0.115773,False,Central London
116133785,2024-01-01,violent-crime,On or near Theatre/concert Hall,51.510152,-0.132382,False,Central London
116109575,2024-01-01,violent-crime,On or near Old Bond Street,51.508911,-0.140877,False,Central London
116109202,2024-01-01,violent-crime,On or near A401,51.511790,-0.132459,False,Central London
116142966,2024-01-01,violent-crime,On or near Further/higher Educational Building,51.518652,-0.117317,False,Central London
116105752,2024-01-01,violent-crime,On or near Nightclub,51.510272,-0.129192,False,Central London
116155737,2024-01-01,violent-crime,On or near Police Station,51.509786,-0.124658,False,Central London
116099863,2024-01-01,violent-crime,On or near Theatre/concert Hall,51.509944,-0.127807,False,Central London
116142730,2024-01-01,violent-crime,On or near Parking Area,51.517287,-0.130403,False,Central London
116110380,2024-01-01,violent-crime,On or near Corner House Street,51.507725,-0.125708,False,Central London
116103449,2024-01-01,violent-crime,On or near Moor Street,51.513498,-0.130169,False,Central London
116148976,2024-01-01,violent-crime,On or near Savoy Way,51.510042,-0.120439,False,Central London
116137006,2024-01-01,violent-crime,On or near Theatre/concert Hall,51.509158,-0.134930,False,Central London
116116471,2024-01-01,violent-crime,On or near Blenheim Street,51.513918,-0.146986,False,Central London
116148473,2024-01-01,violent-crime,On or near Alfred Place,51.519794,-0.132535,False,Central London
116155736,2024-01-01,violent-crime,On or near Police Station,51.509786,-0.124658,False,Central London
116154372,2024-01-01,violent-crime,On or near Nightclub,51.510840,-0.128984,False,Central London
116148666,2024-01-01,violent-crime,On or near Leicester Square,51.511584,-0.128000,False,Central London
116131787,2024-01-01,violent-crime,On or near William Iv Street,51.509491,-0.125924,False,Central London
116103378,2024-01-01,violent-crime,On or near Whitcomb Street,51.509807,-0.131055,False,Central London
116116473,2024-01-01,violent-crime,On or near Artillery Row,51.496949,-0.135630,False,Central London
116130870,2024-01-01,violent-crime,On or near Temple,51.511103,-0.113723,False,Central London
116149931,2024-01-01,violent-crime,On or near Buckingham Mews,51.499549,-0.141416,False,Central London
116151654,2024-01-01,violent-crime,On or near John Prince's Street,51.515753,-0.143092,False,Central London
116151371,2024-01-01,violent-crime,On or near Dufour's Place,51.513494,-0.137289,False,Central London
116119820,2024-01-01,violent-crime,On or near Francis Street,51.495129,-0.138240,False,Central London
116092610,2024-01-01,violent-crime,On or near Shopping Area,51.496466,-0.141499,False,Central London
116145082,2024-01-01,violent-crime,On or near Further/higher Educational Building,51.499985,-0.137667,False,Central London
116116344,2024-01-01,violent-crime,On or near William Iv Street,51.509491,-0.125924,False,Central London
116154510,2024-01-01,violent-crime,On or near Lisle Street,51.511534,-0.130495,False,Central London
116123129,2024-01-01,violent-crime,On or near Savoy Way,51.510042,-0.120439,False,Central London
116151104,2024-01-01,violent-crime,On or near Nightclub,51.508087,-0.124122,False,Central London
116144520,2024-01-01,violent-crime,On or near Great Windmill Street,51.510952,-0.134064,False,Central London
116116343,2024-01-01,violent-crime,On or near Blenheim Street,51.513918,-0.146986,False,Central London
116104029,2024-01-01,other-crime,On or near Baylis Road,51.500396,-0.111082,False,Central London
116206461,2024-01-01,other-crime,On or near Nightclub,51.508087,-0.124122,False,Central London
126017670,2024-01-01,other-crime,Waterloo (london) (station),51.503058,-0.113754,False,Central London
116135978,2024-01-01,other-crime,On or near Howick Place,51.496711,-0.137095,False,Central London
116120587,2024-01-01,other-crime,On or near Further/higher Educational Building,51.516178,-0.131904,False,Central London
116136244,2024-01-01,other-crime,On or near Little George Street,51.500963,-0.127931,False,Central London
116153279,2024-01-01,other-crime,On or near Nightclub,51.508450,-0.143266,False,Central London
126017774,2024-01-01,other-crime,Westminster (lu Station),51.501359,-0.124657,False,Central London
116155802,2024-01-01,other-crime,On or near Earnshaw Street,51.516037,-0.128682,False,Central London
116112396,2024-01-01,other-crime,On or near Police Station,51.509786,-0.124658,False,Central London
116130863,2024-01-01,other-crime,On or near Nightclub,51.510953,-0.133012,False,Central London
116103813,2024-01-01,other-crime,On or near Rennie Street,51.507159,-0.105571,False,Central London
116092106,2024-01-01,other-crime,On or near Page Street,51.493937,-0.129472,False,Central London
116159020,2024-01-01,other-crime,On or near Shopping Area,51.513237,-0.146004,False,Central London
116162411,2024-01-01,other-crime,On or near Nightclub,51.516623,-0.132976,False,Central London
116095782,2024-01-01,other-crime,On or near Conference/exhibition Centre,51.506334,-0.136010,False,Central London
